task,arm,row,k,op,start_layer,mean_delta_all,sem_all,n_all,mean_delta_test40,sem_test40,n_test40
landmark-country,pcasub_matched_k0_zero,cue1,0,zero,0,-2.5704517364501953,0.09011682823341764,170,-2.620018482208252,0.1906401580348329,40
landmark-country,pcasub_matched_k0_zero,cue1,0,zero,1,-2.8469197750091553,0.08610586830082337,170,-3.0414645671844482,0.21777085802397916,40
landmark-country,pcasub_matched_k0_zero,cue1,0,zero,2,-2.5021917819976807,0.08296423692750361,170,-2.741820812225342,0.18555784745522017,40
landmark-country,pcasub_matched_k0_zero,cue1,0,zero,3,-1.9126378297805786,0.07441787830250791,170,-2.0538668632507324,0.1596965659193919,40
landmark-country,pcasub_matched_k0_zero,cue1,0,zero,4,-1.787821650505066,0.08313120520908657,170,-1.8689613342285156,0.20111538599295706,40
landmark-country,pcasub_matched_k0_zero,cue1,0,zero,5,-1.1522138118743896,0.0536852534283015,170,-1.2939746379852295,0.11460188335895148,40
landmark-country,pcasub_matched_k0_zero,cue1,0,zero,6,-0.5738686919212341,0.046847627095131496,170,-0.5654476284980774,0.07989405689082803,40
landmark-country,pcasub_matched_k0_zero,cue1,0,zero,7,-1.0285671949386597,0.05160031678414342,170,-1.1004657745361328,0.11814193194392346,40
landmark-country,pcasub_matched_k0_zero,cue1,0,zero,8,-0.6204802393913269,0.032075562785955754,170,-0.5446118116378784,0.06372315992753975,40
landmark-country,pcasub_matched_k0_zero,cue1,0,zero,9,-0.37052491307258606,0.026524539429055364,170,-0.27480021119117737,0.035979725874163405,40
landmark-country,pcasub_matched_k0_zero,cue1,0,zero,10,-0.1985369324684143,0.017422480063264505,170,-0.1806744784116745,0.030704310940238094,40
landmark-country,pcasub_matched_k0_zero,cue1,0,zero,11,-0.035428643226623535,0.010498878139476534,170,0.0022229738533496857,0.017129736890673094,40
landmark-country,pcasub_matched_k0_zero,cue1,0,zero,12,-0.19019415974617004,0.01882163028541167,170,-0.1634427011013031,0.029925454355096942,40
landmark-country,pcasub_matched_k0_zero,cue1,0,zero,13,-0.09046443551778793,0.011863318351219879,170,-0.053470999002456665,0.015137047680412076,40
landmark-country,pcasub_matched_k0_zero,cue1,0,zero,14,0.02523265779018402,0.009708365109736074,170,0.008287864737212658,0.022858760926876782,40
landmark-country,pcasub_matched_k0_zero,cue1,0,zero,15,0.014134337194263935,0.006031705743413112,170,0.017571179196238518,0.0089083614152637,40
landmark-country,pcasub_matched_k0_zero,cue1,0,zero,16,0.012694179080426693,0.0036242326333456383,170,0.018940448760986328,0.006587239301361108,40
landmark-country,pcasub_matched_k0_zero,cue1,0,zero,17,0.022694189101457596,0.006180747586347721,170,-0.0006816439563408494,0.0061354667637995,40
landmark-country,pcasub_matched_k0_zero,cue1,0,zero,18,-0.004620217718183994,0.0029538471998665147,170,0.0044418079778552055,0.00675487324788578,40
landmark-country,pcasub_matched_k0_zero,cue1,0,zero,19,0.012425156310200691,0.002806621658141424,170,0.011794591322541237,0.003941791226564758,40
landmark-country,pcasub_matched_k0_zero,cue1,0,zero,20,0.04395591467618942,0.0043154208157257816,170,0.03004457987844944,0.007987932667580652,40
landmark-country,pcasub_matched_k0_zero,cue1,0,zero,21,0.028855212032794952,0.0037759904994511886,170,0.021055256947875023,0.007146209965627088,40
landmark-country,pcasub_matched_k0_zero,cue1,0,zero,22,0.040216587483882904,0.005627661153570042,170,0.030436675995588303,0.0069977421446056395,40
landmark-country,pcasub_matched_k0_zero,cue1,0,zero,23,-0.012386820279061794,0.0045388084357763595,170,-0.006067960523068905,0.005007751824508911,40
landmark-country,pcasub_matched_k0_zero,cue1,0,zero,24,0.03491126745939255,0.004617787395276086,170,0.02300438843667507,0.0056253400035019665,40
landmark-country,pcasub_matched_k0_zero,cue1,0,zero,25,-0.056869011372327805,0.010679683110531654,170,-0.040246300399303436,0.012549025238141265,40
landmark-country,pcasub_matched_k0_zero,cue1,0,zero,26,0.0006200901698321104,0.0017269265899020698,170,0.002225639531388879,0.004171780609462636,40
landmark-country,pcasub_matched_k0_zero,cue1,0,zero,27,0.0,0.0,170,0.0,0.0,40
landmark-country,pcasub_matched_k0_zero,target1,0,zero,0,-5.196383476257324,0.11942752400316353,170,-5.762293815612793,0.22805322666015834,40
landmark-country,pcasub_matched_k0_zero,target1,0,zero,1,-5.313353061676025,0.11639472098685187,170,-5.819670677185059,0.22549433479666645,40
landmark-country,pcasub_matched_k0_zero,target1,0,zero,2,-5.368885040283203,0.11580000962753498,170,-5.6391496658325195,0.21673286321753765,40
landmark-country,pcasub_matched_k0_zero,target1,0,zero,3,-4.752964019775391,0.09912657824027016,170,-4.961863040924072,0.2007015828700114,40
landmark-country,pcasub_matched_k0_zero,target1,0,zero,4,-4.7436347007751465,0.09970435688370206,170,-4.96105432510376,0.21778246878847468,40
landmark-country,pcasub_matched_k0_zero,target1,0,zero,5,-4.389756202697754,0.09523497018303367,170,-4.623385429382324,0.2118821270739507,40
landmark-country,pcasub_matched_k0_zero,target1,0,zero,6,-4.259616374969482,0.09549073465072624,170,-4.440210819244385,0.2093431959240964,40
landmark-country,pcasub_matched_k0_zero,target1,0,zero,7,-3.799180269241333,0.09133950380716682,170,-3.9185798168182373,0.2237249372215822,40
landmark-country,pcasub_matched_k0_zero,target1,0,zero,8,-3.390918731689453,0.0883671904497618,170,-3.5801315307617188,0.22980588663967114,40
landmark-country,pcasub_matched_k0_zero,target1,0,zero,9,-2.663931369781494,0.08155181802073005,170,-2.7912967205047607,0.2206320821318023,40
landmark-country,pcasub_matched_k0_zero,target1,0,zero,10,-2.3143374919891357,0.08882150289702152,170,-2.5080742835998535,0.24031511755096072,40
landmark-country,pcasub_matched_k0_zero,target1,0,zero,11,-2.0930888652801514,0.07713641120914642,170,-2.248398780822754,0.20758450437861192,40
landmark-country,pcasub_matched_k0_zero,target1,0,zero,12,-0.9454874992370605,0.059231504173057205,170,-1.0442166328430176,0.17514018325483838,40
landmark-country,pcasub_matched_k0_zero,target1,0,zero,13,-0.4783748984336853,0.050376836632101636,170,-0.5147644877433777,0.1552383245070912,40
landmark-country,pcasub_matched_k0_zero,target1,0,zero,14,-0.4473962187767029,0.04872883628696386,170,-0.49951109290122986,0.15032801722521194,40
landmark-country,pcasub_matched_k0_zero,target1,0,zero,15,-0.4166794419288635,0.040848348485503665,170,-0.4364662170410156,0.11194674089660189,40
landmark-country,pcasub_matched_k0_zero,target1,0,zero,16,-0.41792529821395874,0.03209544866989196,170,-0.443533331155777,0.08123932228624009,40
landmark-country,pcasub_matched_k0_zero,target1,0,zero,17,-0.2693287432193756,0.026556512273250718,170,-0.2996411621570587,0.08302146154443955,40
landmark-country,pcasub_matched_k0_zero,target1,0,zero,18,-0.13627395033836365,0.016559948133401992,170,-0.12369972467422485,0.030198067000534838,40
landmark-country,pcasub_matched_k0_zero,target1,0,zero,19,-0.12213350087404251,0.01591350718991243,170,-0.10102371871471405,0.038655231939908836,40
landmark-country,pcasub_matched_k0_zero,target1,0,zero,20,-0.1356891244649887,0.023125152713915624,170,-0.13899105787277222,0.05623587550857534,40
landmark-country,pcasub_matched_k0_zero,target1,0,zero,21,-0.10205007344484329,0.00975605123084171,170,-0.10529093444347382,0.023474965497621056,40
landmark-country,pcasub_matched_k0_zero,target1,0,zero,22,-0.012101821601390839,0.017075008527486148,170,-0.0357949398458004,0.03969729334122032,40
landmark-country,pcasub_matched_k0_zero,target1,0,zero,23,-0.05431166663765907,0.01611391118531364,170,-0.054369859397411346,0.0347314532429532,40
landmark-country,pcasub_matched_k0_zero,target1,0,zero,24,-0.0529547855257988,0.005929747159298143,170,-0.039256639778614044,0.00933359152842916,40
landmark-country,pcasub_matched_k0_zero,target1,0,zero,25,-0.029245443642139435,0.0035028795980584066,170,-0.029967546463012695,0.0070878675232934505,40
landmark-country,pcasub_matched_k0_zero,target1,0,zero,26,-0.0013006188673898578,0.000986802632898101,170,-0.0018973324913531542,0.0014513099262223478,40
landmark-country,pcasub_matched_k0_zero,target1,0,zero,27,0.0,0.0,170,0.0,0.0,40
landmark-country,pcasub_matched_k0_zero,final_cue,0,zero,0,-13.836250305175781,0.2990442883500248,170,-14.204504013061523,0.6529827605051477,40
landmark-country,pcasub_matched_k0_zero,final_cue,0,zero,1,-15.783041000366211,0.2214350502499539,170,-16.30801773071289,0.49513535962081573,40
landmark-country,pcasub_matched_k0_zero,final_cue,0,zero,2,-17.064266204833984,0.2621874527740661,170,-17.771305084228516,0.5043617706931439,40
landmark-country,pcasub_matched_k0_zero,final_cue,0,zero,3,-15.185759544372559,0.2796305638704809,170,-15.789871215820312,0.5459067447387358,40
landmark-country,pcasub_matched_k0_zero,final_cue,0,zero,4,-14.147528648376465,0.25076575076179286,170,-14.682027816772461,0.5203836832647704,40
landmark-country,pcasub_matched_k0_zero,final_cue,0,zero,5,-12.826327323913574,0.23404211551765738,170,-13.533468246459961,0.4432349407475688,40
landmark-country,pcasub_matched_k0_zero,final_cue,0,zero,6,-15.849225997924805,0.2570682685298437,170,-16.401464462280273,0.5609486409318237,40
landmark-country,pcasub_matched_k0_zero,final_cue,0,zero,7,-14.80272388458252,0.26421030888860264,170,-14.621713638305664,0.540238015157525,40
landmark-country,pcasub_matched_k0_zero,final_cue,0,zero,8,-17.093154907226562,0.28356036196781004,170,-18.25144386291504,0.515097807333613,40
landmark-country,pcasub_matched_k0_zero,final_cue,0,zero,9,-15.29659366607666,0.26512015893643126,170,-15.962348937988281,0.5529418501962597,40
landmark-country,pcasub_matched_k0_zero,final_cue,0,zero,10,-15.611469268798828,0.2674796579229361,170,-16.193180084228516,0.536267699159369,40
landmark-country,pcasub_matched_k0_zero,final_cue,0,zero,11,-16.713972091674805,0.2637528146999131,170,-17.206260681152344,0.5086750566113655,40
landmark-country,pcasub_matched_k0_zero,final_cue,0,zero,12,-14.96805477142334,0.20164246082395101,170,-15.24035358428955,0.3624744588292286,40
landmark-country,pcasub_matched_k0_zero,final_cue,0,zero,13,-14.023797988891602,0.24726318373782966,170,-14.215127944946289,0.48893253487281124,40
landmark-country,pcasub_matched_k0_zero,final_cue,0,zero,14,-16.1878719329834,0.22125374584606658,170,-16.38932228088379,0.4358458954593684,40
landmark-country,pcasub_matched_k0_zero,final_cue,0,zero,15,-14.182331085205078,0.22701999389623512,170,-13.992413520812988,0.528034800094441,40
landmark-country,pcasub_matched_k0_zero,final_cue,0,zero,16,-15.030550956726074,0.2571462211948736,170,-13.960779190063477,0.4790719046385592,40
landmark-country,pcasub_matched_k0_zero,final_cue,0,zero,17,-11.433363914489746,0.18347897786761272,170,-11.079766273498535,0.3679089374670137,40
landmark-country,pcasub_matched_k0_zero,final_cue,0,zero,18,-8.512392044067383,0.19624679422100186,170,-7.719853401184082,0.4106645975922742,40
landmark-country,pcasub_matched_k0_zero,final_cue,0,zero,19,-8.024738311767578,0.18269987179233016,170,-7.244716644287109,0.3690614943296301,40
landmark-country,pcasub_matched_k0_zero,final_cue,0,zero,20,-7.293844223022461,0.15552019305986348,170,-6.834039211273193,0.29237460012806743,40
landmark-country,pcasub_matched_k0_zero,final_cue,0,zero,21,-7.947816371917725,0.16491732008579324,170,-6.962436676025391,0.36944694909250875,40
landmark-country,pcasub_matched_k0_zero,final_cue,0,zero,22,-9.240793228149414,0.17992361953613337,170,-8.44135570526123,0.3748251833776078,40
landmark-country,pcasub_matched_k0_zero,final_cue,0,zero,23,-6.436300754547119,0.17575535540440237,170,-5.870716094970703,0.3605054918150558,40
landmark-country,pcasub_matched_k0_zero,final_cue,0,zero,24,-8.513609886169434,0.1753966414869987,170,-7.623857021331787,0.3878100516933362,40
landmark-country,pcasub_matched_k0_zero,final_cue,0,zero,25,-8.453146934509277,0.17105669131915094,170,-7.76055383682251,0.3234408026705268,40
landmark-country,pcasub_matched_k0_zero,final_cue,0,zero,26,-6.9843878746032715,0.15293188297846788,170,-6.32947301864624,0.2814513964560392,40
landmark-country,pcasub_matched_k0_zero,final_cue,0,zero,27,-2.9175608158111572,0.2204430966445404,170,-2.234663486480713,0.4397501658101343,40
landmark-country,pcasub_matched_k0_mean,cue1,0,mean,0,-0.0018817400559782982,0.0028034470596297123,170,-0.006410285830497742,0.00622553206243564,40
landmark-country,pcasub_matched_k0_mean,cue1,0,mean,1,-0.0007497436599805951,0.0026845791884010594,170,-0.004532285965979099,0.006272422186684544,40
landmark-country,pcasub_matched_k0_mean,cue1,0,mean,2,-0.0007698473054915667,0.0025551712272527728,170,-0.004806232638657093,0.005604826199976942,40
landmark-country,pcasub_matched_k0_mean,cue1,0,mean,3,-0.005804173648357391,0.0023366146484167824,170,-0.009474271908402443,0.004633649835315632,40
landmark-country,pcasub_matched_k0_mean,cue1,0,mean,4,-0.004084273241460323,0.0019310140452990486,170,-0.007722088135778904,0.0037955219231203944,40
landmark-country,pcasub_matched_k0_mean,cue1,0,mean,5,-0.0036218867171555758,0.0016307203405757148,170,-0.005672321189194918,0.0032868491589753144,40
landmark-country,pcasub_matched_k0_mean,cue1,0,mean,6,-0.0056948536075651646,0.0012140435001072225,170,-0.005668447352945805,0.00273957879026224,40
landmark-country,pcasub_matched_k0_mean,cue1,0,mean,7,-0.0003648108977358788,0.0008799080781019411,170,-0.0014418596401810646,0.0020760859176717113,40
landmark-country,pcasub_matched_k0_mean,cue1,0,mean,8,-0.003033617977052927,0.0007179720537358976,170,-0.0033403944689780474,0.0018450762046806242,40
landmark-country,pcasub_matched_k0_mean,cue1,0,mean,9,-0.003665477503091097,0.0006841318364667469,170,-0.003341947216540575,0.001526422654743792,40
landmark-country,pcasub_matched_k0_mean,cue1,0,mean,10,-0.0018724669935181737,0.0004860019318948364,170,-0.0021926944609731436,0.001189634059014035,40
landmark-country,pcasub_matched_k0_mean,cue1,0,mean,11,-0.0001219156474689953,0.0003968257425433417,170,-0.001196078723296523,0.0009901202823263675,40
landmark-country,pcasub_matched_k0_mean,cue1,0,mean,12,-7.762233872199431e-05,0.00037370286670599344,170,-0.000837886705994606,0.0009322705553184443,40
landmark-country,pcasub_matched_k0_mean,cue1,0,mean,13,0.00026861639344133437,0.0003624328777023002,170,-0.0016037579625844955,0.0009015382099658603,40
landmark-country,pcasub_matched_k0_mean,cue1,0,mean,14,-0.00010735782416304573,0.0002979525061786679,170,-0.0015612529823556542,0.000672047064457271,40
landmark-country,pcasub_matched_k0_mean,cue1,0,mean,15,-4.6329507313203067e-05,0.00031696606124428575,170,-0.0013687217142432928,0.0006359504392951187,40
landmark-country,pcasub_matched_k0_mean,cue1,0,mean,16,-7.858872413635254e-05,0.0003057763586398178,170,-0.0010040223132818937,0.0007213024726031564,40
landmark-country,pcasub_matched_k0_mean,cue1,0,mean,17,1.9194667402189225e-05,0.0002762736426604801,170,-0.0008488433668389916,0.0006356269199972715,40
landmark-country,pcasub_matched_k0_mean,cue1,0,mean,18,4.78206311527174e-05,0.0002842661037029209,170,-0.001088694087229669,0.0007128993643957636,40
landmark-country,pcasub_matched_k0_mean,cue1,0,mean,19,0.00011440458183642477,0.0003057707514491245,170,-0.0008124852320179343,0.0007606018210099718,40
landmark-country,pcasub_matched_k0_mean,cue1,0,mean,20,0.00010315990948583931,0.00028141579367206516,170,-0.0008503405260853469,0.0007623836804836169,40
landmark-country,pcasub_matched_k0_mean,cue1,0,mean,21,0.0002642590261530131,0.0002739140153871666,170,-0.0005710560944862664,0.0006065720303030511,40
landmark-country,pcasub_matched_k0_mean,cue1,0,mean,22,-6.243862299015746e-05,0.00024354736346598853,170,-0.0008274359861388803,0.0006060918684685245,40
landmark-country,pcasub_matched_k0_mean,cue1,0,mean,23,5.153939127922058e-05,0.0002175885170058312,170,-0.0004372527764644474,0.00044161260323543255,40
landmark-country,pcasub_matched_k0_mean,cue1,0,mean,24,-0.00011186130723217502,0.0002235901039208659,170,-0.0004578007501550019,0.0005473064093813255,40
landmark-country,pcasub_matched_k0_mean,cue1,0,mean,25,0.00013672331988345832,0.00022130024509990395,170,-0.0002906959562096745,0.0004176250535855966,40
landmark-country,pcasub_matched_k0_mean,cue1,0,mean,26,-0.00014219428703654557,0.00013388673150043753,170,-0.0005474546924233437,0.00033256929739511375,40
landmark-country,pcasub_matched_k0_mean,cue1,0,mean,27,0.0,0.0,170,0.0,0.0,40
landmark-country,pcasub_matched_k0_mean,target1,0,mean,0,-0.8234017491340637,0.053963052369688895,170,-0.8411052823066711,0.11028428110133144,40
landmark-country,pcasub_matched_k0_mean,target1,0,mean,1,-0.7961514592170715,0.05221384430398478,170,-0.8451275825500488,0.11154623549175946,40
landmark-country,pcasub_matched_k0_mean,target1,0,mean,2,-0.6826479434967041,0.04582647552633855,170,-0.7395398020744324,0.10515439654511695,40
landmark-country,pcasub_matched_k0_mean,target1,0,mean,3,-0.7149443030357361,0.04530425849977115,170,-0.7450109720230103,0.10383170240048958,40
landmark-country,pcasub_matched_k0_mean,target1,0,mean,4,-0.6294663548469543,0.03977816792700594,170,-0.6611838340759277,0.09580927671500829,40
landmark-country,pcasub_matched_k0_mean,target1,0,mean,5,-0.6362025737762451,0.0388410262177752,170,-0.7025642991065979,0.09689371457943186,40
landmark-country,pcasub_matched_k0_mean,target1,0,mean,6,-0.4269009232521057,0.026438271264512814,170,-0.41813889145851135,0.05297684135195338,40
landmark-country,pcasub_matched_k0_mean,target1,0,mean,7,-0.40036240220069885,0.02472109547208248,170,-0.40994659066200256,0.054188017496357196,40
landmark-country,pcasub_matched_k0_mean,target1,0,mean,8,-0.3216094970703125,0.02101442156398512,170,-0.34322062134742737,0.05011814767454181,40
landmark-country,pcasub_matched_k0_mean,target1,0,mean,9,-0.25171583890914917,0.01704243682103892,170,-0.2515004575252533,0.042641616406786306,40
landmark-country,pcasub_matched_k0_mean,target1,0,mean,10,-0.23540829122066498,0.017138134780314663,170,-0.24528475105762482,0.04520792521155901,40
landmark-country,pcasub_matched_k0_mean,target1,0,mean,11,-0.23781661689281464,0.014667658847043106,170,-0.24107925593852997,0.036665071982019154,40
landmark-country,pcasub_matched_k0_mean,target1,0,mean,12,-0.10924414545297623,0.011048493114067073,170,-0.12574365735054016,0.035982546102471265,40
landmark-country,pcasub_matched_k0_mean,target1,0,mean,13,-0.07099665701389313,0.009930274431460705,170,-0.07802210003137589,0.033752713860022696,40
landmark-country,pcasub_matched_k0_mean,target1,0,mean,14,-0.07310326397418976,0.008437022835087158,170,-0.07170436531305313,0.02743113794478952,40
landmark-country,pcasub_matched_k0_mean,target1,0,mean,15,-0.08978977799415588,0.0073893796117171315,170,-0.08881531655788422,0.01938420666646776,40
landmark-country,pcasub_matched_k0_mean,target1,0,mean,16,-0.06787941604852676,0.005371374395707423,170,-0.06691358238458633,0.013635729651965125,40
landmark-country,pcasub_matched_k0_mean,target1,0,mean,17,-0.03925618529319763,0.0046638663598136025,170,-0.03742505609989166,0.013067705748540456,40
landmark-country,pcasub_matched_k0_mean,target1,0,mean,18,-0.04123549908399582,0.004679124775700513,170,-0.03281129151582718,0.0083108105225231,40
landmark-country,pcasub_matched_k0_mean,target1,0,mean,19,-0.033486995846033096,0.004453864568245943,170,-0.02581799402832985,0.009800586112807812,40
landmark-country,pcasub_matched_k0_mean,target1,0,mean,20,-0.02198055386543274,0.0037313192612089836,170,-0.019378986209630966,0.007992074068005162,40
landmark-country,pcasub_matched_k0_mean,target1,0,mean,21,-0.012903108261525631,0.00191817279289059,170,-0.01312582939863205,0.005100207366769381,40
landmark-country,pcasub_matched_k0_mean,target1,0,mean,22,-0.0077081285417079926,0.0021609562926970466,170,-0.006930875591933727,0.005537077695436076,40
landmark-country,pcasub_matched_k0_mean,target1,0,mean,23,-0.008270454593002796,0.0016400745632356188,170,-0.006427062209695578,0.0040961557279516995,40
landmark-country,pcasub_matched_k0_mean,target1,0,mean,24,-0.006753147579729557,0.0005650697135808941,170,-0.005738653242588043,0.001159107576191442,40
landmark-country,pcasub_matched_k0_mean,target1,0,mean,25,-0.0013649602187797427,0.0002735811554046138,170,-0.0012292927131056786,0.00048373210632259283,40
landmark-country,pcasub_matched_k0_mean,target1,0,mean,26,-0.00024376648070756346,0.00015506257287009901,170,-0.00039793195901438594,0.00035870121158526527,40
landmark-country,pcasub_matched_k0_mean,target1,0,mean,27,0.0,0.0,170,0.0,0.0,40
landmark-country,pcasub_matched_k0_mean,final_cue,0,mean,0,-0.7717879414558411,0.036736898552751786,170,-0.6584225296974182,0.07219648757885354,40
landmark-country,pcasub_matched_k0_mean,final_cue,0,mean,1,-0.77210932970047,0.03679082358422568,170,-0.6609292030334473,0.0722929125276651,40
landmark-country,pcasub_matched_k0_mean,final_cue,0,mean,2,-0.7721316814422607,0.03667444544852318,170,-0.6613643765449524,0.07226683542915935,40
landmark-country,pcasub_matched_k0_mean,final_cue,0,mean,3,-0.7733386158943176,0.0365514455420433,170,-0.6626836061477661,0.0722474967207626,40
landmark-country,pcasub_matched_k0_mean,final_cue,0,mean,4,-0.7756685018539429,0.03663735027491391,170,-0.6629183888435364,0.07172404161331589,40
landmark-country,pcasub_matched_k0_mean,final_cue,0,mean,5,-0.7757556438446045,0.03704004628182338,170,-0.664286732673645,0.07341449164442373,40
landmark-country,pcasub_matched_k0_mean,final_cue,0,mean,6,-0.7767319679260254,0.03707155055059265,170,-0.6658493280410767,0.07380870160228321,40
landmark-country,pcasub_matched_k0_mean,final_cue,0,mean,7,-0.78009033203125,0.0371032513924675,170,-0.669394850730896,0.07378580992455626,40
landmark-country,pcasub_matched_k0_mean,final_cue,0,mean,8,-0.7647042870521545,0.03673387452695321,170,-0.6490659713745117,0.07185167520387006,40
landmark-country,pcasub_matched_k0_mean,final_cue,0,mean,9,-0.7688677906990051,0.037007220858925924,170,-0.662156343460083,0.07369930878663249,40
landmark-country,pcasub_matched_k0_mean,final_cue,0,mean,10,-0.7670577764511108,0.03688821870083736,170,-0.660542368888855,0.07338841454591799,40
landmark-country,pcasub_matched_k0_mean,final_cue,0,mean,11,-0.7742857336997986,0.03715641298885695,170,-0.6649931073188782,0.07323213572915917,40
landmark-country,pcasub_matched_k0_mean,final_cue,0,mean,12,-0.7725517749786377,0.03737458856444253,170,-0.6658114194869995,0.07551102156673692,40
landmark-country,pcasub_matched_k0_mean,final_cue,0,mean,13,-0.7808481454849243,0.03721521577622968,170,-0.6762735247612,0.07607380908134437,40
landmark-country,pcasub_matched_k0_mean,final_cue,0,mean,14,-0.7486603856086731,0.03628449926467074,170,-0.6383493542671204,0.07360240319740756,40
landmark-country,pcasub_matched_k0_mean,final_cue,0,mean,15,-0.7577987909317017,0.03630055883024957,170,-0.6551902890205383,0.07384305325535638,40
landmark-country,pcasub_matched_k0_mean,final_cue,0,mean,16,-0.7551165223121643,0.035898649115762404,170,-0.6560823321342468,0.07384823663236331,40
landmark-country,pcasub_matched_k0_mean,final_cue,0,mean,17,-0.6441159248352051,0.031428103548064634,170,-0.5587139129638672,0.06422088663638845,40
landmark-country,pcasub_matched_k0_mean,final_cue,0,mean,18,-0.6036398410797119,0.031043707125844044,170,-0.5233932733535767,0.06292786968120619,40
landmark-country,pcasub_matched_k0_mean,final_cue,0,mean,19,-0.5704363584518433,0.028525285640682164,170,-0.493025541305542,0.05827595374312217,40
landmark-country,pcasub_matched_k0_mean,final_cue,0,mean,20,-0.5529778599739075,0.026703135238406537,170,-0.4842761158943176,0.05652873159730574,40
landmark-country,pcasub_matched_k0_mean,final_cue,0,mean,21,-0.54137122631073,0.025940100157371717,170,-0.4649084210395813,0.05507509592516159,40
landmark-country,pcasub_matched_k0_mean,final_cue,0,mean,22,-0.5182909965515137,0.02453057041810337,170,-0.449443519115448,0.05047101313252967,40
landmark-country,pcasub_matched_k0_mean,final_cue,0,mean,23,-0.4046648442745209,0.02152844652066432,170,-0.3312724530696869,0.04180936397023244,40
landmark-country,pcasub_matched_k0_mean,final_cue,0,mean,24,-0.3947467505931854,0.02079044251031747,170,-0.32729578018188477,0.03970599670243104,40
landmark-country,pcasub_matched_k0_mean,final_cue,0,mean,25,-0.37234556674957275,0.023829810154061867,170,-0.28479713201522827,0.04633511179980696,40
landmark-country,pcasub_matched_k0_mean,final_cue,0,mean,26,-0.22885558009147644,0.0209939276748619,170,-0.16347932815551758,0.03737775333534507,40
landmark-country,pcasub_matched_k0_mean,final_cue,0,mean,27,-0.0019338467391207814,0.022649630942857726,170,0.029381155967712402,0.04735072384190037,40
landmark-country,pcasub_matched_k2_zero,cue1,2,zero,0,-2.605821371078491,0.08512851596283336,170,-2.6970067024230957,0.1903399745358791,40
landmark-country,pcasub_matched_k2_zero,cue1,2,zero,1,-2.6975951194763184,0.08847553423120731,170,-2.8232786655426025,0.2154736230317969,40
landmark-country,pcasub_matched_k2_zero,cue1,2,zero,2,-2.4406371116638184,0.08252367545469907,170,-2.647411823272705,0.18667270703051345,40
landmark-country,pcasub_matched_k2_zero,cue1,2,zero,3,-1.9619626998901367,0.07565326712757355,170,-2.115063428878784,0.1730500194619219,40
landmark-country,pcasub_matched_k2_zero,cue1,2,zero,4,-1.6593986749649048,0.07989844620119571,170,-1.6448593139648438,0.16925940643243512,40
landmark-country,pcasub_matched_k2_zero,cue1,2,zero,5,-1.0234143733978271,0.054622536853026954,170,-1.1136938333511353,0.14753097274905638,40
landmark-country,pcasub_matched_k2_zero,cue1,2,zero,6,-0.5842167139053345,0.047496450916092725,170,-0.5498676896095276,0.08059260647356868,40
landmark-country,pcasub_matched_k2_zero,cue1,2,zero,7,-0.8883420825004578,0.05449396432757737,170,-0.9341400861740112,0.11278133056496978,40
landmark-country,pcasub_matched_k2_zero,cue1,2,zero,8,-0.5588290691375732,0.030462273594088686,170,-0.4458691477775574,0.05154754870309812,40
landmark-country,pcasub_matched_k2_zero,cue1,2,zero,9,-0.335059255361557,0.025726089188743816,170,-0.2525325119495392,0.031047980616199573,40
landmark-country,pcasub_matched_k2_zero,cue1,2,zero,10,-0.24105139076709747,0.01908689654845169,170,-0.19699592888355255,0.033212448118510346,40
landmark-country,pcasub_matched_k2_zero,cue1,2,zero,11,-0.02225465327501297,0.01000786252195179,170,0.008619467727839947,0.01833469062658814,40
landmark-country,pcasub_matched_k2_zero,cue1,2,zero,12,-0.21440187096595764,0.020702478331305882,170,-0.18101933598518372,0.033293763523346724,40
landmark-country,pcasub_matched_k2_zero,cue1,2,zero,13,-0.09554439783096313,0.01309920660911771,170,-0.05626118183135986,0.015795563922055843,40
landmark-country,pcasub_matched_k2_zero,cue1,2,zero,14,0.016691112890839577,0.01005259547500621,170,-0.00036813021870329976,0.02664334003431142,40
landmark-country,pcasub_matched_k2_zero,cue1,2,zero,15,0.016765648499131203,0.006774400650921807,170,0.01677865907549858,0.009681718319596482,40
landmark-country,pcasub_matched_k2_zero,cue1,2,zero,16,0.0208633653819561,0.0036769079398721646,170,0.022198986262083054,0.006493945583477814,40
landmark-country,pcasub_matched_k2_zero,cue1,2,zero,17,0.025470683351159096,0.006652201894133841,170,-0.0022477684542536736,0.00612132910301311,40
landmark-country,pcasub_matched_k2_zero,cue1,2,zero,18,-0.0033380568493157625,0.002626436120942247,170,0.003863752353936434,0.005525016330553028,40
landmark-country,pcasub_matched_k2_zero,cue1,2,zero,19,0.011962874792516232,0.0028651501574598623,170,0.011825919151306152,0.003950885697131455,40
landmark-country,pcasub_matched_k2_zero,cue1,2,zero,20,0.047227274626493454,0.004488317719315583,170,0.035065509378910065,0.007409122627820662,40
landmark-country,pcasub_matched_k2_zero,cue1,2,zero,21,0.028639988973736763,0.0037204008823478046,170,0.022094884887337685,0.006280183704732301,40
landmark-country,pcasub_matched_k2_zero,cue1,2,zero,22,0.03942905738949776,0.005744468435790823,170,0.02965369261801243,0.006330820585929053,40
landmark-country,pcasub_matched_k2_zero,cue1,2,zero,23,-0.013817050494253635,0.004530302363209338,170,-0.006851696874946356,0.005303848112888756,40
landmark-country,pcasub_matched_k2_zero,cue1,2,zero,24,0.03692227974534035,0.0048477419284931825,170,0.024555077776312828,0.0059768407018847055,40
landmark-country,pcasub_matched_k2_zero,cue1,2,zero,25,-0.06379285454750061,0.011254163440110699,170,-0.04565562307834625,0.012191480604364428,40
landmark-country,pcasub_matched_k2_zero,cue1,2,zero,26,-0.001993435900658369,0.0019828126300603702,170,0.0016536081675440073,0.00497588112415769,40
landmark-country,pcasub_matched_k2_zero,cue1,2,zero,27,0.0,0.0,170,0.0,0.0,40
landmark-country,pcasub_matched_k2_zero,target1,2,zero,0,-5.408427715301514,0.11769326463641834,170,-5.860047340393066,0.2195062903431853,40
landmark-country,pcasub_matched_k2_zero,target1,2,zero,1,-5.164031028747559,0.11803881272721597,170,-5.637991428375244,0.22663026715557336,40
landmark-country,pcasub_matched_k2_zero,target1,2,zero,2,-5.325532913208008,0.11476346592742864,170,-5.583022117614746,0.20856966643687008,40
landmark-country,pcasub_matched_k2_zero,target1,2,zero,3,-4.741848468780518,0.09838218788972587,170,-4.952686309814453,0.19946808993151233,40
landmark-country,pcasub_matched_k2_zero,target1,2,zero,4,-4.733707427978516,0.09986716512979492,170,-4.943860054016113,0.21541549381474467,40
landmark-country,pcasub_matched_k2_zero,target1,2,zero,5,-4.396988391876221,0.0946817311775258,170,-4.6228251457214355,0.21112912375967183,40
landmark-country,pcasub_matched_k2_zero,target1,2,zero,6,-4.26629114151001,0.09625840291414482,170,-4.443509101867676,0.211377718520924,40
landmark-country,pcasub_matched_k2_zero,target1,2,zero,7,-3.8013923168182373,0.09155209533511376,170,-3.9175305366516113,0.22464388399465737,40
landmark-country,pcasub_matched_k2_zero,target1,2,zero,8,-3.4062607288360596,0.08840944909599312,170,-3.589336395263672,0.23275662295624297,40
landmark-country,pcasub_matched_k2_zero,target1,2,zero,9,-2.7341742515563965,0.08308856255957923,170,-2.8685355186462402,0.22696835527693057,40
landmark-country,pcasub_matched_k2_zero,target1,2,zero,10,-2.35430908203125,0.09040169466367064,170,-2.5574371814727783,0.24578218549363665,40
landmark-country,pcasub_matched_k2_zero,target1,2,zero,11,-2.109574556350708,0.07770596121094955,170,-2.2570502758026123,0.2096384976243419,40
landmark-country,pcasub_matched_k2_zero,target1,2,zero,12,-0.9650844931602478,0.06007564851748009,170,-1.071349859237671,0.17767336556837593,40
landmark-country,pcasub_matched_k2_zero,target1,2,zero,13,-0.49642863869667053,0.05100310026059731,170,-0.5351964235305786,0.15620432691906744,40
landmark-country,pcasub_matched_k2_zero,target1,2,zero,14,-0.4451048970222473,0.04898848193062467,170,-0.5003789067268372,0.15196672772946884,40
landmark-country,pcasub_matched_k2_zero,target1,2,zero,15,-0.4120188057422638,0.04131425417452483,170,-0.4367445111274719,0.11419946481677741,40
landmark-country,pcasub_matched_k2_zero,target1,2,zero,16,-0.4222245216369629,0.03269469949650739,170,-0.45383262634277344,0.08327422185594092,40
landmark-country,pcasub_matched_k2_zero,target1,2,zero,17,-0.2624157667160034,0.026902435224389218,170,-0.2943578064441681,0.0853403724768326,40
landmark-country,pcasub_matched_k2_zero,target1,2,zero,18,-0.1357736885547638,0.016441662552855264,170,-0.12298254668712616,0.029960908653824316,40
landmark-country,pcasub_matched_k2_zero,target1,2,zero,19,-0.12980148196220398,0.016424509263659952,170,-0.10594813525676727,0.03939196180646643,40
landmark-country,pcasub_matched_k2_zero,target1,2,zero,20,-0.1387535184621811,0.025078860809965055,170,-0.14553050696849823,0.06377183654979571,40
landmark-country,pcasub_matched_k2_zero,target1,2,zero,21,-0.10060884803533554,0.009855125218919038,170,-0.10560927540063858,0.024100299880138894,40
landmark-country,pcasub_matched_k2_zero,target1,2,zero,22,-0.02333013340830803,0.018176297922808206,170,-0.04893003776669502,0.04312790670109335,40
landmark-country,pcasub_matched_k2_zero,target1,2,zero,23,-0.06346365064382553,0.01809989384241815,170,-0.0637093111872673,0.039598408644410915,40
landmark-country,pcasub_matched_k2_zero,target1,2,zero,24,-0.049001291394233704,0.006424389093474011,170,-0.03535214066505432,0.01072938542533693,40
landmark-country,pcasub_matched_k2_zero,target1,2,zero,25,-0.034006670117378235,0.003894207507984343,170,-0.035505492240190506,0.008371369447547313,40
landmark-country,pcasub_matched_k2_zero,target1,2,zero,26,-0.0014965004520490766,0.001154356776622026,170,-0.0008871086174622178,0.0017834685293426798,40
landmark-country,pcasub_matched_k2_zero,target1,2,zero,27,0.0,0.0,170,0.0,0.0,40
landmark-country,pcasub_matched_k2_zero,final_cue,2,zero,0,-14.669106483459473,0.29302150782561165,170,-15.08191204071045,0.6450799765853081,40
landmark-country,pcasub_matched_k2_zero,final_cue,2,zero,1,-15.739093780517578,0.23920763615718488,170,-16.355300903320312,0.537624499924702,40
landmark-country,pcasub_matched_k2_zero,final_cue,2,zero,2,-17.068500518798828,0.26281431069334604,170,-17.913110733032227,0.5350061217418142,40
landmark-country,pcasub_matched_k2_zero,final_cue,2,zero,3,-15.106781005859375,0.26851504047027924,170,-15.822263717651367,0.5338378074130967,40
landmark-country,pcasub_matched_k2_zero,final_cue,2,zero,4,-14.296573638916016,0.2557064831978925,170,-14.747167587280273,0.5038049817593818,40
landmark-country,pcasub_matched_k2_zero,final_cue,2,zero,5,-12.856985092163086,0.2240883848860871,170,-13.296676635742188,0.38388632954231156,40
landmark-country,pcasub_matched_k2_zero,final_cue,2,zero,6,-16.127031326293945,0.25870840137929085,170,-16.764265060424805,0.5757870094706542,40
landmark-country,pcasub_matched_k2_zero,final_cue,2,zero,7,-15.72913932800293,0.2599016275589442,170,-15.589320182800293,0.52911380954949,40
landmark-country,pcasub_matched_k2_zero,final_cue,2,zero,8,-17.475147247314453,0.28198084677836155,170,-18.438751220703125,0.5289178967472719,40
landmark-country,pcasub_matched_k2_zero,final_cue,2,zero,9,-15.415754318237305,0.27597282295126935,170,-16.172109603881836,0.5255570327932685,40
landmark-country,pcasub_matched_k2_zero,final_cue,2,zero,10,-15.124129295349121,0.2574282807440377,170,-15.677660942077637,0.4732520089351827,40
landmark-country,pcasub_matched_k2_zero,final_cue,2,zero,11,-16.461336135864258,0.27130142309861455,170,-17.175884246826172,0.4995055684428951,40
landmark-country,pcasub_matched_k2_zero,final_cue,2,zero,12,-14.255184173583984,0.1985473578475744,170,-14.579174995422363,0.32238754046271945,40
landmark-country,pcasub_matched_k2_zero,final_cue,2,zero,13,-14.71034049987793,0.24529035776439603,170,-14.568288803100586,0.46239862063927695,40
landmark-country,pcasub_matched_k2_zero,final_cue,2,zero,14,-16.36867904663086,0.23168726114220523,170,-16.543720245361328,0.5102149907985141,40
landmark-country,pcasub_matched_k2_zero,final_cue,2,zero,15,-14.583078384399414,0.23075128058573766,170,-14.347376823425293,0.5227217067218363,40
landmark-country,pcasub_matched_k2_zero,final_cue,2,zero,16,-15.694580078125,0.2810518514243433,170,-14.525364875793457,0.4769849451150652,40
landmark-country,pcasub_matched_k2_zero,final_cue,2,zero,17,-11.512409210205078,0.19910105399983943,170,-11.026130676269531,0.384511991420013,40
landmark-country,pcasub_matched_k2_zero,final_cue,2,zero,18,-8.770516395568848,0.20421464276775422,170,-7.9538092613220215,0.4390396096413813,40
landmark-country,pcasub_matched_k2_zero,final_cue,2,zero,19,-8.412946701049805,0.19210976235571964,170,-7.490024566650391,0.4094072799681869,40
landmark-country,pcasub_matched_k2_zero,final_cue,2,zero,20,-7.469747543334961,0.16483016962800937,170,-6.918963432312012,0.31945454071983315,40
landmark-country,pcasub_matched_k2_zero,final_cue,2,zero,21,-8.194474220275879,0.17806369052584653,170,-7.077140808105469,0.404446995507639,40
landmark-country,pcasub_matched_k2_zero,final_cue,2,zero,22,-9.72851276397705,0.19623150723344263,170,-8.825648307800293,0.4218581285116963,40
landmark-country,pcasub_matched_k2_zero,final_cue,2,zero,23,-6.782532691955566,0.19111835732641472,170,-6.134774684906006,0.3992428095981107,40
landmark-country,pcasub_matched_k2_zero,final_cue,2,zero,24,-9.187475204467773,0.19688685453862845,170,-8.156759262084961,0.4470851908856008,40
landmark-country,pcasub_matched_k2_zero,final_cue,2,zero,25,-8.812361717224121,0.1865643893327377,170,-8.012743949890137,0.36111234274638304,40
landmark-country,pcasub_matched_k2_zero,final_cue,2,zero,26,-7.173921585083008,0.16022904237486432,170,-6.471575736999512,0.29490674576620357,40
landmark-country,pcasub_matched_k2_zero,final_cue,2,zero,27,-3.233588695526123,0.23702148722099287,170,-2.501150131225586,0.4858254490570668,40
landmark-country,pcasub_matched_k2_mean,cue1,2,mean,0,0.006054642144590616,0.005009416450628298,170,0.0005788683774881065,0.009477526839670122,40
landmark-country,pcasub_matched_k2_mean,cue1,2,mean,1,0.015381354838609695,0.004799054084555933,170,0.009234381839632988,0.009240875050258,40
landmark-country,pcasub_matched_k2_mean,cue1,2,mean,2,0.014025228098034859,0.004738861856758177,170,0.00719611719250679,0.008639514964437425,40
landmark-country,pcasub_matched_k2_mean,cue1,2,mean,3,0.008364906534552574,0.00458741027897992,170,0.0016814169939607382,0.007668968851298547,40
landmark-country,pcasub_matched_k2_mean,cue1,2,mean,4,0.00976086501032114,0.004016174262793054,170,0.005685065872967243,0.00743548540108191,40
landmark-country,pcasub_matched_k2_mean,cue1,2,mean,5,0.004408407025039196,0.003531476984885627,170,0.0023191221989691257,0.0066170325277687585,40
landmark-country,pcasub_matched_k2_mean,cue1,2,mean,6,-0.0035846822429448366,0.003367800159954177,170,-0.004858764819800854,0.005781258339950757,40
landmark-country,pcasub_matched_k2_mean,cue1,2,mean,7,-1.5150097851801547e-06,0.0029454008420946465,170,-0.0019604661501944065,0.004202823736553092,40
landmark-country,pcasub_matched_k2_mean,cue1,2,mean,8,0.0035229066852480173,0.002221767954350746,170,-0.0015326827997341752,0.003957601704476111,40
landmark-country,pcasub_matched_k2_mean,cue1,2,mean,9,0.006173266563564539,0.0023992004680633244,170,0.00401728879660368,0.005244069639516153,40
landmark-country,pcasub_matched_k2_mean,cue1,2,mean,10,-0.0002699067408684641,0.0014864806814666484,170,-0.0019330676877871156,0.0029408513810115756,40
landmark-country,pcasub_matched_k2_mean,cue1,2,mean,11,8.356641046702862e-05,0.0010405990204173671,170,-0.0017288990784436464,0.0017567460120465474,40
landmark-country,pcasub_matched_k2_mean,cue1,2,mean,12,0.0025222215335816145,0.0009458174261021744,170,0.0005405513802543283,0.0019106445985229803,40
landmark-country,pcasub_matched_k2_mean,cue1,2,mean,13,0.0005037930677644908,0.00041202708651478885,170,-0.0015652204165235162,0.0011194795545607782,40
landmark-country,pcasub_matched_k2_mean,cue1,2,mean,14,4.034454468637705e-05,0.0003561378239979268,170,-0.002158699557185173,0.0008916974509141885,40
landmark-country,pcasub_matched_k2_mean,cue1,2,mean,15,0.00013675961236003786,0.00034038001099341575,170,-0.0013896875316277146,0.0007080219833382806,40
landmark-country,pcasub_matched_k2_mean,cue1,2,mean,16,0.00039439406828023493,0.0003250177013630238,170,-0.0009703552350401878,0.0007504022014535875,40
landmark-country,pcasub_matched_k2_mean,cue1,2,mean,17,0.00012160780897829682,0.0003063280419177677,170,-0.0008523123105987906,0.0006757164388875859,40
landmark-country,pcasub_matched_k2_mean,cue1,2,mean,18,-0.00015343895938713104,0.0002964057251256238,170,-0.0008167823543772101,0.0007832199725212876,40
landmark-country,pcasub_matched_k2_mean,cue1,2,mean,19,-4.683171937358566e-06,0.0002835048829230786,170,-0.0007290962967090309,0.0007433123135913016,40
landmark-country,pcasub_matched_k2_mean,cue1,2,mean,20,-3.773561184061691e-05,0.0003052932473754409,170,-0.000540593289770186,0.0008745122000557712,40
landmark-country,pcasub_matched_k2_mean,cue1,2,mean,21,0.0001271288638236001,0.00027513675796148735,170,8.898787200450897e-06,0.0006672558275915224,40
landmark-country,pcasub_matched_k2_mean,cue1,2,mean,22,0.00019656502990983427,0.00021078949471628578,170,-0.00013746228069067,0.0005173009884774542,40
landmark-country,pcasub_matched_k2_mean,cue1,2,mean,23,9.897263953462243e-05,0.00021916031612945238,170,-0.00013747885532211512,0.0004694593022336992,40
landmark-country,pcasub_matched_k2_mean,cue1,2,mean,24,-1.7662872778601013e-05,0.00021966789188825503,170,-0.00034772008075378835,0.00046534775776623807,40
landmark-country,pcasub_matched_k2_mean,cue1,2,mean,25,1.666401294642128e-05,0.00019808242202397022,170,-0.0003069104568567127,0.00044007375137274427,40
landmark-country,pcasub_matched_k2_mean,cue1,2,mean,26,-0.00022072967840358615,0.00012772912539722877,170,-0.0002579823194537312,0.00031820674136628485,40
landmark-country,pcasub_matched_k2_mean,cue1,2,mean,27,0.0,0.0,170,0.0,0.0,40
landmark-country,pcasub_matched_k2_mean,target1,2,mean,0,-0.8019129037857056,0.055405802963799634,170,-0.8398796916007996,0.11784143744234922,40
landmark-country,pcasub_matched_k2_mean,target1,2,mean,1,-0.7808764576911926,0.053388537754103065,170,-0.8374883532524109,0.11847775822804128,40
landmark-country,pcasub_matched_k2_mean,target1,2,mean,2,-0.6684592962265015,0.04709053202454532,170,-0.740714430809021,0.11312905034323804,40
landmark-country,pcasub_matched_k2_mean,target1,2,mean,3,-0.7218188047409058,0.04767730274469045,170,-0.7497768402099609,0.10967630867570634,40
landmark-country,pcasub_matched_k2_mean,target1,2,mean,4,-0.6336434483528137,0.04047129841167054,170,-0.6595848798751831,0.09697312391517796,40
landmark-country,pcasub_matched_k2_mean,target1,2,mean,5,-0.6679882407188416,0.04056187289866548,170,-0.7334989309310913,0.10027969435111433,40
landmark-country,pcasub_matched_k2_mean,target1,2,mean,6,-0.430900901556015,0.02786312913454854,170,-0.4211905002593994,0.054246396457937926,40
landmark-country,pcasub_matched_k2_mean,target1,2,mean,7,-0.40225282311439514,0.026216845375483872,170,-0.40694671869277954,0.05601089809783109,40
landmark-country,pcasub_matched_k2_mean,target1,2,mean,8,-0.32449108362197876,0.02217644976319646,170,-0.34336012601852417,0.05230742234799164,40
landmark-country,pcasub_matched_k2_mean,target1,2,mean,9,-0.2563697099685669,0.018054234024313602,170,-0.2547203004360199,0.044860101765750615,40
landmark-country,pcasub_matched_k2_mean,target1,2,mean,10,-0.23861324787139893,0.018143577643664904,170,-0.24685469269752502,0.04806833411554379,40
landmark-country,pcasub_matched_k2_mean,target1,2,mean,11,-0.23427285254001617,0.01557509401712708,170,-0.2387404441833496,0.03983149568409055,40
landmark-country,pcasub_matched_k2_mean,target1,2,mean,12,-0.1046748235821724,0.011447997093744711,170,-0.12114851176738739,0.03761946834166077,40
landmark-country,pcasub_matched_k2_mean,target1,2,mean,13,-0.06887200474739075,0.010236634759368196,170,-0.07794640958309174,0.035077898381693846,40
landmark-country,pcasub_matched_k2_mean,target1,2,mean,14,-0.0741831511259079,0.008727111595607196,170,-0.07398073375225067,0.02859793260161176,40
landmark-country,pcasub_matched_k2_mean,target1,2,mean,15,-0.09004397690296173,0.0075067817561556595,170,-0.08964750915765762,0.019644811547853025,40
landmark-country,pcasub_matched_k2_mean,target1,2,mean,16,-0.06815895438194275,0.005522644257649712,170,-0.06768479198217392,0.013989959280537988,40
landmark-country,pcasub_matched_k2_mean,target1,2,mean,17,-0.03934308886528015,0.004748847941951485,170,-0.03672102838754654,0.013133038681592072,40
landmark-country,pcasub_matched_k2_mean,target1,2,mean,18,-0.040677402168512344,0.004666444381807228,170,-0.032454438507556915,0.008423910630773995,40
landmark-country,pcasub_matched_k2_mean,target1,2,mean,19,-0.03275921195745468,0.004327826635848051,170,-0.025852907449007034,0.009204323407057456,40
landmark-country,pcasub_matched_k2_mean,target1,2,mean,20,-0.02244570665061474,0.003556002622690221,170,-0.01980459690093994,0.007454083122174715,40
landmark-country,pcasub_matched_k2_mean,target1,2,mean,21,-0.01386650837957859,0.0017966230416394207,170,-0.014324667863547802,0.004442478055998486,40
landmark-country,pcasub_matched_k2_mean,target1,2,mean,22,-0.008068650960922241,0.0019464326054093248,170,-0.007853302173316479,0.00479327899848529,40
landmark-country,pcasub_matched_k2_mean,target1,2,mean,23,-0.007440454792231321,0.0014908251471015901,170,-0.00604675430804491,0.0036084765242148415,40
landmark-country,pcasub_matched_k2_mean,target1,2,mean,24,-0.005024284590035677,0.0005359314649966157,170,-0.004021811299026012,0.0012602798062427208,40
landmark-country,pcasub_matched_k2_mean,target1,2,mean,25,-0.0012767085572704673,0.0003151210097894938,170,-0.0009821641724556684,0.0005478205134999458,40
landmark-country,pcasub_matched_k2_mean,target1,2,mean,26,-0.0005040903342887759,0.00014642269559013394,170,-0.0009438745910301805,0.00038489291131703075,40
landmark-country,pcasub_matched_k2_mean,target1,2,mean,27,0.0,0.0,170,0.0,0.0,40
landmark-country,pcasub_matched_k2_mean,final_cue,2,mean,0,-0.7720615267753601,0.03651047604966715,170,-0.6808779835700989,0.07298823428017873,40
landmark-country,pcasub_matched_k2_mean,final_cue,2,mean,1,-0.7731321454048157,0.036486272414609625,170,-0.6804373860359192,0.07251841298827096,40
landmark-country,pcasub_matched_k2_mean,final_cue,2,mean,2,-0.7739209532737732,0.036376806337875295,170,-0.6821032762527466,0.07254786870615304,40
landmark-country,pcasub_matched_k2_mean,final_cue,2,mean,3,-0.7710443735122681,0.03612144873079659,170,-0.6775445342063904,0.07214452658043956,40
landmark-country,pcasub_matched_k2_mean,final_cue,2,mean,4,-0.7750760316848755,0.036240686319465094,170,-0.6800957918167114,0.07179877177327301,40
landmark-country,pcasub_matched_k2_mean,final_cue,2,mean,5,-0.7730023264884949,0.03656353021656867,170,-0.6773921251296997,0.07281868601828217,40
landmark-country,pcasub_matched_k2_mean,final_cue,2,mean,6,-0.772265613079071,0.03666894368730083,170,-0.6774415969848633,0.0737684597480658,40
landmark-country,pcasub_matched_k2_mean,final_cue,2,mean,7,-0.7740355730056763,0.03668208894230279,170,-0.6780874133110046,0.0738277434445423,40
landmark-country,pcasub_matched_k2_mean,final_cue,2,mean,8,-0.7420787811279297,0.03603450170331967,170,-0.6478144526481628,0.07105398175546966,40
landmark-country,pcasub_matched_k2_mean,final_cue,2,mean,9,-0.738716185092926,0.03630599659092591,170,-0.6530706286430359,0.07381043096533915,40
landmark-country,pcasub_matched_k2_mean,final_cue,2,mean,10,-0.7329145669937134,0.03608595585657115,170,-0.6446144580841064,0.07329047699345258,40
landmark-country,pcasub_matched_k2_mean,final_cue,2,mean,11,-0.7452347874641418,0.03668914271676568,170,-0.6546286344528198,0.07396694067798283,40
landmark-country,pcasub_matched_k2_mean,final_cue,2,mean,12,-0.7656925916671753,0.0375498106307259,170,-0.672034502029419,0.07581614812249099,40
landmark-country,pcasub_matched_k2_mean,final_cue,2,mean,13,-0.7602104544639587,0.03725792014054923,170,-0.6738055944442749,0.07614433128160404,40
landmark-country,pcasub_matched_k2_mean,final_cue,2,mean,14,-0.7279691696166992,0.03637561547057291,170,-0.6327791213989258,0.07357667008664863,40
landmark-country,pcasub_matched_k2_mean,final_cue,2,mean,15,-0.7443110346794128,0.03648858100573325,170,-0.6551098823547363,0.07376976030447845,40
landmark-country,pcasub_matched_k2_mean,final_cue,2,mean,16,-0.747046172618866,0.03626736768994639,170,-0.6560155749320984,0.07374345702224876,40
landmark-country,pcasub_matched_k2_mean,final_cue,2,mean,17,-0.6349740624427795,0.032151328003752686,170,-0.5547778010368347,0.06404283292403963,40
landmark-country,pcasub_matched_k2_mean,final_cue,2,mean,18,-0.5964570641517639,0.03190932593918424,170,-0.5196911096572876,0.0632443101353181,40
landmark-country,pcasub_matched_k2_mean,final_cue,2,mean,19,-0.5629189610481262,0.029469686840416513,170,-0.4881499707698822,0.059204602855522113,40
landmark-country,pcasub_matched_k2_mean,final_cue,2,mean,20,-0.5446563959121704,0.027663813148429355,170,-0.47934475541114807,0.05762102934613616,40
landmark-country,pcasub_matched_k2_mean,final_cue,2,mean,21,-0.5342524647712708,0.026754799679166306,170,-0.4592846930027008,0.05550429838997872,40
landmark-country,pcasub_matched_k2_mean,final_cue,2,mean,22,-0.5147725939750671,0.02575565286952897,170,-0.4480448365211487,0.05264074176250247,40
landmark-country,pcasub_matched_k2_mean,final_cue,2,mean,23,-0.4021850526332855,0.022848878356963337,170,-0.33308669924736023,0.043671746616660026,40
landmark-country,pcasub_matched_k2_mean,final_cue,2,mean,24,-0.39234691858291626,0.021915290963769467,170,-0.3290055990219116,0.041311660822188324,40
landmark-country,pcasub_matched_k2_mean,final_cue,2,mean,25,-0.373797744512558,0.025178363373127215,170,-0.2894691824913025,0.048533518641110815,40
landmark-country,pcasub_matched_k2_mean,final_cue,2,mean,26,-0.23505589365959167,0.022736470540846716,170,-0.1705842912197113,0.040924759425908626,40
landmark-country,pcasub_matched_k2_mean,final_cue,2,mean,27,-0.009387308731675148,0.022777236602915932,170,0.019729839637875557,0.048568525284551224,40
landmark-country,pcasub_matched_k3_zero,cue1,3,zero,0,-2.7276651859283447,0.10276814530721363,170,-2.8779659271240234,0.2437044995028241,40
landmark-country,pcasub_matched_k3_zero,cue1,3,zero,1,-2.525580883026123,0.09582861181893884,170,-2.6260344982147217,0.22748556205900347,40
landmark-country,pcasub_matched_k3_zero,cue1,3,zero,2,-2.410358428955078,0.08197134159977036,170,-2.612983226776123,0.1873571012818643,40
landmark-country,pcasub_matched_k3_zero,cue1,3,zero,3,-1.790568232536316,0.0733359536438189,170,-1.9495975971221924,0.17081713373920016,40
landmark-country,pcasub_matched_k3_zero,cue1,3,zero,4,-1.6941108703613281,0.08402154423331988,170,-1.6993032693862915,0.1811648129256666,40
landmark-country,pcasub_matched_k3_zero,cue1,3,zero,5,-0.875794529914856,0.054529905205624826,170,-0.9876807332038879,0.15330578249679444,40
landmark-country,pcasub_matched_k3_zero,cue1,3,zero,6,-0.6482208371162415,0.04818620765768953,170,-0.5961983799934387,0.08507379610952731,40
landmark-country,pcasub_matched_k3_zero,cue1,3,zero,7,-0.8836895823478699,0.054381803370709615,170,-0.9257625341415405,0.11278658933655135,40
landmark-country,pcasub_matched_k3_zero,cue1,3,zero,8,-0.5616004467010498,0.030459853002009554,170,-0.44780486822128296,0.05149186980972191,40
landmark-country,pcasub_matched_k3_zero,cue1,3,zero,9,-0.3341171443462372,0.025432582684780602,170,-0.2544245719909668,0.031134281487284435,40
landmark-country,pcasub_matched_k3_zero,cue1,3,zero,10,-0.25012046098709106,0.01933481866352528,170,-0.20228108763694763,0.03274565674607117,40
landmark-country,pcasub_matched_k3_zero,cue1,3,zero,11,-0.020232640206813812,0.009806079086210869,170,0.011878995224833488,0.01825209587006323,40
landmark-country,pcasub_matched_k3_zero,cue1,3,zero,12,-0.2155507653951645,0.020891844518255608,170,-0.18233594298362732,0.033718350426547236,40
landmark-country,pcasub_matched_k3_zero,cue1,3,zero,13,-0.09577184915542603,0.01307446125515296,170,-0.05790751054883003,0.015978458201704997,40
landmark-country,pcasub_matched_k3_zero,cue1,3,zero,14,0.019703643396496773,0.010133968740646532,170,0.0025603175163269043,0.026871071703110712,40
landmark-country,pcasub_matched_k3_zero,cue1,3,zero,15,0.014589711092412472,0.006688765063204471,170,0.016622120514512062,0.00932671766369384,40
landmark-country,pcasub_matched_k3_zero,cue1,3,zero,16,0.026989364996552467,0.003647532832124336,170,0.02852756716310978,0.006447682176630656,40
landmark-country,pcasub_matched_k3_zero,cue1,3,zero,17,0.03196308761835098,0.007150577574448765,170,0.0024743496906012297,0.006751586515647298,40
landmark-country,pcasub_matched_k3_zero,cue1,3,zero,18,-0.0018978666048496962,0.002697883873334583,170,0.0075956908985972404,0.0059030947945387805,40
landmark-country,pcasub_matched_k3_zero,cue1,3,zero,19,0.010458439588546753,0.0027402813778933926,170,0.011645247228443623,0.004061520461693432,40
landmark-country,pcasub_matched_k3_zero,cue1,3,zero,20,0.04886681213974953,0.00454912738095222,170,0.03397468850016594,0.007337722198570372,40
landmark-country,pcasub_matched_k3_zero,cue1,3,zero,21,0.02593768946826458,0.0034866314594422573,170,0.01794700138270855,0.005928492752852604,40
landmark-country,pcasub_matched_k3_zero,cue1,3,zero,22,0.0361231230199337,0.005632505766328982,170,0.026286844164133072,0.006559367458566707,40
landmark-country,pcasub_matched_k3_zero,cue1,3,zero,23,-0.008414394222199917,0.004159942060733721,170,-0.00011109318438684568,0.006309539289194935,40
landmark-country,pcasub_matched_k3_zero,cue1,3,zero,24,0.03153820335865021,0.005037443546875969,170,0.020076274871826172,0.006911162077986544,40
landmark-country,pcasub_matched_k3_zero,cue1,3,zero,25,-0.058618005365133286,0.01179539320030814,170,-0.04103783890604973,0.013841869021409884,40
landmark-country,pcasub_matched_k3_zero,cue1,3,zero,26,-0.0016296333633363247,0.0017214166857531085,170,0.0021713695023208857,0.004253281555635058,40
landmark-country,pcasub_matched_k3_zero,cue1,3,zero,27,0.0,0.0,170,0.0,0.0,40
landmark-country,pcasub_matched_k3_zero,target1,3,zero,0,-5.4218292236328125,0.1178904503186492,170,-5.87511682510376,0.2193335990699582,40
landmark-country,pcasub_matched_k3_zero,target1,3,zero,1,-5.152373790740967,0.11805907347149305,170,-5.618717670440674,0.22683886509497572,40
landmark-country,pcasub_matched_k3_zero,target1,3,zero,2,-5.353326797485352,0.11464732322230607,170,-5.615802764892578,0.20937808476351394,40
landmark-country,pcasub_matched_k3_zero,target1,3,zero,3,-4.74587345123291,0.09906648172757468,170,-4.9464263916015625,0.19680639756549034,40
landmark-country,pcasub_matched_k3_zero,target1,3,zero,4,-4.74172830581665,0.10059406504541049,170,-4.936404228210449,0.21617011811237846,40
landmark-country,pcasub_matched_k3_zero,target1,3,zero,5,-4.37851619720459,0.0948997901806883,170,-4.602003574371338,0.21224754572861715,40
landmark-country,pcasub_matched_k3_zero,target1,3,zero,6,-4.253886699676514,0.09647585848358789,170,-4.428799629211426,0.2118354201349574,40
landmark-country,pcasub_matched_k3_zero,target1,3,zero,7,-3.7893214225769043,0.09165918653444467,170,-3.9031479358673096,0.2255789275094195,40
landmark-country,pcasub_matched_k3_zero,target1,3,zero,8,-3.3959522247314453,0.08848307715270036,170,-3.578763961791992,0.23214771752275662,40
landmark-country,pcasub_matched_k3_zero,target1,3,zero,9,-2.720701217651367,0.08292977720494933,170,-2.8498756885528564,0.22563042200390285,40
landmark-country,pcasub_matched_k3_zero,target1,3,zero,10,-2.3480234146118164,0.0907606188685826,170,-2.5535244941711426,0.24667977675344327,40
landmark-country,pcasub_matched_k3_zero,target1,3,zero,11,-2.1064188480377197,0.07749943144900248,170,-2.251046657562256,0.2087139905013866,40
landmark-country,pcasub_matched_k3_zero,target1,3,zero,12,-0.9540696144104004,0.06035883721913433,170,-1.061924934387207,0.17765157653630317,40
landmark-country,pcasub_matched_k3_zero,target1,3,zero,13,-0.4990779161453247,0.05261559401710693,170,-0.5422314405441284,0.1627508943815276,40
landmark-country,pcasub_matched_k3_zero,target1,3,zero,14,-0.4485686719417572,0.0494653637132851,170,-0.5032272934913635,0.15173967696792182,40
landmark-country,pcasub_matched_k3_zero,target1,3,zero,15,-0.40874776244163513,0.04299368793068452,170,-0.42944416403770447,0.11635013275584746,40
landmark-country,pcasub_matched_k3_zero,target1,3,zero,16,-0.4200124442577362,0.03309008572676997,170,-0.45225057005882263,0.08607614813080482,40
landmark-country,pcasub_matched_k3_zero,target1,3,zero,17,-0.25731009244918823,0.02696137972725667,170,-0.2912418842315674,0.08535023974178942,40
landmark-country,pcasub_matched_k3_zero,target1,3,zero,18,-0.14858804643154144,0.01592952561228311,170,-0.13273897767066956,0.026364910226223476,40
landmark-country,pcasub_matched_k3_zero,target1,3,zero,19,-0.13677945733070374,0.016413966316573086,170,-0.10895927250385284,0.039718187062719144,40
landmark-country,pcasub_matched_k3_zero,target1,3,zero,20,-0.13754963874816895,0.02517945138240924,170,-0.14486166834831238,0.06398533513655007,40
landmark-country,pcasub_matched_k3_zero,target1,3,zero,21,-0.10327084362506866,0.010033693599464783,170,-0.10487774759531021,0.02421346006844146,40
landmark-country,pcasub_matched_k3_zero,target1,3,zero,22,-0.022697309032082558,0.01819533237090921,170,-0.048309218138456345,0.04323771418690462,40
landmark-country,pcasub_matched_k3_zero,target1,3,zero,23,-0.06059977412223816,0.01781786743639397,170,-0.059694815427064896,0.03903783113327279,40
landmark-country,pcasub_matched_k3_zero,target1,3,zero,24,-0.046939462423324585,0.006508629240715135,170,-0.03455636277794838,0.010645263928675437,40
landmark-country,pcasub_matched_k3_zero,target1,3,zero,25,-0.04309159889817238,0.004978031040015884,170,-0.05001736804842949,0.012062292000708172,40
landmark-country,pcasub_matched_k3_zero,target1,3,zero,26,-0.0002593144017737359,0.00132695674910722,170,-0.0003832539659924805,0.0021441470446383073,40
landmark-country,pcasub_matched_k3_zero,target1,3,zero,27,0.0,0.0,170,0.0,0.0,40
landmark-country,pcasub_matched_k3_zero,final_cue,3,zero,0,-14.220553398132324,0.3079173423335531,170,-14.468424797058105,0.6651476751243114,40
landmark-country,pcasub_matched_k3_zero,final_cue,3,zero,1,-15.70882797241211,0.24186519482935417,170,-16.16975212097168,0.539086325332517,40
landmark-country,pcasub_matched_k3_zero,final_cue,3,zero,2,-16.8748722076416,0.25913488273197505,170,-17.633581161499023,0.5033788139261942,40
landmark-country,pcasub_matched_k3_zero,final_cue,3,zero,3,-15.224204063415527,0.2545668163323074,170,-15.961021423339844,0.5031024551128286,40
landmark-country,pcasub_matched_k3_zero,final_cue,3,zero,4,-13.557381629943848,0.26130839613179935,170,-13.956306457519531,0.5131595636086085,40
landmark-country,pcasub_matched_k3_zero,final_cue,3,zero,5,-12.440838813781738,0.23067076789886767,170,-13.065126419067383,0.4566003631788239,40
landmark-country,pcasub_matched_k3_zero,final_cue,3,zero,6,-15.723275184631348,0.24873228884249032,170,-16.401119232177734,0.5585669263187504,40
landmark-country,pcasub_matched_k3_zero,final_cue,3,zero,7,-15.133331298828125,0.25930762934856844,170,-15.048922538757324,0.5354715701483925,40
landmark-country,pcasub_matched_k3_zero,final_cue,3,zero,8,-17.45012092590332,0.2791578558377133,170,-18.265178680419922,0.5401890840785796,40
landmark-country,pcasub_matched_k3_zero,final_cue,3,zero,9,-15.225275993347168,0.26766317491712804,170,-16.210298538208008,0.4965285382684155,40
landmark-country,pcasub_matched_k3_zero,final_cue,3,zero,10,-14.93289566040039,0.24980404198583264,170,-14.885992050170898,0.45542699741360515,40
landmark-country,pcasub_matched_k3_zero,final_cue,3,zero,11,-15.816071510314941,0.2666428416410304,170,-16.48699951171875,0.5247897799043815,40
landmark-country,pcasub_matched_k3_zero,final_cue,3,zero,12,-14.201464653015137,0.21077318100568165,170,-14.457406997680664,0.3563493658876843,40
landmark-country,pcasub_matched_k3_zero,final_cue,3,zero,13,-14.872566223144531,0.24470003501394783,170,-14.497037887573242,0.4567358095321758,40
landmark-country,pcasub_matched_k3_zero,final_cue,3,zero,14,-15.648537635803223,0.21486663764207195,170,-16.00054359436035,0.4408339628206734,40
landmark-country,pcasub_matched_k3_zero,final_cue,3,zero,15,-13.986515998840332,0.2205286928033499,170,-14.138150215148926,0.47693005786472276,40
landmark-country,pcasub_matched_k3_zero,final_cue,3,zero,16,-14.582392692565918,0.260771998412825,170,-13.47461223602295,0.44543910113735036,40
landmark-country,pcasub_matched_k3_zero,final_cue,3,zero,17,-11.430584907531738,0.20015878188067227,170,-10.981971740722656,0.3942319730752626,40
landmark-country,pcasub_matched_k3_zero,final_cue,3,zero,18,-8.797154426574707,0.20371083046962984,170,-8.00709342956543,0.434110086167289,40
landmark-country,pcasub_matched_k3_zero,final_cue,3,zero,19,-8.386429786682129,0.1921210630235565,170,-7.502587795257568,0.41195818000676626,40
landmark-country,pcasub_matched_k3_zero,final_cue,3,zero,20,-7.508684158325195,0.16627142535222422,170,-6.993408203125,0.32968177707330226,40
landmark-country,pcasub_matched_k3_zero,final_cue,3,zero,21,-8.07004165649414,0.17834437863473915,170,-7.023886680603027,0.41469259044003454,40
landmark-country,pcasub_matched_k3_zero,final_cue,3,zero,22,-9.72294807434082,0.19627645390260604,170,-8.869290351867676,0.428656721188555,40
landmark-country,pcasub_matched_k3_zero,final_cue,3,zero,23,-6.796215057373047,0.19164499039065624,170,-6.187531471252441,0.4047059758715487,40
landmark-country,pcasub_matched_k3_zero,final_cue,3,zero,24,-8.917618751525879,0.1925784474970243,170,-7.959364891052246,0.4458491345315637,40
landmark-country,pcasub_matched_k3_zero,final_cue,3,zero,25,-8.640517234802246,0.18572678675840967,170,-7.877027988433838,0.3660907972994207,40
landmark-country,pcasub_matched_k3_zero,final_cue,3,zero,26,-7.101361274719238,0.15748901442770444,170,-6.425680637359619,0.2904606711533864,40
landmark-country,pcasub_matched_k3_zero,final_cue,3,zero,27,-3.243933916091919,0.23672048351021233,170,-2.5141968727111816,0.4865691411413769,40
landmark-country,pcasub_matched_k3_mean,cue1,3,mean,0,0.010626153089106083,0.006092927408564634,170,0.0006071493262425065,0.012149675490763342,40
landmark-country,pcasub_matched_k3_mean,cue1,3,mean,1,0.015199895016849041,0.006074039818859367,170,0.005041053052991629,0.013047389266753764,40
landmark-country,pcasub_matched_k3_mean,cue1,3,mean,2,0.014673168770968914,0.005578200160179755,170,0.0035837695468217134,0.01056635643806682,40
landmark-country,pcasub_matched_k3_mean,cue1,3,mean,3,0.009580896236002445,0.005383492784806132,170,0.0004013270081486553,0.00974595037405424,40
landmark-country,pcasub_matched_k3_mean,cue1,3,mean,4,0.013869970105588436,0.004702693548199038,170,0.005552873946726322,0.008607859256427968,40
landmark-country,pcasub_matched_k3_mean,cue1,3,mean,5,0.004859112668782473,0.003858916349765494,170,-0.0005799547070637345,0.007544959501508416,40
landmark-country,pcasub_matched_k3_mean,cue1,3,mean,6,-0.0007669261540286243,0.0036058421907387756,170,-0.004377810284495354,0.006107272137982395,40
landmark-country,pcasub_matched_k3_mean,cue1,3,mean,7,0.0007560596568509936,0.0031198977593344876,170,-0.0021543349139392376,0.0047398448607651415,40
landmark-country,pcasub_matched_k3_mean,cue1,3,mean,8,0.004579221364110708,0.0023722869527444085,170,-0.0009067628416232765,0.004351012951060419,40
landmark-country,pcasub_matched_k3_mean,cue1,3,mean,9,0.006979065015912056,0.0026203117829799983,170,0.003500292543321848,0.005636171494386098,40
landmark-country,pcasub_matched_k3_mean,cue1,3,mean,10,0.0007491540163755417,0.0016423938687363678,170,-0.001462680520489812,0.00315523202538729,40
landmark-country,pcasub_matched_k3_mean,cue1,3,mean,11,0.0014545092126354575,0.0011849888236644863,170,-0.0004286471812520176,0.0018979335444537233,40
landmark-country,pcasub_matched_k3_mean,cue1,3,mean,12,0.0033448569010943174,0.001042165033777343,170,0.0007126981508918107,0.0018646394769959974,40
landmark-country,pcasub_matched_k3_mean,cue1,3,mean,13,0.00028105839737690985,0.0004142679270604232,170,-0.0012345509603619576,0.001046349173234426,40
landmark-country,pcasub_matched_k3_mean,cue1,3,mean,14,2.544588096498046e-05,0.00037642260419433704,170,-0.0019297549733892083,0.001006181461923922,40
landmark-country,pcasub_matched_k3_mean,cue1,3,mean,15,-2.2433434423874132e-05,0.000362861524216313,170,-0.0015189193654805422,0.0007971703985388058,40
landmark-country,pcasub_matched_k3_mean,cue1,3,mean,16,1.50240957736969e-05,0.00034873168938612655,170,-0.001084089046344161,0.0008720297011560195,40
landmark-country,pcasub_matched_k3_mean,cue1,3,mean,17,0.0002654412528499961,0.0003075760525647984,170,-0.0009712288156151772,0.0006716170797737419,40
landmark-country,pcasub_matched_k3_mean,cue1,3,mean,18,-0.00028177862986922264,0.00030372601971939125,170,-0.001652356470003724,0.0006972463021099901,40
landmark-country,pcasub_matched_k3_mean,cue1,3,mean,19,3.3100255677709356e-05,0.0002957166478183948,170,-0.001213888288475573,0.0007604016277985821,40
landmark-country,pcasub_matched_k3_mean,cue1,3,mean,20,3.003618257935159e-05,0.0002843434793630283,170,-0.0008696637814864516,0.000740546716899055,40
landmark-country,pcasub_matched_k3_mean,cue1,3,mean,21,-4.8130968934856355e-05,0.000264632204059304,170,-0.000242709182202816,0.0006645062080698796,40
landmark-country,pcasub_matched_k3_mean,cue1,3,mean,22,-3.990035838796757e-05,0.0002504346365084189,170,-0.0007502606022171676,0.0005966661845287354,40
landmark-country,pcasub_matched_k3_mean,cue1,3,mean,23,-0.00017240179295185953,0.00024309685962264934,170,-0.0007592748734168708,0.000512655681345054,40
landmark-country,pcasub_matched_k3_mean,cue1,3,mean,24,7.505780376959592e-05,0.00021655729392254468,170,-0.000136534683406353,0.0004814153797712941,40
landmark-country,pcasub_matched_k3_mean,cue1,3,mean,25,-1.997448089241516e-05,0.0002108968884896266,170,-0.00026453175814822316,0.00044488829134676973,40
landmark-country,pcasub_matched_k3_mean,cue1,3,mean,26,-9.670989675214514e-05,0.00013976854060790934,170,-0.00021237414330244064,0.0003049638757612178,40
landmark-country,pcasub_matched_k3_mean,cue1,3,mean,27,0.0,0.0,170,0.0,0.0,40
landmark-country,pcasub_matched_k3_mean,target1,3,mean,0,-0.8080059885978699,0.05516344661049439,170,-0.85576993227005,0.11744007442422019,40
landmark-country,pcasub_matched_k3_mean,target1,3,mean,1,-0.7977871894836426,0.053378027950156094,170,-0.8624488115310669,0.11818990174204211,40
landmark-country,pcasub_matched_k3_mean,target1,3,mean,2,-0.6861900091171265,0.04696244407465831,170,-0.7689784169197083,0.11110522435168838,40
landmark-country,pcasub_matched_k3_mean,target1,3,mean,3,-0.7407011985778809,0.047935334660298506,170,-0.7736817598342896,0.10788898604049997,40
landmark-country,pcasub_matched_k3_mean,target1,3,mean,4,-0.6573651432991028,0.04104388843940875,170,-0.6855875849723816,0.09763382542144623,40
landmark-country,pcasub_matched_k3_mean,target1,3,mean,5,-0.6861435174942017,0.04103117061662472,170,-0.7556851506233215,0.10220505502817608,40
landmark-country,pcasub_matched_k3_mean,target1,3,mean,6,-0.45303094387054443,0.028558159063989116,170,-0.4490297734737396,0.05656981221616608,40
landmark-country,pcasub_matched_k3_mean,target1,3,mean,7,-0.4233556389808655,0.02690695869155126,170,-0.4276393949985504,0.058051433411986715,40
landmark-country,pcasub_matched_k3_mean,target1,3,mean,8,-0.34427347779273987,0.0229154343533374,170,-0.36418163776397705,0.05497393996679097,40
landmark-country,pcasub_matched_k3_mean,target1,3,mean,9,-0.27455246448516846,0.019097663497449558,170,-0.27402931451797485,0.04818314591624719,40
landmark-country,pcasub_matched_k3_mean,target1,3,mean,10,-0.25922632217407227,0.01930896472867443,170,-0.26765939593315125,0.051435239059840786,40
landmark-country,pcasub_matched_k3_mean,target1,3,mean,11,-0.24368508160114288,0.016328257013941156,170,-0.24465744197368622,0.04159529992416823,40
landmark-country,pcasub_matched_k3_mean,target1,3,mean,12,-0.10609173774719238,0.012928679440030306,170,-0.12111985683441162,0.041028794514598545,40
landmark-country,pcasub_matched_k3_mean,target1,3,mean,13,-0.07277411222457886,0.011409683624027627,170,-0.08195684105157852,0.037570402966129304,40
landmark-country,pcasub_matched_k3_mean,target1,3,mean,14,-0.07852616906166077,0.009415635755260025,170,-0.07614018023014069,0.02990223518218637,40
landmark-country,pcasub_matched_k3_mean,target1,3,mean,15,-0.09641098976135254,0.008410263178223697,170,-0.0954192727804184,0.021837013651271536,40
landmark-country,pcasub_matched_k3_mean,target1,3,mean,16,-0.07129677385091782,0.005897347454318293,170,-0.0695023387670517,0.014801793923845478,40
landmark-country,pcasub_matched_k3_mean,target1,3,mean,17,-0.04050084203481674,0.004865795225366644,170,-0.03733832761645317,0.012754531999983134,40
landmark-country,pcasub_matched_k3_mean,target1,3,mean,18,-0.04774581640958786,0.0049482730718589385,170,-0.0369560681283474,0.008712324918821531,40
landmark-country,pcasub_matched_k3_mean,target1,3,mean,19,-0.03817318007349968,0.004554214852925899,170,-0.029185134917497635,0.009487453595658498,40
landmark-country,pcasub_matched_k3_mean,target1,3,mean,20,-0.025291897356510162,0.003714168829180902,170,-0.022583365440368652,0.007769283688945769,40
landmark-country,pcasub_matched_k3_mean,target1,3,mean,21,-0.016297921538352966,0.001865231769811468,170,-0.015965979546308517,0.0045737255794647096,40
landmark-country,pcasub_matched_k3_mean,target1,3,mean,22,-0.00846243929117918,0.0019307064712465007,170,-0.008403095416724682,0.004660780985316145,40
landmark-country,pcasub_matched_k3_mean,target1,3,mean,23,-0.007440345361828804,0.0015160260763815174,170,-0.006143116392195225,0.003791288635558033,40
landmark-country,pcasub_matched_k3_mean,target1,3,mean,24,-0.004488613922148943,0.0004952393321295333,170,-0.0035469166468828917,0.0011594215975399438,40
landmark-country,pcasub_matched_k3_mean,target1,3,mean,25,-0.001163130858913064,0.0003180909279836081,170,-0.0011480360990390182,0.0005927865299175714,40
landmark-country,pcasub_matched_k3_mean,target1,3,mean,26,-0.00025460601318627596,0.00013015779790243826,170,-0.0005992447840981185,0.00032520853390770733,40
landmark-country,pcasub_matched_k3_mean,target1,3,mean,27,0.0,0.0,170,0.0,0.0,40
landmark-country,pcasub_matched_k3_mean,final_cue,3,mean,0,-0.8239482045173645,0.03713602881495545,170,-0.7263199090957642,0.07365066986166387,40
landmark-country,pcasub_matched_k3_mean,final_cue,3,mean,1,-0.825547456741333,0.03709875306837711,170,-0.7260491251945496,0.07317367194868196,40
landmark-country,pcasub_matched_k3_mean,final_cue,3,mean,2,-0.826855480670929,0.0369270693179941,170,-0.7263745665550232,0.0731646528726899,40
landmark-country,pcasub_matched_k3_mean,final_cue,3,mean,3,-0.8207326531410217,0.03660914660573129,170,-0.7213379144668579,0.07257095358247752,40
landmark-country,pcasub_matched_k3_mean,final_cue,3,mean,4,-0.824492335319519,0.03669996795197509,170,-0.7220247387886047,0.07216837011467142,40
landmark-country,pcasub_matched_k3_mean,final_cue,3,mean,5,-0.8214595317840576,0.03697183998565599,170,-0.7222335934638977,0.07334843657271184,40
landmark-country,pcasub_matched_k3_mean,final_cue,3,mean,6,-0.8198099732398987,0.03710250167178577,170,-0.7219012379646301,0.07414171001417362,40
landmark-country,pcasub_matched_k3_mean,final_cue,3,mean,7,-0.8143274784088135,0.03687218656406396,170,-0.7173215746879578,0.07398095464454518,40
landmark-country,pcasub_matched_k3_mean,final_cue,3,mean,8,-0.7907994985580444,0.03634782094773794,170,-0.6957052946090698,0.07150642459792148,40
landmark-country,pcasub_matched_k3_mean,final_cue,3,mean,9,-0.780480682849884,0.03641009119326368,170,-0.6972593069076538,0.07396387777338782,40
landmark-country,pcasub_matched_k3_mean,final_cue,3,mean,10,-0.7768405675888062,0.03634937067524469,170,-0.6893234252929688,0.07368143556028042,40
landmark-country,pcasub_matched_k3_mean,final_cue,3,mean,11,-0.788489580154419,0.037037915977935036,170,-0.6978827714920044,0.07464715524260172,40
landmark-country,pcasub_matched_k3_mean,final_cue,3,mean,12,-0.7959778904914856,0.037299214207122955,170,-0.7042281031608582,0.07492994144345594,40
landmark-country,pcasub_matched_k3_mean,final_cue,3,mean,13,-0.8124659061431885,0.036983401227144413,170,-0.7263678312301636,0.07543811501305404,40
landmark-country,pcasub_matched_k3_mean,final_cue,3,mean,14,-0.7791019082069397,0.03627556204556838,170,-0.6832014322280884,0.07331216707014611,40
landmark-country,pcasub_matched_k3_mean,final_cue,3,mean,15,-0.7958803772926331,0.036217278119765016,170,-0.7097383737564087,0.07340410132960531,40
landmark-country,pcasub_matched_k3_mean,final_cue,3,mean,16,-0.7731567621231079,0.035582042986160196,170,-0.6842595934867859,0.07165208691613793,40
landmark-country,pcasub_matched_k3_mean,final_cue,3,mean,17,-0.6586250066757202,0.031569517325922676,170,-0.5886045694351196,0.06281608779997137,40
landmark-country,pcasub_matched_k3_mean,final_cue,3,mean,18,-0.6184972524642944,0.03126926562155766,170,-0.5506318807601929,0.06281307672914645,40
landmark-country,pcasub_matched_k3_mean,final_cue,3,mean,19,-0.5842154622077942,0.028975099763851504,170,-0.5165915489196777,0.05878576243255792,40
landmark-country,pcasub_matched_k3_mean,final_cue,3,mean,20,-0.5638176202774048,0.027295718579568883,170,-0.5044180154800415,0.05742800981072007,40
landmark-country,pcasub_matched_k3_mean,final_cue,3,mean,21,-0.5490886569023132,0.02631067017592218,170,-0.4796154499053955,0.0549853716691717,40
landmark-country,pcasub_matched_k3_mean,final_cue,3,mean,22,-0.5255798697471619,0.02530368329939965,170,-0.4615107476711273,0.05210161400785118,40
landmark-country,pcasub_matched_k3_mean,final_cue,3,mean,23,-0.41252386569976807,0.022257901886652387,170,-0.3473215103149414,0.043331245868914146,40
landmark-country,pcasub_matched_k3_mean,final_cue,3,mean,24,-0.4022231996059418,0.02142315647955659,170,-0.34090667963027954,0.040640512455170634,40
landmark-country,pcasub_matched_k3_mean,final_cue,3,mean,25,-0.38380101323127747,0.024849594854050923,170,-0.3024255931377411,0.048303433247934284,40
landmark-country,pcasub_matched_k3_mean,final_cue,3,mean,26,-0.24393366277217865,0.022620864983163805,170,-0.17996957898139954,0.04073185769451542,40
landmark-country,pcasub_matched_k3_mean,final_cue,3,mean,27,-0.017692843452095985,0.022892334727698402,170,0.012377428822219372,0.048702397776157376,40
landmark-country,pcasub_matched_k4_zero,cue1,4,zero,0,-2.78462815284729,0.09847544582818529,170,-3.011033058166504,0.23426570191371757,40
landmark-country,pcasub_matched_k4_zero,cue1,4,zero,1,-2.547281503677368,0.10920819110568672,170,-2.9285082817077637,0.25715438270632657,40
landmark-country,pcasub_matched_k4_zero,cue1,4,zero,2,-2.432539701461792,0.08336368262096971,170,-2.642488479614258,0.19243432272768843,40
landmark-country,pcasub_matched_k4_zero,cue1,4,zero,3,-1.7979930639266968,0.07344596601092802,170,-1.960091233253479,0.17059995966693178,40
landmark-country,pcasub_matched_k4_zero,cue1,4,zero,4,-1.6918927431106567,0.08351398333178683,170,-1.6781768798828125,0.18427387784899543,40
landmark-country,pcasub_matched_k4_zero,cue1,4,zero,5,-0.8890720009803772,0.05460040637851313,170,-0.9933835864067078,0.1532436667916078,40
landmark-country,pcasub_matched_k4_zero,cue1,4,zero,6,-0.6592649817466736,0.04906070197531987,170,-0.6021173596382141,0.08734159894463206,40
landmark-country,pcasub_matched_k4_zero,cue1,4,zero,7,-0.695353090763092,0.04715429485423318,170,-0.7265443801879883,0.0971851146104394,40
landmark-country,pcasub_matched_k4_zero,cue1,4,zero,8,-0.5382412672042847,0.030657719832908558,170,-0.4287707805633545,0.052552751581729444,40
landmark-country,pcasub_matched_k4_zero,cue1,4,zero,9,-0.3076411187648773,0.024834099864717185,170,-0.2279151976108551,0.026790609199400017,40
landmark-country,pcasub_matched_k4_zero,cue1,4,zero,10,-0.24700725078582764,0.01736593215227144,170,-0.21690769493579865,0.03233518983305362,40
landmark-country,pcasub_matched_k4_zero,cue1,4,zero,11,-0.018109038472175598,0.00947227566703797,170,0.010554158128798008,0.017588139438642653,40
landmark-country,pcasub_matched_k4_zero,cue1,4,zero,12,-0.20983721315860748,0.020703429196560763,170,-0.18574652075767517,0.03512255788676943,40
landmark-country,pcasub_matched_k4_zero,cue1,4,zero,13,-0.0966150313615799,0.01335538250889172,170,-0.05887190252542496,0.01584065694593564,40
landmark-country,pcasub_matched_k4_zero,cue1,4,zero,14,0.01972310058772564,0.010132352726859991,170,0.002531194593757391,0.026761212383529374,40
landmark-country,pcasub_matched_k4_zero,cue1,4,zero,15,0.016007831320166588,0.006370889779917714,170,0.017948556691408157,0.009014385624880028,40
landmark-country,pcasub_matched_k4_zero,cue1,4,zero,16,0.02691771648824215,0.003612288817164818,170,0.02763691172003746,0.006455819489511416,40
landmark-country,pcasub_matched_k4_zero,cue1,4,zero,17,0.03094501420855522,0.00698991334664696,170,0.0023125908337533474,0.006877812937148119,40
landmark-country,pcasub_matched_k4_zero,cue1,4,zero,18,-0.0017496873624622822,0.002697869873215145,170,0.007480488624423742,0.005846898741502101,40
landmark-country,pcasub_matched_k4_zero,cue1,4,zero,19,0.010436308570206165,0.002764469869964585,170,0.012432824820280075,0.00411783078463231,40
landmark-country,pcasub_matched_k4_zero,cue1,4,zero,20,0.04254757985472679,0.004447557943014278,170,0.027748078107833862,0.007042007595224673,40
landmark-country,pcasub_matched_k4_zero,cue1,4,zero,21,0.024571934714913368,0.0035094985116685515,170,0.017197277396917343,0.005845151118822607,40
landmark-country,pcasub_matched_k4_zero,cue1,4,zero,22,0.03436978906393051,0.005331559198893088,170,0.025341972708702087,0.0058463409394537424,40
landmark-country,pcasub_matched_k4_zero,cue1,4,zero,23,-0.009064740501344204,0.004112975945770602,170,-0.0005226476350799203,0.0061652700035490955,40
landmark-country,pcasub_matched_k4_zero,cue1,4,zero,24,0.03135553374886513,0.004870656409695531,170,0.019777599722146988,0.006741170872963949,40
landmark-country,pcasub_matched_k4_zero,cue1,4,zero,25,-0.06222783774137497,0.011952309967568174,170,-0.04348607733845711,0.013140136373970874,40
landmark-country,pcasub_matched_k4_zero,cue1,4,zero,26,-0.0020356185268610716,0.0017205745357114137,170,0.0017968162428587675,0.0041845973926424316,40
landmark-country,pcasub_matched_k4_zero,cue1,4,zero,27,0.0,0.0,170,0.0,0.0,40
landmark-country,pcasub_matched_k4_zero,target1,4,zero,0,-5.404526710510254,0.11864884764583268,170,-5.8529510498046875,0.21761188856333766,40
landmark-country,pcasub_matched_k4_zero,target1,4,zero,1,-5.194365978240967,0.11751021393191871,170,-5.711943626403809,0.2193285853307442,40
landmark-country,pcasub_matched_k4_zero,target1,4,zero,2,-5.302393913269043,0.11372304562282165,170,-5.553083896636963,0.20911929288604086,40
landmark-country,pcasub_matched_k4_zero,target1,4,zero,3,-4.830068111419678,0.10062361501179294,170,-5.05269718170166,0.19521672180771896,40
landmark-country,pcasub_matched_k4_zero,target1,4,zero,4,-4.8079094886779785,0.10154243427899694,170,-5.028133869171143,0.2185908871151185,40
landmark-country,pcasub_matched_k4_zero,target1,4,zero,5,-4.388288974761963,0.09442424783802633,170,-4.593411445617676,0.21349577830645958,40
landmark-country,pcasub_matched_k4_zero,target1,4,zero,6,-4.246527671813965,0.09687814762988348,170,-4.42120885848999,0.2168215649346089,40
landmark-country,pcasub_matched_k4_zero,target1,4,zero,7,-3.842015266418457,0.0925986596921369,170,-3.950803279876709,0.22709876904242482,40
landmark-country,pcasub_matched_k4_zero,target1,4,zero,8,-3.4774580001831055,0.09021025988764479,170,-3.656947374343872,0.23581477769304196,40
landmark-country,pcasub_matched_k4_zero,target1,4,zero,9,-2.7832984924316406,0.08546285481514558,170,-2.9185056686401367,0.23189902851828614,40
landmark-country,pcasub_matched_k4_zero,target1,4,zero,10,-2.393604278564453,0.09235338217105345,170,-2.6031460762023926,0.2500520818341493,40
landmark-country,pcasub_matched_k4_zero,target1,4,zero,11,-2.1275904178619385,0.0793447134771901,170,-2.285745143890381,0.21430941770739767,40
landmark-country,pcasub_matched_k4_zero,target1,4,zero,12,-1.019189476966858,0.06258942539158928,170,-1.1483906507492065,0.18156338634453373,40
landmark-country,pcasub_matched_k4_zero,target1,4,zero,13,-0.49485769867897034,0.05278695547902614,170,-0.5339127779006958,0.16351718598958787,40
landmark-country,pcasub_matched_k4_zero,target1,4,zero,14,-0.4550022780895233,0.052785766897457544,170,-0.5228303074836731,0.1592288179782869,40
landmark-country,pcasub_matched_k4_zero,target1,4,zero,15,-0.42412254214286804,0.04464989863158078,170,-0.45070821046829224,0.12022571547096052,40
landmark-country,pcasub_matched_k4_zero,target1,4,zero,16,-0.4316155016422272,0.034835709761898,170,-0.47472429275512695,0.09359194112330733,40
landmark-country,pcasub_matched_k4_zero,target1,4,zero,17,-0.30859139561653137,0.02914616636611235,170,-0.35446828603744507,0.08782274827138042,40
landmark-country,pcasub_matched_k4_zero,target1,4,zero,18,-0.13528844714164734,0.01561513321585242,170,-0.12239350378513336,0.02716008973677553,40
landmark-country,pcasub_matched_k4_zero,target1,4,zero,19,-0.1384798139333725,0.015906421415176543,170,-0.09675240516662598,0.03876765938718906,40
landmark-country,pcasub_matched_k4_zero,target1,4,zero,20,-0.13308404386043549,0.025308945058574495,170,-0.1375795304775238,0.06465157343189393,40
landmark-country,pcasub_matched_k4_zero,target1,4,zero,21,-0.10295652598142624,0.010356072349742953,170,-0.10204510390758514,0.023835370413073535,40
landmark-country,pcasub_matched_k4_zero,target1,4,zero,22,-0.037648919969797134,0.018705006433327197,170,-0.05790647864341736,0.041620575955318366,40
landmark-country,pcasub_matched_k4_zero,target1,4,zero,23,-0.06453992426395416,0.01772076717944066,170,-0.05107071250677109,0.03382102841289352,40
landmark-country,pcasub_matched_k4_zero,target1,4,zero,24,-0.045341067016124725,0.007820596433371995,170,-0.0331595316529274,0.013271999128946613,40
landmark-country,pcasub_matched_k4_zero,target1,4,zero,25,-0.05871680751442909,0.006179767006553626,170,-0.06354790180921555,0.0156735919928415,40
landmark-country,pcasub_matched_k4_zero,target1,4,zero,26,-0.004843785893172026,0.0016392311274686694,170,-0.00531994691118598,0.0026722116762454636,40
landmark-country,pcasub_matched_k4_zero,target1,4,zero,27,0.0,0.0,170,0.0,0.0,40
landmark-country,pcasub_matched_k4_zero,final_cue,4,zero,0,-13.796463966369629,0.33469411020013445,170,-13.935468673706055,0.6962784719685989,40
landmark-country,pcasub_matched_k4_zero,final_cue,4,zero,1,-15.924847602844238,0.2516444234007836,170,-16.43314552307129,0.5479566855260786,40
landmark-country,pcasub_matched_k4_zero,final_cue,4,zero,2,-17.063295364379883,0.2783248795885677,170,-17.72249412536621,0.6098408162766874,40
landmark-country,pcasub_matched_k4_zero,final_cue,4,zero,3,-15.58675479888916,0.24837306292071865,170,-16.07302474975586,0.5461731514682482,40
landmark-country,pcasub_matched_k4_zero,final_cue,4,zero,4,-13.83459186553955,0.2656336627458073,170,-14.134533882141113,0.5125565578005883,40
landmark-country,pcasub_matched_k4_zero,final_cue,4,zero,5,-13.04841423034668,0.23128372855673018,170,-13.601407051086426,0.5261278074206275,40
landmark-country,pcasub_matched_k4_zero,final_cue,4,zero,6,-15.313115119934082,0.25297131929222877,170,-15.915525436401367,0.5167628965146742,40
landmark-country,pcasub_matched_k4_zero,final_cue,4,zero,7,-15.26429557800293,0.25215748834927276,170,-15.230506896972656,0.5149710313563454,40
landmark-country,pcasub_matched_k4_zero,final_cue,4,zero,8,-18.109458923339844,0.2822756332932448,170,-18.802499771118164,0.5317293981331159,40
landmark-country,pcasub_matched_k4_zero,final_cue,4,zero,9,-15.433161735534668,0.2412787669692769,170,-16.604267120361328,0.43410190585593994,40
landmark-country,pcasub_matched_k4_zero,final_cue,4,zero,10,-15.582392692565918,0.24923551599276556,170,-15.581158638000488,0.4947208779466983,40
landmark-country,pcasub_matched_k4_zero,final_cue,4,zero,11,-15.660520553588867,0.25265833833641077,170,-16.180526733398438,0.5028388379825781,40
landmark-country,pcasub_matched_k4_zero,final_cue,4,zero,12,-14.275611877441406,0.2213003748152963,170,-14.5549955368042,0.46667628262097816,40
landmark-country,pcasub_matched_k4_zero,final_cue,4,zero,13,-14.146410942077637,0.2491066006072481,170,-14.063695907592773,0.5404732839277084,40
landmark-country,pcasub_matched_k4_zero,final_cue,4,zero,14,-15.348553657531738,0.2155770254168191,170,-16.177392959594727,0.3925302798282106,40
landmark-country,pcasub_matched_k4_zero,final_cue,4,zero,15,-13.779444694519043,0.2272949219559876,170,-13.749524116516113,0.4027917076212818,40
landmark-country,pcasub_matched_k4_zero,final_cue,4,zero,16,-14.80514144897461,0.2542509096372436,170,-13.89733600616455,0.41978530547094844,40
landmark-country,pcasub_matched_k4_zero,final_cue,4,zero,17,-11.79743480682373,0.207897252470555,170,-11.300085067749023,0.4263535300249757,40
landmark-country,pcasub_matched_k4_zero,final_cue,4,zero,18,-9.215279579162598,0.19373504707849445,170,-8.421957015991211,0.3991122638921108,40
landmark-country,pcasub_matched_k4_zero,final_cue,4,zero,19,-8.993208885192871,0.2005208786840789,170,-8.031946182250977,0.4400865387049183,40
landmark-country,pcasub_matched_k4_zero,final_cue,4,zero,20,-7.540103912353516,0.1695675997582675,170,-6.9456634521484375,0.332399676094723,40
landmark-country,pcasub_matched_k4_zero,final_cue,4,zero,21,-8.341501235961914,0.183722326229381,170,-7.178053379058838,0.4249871541486627,40
landmark-country,pcasub_matched_k4_zero,final_cue,4,zero,22,-10.229259490966797,0.19394453000849274,170,-9.332389831542969,0.42749677565762334,40
landmark-country,pcasub_matched_k4_zero,final_cue,4,zero,23,-6.8693084716796875,0.1859663316591584,170,-6.294074058532715,0.3988124196687429,40
landmark-country,pcasub_matched_k4_zero,final_cue,4,zero,24,-9.48306941986084,0.18865056941607522,170,-8.547616004943848,0.45631533398937396,40
landmark-country,pcasub_matched_k4_zero,final_cue,4,zero,25,-8.537623405456543,0.17793404370551763,170,-7.7852067947387695,0.34792609552177467,40
landmark-country,pcasub_matched_k4_zero,final_cue,4,zero,26,-7.041410446166992,0.15246190868330806,170,-6.398080825805664,0.2920254855501682,40
landmark-country,pcasub_matched_k4_zero,final_cue,4,zero,27,-3.112913131713867,0.23871887313030601,170,-2.433671236038208,0.488221375547461,40
landmark-country,pcasub_matched_k4_mean,cue1,4,mean,0,-0.0087665980681777,0.007352815871213055,170,-0.022978173568844795,0.013096875202646933,40
landmark-country,pcasub_matched_k4_mean,cue1,4,mean,1,-0.004746366757899523,0.007420446733899877,170,-0.017929982393980026,0.014036379955755697,40
landmark-country,pcasub_matched_k4_mean,cue1,4,mean,2,-0.004435556009411812,0.006519517905037098,170,-0.02125302143394947,0.011548632297764325,40
landmark-country,pcasub_matched_k4_mean,cue1,4,mean,3,-0.00972228404134512,0.00649860001229662,170,-0.025905687361955643,0.011522795519465256,40
landmark-country,pcasub_matched_k4_mean,cue1,4,mean,4,-0.00973388273268938,0.0059928248402837106,170,-0.023900149390101433,0.010687662774551862,40
landmark-country,pcasub_matched_k4_mean,cue1,4,mean,5,0.00927672814577818,0.004738638426280618,170,-0.007372954394668341,0.00813332698164504,40
landmark-country,pcasub_matched_k4_mean,cue1,4,mean,6,0.006507632788270712,0.004012941092353082,170,2.1843239665031433e-05,0.0070668748464154,40
landmark-country,pcasub_matched_k4_mean,cue1,4,mean,7,0.003464191686362028,0.003138938778920125,170,-0.0011482049012556672,0.0052980674694858045,40
landmark-country,pcasub_matched_k4_mean,cue1,4,mean,8,0.007037759758532047,0.002459939843386049,170,-0.0012675430625677109,0.004685946869704885,40
landmark-country,pcasub_matched_k4_mean,cue1,4,mean,9,0.008411597460508347,0.002347752172004672,170,0.0029241766314953566,0.005242263114825217,40
landmark-country,pcasub_matched_k4_mean,cue1,4,mean,10,0.0035980434622615576,0.0017213653996012903,170,-0.00021237246983218938,0.0035047715812990565,40
landmark-country,pcasub_matched_k4_mean,cue1,4,mean,11,0.0034866768401116133,0.0011884815677475052,170,0.0005869608139619231,0.0019406578239433677,40
landmark-country,pcasub_matched_k4_mean,cue1,4,mean,12,0.003960283938795328,0.0010335093170765345,170,0.00018517673015594482,0.0017332525030176842,40
landmark-country,pcasub_matched_k4_mean,cue1,4,mean,13,0.0006599377375096083,0.0004090289180796661,170,-0.001535420073196292,0.0010626670183468405,40
landmark-country,pcasub_matched_k4_mean,cue1,4,mean,14,0.00037648825673386455,0.00036552983269447676,170,-0.0018788088345900178,0.0008721385226221591,40
landmark-country,pcasub_matched_k4_mean,cue1,4,mean,15,0.0001426606031600386,0.00035250986447564345,170,-0.0012192620197311044,0.0008490339141238439,40
landmark-country,pcasub_matched_k4_mean,cue1,4,mean,16,0.0005503503489308059,0.0003575736933904755,170,-0.0012767633888870478,0.0009060180024461075,40
landmark-country,pcasub_matched_k4_mean,cue1,4,mean,17,0.00028077451861463487,0.00031145383564694834,170,-0.00047107116552069783,0.0007323351874838783,40
landmark-country,pcasub_matched_k4_mean,cue1,4,mean,18,-0.00013733093510381877,0.00031533144015614625,170,-0.0017503403360024095,0.0008288751424727886,40
landmark-country,pcasub_matched_k4_mean,cue1,4,mean,19,6.28895650152117e-05,0.0002951052140307012,170,-0.0009049773216247559,0.0008271892196502803,40
landmark-country,pcasub_matched_k4_mean,cue1,4,mean,20,-0.00022729775810148567,0.00028283548435516145,170,-0.0007443409413099289,0.0007323950466530066,40
landmark-country,pcasub_matched_k4_mean,cue1,4,mean,21,-0.0002002730470849201,0.00028046683914777123,170,-0.000906978384591639,0.000698954460441818,40
landmark-country,pcasub_matched_k4_mean,cue1,4,mean,22,-0.00034989233245141804,0.00026261674043640573,170,-0.0006560258334502578,0.0006208538537624468,40
landmark-country,pcasub_matched_k4_mean,cue1,4,mean,23,-0.0003145346709061414,0.00025168359359209523,170,-0.000834809266962111,0.0005146395747179464,40
landmark-country,pcasub_matched_k4_mean,cue1,4,mean,24,0.0001633092324482277,0.00022919859819663373,170,-0.00019646975852083415,0.00045322303640713235,40
landmark-country,pcasub_matched_k4_mean,cue1,4,mean,25,-8.081460691755638e-05,0.00022423055581326167,170,-0.0004929397255182266,0.0004931553237406528,40
landmark-country,pcasub_matched_k4_mean,cue1,4,mean,26,-0.00013938559277448803,0.00013644197651403408,170,-0.00016457233869004995,0.00030666623592629427,40
landmark-country,pcasub_matched_k4_mean,cue1,4,mean,27,0.0,0.0,170,0.0,0.0,40
landmark-country,pcasub_matched_k4_mean,target1,4,mean,0,-0.8399997353553772,0.057112052948733984,170,-0.8867542147636414,0.1206365593568513,40
landmark-country,pcasub_matched_k4_mean,target1,4,mean,1,-0.8386271595954895,0.055343059571380235,170,-0.9020074009895325,0.12174494442304686,40
landmark-country,pcasub_matched_k4_mean,target1,4,mean,2,-0.7351639866828918,0.04940726950338596,170,-0.8192903399467468,0.11650855560582278,40
landmark-country,pcasub_matched_k4_mean,target1,4,mean,3,-0.796484112739563,0.05079267103681171,170,-0.8377037048339844,0.11651893178415847,40
landmark-country,pcasub_matched_k4_mean,target1,4,mean,4,-0.6996302008628845,0.04213787720101906,170,-0.7214046716690063,0.10006190769792697,40
landmark-country,pcasub_matched_k4_mean,target1,4,mean,5,-0.7311080694198608,0.043499717390581095,170,-0.7982931733131409,0.10948270483233674,40
landmark-country,pcasub_matched_k4_mean,target1,4,mean,6,-0.48662495613098145,0.030443478005168296,170,-0.48911476135253906,0.06431300938228426,40
landmark-country,pcasub_matched_k4_mean,target1,4,mean,7,-0.4625180959701538,0.028732363978737824,170,-0.46773290634155273,0.06293314730143142,40
landmark-country,pcasub_matched_k4_mean,target1,4,mean,8,-0.3783537447452545,0.024764563271486476,170,-0.4026183485984802,0.06038097026724396,40
landmark-country,pcasub_matched_k4_mean,target1,4,mean,9,-0.30561569333076477,0.020465676311100064,170,-0.309886634349823,0.052122008240292984,40
landmark-country,pcasub_matched_k4_mean,target1,4,mean,10,-0.2896101176738739,0.020972309204716086,170,-0.3071756660938263,0.05704564151324097,40
landmark-country,pcasub_matched_k4_mean,target1,4,mean,11,-0.2813626825809479,0.017811118807391484,170,-0.29469403624534607,0.047595454631201926,40
landmark-country,pcasub_matched_k4_mean,target1,4,mean,12,-0.13329951465129852,0.014108088358948641,170,-0.15754768252372742,0.044701179426718265,40
landmark-country,pcasub_matched_k4_mean,target1,4,mean,13,-0.07812952995300293,0.012340176133675562,170,-0.0930711179971695,0.04125395098745758,40
landmark-country,pcasub_matched_k4_mean,target1,4,mean,14,-0.0894227847456932,0.01047665509274438,170,-0.08927583694458008,0.03250466270037552,40
landmark-country,pcasub_matched_k4_mean,target1,4,mean,15,-0.10980334877967834,0.008816692359838773,170,-0.10895819962024689,0.02251242652391765,40
landmark-country,pcasub_matched_k4_mean,target1,4,mean,16,-0.08841124176979065,0.006549701019678197,170,-0.08746781200170517,0.016593332765030902,40
landmark-country,pcasub_matched_k4_mean,target1,4,mean,17,-0.05340621992945671,0.005140612427030504,170,-0.05040637403726578,0.013479688799332534,40
landmark-country,pcasub_matched_k4_mean,target1,4,mean,18,-0.04595779627561569,0.00470990646687676,170,-0.03603975847363472,0.008716506372613822,40
landmark-country,pcasub_matched_k4_mean,target1,4,mean,19,-0.03669853135943413,0.004157049750344552,170,-0.02785731479525566,0.008604744518062897,40
landmark-country,pcasub_matched_k4_mean,target1,4,mean,20,-0.025099076330661774,0.003486388314510796,170,-0.021297277882695198,0.006972785951377634,40
landmark-country,pcasub_matched_k4_mean,target1,4,mean,21,-0.01729123480618,0.001825931148815654,170,-0.016359183937311172,0.004129446261288739,40
landmark-country,pcasub_matched_k4_mean,target1,4,mean,22,-0.011552594602108002,0.0018708385319296012,170,-0.010144904255867004,0.004163033955273505,40
landmark-country,pcasub_matched_k4_mean,target1,4,mean,23,-0.01037586573511362,0.0015065585670408562,170,-0.00724520068615675,0.0033516287076294287,40
landmark-country,pcasub_matched_k4_mean,target1,4,mean,24,-0.006484526209533215,0.0005706867615010633,170,-0.005487373098731041,0.0012974674439118138,40
landmark-country,pcasub_matched_k4_mean,target1,4,mean,25,-0.0015910135116428137,0.0003526728301516508,170,-0.0019313019001856446,0.0006457336952581199,40
landmark-country,pcasub_matched_k4_mean,target1,4,mean,26,-0.0004202976415399462,0.00016885520839499875,170,-0.0010704847518354654,0.00044973986596048957,40
landmark-country,pcasub_matched_k4_mean,target1,4,mean,27,0.0,0.0,170,0.0,0.0,40
landmark-country,pcasub_matched_k4_mean,final_cue,4,mean,0,-0.8405370116233826,0.03701397977373045,170,-0.7382416129112244,0.07322954404065571,40
landmark-country,pcasub_matched_k4_mean,final_cue,4,mean,1,-0.836475670337677,0.03673005963726476,170,-0.7307407259941101,0.07218258670415315,40
landmark-country,pcasub_matched_k4_mean,final_cue,4,mean,2,-0.8373714685440063,0.03658208580344155,170,-0.7315822839736938,0.07235461356269118,40
landmark-country,pcasub_matched_k4_mean,final_cue,4,mean,3,-0.8311486840248108,0.03627494718318001,170,-0.7264296412467957,0.07178987050130385,40
landmark-country,pcasub_matched_k4_mean,final_cue,4,mean,4,-0.8362156748771667,0.036433366820404184,170,-0.7282354831695557,0.07146578692218718,40
landmark-country,pcasub_matched_k4_mean,final_cue,4,mean,5,-0.8493524789810181,0.0368847260996127,170,-0.7401906251907349,0.07300759183721914,40
landmark-country,pcasub_matched_k4_mean,final_cue,4,mean,6,-0.8475288152694702,0.036968148525591965,170,-0.7392280697822571,0.07362185499766627,40
landmark-country,pcasub_matched_k4_mean,final_cue,4,mean,7,-0.8424334526062012,0.03661787353732536,170,-0.7357892394065857,0.07354523526118208,40
landmark-country,pcasub_matched_k4_mean,final_cue,4,mean,8,-0.8177973031997681,0.036079110083882766,170,-0.7107948660850525,0.07116892549667869,40
landmark-country,pcasub_matched_k4_mean,final_cue,4,mean,9,-0.8058531880378723,0.03613115167071719,170,-0.7075663208961487,0.07340678726132709,40
landmark-country,pcasub_matched_k4_mean,final_cue,4,mean,10,-0.8100672960281372,0.03642532560894585,170,-0.7085146903991699,0.0737382029628281,40
landmark-country,pcasub_matched_k4_mean,final_cue,4,mean,11,-0.8206417560577393,0.0369044359820474,170,-0.7196850776672363,0.07434629319247607,40
landmark-country,pcasub_matched_k4_mean,final_cue,4,mean,12,-0.8293783664703369,0.03715862329342779,170,-0.7286882996559143,0.07471600462573644,40
landmark-country,pcasub_matched_k4_mean,final_cue,4,mean,13,-0.8495553135871887,0.036994896182353056,170,-0.7524312138557434,0.0749814406501002,40
landmark-country,pcasub_matched_k4_mean,final_cue,4,mean,14,-0.8350002765655518,0.036636991414709545,170,-0.7289835214614868,0.07394624486724244,40
landmark-country,pcasub_matched_k4_mean,final_cue,4,mean,15,-0.8465554714202881,0.03643687542176534,170,-0.7547286748886108,0.07373416935308452,40
landmark-country,pcasub_matched_k4_mean,final_cue,4,mean,16,-0.8181975483894348,0.0358333525587043,170,-0.7192287445068359,0.07170248818928891,40
landmark-country,pcasub_matched_k4_mean,final_cue,4,mean,17,-0.6803119778633118,0.03180341189275299,170,-0.5994981527328491,0.061888112526582335,40
landmark-country,pcasub_matched_k4_mean,final_cue,4,mean,18,-0.6416968107223511,0.031469285613682854,170,-0.5612044334411621,0.061353428339674256,40
landmark-country,pcasub_matched_k4_mean,final_cue,4,mean,19,-0.6157939434051514,0.02962019326727435,170,-0.534866213798523,0.058885471757527515,40
landmark-country,pcasub_matched_k4_mean,final_cue,4,mean,20,-0.5973571538925171,0.027725831963238665,170,-0.5249999761581421,0.05723016502252662,40
landmark-country,pcasub_matched_k4_mean,final_cue,4,mean,21,-0.5843873620033264,0.02648866255155391,170,-0.5005273818969727,0.05440271297198407,40
landmark-country,pcasub_matched_k4_mean,final_cue,4,mean,22,-0.5675281286239624,0.025708699326101675,170,-0.4979221820831299,0.05272303965288971,40
landmark-country,pcasub_matched_k4_mean,final_cue,4,mean,23,-0.43480566143989563,0.022155386726360582,170,-0.3633853495121002,0.0428320018442507,40
landmark-country,pcasub_matched_k4_mean,final_cue,4,mean,24,-0.4272169768810272,0.021255198475244392,170,-0.3576854169368744,0.03992472107564057,40
landmark-country,pcasub_matched_k4_mean,final_cue,4,mean,25,-0.3947591781616211,0.024327901260520462,170,-0.30453309416770935,0.04596385948992726,40
landmark-country,pcasub_matched_k4_mean,final_cue,4,mean,26,-0.2490384727716446,0.02227987921700257,170,-0.17782405018806458,0.03945157771028745,40
landmark-country,pcasub_matched_k4_mean,final_cue,4,mean,27,-0.017902929335832596,0.022552487256962482,170,0.01783083565533161,0.048936168079169735,40
landmark-country,pcasub_matched_cf_k0_zero,cue1,0,zero,0,-2.9311461448669434,0.12757344949769767,170,-3.2993462085723877,0.2900677334789741,40
landmark-country,pcasub_matched_cf_k0_zero,cue1,0,zero,1,-2.5764105319976807,0.11407578920357689,170,-2.8404157161712646,0.2820943236913347,40
landmark-country,pcasub_matched_cf_k0_zero,cue1,0,zero,2,-2.5753300189971924,0.08499698569786499,170,-2.7653117179870605,0.20556487221027694,40
landmark-country,pcasub_matched_cf_k0_zero,cue1,0,zero,3,-1.773040771484375,0.07708422333534971,170,-2.0362000465393066,0.18539131968847036,40
landmark-country,pcasub_matched_cf_k0_zero,cue1,0,zero,4,-1.4539717435836792,0.07953015048776209,170,-1.4920673370361328,0.19408927133845974,40
landmark-country,pcasub_matched_cf_k0_zero,cue1,0,zero,5,-0.6554027795791626,0.04747174670533612,170,-0.6876223683357239,0.127930079718975,40
landmark-country,pcasub_matched_cf_k0_zero,cue1,0,zero,6,-0.8072777390480042,0.055396710314799834,170,-0.7964877486228943,0.11412423987992416,40
landmark-country,pcasub_matched_cf_k0_zero,cue1,0,zero,7,-0.81950443983078,0.050004563741880774,170,-0.7775205373764038,0.09127613079279662,40
landmark-country,pcasub_matched_cf_k0_zero,cue1,0,zero,8,-0.5103539824485779,0.030622578961686124,170,-0.41319283843040466,0.061565767734843437,40
landmark-country,pcasub_matched_cf_k0_zero,cue1,0,zero,9,-0.3849184513092041,0.026895811167878057,170,-0.30125224590301514,0.037138743109394794,40
landmark-country,pcasub_matched_cf_k0_zero,cue1,0,zero,10,-0.25792932510375977,0.017575013935990327,170,-0.23845355212688446,0.03384335227523017,40
landmark-country,pcasub_matched_cf_k0_zero,cue1,0,zero,11,-0.005979612469673157,0.011789730294853893,170,0.02285158261656761,0.019221155296433305,40
landmark-country,pcasub_matched_cf_k0_zero,cue1,0,zero,12,-0.2057603895664215,0.020177221278803406,170,-0.1673714816570282,0.03196854837262963,40
landmark-country,pcasub_matched_cf_k0_zero,cue1,0,zero,13,-0.039101485162973404,0.006144480419802347,170,-0.03392424061894417,0.010895886097161451,40
landmark-country,pcasub_matched_cf_k0_zero,cue1,0,zero,14,0.004440618213266134,0.00440617701855669,170,-0.0016672015190124512,0.01167433979254434,40
landmark-country,pcasub_matched_cf_k0_zero,cue1,0,zero,15,0.014099732972681522,0.0038167934189777,170,0.012738162651658058,0.0062194333481709,40
landmark-country,pcasub_matched_cf_k0_zero,cue1,0,zero,16,0.019167790189385414,0.003398895282375798,170,0.01159789226949215,0.00538300947116669,40
landmark-country,pcasub_matched_cf_k0_zero,cue1,0,zero,17,0.006216701120138168,0.0031409830820747736,170,0.004937100224196911,0.00523287707930188,40
landmark-country,pcasub_matched_cf_k0_zero,cue1,0,zero,18,0.004814292304217815,0.002582019170583709,170,0.01345090288668871,0.006102320245880438,40
landmark-country,pcasub_matched_cf_k0_zero,cue1,0,zero,19,0.008879881352186203,0.0020836227758063517,170,0.0095295999199152,0.004368932120981408,40
landmark-country,pcasub_matched_cf_k0_zero,cue1,0,zero,20,0.015280318446457386,0.002684811761813762,170,0.012256605550646782,0.005626297750208019,40
landmark-country,pcasub_matched_cf_k0_zero,cue1,0,zero,21,0.028366442769765854,0.0027402865207944104,170,0.024699142202734947,0.005869978316645553,40
landmark-country,pcasub_matched_cf_k0_zero,cue1,0,zero,22,0.04236529767513275,0.004163111516344415,170,0.02466754987835884,0.008079612470350427,40
landmark-country,pcasub_matched_cf_k0_zero,cue1,0,zero,23,-0.0008547085453756154,0.0021645961808925245,170,-0.0007642615819349885,0.003197817001619873,40
landmark-country,pcasub_matched_cf_k0_zero,cue1,0,zero,24,0.01280692033469677,0.0020705026638760293,170,0.010611003264784813,0.0038108452813971194,40
landmark-country,pcasub_matched_cf_k0_zero,cue1,0,zero,25,-0.06894701719284058,0.006721308197979377,170,-0.048632316291332245,0.008727276605406054,40
landmark-country,pcasub_matched_cf_k0_zero,cue1,0,zero,26,0.009827266447246075,0.0019634166074461302,170,0.009528274647891521,0.0038937333699390095,40
landmark-country,pcasub_matched_cf_k0_zero,cue1,0,zero,27,0.0,0.0,170,0.0,0.0,40
landmark-country,pcasub_matched_cf_k0_zero,target1,0,zero,0,-5.065658092498779,0.10806663165252696,170,-5.409633159637451,0.2167133737199916,40
landmark-country,pcasub_matched_cf_k0_zero,target1,0,zero,1,-3.943798780441284,0.12101671241799343,170,-4.086302757263184,0.2310751731524835,40
landmark-country,pcasub_matched_cf_k0_zero,target1,0,zero,2,-3.111724376678467,0.10872524298555886,170,-3.2019500732421875,0.22671425671172923,40
landmark-country,pcasub_matched_cf_k0_zero,target1,0,zero,3,-0.9679100513458252,0.05699688396620416,170,-1.0236040353775024,0.10616211100551617,40
landmark-country,pcasub_matched_cf_k0_zero,target1,0,zero,4,-0.7661377787590027,0.049170805771780436,170,-0.7760067582130432,0.09638266187951444,40
landmark-country,pcasub_matched_cf_k0_zero,target1,0,zero,5,-0.9125037789344788,0.04663427670356768,170,-0.8903029561042786,0.09641747532435732,40
landmark-country,pcasub_matched_cf_k0_zero,target1,0,zero,6,-0.5790768265724182,0.03976849470162456,170,-0.5489962100982666,0.08127987514307791,40
landmark-country,pcasub_matched_cf_k0_zero,target1,0,zero,7,-0.44346725940704346,0.03490159832400662,170,-0.37026387453079224,0.06560007959039131,40
landmark-country,pcasub_matched_cf_k0_zero,target1,0,zero,8,-0.2369508147239685,0.02876018821611201,170,-0.17960885167121887,0.053647904900074594,40
landmark-country,pcasub_matched_cf_k0_zero,target1,0,zero,9,-0.16247408092021942,0.02834979842927964,170,-0.1381085216999054,0.06449291968603375,40
landmark-country,pcasub_matched_cf_k0_zero,target1,0,zero,10,-0.4106443524360657,0.027955468208026094,170,-0.40248623490333557,0.06778179595773286,40
landmark-country,pcasub_matched_cf_k0_zero,target1,0,zero,11,-0.6034101843833923,0.029411690917070157,170,-0.5811540484428406,0.06579627041010346,40
landmark-country,pcasub_matched_cf_k0_zero,target1,0,zero,12,-0.14876186847686768,0.02213306882167632,170,-0.13019080460071564,0.06178642409402828,40
landmark-country,pcasub_matched_cf_k0_zero,target1,0,zero,13,-0.21510586142539978,0.018570005281605132,170,-0.20949609577655792,0.04921150906577764,40
landmark-country,pcasub_matched_cf_k0_zero,target1,0,zero,14,-0.183963343501091,0.01786149409429608,170,-0.15938502550125122,0.04496919300310275,40
landmark-country,pcasub_matched_cf_k0_zero,target1,0,zero,15,-0.238676518201828,0.016349924627363368,170,-0.2123773992061615,0.030706414920086814,40
landmark-country,pcasub_matched_cf_k0_zero,target1,0,zero,16,-0.1905602365732193,0.015082613244245658,170,-0.1722373068332672,0.034645150015787884,40
landmark-country,pcasub_matched_cf_k0_zero,target1,0,zero,17,-0.1205579861998558,0.011827835762796472,170,-0.09208828955888748,0.024437299492324642,40
landmark-country,pcasub_matched_cf_k0_zero,target1,0,zero,18,-0.08351071178913116,0.010510619953934036,170,-0.05804401636123657,0.018692079759054767,40
landmark-country,pcasub_matched_cf_k0_zero,target1,0,zero,19,-0.06476539373397827,0.00978829493449068,170,-0.03589241951704025,0.019142104084916768,40
landmark-country,pcasub_matched_cf_k0_zero,target1,0,zero,20,-0.06113523617386818,0.011826831182797625,170,-0.04309600591659546,0.022060598618465287,40
landmark-country,pcasub_matched_cf_k0_zero,target1,0,zero,21,0.059635598212480545,0.005901187487078388,170,0.07171782106161118,0.012629074249731635,40
landmark-country,pcasub_matched_cf_k0_zero,target1,0,zero,22,0.010243180207908154,0.008110058331401285,170,0.020480357110500336,0.01733423171595838,40
landmark-country,pcasub_matched_cf_k0_zero,target1,0,zero,23,-0.023778483271598816,0.00484304531699687,170,-0.007872357964515686,0.011934515867286302,40
landmark-country,pcasub_matched_cf_k0_zero,target1,0,zero,24,-0.0512172095477581,0.004110653640244259,170,-0.03894443437457085,0.007770538890809605,40
landmark-country,pcasub_matched_cf_k0_zero,target1,0,zero,25,0.0083627225831151,0.00242729185057372,170,0.006357436068356037,0.0042303898779081075,40
landmark-country,pcasub_matched_cf_k0_zero,target1,0,zero,26,0.013479524292051792,0.001308019730408835,170,0.01132575236260891,0.0023033203062394017,40
landmark-country,pcasub_matched_cf_k0_zero,target1,0,zero,27,0.0,0.0,170,0.0,0.0,40
landmark-country,pcasub_matched_cf_k0_zero,final_cue,0,zero,0,-12.447229385375977,0.24006334174309618,170,-12.704585075378418,0.4930210695640124,40
landmark-country,pcasub_matched_cf_k0_zero,final_cue,0,zero,1,-11.562841415405273,0.2228472862980246,170,-11.703964233398438,0.4861588815634396,40
landmark-country,pcasub_matched_cf_k0_zero,final_cue,0,zero,2,-9.513344764709473,0.19673742240664993,170,-9.51220703125,0.38271435857672376,40
landmark-country,pcasub_matched_cf_k0_zero,final_cue,0,zero,3,-10.591568946838379,0.20416848923115194,170,-10.602299690246582,0.35000042645401547,40
landmark-country,pcasub_matched_cf_k0_zero,final_cue,0,zero,4,-9.726276397705078,0.22257425996878188,170,-9.670515060424805,0.46037657584455327,40
landmark-country,pcasub_matched_cf_k0_zero,final_cue,0,zero,5,-8.79161262512207,0.17528809656098004,170,-8.998808860778809,0.330947312706026,40
landmark-country,pcasub_matched_cf_k0_zero,final_cue,0,zero,6,-8.853140830993652,0.2027482439718959,170,-8.925905227661133,0.4384965425202047,40
landmark-country,pcasub_matched_cf_k0_zero,final_cue,0,zero,7,-9.351287841796875,0.23804728797230607,170,-10.231383323669434,0.5161102056819621,40
landmark-country,pcasub_matched_cf_k0_zero,final_cue,0,zero,8,-9.060720443725586,0.1808293735490179,170,-9.29791259765625,0.4005155454127131,40
landmark-country,pcasub_matched_cf_k0_zero,final_cue,0,zero,9,-7.275594711303711,0.17847921864222932,170,-7.9052252769470215,0.31707704820293997,40
landmark-country,pcasub_matched_cf_k0_zero,final_cue,0,zero,10,-8.039331436157227,0.18011531031434322,170,-8.16828727722168,0.34772147464618486,40
landmark-country,pcasub_matched_cf_k0_zero,final_cue,0,zero,11,-8.17298698425293,0.20206709530373632,170,-8.256757736206055,0.43367799985999167,40
landmark-country,pcasub_matched_cf_k0_zero,final_cue,0,zero,12,-6.2377400398254395,0.18253240979224947,170,-5.8911519050598145,0.3768752372568125,40
landmark-country,pcasub_matched_cf_k0_zero,final_cue,0,zero,13,-5.196599960327148,0.2001196318323896,170,-4.6449785232543945,0.3915304346765401,40
landmark-country,pcasub_matched_cf_k0_zero,final_cue,0,zero,14,-3.6031410694122314,0.157081751524691,170,-3.0708961486816406,0.3104093028103797,40
landmark-country,pcasub_matched_cf_k0_zero,final_cue,0,zero,15,-3.742487668991089,0.1510230484081007,170,-3.203124523162842,0.3077238423047005,40
landmark-country,pcasub_matched_cf_k0_zero,final_cue,0,zero,16,-3.2014095783233643,0.1368923221417378,170,-2.794856309890747,0.287627474978688,40
landmark-country,pcasub_matched_cf_k0_zero,final_cue,0,zero,17,-2.1600310802459717,0.120702360021904,170,-1.7865527868270874,0.23972123448647262,40
landmark-country,pcasub_matched_cf_k0_zero,final_cue,0,zero,18,-2.0226917266845703,0.12169659021816814,170,-1.6718839406967163,0.24133428256238432,40
landmark-country,pcasub_matched_cf_k0_zero,final_cue,0,zero,19,-2.0516085624694824,0.12247497400157441,170,-1.7700484991073608,0.2716041110614996,40
landmark-country,pcasub_matched_cf_k0_zero,final_cue,0,zero,20,-1.9772651195526123,0.11373603773365998,170,-1.741320013999939,0.24502137884088188,40
landmark-country,pcasub_matched_cf_k0_zero,final_cue,0,zero,21,-1.6784976720809937,0.1087073411185487,170,-1.4623340368270874,0.2385490373371609,40
landmark-country,pcasub_matched_cf_k0_zero,final_cue,0,zero,22,-1.757574439048767,0.1073482255236593,170,-1.52178955078125,0.22948832469126135,40
landmark-country,pcasub_matched_cf_k0_zero,final_cue,0,zero,23,-1.5464664697647095,0.10707597634390376,170,-1.3833816051483154,0.22693365492394965,40
landmark-country,pcasub_matched_cf_k0_zero,final_cue,0,zero,24,-1.773724913597107,0.103625962911143,170,-1.558509111404419,0.21337409146298061,40
landmark-country,pcasub_matched_cf_k0_zero,final_cue,0,zero,25,-1.4540657997131348,0.1205405392128066,170,-1.2686116695404053,0.2493680645556717,40
landmark-country,pcasub_matched_cf_k0_zero,final_cue,0,zero,26,-1.831309199333191,0.09265990821466041,170,-1.716008186340332,0.21820714757881304,40
landmark-country,pcasub_matched_cf_k0_zero,final_cue,0,zero,27,-0.676471471786499,0.13400234091529623,170,-0.51483553647995,0.2674033703945812,40
landmark-country,pcasub_matched_cf_k0_mean,cue1,0,mean,0,0.0059576681815087795,0.0026563312331263386,170,0.0014394770842045546,0.006576202242457042,40
landmark-country,pcasub_matched_cf_k0_mean,cue1,0,mean,1,0.007834803313016891,0.0025657984607729894,170,0.0042215194553136826,0.006471017386503768,40
landmark-country,pcasub_matched_cf_k0_mean,cue1,0,mean,2,0.006925190798938274,0.002426355556871724,170,0.0040303803980350494,0.005550324168789344,40
landmark-country,pcasub_matched_cf_k0_mean,cue1,0,mean,3,0.002876241458579898,0.002187046943853085,170,0.0005872197216376662,0.004404220610546571,40
landmark-country,pcasub_matched_cf_k0_mean,cue1,0,mean,4,0.003756543155759573,0.0018663576365593214,170,0.00020722746558021754,0.00348053163653019,40
landmark-country,pcasub_matched_cf_k0_mean,cue1,0,mean,5,0.004081288818269968,0.0015555269848003092,170,0.0014855058398097754,0.0027869675200380035,40
landmark-country,pcasub_matched_cf_k0_mean,cue1,0,mean,6,0.001173083670437336,0.0011976558603009604,170,0.0019956822507083416,0.0024023831816334163,40
landmark-country,pcasub_matched_cf_k0_mean,cue1,0,mean,7,0.004886939190328121,0.0009646776584311936,170,0.0031073326244950294,0.0018458980349952735,40
landmark-country,pcasub_matched_cf_k0_mean,cue1,0,mean,8,0.0022358892019838095,0.0009226866573403471,170,0.002579911844804883,0.0018502651773786372,40
landmark-country,pcasub_matched_cf_k0_mean,cue1,0,mean,9,0.00229168264195323,0.0009476970849950666,170,0.0022544467356055975,0.002115641268945758,40
landmark-country,pcasub_matched_cf_k0_mean,cue1,0,mean,10,0.0009704211261123419,0.0007892307330866418,170,0.000431879423558712,0.0017436236746823943,40
landmark-country,pcasub_matched_cf_k0_mean,cue1,0,mean,11,-0.00010152884351555258,0.0006375952965969919,170,-0.00043575334711931646,0.0013702053905869315,40
landmark-country,pcasub_matched_cf_k0_mean,cue1,0,mean,12,0.0003227348788641393,0.0005758653056802687,170,-0.0005326218670234084,0.0012287885821002163,40
landmark-country,pcasub_matched_cf_k0_mean,cue1,0,mean,13,0.0009450683719478548,0.00042228824548337803,170,5.746558235841803e-05,0.0009323403542020036,40
landmark-country,pcasub_matched_cf_k0_mean,cue1,0,mean,14,1.6607169527560472e-05,0.00037806122531660165,170,-0.0009491719538345933,0.0008551995557990852,40
landmark-country,pcasub_matched_cf_k0_mean,cue1,0,mean,15,-0.00011375020403647795,0.00036155072731935446,170,-0.0011585239553824067,0.0008198791118927143,40
landmark-country,pcasub_matched_cf_k0_mean,cue1,0,mean,16,-0.00032615099917165935,0.0003158858020283764,170,-0.0007564019178971648,0.0007492804126456681,40
landmark-country,pcasub_matched_cf_k0_mean,cue1,0,mean,17,-0.0003704116097651422,0.0003157559794922627,170,-0.0008282886701636016,0.0006443679048678007,40
landmark-country,pcasub_matched_cf_k0_mean,cue1,0,mean,18,-0.000768204452469945,0.00030493024427858827,170,-0.0011157203698530793,0.000665154056568231,40
landmark-country,pcasub_matched_cf_k0_mean,cue1,0,mean,19,-0.0006725868443027139,0.000296299045644091,170,-0.0014686642680317163,0.0007174206091665633,40
landmark-country,pcasub_matched_cf_k0_mean,cue1,0,mean,20,-0.00031405495246872306,0.00028724193266174686,170,-0.0006766494479961693,0.0007393117626016521,40
landmark-country,pcasub_matched_cf_k0_mean,cue1,0,mean,21,-0.00014403545355889946,0.00024945436028834183,170,-0.00027334672631695867,0.0005971864365448,40
landmark-country,pcasub_matched_cf_k0_mean,cue1,0,mean,22,-0.0002998479176312685,0.0002529819260970033,170,-0.0007690049824304879,0.0006459573756465722,40
landmark-country,pcasub_matched_cf_k0_mean,cue1,0,mean,23,4.546020136331208e-05,0.00022974806716997872,170,-4.374682976049371e-05,0.0004555548565988632,40
landmark-country,pcasub_matched_cf_k0_mean,cue1,0,mean,24,-0.0001207857858389616,0.00021346267823603953,170,-0.0003768963797483593,0.0005141678800475647,40
landmark-country,pcasub_matched_cf_k0_mean,cue1,0,mean,25,-6.581255729543045e-05,0.00022022966453799373,170,-6.489492807304487e-05,0.0003623302749514993,40
landmark-country,pcasub_matched_cf_k0_mean,cue1,0,mean,26,-0.0003027788770850748,0.0001484898114394021,170,-0.0005083102732896805,0.0004563310378546446,40
landmark-country,pcasub_matched_cf_k0_mean,cue1,0,mean,27,0.0,0.0,170,0.0,0.0,40
landmark-country,pcasub_matched_cf_k0_mean,target1,0,mean,0,-0.02303168550133705,0.008368564536769887,170,-0.018737684935331345,0.019887215707702605,40
landmark-country,pcasub_matched_cf_k0_mean,target1,0,mean,1,-0.018226923421025276,0.007013551262592505,170,-0.022517958655953407,0.01967899827529416,40
landmark-country,pcasub_matched_cf_k0_mean,target1,0,mean,2,-0.019355520606040955,0.006441028664000973,170,-0.02638826332986355,0.01845162643382416,40
landmark-country,pcasub_matched_cf_k0_mean,target1,0,mean,3,-0.01854977011680603,0.005589467113443264,170,-0.0203680582344532,0.014234507473604068,40
landmark-country,pcasub_matched_cf_k0_mean,target1,0,mean,4,-0.01142211351543665,0.004954819413421385,170,-0.012882968410849571,0.01293826151015454,40
landmark-country,pcasub_matched_cf_k0_mean,target1,0,mean,5,-0.0049559795297682285,0.0043405598873351315,170,-0.008099118247628212,0.010286497667181285,40
landmark-country,pcasub_matched_cf_k0_mean,target1,0,mean,6,-0.0032661743462085724,0.004001133563049238,170,-0.006942556705325842,0.008537576198334739,40
landmark-country,pcasub_matched_cf_k0_mean,target1,0,mean,7,-0.00016426935326308012,0.003484630870946262,170,-0.0016702553257346153,0.00862617306982562,40
landmark-country,pcasub_matched_cf_k0_mean,target1,0,mean,8,0.0014749430119991302,0.0029299452816687133,170,0.003182264743372798,0.006321789140514599,40
landmark-country,pcasub_matched_cf_k0_mean,target1,0,mean,9,0.0019396913703531027,0.00257621054960062,170,0.0031527322717010975,0.005197365645623407,40
landmark-country,pcasub_matched_cf_k0_mean,target1,0,mean,10,-0.013010416179895401,0.002352655928125319,170,-0.010803674347698689,0.005846431059531249,40
landmark-country,pcasub_matched_cf_k0_mean,target1,0,mean,11,-0.024005655199289322,0.0026818808796669575,170,-0.017828568816184998,0.005576058457588503,40
landmark-country,pcasub_matched_cf_k0_mean,target1,0,mean,12,-0.005249169655144215,0.0015717928378532983,170,-0.0042498609982430935,0.0033413255677879343,40
landmark-country,pcasub_matched_cf_k0_mean,target1,0,mean,13,-0.008126324974000454,0.0016140494840675597,170,-0.00787876732647419,0.0026756630396059275,40
landmark-country,pcasub_matched_cf_k0_mean,target1,0,mean,14,-0.007446606643497944,0.0014441846063445824,170,-0.007357961032539606,0.0023581411445639314,40
landmark-country,pcasub_matched_cf_k0_mean,target1,0,mean,15,-0.00830614473670721,0.0017594170099415423,170,-0.008045041933655739,0.0027647125730547437,40
landmark-country,pcasub_matched_cf_k0_mean,target1,0,mean,16,-0.004797152243554592,0.0012135203527870043,170,-0.0035576592199504375,0.0019842214570960654,40
landmark-country,pcasub_matched_cf_k0_mean,target1,0,mean,17,-0.004708229564130306,0.0010714954982871687,170,-0.003679963294416666,0.0018798529830213824,40
landmark-country,pcasub_matched_cf_k0_mean,target1,0,mean,18,-0.004153398796916008,0.0010484600160525356,170,-0.0035610373597592115,0.0021130994998969925,40
landmark-country,pcasub_matched_cf_k0_mean,target1,0,mean,19,-0.0020589071791619062,0.0008111769203139935,170,-0.0027547823265194893,0.001892119621414307,40
landmark-country,pcasub_matched_cf_k0_mean,target1,0,mean,20,-0.0005504200817085803,0.0007837324718941518,170,-0.0017458538059145212,0.0017408200861927675,40
landmark-country,pcasub_matched_cf_k0_mean,target1,0,mean,21,0.0017734197899699211,0.000694754069944307,170,-0.0019272677600383759,0.001658001060259293,40
landmark-country,pcasub_matched_cf_k0_mean,target1,0,mean,22,-0.0007789304363541305,0.0006000194046009035,170,-0.001197443692944944,0.001583399748452197,40
landmark-country,pcasub_matched_cf_k0_mean,target1,0,mean,23,-0.0010300829308107495,0.0004711838411930002,170,-0.0019018014427274466,0.0012091858454371769,40
landmark-country,pcasub_matched_cf_k0_mean,target1,0,mean,24,-0.00023481824609916657,0.0003260828175926024,170,-0.0014417057391256094,0.0007559904561616652,40
landmark-country,pcasub_matched_cf_k0_mean,target1,0,mean,25,0.0009897141717374325,0.00031761238818680274,170,2.974569724756293e-05,0.0005547047229010264,40
landmark-country,pcasub_matched_cf_k0_mean,target1,0,mean,26,1.8489974536350928e-05,0.00016812441644617945,170,-0.0007911395514383912,0.00037323027623769017,40
landmark-country,pcasub_matched_cf_k0_mean,target1,0,mean,27,0.0,0.0,170,0.0,0.0,40
landmark-country,pcasub_matched_cf_k0_mean,final_cue,0,mean,0,-0.05775105953216553,0.017869927309098678,170,-0.05125822871923447,0.0389829415268499,40
landmark-country,pcasub_matched_cf_k0_mean,final_cue,0,mean,1,-0.05729222670197487,0.0177687413030033,170,-0.051308196038007736,0.03886421863258672,40
landmark-country,pcasub_matched_cf_k0_mean,final_cue,0,mean,2,-0.056262362748384476,0.017824854924577072,170,-0.05104512721300125,0.03900003017840955,40
landmark-country,pcasub_matched_cf_k0_mean,final_cue,0,mean,3,-0.05855342745780945,0.01784154306694698,170,-0.05174083635210991,0.03898691859066249,40
landmark-country,pcasub_matched_cf_k0_mean,final_cue,0,mean,4,-0.056404393166303635,0.017766840715360433,170,-0.05073028802871704,0.039123649007863824,40
landmark-country,pcasub_matched_cf_k0_mean,final_cue,0,mean,5,-0.05849520117044449,0.017805681046715136,170,-0.051844678819179535,0.0391851945415797,40
landmark-country,pcasub_matched_cf_k0_mean,final_cue,0,mean,6,-0.0556422621011734,0.017848479126119903,170,-0.05034390836954117,0.03967219166002405,40
landmark-country,pcasub_matched_cf_k0_mean,final_cue,0,mean,7,-0.06476378440856934,0.01779530038672706,170,-0.05582501366734505,0.039473986391520575,40
landmark-country,pcasub_matched_cf_k0_mean,final_cue,0,mean,8,-0.05665414407849312,0.01789479494982097,170,-0.05059661343693733,0.03985915606866387,40
landmark-country,pcasub_matched_cf_k0_mean,final_cue,0,mean,9,-0.053512897342443466,0.017717225434939605,170,-0.05093950033187866,0.03901277892976613,40
landmark-country,pcasub_matched_cf_k0_mean,final_cue,0,mean,10,-0.07083592563867569,0.01807658278640397,170,-0.06506006419658661,0.0392875709496274,40
landmark-country,pcasub_matched_cf_k0_mean,final_cue,0,mean,11,-0.05984283983707428,0.01798371456555501,170,-0.05635399743914604,0.03843376037688564,40
landmark-country,pcasub_matched_cf_k0_mean,final_cue,0,mean,12,-0.07438857108354568,0.017544862821622226,170,-0.06480683386325836,0.03730058463211423,40
landmark-country,pcasub_matched_cf_k0_mean,final_cue,0,mean,13,-0.08812910318374634,0.017274087940158504,170,-0.07526393979787827,0.03585539315233045,40
landmark-country,pcasub_matched_cf_k0_mean,final_cue,0,mean,14,-0.11099046468734741,0.017420606904427066,170,-0.09600308537483215,0.03667651782088263,40
landmark-country,pcasub_matched_cf_k0_mean,final_cue,0,mean,15,-0.10920495539903641,0.01742139548258316,170,-0.09507229924201965,0.03650098511462354,40
landmark-country,pcasub_matched_cf_k0_mean,final_cue,0,mean,16,-0.118210569024086,0.017630641839134622,170,-0.10471836477518082,0.03623297153823906,40
landmark-country,pcasub_matched_cf_k0_mean,final_cue,0,mean,17,-0.1344875544309616,0.018125202629761094,170,-0.12469186633825302,0.03651211288262523,40
landmark-country,pcasub_matched_cf_k0_mean,final_cue,0,mean,18,-0.14025047421455383,0.018264249530283976,170,-0.12834104895591736,0.03644962962888719,40
landmark-country,pcasub_matched_cf_k0_mean,final_cue,0,mean,19,-0.13663725554943085,0.01829281091680407,170,-0.12087063491344452,0.03700015845687326,40
landmark-country,pcasub_matched_cf_k0_mean,final_cue,0,mean,20,-0.13052615523338318,0.01806925472388679,170,-0.11555914580821991,0.03671887307927059,40
landmark-country,pcasub_matched_cf_k0_mean,final_cue,0,mean,21,-0.13024722039699554,0.018516171679482666,170,-0.12046875804662704,0.038424722452249926,40
landmark-country,pcasub_matched_cf_k0_mean,final_cue,0,mean,22,-0.13307823240756989,0.018329722088843585,170,-0.1204775720834732,0.03706890888462876,40
landmark-country,pcasub_matched_cf_k0_mean,final_cue,0,mean,23,-0.1286318302154541,0.01863208352549287,170,-0.11202714592218399,0.037381968363283884,40
landmark-country,pcasub_matched_cf_k0_mean,final_cue,0,mean,24,-0.1321554034948349,0.01821459882098947,170,-0.11904628574848175,0.03617144485316685,40
landmark-country,pcasub_matched_cf_k0_mean,final_cue,0,mean,25,-0.12219320982694626,0.020806012928866142,170,-0.11485309898853302,0.042750552142828226,40
landmark-country,pcasub_matched_cf_k0_mean,final_cue,0,mean,26,-0.11294300109148026,0.023829631866826576,170,-0.11886992305517197,0.05801313296806645,40
landmark-country,pcasub_matched_cf_k0_mean,final_cue,0,mean,27,-0.051669299602508545,0.030282173771906475,170,-0.06802167743444443,0.07604926343513611,40
landmark-country,pcasub_matched_cf_k2_zero,cue1,2,zero,0,-2.545170307159424,0.10896070099429864,170,-2.8222391605377197,0.2596820800645586,40
landmark-country,pcasub_matched_cf_k2_zero,cue1,2,zero,1,-2.4355645179748535,0.1134888676250019,170,-2.5903234481811523,0.27730328120222386,40
landmark-country,pcasub_matched_cf_k2_zero,cue1,2,zero,2,-2.511408567428589,0.0843369754957562,170,-2.7120299339294434,0.21539504303637189,40
landmark-country,pcasub_matched_cf_k2_zero,cue1,2,zero,3,-1.647297978401184,0.07800554776678292,170,-1.9133045673370361,0.1852074888668393,40
landmark-country,pcasub_matched_cf_k2_zero,cue1,2,zero,4,-1.3128278255462646,0.07874933468360776,170,-1.4164583683013916,0.18028311107246667,40
landmark-country,pcasub_matched_cf_k2_zero,cue1,2,zero,5,-0.57169508934021,0.04990221772588912,170,-0.5999188423156738,0.1409436733676436,40
landmark-country,pcasub_matched_cf_k2_zero,cue1,2,zero,6,-0.7576497793197632,0.05516698492639476,170,-0.7562722563743591,0.1156318297945495,40
landmark-country,pcasub_matched_cf_k2_zero,cue1,2,zero,7,-0.8121634125709534,0.052904771341279896,170,-0.8231868743896484,0.11308625449780449,40
landmark-country,pcasub_matched_cf_k2_zero,cue1,2,zero,8,-0.5748569965362549,0.03198056083261778,170,-0.5061932802200317,0.061440749393597296,40
landmark-country,pcasub_matched_cf_k2_zero,cue1,2,zero,9,-0.3524998426437378,0.026027282615428575,170,-0.2705446481704712,0.03450748423464485,40
landmark-country,pcasub_matched_cf_k2_zero,cue1,2,zero,10,-0.27384355664253235,0.01837511561896209,170,-0.2692057192325592,0.03779655134886102,40
landmark-country,pcasub_matched_cf_k2_zero,cue1,2,zero,11,-0.03842448815703392,0.011485621414725386,170,-0.0033194064162671566,0.019102565520715983,40
landmark-country,pcasub_matched_cf_k2_zero,cue1,2,zero,12,-0.19234125316143036,0.02041002097915034,170,-0.16026060283184052,0.03768264428305337,40
landmark-country,pcasub_matched_cf_k2_zero,cue1,2,zero,13,-0.0331900529563427,0.005867400913124022,170,-0.029817497357726097,0.01054484306740762,40
landmark-country,pcasub_matched_cf_k2_zero,cue1,2,zero,14,0.005565803963690996,0.004495609495808914,170,-0.002278032945469022,0.011951310008788742,40
landmark-country,pcasub_matched_cf_k2_zero,cue1,2,zero,15,0.01765681803226471,0.003846925104608619,170,0.01414559781551361,0.006091118261344334,40
landmark-country,pcasub_matched_cf_k2_zero,cue1,2,zero,16,0.022748878225684166,0.003312042541417539,170,0.013617115095257759,0.0051001519988786255,40
landmark-country,pcasub_matched_cf_k2_zero,cue1,2,zero,17,0.008757410570979118,0.003179933128651195,170,0.007074025459587574,0.005521201247271908,40
landmark-country,pcasub_matched_cf_k2_zero,cue1,2,zero,18,0.004630952142179012,0.002479112006947645,170,0.012220210395753384,0.005366714818721281,40
landmark-country,pcasub_matched_cf_k2_zero,cue1,2,zero,19,0.0076414369978010654,0.002159131562844194,170,0.009418880566954613,0.004571484357929328,40
landmark-country,pcasub_matched_cf_k2_zero,cue1,2,zero,20,0.015239005908370018,0.002606769381732755,170,0.012817400507628918,0.005284154814383124,40
landmark-country,pcasub_matched_cf_k2_zero,cue1,2,zero,21,0.028238577768206596,0.0027410713846330995,170,0.02360934019088745,0.0058458202456725915,40
landmark-country,pcasub_matched_cf_k2_zero,cue1,2,zero,22,0.0422884039580822,0.004255467447108639,170,0.023971859365701675,0.008473153301359906,40
landmark-country,pcasub_matched_cf_k2_zero,cue1,2,zero,23,-0.00032584037398919463,0.0020798561722441254,170,0.0001910129503812641,0.00304230980121095,40
landmark-country,pcasub_matched_cf_k2_zero,cue1,2,zero,24,0.012400870211422443,0.00206401460852512,170,0.010134025476872921,0.003960413981012425,40
landmark-country,pcasub_matched_cf_k2_zero,cue1,2,zero,25,-0.0724557489156723,0.0068593848045101985,170,-0.05183099955320358,0.008553088632068193,40
landmark-country,pcasub_matched_cf_k2_zero,cue1,2,zero,26,0.009450996294617653,0.002099541340182265,170,0.009150339290499687,0.003975189256072679,40
landmark-country,pcasub_matched_cf_k2_zero,cue1,2,zero,27,0.0,0.0,170,0.0,0.0,40
landmark-country,pcasub_matched_cf_k2_zero,target1,2,zero,0,-5.178930759429932,0.10794741692119632,170,-5.55667781829834,0.21330374832483573,40
landmark-country,pcasub_matched_cf_k2_zero,target1,2,zero,1,-4.084039211273193,0.12393373844658825,170,-4.278777122497559,0.2489678136075187,40
landmark-country,pcasub_matched_cf_k2_zero,target1,2,zero,2,-3.2263877391815186,0.10792167041583339,170,-3.356337308883667,0.22296166139650778,40
landmark-country,pcasub_matched_cf_k2_zero,target1,2,zero,3,-1.0062384605407715,0.060154570333635166,170,-1.0598430633544922,0.10338145542502433,40
landmark-country,pcasub_matched_cf_k2_zero,target1,2,zero,4,-0.8062837719917297,0.05445949089062038,170,-0.8377741575241089,0.11311195462343701,40
landmark-country,pcasub_matched_cf_k2_zero,target1,2,zero,5,-0.9745309352874756,0.05008069239134965,170,-0.9314225912094116,0.10791042637266497,40
landmark-country,pcasub_matched_cf_k2_zero,target1,2,zero,6,-0.6078431010246277,0.04176875862342256,170,-0.5764462351799011,0.08719551253193324,40
landmark-country,pcasub_matched_cf_k2_zero,target1,2,zero,7,-0.45974454283714294,0.03569838226438834,170,-0.39189982414245605,0.06881876351309481,40
landmark-country,pcasub_matched_cf_k2_zero,target1,2,zero,8,-0.23839111626148224,0.028713369530978073,170,-0.176248699426651,0.0530330103100648,40
landmark-country,pcasub_matched_cf_k2_zero,target1,2,zero,9,-0.1279556304216385,0.028257372497918223,170,-0.10247049480676651,0.061996718411360174,40
landmark-country,pcasub_matched_cf_k2_zero,target1,2,zero,10,-0.4020402729511261,0.027818463610640796,170,-0.4027182161808014,0.06665046266787937,40
landmark-country,pcasub_matched_cf_k2_zero,target1,2,zero,11,-0.5852386951446533,0.029521751284588792,170,-0.5746233463287354,0.06670139170305286,40
landmark-country,pcasub_matched_cf_k2_zero,target1,2,zero,12,-0.15558889508247375,0.021941026040463458,170,-0.14535440504550934,0.06137476500429913,40
landmark-country,pcasub_matched_cf_k2_zero,target1,2,zero,13,-0.21298106014728546,0.018484186263751486,170,-0.21326029300689697,0.05024711951879596,40
landmark-country,pcasub_matched_cf_k2_zero,target1,2,zero,14,-0.18626771867275238,0.018159877211291232,170,-0.16828598082065582,0.04682471474323753,40
landmark-country,pcasub_matched_cf_k2_zero,target1,2,zero,15,-0.2401295006275177,0.016340266259251595,170,-0.21723170578479767,0.031547719417759135,40
landmark-country,pcasub_matched_cf_k2_zero,target1,2,zero,16,-0.18613788485527039,0.014947352661738906,170,-0.1727266013622284,0.03489361048045397,40
landmark-country,pcasub_matched_cf_k2_zero,target1,2,zero,17,-0.1188608705997467,0.011688331715516437,170,-0.09620167315006256,0.024836122655720272,40
landmark-country,pcasub_matched_cf_k2_zero,target1,2,zero,18,-0.07980883866548538,0.01043709932671473,170,-0.057326339185237885,0.019344611556335992,40
landmark-country,pcasub_matched_cf_k2_zero,target1,2,zero,19,-0.05913815647363663,0.00960075962030336,170,-0.03219013288617134,0.01889814491196511,40
landmark-country,pcasub_matched_cf_k2_zero,target1,2,zero,20,-0.05729018896818161,0.011626735761457495,170,-0.039953917264938354,0.021825824625177948,40
landmark-country,pcasub_matched_cf_k2_zero,target1,2,zero,21,0.06090746447443962,0.00590310178912397,170,0.07170768082141876,0.0126835586103158,40
landmark-country,pcasub_matched_cf_k2_zero,target1,2,zero,22,0.012698975391685963,0.007896266793216818,170,0.022848403081297874,0.01731999274371231,40
landmark-country,pcasub_matched_cf_k2_zero,target1,2,zero,23,-0.020959356799721718,0.004763424923453513,170,-0.006031677592545748,0.011985805382769834,40
landmark-country,pcasub_matched_cf_k2_zero,target1,2,zero,24,-0.04633930325508118,0.003984302562317718,170,-0.03428950905799866,0.007293432009106532,40
landmark-country,pcasub_matched_cf_k2_zero,target1,2,zero,25,0.012053783051669598,0.002667562471799445,170,0.00962031353265047,0.004773491751271407,40
landmark-country,pcasub_matched_cf_k2_zero,target1,2,zero,26,0.015077318996191025,0.0014051494161846413,170,0.013251295313239098,0.0024455445140479626,40
landmark-country,pcasub_matched_cf_k2_zero,target1,2,zero,27,0.0,0.0,170,0.0,0.0,40
landmark-country,pcasub_matched_cf_k2_zero,final_cue,2,zero,0,-11.571389198303223,0.23355488850388254,170,-11.934191703796387,0.4885194479983247,40
landmark-country,pcasub_matched_cf_k2_zero,final_cue,2,zero,1,-11.134560585021973,0.23142954008639205,170,-11.159363746643066,0.4824296774150022,40
landmark-country,pcasub_matched_cf_k2_zero,final_cue,2,zero,2,-9.558676719665527,0.20351945055121484,170,-9.30601692199707,0.41020529384352955,40
landmark-country,pcasub_matched_cf_k2_zero,final_cue,2,zero,3,-10.530725479125977,0.2029763236319752,170,-10.496877670288086,0.32435646977960486,40
landmark-country,pcasub_matched_cf_k2_zero,final_cue,2,zero,4,-8.759880065917969,0.220747556384805,170,-8.577341079711914,0.4467642738786192,40
landmark-country,pcasub_matched_cf_k2_zero,final_cue,2,zero,5,-8.447001457214355,0.20529857430070714,170,-8.446320533752441,0.403300319421845,40
landmark-country,pcasub_matched_cf_k2_zero,final_cue,2,zero,6,-8.47985553741455,0.1956237580486117,170,-8.418867111206055,0.434295594518206,40
landmark-country,pcasub_matched_cf_k2_zero,final_cue,2,zero,7,-9.149890899658203,0.23291899736468122,170,-10.106439590454102,0.47778397681716556,40
landmark-country,pcasub_matched_cf_k2_zero,final_cue,2,zero,8,-8.353200912475586,0.19325674356941927,170,-8.558398246765137,0.43918930556934127,40
landmark-country,pcasub_matched_cf_k2_zero,final_cue,2,zero,9,-6.9293742179870605,0.18826993074019846,170,-7.411150932312012,0.336637529741011,40
landmark-country,pcasub_matched_cf_k2_zero,final_cue,2,zero,10,-8.024477005004883,0.2078993553456379,170,-7.826983451843262,0.39172171071241746,40
landmark-country,pcasub_matched_cf_k2_zero,final_cue,2,zero,11,-7.405948638916016,0.20426876894380125,170,-7.262259006500244,0.43876494720594517,40
landmark-country,pcasub_matched_cf_k2_zero,final_cue,2,zero,12,-5.337364196777344,0.20134410856436197,170,-4.714901447296143,0.39811008150862626,40
landmark-country,pcasub_matched_cf_k2_zero,final_cue,2,zero,13,-4.15242862701416,0.19266354993733611,170,-3.5207679271698,0.36522564455535556,40
landmark-country,pcasub_matched_cf_k2_zero,final_cue,2,zero,14,-2.9658896923065186,0.15902784355576624,170,-2.43684983253479,0.3049298136115308,40
landmark-country,pcasub_matched_cf_k2_zero,final_cue,2,zero,15,-2.942934036254883,0.15462462427672835,170,-2.432105541229248,0.30834648839941614,40
landmark-country,pcasub_matched_cf_k2_zero,final_cue,2,zero,16,-2.370655059814453,0.1419242553558897,170,-1.9863601922988892,0.2927201900096019,40
landmark-country,pcasub_matched_cf_k2_zero,final_cue,2,zero,17,-1.2730681896209717,0.12076043594593285,170,-0.8531278371810913,0.2367382858378832,40
landmark-country,pcasub_matched_cf_k2_zero,final_cue,2,zero,18,-1.069708228111267,0.11770151156391741,170,-0.6747453808784485,0.22391757035980323,40
landmark-country,pcasub_matched_cf_k2_zero,final_cue,2,zero,19,-1.0879592895507812,0.12078098012119935,170,-0.7716869115829468,0.25570311253896194,40
landmark-country,pcasub_matched_cf_k2_zero,final_cue,2,zero,20,-1.0609990358352661,0.11420059026827996,170,-0.8004077672958374,0.23104859656492072,40
landmark-country,pcasub_matched_cf_k2_zero,final_cue,2,zero,21,-0.799470067024231,0.11094581507256455,170,-0.5638805031776428,0.2343040212062815,40
landmark-country,pcasub_matched_cf_k2_zero,final_cue,2,zero,22,-0.9651368856430054,0.11183332892983865,170,-0.7645829916000366,0.23039788483979307,40
landmark-country,pcasub_matched_cf_k2_zero,final_cue,2,zero,23,-0.8037846088409424,0.1133269828153585,170,-0.6477925181388855,0.2273503984353065,40
landmark-country,pcasub_matched_cf_k2_zero,final_cue,2,zero,24,-1.1195614337921143,0.10856235245304971,170,-0.8746265172958374,0.22000828626982333,40
landmark-country,pcasub_matched_cf_k2_zero,final_cue,2,zero,25,-0.8330749273300171,0.12397810911083762,170,-0.6272059679031372,0.25234639528656405,40
landmark-country,pcasub_matched_cf_k2_zero,final_cue,2,zero,26,-1.2178678512573242,0.09978152325630968,170,-1.0257478952407837,0.22210906184912127,40
landmark-country,pcasub_matched_cf_k2_zero,final_cue,2,zero,27,-0.3543565273284912,0.14849559370301746,170,-0.22814662754535675,0.2961590873483642,40
landmark-country,pcasub_matched_cf_k2_mean,cue1,2,mean,0,-0.020288050174713135,0.004735130110636184,170,-0.02767607942223549,0.011456475388701868,40
landmark-country,pcasub_matched_cf_k2_mean,cue1,2,mean,1,-0.018443306908011436,0.0047765647498377375,170,-0.025093164294958115,0.011721996231962108,40
landmark-country,pcasub_matched_cf_k2_mean,cue1,2,mean,2,-0.014249066822230816,0.004885467393193878,170,-0.0238741934299469,0.01102201886446408,40
landmark-country,pcasub_matched_cf_k2_mean,cue1,2,mean,3,-0.01859380677342415,0.00479934208701294,170,-0.02760321833193302,0.010249024207501668,40
landmark-country,pcasub_matched_cf_k2_mean,cue1,2,mean,4,-0.01635785587131977,0.0038985292591397886,170,-0.021631207317113876,0.00874379979765586,40
landmark-country,pcasub_matched_cf_k2_mean,cue1,2,mean,5,-0.018505951389670372,0.003426005799375375,170,-0.02347993478178978,0.007737478369827248,40
landmark-country,pcasub_matched_cf_k2_mean,cue1,2,mean,6,-0.016986630856990814,0.002795881280798812,170,-0.017995305359363556,0.005988482684446284,40
landmark-country,pcasub_matched_cf_k2_mean,cue1,2,mean,7,-0.008043366484344006,0.00243820765798439,170,-0.011414485983550549,0.0045633231897339345,40
landmark-country,pcasub_matched_cf_k2_mean,cue1,2,mean,8,-0.0023113670758903027,0.002014501614691207,170,-0.006980522070080042,0.003582561406240555,40
landmark-country,pcasub_matched_cf_k2_mean,cue1,2,mean,9,0.007650408428162336,0.002335497210312264,170,0.005357580725103617,0.004736934217869719,40
landmark-country,pcasub_matched_cf_k2_mean,cue1,2,mean,10,0.004688948858529329,0.0016604097367190873,170,0.0026309341192245483,0.00314987901058741,40
landmark-country,pcasub_matched_cf_k2_mean,cue1,2,mean,11,0.0022798539139330387,0.0009840354664337027,170,0.000534751801751554,0.0017419602818792624,40
landmark-country,pcasub_matched_cf_k2_mean,cue1,2,mean,12,0.0035191159695386887,0.0008548012924823154,170,0.0018550986424088478,0.0015973275708228243,40
landmark-country,pcasub_matched_cf_k2_mean,cue1,2,mean,13,0.00109078676905483,0.0004761930624991065,170,-0.0004970465088263154,0.00097783494254481,40
landmark-country,pcasub_matched_cf_k2_mean,cue1,2,mean,14,0.00028742305585183203,0.0003929301021659904,170,-0.0007908992702141404,0.0009338261574406366,40
landmark-country,pcasub_matched_cf_k2_mean,cue1,2,mean,15,-6.349560135276988e-05,0.00038495839130057356,170,-0.0014245621860027313,0.0007609489011123958,40
landmark-country,pcasub_matched_cf_k2_mean,cue1,2,mean,16,0.00014003967226017267,0.00037936216498660907,170,-0.00033387745497748256,0.0008905993701658747,40
landmark-country,pcasub_matched_cf_k2_mean,cue1,2,mean,17,5.62473687750753e-05,0.00033085217970956447,170,-0.0005351638537831604,0.0007738331270952933,40
landmark-country,pcasub_matched_cf_k2_mean,cue1,2,mean,18,-0.0005292037385515869,0.00032213671249901215,170,-0.0016060800990089774,0.0007432015041822757,40
landmark-country,pcasub_matched_cf_k2_mean,cue1,2,mean,19,-0.0003038994618691504,0.0003138161415145421,170,-0.000997761613689363,0.0007901483216171929,40
landmark-country,pcasub_matched_cf_k2_mean,cue1,2,mean,20,-0.0005240975297056139,0.00029177784635854185,170,-0.000856042664963752,0.0007565742487225731,40
landmark-country,pcasub_matched_cf_k2_mean,cue1,2,mean,21,-0.0002486863231752068,0.0002677235340034921,170,-0.0008579542627558112,0.0006357746167909632,40
landmark-country,pcasub_matched_cf_k2_mean,cue1,2,mean,22,-0.000488835561554879,0.0002634516404162488,170,-0.0012923512840643525,0.0006287756589088415,40
landmark-country,pcasub_matched_cf_k2_mean,cue1,2,mean,23,6.873463280498981e-05,0.00023066896788351138,170,-0.00028111282153986394,0.0004707898250446674,40
landmark-country,pcasub_matched_cf_k2_mean,cue1,2,mean,24,2.421543831587769e-05,0.00021502347726581672,170,-0.0008377961930818856,0.0005329593887580146,40
landmark-country,pcasub_matched_cf_k2_mean,cue1,2,mean,25,-0.0002048527094302699,0.0002179076447283742,170,-0.00021501425362657756,0.000362896765046546,40
landmark-country,pcasub_matched_cf_k2_mean,cue1,2,mean,26,-0.0003338757378514856,0.00015652479963036486,170,-0.0005228174850344658,0.00045823187939140325,40
landmark-country,pcasub_matched_cf_k2_mean,cue1,2,mean,27,0.0,0.0,170,0.0,0.0,40
landmark-country,pcasub_matched_cf_k2_mean,target1,2,mean,0,-0.018920747563242912,0.009771011358469578,170,-0.0140908258035779,0.024663838984412344,40
landmark-country,pcasub_matched_cf_k2_mean,target1,2,mean,1,-0.00924820639193058,0.008503515402348668,170,-0.014240853488445282,0.024558225321815768,40
landmark-country,pcasub_matched_cf_k2_mean,target1,2,mean,2,-0.008981578052043915,0.007884834695687288,170,-0.016954006627202034,0.022532132780865802,40
landmark-country,pcasub_matched_cf_k2_mean,target1,2,mean,3,-0.009394117631018162,0.007258027633984047,170,-0.01234651543200016,0.01821149117945534,40
landmark-country,pcasub_matched_cf_k2_mean,target1,2,mean,4,-0.00842785369604826,0.006364874300027013,170,-0.01375467050820589,0.016682080425671077,40
landmark-country,pcasub_matched_cf_k2_mean,target1,2,mean,5,0.0052910055965185165,0.005479522746914259,170,-0.002461682539433241,0.013537412770546028,40
landmark-country,pcasub_matched_cf_k2_mean,target1,2,mean,6,0.008043927140533924,0.005064947781520145,170,0.0001576628565089777,0.01164413248499625,40
landmark-country,pcasub_matched_cf_k2_mean,target1,2,mean,7,0.01142177265137434,0.004413328793855643,170,0.0055124470964074135,0.011445976694182385,40
landmark-country,pcasub_matched_cf_k2_mean,target1,2,mean,8,0.007502020802348852,0.0035414693558468457,170,0.007152724079787731,0.008655605815923244,40
landmark-country,pcasub_matched_cf_k2_mean,target1,2,mean,9,0.011651642620563507,0.002889913225861453,170,0.012541322037577629,0.0055375942660764255,40
landmark-country,pcasub_matched_cf_k2_mean,target1,2,mean,10,-0.005566922482103109,0.002748921451603605,170,-0.006750962231308222,0.0061210110321513215,40
landmark-country,pcasub_matched_cf_k2_mean,target1,2,mean,11,-0.01644294336438179,0.0027835234610860443,170,-0.013045087456703186,0.005329370354446722,40
landmark-country,pcasub_matched_cf_k2_mean,target1,2,mean,12,-0.00021961401216685772,0.0018658350606725498,170,-0.0027660252526402473,0.0036834788114648315,40
landmark-country,pcasub_matched_cf_k2_mean,target1,2,mean,13,-0.0026058268267661333,0.0018124141763567773,170,-0.004501921124756336,0.0027293448602841905,40
landmark-country,pcasub_matched_cf_k2_mean,target1,2,mean,14,-0.0031684907153248787,0.0016932587312462023,170,-0.0042250873520970345,0.00270684812054396,40
landmark-country,pcasub_matched_cf_k2_mean,target1,2,mean,15,-0.003913390450179577,0.0019499683498591883,170,-0.004707322455942631,0.003044646444004868,40
landmark-country,pcasub_matched_cf_k2_mean,target1,2,mean,16,-0.0008486245642416179,0.0014053987040256518,170,-0.0005512417992576957,0.002166027522083822,40
landmark-country,pcasub_matched_cf_k2_mean,target1,2,mean,17,-0.0013474990846589208,0.0012222619987923217,170,-0.0011011281749233603,0.002136616422475404,40
landmark-country,pcasub_matched_cf_k2_mean,target1,2,mean,18,-0.0024120754096657038,0.001049136450394762,170,-0.003371480153873563,0.0022369545264171453,40
landmark-country,pcasub_matched_cf_k2_mean,target1,2,mean,19,-0.0008590526413172483,0.0007898012379537339,170,-0.0009654102614149451,0.0018458933228343581,40
landmark-country,pcasub_matched_cf_k2_mean,target1,2,mean,20,0.0004026302485726774,0.0007567744561955943,170,-0.001087173237465322,0.0016150089238726145,40
landmark-country,pcasub_matched_cf_k2_mean,target1,2,mean,21,0.002906189998611808,0.0007148400270159456,170,-6.168186519062147e-05,0.0017448052490319276,40
landmark-country,pcasub_matched_cf_k2_mean,target1,2,mean,22,0.00012465400504879653,0.0005744985440201491,170,-0.0003288794250693172,0.0015639022991346106,40
landmark-country,pcasub_matched_cf_k2_mean,target1,2,mean,23,0.0005963120493106544,0.00047901551514944817,170,-0.0008454598719254136,0.0012177045488420254,40
landmark-country,pcasub_matched_cf_k2_mean,target1,2,mean,24,0.0006516163120977581,0.0003237454762237001,170,2.875644713640213e-05,0.0007493213495436206,40
landmark-country,pcasub_matched_cf_k2_mean,target1,2,mean,25,0.0010145818814635277,0.0003630426686188353,170,-0.00032415689202025533,0.000549901595191718,40
landmark-country,pcasub_matched_cf_k2_mean,target1,2,mean,26,8.539754344383255e-05,0.0001695209640746948,170,-0.0006167514366097748,0.0002992526815111327,40
landmark-country,pcasub_matched_cf_k2_mean,target1,2,mean,27,0.0,0.0,170,0.0,0.0,40
landmark-country,pcasub_matched_cf_k2_mean,final_cue,2,mean,0,-0.04708465188741684,0.021931208813853575,170,-0.04553809016942978,0.056016397189619344,40
landmark-country,pcasub_matched_cf_k2_mean,final_cue,2,mean,1,-0.0447436198592186,0.021947259236497253,170,-0.04406487196683884,0.05595594958939676,40
landmark-country,pcasub_matched_cf_k2_mean,final_cue,2,mean,2,-0.043003227561712265,0.02203975602560603,170,-0.04350785166025162,0.05614640570927488,40
landmark-country,pcasub_matched_cf_k2_mean,final_cue,2,mean,3,-0.04389885440468788,0.022010087201066727,170,-0.043923284858465195,0.05591722033883319,40
landmark-country,pcasub_matched_cf_k2_mean,final_cue,2,mean,4,-0.041869159787893295,0.021969179423502794,170,-0.041859328746795654,0.056061666919533466,40
landmark-country,pcasub_matched_cf_k2_mean,final_cue,2,mean,5,-0.04413265734910965,0.02207139515266866,170,-0.041465964168310165,0.0559462849473593,40
landmark-country,pcasub_matched_cf_k2_mean,final_cue,2,mean,6,-0.04443465545773506,0.02209410391783029,170,-0.042838022112846375,0.056170927794678555,40
landmark-country,pcasub_matched_cf_k2_mean,final_cue,2,mean,7,-0.04736953601241112,0.022044064633792205,170,-0.04283028468489647,0.05616267680091571,40
landmark-country,pcasub_matched_cf_k2_mean,final_cue,2,mean,8,-0.03837370499968529,0.022197473942557975,170,-0.03991001844406128,0.05630068656980557,40
landmark-country,pcasub_matched_cf_k2_mean,final_cue,2,mean,9,-0.028178302571177483,0.021914340098514586,170,-0.034894850105047226,0.054999677789710814,40
landmark-country,pcasub_matched_cf_k2_mean,final_cue,2,mean,10,-0.04121832177042961,0.02200068140653828,170,-0.0441131629049778,0.05444378416652258,40
landmark-country,pcasub_matched_cf_k2_mean,final_cue,2,mean,11,-0.024365823715925217,0.02188260039916538,170,-0.027479996904730797,0.053469073681174734,40
landmark-country,pcasub_matched_cf_k2_mean,final_cue,2,mean,12,-0.039203234016895294,0.021370728603712374,170,-0.0355072095990181,0.05218410980899687,40
landmark-country,pcasub_matched_cf_k2_mean,final_cue,2,mean,13,-0.054796505719423294,0.021176875521341183,170,-0.04738621786236763,0.05136071623496393,40
landmark-country,pcasub_matched_cf_k2_mean,final_cue,2,mean,14,-0.07570849359035492,0.021631313683959135,170,-0.06529704481363297,0.05267065455999335,40
landmark-country,pcasub_matched_cf_k2_mean,final_cue,2,mean,15,-0.07735081762075424,0.021425289069178715,170,-0.06698949635028839,0.052019825030842806,40
landmark-country,pcasub_matched_cf_k2_mean,final_cue,2,mean,16,-0.09382016956806183,0.022033248541517936,170,-0.0798240453004837,0.05235805451702748,40
landmark-country,pcasub_matched_cf_k2_mean,final_cue,2,mean,17,-0.12474670261144638,0.022530199066817434,170,-0.10557148605585098,0.05233242507380868,40
landmark-country,pcasub_matched_cf_k2_mean,final_cue,2,mean,18,-0.12755052745342255,0.022618528963234748,170,-0.10781315714120865,0.0519622188636522,40
landmark-country,pcasub_matched_cf_k2_mean,final_cue,2,mean,19,-0.12474463880062103,0.02259541333745925,170,-0.10219606012105942,0.051661050523067055,40
landmark-country,pcasub_matched_cf_k2_mean,final_cue,2,mean,20,-0.11848960071802139,0.02230457657055782,170,-0.09704677760601044,0.05086292355586242,40
landmark-country,pcasub_matched_cf_k2_mean,final_cue,2,mean,21,-0.11472604423761368,0.023101762800085836,170,-0.10178449004888535,0.053149815354835414,40
landmark-country,pcasub_matched_cf_k2_mean,final_cue,2,mean,22,-0.12029492855072021,0.022920371538314662,170,-0.1029718890786171,0.05163044975008253,40
landmark-country,pcasub_matched_cf_k2_mean,final_cue,2,mean,23,-0.11313877254724503,0.023137801964686077,170,-0.09079276770353317,0.05235078836489595,40
landmark-country,pcasub_matched_cf_k2_mean,final_cue,2,mean,24,-0.12233678251504898,0.02267193284740549,170,-0.10233056545257568,0.05057089209529222,40
landmark-country,pcasub_matched_cf_k2_mean,final_cue,2,mean,25,-0.10578754544258118,0.025644113632250946,170,-0.08739488571882248,0.05915361256225671,40
landmark-country,pcasub_matched_cf_k2_mean,final_cue,2,mean,26,-0.08331465721130371,0.029256050732129477,170,-0.082469642162323,0.07424866193047017,40
landmark-country,pcasub_matched_cf_k2_mean,final_cue,2,mean,27,-0.028577448800206184,0.03496701831068916,170,-0.04672221094369888,0.08841929841894662,40
landmark-country,pcasub_matched_cf_k3_zero,cue1,3,zero,0,-2.414442777633667,0.11739109977287464,170,-2.705986499786377,0.28480990432958503,40
landmark-country,pcasub_matched_cf_k3_zero,cue1,3,zero,1,-2.3524813652038574,0.11673184843438272,170,-2.5426928997039795,0.2791121855344227,40
landmark-country,pcasub_matched_cf_k3_zero,cue1,3,zero,2,-2.425240993499756,0.0847206953407762,170,-2.656569242477417,0.2150936155269364,40
landmark-country,pcasub_matched_cf_k3_zero,cue1,3,zero,3,-1.7726426124572754,0.07958423094913342,170,-2.004363536834717,0.19584211980440916,40
landmark-country,pcasub_matched_cf_k3_zero,cue1,3,zero,4,-1.3615283966064453,0.07461499998419276,170,-1.4344151020050049,0.16048540050527138,40
landmark-country,pcasub_matched_cf_k3_zero,cue1,3,zero,5,-0.6251378059387207,0.05147877974728643,170,-0.6471433639526367,0.14676735764839605,40
landmark-country,pcasub_matched_cf_k3_zero,cue1,3,zero,6,-0.7497256994247437,0.0567512361562474,170,-0.7191072702407837,0.12038561793946327,40
landmark-country,pcasub_matched_cf_k3_zero,cue1,3,zero,7,-0.7657647728919983,0.05257457881005507,170,-0.770168662071228,0.11324512029090586,40
landmark-country,pcasub_matched_cf_k3_zero,cue1,3,zero,8,-0.5686570405960083,0.03194115021068352,170,-0.4999682903289795,0.060416090002546344,40
landmark-country,pcasub_matched_cf_k3_zero,cue1,3,zero,9,-0.36321088671684265,0.027639218652894464,170,-0.2770407795906067,0.03497047760538622,40
landmark-country,pcasub_matched_cf_k3_zero,cue1,3,zero,10,-0.25722095370292664,0.018092825210685656,170,-0.2543325424194336,0.037370235082604564,40
landmark-country,pcasub_matched_cf_k3_zero,cue1,3,zero,11,-0.036115724593400955,0.011403941860757771,170,-0.00422510365024209,0.019382483193612958,40
landmark-country,pcasub_matched_cf_k3_zero,cue1,3,zero,12,-0.19221718609333038,0.02040600723062253,170,-0.16280534863471985,0.037711192909959244,40
landmark-country,pcasub_matched_cf_k3_zero,cue1,3,zero,13,-0.03405287116765976,0.005898865752985491,170,-0.03065353073179722,0.010943311640694366,40
landmark-country,pcasub_matched_cf_k3_zero,cue1,3,zero,14,0.004582971800118685,0.004579429925183626,170,-0.0040207477286458015,0.01198533063255761,40
landmark-country,pcasub_matched_cf_k3_zero,cue1,3,zero,15,0.01852472312748432,0.003945785662293699,170,0.01489849854260683,0.0063783179899159275,40
landmark-country,pcasub_matched_cf_k3_zero,cue1,3,zero,16,0.023014772683382034,0.003430633838858114,170,0.013876298442482948,0.005245975119586313,40
landmark-country,pcasub_matched_cf_k3_zero,cue1,3,zero,17,0.008176934905350208,0.0031091419532888217,170,0.006642387714236975,0.005435831027967838,40
landmark-country,pcasub_matched_cf_k3_zero,cue1,3,zero,18,0.004741849843412638,0.002417505767086667,170,0.012781296856701374,0.005289323465887189,40
landmark-country,pcasub_matched_cf_k3_zero,cue1,3,zero,19,0.008186467923223972,0.0021926008483774224,170,0.009025122970342636,0.004595095523726047,40
landmark-country,pcasub_matched_cf_k3_zero,cue1,3,zero,20,0.01517370343208313,0.0026249918229063634,170,0.013235008344054222,0.005329133568360724,40
landmark-country,pcasub_matched_cf_k3_zero,cue1,3,zero,21,0.02747686579823494,0.0027714602153149173,170,0.02382804825901985,0.005904255753184309,40
landmark-country,pcasub_matched_cf_k3_zero,cue1,3,zero,22,0.04290126636624336,0.004314054232638614,170,0.02478378638625145,0.008295481863065345,40
landmark-country,pcasub_matched_cf_k3_zero,cue1,3,zero,23,-0.0013821384636685252,0.002103506945442215,170,-0.00021215007291175425,0.003143300833949529,40
landmark-country,pcasub_matched_cf_k3_zero,cue1,3,zero,24,0.012418177910149097,0.002114939185830108,170,0.009053455665707588,0.004059164675745796,40
landmark-country,pcasub_matched_cf_k3_zero,cue1,3,zero,25,-0.07646868377923965,0.007112742394526353,170,-0.056209124624729156,0.009066396100983613,40
landmark-country,pcasub_matched_cf_k3_zero,cue1,3,zero,26,0.009641049429774284,0.0021838332021502918,170,0.008819828741252422,0.004065646547594968,40
landmark-country,pcasub_matched_cf_k3_zero,cue1,3,zero,27,0.0,0.0,170,0.0,0.0,40
landmark-country,pcasub_matched_cf_k3_zero,target1,3,zero,0,-5.215669631958008,0.1081627970443619,170,-5.595544338226318,0.2131824761515173,40
landmark-country,pcasub_matched_cf_k3_zero,target1,3,zero,1,-4.166181564331055,0.12410158444994494,170,-4.390530586242676,0.24343948757294273,40
landmark-country,pcasub_matched_cf_k3_zero,target1,3,zero,2,-3.3251681327819824,0.11355733906628844,170,-3.457902431488037,0.22928590910698,40
landmark-country,pcasub_matched_cf_k3_zero,target1,3,zero,3,-1.0194023847579956,0.06024111735769958,170,-1.082674503326416,0.10964992057458017,40
landmark-country,pcasub_matched_cf_k3_zero,target1,3,zero,4,-0.8320422172546387,0.054890895713879125,170,-0.8693662881851196,0.11618430238891315,40
landmark-country,pcasub_matched_cf_k3_zero,target1,3,zero,5,-1.011170744895935,0.050631161087509174,170,-0.9606847763061523,0.10995593772874726,40
landmark-country,pcasub_matched_cf_k3_zero,target1,3,zero,6,-0.6402151584625244,0.042033112878682055,170,-0.6066619753837585,0.08917812596411692,40
landmark-country,pcasub_matched_cf_k3_zero,target1,3,zero,7,-0.48323261737823486,0.03598063152945663,170,-0.41122469305992126,0.06931058588431652,40
landmark-country,pcasub_matched_cf_k3_zero,target1,3,zero,8,-0.2673572301864624,0.028736050867334273,170,-0.19869284331798553,0.05276732454117252,40
landmark-country,pcasub_matched_cf_k3_zero,target1,3,zero,9,-0.1492268443107605,0.02810100544963367,170,-0.12092036008834839,0.06168310996595841,40
landmark-country,pcasub_matched_cf_k3_zero,target1,3,zero,10,-0.4190850555896759,0.028140669788018144,170,-0.4247666895389557,0.06826868940863708,40
landmark-country,pcasub_matched_cf_k3_zero,target1,3,zero,11,-0.5935068130493164,0.029812359478111644,170,-0.5886654257774353,0.06818453492684917,40
landmark-country,pcasub_matched_cf_k3_zero,target1,3,zero,12,-0.16446253657341003,0.022050601832419508,170,-0.15703167021274567,0.06320585419008763,40
landmark-country,pcasub_matched_cf_k3_zero,target1,3,zero,13,-0.214400053024292,0.01869113545784825,170,-0.21538296341896057,0.05159397291243652,40
landmark-country,pcasub_matched_cf_k3_zero,target1,3,zero,14,-0.18949423730373383,0.01840321071578989,170,-0.1735478788614273,0.04874142389285861,40
landmark-country,pcasub_matched_cf_k3_zero,target1,3,zero,15,-0.24242755770683289,0.01640662796825387,170,-0.22102144360542297,0.0317288784441512,40
landmark-country,pcasub_matched_cf_k3_zero,target1,3,zero,16,-0.18875274062156677,0.01520690573318139,170,-0.17804211378097534,0.03677781750016117,40
landmark-country,pcasub_matched_cf_k3_zero,target1,3,zero,17,-0.12281559407711029,0.01181633623612026,170,-0.10111983865499496,0.02573024812117363,40
landmark-country,pcasub_matched_cf_k3_zero,target1,3,zero,18,-0.07957613468170166,0.010060059538683644,170,-0.05801115185022354,0.018602480375329137,40
landmark-country,pcasub_matched_cf_k3_zero,target1,3,zero,19,-0.06024299934506416,0.009178449160344751,170,-0.03458844870328903,0.017197639129463822,40
landmark-country,pcasub_matched_cf_k3_zero,target1,3,zero,20,-0.060685593634843826,0.011364719811860843,170,-0.0431455560028553,0.020640167188211416,40
landmark-country,pcasub_matched_cf_k3_zero,target1,3,zero,21,0.056296057999134064,0.0057162293377345215,170,0.06027629226446152,0.010763057349198059,40
landmark-country,pcasub_matched_cf_k3_zero,target1,3,zero,22,0.006346609443426132,0.007360177648303575,170,0.011572567746043205,0.015566167682413189,40
landmark-country,pcasub_matched_cf_k3_zero,target1,3,zero,23,-0.024920331314206123,0.004643617615638908,170,-0.011434346437454224,0.00959229740896552,40
landmark-country,pcasub_matched_cf_k3_zero,target1,3,zero,24,-0.04293217882514,0.003814027966813641,170,-0.02991301380097866,0.0066052002917102205,40
landmark-country,pcasub_matched_cf_k3_zero,target1,3,zero,25,0.011671211570501328,0.0026416713937745767,170,0.009767715819180012,0.004415179329775419,40
landmark-country,pcasub_matched_cf_k3_zero,target1,3,zero,26,0.01407973188906908,0.0012317959372711317,170,0.012112719938158989,0.0022073157705345026,40
landmark-country,pcasub_matched_cf_k3_zero,target1,3,zero,27,0.0,0.0,170,0.0,0.0,40
landmark-country,pcasub_matched_cf_k3_zero,final_cue,3,zero,0,-12.301535606384277,0.24504119449587677,170,-12.73554515838623,0.5085957038215504,40
landmark-country,pcasub_matched_cf_k3_zero,final_cue,3,zero,1,-10.976386070251465,0.25893251300551806,170,-10.988382339477539,0.5078586087625219,40
landmark-country,pcasub_matched_cf_k3_zero,final_cue,3,zero,2,-9.543757438659668,0.21411528951788378,170,-9.335713386535645,0.3771952872261856,40
landmark-country,pcasub_matched_cf_k3_zero,final_cue,3,zero,3,-10.407203674316406,0.21073264123125723,170,-10.29919147491455,0.34951624249563756,40
landmark-country,pcasub_matched_cf_k3_zero,final_cue,3,zero,4,-9.24146556854248,0.22494644934926533,170,-9.082090377807617,0.41690685370281866,40
landmark-country,pcasub_matched_cf_k3_zero,final_cue,3,zero,5,-8.61872386932373,0.2081075034071053,170,-8.49602222442627,0.4213281800465082,40
landmark-country,pcasub_matched_cf_k3_zero,final_cue,3,zero,6,-8.654975891113281,0.21024193990212803,170,-8.745789527893066,0.45158553074351954,40
landmark-country,pcasub_matched_cf_k3_zero,final_cue,3,zero,7,-9.380955696105957,0.23350143890503608,170,-10.41107177734375,0.4827048676124608,40
landmark-country,pcasub_matched_cf_k3_zero,final_cue,3,zero,8,-8.586261749267578,0.19907817837611144,170,-8.93080997467041,0.4183734666661238,40
landmark-country,pcasub_matched_cf_k3_zero,final_cue,3,zero,9,-6.814937114715576,0.18212765205346523,170,-7.275018215179443,0.3123515801451277,40
landmark-country,pcasub_matched_cf_k3_zero,final_cue,3,zero,10,-7.698209285736084,0.2025208043172766,170,-7.584185600280762,0.36180224080168305,40
landmark-country,pcasub_matched_cf_k3_zero,final_cue,3,zero,11,-7.329148769378662,0.20572540308492676,170,-7.186091423034668,0.4422523986507796,40
landmark-country,pcasub_matched_cf_k3_zero,final_cue,3,zero,12,-5.500179767608643,0.20592438992538079,170,-4.95100736618042,0.3999165732144364,40
landmark-country,pcasub_matched_cf_k3_zero,final_cue,3,zero,13,-4.570488929748535,0.2140459860694992,170,-3.9670815467834473,0.40807562329349845,40
landmark-country,pcasub_matched_cf_k3_zero,final_cue,3,zero,14,-2.9930710792541504,0.16705771777452924,170,-2.4605014324188232,0.32577377469109137,40
landmark-country,pcasub_matched_cf_k3_zero,final_cue,3,zero,15,-2.9635939598083496,0.16289349482013152,170,-2.4636662006378174,0.3320357087856185,40
landmark-country,pcasub_matched_cf_k3_zero,final_cue,3,zero,16,-2.3733952045440674,0.14707330956922451,170,-1.9944950342178345,0.30597319913005955,40
landmark-country,pcasub_matched_cf_k3_zero,final_cue,3,zero,17,-1.2396812438964844,0.12347129792998632,170,-0.8419526219367981,0.23927606722047418,40
landmark-country,pcasub_matched_cf_k3_zero,final_cue,3,zero,18,-1.0367177724838257,0.12059798427431058,170,-0.6595114469528198,0.223435968665607,40
landmark-country,pcasub_matched_cf_k3_zero,final_cue,3,zero,19,-1.0284104347229004,0.12367599910490477,170,-0.7445074319839478,0.26082852996662864,40
landmark-country,pcasub_matched_cf_k3_zero,final_cue,3,zero,20,-0.9995602965354919,0.11901903594684092,170,-0.7559971213340759,0.23865655000060637,40
landmark-country,pcasub_matched_cf_k3_zero,final_cue,3,zero,21,-0.7615041136741638,0.11484832150849159,170,-0.5273180603981018,0.239702612026535,40
landmark-country,pcasub_matched_cf_k3_zero,final_cue,3,zero,22,-0.9238378405570984,0.11641016340430854,170,-0.7368438839912415,0.2387061973280109,40
landmark-country,pcasub_matched_cf_k3_zero,final_cue,3,zero,23,-0.7504947185516357,0.11803516469609389,170,-0.6108883023262024,0.23703862012598634,40
landmark-country,pcasub_matched_cf_k3_zero,final_cue,3,zero,24,-1.0473679304122925,0.11423254482660503,170,-0.8483049273490906,0.2346426936355922,40
landmark-country,pcasub_matched_cf_k3_zero,final_cue,3,zero,25,-0.7824499607086182,0.12826664855437586,170,-0.5845589637756348,0.26300854524387973,40
landmark-country,pcasub_matched_cf_k3_zero,final_cue,3,zero,26,-1.1674892902374268,0.10338346484234304,170,-0.9947134256362915,0.23359800756065086,40
landmark-country,pcasub_matched_cf_k3_zero,final_cue,3,zero,27,-0.3837336301803589,0.15440755271056128,170,-0.26162341237068176,0.3055592829152519,40
landmark-country,pcasub_matched_cf_k3_mean,cue1,3,mean,0,-0.006313127465546131,0.006044655568176395,170,-0.006109537091106176,0.012650711314614864,40
landmark-country,pcasub_matched_cf_k3_mean,cue1,3,mean,1,-0.0035375577863305807,0.006177354985976191,170,-0.0033410736359655857,0.013894183431892514,40
landmark-country,pcasub_matched_cf_k3_mean,cue1,3,mean,2,-0.006909541320055723,0.005975422406105747,170,-0.009873764589428902,0.011671103716035698,40
landmark-country,pcasub_matched_cf_k3_mean,cue1,3,mean,3,-0.0122299175709486,0.005572795542643301,170,-0.01566915586590767,0.009924875836172409,40
landmark-country,pcasub_matched_cf_k3_mean,cue1,3,mean,4,-0.0022456806618720293,0.005122875704286371,170,-0.006972134113311768,0.009742635368850264,40
landmark-country,pcasub_matched_cf_k3_mean,cue1,3,mean,5,-0.003943433053791523,0.004494894632567414,170,-0.006430760025978088,0.008731334364974317,40
landmark-country,pcasub_matched_cf_k3_mean,cue1,3,mean,6,-0.01574026606976986,0.003402421026740349,170,-0.01483779214322567,0.006386072439722311,40
landmark-country,pcasub_matched_cf_k3_mean,cue1,3,mean,7,-0.009338829666376114,0.0026261815473418567,170,-0.011874240823090076,0.005188217574226298,40
landmark-country,pcasub_matched_cf_k3_mean,cue1,3,mean,8,-0.0025395445991307497,0.0021236146884139996,170,-0.007283753249794245,0.0039655263810955636,40
landmark-country,pcasub_matched_cf_k3_mean,cue1,3,mean,9,0.00694207102060318,0.002382327181256767,170,0.005357610527426004,0.004849966294297399,40
landmark-country,pcasub_matched_cf_k3_mean,cue1,3,mean,10,0.004186925012618303,0.0017631276130260173,170,0.0032043226528912783,0.0034913905168496425,40
landmark-country,pcasub_matched_cf_k3_mean,cue1,3,mean,11,0.002117688534781337,0.0010868537007396642,170,0.00040700548561289907,0.0018872983445227228,40
landmark-country,pcasub_matched_cf_k3_mean,cue1,3,mean,12,0.0034066536463797092,0.0009095034734433737,170,0.0022775561083108187,0.0018835901683923702,40
landmark-country,pcasub_matched_cf_k3_mean,cue1,3,mean,13,0.0012508416548371315,0.0004787269055444043,170,5.0977243517991155e-05,0.0010959592451167087,40
landmark-country,pcasub_matched_cf_k3_mean,cue1,3,mean,14,0.00018587625527288765,0.0004001219492353747,170,-0.0016386860515922308,0.0009328240133434594,40
landmark-country,pcasub_matched_cf_k3_mean,cue1,3,mean,15,6.852894875919446e-05,0.0003599273920417822,170,-0.0014323170762509108,0.0007596691076587823,40
landmark-country,pcasub_matched_cf_k3_mean,cue1,3,mean,16,-0.00022522987273987383,0.00036103708008018335,170,-0.0013060460332781076,0.0007930457115600416,40
landmark-country,pcasub_matched_cf_k3_mean,cue1,3,mean,17,-1.020032686938066e-05,0.00033496903625986985,170,-0.0005933536449447274,0.0007590244987710602,40
landmark-country,pcasub_matched_cf_k3_mean,cue1,3,mean,18,-0.0005787662230432034,0.00032296525528176354,170,-0.0017549513140693307,0.0007419839996057625,40
landmark-country,pcasub_matched_cf_k3_mean,cue1,3,mean,19,-0.000729324878193438,0.00031627241246948525,170,-0.0015849958872422576,0.000691303825430601,40
landmark-country,pcasub_matched_cf_k3_mean,cue1,3,mean,20,-0.00016638211673125625,0.00028907112683840004,170,-0.0005247859517112374,0.0007266551192654649,40
landmark-country,pcasub_matched_cf_k3_mean,cue1,3,mean,21,-0.0004614040663000196,0.00027945374121911406,170,-0.0006154024740681052,0.0006620486688974766,40
landmark-country,pcasub_matched_cf_k3_mean,cue1,3,mean,22,-0.0005600843578577042,0.00024919421521184883,170,-0.0007771836826577783,0.0005463306975617832,40
landmark-country,pcasub_matched_cf_k3_mean,cue1,3,mean,23,-0.00021194662258494645,0.000237781992851877,170,-5.4763069783803076e-05,0.0004500968121498301,40
landmark-country,pcasub_matched_cf_k3_mean,cue1,3,mean,24,-0.00015854975208640099,0.00021791805553147655,170,-0.0002982344594784081,0.0005322280466584436,40
landmark-country,pcasub_matched_cf_k3_mean,cue1,3,mean,25,-1.1161408110638149e-05,0.0002361498896423609,170,-3.6262346839066595e-05,0.0003478675486894613,40
landmark-country,pcasub_matched_cf_k3_mean,cue1,3,mean,26,-0.000429159146733582,0.00016656040310326602,170,-0.0004307832568883896,0.00041797445295472114,40
landmark-country,pcasub_matched_cf_k3_mean,cue1,3,mean,27,0.0,0.0,170,0.0,0.0,40
landmark-country,pcasub_matched_cf_k3_mean,target1,3,mean,0,-0.0129255885258317,0.009549772328177624,170,-0.00492308521643281,0.023727238100467687,40
landmark-country,pcasub_matched_cf_k3_mean,target1,3,mean,1,-0.009200784377753735,0.008427868471275147,170,-0.009841565042734146,0.02339852953541256,40
landmark-country,pcasub_matched_cf_k3_mean,target1,3,mean,2,-0.006492945831269026,0.007808865476149974,170,-0.01134623121470213,0.020845447766329347,40
landmark-country,pcasub_matched_cf_k3_mean,target1,3,mean,3,-0.004396858159452677,0.007551231278220644,170,-0.006107596680521965,0.017763973723200325,40
landmark-country,pcasub_matched_cf_k3_mean,target1,3,mean,4,-0.006205257028341293,0.006463364854555522,170,-0.01054918672889471,0.01580114429861989,40
landmark-country,pcasub_matched_cf_k3_mean,target1,3,mean,5,0.005487202666699886,0.005635894938099834,170,-0.0010198807576671243,0.012840942428809276,40
landmark-country,pcasub_matched_cf_k3_mean,target1,3,mean,6,0.008087423630058765,0.005320315102967437,170,0.002434101654216647,0.011258279544520224,40
landmark-country,pcasub_matched_cf_k3_mean,target1,3,mean,7,0.00851451512426138,0.004635144114778334,170,0.00487166503444314,0.011296786145480539,40
landmark-country,pcasub_matched_cf_k3_mean,target1,3,mean,8,0.003153130179271102,0.0037274072278346377,170,0.004668775945901871,0.008427841161997544,40
landmark-country,pcasub_matched_cf_k3_mean,target1,3,mean,9,0.007615365087985992,0.003176283383228766,170,0.010089239105582237,0.005586418143360982,40
landmark-country,pcasub_matched_cf_k3_mean,target1,3,mean,10,-0.004368627909570932,0.002880363430104504,170,-0.005462154746055603,0.005608809153990673,40
landmark-country,pcasub_matched_cf_k3_mean,target1,3,mean,11,-0.01308025885373354,0.0029124534181563817,170,-0.009790631011128426,0.004608137607099611,40
landmark-country,pcasub_matched_cf_k3_mean,target1,3,mean,12,0.0026048237923532724,0.002069051937213873,170,-0.0002793019521050155,0.003922780013351628,40
landmark-country,pcasub_matched_cf_k3_mean,target1,3,mean,13,-0.0034159242641180754,0.0018381429672828559,170,-0.0039787315763533115,0.002511003055638979,40
landmark-country,pcasub_matched_cf_k3_mean,target1,3,mean,14,-0.00458307983353734,0.0017325743523699854,170,-0.005253462586551905,0.0026361901511479002,40
landmark-country,pcasub_matched_cf_k3_mean,target1,3,mean,15,-0.003768280614167452,0.0019610195869966653,170,-0.004603614564985037,0.003042144581068854,40
landmark-country,pcasub_matched_cf_k3_mean,target1,3,mean,16,-0.0003978934255428612,0.001440761434283668,170,-0.0009088931838050485,0.002040628526588737,40
landmark-country,pcasub_matched_cf_k3_mean,target1,3,mean,17,-0.0005576482508331537,0.001232335227586212,170,-0.0006057185819372535,0.0021453156605453234,40
landmark-country,pcasub_matched_cf_k3_mean,target1,3,mean,18,-0.002819606801494956,0.0010085423897929254,170,-0.002932668896391988,0.001922216634945971,40
landmark-country,pcasub_matched_cf_k3_mean,target1,3,mean,19,-0.0008391013834625483,0.0007725303048976332,170,-0.0010752808302640915,0.001635418323582357,40
landmark-country,pcasub_matched_cf_k3_mean,target1,3,mean,20,-0.00010497701441636309,0.000741966472722842,170,-0.0015279629733413458,0.0017203526680017543,40
landmark-country,pcasub_matched_cf_k3_mean,target1,3,mean,21,0.002647415967658162,0.0007275168494501902,170,-0.00012665838585235178,0.001740665910177817,40
landmark-country,pcasub_matched_cf_k3_mean,target1,3,mean,22,-0.00020099247922189534,0.0005840100894507768,170,-0.0007905756938271224,0.0016561515371000036,40
landmark-country,pcasub_matched_cf_k3_mean,target1,3,mean,23,4.497757618082687e-05,0.0004887050620986427,170,-0.001008233753964305,0.0012602907031148375,40
landmark-country,pcasub_matched_cf_k3_mean,target1,3,mean,24,0.0005823653191328049,0.00031458143375769033,170,0.00010339934669900686,0.0007127783207622495,40
landmark-country,pcasub_matched_cf_k3_mean,target1,3,mean,25,0.0009481771267019212,0.0003731729336135987,170,-0.0008975915843620896,0.000633419125353384,40
landmark-country,pcasub_matched_cf_k3_mean,target1,3,mean,26,0.00014220326556824148,0.00016988250287334095,170,-0.0008313328144140542,0.0003433144232049684,40
landmark-country,pcasub_matched_cf_k3_mean,target1,3,mean,27,0.0,0.0,170,0.0,0.0,40
landmark-country,pcasub_matched_cf_k3_mean,final_cue,3,mean,0,-0.05701623857021332,0.022072256874305897,170,-0.05594874173402786,0.055808543771641614,40
landmark-country,pcasub_matched_cf_k3_mean,final_cue,3,mean,1,-0.05439003184437752,0.02199529850347279,170,-0.05442553013563156,0.055398684727382144,40
landmark-country,pcasub_matched_cf_k3_mean,final_cue,3,mean,2,-0.052260223776102066,0.022039356022193517,170,-0.052265845239162445,0.05555927045921763,40
landmark-country,pcasub_matched_cf_k3_mean,final_cue,3,mean,3,-0.052903737872838974,0.022044258921163993,170,-0.05272756889462471,0.05539132433203231,40
landmark-country,pcasub_matched_cf_k3_mean,final_cue,3,mean,4,-0.05109650269150734,0.022020784435184133,170,-0.051608551293611526,0.05561923741902684,40
landmark-country,pcasub_matched_cf_k3_mean,final_cue,3,mean,5,-0.054097872227430344,0.02210337942553295,170,-0.0510963574051857,0.05525907282378105,40
landmark-country,pcasub_matched_cf_k3_mean,final_cue,3,mean,6,-0.054038699716329575,0.022112885792347967,170,-0.05285068228840828,0.05558453235388502,40
landmark-country,pcasub_matched_cf_k3_mean,final_cue,3,mean,7,-0.05659528076648712,0.02200951119615271,170,-0.05302988365292549,0.05540035754450711,40
landmark-country,pcasub_matched_cf_k3_mean,final_cue,3,mean,8,-0.05190529674291611,0.022157907890726285,170,-0.051578570157289505,0.056076128541382796,40
landmark-country,pcasub_matched_cf_k3_mean,final_cue,3,mean,9,-0.038754116743803024,0.021966735974085803,170,-0.04392940551042557,0.05495669817000157,40
landmark-country,pcasub_matched_cf_k3_mean,final_cue,3,mean,10,-0.05398758128285408,0.02209808109461753,170,-0.05735268443822861,0.05440073386439961,40
landmark-country,pcasub_matched_cf_k3_mean,final_cue,3,mean,11,-0.03491734340786934,0.02205227498955069,170,-0.03955470770597458,0.05349596127135793,40
landmark-country,pcasub_matched_cf_k3_mean,final_cue,3,mean,12,-0.04406626522541046,0.021475200352124798,170,-0.041355494409799576,0.05214236477544745,40
landmark-country,pcasub_matched_cf_k3_mean,final_cue,3,mean,13,-0.05066032335162163,0.02126138367086869,170,-0.044068995863199234,0.05125545598443602,40
landmark-country,pcasub_matched_cf_k3_mean,final_cue,3,mean,14,-0.07103747874498367,0.02164935955219779,170,-0.06021292135119438,0.05205990667158909,40
landmark-country,pcasub_matched_cf_k3_mean,final_cue,3,mean,15,-0.07305589318275452,0.021516645277128387,170,-0.060144662857055664,0.05155292527870258,40
landmark-country,pcasub_matched_cf_k3_mean,final_cue,3,mean,16,-0.09099394083023071,0.022122753305101137,170,-0.07369430363178253,0.05156387634066994,40
landmark-country,pcasub_matched_cf_k3_mean,final_cue,3,mean,17,-0.12475958466529846,0.022773229711589477,170,-0.10351750999689102,0.05158264487759593,40
landmark-country,pcasub_matched_cf_k3_mean,final_cue,3,mean,18,-0.1295919269323349,0.02282506558238318,170,-0.10631847381591797,0.05152943044437846,40
landmark-country,pcasub_matched_cf_k3_mean,final_cue,3,mean,19,-0.12745900452136993,0.02290707313914905,170,-0.10267706215381622,0.05140125966747992,40
landmark-country,pcasub_matched_cf_k3_mean,final_cue,3,mean,20,-0.12099876254796982,0.02262403986739224,170,-0.09981740266084671,0.05107082409544931,40
landmark-country,pcasub_matched_cf_k3_mean,final_cue,3,mean,21,-0.11851704865694046,0.023416492342249923,170,-0.10480229556560516,0.053027270898069856,40
landmark-country,pcasub_matched_cf_k3_mean,final_cue,3,mean,22,-0.12457945197820663,0.023300559924635648,170,-0.10716816037893295,0.05164940206128422,40
landmark-country,pcasub_matched_cf_k3_mean,final_cue,3,mean,23,-0.11920511722564697,0.023598969327569337,170,-0.09794740378856659,0.05251308932330463,40
landmark-country,pcasub_matched_cf_k3_mean,final_cue,3,mean,24,-0.12982310354709625,0.023195749887622928,170,-0.10952955484390259,0.05108985180122565,40
landmark-country,pcasub_matched_cf_k3_mean,final_cue,3,mean,25,-0.11080820113420486,0.02609834836456196,170,-0.09459955990314484,0.059187205557422504,40
landmark-country,pcasub_matched_cf_k3_mean,final_cue,3,mean,26,-0.08758746087551117,0.029597745075764303,170,-0.08769581466913223,0.07403647803661119,40
landmark-country,pcasub_matched_cf_k3_mean,final_cue,3,mean,27,-0.03228185698390007,0.03536058738259204,170,-0.05145830661058426,0.08846558126345755,40
landmark-country,pcasub_matched_cf_k4_zero,cue1,4,zero,0,-2.185828447341919,0.11073486013000823,170,-2.4974818229675293,0.2545334976538319,40
landmark-country,pcasub_matched_cf_k4_zero,cue1,4,zero,1,-2.2417852878570557,0.11746741585251394,170,-2.417851686477661,0.2739102803107774,40
landmark-country,pcasub_matched_cf_k4_zero,cue1,4,zero,2,-2.379930257797241,0.08372086966820448,170,-2.599052906036377,0.21414922308491816,40
landmark-country,pcasub_matched_cf_k4_zero,cue1,4,zero,3,-1.769960641860962,0.07922074441958506,170,-2.000375270843506,0.19806682521578178,40
landmark-country,pcasub_matched_cf_k4_zero,cue1,4,zero,4,-1.3492883443832397,0.07500000441160036,170,-1.4141919612884521,0.16510230037559315,40
landmark-country,pcasub_matched_cf_k4_zero,cue1,4,zero,5,-0.5991995334625244,0.052561188981538026,170,-0.5983943939208984,0.15046316200026524,40
landmark-country,pcasub_matched_cf_k4_zero,cue1,4,zero,6,-0.9001330137252808,0.06295827425259906,170,-0.8581817746162415,0.1440851579580703,40
landmark-country,pcasub_matched_cf_k4_zero,cue1,4,zero,7,-0.642581045627594,0.04806229345769534,170,-0.6387602090835571,0.09566459452626225,40
landmark-country,pcasub_matched_cf_k4_zero,cue1,4,zero,8,-0.5464725494384766,0.031153767493362676,170,-0.4602814316749573,0.057014381037728296,40
landmark-country,pcasub_matched_cf_k4_zero,cue1,4,zero,9,-0.35556766390800476,0.02740091261985761,170,-0.2640741169452667,0.03549994071800005,40
landmark-country,pcasub_matched_cf_k4_zero,cue1,4,zero,10,-0.2343316674232483,0.017494016673557763,170,-0.23545989394187927,0.036058840699852296,40
landmark-country,pcasub_matched_cf_k4_zero,cue1,4,zero,11,-0.023866448551416397,0.010938463603954549,170,0.00231827050447464,0.019809879722759268,40
landmark-country,pcasub_matched_cf_k4_zero,cue1,4,zero,12,-0.19204872846603394,0.02098006241371742,170,-0.1699599325656891,0.04067853959375781,40
landmark-country,pcasub_matched_cf_k4_zero,cue1,4,zero,13,-0.0341104231774807,0.005841318976328042,170,-0.030235206708312035,0.010814854600020223,40
landmark-country,pcasub_matched_cf_k4_zero,cue1,4,zero,14,0.003010745160281658,0.004418961413337228,170,-0.005898595787584782,0.011089473447967848,40
landmark-country,pcasub_matched_cf_k4_zero,cue1,4,zero,15,0.01625184714794159,0.003970750446701884,170,0.013174506835639477,0.0063708992815747646,40
landmark-country,pcasub_matched_cf_k4_zero,cue1,4,zero,16,0.021825071424245834,0.0034779776713293304,170,0.012554997578263283,0.005297241074265269,40
landmark-country,pcasub_matched_cf_k4_zero,cue1,4,zero,17,0.009652378968894482,0.0031627229818279594,170,0.008930826559662819,0.005448966765539594,40
landmark-country,pcasub_matched_cf_k4_zero,cue1,4,zero,18,0.004791512154042721,0.00239145783058075,170,0.012404706329107285,0.005207144557563065,40
landmark-country,pcasub_matched_cf_k4_zero,cue1,4,zero,19,0.008594845421612263,0.0021710512359619017,170,0.009447302669286728,0.004444013042416673,40
landmark-country,pcasub_matched_cf_k4_zero,cue1,4,zero,20,0.015433136373758316,0.0025854972002554823,170,0.013391357846558094,0.005171863430749332,40
landmark-country,pcasub_matched_cf_k4_zero,cue1,4,zero,21,0.028790025040507317,0.0028486957313695474,170,0.026067202910780907,0.006092668562285496,40
landmark-country,pcasub_matched_cf_k4_zero,cue1,4,zero,22,0.043196018785238266,0.004354612578650048,170,0.025221865624189377,0.008415349812430967,40
landmark-country,pcasub_matched_cf_k4_zero,cue1,4,zero,23,-0.002826535142958164,0.002261082146890913,170,-0.0013482470531016588,0.0032731026075449006,40
landmark-country,pcasub_matched_cf_k4_zero,cue1,4,zero,24,0.012397726997733116,0.002166972772596279,170,0.009381956420838833,0.004244783762444272,40
landmark-country,pcasub_matched_cf_k4_zero,cue1,4,zero,25,-0.08046112954616547,0.008075951183283466,170,-0.058116085827350616,0.009166892945846192,40
landmark-country,pcasub_matched_cf_k4_zero,cue1,4,zero,26,0.008841589093208313,0.002207861549998119,170,0.008314899168908596,0.00403698011666621,40
landmark-country,pcasub_matched_cf_k4_zero,cue1,4,zero,27,0.0,0.0,170,0.0,0.0,40
landmark-country,pcasub_matched_cf_k4_zero,target1,4,zero,0,-5.195875644683838,0.10746859226481797,170,-5.576048374176025,0.21045456850031233,40
landmark-country,pcasub_matched_cf_k4_zero,target1,4,zero,1,-4.210273265838623,0.12400975280936784,170,-4.462136268615723,0.24282483330313961,40
landmark-country,pcasub_matched_cf_k4_zero,target1,4,zero,2,-3.4080631732940674,0.11147477958526755,170,-3.5828964710235596,0.21582948542412694,40
landmark-country,pcasub_matched_cf_k4_zero,target1,4,zero,3,-1.0558925867080688,0.06088924631558993,170,-1.1286951303482056,0.1118349401667234,40
landmark-country,pcasub_matched_cf_k4_zero,target1,4,zero,4,-0.8506054282188416,0.05574407327822337,170,-0.8980536460876465,0.11955753105315861,40
landmark-country,pcasub_matched_cf_k4_zero,target1,4,zero,5,-1.0524156093597412,0.05113714483273003,170,-1.005703091621399,0.11247478564878018,40
landmark-country,pcasub_matched_cf_k4_zero,target1,4,zero,6,-0.6521710753440857,0.04272680565385796,170,-0.6262486577033997,0.09232880869265046,40
landmark-country,pcasub_matched_cf_k4_zero,target1,4,zero,7,-0.4979322552680969,0.035879069520153496,170,-0.43238338828086853,0.06851299139129532,40
landmark-country,pcasub_matched_cf_k4_zero,target1,4,zero,8,-0.272543728351593,0.028679478956136453,170,-0.20681312680244446,0.05169194345002833,40
landmark-country,pcasub_matched_cf_k4_zero,target1,4,zero,9,-0.162611722946167,0.028059974242445305,170,-0.13539554178714752,0.06298670572239572,40
landmark-country,pcasub_matched_cf_k4_zero,target1,4,zero,10,-0.43941256403923035,0.028529998823748424,170,-0.4455309510231018,0.07027940616852013,40
landmark-country,pcasub_matched_cf_k4_zero,target1,4,zero,11,-0.6123945116996765,0.030132780497402305,170,-0.6089096069335938,0.06945365180186859,40
landmark-country,pcasub_matched_cf_k4_zero,target1,4,zero,12,-0.18096381425857544,0.022209330043704765,170,-0.17493239045143127,0.06197938237135247,40
landmark-country,pcasub_matched_cf_k4_zero,target1,4,zero,13,-0.23137718439102173,0.01901230619782064,170,-0.23343412578105927,0.05141762971449998,40
landmark-country,pcasub_matched_cf_k4_zero,target1,4,zero,14,-0.21031436324119568,0.018841183595082044,170,-0.19367937743663788,0.04835008835315753,40
landmark-country,pcasub_matched_cf_k4_zero,target1,4,zero,15,-0.2627675533294678,0.01727681253483114,170,-0.24147386848926544,0.033254044718990926,40
landmark-country,pcasub_matched_cf_k4_zero,target1,4,zero,16,-0.21321208775043488,0.016115108909817384,170,-0.20335622131824493,0.03848790781796435,40
landmark-country,pcasub_matched_cf_k4_zero,target1,4,zero,17,-0.15401259064674377,0.012995726869168311,170,-0.1320810765028,0.028097430429983902,40
landmark-country,pcasub_matched_cf_k4_zero,target1,4,zero,18,-0.09450608491897583,0.010682537992030082,170,-0.06799677759408951,0.018781358715838154,40
landmark-country,pcasub_matched_cf_k4_zero,target1,4,zero,19,-0.08031485229730606,0.010249732013960662,170,-0.045147575438022614,0.018964201161717237,40
landmark-country,pcasub_matched_cf_k4_zero,target1,4,zero,20,-0.0741150826215744,0.01290969984954016,170,-0.052535343915224075,0.02472098807199416,40
landmark-country,pcasub_matched_cf_k4_zero,target1,4,zero,21,0.05535236746072769,0.00634475069977709,170,0.06256625801324844,0.013234291239261455,40
landmark-country,pcasub_matched_cf_k4_zero,target1,4,zero,22,0.000924820255022496,0.007635936572287172,170,0.009214906021952629,0.01618599119274048,40
landmark-country,pcasub_matched_cf_k4_zero,target1,4,zero,23,-0.03058467246592045,0.005057536289719783,170,-0.01380293071269989,0.009859175943589508,40
landmark-country,pcasub_matched_cf_k4_zero,target1,4,zero,24,-0.05611151084303856,0.004302301846662352,170,-0.04068774729967117,0.007667582297949195,40
landmark-country,pcasub_matched_cf_k4_zero,target1,4,zero,25,0.008412928320467472,0.0024368539321497676,170,0.006534740328788757,0.004637904033092055,40
landmark-country,pcasub_matched_cf_k4_zero,target1,4,zero,26,0.014475301839411259,0.0012316692219043832,170,0.012056967243552208,0.002171364486085584,40
landmark-country,pcasub_matched_cf_k4_zero,target1,4,zero,27,0.0,0.0,170,0.0,0.0,40
landmark-country,pcasub_matched_cf_k4_zero,final_cue,4,zero,0,-11.77513313293457,0.23598144177672675,170,-12.097521781921387,0.4994064245772354,40
landmark-country,pcasub_matched_cf_k4_zero,final_cue,4,zero,1,-10.95730972290039,0.2554557839162692,170,-11.063446044921875,0.4909528078950307,40
landmark-country,pcasub_matched_cf_k4_zero,final_cue,4,zero,2,-9.863502502441406,0.21490046650210134,170,-9.652807235717773,0.36690125127957995,40
landmark-country,pcasub_matched_cf_k4_zero,final_cue,4,zero,3,-10.34588623046875,0.21749150117816957,170,-10.29527759552002,0.3729273888419011,40
landmark-country,pcasub_matched_cf_k4_zero,final_cue,4,zero,4,-9.069440841674805,0.2190871445052105,170,-8.893902778625488,0.41494278733599793,40
landmark-country,pcasub_matched_cf_k4_zero,final_cue,4,zero,5,-8.778112411499023,0.20298193739415307,170,-8.60650634765625,0.347994968465714,40
landmark-country,pcasub_matched_cf_k4_zero,final_cue,4,zero,6,-9.017234802246094,0.2063414723407379,170,-9.19613265991211,0.42889847389215807,40
landmark-country,pcasub_matched_cf_k4_zero,final_cue,4,zero,7,-9.755935668945312,0.23347854499543783,170,-10.633879661560059,0.4611022109282356,40
landmark-country,pcasub_matched_cf_k4_zero,final_cue,4,zero,8,-8.454894065856934,0.20591299782819253,170,-8.980175971984863,0.44100793580166947,40
landmark-country,pcasub_matched_cf_k4_zero,final_cue,4,zero,9,-7.108458518981934,0.19114053808707185,170,-7.483150482177734,0.32654174382843754,40
landmark-country,pcasub_matched_cf_k4_zero,final_cue,4,zero,10,-7.831419467926025,0.2034494705256297,170,-7.790335178375244,0.35696835534552956,40
landmark-country,pcasub_matched_cf_k4_zero,final_cue,4,zero,11,-8.01632022857666,0.21595175775659345,170,-7.877256870269775,0.41852930725191745,40
landmark-country,pcasub_matched_cf_k4_zero,final_cue,4,zero,12,-5.850064754486084,0.21432332786412944,170,-5.26953125,0.3910110037545151,40
landmark-country,pcasub_matched_cf_k4_zero,final_cue,4,zero,13,-4.97515344619751,0.23049646698329998,170,-4.302945137023926,0.4284167025601689,40
landmark-country,pcasub_matched_cf_k4_zero,final_cue,4,zero,14,-3.2710821628570557,0.17351005167783465,170,-2.5972678661346436,0.3200723615617714,40
landmark-country,pcasub_matched_cf_k4_zero,final_cue,4,zero,15,-3.377716541290283,0.17194478118133905,170,-2.7608559131622314,0.3361697064053314,40
landmark-country,pcasub_matched_cf_k4_zero,final_cue,4,zero,16,-2.681643486022949,0.15142920501596183,170,-2.2208313941955566,0.3039968811448588,40
landmark-country,pcasub_matched_cf_k4_zero,final_cue,4,zero,17,-1.5166994333267212,0.13035492236986115,170,-1.0541125535964966,0.24491886106800673,40
landmark-country,pcasub_matched_cf_k4_zero,final_cue,4,zero,18,-1.3218191862106323,0.12939214387048922,170,-0.8660988807678223,0.22787310902132857,40
landmark-country,pcasub_matched_cf_k4_zero,final_cue,4,zero,19,-1.3184068202972412,0.13140781363800333,170,-0.9509052038192749,0.2649706513517597,40
landmark-country,pcasub_matched_cf_k4_zero,final_cue,4,zero,20,-1.301992654800415,0.12885344213185884,170,-0.9683246612548828,0.24298708242777822,40
landmark-country,pcasub_matched_cf_k4_zero,final_cue,4,zero,21,-1.0461820363998413,0.12395573634854251,170,-0.7226758003234863,0.2397617967676323,40
landmark-country,pcasub_matched_cf_k4_zero,final_cue,4,zero,22,-1.225429654121399,0.12610652955453622,170,-0.9288740158081055,0.23924941523833673,40
landmark-country,pcasub_matched_cf_k4_zero,final_cue,4,zero,23,-1.0341793298721313,0.1281023591527898,170,-0.7977527379989624,0.23408810999313845,40
landmark-country,pcasub_matched_cf_k4_zero,final_cue,4,zero,24,-1.3575470447540283,0.12318543491980272,170,-1.0937098264694214,0.23293315935277703,40
landmark-country,pcasub_matched_cf_k4_zero,final_cue,4,zero,25,-1.078250527381897,0.13987982191441548,170,-0.8175784349441528,0.2678641820348187,40
landmark-country,pcasub_matched_cf_k4_zero,final_cue,4,zero,26,-1.4927173852920532,0.11403821174013883,170,-1.22419011592865,0.24100477057389313,40
landmark-country,pcasub_matched_cf_k4_zero,final_cue,4,zero,27,-0.5603265166282654,0.16314028092551358,170,-0.3584934175014496,0.31111669240699763,40
landmark-country,pcasub_matched_cf_k4_mean,cue1,4,mean,0,-0.04064585641026497,0.006701213169401777,170,-0.037443775683641434,0.012744947464681236,40
landmark-country,pcasub_matched_cf_k4_mean,cue1,4,mean,1,-0.02967403084039688,0.006831541709832282,170,-0.025371011346578598,0.014251786967680794,40
landmark-country,pcasub_matched_cf_k4_mean,cue1,4,mean,2,-0.04154358431696892,0.006317782469705677,170,-0.038271673023700714,0.011753339170290807,40
landmark-country,pcasub_matched_cf_k4_mean,cue1,4,mean,3,-0.04656222462654114,0.006115753889016231,170,-0.043710000813007355,0.010513416488222673,40
landmark-country,pcasub_matched_cf_k4_mean,cue1,4,mean,4,-0.03281928226351738,0.005819595362428079,170,-0.03341022878885269,0.010151017150662758,40
landmark-country,pcasub_matched_cf_k4_mean,cue1,4,mean,5,-0.011071776039898396,0.004767332671077011,170,-0.014748689718544483,0.008305872766903888,40
landmark-country,pcasub_matched_cf_k4_mean,cue1,4,mean,6,-0.004133342765271664,0.0036743462037317626,170,-0.005812859628349543,0.0057688518092806566,40
landmark-country,pcasub_matched_cf_k4_mean,cue1,4,mean,7,-0.0026260418817400932,0.002876696827395405,170,-0.005207775626331568,0.003782911886000761,40
landmark-country,pcasub_matched_cf_k4_mean,cue1,4,mean,8,0.0017196736298501492,0.0022723010997449207,170,-0.001871601678431034,0.0037374221570738984,40
landmark-country,pcasub_matched_cf_k4_mean,cue1,4,mean,9,0.00893956609070301,0.0026211115040882947,170,0.00885376613587141,0.00510874933646875,40
landmark-country,pcasub_matched_cf_k4_mean,cue1,4,mean,10,0.006596454419195652,0.001933178635194173,170,0.004922858439385891,0.0035483081195264907,40
landmark-country,pcasub_matched_cf_k4_mean,cue1,4,mean,11,0.003593945410102606,0.0011085013854204306,170,0.0024058762937784195,0.0018509506495367975,40
landmark-country,pcasub_matched_cf_k4_mean,cue1,4,mean,12,0.00429631769657135,0.0009428401864170276,170,0.002137991366907954,0.002039906535183483,40
landmark-country,pcasub_matched_cf_k4_mean,cue1,4,mean,13,0.0009473891695961356,0.0004784909749602043,170,-0.0006034417310729623,0.0011630498878172776,40
landmark-country,pcasub_matched_cf_k4_mean,cue1,4,mean,14,0.0004724025202449411,0.0004093914211722531,170,-0.0008400400984100997,0.0009559203755601728,40
landmark-country,pcasub_matched_cf_k4_mean,cue1,4,mean,15,0.0005115668755024672,0.0003693177221525832,170,-0.0007939102360978723,0.000699180717793271,40
landmark-country,pcasub_matched_cf_k4_mean,cue1,4,mean,16,-4.5184046030044556e-05,0.0003696771180758052,170,-0.0015040850266814232,0.0007935022021487198,40
landmark-country,pcasub_matched_cf_k4_mean,cue1,4,mean,17,0.0002174149121856317,0.0003306153562606044,170,-0.0005412606406025589,0.0007702641069669733,40
landmark-country,pcasub_matched_cf_k4_mean,cue1,4,mean,18,-0.0005473712808452547,0.0003245176613827961,170,-0.001460562227293849,0.0007294278578265988,40
landmark-country,pcasub_matched_cf_k4_mean,cue1,4,mean,19,-0.0007363237673416734,0.0003343244593322826,170,-0.002062878804281354,0.0008071048854161853,40
landmark-country,pcasub_matched_cf_k4_mean,cue1,4,mean,20,-0.00041225700988434255,0.0003003099548619669,170,-0.000582322827540338,0.0007203705691546244,40
landmark-country,pcasub_matched_cf_k4_mean,cue1,4,mean,21,-0.0004191699263174087,0.00027725715105098866,170,-0.0006614752346649766,0.0006460419736605063,40
landmark-country,pcasub_matched_cf_k4_mean,cue1,4,mean,22,-0.0004900058265775442,0.0002607587781571832,170,-0.0008579719578847289,0.0006153693034082647,40
landmark-country,pcasub_matched_cf_k4_mean,cue1,4,mean,23,-4.119566438021138e-05,0.0002489611953667666,170,-0.0002702087222132832,0.0004905093717591485,40
landmark-country,pcasub_matched_cf_k4_mean,cue1,4,mean,24,-0.0002049312024610117,0.000222926044684214,170,-0.0004986632848158479,0.0005110504910919788,40
landmark-country,pcasub_matched_cf_k4_mean,cue1,4,mean,25,-4.627025191439316e-05,0.00023117588292239158,170,-2.1323003238649108e-05,0.0003448194432248345,40
landmark-country,pcasub_matched_cf_k4_mean,cue1,4,mean,26,-0.0005301345372572541,0.00018152672721256845,170,-0.0008627517381682992,0.0005071808130090028,40
landmark-country,pcasub_matched_cf_k4_mean,cue1,4,mean,27,0.0,0.0,170,0.0,0.0,40
landmark-country,pcasub_matched_cf_k4_mean,target1,4,mean,0,-0.0073181334882974625,0.009647040015130746,170,0.0008283901843242347,0.023710915175056784,40
landmark-country,pcasub_matched_cf_k4_mean,target1,4,mean,1,-0.006240391172468662,0.008494911328945582,170,-0.0063741691410541534,0.023708606216208246,40
landmark-country,pcasub_matched_cf_k4_mean,target1,4,mean,2,-0.004921861458569765,0.007919345847251742,170,-0.008725943975150585,0.021792332941471836,40
landmark-country,pcasub_matched_cf_k4_mean,target1,4,mean,3,-0.0011737690074369311,0.007493087925045109,170,-0.0001320566952927038,0.018306513082354352,40
landmark-country,pcasub_matched_cf_k4_mean,target1,4,mean,4,-0.005196178797632456,0.006441151522191958,170,-0.005415427032858133,0.01656015326198543,40
landmark-country,pcasub_matched_cf_k4_mean,target1,4,mean,5,0.008070670999586582,0.005677847867437311,170,0.0021472922526299953,0.013800740102900156,40
landmark-country,pcasub_matched_cf_k4_mean,target1,4,mean,6,0.011684412136673927,0.005264406054567491,170,0.005584367085248232,0.01095097950454393,40
landmark-country,pcasub_matched_cf_k4_mean,target1,4,mean,7,0.012001079507172108,0.004606834730408121,170,0.008019079454243183,0.011148463812427352,40
landmark-country,pcasub_matched_cf_k4_mean,target1,4,mean,8,0.008032103069126606,0.0037406984840821695,170,0.009461109526455402,0.008524619522877766,40
landmark-country,pcasub_matched_cf_k4_mean,target1,4,mean,9,0.010532531887292862,0.0031704067616655503,170,0.012237022630870342,0.005376443074931098,40
landmark-country,pcasub_matched_cf_k4_mean,target1,4,mean,10,-0.00299768871627748,0.002996174132394689,170,-0.003791061695665121,0.005572669824870225,40
landmark-country,pcasub_matched_cf_k4_mean,target1,4,mean,11,-0.011182766407728195,0.0030828860150084,170,-0.007715399377048016,0.004775821620334009,40
landmark-country,pcasub_matched_cf_k4_mean,target1,4,mean,12,0.004627621732652187,0.002277782717938283,170,0.0019611630123108625,0.003998782456755909,40
landmark-country,pcasub_matched_cf_k4_mean,target1,4,mean,13,-0.0014575705863535404,0.0020386543921719967,170,-0.002529748948290944,0.0024830693657325632,40
landmark-country,pcasub_matched_cf_k4_mean,target1,4,mean,14,-0.002167599042877555,0.001955107965134855,170,-0.0031560217030346394,0.002806773910405605,40
landmark-country,pcasub_matched_cf_k4_mean,target1,4,mean,15,-0.0025177730713039637,0.002174332121094652,170,-0.003491648007184267,0.0031613257329810573,40
landmark-country,pcasub_matched_cf_k4_mean,target1,4,mean,16,0.0012381685664877295,0.0016592248694678885,170,1.6903319192351773e-05,0.002293732825836932,40
landmark-country,pcasub_matched_cf_k4_mean,target1,4,mean,17,0.0006338172825053334,0.0014861465357588412,170,-0.0004205320146866143,0.0023175015545142596,40
landmark-country,pcasub_matched_cf_k4_mean,target1,4,mean,18,-0.0007693734369240701,0.0011214377814977217,170,-0.0005924539873376489,0.002070840399042714,40
landmark-country,pcasub_matched_cf_k4_mean,target1,4,mean,19,0.0013352730311453342,0.0008761627604355947,170,0.00045147817581892014,0.0015453419808190718,40
landmark-country,pcasub_matched_cf_k4_mean,target1,4,mean,20,0.0017155519453808665,0.0008094429055207634,170,0.0005114331725053489,0.0016759387843138863,40
landmark-country,pcasub_matched_cf_k4_mean,target1,4,mean,21,0.0038408825639635324,0.000769547708023926,170,0.0005467526498250663,0.0018719072489328393,40
landmark-country,pcasub_matched_cf_k4_mean,target1,4,mean,22,0.00167876819614321,0.0005698204683962563,170,0.00040256735519506037,0.001454297878007789,40
landmark-country,pcasub_matched_cf_k4_mean,target1,4,mean,23,0.0017944537103176117,0.0005507020552932162,170,0.0005319200572557747,0.0012752245718408999,40
landmark-country,pcasub_matched_cf_k4_mean,target1,4,mean,24,0.0015295310877263546,0.0003717847431992376,170,0.0011381569784134626,0.00073885041259703,40
landmark-country,pcasub_matched_cf_k4_mean,target1,4,mean,25,0.0014453239273279905,0.0003711343447934147,170,7.264204032253474e-05,0.0006443229184565615,40
landmark-country,pcasub_matched_cf_k4_mean,target1,4,mean,26,0.00022816832643002272,0.00018720554351683911,170,-0.00081164127914235,0.0004133228874836052,40
landmark-country,pcasub_matched_cf_k4_mean,target1,4,mean,27,0.0,0.0,170,0.0,0.0,40
landmark-country,pcasub_matched_cf_k4_mean,final_cue,4,mean,0,-0.10313153266906738,0.022144067772653448,170,-0.08521928638219833,0.05328146370648951,40
landmark-country,pcasub_matched_cf_k4_mean,final_cue,4,mean,1,-0.10316427797079086,0.022150552399403677,170,-0.08582879602909088,0.053072625446880455,40
landmark-country,pcasub_matched_cf_k4_mean,final_cue,4,mean,2,-0.1007685512304306,0.02215449529018413,170,-0.08482787013053894,0.05320844406094467,40
landmark-country,pcasub_matched_cf_k4_mean,final_cue,4,mean,3,-0.10124048590660095,0.022172801732074365,170,-0.08471937477588654,0.053115350609900275,40
landmark-country,pcasub_matched_cf_k4_mean,final_cue,4,mean,4,-0.1006041169166565,0.022123722456226305,170,-0.08413764089345932,0.05309222332412755,40
landmark-country,pcasub_matched_cf_k4_mean,final_cue,4,mean,5,-0.10277632623910904,0.022141564894158028,170,-0.083640456199646,0.05300480331482529,40
landmark-country,pcasub_matched_cf_k4_mean,final_cue,4,mean,6,-0.10275214910507202,0.022149560390940654,170,-0.08417163789272308,0.05298765576125419,40
landmark-country,pcasub_matched_cf_k4_mean,final_cue,4,mean,7,-0.10531441122293472,0.02209447649243737,170,-0.08587618172168732,0.052750247670015155,40
landmark-country,pcasub_matched_cf_k4_mean,final_cue,4,mean,8,-0.10508133471012115,0.022338862577344375,170,-0.08606123924255371,0.053426433337051396,40
landmark-country,pcasub_matched_cf_k4_mean,final_cue,4,mean,9,-0.09214967489242554,0.02202089415040585,170,-0.07788076251745224,0.05212265851849931,40
landmark-country,pcasub_matched_cf_k4_mean,final_cue,4,mean,10,-0.10885956883430481,0.021871788878358684,170,-0.0916362777352333,0.05104035997513133,40
landmark-country,pcasub_matched_cf_k4_mean,final_cue,4,mean,11,-0.07771528512239456,0.02152753908435137,170,-0.06447596102952957,0.04932927067921409,40
landmark-country,pcasub_matched_cf_k4_mean,final_cue,4,mean,12,-0.1008947491645813,0.020611151837895424,170,-0.07393389940261841,0.047732394739564,40
landmark-country,pcasub_matched_cf_k4_mean,final_cue,4,mean,13,-0.09519334882497787,0.02055106446813509,170,-0.06600053608417511,0.04713658440126152,40
landmark-country,pcasub_matched_cf_k4_mean,final_cue,4,mean,14,-0.11885339766740799,0.0209473444203079,170,-0.08546210825443268,0.04754524655664848,40
landmark-country,pcasub_matched_cf_k4_mean,final_cue,4,mean,15,-0.1212867721915245,0.020785199037012914,170,-0.08681346476078033,0.04711939443824219,40
landmark-country,pcasub_matched_cf_k4_mean,final_cue,4,mean,16,-0.13886767625808716,0.02114894156874528,170,-0.10018686950206757,0.04635928047314199,40
landmark-country,pcasub_matched_cf_k4_mean,final_cue,4,mean,17,-0.17019760608673096,0.02169278392265986,170,-0.13104347884655,0.046201484340568415,40
landmark-country,pcasub_matched_cf_k4_mean,final_cue,4,mean,18,-0.17133572697639465,0.021742267773388002,170,-0.13165776431560516,0.04628815982844604,40
landmark-country,pcasub_matched_cf_k4_mean,final_cue,4,mean,19,-0.17000003159046173,0.02174576723181402,170,-0.1276148557662964,0.04616008800692674,40
landmark-country,pcasub_matched_cf_k4_mean,final_cue,4,mean,20,-0.16485808789730072,0.02155360330671051,170,-0.12673713266849518,0.04570351731151304,40
landmark-country,pcasub_matched_cf_k4_mean,final_cue,4,mean,21,-0.1616755723953247,0.022093546198786562,170,-0.13073956966400146,0.04745246882038542,40
landmark-country,pcasub_matched_cf_k4_mean,final_cue,4,mean,22,-0.17167174816131592,0.021847345241253657,170,-0.13601157069206238,0.04490995642823541,40
landmark-country,pcasub_matched_cf_k4_mean,final_cue,4,mean,23,-0.16407886147499084,0.021899050825221568,170,-0.12303371727466583,0.04525722855121671,40
landmark-country,pcasub_matched_cf_k4_mean,final_cue,4,mean,24,-0.17121079564094543,0.02153883975218822,170,-0.13333344459533691,0.04404780533067342,40
landmark-country,pcasub_matched_cf_k4_mean,final_cue,4,mean,25,-0.15347018837928772,0.024255445785245324,170,-0.11663385480642319,0.05197374480925124,40
landmark-country,pcasub_matched_cf_k4_mean,final_cue,4,mean,26,-0.1312684267759323,0.02725090219723128,170,-0.10722661018371582,0.06543470159090488,40
landmark-country,pcasub_matched_cf_k4_mean,final_cue,4,mean,27,-0.05628529191017151,0.03330758015368738,170,-0.05689697712659836,0.08177648035762874,40
landmark-country,pcasub_icl10_k0_zero,cue1,0,zero,0,-6.034538745880127,0.16345402988788357,170,-6.477891445159912,0.3431758980434784,40
landmark-country,pcasub_icl10_k0_zero,cue1,0,zero,1,-2.742506742477417,0.08736415560695486,170,-2.9384922981262207,0.221639937957029,40
landmark-country,pcasub_icl10_k0_zero,cue1,0,zero,2,-2.6135056018829346,0.10429550919460602,170,-2.694070816040039,0.2292160560335703,40
landmark-country,pcasub_icl10_k0_zero,cue1,0,zero,3,-2.183401107788086,0.09856091398590283,170,-2.2449862957000732,0.23651911380938673,40
landmark-country,pcasub_icl10_k0_zero,cue1,0,zero,4,-2.2084436416625977,0.09114876389421185,170,-2.212446928024292,0.21018058461604805,40
landmark-country,pcasub_icl10_k0_zero,cue1,0,zero,5,-1.8287861347198486,0.07465028714237748,170,-2.0343174934387207,0.152837167518081,40
landmark-country,pcasub_icl10_k0_zero,cue1,0,zero,6,-0.7856116890907288,0.04855526223474003,170,-0.7843372225761414,0.1291847773815933,40
landmark-country,pcasub_icl10_k0_zero,cue1,0,zero,7,-1.0510776042938232,0.0452838651829345,170,-0.9837267994880676,0.09290942231200082,40
landmark-country,pcasub_icl10_k0_zero,cue1,0,zero,8,-0.5880144238471985,0.02910134769804096,170,-0.5308700203895569,0.05373116407128857,40
landmark-country,pcasub_icl10_k0_zero,cue1,0,zero,9,-0.341003954410553,0.021742046057210782,170,-0.2634783387184143,0.03434082923955035,40
landmark-country,pcasub_icl10_k0_zero,cue1,0,zero,10,-0.28705692291259766,0.01841406452267162,170,-0.24318456649780273,0.038842853694996356,40
landmark-country,pcasub_icl10_k0_zero,cue1,0,zero,11,-0.0629817545413971,0.007621581592679087,170,-0.029801975935697556,0.013991444789266564,40
landmark-country,pcasub_icl10_k0_zero,cue1,0,zero,12,-0.1636757105588913,0.013843774104030399,170,-0.14932532608509064,0.02520849881597829,40
landmark-country,pcasub_icl10_k0_zero,cue1,0,zero,13,-0.0547480508685112,0.007720874439766402,170,-0.03162919357419014,0.01680196604564013,40
landmark-country,pcasub_icl10_k0_zero,cue1,0,zero,14,-0.017776332795619965,0.00473111807640871,170,-0.018666619434952736,0.011670818630300317,40
landmark-country,pcasub_icl10_k0_zero,cue1,0,zero,15,0.020791808143258095,0.004991011722185274,170,0.01884540356695652,0.007571027764712452,40
landmark-country,pcasub_icl10_k0_zero,cue1,0,zero,16,0.06833193451166153,0.004720978561335032,170,0.05919530242681503,0.008533325240168945,40
landmark-country,pcasub_icl10_k0_zero,cue1,0,zero,17,-0.008104640990495682,0.005249505356018054,170,-0.00010436903539812192,0.008032016110984329,40
landmark-country,pcasub_icl10_k0_zero,cue1,0,zero,18,0.016681799665093422,0.003565164415137035,170,0.01697378233075142,0.006306409825327004,40
landmark-country,pcasub_icl10_k0_zero,cue1,0,zero,19,0.0020315374713391066,0.004257918610877155,170,0.007637189235538244,0.008484458364416036,40
landmark-country,pcasub_icl10_k0_zero,cue1,0,zero,20,0.03387368842959404,0.0039616566548351965,170,0.030448708683252335,0.006913369725375402,40
landmark-country,pcasub_icl10_k0_zero,cue1,0,zero,21,0.04621177166700363,0.0036014498675526947,170,0.036697592586278915,0.007166632471034377,40
landmark-country,pcasub_icl10_k0_zero,cue1,0,zero,22,0.0007676440291106701,0.006861132819422867,170,0.0036833721678704023,0.011439952196452063,40
landmark-country,pcasub_icl10_k0_zero,cue1,0,zero,23,-0.08665987104177475,0.007867264831509516,170,-0.06898070126771927,0.012116101344241207,40
landmark-country,pcasub_icl10_k0_zero,cue1,0,zero,24,0.008630424737930298,0.0056180244999292335,170,0.006353594362735748,0.01284918164216983,40
landmark-country,pcasub_icl10_k0_zero,cue1,0,zero,25,-0.04776540771126747,0.006911359533631386,170,-0.032647520303726196,0.012824459289927252,40
landmark-country,pcasub_icl10_k0_zero,cue1,0,zero,26,-0.009005049243569374,0.004125982628161806,170,-0.016052113845944405,0.007292395922725262,40
landmark-country,pcasub_icl10_k0_zero,cue1,0,zero,27,0.0,0.0,170,0.0,0.0,40
landmark-country,pcasub_icl10_k0_zero,target1,0,zero,0,-5.151810169219971,0.1395143970826168,170,-5.8513875007629395,0.29495778789323907,40
landmark-country,pcasub_icl10_k0_zero,target1,0,zero,1,-5.826714515686035,0.11709645040201853,170,-6.137003421783447,0.213450032648293,40
landmark-country,pcasub_icl10_k0_zero,target1,0,zero,2,-5.206840515136719,0.11547488685384698,170,-5.480481147766113,0.20605339135669698,40
landmark-country,pcasub_icl10_k0_zero,target1,0,zero,3,-4.739800453186035,0.10463648581783211,170,-4.824273586273193,0.19819648503552958,40
landmark-country,pcasub_icl10_k0_zero,target1,0,zero,4,-4.707341194152832,0.10641101067094742,170,-4.899237632751465,0.23749404105413668,40
landmark-country,pcasub_icl10_k0_zero,target1,0,zero,5,-4.3524699211120605,0.09973421770987938,170,-4.496734619140625,0.21485305028788407,40
landmark-country,pcasub_icl10_k0_zero,target1,0,zero,6,-4.277650833129883,0.09499740015627585,170,-4.389401435852051,0.22178328189207505,40
landmark-country,pcasub_icl10_k0_zero,target1,0,zero,7,-3.5687873363494873,0.08708706981450863,170,-3.6354870796203613,0.20592359959644355,40
landmark-country,pcasub_icl10_k0_zero,target1,0,zero,8,-3.0677907466888428,0.08304594733887734,170,-3.163508653640747,0.21044640703760686,40
landmark-country,pcasub_icl10_k0_zero,target1,0,zero,9,-2.288264274597168,0.07495988978366008,170,-2.3977322578430176,0.18893301752976274,40
landmark-country,pcasub_icl10_k0_zero,target1,0,zero,10,-2.0964105129241943,0.08135625978095468,170,-2.2527265548706055,0.21521995798539978,40
landmark-country,pcasub_icl10_k0_zero,target1,0,zero,11,-1.1297500133514404,0.05404604279198265,170,-1.216312289237976,0.14009317544402536,40
landmark-country,pcasub_icl10_k0_zero,target1,0,zero,12,-0.38562434911727905,0.04780910272624555,170,-0.4303964078426361,0.13537979879112194,40
landmark-country,pcasub_icl10_k0_zero,target1,0,zero,13,-0.4005693197250366,0.039967106681737724,170,-0.4198262691497803,0.11985994811638633,40
landmark-country,pcasub_icl10_k0_zero,target1,0,zero,14,-0.3327868580818176,0.040269993837157736,170,-0.38523727655410767,0.12007527502157586,40
landmark-country,pcasub_icl10_k0_zero,target1,0,zero,15,-0.1974111646413803,0.028412889253234475,170,-0.2178318053483963,0.07446905440864375,40
landmark-country,pcasub_icl10_k0_zero,target1,0,zero,16,-0.37095963954925537,0.030904046505799684,170,-0.3823966383934021,0.0766037057127624,40
landmark-country,pcasub_icl10_k0_zero,target1,0,zero,17,0.004741531331092119,0.0194664380721113,170,-0.019950542598962784,0.053466679903429716,40
landmark-country,pcasub_icl10_k0_zero,target1,0,zero,18,-0.10388412326574326,0.01665119119752927,170,-0.06806518137454987,0.02422469857222466,40
landmark-country,pcasub_icl10_k0_zero,target1,0,zero,19,-0.11401232331991196,0.01484337120322353,170,-0.06387028843164444,0.031077610684035528,40
landmark-country,pcasub_icl10_k0_zero,target1,0,zero,20,-0.12919136881828308,0.023785345774727275,170,-0.08927808701992035,0.05597854440098604,40
landmark-country,pcasub_icl10_k0_zero,target1,0,zero,21,-0.006545534357428551,0.010359563808100717,170,0.002929398324340582,0.025608087705522673,40
landmark-country,pcasub_icl10_k0_zero,target1,0,zero,22,0.0058840238489210606,0.021048314424560524,170,-0.0020205886103212833,0.04740639331095476,40
landmark-country,pcasub_icl10_k0_zero,target1,0,zero,23,-0.056787848472595215,0.019074690730035673,170,-0.05319587141275406,0.04054203300419996,40
landmark-country,pcasub_icl10_k0_zero,target1,0,zero,24,0.007828538306057453,0.008993582440352315,170,0.0031380101572722197,0.021308862875472647,40
landmark-country,pcasub_icl10_k0_zero,target1,0,zero,25,-0.005103028379380703,0.0125461173191728,170,-0.01707693375647068,0.026407312606220586,40
landmark-country,pcasub_icl10_k0_zero,target1,0,zero,26,0.005259986966848373,0.0050379081222679265,170,0.0020051351748406887,0.010083444763136105,40
landmark-country,pcasub_icl10_k0_zero,target1,0,zero,27,0.0,0.0,170,0.0,0.0,40
landmark-country,pcasub_icl10_k0_zero,final_cue,0,zero,0,-11.172640800476074,0.21186351259323472,170,-11.704955101013184,0.4499435123023,40
landmark-country,pcasub_icl10_k0_zero,final_cue,0,zero,1,-17.923784255981445,0.2778701099945508,170,-18.371286392211914,0.47493809550528293,40
landmark-country,pcasub_icl10_k0_zero,final_cue,0,zero,2,-16.720670700073242,0.2352955936399036,170,-17.107160568237305,0.43326472449906855,40
landmark-country,pcasub_icl10_k0_zero,final_cue,0,zero,3,-17.185317993164062,0.25962541948827167,170,-18.30178451538086,0.5122112129514214,40
landmark-country,pcasub_icl10_k0_zero,final_cue,0,zero,4,-18.23061180114746,0.2841814598379499,170,-19.22018814086914,0.5332921768763822,40
landmark-country,pcasub_icl10_k0_zero,final_cue,0,zero,5,-16.019922256469727,0.2831488750287605,170,-16.881072998046875,0.5067146091841278,40
landmark-country,pcasub_icl10_k0_zero,final_cue,0,zero,6,-18.07366943359375,0.2747653520786631,170,-18.971654891967773,0.5964798798226237,40
landmark-country,pcasub_icl10_k0_zero,final_cue,0,zero,7,-16.987411499023438,0.25750753170585794,170,-16.920644760131836,0.4692313293611631,40
landmark-country,pcasub_icl10_k0_zero,final_cue,0,zero,8,-19.445472717285156,0.28285951941735227,170,-19.441232681274414,0.5257186787613098,40
landmark-country,pcasub_icl10_k0_zero,final_cue,0,zero,9,-18.8996524810791,0.2981941599545508,170,-19.924381256103516,0.6994969909656704,40
landmark-country,pcasub_icl10_k0_zero,final_cue,0,zero,10,-19.717426300048828,0.31260331602482594,170,-20.424911499023438,0.5914811441290063,40
landmark-country,pcasub_icl10_k0_zero,final_cue,0,zero,11,-20.926231384277344,0.3295015813301943,170,-21.164134979248047,0.5621663010096472,40
landmark-country,pcasub_icl10_k0_zero,final_cue,0,zero,12,-18.924039840698242,0.2832686109073943,170,-19.709259033203125,0.5806696752166038,40
landmark-country,pcasub_icl10_k0_zero,final_cue,0,zero,13,-12.610075950622559,0.27918148118212305,170,-12.892123222351074,0.640190487630353,40
landmark-country,pcasub_icl10_k0_zero,final_cue,0,zero,14,-16.141061782836914,0.24630423612828267,170,-15.709405899047852,0.5500590632400878,40
landmark-country,pcasub_icl10_k0_zero,final_cue,0,zero,15,-14.660469055175781,0.2662969826904379,170,-14.4476900100708,0.4529053881672758,40
landmark-country,pcasub_icl10_k0_zero,final_cue,0,zero,16,-16.830167770385742,0.31192560510028017,170,-16.01080894470215,0.6339040126017785,40
landmark-country,pcasub_icl10_k0_zero,final_cue,0,zero,17,-12.718395233154297,0.24547191817046735,170,-12.145788192749023,0.47739633561162215,40
landmark-country,pcasub_icl10_k0_zero,final_cue,0,zero,18,-13.191587448120117,0.23522574161541046,170,-12.771141052246094,0.4862266612860466,40
landmark-country,pcasub_icl10_k0_zero,final_cue,0,zero,19,-13.260930061340332,0.2865193266399062,170,-12.421480178833008,0.5916976396501029,40
landmark-country,pcasub_icl10_k0_zero,final_cue,0,zero,20,-11.62964916229248,0.23237369442687753,170,-11.06011962890625,0.4571023779541056,40
landmark-country,pcasub_icl10_k0_zero,final_cue,0,zero,21,-14.774758338928223,0.3103479367837305,170,-13.545089721679688,0.6074452667591665,40
landmark-country,pcasub_icl10_k0_zero,final_cue,0,zero,22,-17.608800888061523,0.32102790903958606,170,-17.017322540283203,0.6619098551161305,40
landmark-country,pcasub_icl10_k0_zero,final_cue,0,zero,23,-14.237565994262695,0.3246472313453264,170,-13.8734130859375,0.6820158540990541,40
landmark-country,pcasub_icl10_k0_zero,final_cue,0,zero,24,-19.120956420898438,0.32665238673742597,170,-18.778074264526367,0.7076861234800162,40
landmark-country,pcasub_icl10_k0_zero,final_cue,0,zero,25,-13.402118682861328,0.241410534950559,170,-12.960046768188477,0.42130857745710015,40
landmark-country,pcasub_icl10_k0_zero,final_cue,0,zero,26,-13.948860168457031,0.22045174586118574,170,-13.704900741577148,0.45118895528088054,40
landmark-country,pcasub_icl10_k0_zero,final_cue,0,zero,27,-4.400104999542236,0.2836797687007787,170,-3.712055206298828,0.5442664226754459,40
landmark-country,pcasub_icl10_k0_mean,cue1,0,mean,0,0.10645344853401184,0.009813919153096061,170,0.10097286850214005,0.021434260545672473,40
landmark-country,pcasub_icl10_k0_mean,cue1,0,mean,1,0.1064181700348854,0.009961116980298999,170,0.10159289836883545,0.021809595942985354,40
landmark-country,pcasub_icl10_k0_mean,cue1,0,mean,2,0.1000194326043129,0.009799484744238921,170,0.09576098620891571,0.02115469510680392,40
landmark-country,pcasub_icl10_k0_mean,cue1,0,mean,3,0.10567252337932587,0.009923998949351873,170,0.10132720321416855,0.0213445410018435,40
landmark-country,pcasub_icl10_k0_mean,cue1,0,mean,4,0.10686616599559784,0.00955778839656432,170,0.10432487726211548,0.02107291084195646,40
landmark-country,pcasub_icl10_k0_mean,cue1,0,mean,5,0.13714304566383362,0.00914024597728283,170,0.13233721256256104,0.02352609008747255,40
landmark-country,pcasub_icl10_k0_mean,cue1,0,mean,6,0.12764610350131989,0.008419643829680499,170,0.11985063552856445,0.02044603793889975,40
landmark-country,pcasub_icl10_k0_mean,cue1,0,mean,7,0.08439869433641434,0.005940586680343713,170,0.08084787428379059,0.012784596764663533,40
landmark-country,pcasub_icl10_k0_mean,cue1,0,mean,8,0.07012797147035599,0.005686465655243111,170,0.07024337351322174,0.011310803646163587,40
landmark-country,pcasub_icl10_k0_mean,cue1,0,mean,9,0.059129513800144196,0.004443762196346283,170,0.05708317831158638,0.009459862715458678,40
landmark-country,pcasub_icl10_k0_mean,cue1,0,mean,10,0.009933172725141048,0.002746710575599318,170,0.0072661773301661015,0.00715373764268942,40
landmark-country,pcasub_icl10_k0_mean,cue1,0,mean,11,0.00854790024459362,0.001527655318450071,170,0.005743877496570349,0.003380642660425697,40
landmark-country,pcasub_icl10_k0_mean,cue1,0,mean,12,0.01034238189458847,0.0013548449870274051,170,0.009090136736631393,0.0029084726508116637,40
landmark-country,pcasub_icl10_k0_mean,cue1,0,mean,13,0.006243981420993805,0.0012013895350108357,170,0.004018011502921581,0.0029898728745445208,40
landmark-country,pcasub_icl10_k0_mean,cue1,0,mean,14,0.006067498121410608,0.001002332836817976,170,0.005433651618659496,0.00228116490365548,40
landmark-country,pcasub_icl10_k0_mean,cue1,0,mean,15,0.005498764105141163,0.0009604191221007608,170,0.004222702234983444,0.0019200276889457452,40
landmark-country,pcasub_icl10_k0_mean,cue1,0,mean,16,0.004745354875922203,0.0008234946682563296,170,0.004260796122252941,0.0015640448420023011,40
landmark-country,pcasub_icl10_k0_mean,cue1,0,mean,17,0.006024796981364489,0.0008173096154903964,170,0.005483907647430897,0.0014711669723197897,40
landmark-country,pcasub_icl10_k0_mean,cue1,0,mean,18,0.006726172287017107,0.0008024287742532227,170,0.006194814573973417,0.0013649728304004512,40
landmark-country,pcasub_icl10_k0_mean,cue1,0,mean,19,0.005822915583848953,0.0007479555238166455,170,0.005221414379775524,0.0013882835959388147,40
landmark-country,pcasub_icl10_k0_mean,cue1,0,mean,20,0.0064557273872196674,0.0007817043117343654,170,0.006044127978384495,0.00146390847744975,40
landmark-country,pcasub_icl10_k0_mean,cue1,0,mean,21,0.006757943890988827,0.0007396356671239834,170,0.005934230051934719,0.0014432627334190953,40
landmark-country,pcasub_icl10_k0_mean,cue1,0,mean,22,0.002359804231673479,0.0008295637914618157,170,0.003244253573939204,0.0014460396687485445,40
landmark-country,pcasub_icl10_k0_mean,cue1,0,mean,23,-0.0063740648329257965,0.0008793815021810443,170,-0.0032780556939542294,0.0014217662970881844,40
landmark-country,pcasub_icl10_k0_mean,cue1,0,mean,24,0.0029270912054926157,0.0005599186339217084,170,0.003164151217788458,0.0011564405667408469,40
landmark-country,pcasub_icl10_k0_mean,cue1,0,mean,25,-0.0014731658156961203,0.0007695713510827726,170,-0.000795637839473784,0.0011537738518003092,40
landmark-country,pcasub_icl10_k0_mean,cue1,0,mean,26,-0.003015956375747919,0.0004275749334423227,170,-0.0032775034196674824,0.0008769544983327135,40
landmark-country,pcasub_icl10_k0_mean,cue1,0,mean,27,0.0,0.0,170,0.0,0.0,40
landmark-country,pcasub_icl10_k0_mean,target1,0,mean,0,-0.27443820238113403,0.028337960614003132,170,-0.29569512605667114,0.06035690526144908,40
landmark-country,pcasub_icl10_k0_mean,target1,0,mean,1,-0.26883465051651,0.02613092007100919,170,-0.30459925532341003,0.06038280329784005,40
landmark-country,pcasub_icl10_k0_mean,target1,0,mean,2,-0.21792104840278625,0.02228643927296773,170,-0.26484131813049316,0.054693264814026844,40
landmark-country,pcasub_icl10_k0_mean,target1,0,mean,3,-0.19781655073165894,0.016956264657315374,170,-0.1962842047214508,0.0380048029444361,40
landmark-country,pcasub_icl10_k0_mean,target1,0,mean,4,-0.21045129001140594,0.014589782754095013,170,-0.21998849511146545,0.04082556843863972,40
landmark-country,pcasub_icl10_k0_mean,target1,0,mean,5,-0.18517078459262848,0.012141981299978299,170,-0.19172537326812744,0.03274916966203359,40
landmark-country,pcasub_icl10_k0_mean,target1,0,mean,6,-0.09638875722885132,0.007362599383249599,170,-0.09507548063993454,0.016805190341746483,40
landmark-country,pcasub_icl10_k0_mean,target1,0,mean,7,-0.0989469662308693,0.007020965611560097,170,-0.10339049994945526,0.016187191615733676,40
landmark-country,pcasub_icl10_k0_mean,target1,0,mean,8,-0.0831918939948082,0.005754832524208952,170,-0.0823264941573143,0.012541806207618892,40
landmark-country,pcasub_icl10_k0_mean,target1,0,mean,9,-0.06173174828290939,0.005292411436344197,170,-0.0554339773952961,0.010992172037226017,40
landmark-country,pcasub_icl10_k0_mean,target1,0,mean,10,-0.06704910844564438,0.005282439922703774,170,-0.06113471835851669,0.010771946840764936,40
landmark-country,pcasub_icl10_k0_mean,target1,0,mean,11,-0.05102986842393875,0.004852924258418971,170,-0.047462575137615204,0.010015290423736401,40
landmark-country,pcasub_icl10_k0_mean,target1,0,mean,12,-0.015102422796189785,0.005273431274420606,170,-0.014564638957381248,0.015215456860003891,40
landmark-country,pcasub_icl10_k0_mean,target1,0,mean,13,-0.02031443454325199,0.004521041141342843,170,-0.01945517770946026,0.012734962395701531,40
landmark-country,pcasub_icl10_k0_mean,target1,0,mean,14,-0.016668569296598434,0.004165863254105759,170,-0.013529384508728981,0.010687610940781793,40
landmark-country,pcasub_icl10_k0_mean,target1,0,mean,15,-0.02018030174076557,0.0037342670006424578,170,-0.018240833654999733,0.007141340536341151,40
landmark-country,pcasub_icl10_k0_mean,target1,0,mean,16,-0.01774423196911812,0.0036194311638119044,170,-0.013971644453704357,0.007669744590789243,40
landmark-country,pcasub_icl10_k0_mean,target1,0,mean,17,0.0041786241345107555,0.0033341538729109127,170,0.00815918855369091,0.005934010693284522,40
landmark-country,pcasub_icl10_k0_mean,target1,0,mean,18,-0.019281141459941864,0.00347462849989973,170,-0.0130428746342659,0.0053636731188503985,40
landmark-country,pcasub_icl10_k0_mean,target1,0,mean,19,-0.013447674922645092,0.0030950575474176273,170,-0.008694752119481564,0.0057357677274937225,40
landmark-country,pcasub_icl10_k0_mean,target1,0,mean,20,-0.00168825953733176,0.0029381473516422274,170,-0.00032201706198975444,0.0057245227444892655,40
landmark-country,pcasub_icl10_k0_mean,target1,0,mean,21,0.005013266112655401,0.0017632160423518542,170,0.0020914115011692047,0.003369286941639728,40
landmark-country,pcasub_icl10_k0_mean,target1,0,mean,22,-0.0011256072903051972,0.0021455881615884188,170,-0.001721747568808496,0.005289927800524587,40
landmark-country,pcasub_icl10_k0_mean,target1,0,mean,23,-0.0028454994317144156,0.0017010086545052186,170,-0.0015085795894265175,0.003964311527109565,40
landmark-country,pcasub_icl10_k0_mean,target1,0,mean,24,-0.0004528784193098545,0.0004962947339905223,170,-0.0010850405087694526,0.000872360141440211,40
landmark-country,pcasub_icl10_k0_mean,target1,0,mean,25,0.001645758398808539,0.0004311683212410962,170,-8.756648458074778e-05,0.0006817696513484866,40
landmark-country,pcasub_icl10_k0_mean,target1,0,mean,26,-8.158578566508368e-05,0.00013176453482412087,170,-0.0005405441042967141,0.000284981313158768,40
landmark-country,pcasub_icl10_k0_mean,target1,0,mean,27,0.0,0.0,170,0.0,0.0,40
landmark-country,pcasub_icl10_k0_mean,final_cue,0,mean,0,-1.1593916416168213,0.06331915504563164,170,-0.9556892514228821,0.11017475163301417,40
landmark-country,pcasub_icl10_k0_mean,final_cue,0,mean,1,-1.1606924533843994,0.06326837518384697,170,-0.9575274586677551,0.11027712804106188,40
landmark-country,pcasub_icl10_k0_mean,final_cue,0,mean,2,-1.1562918424606323,0.06296463316399106,170,-0.9545000791549683,0.10934513800657293,40
landmark-country,pcasub_icl10_k0_mean,final_cue,0,mean,3,-1.1545978784561157,0.06300821753581815,170,-0.9531022906303406,0.10953650828566863,40
landmark-country,pcasub_icl10_k0_mean,final_cue,0,mean,4,-1.1582937240600586,0.06302169422221904,170,-0.9531129002571106,0.10902486185347589,40
landmark-country,pcasub_icl10_k0_mean,final_cue,0,mean,5,-1.1384589672088623,0.06220672041237016,170,-0.9351388216018677,0.10762631134243261,40
landmark-country,pcasub_icl10_k0_mean,final_cue,0,mean,6,-1.134720802307129,0.06192981747862679,170,-0.9347549676895142,0.10753508390711072,40
landmark-country,pcasub_icl10_k0_mean,final_cue,0,mean,7,-1.1377207040786743,0.06235764284277701,170,-0.9286395907402039,0.10607788584131454,40
landmark-country,pcasub_icl10_k0_mean,final_cue,0,mean,8,-1.1659795045852661,0.06271520932182023,170,-0.9521711468696594,0.10839177361017178,40
landmark-country,pcasub_icl10_k0_mean,final_cue,0,mean,9,-1.1364856958389282,0.06156114233338473,170,-0.9199842214584351,0.10510232716700192,40
landmark-country,pcasub_icl10_k0_mean,final_cue,0,mean,10,-1.2176451683044434,0.062386392802334434,170,-1.0087547302246094,0.10625471439182536,40
landmark-country,pcasub_icl10_k0_mean,final_cue,0,mean,11,-1.2109637260437012,0.0611781493517086,170,-0.9963151812553406,0.1007565273384642,40
landmark-country,pcasub_icl10_k0_mean,final_cue,0,mean,12,-1.3468811511993408,0.06472553504374319,170,-1.1345906257629395,0.11463699838209294,40
landmark-country,pcasub_icl10_k0_mean,final_cue,0,mean,13,-1.3395805358886719,0.0650349456833878,170,-1.1205101013183594,0.11481557043214245,40
landmark-country,pcasub_icl10_k0_mean,final_cue,0,mean,14,-1.3661653995513916,0.065996846460986,170,-1.1368002891540527,0.11637637949214617,40
landmark-country,pcasub_icl10_k0_mean,final_cue,0,mean,15,-1.3676400184631348,0.06554009742151064,170,-1.146121859550476,0.11478441362416991,40
landmark-country,pcasub_icl10_k0_mean,final_cue,0,mean,16,-1.3627772331237793,0.06529893879270914,170,-1.1435670852661133,0.1154006229070751,40
landmark-country,pcasub_icl10_k0_mean,final_cue,0,mean,17,-1.346750020980835,0.06477419831604224,170,-1.1316909790039062,0.11346233206046155,40
landmark-country,pcasub_icl10_k0_mean,final_cue,0,mean,18,-1.3494049310684204,0.06656416558661422,170,-1.1294282674789429,0.11601844374901335,40
landmark-country,pcasub_icl10_k0_mean,final_cue,0,mean,19,-1.2822740077972412,0.06180199467385893,170,-1.0824897289276123,0.10621003368202565,40
landmark-country,pcasub_icl10_k0_mean,final_cue,0,mean,20,-1.2583842277526855,0.05677911296549866,170,-1.0820852518081665,0.09929241182044424,40
landmark-country,pcasub_icl10_k0_mean,final_cue,0,mean,21,-1.225447177886963,0.05659880514154195,170,-1.036263108253479,0.10301191834171783,40
landmark-country,pcasub_icl10_k0_mean,final_cue,0,mean,22,-1.2176053524017334,0.054307613023491075,170,-1.0541601181030273,0.10283997158991535,40
landmark-country,pcasub_icl10_k0_mean,final_cue,0,mean,23,-0.9357003569602966,0.04880738324277808,170,-0.7575874328613281,0.08097207679208482,40
landmark-country,pcasub_icl10_k0_mean,final_cue,0,mean,24,-0.8706991672515869,0.04482740414591614,170,-0.705906093120575,0.07471691407279311,40
landmark-country,pcasub_icl10_k0_mean,final_cue,0,mean,25,-0.7292076945304871,0.05360757962279345,170,-0.5500743985176086,0.09036106684031574,40
landmark-country,pcasub_icl10_k0_mean,final_cue,0,mean,26,-0.5176098346710205,0.04536458815731277,170,-0.35290777683258057,0.06892684634801104,40
landmark-country,pcasub_icl10_k0_mean,final_cue,0,mean,27,0.09297644346952438,0.042661557097209354,170,0.15019556879997253,0.0715003694711452,40
landmark-country,pcasub_icl10_k2_zero,cue1,2,zero,0,-6.343945503234863,0.16957399981286767,170,-6.646454811096191,0.3274965030244696,40
landmark-country,pcasub_icl10_k2_zero,cue1,2,zero,1,-2.7895424365997314,0.08665685814428606,170,-2.9766838550567627,0.21956355252262907,40
landmark-country,pcasub_icl10_k2_zero,cue1,2,zero,2,-2.7561233043670654,0.10598465731935523,170,-2.8505988121032715,0.235144256043426,40
landmark-country,pcasub_icl10_k2_zero,cue1,2,zero,3,-2.207399368286133,0.09788680537780341,170,-2.27634596824646,0.23506405506464612,40
landmark-country,pcasub_icl10_k2_zero,cue1,2,zero,4,-2.1524341106414795,0.08698465065503583,170,-2.111268997192383,0.1993159436798763,40
landmark-country,pcasub_icl10_k2_zero,cue1,2,zero,5,-1.7944583892822266,0.07335573438400095,170,-1.9945930242538452,0.15230726617450205,40
landmark-country,pcasub_icl10_k2_zero,cue1,2,zero,6,-0.8220337629318237,0.04926611629917949,170,-0.813573956489563,0.1307136285662689,40
landmark-country,pcasub_icl10_k2_zero,cue1,2,zero,7,-1.0793405771255493,0.046539030176714624,170,-1.0078022480010986,0.0974587686434396,40
landmark-country,pcasub_icl10_k2_zero,cue1,2,zero,8,-0.5604938268661499,0.028664539400112658,170,-0.5085976719856262,0.05404138447299217,40
landmark-country,pcasub_icl10_k2_zero,cue1,2,zero,9,-0.33275383710861206,0.021534643144957545,170,-0.2583546042442322,0.03213304991018579,40
landmark-country,pcasub_icl10_k2_zero,cue1,2,zero,10,-0.31321266293525696,0.019100496664477024,170,-0.26605620980262756,0.039612333079915886,40
landmark-country,pcasub_icl10_k2_zero,cue1,2,zero,11,-0.05438719317317009,0.007256827052313071,170,-0.02448805794119835,0.0140885871645775,40
landmark-country,pcasub_icl10_k2_zero,cue1,2,zero,12,-0.1653846949338913,0.013713650708207166,170,-0.14932437241077423,0.024428329894022202,40
landmark-country,pcasub_icl10_k2_zero,cue1,2,zero,13,-0.05982734635472298,0.007819512424124092,170,-0.039399612694978714,0.01738020473588913,40
landmark-country,pcasub_icl10_k2_zero,cue1,2,zero,14,-0.018706565722823143,0.004670628703218804,170,-0.019256703555583954,0.011591363350985286,40
landmark-country,pcasub_icl10_k2_zero,cue1,2,zero,15,0.02287891134619713,0.004893720606460848,170,0.018748577684164047,0.0069683417946143095,40
landmark-country,pcasub_icl10_k2_zero,cue1,2,zero,16,0.06663250923156738,0.004505613295439062,170,0.058841101825237274,0.008429539306987427,40
landmark-country,pcasub_icl10_k2_zero,cue1,2,zero,17,0.0010346458293497562,0.004898641219868166,170,0.0072350227274000645,0.007057925274796851,40
landmark-country,pcasub_icl10_k2_zero,cue1,2,zero,18,0.019534878432750702,0.003441413359391807,170,0.017305338755249977,0.0058410262109613,40
landmark-country,pcasub_icl10_k2_zero,cue1,2,zero,19,0.0019456404261291027,0.004277659350717961,170,0.007562030106782913,0.008168433758504904,40
landmark-country,pcasub_icl10_k2_zero,cue1,2,zero,20,0.033123504370450974,0.003959604637329021,170,0.0335564948618412,0.007174671417556028,40
landmark-country,pcasub_icl10_k2_zero,cue1,2,zero,21,0.04377876594662666,0.00343356757817215,170,0.03506302461028099,0.00727807036452237,40
landmark-country,pcasub_icl10_k2_zero,cue1,2,zero,22,0.005174735561013222,0.006692411380026221,170,0.008582934737205505,0.011474244947513793,40
landmark-country,pcasub_icl10_k2_zero,cue1,2,zero,23,-0.07589343190193176,0.007206910055032523,170,-0.058303069323301315,0.010839788999503995,40
landmark-country,pcasub_icl10_k2_zero,cue1,2,zero,24,0.004508762154728174,0.005099679506394926,170,0.004036541562527418,0.011323367445204239,40
landmark-country,pcasub_icl10_k2_zero,cue1,2,zero,25,-0.04738854616880417,0.006903841755209987,170,-0.03355727344751358,0.012923637318753636,40
landmark-country,pcasub_icl10_k2_zero,cue1,2,zero,26,-0.009328949265182018,0.0038166739893873937,170,-0.01392983365803957,0.007029943874261167,40
landmark-country,pcasub_icl10_k2_zero,cue1,2,zero,27,0.0,0.0,170,0.0,0.0,40
landmark-country,pcasub_icl10_k2_zero,target1,2,zero,0,-5.14778470993042,0.1350816369801316,170,-5.827391624450684,0.29125983479599243,40
landmark-country,pcasub_icl10_k2_zero,target1,2,zero,1,-5.787127494812012,0.11602915901102603,170,-6.131206512451172,0.21194866278607596,40
landmark-country,pcasub_icl10_k2_zero,target1,2,zero,2,-5.2121806144714355,0.11183093348083116,170,-5.5192646980285645,0.19812122240138902,40
landmark-country,pcasub_icl10_k2_zero,target1,2,zero,3,-4.667470455169678,0.10463284692964517,170,-4.763930320739746,0.19748996247652006,40
landmark-country,pcasub_icl10_k2_zero,target1,2,zero,4,-4.706798076629639,0.10508420620885368,170,-4.886429786682129,0.2345890692443751,40
landmark-country,pcasub_icl10_k2_zero,target1,2,zero,5,-4.296019077301025,0.09912061704655686,170,-4.441463470458984,0.21424961096105957,40
landmark-country,pcasub_icl10_k2_zero,target1,2,zero,6,-4.154286861419678,0.09481211857560129,170,-4.251307487487793,0.21717288480381652,40
landmark-country,pcasub_icl10_k2_zero,target1,2,zero,7,-3.562211036682129,0.08723517622089141,170,-3.620143175125122,0.20753267060854266,40
landmark-country,pcasub_icl10_k2_zero,target1,2,zero,8,-3.0735397338867188,0.08413310632793576,170,-3.165323495864868,0.21090195990626284,40
landmark-country,pcasub_icl10_k2_zero,target1,2,zero,9,-2.319272994995117,0.07512171059275749,170,-2.421020030975342,0.19225761669336142,40
landmark-country,pcasub_icl10_k2_zero,target1,2,zero,10,-2.1308512687683105,0.08337373984962711,170,-2.3009071350097656,0.22125902571727274,40
landmark-country,pcasub_icl10_k2_zero,target1,2,zero,11,-1.181740641593933,0.055336417228998784,170,-1.266190528869629,0.14271514429353063,40
landmark-country,pcasub_icl10_k2_zero,target1,2,zero,12,-0.37571004033088684,0.04863829380024192,170,-0.42008551955223083,0.13717837406659428,40
landmark-country,pcasub_icl10_k2_zero,target1,2,zero,13,-0.39915135502815247,0.0408244717103775,170,-0.41940099000930786,0.12180575957182084,40
landmark-country,pcasub_icl10_k2_zero,target1,2,zero,14,-0.3301178514957428,0.04089001741241826,170,-0.3861507773399353,0.12210126860714661,40
landmark-country,pcasub_icl10_k2_zero,target1,2,zero,15,-0.1813327968120575,0.02855566532842884,170,-0.20412799715995789,0.07588282519944371,40
landmark-country,pcasub_icl10_k2_zero,target1,2,zero,16,-0.3732703626155853,0.03186358154892962,170,-0.38587942719459534,0.07837407870515614,40
landmark-country,pcasub_icl10_k2_zero,target1,2,zero,17,-0.009472067467868328,0.020548248444111024,170,-0.03361702710390091,0.058272876702044424,40
landmark-country,pcasub_icl10_k2_zero,target1,2,zero,18,-0.10536347329616547,0.01589987278788031,170,-0.06783199310302734,0.020922173526434138,40
landmark-country,pcasub_icl10_k2_zero,target1,2,zero,19,-0.1265927255153656,0.015210806337886807,170,-0.07498396933078766,0.03061513329491439,40
landmark-country,pcasub_icl10_k2_zero,target1,2,zero,20,-0.12583418190479279,0.02438782405744822,170,-0.08492942899465561,0.05758623003777603,40
landmark-country,pcasub_icl10_k2_zero,target1,2,zero,21,-0.0006049219518899918,0.010037236486832727,170,0.009821007028222084,0.02467779876112418,40
landmark-country,pcasub_icl10_k2_zero,target1,2,zero,22,0.011690668761730194,0.02044129896027482,170,0.0008598417043685913,0.04618141053506886,40
landmark-country,pcasub_icl10_k2_zero,target1,2,zero,23,-0.04601619765162468,0.01943324007460677,170,-0.04273514077067375,0.04213094539190304,40
landmark-country,pcasub_icl10_k2_zero,target1,2,zero,24,0.015050801448523998,0.00884244229380237,170,0.01204765122383833,0.02225197596580237,40
landmark-country,pcasub_icl10_k2_zero,target1,2,zero,25,-0.014378300867974758,0.012172084413936895,170,-0.02961035631597042,0.02563361112512087,40
landmark-country,pcasub_icl10_k2_zero,target1,2,zero,26,0.014925721101462841,0.005407794706416443,170,0.009335322305560112,0.01044390269039888,40
landmark-country,pcasub_icl10_k2_zero,target1,2,zero,27,0.0,0.0,170,0.0,0.0,40
landmark-country,pcasub_icl10_k2_zero,final_cue,2,zero,0,-10.557432174682617,0.21267266235339746,170,-10.916548728942871,0.46241385034335547,40
landmark-country,pcasub_icl10_k2_zero,final_cue,2,zero,1,-17.834510803222656,0.2767460409763198,170,-18.33951187133789,0.47954116047115714,40
landmark-country,pcasub_icl10_k2_zero,final_cue,2,zero,2,-15.979926109313965,0.23241183875229446,170,-16.358016967773438,0.4581841770084165,40
landmark-country,pcasub_icl10_k2_zero,final_cue,2,zero,3,-16.621829986572266,0.24807578952747647,170,-17.683765411376953,0.49943899503348255,40
landmark-country,pcasub_icl10_k2_zero,final_cue,2,zero,4,-18.20446014404297,0.2739490159714779,170,-19.087665557861328,0.5363863325225747,40
landmark-country,pcasub_icl10_k2_zero,final_cue,2,zero,5,-16.00303077697754,0.2878443573725822,170,-16.878398895263672,0.49890045158678475,40
landmark-country,pcasub_icl10_k2_zero,final_cue,2,zero,6,-17.747751235961914,0.2620490470218701,170,-18.65201187133789,0.5472626784664604,40
landmark-country,pcasub_icl10_k2_zero,final_cue,2,zero,7,-17.336267471313477,0.25725088951639163,170,-17.416065216064453,0.47170464838243154,40
landmark-country,pcasub_icl10_k2_zero,final_cue,2,zero,8,-18.902984619140625,0.26713699899964366,170,-19.097423553466797,0.5340938096913079,40
landmark-country,pcasub_icl10_k2_zero,final_cue,2,zero,9,-18.528553009033203,0.27646579172831404,170,-19.660520553588867,0.6294059722783865,40
landmark-country,pcasub_icl10_k2_zero,final_cue,2,zero,10,-18.246978759765625,0.2716944047369345,170,-18.886096954345703,0.576886526250007,40
landmark-country,pcasub_icl10_k2_zero,final_cue,2,zero,11,-19.180347442626953,0.29854768068479315,170,-19.561269760131836,0.4996406755206611,40
landmark-country,pcasub_icl10_k2_zero,final_cue,2,zero,12,-18.245603561401367,0.2729829368725193,170,-18.997900009155273,0.5395385042939576,40
landmark-country,pcasub_icl10_k2_zero,final_cue,2,zero,13,-12.62495231628418,0.27961825747977836,170,-12.837518692016602,0.660846188457022,40
landmark-country,pcasub_icl10_k2_zero,final_cue,2,zero,14,-16.556020736694336,0.2503570615608971,170,-16.459447860717773,0.5401043782739646,40
landmark-country,pcasub_icl10_k2_zero,final_cue,2,zero,15,-13.855746269226074,0.26338336697665143,170,-13.672586441040039,0.4573885380621752,40
landmark-country,pcasub_icl10_k2_zero,final_cue,2,zero,16,-16.0471248626709,0.27621414158143587,170,-15.202749252319336,0.5568336427449216,40
landmark-country,pcasub_icl10_k2_zero,final_cue,2,zero,17,-12.390239715576172,0.22210921371566417,170,-11.930752754211426,0.4025549686568927,40
landmark-country,pcasub_icl10_k2_zero,final_cue,2,zero,18,-12.057287216186523,0.20841254829521907,170,-11.683538436889648,0.422556508456644,40
landmark-country,pcasub_icl10_k2_zero,final_cue,2,zero,19,-12.499820709228516,0.2533317886531799,170,-11.701502799987793,0.5085190652364225,40
landmark-country,pcasub_icl10_k2_zero,final_cue,2,zero,20,-10.787093162536621,0.2123369520608138,170,-10.377805709838867,0.392583998462646,40
landmark-country,pcasub_icl10_k2_zero,final_cue,2,zero,21,-12.803267478942871,0.2728108302613859,170,-11.742486953735352,0.5111078133514743,40
landmark-country,pcasub_icl10_k2_zero,final_cue,2,zero,22,-15.313328742980957,0.28146169263506704,170,-14.59007453918457,0.5787696188436577,40
landmark-country,pcasub_icl10_k2_zero,final_cue,2,zero,23,-11.500184059143066,0.29306285217832867,170,-10.981039047241211,0.5977028175206724,40
landmark-country,pcasub_icl10_k2_zero,final_cue,2,zero,24,-17.1171932220459,0.32607864927132735,170,-16.505666732788086,0.6954352590457559,40
landmark-country,pcasub_icl10_k2_zero,final_cue,2,zero,25,-10.830750465393066,0.22335234203532844,170,-10.160959243774414,0.38517225940747707,40
landmark-country,pcasub_icl10_k2_zero,final_cue,2,zero,26,-13.383481979370117,0.22868662297172693,170,-12.962751388549805,0.487261263336629,40
landmark-country,pcasub_icl10_k2_zero,final_cue,2,zero,27,-3.8871545791625977,0.284494385936157,170,-3.267371416091919,0.5631666739233402,40
landmark-country,pcasub_icl10_k2_mean,cue1,2,mean,0,0.10520163178443909,0.009974336521649002,170,0.1035517230629921,0.020161246713576032,40
landmark-country,pcasub_icl10_k2_mean,cue1,2,mean,1,0.10281538963317871,0.009916588600418405,170,0.09767016768455505,0.02129350358696894,40
landmark-country,pcasub_icl10_k2_mean,cue1,2,mean,2,0.0950508564710617,0.009768898197584633,170,0.09174950420856476,0.020689475240030026,40
landmark-country,pcasub_icl10_k2_mean,cue1,2,mean,3,0.103304922580719,0.009984666895493792,170,0.09902835637331009,0.021070432245314966,40
landmark-country,pcasub_icl10_k2_mean,cue1,2,mean,4,0.10629327595233917,0.009702951349264478,170,0.10413553565740585,0.020821587739534284,40
landmark-country,pcasub_icl10_k2_mean,cue1,2,mean,5,0.13808251917362213,0.009255976107457067,170,0.13183142244815826,0.02382295151298103,40
landmark-country,pcasub_icl10_k2_mean,cue1,2,mean,6,0.12621073424816132,0.008403581406934445,170,0.11761625856161118,0.02055056073624441,40
landmark-country,pcasub_icl10_k2_mean,cue1,2,mean,7,0.08811940252780914,0.006001330627134009,170,0.08417099714279175,0.012827155824011081,40
landmark-country,pcasub_icl10_k2_mean,cue1,2,mean,8,0.07056446373462677,0.005675992423036712,170,0.07024283707141876,0.011122531612869748,40
landmark-country,pcasub_icl10_k2_mean,cue1,2,mean,9,0.06041562557220459,0.004482182524117853,170,0.05841223523020744,0.00946591136301369,40
landmark-country,pcasub_icl10_k2_mean,cue1,2,mean,10,0.01033483911305666,0.002876827114221194,170,0.007489725947380066,0.007511316439632894,40
landmark-country,pcasub_icl10_k2_mean,cue1,2,mean,11,0.0068506887182593346,0.0015974971999995415,170,0.0039353808388113976,0.0036130758877783165,40
landmark-country,pcasub_icl10_k2_mean,cue1,2,mean,12,0.009501493535935879,0.0013087668796400588,170,0.007578116841614246,0.0029035988038748676,40
landmark-country,pcasub_icl10_k2_mean,cue1,2,mean,13,0.0057496982626616955,0.001180605714842729,170,0.0034795377869158983,0.002965425005675263,40
landmark-country,pcasub_icl10_k2_mean,cue1,2,mean,14,0.00627758726477623,0.0010206952791859628,170,0.004568060394376516,0.0023468656797685527,40
landmark-country,pcasub_icl10_k2_mean,cue1,2,mean,15,0.005228326190263033,0.0009268476214097999,170,0.004794482607394457,0.0018311146609084462,40
landmark-country,pcasub_icl10_k2_mean,cue1,2,mean,16,0.00428816070780158,0.0008142650180877502,170,0.0034685537684708834,0.0015826656821345969,40
landmark-country,pcasub_icl10_k2_mean,cue1,2,mean,17,0.005436371546238661,0.0007634116556760253,170,0.005111703649163246,0.001446890213793772,40
landmark-country,pcasub_icl10_k2_mean,cue1,2,mean,18,0.005774106830358505,0.0007809345194528263,170,0.00534285232424736,0.001441639099473687,40
landmark-country,pcasub_icl10_k2_mean,cue1,2,mean,19,0.004031533375382423,0.0007565701687384911,170,0.004694867879152298,0.0014576586795256605,40
landmark-country,pcasub_icl10_k2_mean,cue1,2,mean,20,0.005335543304681778,0.0007919568992012579,170,0.0059945774264633656,0.0017235394140758134,40
landmark-country,pcasub_icl10_k2_mean,cue1,2,mean,21,0.00548146665096283,0.0007493181068696879,170,0.005379992537200451,0.001644300010632719,40
landmark-country,pcasub_icl10_k2_mean,cue1,2,mean,22,0.001869803643785417,0.0008515339074647373,170,0.0027566570788621902,0.001651788812367498,40
landmark-country,pcasub_icl10_k2_mean,cue1,2,mean,23,-0.006040718872100115,0.0008406547432238204,170,-0.004387780092656612,0.0013896535094699348,40
landmark-country,pcasub_icl10_k2_mean,cue1,2,mean,24,0.0022366356570273638,0.0005392185644680959,170,0.002873336896300316,0.0010957328405102273,40
landmark-country,pcasub_icl10_k2_mean,cue1,2,mean,25,-0.0018599422182887793,0.0007950506398802981,170,-0.0007191495969891548,0.0011714013831371443,40
landmark-country,pcasub_icl10_k2_mean,cue1,2,mean,26,-0.003086112905293703,0.0004115984757153665,170,-0.003863981459289789,0.0009248597251213119,40
landmark-country,pcasub_icl10_k2_mean,cue1,2,mean,27,0.0,0.0,170,0.0,0.0,40
landmark-country,pcasub_icl10_k2_mean,target1,2,mean,0,-0.263169527053833,0.029312035209744354,170,-0.29842329025268555,0.06313442254277127,40
landmark-country,pcasub_icl10_k2_mean,target1,2,mean,1,-0.26485106348991394,0.02751570902778036,170,-0.3007229268550873,0.05900963248548705,40
landmark-country,pcasub_icl10_k2_mean,target1,2,mean,2,-0.2078593522310257,0.023440156544134005,170,-0.2546969950199127,0.05373950930826972,40
landmark-country,pcasub_icl10_k2_mean,target1,2,mean,3,-0.18463507294654846,0.01688426632879739,170,-0.18097296357154846,0.03657151202704414,40
landmark-country,pcasub_icl10_k2_mean,target1,2,mean,4,-0.19117337465286255,0.013525540531972722,170,-0.20244774222373962,0.0353344354901689,40
landmark-country,pcasub_icl10_k2_mean,target1,2,mean,5,-0.16945888102054596,0.011535529269070791,170,-0.17414632439613342,0.02890138162807995,40
landmark-country,pcasub_icl10_k2_mean,target1,2,mean,6,-0.08732631057500839,0.007824619896268398,170,-0.08319041877985,0.01664783597425873,40
landmark-country,pcasub_icl10_k2_mean,target1,2,mean,7,-0.08599305152893066,0.007600663128505163,170,-0.08620434999465942,0.014834231261546775,40
landmark-country,pcasub_icl10_k2_mean,target1,2,mean,8,-0.07166126370429993,0.006569786905320655,170,-0.06795285642147064,0.013412870357552342,40
landmark-country,pcasub_icl10_k2_mean,target1,2,mean,9,-0.05989803001284599,0.006170103495540835,170,-0.049669813364744186,0.012327225001894216,40
landmark-country,pcasub_icl10_k2_mean,target1,2,mean,10,-0.07061167061328888,0.006096530296444455,170,-0.05745791271328926,0.011652419998006187,40
landmark-country,pcasub_icl10_k2_mean,target1,2,mean,11,-0.05377373844385147,0.005729257448879967,170,-0.04092621058225632,0.011844685587675817,40
landmark-country,pcasub_icl10_k2_mean,target1,2,mean,12,-0.012276231311261654,0.005734472921945648,170,-0.008540919050574303,0.016568910813046678,40
landmark-country,pcasub_icl10_k2_mean,target1,2,mean,13,-0.018285349011421204,0.004942661595414872,170,-0.015635499730706215,0.013907961790409106,40
landmark-country,pcasub_icl10_k2_mean,target1,2,mean,14,-0.016880402341485023,0.004600669820671174,170,-0.01084042340517044,0.011978506245511899,40
landmark-country,pcasub_icl10_k2_mean,target1,2,mean,15,-0.021098142489790916,0.00412019029303194,170,-0.015470358543097973,0.008240555148375248,40
landmark-country,pcasub_icl10_k2_mean,target1,2,mean,16,-0.019382722675800323,0.003823252331222841,170,-0.014485051855444908,0.007890514630856165,40
landmark-country,pcasub_icl10_k2_mean,target1,2,mean,17,0.002012010430917144,0.003411141958283233,170,0.006325333379209042,0.00614294496317222,40
landmark-country,pcasub_icl10_k2_mean,target1,2,mean,18,-0.0184320118278265,0.0034770528062962633,170,-0.010748878121376038,0.0046287418252121985,40
landmark-country,pcasub_icl10_k2_mean,target1,2,mean,19,-0.013887898065149784,0.0031472908501733302,170,-0.0072557092644274235,0.005105064426632917,40
landmark-country,pcasub_icl10_k2_mean,target1,2,mean,20,-0.002695999341085553,0.003032934446004342,170,0.00019505657837726176,0.005525211885231017,40
landmark-country,pcasub_icl10_k2_mean,target1,2,mean,21,0.005001804791390896,0.0017100715889657985,170,0.0022384957410395145,0.0031859991965541394,40
landmark-country,pcasub_icl10_k2_mean,target1,2,mean,22,-0.0017951865447685122,0.0021533879424156374,170,-0.002285913098603487,0.005109677632169081,40
landmark-country,pcasub_icl10_k2_mean,target1,2,mean,23,-0.002731150481849909,0.0016818413481279174,170,-0.0013968965504318476,0.0037274895108843765,40
landmark-country,pcasub_icl10_k2_mean,target1,2,mean,24,-0.0009995452128350735,0.0005377023015325509,170,-0.0018403889844194055,0.0008835961418879232,40
landmark-country,pcasub_icl10_k2_mean,target1,2,mean,25,0.0018201072234660387,0.0005064926781340988,170,-0.0004082245868630707,0.0009045350706805323,40
landmark-country,pcasub_icl10_k2_mean,target1,2,mean,26,-9.970468090614304e-05,0.0001294128719044671,170,-0.0006209021667018533,0.00029661941186896713,40
landmark-country,pcasub_icl10_k2_mean,target1,2,mean,27,0.0,0.0,170,0.0,0.0,40
landmark-country,pcasub_icl10_k2_mean,final_cue,2,mean,0,-1.192429542541504,0.05341118480445248,170,-1.0835692882537842,0.09545001214249733,40
landmark-country,pcasub_icl10_k2_mean,final_cue,2,mean,1,-1.1952170133590698,0.05348109625802405,170,-1.0858089923858643,0.0958206424471362,40
landmark-country,pcasub_icl10_k2_mean,final_cue,2,mean,2,-1.192065954208374,0.053387056598609886,170,-1.0833065509796143,0.09501179060168816,40
landmark-country,pcasub_icl10_k2_mean,final_cue,2,mean,3,-1.1852740049362183,0.05329678382847467,170,-1.0755970478057861,0.09447287018211714,40
landmark-country,pcasub_icl10_k2_mean,final_cue,2,mean,4,-1.1865668296813965,0.053213770548843055,170,-1.0759074687957764,0.09420501210704288,40
landmark-country,pcasub_icl10_k2_mean,final_cue,2,mean,5,-1.1753356456756592,0.05285523949014225,170,-1.0648279190063477,0.09360079998582826,40
landmark-country,pcasub_icl10_k2_mean,final_cue,2,mean,6,-1.167274832725525,0.0524650373041058,170,-1.060623049736023,0.09307119079622606,40
landmark-country,pcasub_icl10_k2_mean,final_cue,2,mean,7,-1.1737823486328125,0.052924858369789246,170,-1.058863639831543,0.09202510992165375,40
landmark-country,pcasub_icl10_k2_mean,final_cue,2,mean,8,-1.1922601461410522,0.0528816397153679,170,-1.0744216442108154,0.09416397860979168,40
landmark-country,pcasub_icl10_k2_mean,final_cue,2,mean,9,-1.1749615669250488,0.052351061474612146,170,-1.0534839630126953,0.09389797712611807,40
landmark-country,pcasub_icl10_k2_mean,final_cue,2,mean,10,-1.2646268606185913,0.05225850754215873,170,-1.140913963317871,0.09233156059462505,40
landmark-country,pcasub_icl10_k2_mean,final_cue,2,mean,11,-1.2915524244308472,0.05165211151172897,170,-1.15084707736969,0.08864486956196621,40
landmark-country,pcasub_icl10_k2_mean,final_cue,2,mean,12,-1.451654314994812,0.054628703762780964,170,-1.3030648231506348,0.10089302921586114,40
landmark-country,pcasub_icl10_k2_mean,final_cue,2,mean,13,-1.42047119140625,0.054456693152466595,170,-1.2559038400650024,0.10352592085436826,40
landmark-country,pcasub_icl10_k2_mean,final_cue,2,mean,14,-1.4422271251678467,0.05552952516215581,170,-1.2716600894927979,0.10416931930575525,40
landmark-country,pcasub_icl10_k2_mean,final_cue,2,mean,15,-1.4350050687789917,0.05543054374629681,170,-1.2659906148910522,0.10213549410874313,40
landmark-country,pcasub_icl10_k2_mean,final_cue,2,mean,16,-1.40532648563385,0.05649715398862116,170,-1.2450387477874756,0.10305143452315427,40
landmark-country,pcasub_icl10_k2_mean,final_cue,2,mean,17,-1.3826168775558472,0.05606599602461128,170,-1.2261149883270264,0.10054279314366407,40
landmark-country,pcasub_icl10_k2_mean,final_cue,2,mean,18,-1.357654333114624,0.05653257371936546,170,-1.1961517333984375,0.10217096725611416,40
landmark-country,pcasub_icl10_k2_mean,final_cue,2,mean,19,-1.2797428369522095,0.05266439443343313,170,-1.1295932531356812,0.09311507043867015,40
landmark-country,pcasub_icl10_k2_mean,final_cue,2,mean,20,-1.2322585582733154,0.049733306570588255,170,-1.0822875499725342,0.0880913414435575,40
landmark-country,pcasub_icl10_k2_mean,final_cue,2,mean,21,-1.1754992008209229,0.04876029255532363,170,-1.0144540071487427,0.09320085061597386,40
landmark-country,pcasub_icl10_k2_mean,final_cue,2,mean,22,-1.1940338611602783,0.05037716577776679,170,-1.036590576171875,0.09827129597440165,40
landmark-country,pcasub_icl10_k2_mean,final_cue,2,mean,23,-0.9331567883491516,0.04774678905177787,170,-0.75957190990448,0.08298632767265442,40
landmark-country,pcasub_icl10_k2_mean,final_cue,2,mean,24,-0.8588650226593018,0.0439482835031034,170,-0.7097736597061157,0.0779702606511902,40
landmark-country,pcasub_icl10_k2_mean,final_cue,2,mean,25,-0.7236468195915222,0.053945136788276025,170,-0.5509793162345886,0.10065289749561301,40
landmark-country,pcasub_icl10_k2_mean,final_cue,2,mean,26,-0.5094251036643982,0.043963597919468064,170,-0.359829306602478,0.08278376129922375,40
landmark-country,pcasub_icl10_k2_mean,final_cue,2,mean,27,0.0425758957862854,0.04343901744416617,170,0.08670246601104736,0.08704077459179374,40
landmark-country,pcasub_icl10_k3_zero,cue1,3,zero,0,-6.044225215911865,0.17371103167814989,170,-6.317011833190918,0.33535642512862285,40
landmark-country,pcasub_icl10_k3_zero,cue1,3,zero,1,-2.764869451522827,0.08573722515585432,170,-2.9440059661865234,0.21752105694953267,40
landmark-country,pcasub_icl10_k3_zero,cue1,3,zero,2,-2.697751998901367,0.10499962491584502,170,-2.766434907913208,0.23005444370363598,40
landmark-country,pcasub_icl10_k3_zero,cue1,3,zero,3,-2.2034053802490234,0.09779598860302717,170,-2.281402111053467,0.2357672602623712,40
landmark-country,pcasub_icl10_k3_zero,cue1,3,zero,4,-2.217730760574341,0.08737122309582046,170,-2.1671974658966064,0.2038562049650702,40
landmark-country,pcasub_icl10_k3_zero,cue1,3,zero,5,-1.7772741317749023,0.0738836474591625,170,-1.9678385257720947,0.15356783518962094,40
landmark-country,pcasub_icl10_k3_zero,cue1,3,zero,6,-0.8273154497146606,0.04839472600803022,170,-0.8207054138183594,0.1263821631312358,40
landmark-country,pcasub_icl10_k3_zero,cue1,3,zero,7,-1.0187697410583496,0.045416611458276905,170,-0.946725070476532,0.09337171357076579,40
landmark-country,pcasub_icl10_k3_zero,cue1,3,zero,8,-0.552687406539917,0.028141899512794888,170,-0.496105819940567,0.0528559461515082,40
landmark-country,pcasub_icl10_k3_zero,cue1,3,zero,9,-0.31639257073402405,0.02096111368063338,170,-0.24638862907886505,0.03162954844813529,40
landmark-country,pcasub_icl10_k3_zero,cue1,3,zero,10,-0.31182217597961426,0.01916466635477874,170,-0.26329460740089417,0.03955212108773907,40
landmark-country,pcasub_icl10_k3_zero,cue1,3,zero,11,-0.05435916781425476,0.0073279173730846575,170,-0.025708800181746483,0.013996526854813809,40
landmark-country,pcasub_icl10_k3_zero,cue1,3,zero,12,-0.1624986231327057,0.013313456436926224,170,-0.1474364697933197,0.023879733052011447,40
landmark-country,pcasub_icl10_k3_zero,cue1,3,zero,13,-0.06589853763580322,0.007896050791374063,170,-0.046650201082229614,0.016902131272178288,40
landmark-country,pcasub_icl10_k3_zero,cue1,3,zero,14,-0.021390356123447418,0.004758532024568348,170,-0.021388651803135872,0.011989386625065528,40
landmark-country,pcasub_icl10_k3_zero,cue1,3,zero,15,0.022512756288051605,0.005006194708857254,170,0.018248556181788445,0.007248078638336159,40
landmark-country,pcasub_icl10_k3_zero,cue1,3,zero,16,0.06544293463230133,0.004490461451889913,170,0.058022391051054,0.008457191445279148,40
landmark-country,pcasub_icl10_k3_zero,cue1,3,zero,17,0.0008999904966913164,0.004808346735261982,170,0.006799556314945221,0.006856906257206774,40
landmark-country,pcasub_icl10_k3_zero,cue1,3,zero,18,0.019113563001155853,0.003335299311254307,170,0.01827893778681755,0.0054962909976128274,40
landmark-country,pcasub_icl10_k3_zero,cue1,3,zero,19,0.005008453968912363,0.004176944491499174,170,0.009966854937374592,0.008168388403956093,40
landmark-country,pcasub_icl10_k3_zero,cue1,3,zero,20,0.03404022380709648,0.004123433749273949,170,0.03351329639554024,0.0070244117973465026,40
landmark-country,pcasub_icl10_k3_zero,cue1,3,zero,21,0.04323315992951393,0.0033595809469772696,170,0.03561655059456825,0.007226213033648533,40
landmark-country,pcasub_icl10_k3_zero,cue1,3,zero,22,0.0024696507025510073,0.006835555458360096,170,0.00656978040933609,0.011692229511459607,40
landmark-country,pcasub_icl10_k3_zero,cue1,3,zero,23,-0.07721218466758728,0.007325475066534561,170,-0.059284210205078125,0.01107874621364397,40
landmark-country,pcasub_icl10_k3_zero,cue1,3,zero,24,0.00436529703438282,0.005368334941205795,170,0.0027806840371340513,0.01184683904521415,40
landmark-country,pcasub_icl10_k3_zero,cue1,3,zero,25,-0.04845167696475983,0.00694680097884665,170,-0.03556030988693237,0.012607744653348135,40
landmark-country,pcasub_icl10_k3_zero,cue1,3,zero,26,-0.006372618023306131,0.0040336106972610804,170,-0.012062426656484604,0.007313292589324661,40
landmark-country,pcasub_icl10_k3_zero,cue1,3,zero,27,0.0,0.0,170,0.0,0.0,40
landmark-country,pcasub_icl10_k3_zero,target1,3,zero,0,-5.052453517913818,0.13156845500846726,170,-5.686436176300049,0.2742238274980873,40
landmark-country,pcasub_icl10_k3_zero,target1,3,zero,1,-5.79337739944458,0.116248845456644,170,-6.131235599517822,0.21478977539111224,40
landmark-country,pcasub_icl10_k3_zero,target1,3,zero,2,-5.186588287353516,0.1140305225316835,170,-5.5008978843688965,0.2021194909380951,40
landmark-country,pcasub_icl10_k3_zero,target1,3,zero,3,-4.681804180145264,0.10472121339780305,170,-4.779224395751953,0.1963925378966137,40
landmark-country,pcasub_icl10_k3_zero,target1,3,zero,4,-4.7309889793396,0.10502161367486414,170,-4.9079694747924805,0.23435730632191268,40
landmark-country,pcasub_icl10_k3_zero,target1,3,zero,5,-4.30031156539917,0.09914735098891524,170,-4.446359634399414,0.21407565682870713,40
landmark-country,pcasub_icl10_k3_zero,target1,3,zero,6,-4.164827823638916,0.09495692438239742,170,-4.263298034667969,0.21700213494088655,40
landmark-country,pcasub_icl10_k3_zero,target1,3,zero,7,-3.553328275680542,0.0874874023726836,170,-3.614372968673706,0.20828224346967514,40
landmark-country,pcasub_icl10_k3_zero,target1,3,zero,8,-3.0285751819610596,0.08413838180151331,170,-3.1202285289764404,0.21140863029652893,40
landmark-country,pcasub_icl10_k3_zero,target1,3,zero,9,-2.2464890480041504,0.07442679723573999,170,-2.348033905029297,0.19078685702845075,40
landmark-country,pcasub_icl10_k3_zero,target1,3,zero,10,-2.0984044075012207,0.08234760995264874,170,-2.268129825592041,0.21858436548441162,40
landmark-country,pcasub_icl10_k3_zero,target1,3,zero,11,-1.180757761001587,0.05540738469157938,170,-1.2678751945495605,0.14411470320700978,40
landmark-country,pcasub_icl10_k3_zero,target1,3,zero,12,-0.3785253167152405,0.04883238002745926,170,-0.42128315567970276,0.1373112947016955,40
landmark-country,pcasub_icl10_k3_zero,target1,3,zero,13,-0.39958280324935913,0.040710578167300136,170,-0.4186182916164398,0.12156732422950225,40
landmark-country,pcasub_icl10_k3_zero,target1,3,zero,14,-0.335426926612854,0.04083892669083872,170,-0.39297550916671753,0.12203047310155384,40
landmark-country,pcasub_icl10_k3_zero,target1,3,zero,15,-0.1840851902961731,0.028822691606483902,170,-0.20722873508930206,0.0768300779231376,40
landmark-country,pcasub_icl10_k3_zero,target1,3,zero,16,-0.3715788424015045,0.031749498289948025,170,-0.38320282101631165,0.0782311164551442,40
landmark-country,pcasub_icl10_k3_zero,target1,3,zero,17,0.0031088688410818577,0.020437022352361646,170,-0.02246873639523983,0.056985415384581406,40
landmark-country,pcasub_icl10_k3_zero,target1,3,zero,18,-0.10260198265314102,0.015808590866278675,170,-0.06624456495046616,0.021018049508499066,40
landmark-country,pcasub_icl10_k3_zero,target1,3,zero,19,-0.1228676438331604,0.015021549866158801,170,-0.072283074259758,0.029974100348306942,40
landmark-country,pcasub_icl10_k3_zero,target1,3,zero,20,-0.12453014403581619,0.024520707476817772,170,-0.08491972088813782,0.05840560885070905,40
landmark-country,pcasub_icl10_k3_zero,target1,3,zero,21,0.005154299549758434,0.010243224529872573,170,0.014856730587780476,0.023695925791184937,40
landmark-country,pcasub_icl10_k3_zero,target1,3,zero,22,0.00793482642620802,0.020647138430618595,170,-0.006070315837860107,0.047193888990153546,40
landmark-country,pcasub_icl10_k3_zero,target1,3,zero,23,-0.04553288221359253,0.019813033028982813,170,-0.04312828928232193,0.043310823363506855,40
landmark-country,pcasub_icl10_k3_zero,target1,3,zero,24,0.020990293473005295,0.009497209594040048,170,0.016144415363669395,0.023414951416202687,40
landmark-country,pcasub_icl10_k3_zero,target1,3,zero,25,-0.00659849913790822,0.012072178418761547,170,-0.023685624822974205,0.024652671163042875,40
landmark-country,pcasub_icl10_k3_zero,target1,3,zero,26,0.015200482681393623,0.005526739721160366,170,0.010581825859844685,0.010616695275085674,40
landmark-country,pcasub_icl10_k3_zero,target1,3,zero,27,0.0,0.0,170,0.0,0.0,40
landmark-country,pcasub_icl10_k3_zero,final_cue,3,zero,0,-11.047707557678223,0.20150255563039157,170,-11.387544631958008,0.42973885951845187,40
landmark-country,pcasub_icl10_k3_zero,final_cue,3,zero,1,-18.07964515686035,0.27805598586600966,170,-18.48824119567871,0.5001580330918833,40
landmark-country,pcasub_icl10_k3_zero,final_cue,3,zero,2,-16.363359451293945,0.22956001099420495,170,-16.698442459106445,0.4492841113524444,40
landmark-country,pcasub_icl10_k3_zero,final_cue,3,zero,3,-16.174314498901367,0.2409912033731567,170,-17.20492172241211,0.4701305227556809,40
landmark-country,pcasub_icl10_k3_zero,final_cue,3,zero,4,-18.140987396240234,0.2800720396367998,170,-18.941322326660156,0.5476374271997393,40
landmark-country,pcasub_icl10_k3_zero,final_cue,3,zero,5,-15.757582664489746,0.288987644840484,170,-16.610483169555664,0.5382201924589816,40
landmark-country,pcasub_icl10_k3_zero,final_cue,3,zero,6,-17.62230682373047,0.259475402208444,170,-18.34493064880371,0.556418444822345,40
landmark-country,pcasub_icl10_k3_zero,final_cue,3,zero,7,-17.128122329711914,0.2564273304904434,170,-17.12788963317871,0.47392008026112264,40
landmark-country,pcasub_icl10_k3_zero,final_cue,3,zero,8,-18.806528091430664,0.2669217925922458,170,-19.102418899536133,0.5169770548039567,40
landmark-country,pcasub_icl10_k3_zero,final_cue,3,zero,9,-18.29978370666504,0.26144564987416724,170,-19.255029678344727,0.5774487058958564,40
landmark-country,pcasub_icl10_k3_zero,final_cue,3,zero,10,-18.223995208740234,0.26812739830608284,170,-18.925769805908203,0.5767201304237629,40
landmark-country,pcasub_icl10_k3_zero,final_cue,3,zero,11,-19.288890838623047,0.29706568404158074,170,-19.667034149169922,0.5038577202643468,40
landmark-country,pcasub_icl10_k3_zero,final_cue,3,zero,12,-18.07160186767578,0.25307551218111934,170,-18.73777198791504,0.4682312203284813,40
landmark-country,pcasub_icl10_k3_zero,final_cue,3,zero,13,-12.65694522857666,0.2806747967790426,170,-12.926432609558105,0.6657261776955716,40
landmark-country,pcasub_icl10_k3_zero,final_cue,3,zero,14,-16.422897338867188,0.2534188842533529,170,-16.199085235595703,0.5369614800352632,40
landmark-country,pcasub_icl10_k3_zero,final_cue,3,zero,15,-13.878352165222168,0.2594276760869971,170,-13.571634292602539,0.46750004374356247,40
landmark-country,pcasub_icl10_k3_zero,final_cue,3,zero,16,-16.29115867614746,0.2937019616307004,170,-15.385808944702148,0.627031231663468,40
landmark-country,pcasub_icl10_k3_zero,final_cue,3,zero,17,-12.327162742614746,0.21758510654816446,170,-11.908620834350586,0.39014343838406135,40
landmark-country,pcasub_icl10_k3_zero,final_cue,3,zero,18,-12.089008331298828,0.2095204160323766,170,-11.688554763793945,0.4270425610426673,40
landmark-country,pcasub_icl10_k3_zero,final_cue,3,zero,19,-12.528034210205078,0.25728241435676497,170,-11.723296165466309,0.5155073883603783,40
landmark-country,pcasub_icl10_k3_zero,final_cue,3,zero,20,-10.748682975769043,0.2147900564173135,170,-10.333653450012207,0.38896513427420326,40
landmark-country,pcasub_icl10_k3_zero,final_cue,3,zero,21,-12.803677558898926,0.27491568021828566,170,-11.700736999511719,0.5193736975428099,40
landmark-country,pcasub_icl10_k3_zero,final_cue,3,zero,22,-14.839103698730469,0.28049299865665756,170,-14.157214164733887,0.5862654605468445,40
landmark-country,pcasub_icl10_k3_zero,final_cue,3,zero,23,-11.331971168518066,0.29294516431716694,170,-10.871731758117676,0.5819032812469649,40
landmark-country,pcasub_icl10_k3_zero,final_cue,3,zero,24,-16.7645320892334,0.32996432356365596,170,-16.09130859375,0.7077287214146913,40
landmark-country,pcasub_icl10_k3_zero,final_cue,3,zero,25,-10.631089210510254,0.2249672038120401,170,-9.987699508666992,0.4041900884945321,40
landmark-country,pcasub_icl10_k3_zero,final_cue,3,zero,26,-13.410627365112305,0.23959213315169203,170,-12.951006889343262,0.5185132946569476,40
landmark-country,pcasub_icl10_k3_zero,final_cue,3,zero,27,-3.9550414085388184,0.28877786933656113,170,-3.3492271900177,0.5701776154196899,40
landmark-country,pcasub_icl10_k3_mean,cue1,3,mean,0,0.10259352624416351,0.010089830078376412,170,0.10013101249933243,0.02059550061489446,40
landmark-country,pcasub_icl10_k3_mean,cue1,3,mean,1,0.10279417783021927,0.010005039640726365,170,0.09738550335168839,0.02123418454928559,40
landmark-country,pcasub_icl10_k3_mean,cue1,3,mean,2,0.09485543519258499,0.009913574860421867,170,0.09148165583610535,0.020940748864762593,40
landmark-country,pcasub_icl10_k3_mean,cue1,3,mean,3,0.10169714689254761,0.010144743689712655,170,0.0982193723320961,0.0211531424497823,40
landmark-country,pcasub_icl10_k3_mean,cue1,3,mean,4,0.10472919046878815,0.009811002556785417,170,0.10339273512363434,0.0209185946402189,40
landmark-country,pcasub_icl10_k3_mean,cue1,3,mean,5,0.13812170922756195,0.009320364085335327,170,0.13170674443244934,0.023876347364393743,40
landmark-country,pcasub_icl10_k3_mean,cue1,3,mean,6,0.1256134957075119,0.008462927056081294,170,0.11737942695617676,0.020589122705095483,40
landmark-country,pcasub_icl10_k3_mean,cue1,3,mean,7,0.0888213962316513,0.005977898427229183,170,0.08477560430765152,0.012700534170013482,40
landmark-country,pcasub_icl10_k3_mean,cue1,3,mean,8,0.07153841853141785,0.00569571030553966,170,0.07144343852996826,0.011223145672735095,40
landmark-country,pcasub_icl10_k3_mean,cue1,3,mean,9,0.061930567026138306,0.0044691626987573806,170,0.06048997491598129,0.009511185805088732,40
landmark-country,pcasub_icl10_k3_mean,cue1,3,mean,10,0.011400410905480385,0.0028691381914825852,170,0.008688886649906635,0.007373738422486905,40
landmark-country,pcasub_icl10_k3_mean,cue1,3,mean,11,0.00799306109547615,0.0015873138274088493,170,0.005309535656124353,0.003476312485450575,40
landmark-country,pcasub_icl10_k3_mean,cue1,3,mean,12,0.01026725210249424,0.0013545545559782509,170,0.008620119653642178,0.002910744795903052,40
landmark-country,pcasub_icl10_k3_mean,cue1,3,mean,13,0.0064956084825098515,0.0011916379518181117,170,0.003974451217800379,0.002923810145571135,40
landmark-country,pcasub_icl10_k3_mean,cue1,3,mean,14,0.006556602660566568,0.000984341326185911,170,0.005187427159398794,0.0022433019544252004,40
landmark-country,pcasub_icl10_k3_mean,cue1,3,mean,15,0.0055077834986150265,0.0009247318176451653,170,0.004444768186658621,0.0018068467376841449,40
landmark-country,pcasub_icl10_k3_mean,cue1,3,mean,16,0.004603375215083361,0.0008189618438716044,170,0.003729154821485281,0.0016406022896093973,40
landmark-country,pcasub_icl10_k3_mean,cue1,3,mean,17,0.005682137794792652,0.0007620045722433411,170,0.0058103296905756,0.001485437309886954,40
landmark-country,pcasub_icl10_k3_mean,cue1,3,mean,18,0.0066372100263834,0.0007638718738879539,170,0.006501263473182917,0.0014068794027162473,40
landmark-country,pcasub_icl10_k3_mean,cue1,3,mean,19,0.0049635618925094604,0.0007418092570958896,170,0.005232545547187328,0.0014403328001149247,40
landmark-country,pcasub_icl10_k3_mean,cue1,3,mean,20,0.005381257273256779,0.0007736962434159185,170,0.005845397245138884,0.0016402354773331401,40
landmark-country,pcasub_icl10_k3_mean,cue1,3,mean,21,0.00544862262904644,0.0007547212243933451,170,0.005103294271975756,0.0015574273482717826,40
landmark-country,pcasub_icl10_k3_mean,cue1,3,mean,22,0.0017018242506310344,0.0008464201495525223,170,0.0029086738359183073,0.0016186512770051803,40
landmark-country,pcasub_icl10_k3_mean,cue1,3,mean,23,-0.006521383300423622,0.0008439231282499298,170,-0.004597227554768324,0.0013961188887559033,40
landmark-country,pcasub_icl10_k3_mean,cue1,3,mean,24,0.0021505984477698803,0.0005286712602012006,170,0.002517594723030925,0.0011040633519885175,40
landmark-country,pcasub_icl10_k3_mean,cue1,3,mean,25,-0.0019592943135648966,0.000787519004197823,170,-0.0012662304798141122,0.001111486625235567,40
landmark-country,pcasub_icl10_k3_mean,cue1,3,mean,26,-0.00303721078671515,0.0003931927115492212,170,-0.0035833544097840786,0.0008971913151489298,40
landmark-country,pcasub_icl10_k3_mean,cue1,3,mean,27,0.0,0.0,170,0.0,0.0,40
landmark-country,pcasub_icl10_k3_mean,target1,3,mean,0,-0.24767525494098663,0.03011615864131218,170,-0.28944945335388184,0.06282381574387261,40
landmark-country,pcasub_icl10_k3_mean,target1,3,mean,1,-0.24818623065948486,0.028119764466813486,170,-0.28854551911354065,0.05909413566718269,40
landmark-country,pcasub_icl10_k3_mean,target1,3,mean,2,-0.19297319650650024,0.02366112757213958,170,-0.24332289397716522,0.053485537971413095,40
landmark-country,pcasub_icl10_k3_mean,target1,3,mean,3,-0.17396549880504608,0.016439739107874538,170,-0.17234739661216736,0.03241330332454799,40
landmark-country,pcasub_icl10_k3_mean,target1,3,mean,4,-0.16487032175064087,0.012613913326125643,170,-0.18046940863132477,0.032938478370728816,40
landmark-country,pcasub_icl10_k3_mean,target1,3,mean,5,-0.15354585647583008,0.011318776562766857,170,-0.16391465067863464,0.02890625635854692,40
landmark-country,pcasub_icl10_k3_mean,target1,3,mean,6,-0.08787853270769119,0.008223913017004297,170,-0.08362571895122528,0.017514888897212956,40
landmark-country,pcasub_icl10_k3_mean,target1,3,mean,7,-0.0769071951508522,0.007347891257771613,170,-0.07743215560913086,0.014331639246552945,40
landmark-country,pcasub_icl10_k3_mean,target1,3,mean,8,-0.0626908466219902,0.00627993700398123,170,-0.06322730332612991,0.013194896395968589,40
landmark-country,pcasub_icl10_k3_mean,target1,3,mean,9,-0.05153825879096985,0.005913367590989312,170,-0.04762672260403633,0.011775621801219443,40
landmark-country,pcasub_icl10_k3_mean,target1,3,mean,10,-0.06487943232059479,0.005732879765496967,170,-0.05449176952242851,0.010915860947281779,40
landmark-country,pcasub_icl10_k3_mean,target1,3,mean,11,-0.04720006138086319,0.005332138060974334,170,-0.03717030957341194,0.011818808756008967,40
landmark-country,pcasub_icl10_k3_mean,target1,3,mean,12,-0.012536409310996532,0.005597256322751724,170,-0.010833044536411762,0.016038711425289825,40
landmark-country,pcasub_icl10_k3_mean,target1,3,mean,13,-0.019812190905213356,0.004794297472547744,170,-0.01830311305820942,0.012743704632239802,40
landmark-country,pcasub_icl10_k3_mean,target1,3,mean,14,-0.018354015424847603,0.004608678746139791,170,-0.014326880685985088,0.01170130866750333,40
landmark-country,pcasub_icl10_k3_mean,target1,3,mean,15,-0.02151649072766304,0.004073374465065237,170,-0.018164781853556633,0.00758653254118442,40
landmark-country,pcasub_icl10_k3_mean,target1,3,mean,16,-0.02236764505505562,0.0038856082917655514,170,-0.019111357629299164,0.007693236480012792,40
landmark-country,pcasub_icl10_k3_mean,target1,3,mean,17,-0.0037317194510251284,0.00340216302453928,170,0.0008670985698699951,0.005756142522271743,40
landmark-country,pcasub_icl10_k3_mean,target1,3,mean,18,-0.01436060480773449,0.003273497926871369,170,-0.00839888397604227,0.004388534710389419,40
landmark-country,pcasub_icl10_k3_mean,target1,3,mean,19,-0.010725777596235275,0.00296389071412119,170,-0.006247968412935734,0.0050160864591280024,40
landmark-country,pcasub_icl10_k3_mean,target1,3,mean,20,-0.002788313664495945,0.0028705639179314596,170,-0.00047871842980384827,0.0052213699823465045,40
landmark-country,pcasub_icl10_k3_mean,target1,3,mean,21,0.00523700937628746,0.0018033799564268812,170,0.0021014453377574682,0.0030996220473644615,40
landmark-country,pcasub_icl10_k3_mean,target1,3,mean,22,-0.0007001911872066557,0.0021250214147007797,170,-0.001481571001932025,0.004812840650995348,40
landmark-country,pcasub_icl10_k3_mean,target1,3,mean,23,-0.0027190225664526224,0.0016457364686813338,170,-0.0020345516968518496,0.003446582284195168,40
landmark-country,pcasub_icl10_k3_mean,target1,3,mean,24,-6.272542668739334e-05,0.000562346833208595,170,-0.0004467969702091068,0.0009621401334584267,40
landmark-country,pcasub_icl10_k3_mean,target1,3,mean,25,0.0019136874470859766,0.0005167409441355526,170,-5.345307363313623e-05,0.0009044520924719129,40
landmark-country,pcasub_icl10_k3_mean,target1,3,mean,26,-0.00013203498383518308,0.00012313152367416071,170,-0.0006802923744544387,0.00028410428061527015,40
landmark-country,pcasub_icl10_k3_mean,target1,3,mean,27,0.0,0.0,170,0.0,0.0,40
landmark-country,pcasub_icl10_k3_mean,final_cue,3,mean,0,-1.2323755025863647,0.05366121208034277,170,-1.1175739765167236,0.09492757486180836,40
landmark-country,pcasub_icl10_k3_mean,final_cue,3,mean,1,-1.2352732419967651,0.05373610186209975,170,-1.1205108165740967,0.09519699737430654,40
landmark-country,pcasub_icl10_k3_mean,final_cue,3,mean,2,-1.2301392555236816,0.053564269539020666,170,-1.1161041259765625,0.09425130437587564,40
landmark-country,pcasub_icl10_k3_mean,final_cue,3,mean,3,-1.2237403392791748,0.05357201817655443,170,-1.1095240116119385,0.09381397814564038,40
landmark-country,pcasub_icl10_k3_mean,final_cue,3,mean,4,-1.2264212369918823,0.053564498112399245,170,-1.1102715730667114,0.09368623146322423,40
landmark-country,pcasub_icl10_k3_mean,final_cue,3,mean,5,-1.2151765823364258,0.05316897016664196,170,-1.0990855693817139,0.09311323269591314,40
landmark-country,pcasub_icl10_k3_mean,final_cue,3,mean,6,-1.207188367843628,0.05289546840477181,170,-1.0960497856140137,0.09228965063544359,40
landmark-country,pcasub_icl10_k3_mean,final_cue,3,mean,7,-1.2148083448410034,0.053362361530788424,170,-1.0948402881622314,0.09113602882446031,40
landmark-country,pcasub_icl10_k3_mean,final_cue,3,mean,8,-1.230437159538269,0.05332441377847706,170,-1.1065948009490967,0.09401907966164352,40
landmark-country,pcasub_icl10_k3_mean,final_cue,3,mean,9,-1.222377061843872,0.052930289273264236,170,-1.0915861129760742,0.09280431285062218,40
landmark-country,pcasub_icl10_k3_mean,final_cue,3,mean,10,-1.3050488233566284,0.052686977483236544,170,-1.171612024307251,0.09107506288653704,40
landmark-country,pcasub_icl10_k3_mean,final_cue,3,mean,11,-1.3284820318222046,0.05227325966801209,170,-1.1743805408477783,0.08610004821096767,40
landmark-country,pcasub_icl10_k3_mean,final_cue,3,mean,12,-1.4893206357955933,0.05537750100806422,170,-1.337341547012329,0.09898354852108426,40
landmark-country,pcasub_icl10_k3_mean,final_cue,3,mean,13,-1.4676709175109863,0.05537468041257258,170,-1.2987141609191895,0.1010829481493949,40
landmark-country,pcasub_icl10_k3_mean,final_cue,3,mean,14,-1.4991565942764282,0.05666845144999437,170,-1.3160343170166016,0.10178351453700736,40
landmark-country,pcasub_icl10_k3_mean,final_cue,3,mean,15,-1.4715549945831299,0.05650909009045045,170,-1.293855905532837,0.10021754094864038,40
landmark-country,pcasub_icl10_k3_mean,final_cue,3,mean,16,-1.3988968133926392,0.056009250397645746,170,-1.2145768404006958,0.10081176328871437,40
landmark-country,pcasub_icl10_k3_mean,final_cue,3,mean,17,-1.3718148469924927,0.05544882047364783,170,-1.1929932832717896,0.09940723775763038,40
landmark-country,pcasub_icl10_k3_mean,final_cue,3,mean,18,-1.3400466442108154,0.05597344209215786,170,-1.1674845218658447,0.100497631793451,40
landmark-country,pcasub_icl10_k3_mean,final_cue,3,mean,19,-1.2635656595230103,0.052185812064836086,170,-1.1084458827972412,0.0916839117740924,40
landmark-country,pcasub_icl10_k3_mean,final_cue,3,mean,20,-1.2077871561050415,0.04928973250065407,170,-1.0495750904083252,0.08702623286320886,40
landmark-country,pcasub_icl10_k3_mean,final_cue,3,mean,21,-1.1400381326675415,0.04787697073381265,170,-0.9758027791976929,0.091377187795788,40
landmark-country,pcasub_icl10_k3_mean,final_cue,3,mean,22,-1.1460424661636353,0.04756539321853913,170,-0.9974067807197571,0.09166107664229643,40
landmark-country,pcasub_icl10_k3_mean,final_cue,3,mean,23,-0.9407442212104797,0.04596906874283005,170,-0.7781548500061035,0.07918898567738046,40
landmark-country,pcasub_icl10_k3_mean,final_cue,3,mean,24,-0.8676868081092834,0.042165635152113454,170,-0.7295240163803101,0.07481162850719239,40
landmark-country,pcasub_icl10_k3_mean,final_cue,3,mean,25,-0.7534123063087463,0.051715334908243385,170,-0.5941163897514343,0.09289563452916239,40
landmark-country,pcasub_icl10_k3_mean,final_cue,3,mean,26,-0.5537644624710083,0.0432836652616825,170,-0.41761264204978943,0.08234016789497103,40
landmark-country,pcasub_icl10_k3_mean,final_cue,3,mean,27,-0.00323981954716146,0.04198277644925182,170,0.036026157438755035,0.08328685987151599,40
landmark-country,pcasub_icl10_k4_zero,cue1,4,zero,0,-5.8115057945251465,0.1768768278290528,170,-6.02748966217041,0.34573818266282935,40
landmark-country,pcasub_icl10_k4_zero,cue1,4,zero,1,-2.8203999996185303,0.08620451142808208,170,-3.000340223312378,0.2179276598905996,40
landmark-country,pcasub_icl10_k4_zero,cue1,4,zero,2,-2.6298840045928955,0.10405788431023733,170,-2.6846961975097656,0.22674017359676385,40
landmark-country,pcasub_icl10_k4_zero,cue1,4,zero,3,-2.066089630126953,0.09502141864689671,170,-2.138155460357666,0.22973912474382194,40
landmark-country,pcasub_icl10_k4_zero,cue1,4,zero,4,-2.1856155395507812,0.0854369071652095,170,-2.130567789077759,0.1993512283408107,40
landmark-country,pcasub_icl10_k4_zero,cue1,4,zero,5,-1.8062723875045776,0.0742700964703227,170,-2.011321544647217,0.1548343603761369,40
landmark-country,pcasub_icl10_k4_zero,cue1,4,zero,6,-0.8247992992401123,0.048133585494473524,170,-0.8246304392814636,0.12587447491421197,40
landmark-country,pcasub_icl10_k4_zero,cue1,4,zero,7,-1.0101321935653687,0.04511906377698045,170,-0.9377534985542297,0.09226105724300902,40
landmark-country,pcasub_icl10_k4_zero,cue1,4,zero,8,-0.5346912145614624,0.027924331942396328,170,-0.47610729932785034,0.05141413800326168,40
landmark-country,pcasub_icl10_k4_zero,cue1,4,zero,9,-0.3111002445220947,0.020396155718005855,170,-0.24658314883708954,0.030457728271696793,40
landmark-country,pcasub_icl10_k4_zero,cue1,4,zero,10,-0.3072139024734497,0.019357566286161268,170,-0.2575419247150421,0.04051556008417731,40
landmark-country,pcasub_icl10_k4_zero,cue1,4,zero,11,-0.05618954449892044,0.007582296686103051,170,-0.02468010038137436,0.013732797810741644,40
landmark-country,pcasub_icl10_k4_zero,cue1,4,zero,12,-0.16700446605682373,0.013501656899645206,170,-0.15333890914916992,0.02345631947687887,40
landmark-country,pcasub_icl10_k4_zero,cue1,4,zero,13,-0.06541071832180023,0.007616208403982187,170,-0.04574751853942871,0.016349904888222456,40
landmark-country,pcasub_icl10_k4_zero,cue1,4,zero,14,-0.019339755177497864,0.004741597880099744,170,-0.019604921340942383,0.011992597962729366,40
landmark-country,pcasub_icl10_k4_zero,cue1,4,zero,15,0.02235252410173416,0.005024304577641914,170,0.01803441531956196,0.007408308013002415,40
landmark-country,pcasub_icl10_k4_zero,cue1,4,zero,16,0.06528282165527344,0.004492106894498945,170,0.05762462690472603,0.008321766296651375,40
landmark-country,pcasub_icl10_k4_zero,cue1,4,zero,17,-0.00039379799272865057,0.004719085973760414,170,0.006042935885488987,0.006912626971011114,40
landmark-country,pcasub_icl10_k4_zero,cue1,4,zero,18,0.01925710029900074,0.0033298721220967184,170,0.01882077194750309,0.005464495691836252,40
landmark-country,pcasub_icl10_k4_zero,cue1,4,zero,19,0.006192801985889673,0.004183836550296719,170,0.011550994589924812,0.008208404663469676,40
landmark-country,pcasub_icl10_k4_zero,cue1,4,zero,20,0.033985480666160583,0.004137123866067098,170,0.033532366156578064,0.007145768200541271,40
landmark-country,pcasub_icl10_k4_zero,cue1,4,zero,21,0.043347183614969254,0.003370517611708735,170,0.035266291350126266,0.007238595414493942,40
landmark-country,pcasub_icl10_k4_zero,cue1,4,zero,22,0.0022928984835743904,0.006862794547885122,170,0.0055554211139678955,0.011827833722202164,40
landmark-country,pcasub_icl10_k4_zero,cue1,4,zero,23,-0.0775008574128151,0.00731028750839501,170,-0.05971556901931763,0.011080666419216989,40
landmark-country,pcasub_icl10_k4_zero,cue1,4,zero,24,0.004426243249326944,0.0053426861509622186,170,0.0031282473355531693,0.011737959855103211,40
landmark-country,pcasub_icl10_k4_zero,cue1,4,zero,25,-0.04976770281791687,0.006966290859404469,170,-0.03551233559846878,0.012466509410311691,40
landmark-country,pcasub_icl10_k4_zero,cue1,4,zero,26,-0.005199497099965811,0.004011529080306922,170,-0.010910646989941597,0.007222212998051484,40
landmark-country,pcasub_icl10_k4_zero,cue1,4,zero,27,0.0,0.0,170,0.0,0.0,40
landmark-country,pcasub_icl10_k4_zero,target1,4,zero,0,-5.039682388305664,0.13164561223813973,170,-5.657155513763428,0.27007484520666347,40
landmark-country,pcasub_icl10_k4_zero,target1,4,zero,1,-5.748728275299072,0.11527090797080483,170,-6.089937210083008,0.2133371858186913,40
landmark-country,pcasub_icl10_k4_zero,target1,4,zero,2,-5.209817409515381,0.11313779720137784,170,-5.534249305725098,0.20383141899865526,40
landmark-country,pcasub_icl10_k4_zero,target1,4,zero,3,-4.677906036376953,0.10470460068464807,170,-4.773627281188965,0.1947824867550442,40
landmark-country,pcasub_icl10_k4_zero,target1,4,zero,4,-4.694677829742432,0.10461032788038775,170,-4.871679782867432,0.23374698724015172,40
landmark-country,pcasub_icl10_k4_zero,target1,4,zero,5,-4.258655548095703,0.09892402565511033,170,-4.406754016876221,0.21296168313966593,40
landmark-country,pcasub_icl10_k4_zero,target1,4,zero,6,-4.13217830657959,0.095312182270317,170,-4.230177879333496,0.2168393203569381,40
landmark-country,pcasub_icl10_k4_zero,target1,4,zero,7,-3.558789014816284,0.08776949849358825,170,-3.623347520828247,0.20967391422578194,40
landmark-country,pcasub_icl10_k4_zero,target1,4,zero,8,-3.034581184387207,0.08428609506168494,170,-3.1292667388916016,0.21263494190179297,40
landmark-country,pcasub_icl10_k4_zero,target1,4,zero,9,-2.2474236488342285,0.07461869372999055,170,-2.3531172275543213,0.1916424723588231,40
landmark-country,pcasub_icl10_k4_zero,target1,4,zero,10,-2.101696729660034,0.08266057262259643,170,-2.2741570472717285,0.21995424720844567,40
landmark-country,pcasub_icl10_k4_zero,target1,4,zero,11,-1.1857595443725586,0.055640268964076395,170,-1.2738527059555054,0.1444065556054652,40
landmark-country,pcasub_icl10_k4_zero,target1,4,zero,12,-0.3723793029785156,0.048853216776650346,170,-0.417539119720459,0.13724369404120337,40
landmark-country,pcasub_icl10_k4_zero,target1,4,zero,13,-0.39553356170654297,0.040579825051818924,170,-0.4155611991882324,0.1210316363523192,40
landmark-country,pcasub_icl10_k4_zero,target1,4,zero,14,-0.3345673382282257,0.04064685648082043,170,-0.3906698524951935,0.12125475717166279,40
landmark-country,pcasub_icl10_k4_zero,target1,4,zero,15,-0.1811375617980957,0.02852947767644527,170,-0.2032233029603958,0.07499999242762409,40
landmark-country,pcasub_icl10_k4_zero,target1,4,zero,16,-0.3690510094165802,0.031535427892241695,170,-0.378948450088501,0.07728148880234896,40
landmark-country,pcasub_icl10_k4_zero,target1,4,zero,17,0.0033288183622062206,0.020433650895027636,170,-0.02079872228205204,0.056631697025467866,40
landmark-country,pcasub_icl10_k4_zero,target1,4,zero,18,-0.10161896795034409,0.016022357261391496,170,-0.0615277998149395,0.020827859625712663,40
landmark-country,pcasub_icl10_k4_zero,target1,4,zero,19,-0.12067916989326477,0.014944582352390552,170,-0.06410174071788788,0.029276212824174887,40
landmark-country,pcasub_icl10_k4_zero,target1,4,zero,20,-0.12333481758832932,0.023828196426009113,170,-0.07717853039503098,0.054691964257614196,40
landmark-country,pcasub_icl10_k4_zero,target1,4,zero,21,0.01729821227490902,0.009900438748355044,170,0.030353784561157227,0.02273682198278885,40
landmark-country,pcasub_icl10_k4_zero,target1,4,zero,22,0.010725422762334347,0.02074343868074689,170,-0.0036154775880277157,0.04664880035194429,40
landmark-country,pcasub_icl10_k4_zero,target1,4,zero,23,-0.04586150869727135,0.019513057898405874,170,-0.041899241507053375,0.04160259906142617,40
landmark-country,pcasub_icl10_k4_zero,target1,4,zero,24,0.016744175925850868,0.009264326464409932,170,0.01425604522228241,0.023338027745339447,40
landmark-country,pcasub_icl10_k4_zero,target1,4,zero,25,-0.012818305753171444,0.012261679464004633,170,-0.027880067005753517,0.024491583586069905,40
landmark-country,pcasub_icl10_k4_zero,target1,4,zero,26,0.015502062626183033,0.005543658151209193,170,0.010770860128104687,0.010572859220130055,40
landmark-country,pcasub_icl10_k4_zero,target1,4,zero,27,0.0,0.0,170,0.0,0.0,40
landmark-country,pcasub_icl10_k4_zero,final_cue,4,zero,0,-11.201940536499023,0.2017784711271395,170,-11.503825187683105,0.4164499248831754,40
landmark-country,pcasub_icl10_k4_zero,final_cue,4,zero,1,-18.16155242919922,0.2758304674510916,170,-18.4909725189209,0.47905184968170333,40
landmark-country,pcasub_icl10_k4_zero,final_cue,4,zero,2,-16.558504104614258,0.22218945211447985,170,-16.88210678100586,0.4296316861305923,40
landmark-country,pcasub_icl10_k4_zero,final_cue,4,zero,3,-16.575214385986328,0.2458375441468392,170,-17.587778091430664,0.4675015893323427,40
landmark-country,pcasub_icl10_k4_zero,final_cue,4,zero,4,-18.41307830810547,0.2878811851153385,170,-18.9285945892334,0.5679812206710969,40
landmark-country,pcasub_icl10_k4_zero,final_cue,4,zero,5,-15.688450813293457,0.2905116441277437,170,-16.517168045043945,0.5418873845697725,40
landmark-country,pcasub_icl10_k4_zero,final_cue,4,zero,6,-17.736846923828125,0.26363673599533655,170,-18.484216690063477,0.5655738719026439,40
landmark-country,pcasub_icl10_k4_zero,final_cue,4,zero,7,-17.054546356201172,0.2633531404330684,170,-17.175249099731445,0.48075026326475817,40
landmark-country,pcasub_icl10_k4_zero,final_cue,4,zero,8,-18.75286102294922,0.2681901188411644,170,-19.054676055908203,0.5063697543996961,40
landmark-country,pcasub_icl10_k4_zero,final_cue,4,zero,9,-18.51400375366211,0.27170693055808054,170,-19.446260452270508,0.6312302571038132,40
landmark-country,pcasub_icl10_k4_zero,final_cue,4,zero,10,-18.225563049316406,0.2755242339814092,170,-19.120216369628906,0.5794241191461613,40
landmark-country,pcasub_icl10_k4_zero,final_cue,4,zero,11,-19.728116989135742,0.32460330868489906,170,-20.203914642333984,0.5812242777077012,40
landmark-country,pcasub_icl10_k4_zero,final_cue,4,zero,12,-18.0625,0.252580586815954,170,-18.89877700805664,0.4643583895153428,40
landmark-country,pcasub_icl10_k4_zero,final_cue,4,zero,13,-12.848508834838867,0.271291932731936,170,-13.129768371582031,0.63458346850849,40
landmark-country,pcasub_icl10_k4_zero,final_cue,4,zero,14,-16.5039005279541,0.2571580338670785,170,-16.339990615844727,0.5628820971013381,40
landmark-country,pcasub_icl10_k4_zero,final_cue,4,zero,15,-13.85597038269043,0.2567919141722089,170,-13.589345932006836,0.4632273201065006,40
landmark-country,pcasub_icl10_k4_zero,final_cue,4,zero,16,-16.22822380065918,0.28912447800783536,170,-15.22339153289795,0.614829072124429,40
landmark-country,pcasub_icl10_k4_zero,final_cue,4,zero,17,-12.263459205627441,0.21663992819894293,170,-11.841512680053711,0.38890979465641295,40
landmark-country,pcasub_icl10_k4_zero,final_cue,4,zero,18,-12.021759986877441,0.21006367095270823,170,-11.62452220916748,0.4333380834201993,40
landmark-country,pcasub_icl10_k4_zero,final_cue,4,zero,19,-12.408642768859863,0.2599223271641081,170,-11.561558723449707,0.5287399278538195,40
landmark-country,pcasub_icl10_k4_zero,final_cue,4,zero,20,-10.701597213745117,0.2174173336882889,170,-10.295031547546387,0.3994386470057542,40
landmark-country,pcasub_icl10_k4_zero,final_cue,4,zero,21,-12.790419578552246,0.2773177304249464,170,-11.667335510253906,0.5241992518984651,40
landmark-country,pcasub_icl10_k4_zero,final_cue,4,zero,22,-14.754831314086914,0.28406982459985286,170,-14.0833158493042,0.5966796000508615,40
landmark-country,pcasub_icl10_k4_zero,final_cue,4,zero,23,-11.175515174865723,0.29464258679822064,170,-10.718338012695312,0.5880800194721418,40
landmark-country,pcasub_icl10_k4_zero,final_cue,4,zero,24,-16.516691207885742,0.3351541461247937,170,-15.837739944458008,0.7197034909165974,40
landmark-country,pcasub_icl10_k4_zero,final_cue,4,zero,25,-10.514627456665039,0.22885909530026602,170,-9.857841491699219,0.4180237866289147,40
landmark-country,pcasub_icl10_k4_zero,final_cue,4,zero,26,-12.928955078125,0.23837758564728503,170,-12.491009712219238,0.5102410773213416,40
landmark-country,pcasub_icl10_k4_zero,final_cue,4,zero,27,-3.945478677749634,0.288599966104547,170,-3.336127519607544,0.5717027345729205,40
landmark-country,pcasub_icl10_k4_mean,cue1,4,mean,0,0.11539660394191742,0.011196258946115775,170,0.109886035323143,0.023131665726291436,40
landmark-country,pcasub_icl10_k4_mean,cue1,4,mean,1,0.11826205253601074,0.011340604177554073,170,0.11002793163061142,0.024224302750707766,40
landmark-country,pcasub_icl10_k4_mean,cue1,4,mean,2,0.10807445645332336,0.01120487616248813,170,0.101828433573246,0.023539500897437744,40
landmark-country,pcasub_icl10_k4_mean,cue1,4,mean,3,0.11500650644302368,0.011460623487177307,170,0.10873325169086456,0.024047804051461022,40
landmark-country,pcasub_icl10_k4_mean,cue1,4,mean,4,0.11697230488061905,0.010607575066791955,170,0.1144869327545166,0.023057296046644336,40
landmark-country,pcasub_icl10_k4_mean,cue1,4,mean,5,0.143375962972641,0.009769450202293898,170,0.1372627317905426,0.025038460489346544,40
landmark-country,pcasub_icl10_k4_mean,cue1,4,mean,6,0.12909069657325745,0.008629235332033613,170,0.12161459773778915,0.020931392869265094,40
landmark-country,pcasub_icl10_k4_mean,cue1,4,mean,7,0.0905250683426857,0.006133930615514124,170,0.08618887513875961,0.01324085527941659,40
landmark-country,pcasub_icl10_k4_mean,cue1,4,mean,8,0.07287555187940598,0.0057275020053324955,170,0.07300110161304474,0.011330255446422306,40
landmark-country,pcasub_icl10_k4_mean,cue1,4,mean,9,0.061835743486881256,0.004516792819385266,170,0.06011217087507248,0.009623704550486691,40
landmark-country,pcasub_icl10_k4_mean,cue1,4,mean,10,0.011384834535419941,0.0028346030397133795,170,0.009036369621753693,0.007065409364370715,40
landmark-country,pcasub_icl10_k4_mean,cue1,4,mean,11,0.007966626435518265,0.0015945687464448846,170,0.005340294912457466,0.0034468335012739697,40
landmark-country,pcasub_icl10_k4_mean,cue1,4,mean,12,0.009733790531754494,0.0013796969133299177,170,0.00835447944700718,0.0028958947152882665,40
landmark-country,pcasub_icl10_k4_mean,cue1,4,mean,13,0.005745601840317249,0.0011793146323996727,170,0.003709870856255293,0.002806355411614307,40
landmark-country,pcasub_icl10_k4_mean,cue1,4,mean,14,0.006062413565814495,0.0009969017904846238,170,0.005492209456861019,0.002211202861524611,40
landmark-country,pcasub_icl10_k4_mean,cue1,4,mean,15,0.005234266631305218,0.00089818909120381,170,0.004291467368602753,0.0017268047943351482,40
landmark-country,pcasub_icl10_k4_mean,cue1,4,mean,16,0.004271352663636208,0.0008019387700728982,170,0.0038059018552303314,0.0016219926408592756,40
landmark-country,pcasub_icl10_k4_mean,cue1,4,mean,17,0.005672838538885117,0.000781374951781672,170,0.005519367288798094,0.0013881388442456952,40
landmark-country,pcasub_icl10_k4_mean,cue1,4,mean,18,0.006145882420241833,0.0007662130367180293,170,0.005891161039471626,0.0013779915002244659,40
landmark-country,pcasub_icl10_k4_mean,cue1,4,mean,19,0.004681397695094347,0.0007317821715527994,170,0.004706445150077343,0.0014682024340838967,40
landmark-country,pcasub_icl10_k4_mean,cue1,4,mean,20,0.005427497439086437,0.0007874241462457135,170,0.00601833825930953,0.0017417500016984134,40
landmark-country,pcasub_icl10_k4_mean,cue1,4,mean,21,0.005387067794799805,0.0007719749430168718,170,0.005093919113278389,0.0015956067485585362,40
landmark-country,pcasub_icl10_k4_mean,cue1,4,mean,22,0.0014511658810079098,0.0008484945243922899,170,0.0023740907199680805,0.0016440031444950494,40
landmark-country,pcasub_icl10_k4_mean,cue1,4,mean,23,-0.006457144394516945,0.0008460332891092807,170,-0.004375179763883352,0.00138412040177007,40
landmark-country,pcasub_icl10_k4_mean,cue1,4,mean,24,0.0021477723494172096,0.0005298775204920506,170,0.0026004391256719828,0.0011018289778119666,40
landmark-country,pcasub_icl10_k4_mean,cue1,4,mean,25,-0.0021098852157592773,0.0007791372184054027,170,-0.0014304968062788248,0.0011197777459937051,40
landmark-country,pcasub_icl10_k4_mean,cue1,4,mean,26,-0.003020648146048188,0.00037842469270312954,170,-0.003617251990363002,0.0008875707023650237,40
landmark-country,pcasub_icl10_k4_mean,cue1,4,mean,27,0.0,0.0,170,0.0,0.0,40
landmark-country,pcasub_icl10_k4_mean,target1,4,mean,0,-0.20030105113983154,0.029810450890400526,170,-0.2451893836259842,0.06256475527322736,40
landmark-country,pcasub_icl10_k4_mean,target1,4,mean,1,-0.19147998094558716,0.027099127188122338,170,-0.2294478863477707,0.05682098924159989,40
landmark-country,pcasub_icl10_k4_mean,target1,4,mean,2,-0.14775630831718445,0.023178652598905367,170,-0.20437507331371307,0.05540162982795426,40
landmark-country,pcasub_icl10_k4_mean,target1,4,mean,3,-0.1363147795200348,0.01627215253530253,170,-0.13693444430828094,0.03204530476178037,40
landmark-country,pcasub_icl10_k4_mean,target1,4,mean,4,-0.12840421497821808,0.012578246736132481,170,-0.14056730270385742,0.03397757582282452,40
landmark-country,pcasub_icl10_k4_mean,target1,4,mean,5,-0.11667288839817047,0.011095412371487583,170,-0.12614478170871735,0.0296256336925336,40
landmark-country,pcasub_icl10_k4_mean,target1,4,mean,6,-0.06027138605713844,0.008445984625827718,170,-0.05824911594390869,0.018929750553264842,40
landmark-country,pcasub_icl10_k4_mean,target1,4,mean,7,-0.06398148834705353,0.00781619582440094,170,-0.063059963285923,0.017147202515105976,40
landmark-country,pcasub_icl10_k4_mean,target1,4,mean,8,-0.05976971611380577,0.00686094596068588,170,-0.05828964710235596,0.015273801658417989,40
landmark-country,pcasub_icl10_k4_mean,target1,4,mean,9,-0.05130258947610855,0.0062651763066261705,170,-0.04561907798051834,0.012551040864972822,40
landmark-country,pcasub_icl10_k4_mean,target1,4,mean,10,-0.06265183538198471,0.0059242745411815624,170,-0.05196105316281319,0.010935156068190061,40
landmark-country,pcasub_icl10_k4_mean,target1,4,mean,11,-0.046458784490823746,0.005492698287888886,170,-0.036166995763778687,0.011374457871889095,40
landmark-country,pcasub_icl10_k4_mean,target1,4,mean,12,-0.0059608095325529575,0.005322129975593339,170,-0.004874381236732006,0.013404393180065562,40
landmark-country,pcasub_icl10_k4_mean,target1,4,mean,13,-0.01453107688575983,0.0046044301384654904,170,-0.01129136048257351,0.010231076764615188,40
landmark-country,pcasub_icl10_k4_mean,target1,4,mean,14,-0.013978198170661926,0.0042437882046135215,170,-0.005780188832432032,0.009185142556051372,40
landmark-country,pcasub_icl10_k4_mean,target1,4,mean,15,-0.017488816753029823,0.0038886734607722698,170,-0.01059086062014103,0.005376125004069309,40
landmark-country,pcasub_icl10_k4_mean,target1,4,mean,16,-0.019422391429543495,0.003547545121966147,170,-0.012374475598335266,0.004680618593749812,40
landmark-country,pcasub_icl10_k4_mean,target1,4,mean,17,-0.0009200180065818131,0.0031378624840237503,170,0.007930438034236431,0.004157310152311596,40
landmark-country,pcasub_icl10_k4_mean,target1,4,mean,18,-0.012858046218752861,0.0031737439329927748,170,-0.0023785741068422794,0.0037829071738398456,40
landmark-country,pcasub_icl10_k4_mean,target1,4,mean,19,-0.008686240762472153,0.0028455574188816844,170,1.9335933757247403e-05,0.004037693420024776,40
landmark-country,pcasub_icl10_k4_mean,target1,4,mean,20,-0.0018361477414146066,0.0026763188322160084,170,0.0029212168883532286,0.004629513147052036,40
landmark-country,pcasub_icl10_k4_mean,target1,4,mean,21,0.008175232447683811,0.0017668619305985197,170,0.006988887675106525,0.0032363506975054525,40
landmark-country,pcasub_icl10_k4_mean,target1,4,mean,22,-0.001929907244630158,0.002056684688849239,170,-0.0015569981187582016,0.0046182552056050616,40
landmark-country,pcasub_icl10_k4_mean,target1,4,mean,23,-0.003976070787757635,0.0016726219837613738,170,-0.00202809926122427,0.0035342346619325724,40
landmark-country,pcasub_icl10_k4_mean,target1,4,mean,24,-0.002015928039327264,0.0005429079530858719,170,-0.0023102168925106525,0.0009068907093731401,40
landmark-country,pcasub_icl10_k4_mean,target1,4,mean,25,0.00024454129743389785,0.00047393600752942944,170,-0.0006547402590513229,0.0008669664842524358,40
landmark-country,pcasub_icl10_k4_mean,target1,4,mean,26,7.5834636845684145e-06,0.00013330878014124645,170,-0.0006342887645587325,0.00027540953382372335,40
landmark-country,pcasub_icl10_k4_mean,target1,4,mean,27,0.0,0.0,170,0.0,0.0,40
landmark-country,pcasub_icl10_k4_mean,final_cue,4,mean,0,-1.225516438484192,0.05373658186619476,170,-1.1052649021148682,0.09676384742460378,40
landmark-country,pcasub_icl10_k4_mean,final_cue,4,mean,1,-1.2286081314086914,0.05380611845942547,170,-1.1085505485534668,0.09674492338636759,40
landmark-country,pcasub_icl10_k4_mean,final_cue,4,mean,2,-1.2227122783660889,0.05361791113950513,170,-1.1034058332443237,0.09594467594675103,40
landmark-country,pcasub_icl10_k4_mean,final_cue,4,mean,3,-1.2108428478240967,0.05340856992500156,170,-1.0915356874465942,0.09485548822412476,40
landmark-country,pcasub_icl10_k4_mean,final_cue,4,mean,4,-1.2111802101135254,0.05339032062645597,170,-1.0887771844863892,0.09464320537488656,40
landmark-country,pcasub_icl10_k4_mean,final_cue,4,mean,5,-1.2022539377212524,0.052952744321975644,170,-1.0784257650375366,0.09402373527662793,40
landmark-country,pcasub_icl10_k4_mean,final_cue,4,mean,6,-1.195168137550354,0.05262762611975523,170,-1.0748223066329956,0.09289374966479624,40
landmark-country,pcasub_icl10_k4_mean,final_cue,4,mean,7,-1.1992243528366089,0.05303135070686829,170,-1.0717058181762695,0.09171478585241001,40
landmark-country,pcasub_icl10_k4_mean,final_cue,4,mean,8,-1.2216012477874756,0.05319074863815278,170,-1.0882728099822998,0.09465423183142857,40
landmark-country,pcasub_icl10_k4_mean,final_cue,4,mean,9,-1.2149304151535034,0.052673377367211206,170,-1.0794368982315063,0.09268509517946288,40
landmark-country,pcasub_icl10_k4_mean,final_cue,4,mean,10,-1.2923381328582764,0.052217647765004295,170,-1.1574699878692627,0.09170396673094829,40
landmark-country,pcasub_icl10_k4_mean,final_cue,4,mean,11,-1.2922002077102661,0.05159983220858083,170,-1.1357523202896118,0.08594420762517398,40
landmark-country,pcasub_icl10_k4_mean,final_cue,4,mean,12,-1.4381206035614014,0.054231424944943776,170,-1.2811548709869385,0.09809795442296822,40
landmark-country,pcasub_icl10_k4_mean,final_cue,4,mean,13,-1.4117350578308105,0.05419206918062038,170,-1.2390291690826416,0.09968252219830731,40
landmark-country,pcasub_icl10_k4_mean,final_cue,4,mean,14,-1.4538519382476807,0.05572940801025387,170,-1.2717807292938232,0.10037397526670941,40
landmark-country,pcasub_icl10_k4_mean,final_cue,4,mean,15,-1.4299957752227783,0.05567904872348577,170,-1.2469375133514404,0.09930459746857143,40
landmark-country,pcasub_icl10_k4_mean,final_cue,4,mean,16,-1.3706446886062622,0.05514635846471197,170,-1.1777360439300537,0.09934748755722328,40
landmark-country,pcasub_icl10_k4_mean,final_cue,4,mean,17,-1.353824257850647,0.05424558278001284,170,-1.1634492874145508,0.097608276084963,40
landmark-country,pcasub_icl10_k4_mean,final_cue,4,mean,18,-1.3181978464126587,0.054852065668326455,170,-1.1375305652618408,0.09899561165302766,40
landmark-country,pcasub_icl10_k4_mean,final_cue,4,mean,19,-1.2394384145736694,0.05080948489453984,170,-1.0768369436264038,0.08926587582468326,40
landmark-country,pcasub_icl10_k4_mean,final_cue,4,mean,20,-1.1842793226242065,0.04782269369933574,170,-1.0193742513656616,0.08438746987220115,40
landmark-country,pcasub_icl10_k4_mean,final_cue,4,mean,21,-1.1196868419647217,0.04679842896112657,170,-0.9502640962600708,0.08902541425317105,40
landmark-country,pcasub_icl10_k4_mean,final_cue,4,mean,22,-1.1306332349777222,0.04688834515679121,170,-0.9813432693481445,0.09033274675321426,40
landmark-country,pcasub_icl10_k4_mean,final_cue,4,mean,23,-0.9338526129722595,0.04542446523956482,170,-0.7707371115684509,0.07799462252312275,40
landmark-country,pcasub_icl10_k4_mean,final_cue,4,mean,24,-0.8634024262428284,0.04170738209980705,170,-0.7235996127128601,0.07404653850016554,40
landmark-country,pcasub_icl10_k4_mean,final_cue,4,mean,25,-0.7503980994224548,0.05130639884809876,170,-0.5894490480422974,0.09247077667670925,40
landmark-country,pcasub_icl10_k4_mean,final_cue,4,mean,26,-0.5456802248954773,0.04302062758908361,170,-0.4104800224304199,0.08268786882459563,40
landmark-country,pcasub_icl10_k4_mean,final_cue,4,mean,27,-0.01770203188061714,0.04190860438790357,170,0.02675762213766575,0.08400054491511688,40
landmark-country,pcasub_icl10_cf_k0_zero,cue1,0,zero,0,-6.113415718078613,0.15573433888678476,170,-6.357727527618408,0.286116134183974,40
landmark-country,pcasub_icl10_cf_k0_zero,cue1,0,zero,1,-3.2382819652557373,0.102829640688986,170,-3.5137405395507812,0.2715137695124298,40
landmark-country,pcasub_icl10_cf_k0_zero,cue1,0,zero,2,-3.1357178688049316,0.10947459794988584,170,-3.371250867843628,0.2509276767268029,40
landmark-country,pcasub_icl10_cf_k0_zero,cue1,0,zero,3,-2.390669584274292,0.10020783089322616,170,-2.330594778060913,0.23263016740591763,40
landmark-country,pcasub_icl10_cf_k0_zero,cue1,0,zero,4,-1.919975757598877,0.08467591324444539,170,-1.9185359477996826,0.18076923644114168,40
landmark-country,pcasub_icl10_cf_k0_zero,cue1,0,zero,5,-1.2998205423355103,0.06057399791185647,170,-1.1664541959762573,0.11332421862403155,40
landmark-country,pcasub_icl10_cf_k0_zero,cue1,0,zero,6,-0.6304007768630981,0.044283605220943496,170,-0.6083546876907349,0.09048463854816084,40
landmark-country,pcasub_icl10_cf_k0_zero,cue1,0,zero,7,-0.9134422540664673,0.04248404701140642,170,-0.8013795614242554,0.07555525933341058,40
landmark-country,pcasub_icl10_cf_k0_zero,cue1,0,zero,8,-0.6289021372795105,0.030130122189009453,170,-0.558188796043396,0.058960880468656454,40
landmark-country,pcasub_icl10_cf_k0_zero,cue1,0,zero,9,-0.45612406730651855,0.024071963077060173,170,-0.34413060545921326,0.03596313906774124,40
landmark-country,pcasub_icl10_cf_k0_zero,cue1,0,zero,10,-0.26249468326568604,0.016829126429816356,170,-0.20197466015815735,0.03672363236179513,40
landmark-country,pcasub_icl10_cf_k0_zero,cue1,0,zero,11,-0.038476478308439255,0.00674231066286993,170,-0.011640489101409912,0.01032113440598984,40
landmark-country,pcasub_icl10_cf_k0_zero,cue1,0,zero,12,-0.03755459561944008,0.006906365205309478,170,-0.030362103134393692,0.01591204147164284,40
landmark-country,pcasub_icl10_cf_k0_zero,cue1,0,zero,13,-0.011136387474834919,0.007259654505006069,170,0.001743458560667932,0.012602163098743858,40
landmark-country,pcasub_icl10_cf_k0_zero,cue1,0,zero,14,0.00044614620856009424,0.004964369209178334,170,-0.0017272453987970948,0.010470634779271872,40
landmark-country,pcasub_icl10_cf_k0_zero,cue1,0,zero,15,0.01987146958708763,0.004679417349625092,170,0.01996440254151821,0.006820209126037968,40
landmark-country,pcasub_icl10_cf_k0_zero,cue1,0,zero,16,0.03378135338425636,0.004196009797006285,170,0.034922756254673004,0.009265153281334305,40
landmark-country,pcasub_icl10_cf_k0_zero,cue1,0,zero,17,0.013952327892184258,0.004316014249359913,170,0.020906832069158554,0.008805621581805397,40
landmark-country,pcasub_icl10_cf_k0_zero,cue1,0,zero,18,0.029112789779901505,0.004057845189724712,170,0.030096719041466713,0.0072199888580994215,40
landmark-country,pcasub_icl10_cf_k0_zero,cue1,0,zero,19,0.013143899850547314,0.0036271635154924427,170,0.01838361844420433,0.007693182290162265,40
landmark-country,pcasub_icl10_cf_k0_zero,cue1,0,zero,20,0.028001874685287476,0.003393528665163532,170,0.03069780394434929,0.0075902198071007105,40
landmark-country,pcasub_icl10_cf_k0_zero,cue1,0,zero,21,0.034559570252895355,0.0038597152137236205,170,0.031498830765485764,0.00825802843006962,40
landmark-country,pcasub_icl10_cf_k0_zero,cue1,0,zero,22,0.02236921153962612,0.003669861879760804,170,0.02184923365712166,0.007640602820628145,40
landmark-country,pcasub_icl10_cf_k0_zero,cue1,0,zero,23,-0.029158348217606544,0.004250302831619691,170,-0.024557501077651978,0.008056279616557771,40
landmark-country,pcasub_icl10_cf_k0_zero,cue1,0,zero,24,-0.0033833147026598454,0.0033228683480603944,170,0.005065072327852249,0.006824227421258564,40
landmark-country,pcasub_icl10_cf_k0_zero,cue1,0,zero,25,-0.09613216668367386,0.008076326615057779,170,-0.08898160606622696,0.015059148592239353,40
landmark-country,pcasub_icl10_cf_k0_zero,cue1,0,zero,26,-0.03556456416845322,0.0035113319558814624,170,-0.03144393488764763,0.006813523158719147,40
landmark-country,pcasub_icl10_cf_k0_zero,cue1,0,zero,27,0.0,0.0,170,0.0,0.0,40
landmark-country,pcasub_icl10_cf_k0_zero,target1,0,zero,0,-4.714590072631836,0.10782786390126538,170,-4.882051944732666,0.2038143421274979,40
landmark-country,pcasub_icl10_cf_k0_zero,target1,0,zero,1,-2.9423422813415527,0.08718178147965581,170,-2.994752883911133,0.17818802778355453,40
landmark-country,pcasub_icl10_cf_k0_zero,target1,0,zero,2,-2.565758228302002,0.0948152180306148,170,-2.408905506134033,0.19403881351937777,40
landmark-country,pcasub_icl10_cf_k0_zero,target1,0,zero,3,-0.7687369585037231,0.05272144634872596,170,-0.7511017322540283,0.11268455220408956,40
landmark-country,pcasub_icl10_cf_k0_zero,target1,0,zero,4,-1.2111029624938965,0.06850951246847531,170,-1.2894275188446045,0.16958316958460953,40
landmark-country,pcasub_icl10_cf_k0_zero,target1,0,zero,5,-1.0445348024368286,0.05168969811810218,170,-1.0374820232391357,0.13510248812125142,40
landmark-country,pcasub_icl10_cf_k0_zero,target1,0,zero,6,-0.4248056709766388,0.034251407634241504,170,-0.378213495016098,0.08504642787893074,40
landmark-country,pcasub_icl10_cf_k0_zero,target1,0,zero,7,-0.46318888664245605,0.032845055064935375,170,-0.43481093645095825,0.07230910822473129,40
landmark-country,pcasub_icl10_cf_k0_zero,target1,0,zero,8,-0.300994336605072,0.02799286738422887,170,-0.3194494843482971,0.06533441738230361,40
landmark-country,pcasub_icl10_cf_k0_zero,target1,0,zero,9,-0.07209058105945587,0.02870325287324225,170,-0.08306977897882462,0.05785373941294256,40
landmark-country,pcasub_icl10_cf_k0_zero,target1,0,zero,10,-0.18654948472976685,0.02480309388591321,170,-0.1962575614452362,0.053369779026365693,40
landmark-country,pcasub_icl10_cf_k0_zero,target1,0,zero,11,-0.28709807991981506,0.027560388266090814,170,-0.30029627680778503,0.06571106511643142,40
landmark-country,pcasub_icl10_cf_k0_zero,target1,0,zero,12,0.03920183703303337,0.020301729769581892,170,0.013343852944672108,0.04634681209535987,40
landmark-country,pcasub_icl10_cf_k0_zero,target1,0,zero,13,-0.19428768754005432,0.019224820010818863,170,-0.20271210372447968,0.04732002411353663,40
landmark-country,pcasub_icl10_cf_k0_zero,target1,0,zero,14,-0.1228393092751503,0.018653181991202424,170,-0.09307194501161575,0.041279962115710514,40
landmark-country,pcasub_icl10_cf_k0_zero,target1,0,zero,15,-0.2679779827594757,0.03292475403057762,170,-0.24558472633361816,0.09567187952703743,40
landmark-country,pcasub_icl10_cf_k0_zero,target1,0,zero,16,-0.09956581145524979,0.01524950723948058,170,-0.0686982125043869,0.03071977860844285,40
landmark-country,pcasub_icl10_cf_k0_zero,target1,0,zero,17,0.13284504413604736,0.014465378264203778,170,0.1519702672958374,0.02900463214197746,40
landmark-country,pcasub_icl10_cf_k0_zero,target1,0,zero,18,-0.12866085767745972,0.020764232000996044,170,-0.08146895468235016,0.042213078356658246,40
landmark-country,pcasub_icl10_cf_k0_zero,target1,0,zero,19,-0.06468096375465393,0.01413643260075909,170,-0.011081432923674583,0.026471569988543265,40
landmark-country,pcasub_icl10_cf_k0_zero,target1,0,zero,20,0.06775517761707306,0.01400862808186152,170,0.07036519050598145,0.03697648456043435,40
landmark-country,pcasub_icl10_cf_k0_zero,target1,0,zero,21,0.22571900486946106,0.01859909581549663,170,0.1855689287185669,0.0402023050508442,40
landmark-country,pcasub_icl10_cf_k0_zero,target1,0,zero,22,-0.017404373735189438,0.013223835100919951,170,-0.029690736904740334,0.03172096436989381,40
landmark-country,pcasub_icl10_cf_k0_zero,target1,0,zero,23,0.03773896396160126,0.01096780785429627,170,0.03465019911527634,0.02290818442663782,40
landmark-country,pcasub_icl10_cf_k0_zero,target1,0,zero,24,0.005970468278974295,0.0070277405265011215,170,0.0005546786123886704,0.013332782470634422,40
landmark-country,pcasub_icl10_cf_k0_zero,target1,0,zero,25,0.024087512865662575,0.016035670517826717,170,0.00539475167170167,0.034759728564525985,40
landmark-country,pcasub_icl10_cf_k0_zero,target1,0,zero,26,0.004683698061853647,0.0029225637901242906,170,0.006898949388414621,0.0058033819354485,40
landmark-country,pcasub_icl10_cf_k0_zero,target1,0,zero,27,0.0,0.0,170,0.0,0.0,40
landmark-country,pcasub_icl10_cf_k0_zero,final_cue,0,zero,0,-9.967935562133789,0.2155642253076188,170,-10.65213680267334,0.4438636184082561,40
landmark-country,pcasub_icl10_cf_k0_zero,final_cue,0,zero,1,-10.862835884094238,0.2125206336278383,170,-11.24960994720459,0.4509671821395587,40
landmark-country,pcasub_icl10_cf_k0_zero,final_cue,0,zero,2,-11.25829792022705,0.2333898768104202,170,-11.513177871704102,0.39645558526530283,40
landmark-country,pcasub_icl10_cf_k0_zero,final_cue,0,zero,3,-9.797355651855469,0.19101628559847736,170,-9.672154426574707,0.3898406537722822,40
landmark-country,pcasub_icl10_cf_k0_zero,final_cue,0,zero,4,-11.445551872253418,0.24650223553174125,170,-11.764997482299805,0.4454231174875254,40
landmark-country,pcasub_icl10_cf_k0_zero,final_cue,0,zero,5,-9.751886367797852,0.27938233318134625,170,-10.733930587768555,0.6714481735437701,40
landmark-country,pcasub_icl10_cf_k0_zero,final_cue,0,zero,6,-12.089207649230957,0.25439430743202773,170,-13.05463981628418,0.5086383017562255,40
landmark-country,pcasub_icl10_cf_k0_zero,final_cue,0,zero,7,-10.349104881286621,0.2159053116460666,170,-11.271507263183594,0.47594627175745186,40
landmark-country,pcasub_icl10_cf_k0_zero,final_cue,0,zero,8,-11.09886646270752,0.2422258104772676,170,-11.672911643981934,0.4869466040793431,40
landmark-country,pcasub_icl10_cf_k0_zero,final_cue,0,zero,9,-10.08158016204834,0.21363427970000623,170,-11.15119457244873,0.4854617456289736,40
landmark-country,pcasub_icl10_cf_k0_zero,final_cue,0,zero,10,-10.009063720703125,0.22633679721060349,170,-10.924344062805176,0.3894365765494659,40
landmark-country,pcasub_icl10_cf_k0_zero,final_cue,0,zero,11,-9.81712532043457,0.20775085579304395,170,-9.894946098327637,0.37645551565975716,40
landmark-country,pcasub_icl10_cf_k0_zero,final_cue,0,zero,12,-8.121899604797363,0.17273774794629854,170,-8.227469444274902,0.341550918776129,40
landmark-country,pcasub_icl10_cf_k0_zero,final_cue,0,zero,13,-5.99793004989624,0.1661936189741566,170,-5.447936058044434,0.3193860824460544,40
landmark-country,pcasub_icl10_cf_k0_zero,final_cue,0,zero,14,-4.767792701721191,0.14018208735024576,170,-4.634886741638184,0.26499296814585493,40
landmark-country,pcasub_icl10_cf_k0_zero,final_cue,0,zero,15,-5.7070465087890625,0.15612470564565376,170,-5.6112236976623535,0.29826789244986196,40
landmark-country,pcasub_icl10_cf_k0_zero,final_cue,0,zero,16,-6.16576623916626,0.18847043530788624,170,-5.632879734039307,0.3040940836002214,40
landmark-country,pcasub_icl10_cf_k0_zero,final_cue,0,zero,17,-3.3794641494750977,0.14415155664316073,170,-3.0040431022644043,0.31524397990956704,40
landmark-country,pcasub_icl10_cf_k0_zero,final_cue,0,zero,18,-3.547152280807495,0.14127426581069774,170,-2.9692986011505127,0.2944444827804041,40
landmark-country,pcasub_icl10_cf_k0_zero,final_cue,0,zero,19,-3.8084027767181396,0.1447473011541488,170,-3.4052906036376953,0.28690919086603367,40
landmark-country,pcasub_icl10_cf_k0_zero,final_cue,0,zero,20,-3.850322723388672,0.13288554967343905,170,-3.218402862548828,0.23566704202402275,40
landmark-country,pcasub_icl10_cf_k0_zero,final_cue,0,zero,21,-4.099153518676758,0.14773812895521857,170,-3.2826130390167236,0.26876333773204925,40
landmark-country,pcasub_icl10_cf_k0_zero,final_cue,0,zero,22,-4.245820999145508,0.1385557054752538,170,-3.683231830596924,0.27056093287805116,40
landmark-country,pcasub_icl10_cf_k0_zero,final_cue,0,zero,23,-3.3552098274230957,0.1396147590816824,170,-2.9036037921905518,0.29163032373580383,40
landmark-country,pcasub_icl10_cf_k0_zero,final_cue,0,zero,24,-4.02788782119751,0.1366315473455868,170,-3.5885207653045654,0.319071950950791,40
landmark-country,pcasub_icl10_cf_k0_zero,final_cue,0,zero,25,-2.662137269973755,0.14453805594046423,170,-2.1040122509002686,0.2538668588248102,40
landmark-country,pcasub_icl10_cf_k0_zero,final_cue,0,zero,26,-5.785250186920166,0.12871832783631437,170,-5.514094829559326,0.2920360407906187,40
landmark-country,pcasub_icl10_cf_k0_zero,final_cue,0,zero,27,-0.4932815432548523,0.1670428330761163,170,-0.22103646397590637,0.3273523862950334,40
landmark-country,pcasub_icl10_cf_k0_mean,cue1,0,mean,0,0.07245714962482452,0.011513531367116536,170,0.08023093640804291,0.021048829343598374,40
landmark-country,pcasub_icl10_cf_k0_mean,cue1,0,mean,1,0.07311542332172394,0.011676851617577406,170,0.08086676895618439,0.02114320450241175,40
landmark-country,pcasub_icl10_cf_k0_mean,cue1,0,mean,2,0.06410865485668182,0.011537615001150307,170,0.07377705723047256,0.02069122109564918,40
landmark-country,pcasub_icl10_cf_k0_mean,cue1,0,mean,3,0.06809338182210922,0.011749092233876681,170,0.07769575715065002,0.020968307937876237,40
landmark-country,pcasub_icl10_cf_k0_mean,cue1,0,mean,4,0.07042795419692993,0.011211367646439718,170,0.07983583211898804,0.020523086482027247,40
landmark-country,pcasub_icl10_cf_k0_mean,cue1,0,mean,5,0.11293204873800278,0.010332367004650728,170,0.11703379452228546,0.02458201702227756,40
landmark-country,pcasub_icl10_cf_k0_mean,cue1,0,mean,6,0.08985350281000137,0.008345287195329048,170,0.09563369303941727,0.017714959003398697,40
landmark-country,pcasub_icl10_cf_k0_mean,cue1,0,mean,7,0.07792992144823074,0.006141747825061459,170,0.07401832193136215,0.011281380913407909,40
landmark-country,pcasub_icl10_cf_k0_mean,cue1,0,mean,8,0.0704779401421547,0.005291044567540307,170,0.06801535189151764,0.009902700406904595,40
landmark-country,pcasub_icl10_cf_k0_mean,cue1,0,mean,9,0.06812914460897446,0.0052622511790409564,170,0.05872919410467148,0.011657464366266109,40
landmark-country,pcasub_icl10_cf_k0_mean,cue1,0,mean,10,0.039796940982341766,0.0029215803531629633,170,0.032474786043167114,0.006982865852595762,40
landmark-country,pcasub_icl10_cf_k0_mean,cue1,0,mean,11,0.003277089912444353,0.0015720628401567423,170,0.003743401262909174,0.0034765501550667447,40
landmark-country,pcasub_icl10_cf_k0_mean,cue1,0,mean,12,0.004137046169489622,0.0012596251746879719,170,0.004473359789699316,0.0027621900944147255,40
landmark-country,pcasub_icl10_cf_k0_mean,cue1,0,mean,13,-0.001089746248908341,0.0010516014714243539,170,-0.0010049149859696627,0.0024251156766744446,40
landmark-country,pcasub_icl10_cf_k0_mean,cue1,0,mean,14,-0.0020582000724971294,0.0010758666070065507,170,-0.0005261063342913985,0.002172265981370709,40
landmark-country,pcasub_icl10_cf_k0_mean,cue1,0,mean,15,-0.0006526762736029923,0.00090019096542506,170,0.0007797196740284562,0.0016009273672521228,40
landmark-country,pcasub_icl10_cf_k0_mean,cue1,0,mean,16,-0.0007215752848424017,0.0007691952764458326,170,0.0004562990798149258,0.0015335684995169483,40
landmark-country,pcasub_icl10_cf_k0_mean,cue1,0,mean,17,0.00015717968926765025,0.0007685481280677363,170,0.0012426531175151467,0.0013709690551652815,40
landmark-country,pcasub_icl10_cf_k0_mean,cue1,0,mean,18,-0.00038955151103436947,0.0007789275023305582,170,0.0006461761659011245,0.0014589102000137817,40
landmark-country,pcasub_icl10_cf_k0_mean,cue1,0,mean,19,-0.0005101645947434008,0.0007487196731929009,170,0.0007008591783232987,0.0012645580065888066,40
landmark-country,pcasub_icl10_cf_k0_mean,cue1,0,mean,20,-0.00010497902985662222,0.0007635810856928954,170,0.0006042115273885429,0.001639704622955016,40
landmark-country,pcasub_icl10_cf_k0_mean,cue1,0,mean,21,-0.0002673865237738937,0.0006946944265783345,170,0.00025177522911690176,0.0013761681884602683,40
landmark-country,pcasub_icl10_cf_k0_mean,cue1,0,mean,22,-0.003400388639420271,0.0006790537931449347,170,-0.0019161759410053492,0.001089821213759331,40
landmark-country,pcasub_icl10_cf_k0_mean,cue1,0,mean,23,-0.008223669603466988,0.0007320966028067044,170,-0.006388661451637745,0.0011168713734941115,40
landmark-country,pcasub_icl10_cf_k0_mean,cue1,0,mean,24,-0.002083779079839587,0.0006360032830152027,170,-0.001260551274754107,0.0010220133654419371,40
landmark-country,pcasub_icl10_cf_k0_mean,cue1,0,mean,25,-0.006450589280575514,0.0009143402289924255,170,-0.005644970573484898,0.0015611577599114548,40
landmark-country,pcasub_icl10_cf_k0_mean,cue1,0,mean,26,-0.0059778024442493916,0.0005287111891132708,170,-0.005547449924051762,0.0010653517720283824,40
landmark-country,pcasub_icl10_cf_k0_mean,cue1,0,mean,27,0.0,0.0,170,0.0,0.0,40
landmark-country,pcasub_icl10_cf_k0_mean,target1,0,mean,0,-0.01928935945034027,0.010802535587182352,170,-0.032907597720623016,0.025581197759259017,40
landmark-country,pcasub_icl10_cf_k0_mean,target1,0,mean,1,-0.0214748065918684,0.009050900643631189,170,-0.026745105162262917,0.020967521007003366,40
landmark-country,pcasub_icl10_cf_k0_mean,target1,0,mean,2,-0.026065675541758537,0.008696097045301525,170,-0.03400919586420059,0.020231403721364775,40
landmark-country,pcasub_icl10_cf_k0_mean,target1,0,mean,3,-0.041468724608421326,0.009287455233154697,170,-0.04932575300335884,0.021660491391220216,40
landmark-country,pcasub_icl10_cf_k0_mean,target1,0,mean,4,-0.05461646988987923,0.008559487879861168,170,-0.06911321729421616,0.018820843090188413,40
landmark-country,pcasub_icl10_cf_k0_mean,target1,0,mean,5,-0.05979131907224655,0.007507928051649223,170,-0.07123582065105438,0.01714056897057734,40
landmark-country,pcasub_icl10_cf_k0_mean,target1,0,mean,6,-0.07685302197933197,0.007882963822583635,170,-0.08272655308246613,0.018095907762402035,40
landmark-country,pcasub_icl10_cf_k0_mean,target1,0,mean,7,-0.060948774218559265,0.006866380292761549,170,-0.05913820117712021,0.014788128657190857,40
landmark-country,pcasub_icl10_cf_k0_mean,target1,0,mean,8,-0.05563431233167648,0.0060027254961767754,170,-0.05237361043691635,0.013051457039663972,40
landmark-country,pcasub_icl10_cf_k0_mean,target1,0,mean,9,-0.060398492962121964,0.006226821122267496,170,-0.06018416956067085,0.012599991970602093,40
landmark-country,pcasub_icl10_cf_k0_mean,target1,0,mean,10,-0.02295439876616001,0.004690464015294997,170,-0.023489009588956833,0.009896236500168914,40
landmark-country,pcasub_icl10_cf_k0_mean,target1,0,mean,11,-0.0308135487139225,0.005094353746674081,170,-0.02734954282641411,0.010269482054115821,40
landmark-country,pcasub_icl10_cf_k0_mean,target1,0,mean,12,-0.03266715258359909,0.005359057719202799,170,-0.03087800368666649,0.01113276524833774,40
landmark-country,pcasub_icl10_cf_k0_mean,target1,0,mean,13,0.035704322159290314,0.0036511768632123,170,0.028948863968253136,0.008084324631265814,40
landmark-country,pcasub_icl10_cf_k0_mean,target1,0,mean,14,0.005622379016131163,0.0032328210084197977,170,-0.007396356668323278,0.007506277961574117,40
landmark-country,pcasub_icl10_cf_k0_mean,target1,0,mean,15,0.015710651874542236,0.003441179928828935,170,0.0030986338388174772,0.008175528505783134,40
landmark-country,pcasub_icl10_cf_k0_mean,target1,0,mean,16,-0.0005682301707565784,0.0022168421980424107,170,-0.012343989685177803,0.00421853231398465,40
landmark-country,pcasub_icl10_cf_k0_mean,target1,0,mean,17,-0.013699864037334919,0.0028873323467005947,170,-0.02504632994532585,0.00658319685631582,40
landmark-country,pcasub_icl10_cf_k0_mean,target1,0,mean,18,0.013508250936865807,0.0021911602646589403,170,0.0014199580764397979,0.002888708964402358,40
landmark-country,pcasub_icl10_cf_k0_mean,target1,0,mean,19,0.008193795569241047,0.001852501518349981,170,-0.002835361985489726,0.0031391008260236333,40
landmark-country,pcasub_icl10_cf_k0_mean,target1,0,mean,20,0.001988119212910533,0.0018227721218653577,170,-0.006451892666518688,0.004145888757782868,40
landmark-country,pcasub_icl10_cf_k0_mean,target1,0,mean,21,0.002441400894895196,0.002187556091053865,170,-0.007872598245739937,0.004844913974265932,40
landmark-country,pcasub_icl10_cf_k0_mean,target1,0,mean,22,-0.002547110430896282,0.0009661566710489487,170,-0.0050991130992770195,0.0018447204365315125,40
landmark-country,pcasub_icl10_cf_k0_mean,target1,0,mean,23,-0.0022256316151469946,0.0008806436558058744,170,-0.004752983804792166,0.001832109663136736,40
landmark-country,pcasub_icl10_cf_k0_mean,target1,0,mean,24,-0.000970319437328726,0.000734946627120837,170,-0.003083545248955488,0.0009345108196961395,40
landmark-country,pcasub_icl10_cf_k0_mean,target1,0,mean,25,-0.00026975959190167487,0.0007624514331984592,170,-0.0024868231266736984,0.0009324778167712071,40
landmark-country,pcasub_icl10_cf_k0_mean,target1,0,mean,26,-7.601275137858465e-05,0.00016588045087388492,170,-0.0007865939405746758,0.0003562519923219784,40
landmark-country,pcasub_icl10_cf_k0_mean,target1,0,mean,27,0.0,0.0,170,0.0,0.0,40
landmark-country,pcasub_icl10_cf_k0_mean,final_cue,0,mean,0,0.01142933126538992,0.029130534232751464,170,0.04468701034784317,0.05669065558284119,40
landmark-country,pcasub_icl10_cf_k0_mean,final_cue,0,mean,1,0.010973406955599785,0.029096428798933982,170,0.044495463371276855,0.05678143536287612,40
landmark-country,pcasub_icl10_cf_k0_mean,final_cue,0,mean,2,0.015076973475515842,0.029088783019420583,170,0.04744522646069527,0.0565872707723576,40
landmark-country,pcasub_icl10_cf_k0_mean,final_cue,0,mean,3,0.01587073877453804,0.0290697131424459,170,0.04786569997668266,0.05619944108037756,40
landmark-country,pcasub_icl10_cf_k0_mean,final_cue,0,mean,4,0.016199538484215736,0.029019040710149154,170,0.049551237374544144,0.05622849155242093,40
landmark-country,pcasub_icl10_cf_k0_mean,final_cue,0,mean,5,0.02885974943637848,0.02897266317163587,170,0.05882899835705757,0.05591239979821675,40
landmark-country,pcasub_icl10_cf_k0_mean,final_cue,0,mean,6,0.04175897315144539,0.02865062842429246,170,0.07086382806301117,0.05537445479595522,40
landmark-country,pcasub_icl10_cf_k0_mean,final_cue,0,mean,7,0.02663262002170086,0.028822764749965046,170,0.060547132045030594,0.05497721963078808,40
landmark-country,pcasub_icl10_cf_k0_mean,final_cue,0,mean,8,0.007233970332890749,0.029580935789503746,170,0.04612862318754196,0.05886232562311113,40
landmark-country,pcasub_icl10_cf_k0_mean,final_cue,0,mean,9,-0.0036003098357468843,0.02865149928886484,170,0.05001110956072807,0.055378007765285425,40
landmark-country,pcasub_icl10_cf_k0_mean,final_cue,0,mean,10,-0.05958336219191551,0.02804252495072473,170,0.004764926619827747,0.05318701315310148,40
landmark-country,pcasub_icl10_cf_k0_mean,final_cue,0,mean,11,-0.11194083094596863,0.027241016398607824,170,-0.05223019793629646,0.04815632900847772,40
landmark-country,pcasub_icl10_cf_k0_mean,final_cue,0,mean,12,-0.149911031126976,0.028099005432571118,170,-0.07776254415512085,0.05502890732386896,40
landmark-country,pcasub_icl10_cf_k0_mean,final_cue,0,mean,13,-0.12853042781352997,0.027431802026238513,170,-0.055676959455013275,0.049632121261246026,40
landmark-country,pcasub_icl10_cf_k0_mean,final_cue,0,mean,14,-0.20398859679698944,0.02725459822876287,170,-0.12950757145881653,0.04957517008442265,40
landmark-country,pcasub_icl10_cf_k0_mean,final_cue,0,mean,15,-0.20466743409633636,0.027066105192119314,170,-0.1255159229040146,0.04901341924521659,40
landmark-country,pcasub_icl10_cf_k0_mean,final_cue,0,mean,16,-0.20130182802677155,0.027261837147662407,170,-0.12907762825489044,0.04770822135406806,40
landmark-country,pcasub_icl10_cf_k0_mean,final_cue,0,mean,17,-0.21444390714168549,0.02764272953998941,170,-0.14731499552726746,0.04764066310302415,40
landmark-country,pcasub_icl10_cf_k0_mean,final_cue,0,mean,18,-0.21734748780727386,0.027603236631638866,170,-0.14922355115413666,0.04758339149925853,40
landmark-country,pcasub_icl10_cf_k0_mean,final_cue,0,mean,19,-0.2198539674282074,0.027421557367410688,170,-0.15112626552581787,0.04770625638296634,40
landmark-country,pcasub_icl10_cf_k0_mean,final_cue,0,mean,20,-0.2335561364889145,0.027788250781460484,170,-0.16459186375141144,0.04632082452791151,40
landmark-country,pcasub_icl10_cf_k0_mean,final_cue,0,mean,21,-0.21411944925785065,0.0284010308663539,170,-0.14763584733009338,0.04760423809914821,40
landmark-country,pcasub_icl10_cf_k0_mean,final_cue,0,mean,22,-0.23295055329799652,0.026848750194962828,170,-0.17029200494289398,0.044449583018963,40
landmark-country,pcasub_icl10_cf_k0_mean,final_cue,0,mean,23,-0.1547427475452423,0.027879878991730663,170,-0.09282664209604263,0.05364614726405315,40
landmark-country,pcasub_icl10_cf_k0_mean,final_cue,0,mean,24,-0.16180570423603058,0.028129881124549307,170,-0.0990615040063858,0.05149442380093805,40
landmark-country,pcasub_icl10_cf_k0_mean,final_cue,0,mean,25,-0.09857957810163498,0.03623329197066812,170,-0.02779625914990902,0.07189903242106971,40
landmark-country,pcasub_icl10_cf_k0_mean,final_cue,0,mean,26,0.08721164613962173,0.030630288741745528,170,0.11052284389734268,0.06939886350690538,40
landmark-country,pcasub_icl10_cf_k0_mean,final_cue,0,mean,27,0.3278367817401886,0.038992771512344926,170,0.323279470205307,0.08627335206511377,40
landmark-country,pcasub_icl10_cf_k2_zero,cue1,2,zero,0,-6.022201061248779,0.1543044569738879,170,-6.2957048416137695,0.29122997854443256,40
landmark-country,pcasub_icl10_cf_k2_zero,cue1,2,zero,1,-3.122434377670288,0.09794969048571753,170,-3.367128849029541,0.2526085233739652,40
landmark-country,pcasub_icl10_cf_k2_zero,cue1,2,zero,2,-2.9106264114379883,0.10748377868009064,170,-3.1458523273468018,0.24611680546456013,40
landmark-country,pcasub_icl10_cf_k2_zero,cue1,2,zero,3,-2.4210610389709473,0.09624550223265793,170,-2.4087095260620117,0.2243491100564344,40
landmark-country,pcasub_icl10_cf_k2_zero,cue1,2,zero,4,-1.931882381439209,0.0822432067762499,170,-1.9369663000106812,0.1799543718783656,40
landmark-country,pcasub_icl10_cf_k2_zero,cue1,2,zero,5,-1.3502978086471558,0.06299545856982597,170,-1.257947564125061,0.11356729073269088,40
landmark-country,pcasub_icl10_cf_k2_zero,cue1,2,zero,6,-0.6428437232971191,0.04509200983189207,170,-0.6074783205986023,0.08224077899694368,40
landmark-country,pcasub_icl10_cf_k2_zero,cue1,2,zero,7,-0.9597302675247192,0.04348269324534468,170,-0.8529766201972961,0.0797086522074512,40
landmark-country,pcasub_icl10_cf_k2_zero,cue1,2,zero,8,-0.6804972290992737,0.03088617663906253,170,-0.6070600748062134,0.060382732615426316,40
landmark-country,pcasub_icl10_cf_k2_zero,cue1,2,zero,9,-0.4769643545150757,0.02513734359460778,170,-0.36888447403907776,0.03807207610974463,40
landmark-country,pcasub_icl10_cf_k2_zero,cue1,2,zero,10,-0.2677817940711975,0.016488099520446976,170,-0.20564904808998108,0.0361223841897963,40
landmark-country,pcasub_icl10_cf_k2_zero,cue1,2,zero,11,-0.047415830194950104,0.0077191058532496614,170,-0.01681414619088173,0.012346172600934988,40
landmark-country,pcasub_icl10_cf_k2_zero,cue1,2,zero,12,-0.04508988559246063,0.007500305129473679,170,-0.03629722446203232,0.01729839691023709,40
landmark-country,pcasub_icl10_cf_k2_zero,cue1,2,zero,13,-0.01575099490582943,0.00738294984257776,170,-0.00345306983217597,0.013299099944411233,40
landmark-country,pcasub_icl10_cf_k2_zero,cue1,2,zero,14,-0.0024448127951472998,0.00501623022304368,170,-0.0039010874461382627,0.010935475317092078,40
landmark-country,pcasub_icl10_cf_k2_zero,cue1,2,zero,15,0.014766058884561062,0.004956237711235456,170,0.013601154088973999,0.007182451784247447,40
landmark-country,pcasub_icl10_cf_k2_zero,cue1,2,zero,16,0.03641218692064285,0.005025720018288752,170,0.03716357797384262,0.00931766972571618,40
landmark-country,pcasub_icl10_cf_k2_zero,cue1,2,zero,17,0.014985259622335434,0.005562263452791917,170,0.019708385691046715,0.010539283895567691,40
landmark-country,pcasub_icl10_cf_k2_zero,cue1,2,zero,18,0.032821644097566605,0.005091601723196014,170,0.03825593739748001,0.0085856284592694,40
landmark-country,pcasub_icl10_cf_k2_zero,cue1,2,zero,19,0.004570689983665943,0.004402798132587875,170,0.013545420952141285,0.00872103475925351,40
landmark-country,pcasub_icl10_cf_k2_zero,cue1,2,zero,20,0.03472999855875969,0.003892470636023881,170,0.03733059763908386,0.009045954746932663,40
landmark-country,pcasub_icl10_cf_k2_zero,cue1,2,zero,21,0.04018373414874077,0.005103427538370143,170,0.039338648319244385,0.011726339666285867,40
landmark-country,pcasub_icl10_cf_k2_zero,cue1,2,zero,22,0.014945508912205696,0.005097617203086715,170,0.013406750746071339,0.010087011868949053,40
landmark-country,pcasub_icl10_cf_k2_zero,cue1,2,zero,23,-0.05971604958176613,0.005228318889557748,170,-0.04793673753738403,0.01036454047626193,40
landmark-country,pcasub_icl10_cf_k2_zero,cue1,2,zero,24,-0.008901207707822323,0.004519318555218542,170,0.003652069717645645,0.007658545551353711,40
landmark-country,pcasub_icl10_cf_k2_zero,cue1,2,zero,25,-0.1539582461118698,0.010556805490809314,170,-0.1381501406431198,0.019947960174062862,40
landmark-country,pcasub_icl10_cf_k2_zero,cue1,2,zero,26,-0.029728535562753677,0.0035618303866937658,170,-0.031864799559116364,0.007533829377426271,40
landmark-country,pcasub_icl10_cf_k2_zero,cue1,2,zero,27,0.0,0.0,170,0.0,0.0,40
landmark-country,pcasub_icl10_cf_k2_zero,target1,2,zero,0,-4.806661605834961,0.10662178275480089,170,-5.018082618713379,0.20296553115748736,40
landmark-country,pcasub_icl10_cf_k2_zero,target1,2,zero,1,-3.461718797683716,0.09137009606815558,170,-3.564209461212158,0.18298949357261018,40
landmark-country,pcasub_icl10_cf_k2_zero,target1,2,zero,2,-2.975025177001953,0.10050060596237792,170,-2.9496374130249023,0.19645513424221372,40
landmark-country,pcasub_icl10_cf_k2_zero,target1,2,zero,3,-0.9044402837753296,0.05410655530822714,170,-0.8957498669624329,0.12007469071362235,40
landmark-country,pcasub_icl10_cf_k2_zero,target1,2,zero,4,-1.2921558618545532,0.07197718548046494,170,-1.3729397058486938,0.1726861463960357,40
landmark-country,pcasub_icl10_cf_k2_zero,target1,2,zero,5,-1.0905567407608032,0.05579942460757959,170,-1.1289676427841187,0.14372668502859315,40
landmark-country,pcasub_icl10_cf_k2_zero,target1,2,zero,6,-0.52881920337677,0.039943024190570844,170,-0.5093091726303101,0.10296695490226321,40
landmark-country,pcasub_icl10_cf_k2_zero,target1,2,zero,7,-0.602809488773346,0.0381300487237113,170,-0.5747682452201843,0.08413689600336452,40
landmark-country,pcasub_icl10_cf_k2_zero,target1,2,zero,8,-0.42364197969436646,0.030658917557412305,170,-0.4691338539123535,0.07808707040812173,40
landmark-country,pcasub_icl10_cf_k2_zero,target1,2,zero,9,-0.22948725521564484,0.029564885366860066,170,-0.2364482432603836,0.06842155662089315,40
landmark-country,pcasub_icl10_cf_k2_zero,target1,2,zero,10,-0.264473021030426,0.025331530394111693,170,-0.2696738839149475,0.05995128716201346,40
landmark-country,pcasub_icl10_cf_k2_zero,target1,2,zero,11,-0.3499313294887543,0.026559179724578715,170,-0.3598502278327942,0.06586245742232098,40
landmark-country,pcasub_icl10_cf_k2_zero,target1,2,zero,12,0.010415269061923027,0.02351125200780661,170,-0.016926893964409828,0.06236495022609311,40
landmark-country,pcasub_icl10_cf_k2_zero,target1,2,zero,13,-0.23741230368614197,0.020771914352250016,170,-0.2478514164686203,0.05564946121913814,40
landmark-country,pcasub_icl10_cf_k2_zero,target1,2,zero,14,-0.15028415620326996,0.017536014746137512,170,-0.12130840122699738,0.0362972477692054,40
landmark-country,pcasub_icl10_cf_k2_zero,target1,2,zero,15,-0.2887851893901825,0.029861765613891075,170,-0.2665621340274811,0.08264974744279015,40
landmark-country,pcasub_icl10_cf_k2_zero,target1,2,zero,16,-0.14785327017307281,0.016494777291702106,170,-0.11902312934398651,0.03544119420786791,40
landmark-country,pcasub_icl10_cf_k2_zero,target1,2,zero,17,0.08686152845621109,0.014447974687158922,170,0.1051768884062767,0.028818244973049773,40
landmark-country,pcasub_icl10_cf_k2_zero,target1,2,zero,18,-0.15048848092556,0.01949944635371161,170,-0.10708872228860855,0.0375016808113393,40
landmark-country,pcasub_icl10_cf_k2_zero,target1,2,zero,19,-0.11378727853298187,0.015386348406900192,170,-0.05650431662797928,0.027901962926972265,40
landmark-country,pcasub_icl10_cf_k2_zero,target1,2,zero,20,0.029919739812612534,0.014504560312759455,170,0.03936063125729561,0.03770973920831684,40
landmark-country,pcasub_icl10_cf_k2_zero,target1,2,zero,21,0.2255713939666748,0.018469456995235983,170,0.18734686076641083,0.03796312859330042,40
landmark-country,pcasub_icl10_cf_k2_zero,target1,2,zero,22,-0.024855531752109528,0.013053326217702834,170,-0.033932723104953766,0.03275876833381824,40
landmark-country,pcasub_icl10_cf_k2_zero,target1,2,zero,23,0.03850039839744568,0.011017338562567022,170,0.03930317237973213,0.02451724130225419,40
landmark-country,pcasub_icl10_cf_k2_zero,target1,2,zero,24,0.003349865088239312,0.006837240615593655,170,-0.004131868947297335,0.014826255929197483,40
landmark-country,pcasub_icl10_cf_k2_zero,target1,2,zero,25,0.05166803300380707,0.012244109028393414,170,0.02756691537797451,0.024334539043162337,40
landmark-country,pcasub_icl10_cf_k2_zero,target1,2,zero,26,-0.0010565652046352625,0.002598253880513867,170,-0.00020752176351379603,0.005157463656012023,40
landmark-country,pcasub_icl10_cf_k2_zero,target1,2,zero,27,0.0,0.0,170,0.0,0.0,40
landmark-country,pcasub_icl10_cf_k2_zero,final_cue,2,zero,0,-9.995760917663574,0.21406103534074472,170,-10.661895751953125,0.4316542209900512,40
landmark-country,pcasub_icl10_cf_k2_zero,final_cue,2,zero,1,-10.825650215148926,0.22242513869659822,170,-11.594141006469727,0.4500530983165483,40
landmark-country,pcasub_icl10_cf_k2_zero,final_cue,2,zero,2,-11.213936805725098,0.23475542903165034,170,-11.483053207397461,0.38346472308089,40
landmark-country,pcasub_icl10_cf_k2_zero,final_cue,2,zero,3,-9.833582878112793,0.19729684203631453,170,-9.792943000793457,0.4242068203010746,40
landmark-country,pcasub_icl10_cf_k2_zero,final_cue,2,zero,4,-11.774825096130371,0.2578180074974467,170,-12.306628227233887,0.49972711540049297,40
landmark-country,pcasub_icl10_cf_k2_zero,final_cue,2,zero,5,-9.881875991821289,0.28194184301704117,170,-10.506643295288086,0.6243737990909135,40
landmark-country,pcasub_icl10_cf_k2_zero,final_cue,2,zero,6,-11.834575653076172,0.2624243645094936,170,-12.744735717773438,0.5242618670927087,40
landmark-country,pcasub_icl10_cf_k2_zero,final_cue,2,zero,7,-10.513473510742188,0.22595105677691685,170,-11.512627601623535,0.4772423421929073,40
landmark-country,pcasub_icl10_cf_k2_zero,final_cue,2,zero,8,-11.489762306213379,0.24025283821687168,170,-12.5096435546875,0.5022464251122957,40
landmark-country,pcasub_icl10_cf_k2_zero,final_cue,2,zero,9,-10.42374324798584,0.22420576188745397,170,-11.510942459106445,0.5066359349454844,40
landmark-country,pcasub_icl10_cf_k2_zero,final_cue,2,zero,10,-10.08213996887207,0.23738755205825157,170,-11.213849067687988,0.42770328139757924,40
landmark-country,pcasub_icl10_cf_k2_zero,final_cue,2,zero,11,-10.018875122070312,0.21342916709300633,170,-10.163774490356445,0.3834742227972955,40
landmark-country,pcasub_icl10_cf_k2_zero,final_cue,2,zero,12,-8.439723014831543,0.18530485858742674,170,-8.542341232299805,0.36876406273265083,40
landmark-country,pcasub_icl10_cf_k2_zero,final_cue,2,zero,13,-5.890811443328857,0.16668929406000363,170,-5.392164707183838,0.31920864131462456,40
landmark-country,pcasub_icl10_cf_k2_zero,final_cue,2,zero,14,-4.639719009399414,0.14663975158473957,170,-4.501961708068848,0.3053568861796142,40
landmark-country,pcasub_icl10_cf_k2_zero,final_cue,2,zero,15,-5.42256498336792,0.166878461388114,170,-5.267951011657715,0.32987233686072054,40
landmark-country,pcasub_icl10_cf_k2_zero,final_cue,2,zero,16,-5.680034160614014,0.19021540105168397,170,-5.159918308258057,0.3404607886213196,40
landmark-country,pcasub_icl10_cf_k2_zero,final_cue,2,zero,17,-3.1114330291748047,0.16542533813408344,170,-2.9160144329071045,0.3977887875287715,40
landmark-country,pcasub_icl10_cf_k2_zero,final_cue,2,zero,18,-3.340092658996582,0.15078560638243488,170,-2.965068817138672,0.3406997140283734,40
landmark-country,pcasub_icl10_cf_k2_zero,final_cue,2,zero,19,-3.3581342697143555,0.14497509738323866,170,-3.089989185333252,0.2866524534907197,40
landmark-country,pcasub_icl10_cf_k2_zero,final_cue,2,zero,20,-3.5984978675842285,0.13770230390899854,170,-3.164506435394287,0.23742356597548614,40
landmark-country,pcasub_icl10_cf_k2_zero,final_cue,2,zero,21,-3.745931386947632,0.15475712369282188,170,-3.1103415489196777,0.2927315368930862,40
landmark-country,pcasub_icl10_cf_k2_zero,final_cue,2,zero,22,-3.5208675861358643,0.13691794978894384,170,-3.1065049171447754,0.27175740708039897,40
landmark-country,pcasub_icl10_cf_k2_zero,final_cue,2,zero,23,-2.6987197399139404,0.14641109591974624,170,-2.366711139678955,0.3061159587571521,40
landmark-country,pcasub_icl10_cf_k2_zero,final_cue,2,zero,24,-3.6409480571746826,0.14984171718706854,170,-3.2247650623321533,0.3554755804648222,40
landmark-country,pcasub_icl10_cf_k2_zero,final_cue,2,zero,25,-2.23393177986145,0.14326055018466197,170,-1.7810548543930054,0.2514744004848498,40
landmark-country,pcasub_icl10_cf_k2_zero,final_cue,2,zero,26,-5.9479899406433105,0.15305251486474572,170,-5.65390157699585,0.34916215187581173,40
landmark-country,pcasub_icl10_cf_k2_zero,final_cue,2,zero,27,-0.455175518989563,0.17683840921558158,170,-0.21145519614219666,0.32723416760198815,40
landmark-country,pcasub_icl10_cf_k2_mean,cue1,2,mean,0,0.07678861916065216,0.011473464739585765,170,0.0885581225156784,0.018473064409908712,40
landmark-country,pcasub_icl10_cf_k2_mean,cue1,2,mean,1,0.07549966126680374,0.011721619999505505,170,0.08461647480726242,0.01962740835955227,40
landmark-country,pcasub_icl10_cf_k2_mean,cue1,2,mean,2,0.068784199655056,0.011517069683016908,170,0.07852815091609955,0.019375663518728166,40
landmark-country,pcasub_icl10_cf_k2_mean,cue1,2,mean,3,0.0714772567152977,0.011669396696835116,170,0.0823177918791771,0.019554513586271687,40
landmark-country,pcasub_icl10_cf_k2_mean,cue1,2,mean,4,0.07391058653593063,0.011112871949010191,170,0.08527417480945587,0.019339092437863845,40
landmark-country,pcasub_icl10_cf_k2_mean,cue1,2,mean,5,0.11156046390533447,0.010453748611610282,170,0.11761131137609482,0.0244554460240098,40
landmark-country,pcasub_icl10_cf_k2_mean,cue1,2,mean,6,0.09145346283912659,0.008627342173025548,170,0.09748492389917374,0.01839878897347992,40
landmark-country,pcasub_icl10_cf_k2_mean,cue1,2,mean,7,0.07833888381719589,0.006218309049649286,170,0.0754580944776535,0.011705273950913628,40
landmark-country,pcasub_icl10_cf_k2_mean,cue1,2,mean,8,0.0704738050699234,0.005295400033269093,170,0.0677788108587265,0.010119680102535203,40
landmark-country,pcasub_icl10_cf_k2_mean,cue1,2,mean,9,0.06898991018533707,0.0054334469252606985,170,0.059389628469944,0.0123709656355913,40
landmark-country,pcasub_icl10_cf_k2_mean,cue1,2,mean,10,0.03640211001038551,0.002944985695695806,170,0.030516784638166428,0.006712103319337268,40
landmark-country,pcasub_icl10_cf_k2_mean,cue1,2,mean,11,-0.001342866919003427,0.001714778629122508,170,-0.00020001288794446737,0.0032856181069361693,40
landmark-country,pcasub_icl10_cf_k2_mean,cue1,2,mean,12,-0.00013092273729853332,0.0013869414037055554,170,0.0012442485895007849,0.0027187972770952107,40
landmark-country,pcasub_icl10_cf_k2_mean,cue1,2,mean,13,-0.005368530284613371,0.0012869072645798432,170,-0.004708399064838886,0.0023634862075922664,40
landmark-country,pcasub_icl10_cf_k2_mean,cue1,2,mean,14,-0.005774139426648617,0.0013204574079457433,170,-0.0035494514741003513,0.00243131305180835,40
landmark-country,pcasub_icl10_cf_k2_mean,cue1,2,mean,15,-0.004818345420062542,0.0011253561720691594,170,-0.0029682184103876352,0.0019185483649283707,40
landmark-country,pcasub_icl10_cf_k2_mean,cue1,2,mean,16,-0.004399612545967102,0.000976542545367224,170,-0.0015924607869237661,0.0015816167845658373,40
landmark-country,pcasub_icl10_cf_k2_mean,cue1,2,mean,17,-0.003459560452029109,0.0010022413360373645,170,-0.0011950626503676176,0.0016705918069701792,40
landmark-country,pcasub_icl10_cf_k2_mean,cue1,2,mean,18,-0.0037863296456635,0.0010223046500586876,170,-0.0011129708727821708,0.0016940897336499008,40
landmark-country,pcasub_icl10_cf_k2_mean,cue1,2,mean,19,-0.0037606200203299522,0.0009482028035951683,170,-0.0013213232159614563,0.00153543466249447,40
landmark-country,pcasub_icl10_cf_k2_mean,cue1,2,mean,20,-0.002801288152113557,0.0009229413023699181,170,-0.0006293963524512947,0.0016612455303045659,40
landmark-country,pcasub_icl10_cf_k2_mean,cue1,2,mean,21,-0.004141727928072214,0.0008955134255200232,170,-0.0021322709508240223,0.0016536486433787899,40
landmark-country,pcasub_icl10_cf_k2_mean,cue1,2,mean,22,-0.006996917072683573,0.0008514354780535876,170,-0.0057108341716229916,0.0014443206135445997,40
landmark-country,pcasub_icl10_cf_k2_mean,cue1,2,mean,23,-0.012973206117749214,0.0008369511401990642,170,-0.010341252200305462,0.0013402065961593474,40
landmark-country,pcasub_icl10_cf_k2_mean,cue1,2,mean,24,-0.0035772593691945076,0.000753119710730509,170,-0.0025751604698598385,0.0010738635544468864,40
landmark-country,pcasub_icl10_cf_k2_mean,cue1,2,mean,25,-0.009336271323263645,0.0011237243724336618,170,-0.007707072887569666,0.0018285742171549383,40
landmark-country,pcasub_icl10_cf_k2_mean,cue1,2,mean,26,-0.005961538292467594,0.0005624131909175631,170,-0.005878050811588764,0.0012920059021558513,40
landmark-country,pcasub_icl10_cf_k2_mean,cue1,2,mean,27,0.0,0.0,170,0.0,0.0,40
landmark-country,pcasub_icl10_cf_k2_mean,target1,2,mean,0,-0.08845297247171402,0.010830398682030893,170,-0.08641229569911957,0.02508592608624724,40
landmark-country,pcasub_icl10_cf_k2_mean,target1,2,mean,1,-0.09283068031072617,0.009710733129938132,170,-0.08397965133190155,0.021001662968915806,40
landmark-country,pcasub_icl10_cf_k2_mean,target1,2,mean,2,-0.0962754562497139,0.00884499317270729,170,-0.09314876794815063,0.019537190504706495,40
landmark-country,pcasub_icl10_cf_k2_mean,target1,2,mean,3,-0.10171838849782944,0.009144008866527654,170,-0.10112440586090088,0.02085727293414651,40
landmark-country,pcasub_icl10_cf_k2_mean,target1,2,mean,4,-0.0974956527352333,0.008442792027162443,170,-0.10767513513565063,0.018204428828283402,40
landmark-country,pcasub_icl10_cf_k2_mean,target1,2,mean,5,-0.10256607085466385,0.007833442257248024,170,-0.1108103021979332,0.01699623548173903,40
landmark-country,pcasub_icl10_cf_k2_mean,target1,2,mean,6,-0.1212608590722084,0.008346877494610497,170,-0.12175387144088745,0.017756487277546005,40
landmark-country,pcasub_icl10_cf_k2_mean,target1,2,mean,7,-0.11412385106086731,0.008056713304875528,170,-0.10814476013183594,0.015620822858830537,40
landmark-country,pcasub_icl10_cf_k2_mean,target1,2,mean,8,-0.108610600233078,0.007486509011776215,170,-0.10224747657775879,0.01458988215727937,40
landmark-country,pcasub_icl10_cf_k2_mean,target1,2,mean,9,-0.10484544932842255,0.007713484091003559,170,-0.10016655921936035,0.014355679513503023,40
landmark-country,pcasub_icl10_cf_k2_mean,target1,2,mean,10,-0.05613265931606293,0.005394895167796448,170,-0.054316628724336624,0.011224055119791765,40
landmark-country,pcasub_icl10_cf_k2_mean,target1,2,mean,11,-0.06994535028934479,0.005950548479615547,170,-0.0626915991306305,0.012089608397534672,40
landmark-country,pcasub_icl10_cf_k2_mean,target1,2,mean,12,-0.050600264221429825,0.0053749715692527796,170,-0.04835569113492966,0.011221390392794114,40
landmark-country,pcasub_icl10_cf_k2_mean,target1,2,mean,13,0.017522089183330536,0.003755348609065342,170,0.01136922650039196,0.009367870143008144,40
landmark-country,pcasub_icl10_cf_k2_mean,target1,2,mean,14,-0.009569927118718624,0.003811357944035138,170,-0.023364603519439697,0.010967916188914061,40
landmark-country,pcasub_icl10_cf_k2_mean,target1,2,mean,15,-0.0018291189335286617,0.00403613843311142,170,-0.015970557928085327,0.012257221139335224,40
landmark-country,pcasub_icl10_cf_k2_mean,target1,2,mean,16,-0.01785905659198761,0.0025244398222198125,170,-0.02990320883691311,0.007210563358228418,40
landmark-country,pcasub_icl10_cf_k2_mean,target1,2,mean,17,-0.030055079609155655,0.0032663090083983977,170,-0.042238034307956696,0.009108565229015415,40
landmark-country,pcasub_icl10_cf_k2_mean,target1,2,mean,18,0.0030834313947707415,0.0024632370143720227,170,-0.010178674943745136,0.0058489037659715986,40
landmark-country,pcasub_icl10_cf_k2_mean,target1,2,mean,19,-0.0022834809496998787,0.0018708922466735669,170,-0.013920629397034645,0.004663245445474893,40
landmark-country,pcasub_icl10_cf_k2_mean,target1,2,mean,20,-0.00718570314347744,0.001852652376779842,170,-0.01627938076853752,0.004826471459973278,40
landmark-country,pcasub_icl10_cf_k2_mean,target1,2,mean,21,-0.0061247567646205425,0.002121334526104332,170,-0.017107315361499786,0.005183394677529399,40
landmark-country,pcasub_icl10_cf_k2_mean,target1,2,mean,22,-0.009444896131753922,0.0010156129501133022,170,-0.010779760777950287,0.002392548901803003,40
landmark-country,pcasub_icl10_cf_k2_mean,target1,2,mean,23,-0.007446540053933859,0.0009068460222006923,170,-0.008775895461440086,0.0023205520896868587,40
landmark-country,pcasub_icl10_cf_k2_mean,target1,2,mean,24,-0.00411358755081892,0.0007082296849074975,170,-0.005578882992267609,0.0010188042366035298,40
landmark-country,pcasub_icl10_cf_k2_mean,target1,2,mean,25,-0.0022223612759262323,0.0007071030324386551,170,-0.003549861954525113,0.0009818022875255088,40
landmark-country,pcasub_icl10_cf_k2_mean,target1,2,mean,26,-0.00048509309999644756,0.00017220255838048835,170,-0.0010979250073432922,0.00039099401847598553,40
landmark-country,pcasub_icl10_cf_k2_mean,target1,2,mean,27,0.0,0.0,170,0.0,0.0,40
landmark-country,pcasub_icl10_cf_k2_mean,final_cue,2,mean,0,0.06807202845811844,0.030836167069563658,170,0.0777742937207222,0.06123215145419494,40
landmark-country,pcasub_icl10_cf_k2_mean,final_cue,2,mean,1,0.06769918650388718,0.030796070727493675,170,0.07679061591625214,0.061170177113835766,40
landmark-country,pcasub_icl10_cf_k2_mean,final_cue,2,mean,2,0.07446568459272385,0.030843609418770127,170,0.08187015354633331,0.06082344688935974,40
landmark-country,pcasub_icl10_cf_k2_mean,final_cue,2,mean,3,0.0742795467376709,0.030858160400050343,170,0.08245120197534561,0.060615371999818986,40
landmark-country,pcasub_icl10_cf_k2_mean,final_cue,2,mean,4,0.07320820540189743,0.03074317656195716,170,0.08205070346593857,0.06073053721259105,40
landmark-country,pcasub_icl10_cf_k2_mean,final_cue,2,mean,5,0.08851783722639084,0.03094585486247521,170,0.09514585882425308,0.06067440595176696,40
landmark-country,pcasub_icl10_cf_k2_mean,final_cue,2,mean,6,0.09845134615898132,0.030541682271540138,170,0.10517783463001251,0.060416598915925206,40
landmark-country,pcasub_icl10_cf_k2_mean,final_cue,2,mean,7,0.08493685722351074,0.030742150267487348,170,0.0961567759513855,0.06078690408146091,40
landmark-country,pcasub_icl10_cf_k2_mean,final_cue,2,mean,8,0.05680716037750244,0.03190952936949117,170,0.07541804015636444,0.06402541206513544,40
landmark-country,pcasub_icl10_cf_k2_mean,final_cue,2,mean,9,0.044176433235406876,0.03132559067350661,170,0.07580731064081192,0.062070077332490925,40
landmark-country,pcasub_icl10_cf_k2_mean,final_cue,2,mean,10,-0.012474301271140575,0.030044313456957846,170,0.0325140617787838,0.058256553776633524,40
landmark-country,pcasub_icl10_cf_k2_mean,final_cue,2,mean,11,-0.06573911756277084,0.029270290853614826,170,-0.027347061783075333,0.05271070792777414,40
landmark-country,pcasub_icl10_cf_k2_mean,final_cue,2,mean,12,-0.09828797727823257,0.029599283374602124,170,-0.048752643167972565,0.057702087938202654,40
landmark-country,pcasub_icl10_cf_k2_mean,final_cue,2,mean,13,-0.06480628997087479,0.02880740919039224,170,-0.01706351339817047,0.052205710354633006,40
landmark-country,pcasub_icl10_cf_k2_mean,final_cue,2,mean,14,-0.13691972196102142,0.02844719126015753,170,-0.08503524959087372,0.05208374549366004,40
landmark-country,pcasub_icl10_cf_k2_mean,final_cue,2,mean,15,-0.14241854846477509,0.028587178740133258,170,-0.08622000366449356,0.0524888264067513,40
landmark-country,pcasub_icl10_cf_k2_mean,final_cue,2,mean,16,-0.13168884813785553,0.028608136633214987,170,-0.08356828987598419,0.051040378823775,40
landmark-country,pcasub_icl10_cf_k2_mean,final_cue,2,mean,17,-0.14917640388011932,0.029019733287486242,170,-0.10562993586063385,0.050504087789994774,40
landmark-country,pcasub_icl10_cf_k2_mean,final_cue,2,mean,18,-0.1481804996728897,0.028749100121517237,170,-0.10871195793151855,0.05035504685240199,40
landmark-country,pcasub_icl10_cf_k2_mean,final_cue,2,mean,19,-0.16278168559074402,0.028566719137016826,170,-0.1184106096625328,0.05039839402066264,40
landmark-country,pcasub_icl10_cf_k2_mean,final_cue,2,mean,20,-0.17551694810390472,0.028528883385660966,170,-0.13185147941112518,0.048986550503677055,40
landmark-country,pcasub_icl10_cf_k2_mean,final_cue,2,mean,21,-0.1428402215242386,0.02948736927698323,170,-0.10023105144500732,0.05280381551530128,40
landmark-country,pcasub_icl10_cf_k2_mean,final_cue,2,mean,22,-0.1585116982460022,0.02793217658074909,170,-0.11547978222370148,0.04865903175925307,40
landmark-country,pcasub_icl10_cf_k2_mean,final_cue,2,mean,23,-0.08615181595087051,0.029717156380200522,170,-0.04387277364730835,0.0577957185755914,40
landmark-country,pcasub_icl10_cf_k2_mean,final_cue,2,mean,24,-0.11181074380874634,0.029893320168803635,170,-0.06982298195362091,0.05440183651005381,40
landmark-country,pcasub_icl10_cf_k2_mean,final_cue,2,mean,25,-0.05724746361374855,0.03833537618968706,170,-0.003312224056571722,0.07388045367654181,40
landmark-country,pcasub_icl10_cf_k2_mean,final_cue,2,mean,26,0.13534949719905853,0.03133427874762633,170,0.13793429732322693,0.07035939038789792,40
landmark-country,pcasub_icl10_cf_k2_mean,final_cue,2,mean,27,0.3537014126777649,0.03943213526064572,170,0.341940313577652,0.08458257218274184,40
landmark-country,pcasub_icl10_cf_k3_zero,cue1,3,zero,0,-5.655214786529541,0.150424643302986,170,-5.91150426864624,0.2992309827463925,40
landmark-country,pcasub_icl10_cf_k3_zero,cue1,3,zero,1,-3.05006742477417,0.09668839515392397,170,-3.2701663970947266,0.2514754183116075,40
landmark-country,pcasub_icl10_cf_k3_zero,cue1,3,zero,2,-2.970564603805542,0.10942406494735003,170,-3.2071480751037598,0.24904750567291972,40
landmark-country,pcasub_icl10_cf_k3_zero,cue1,3,zero,3,-2.4494614601135254,0.09813993668017477,170,-2.450684070587158,0.23351839088982446,40
landmark-country,pcasub_icl10_cf_k3_zero,cue1,3,zero,4,-1.948960304260254,0.0846526993321171,170,-1.9725583791732788,0.1864646933990646,40
landmark-country,pcasub_icl10_cf_k3_zero,cue1,3,zero,5,-1.3574455976486206,0.06252849230032821,170,-1.2813619375228882,0.1113108724783577,40
landmark-country,pcasub_icl10_cf_k3_zero,cue1,3,zero,6,-0.5502766370773315,0.04627556735763158,170,-0.5462945699691772,0.08469631432291747,40
landmark-country,pcasub_icl10_cf_k3_zero,cue1,3,zero,7,-0.903504490852356,0.042392119370010306,170,-0.790261447429657,0.07279950281119564,40
landmark-country,pcasub_icl10_cf_k3_zero,cue1,3,zero,8,-0.6817417740821838,0.030727366141360984,170,-0.602091908454895,0.060220016986857076,40
landmark-country,pcasub_icl10_cf_k3_zero,cue1,3,zero,9,-0.45484665036201477,0.02471515484997326,170,-0.34695327281951904,0.03719811162476776,40
landmark-country,pcasub_icl10_cf_k3_zero,cue1,3,zero,10,-0.2726115584373474,0.016887451498827862,170,-0.21154828369617462,0.03584726703083187,40
landmark-country,pcasub_icl10_cf_k3_zero,cue1,3,zero,11,-0.04934609308838844,0.007944936351283781,170,-0.016872122883796692,0.012745084117347783,40
landmark-country,pcasub_icl10_cf_k3_zero,cue1,3,zero,12,-0.048006001859903336,0.0076277867884740076,170,-0.034002985805273056,0.017719252960032843,40
landmark-country,pcasub_icl10_cf_k3_zero,cue1,3,zero,13,-0.020496563985943794,0.007369317154845978,170,-0.006066078785806894,0.0136050063627968,40
landmark-country,pcasub_icl10_cf_k3_zero,cue1,3,zero,14,-0.0077317869290709496,0.004893081743867725,170,-0.007121643517166376,0.011137724797701185,40
landmark-country,pcasub_icl10_cf_k3_zero,cue1,3,zero,15,0.014087403193116188,0.00478685198045732,170,0.012744830921292305,0.0073940177960063885,40
landmark-country,pcasub_icl10_cf_k3_zero,cue1,3,zero,16,0.035629574209451675,0.004772020425354902,170,0.0369420126080513,0.008961466879759999,40
landmark-country,pcasub_icl10_cf_k3_zero,cue1,3,zero,17,0.013289022259414196,0.005313611045773772,170,0.020189225673675537,0.010059420988749231,40
landmark-country,pcasub_icl10_cf_k3_zero,cue1,3,zero,18,0.03175010532140732,0.004804886705743773,170,0.03825000301003456,0.008215458179339896,40
landmark-country,pcasub_icl10_cf_k3_zero,cue1,3,zero,19,0.00570053281262517,0.0042260323388489335,170,0.0158997755497694,0.008517094201895893,40
landmark-country,pcasub_icl10_cf_k3_zero,cue1,3,zero,20,0.03099748119711876,0.003787972030239474,170,0.034513670951128006,0.00881069657911127,40
landmark-country,pcasub_icl10_cf_k3_zero,cue1,3,zero,21,0.03918973729014397,0.00480588785714194,170,0.03841693326830864,0.010933783651323454,40
landmark-country,pcasub_icl10_cf_k3_zero,cue1,3,zero,22,0.01419836189597845,0.004846445346003204,170,0.01467692106962204,0.009287204427357974,40
landmark-country,pcasub_icl10_cf_k3_zero,cue1,3,zero,23,-0.058746661990880966,0.004921283698750008,170,-0.04580271989107132,0.00953819178831493,40
landmark-country,pcasub_icl10_cf_k3_zero,cue1,3,zero,24,-0.006444164086133242,0.004509394470554173,170,0.006846135947853327,0.007542186983829825,40
landmark-country,pcasub_icl10_cf_k3_zero,cue1,3,zero,25,-0.15174950659275055,0.010631691843965618,170,-0.13760288059711456,0.01993153593719228,40
landmark-country,pcasub_icl10_cf_k3_zero,cue1,3,zero,26,-0.03178611025214195,0.003471914476745851,170,-0.03277713060379028,0.00742812559475219,40
landmark-country,pcasub_icl10_cf_k3_zero,cue1,3,zero,27,0.0,0.0,170,0.0,0.0,40
landmark-country,pcasub_icl10_cf_k3_zero,target1,3,zero,0,-4.753571510314941,0.106766076557229,170,-4.965381622314453,0.20288649879461448,40
landmark-country,pcasub_icl10_cf_k3_zero,target1,3,zero,1,-3.485017776489258,0.09432958188755486,170,-3.5790984630584717,0.18143327415733804,40
landmark-country,pcasub_icl10_cf_k3_zero,target1,3,zero,2,-2.9477133750915527,0.10416877897058775,170,-2.8435451984405518,0.19760135796055983,40
landmark-country,pcasub_icl10_cf_k3_zero,target1,3,zero,3,-0.7944186925888062,0.05400617045182367,170,-0.7182360887527466,0.11447048946398682,40
landmark-country,pcasub_icl10_cf_k3_zero,target1,3,zero,4,-1.1396540403366089,0.07072933940626686,170,-1.183178186416626,0.16197125793375494,40
landmark-country,pcasub_icl10_cf_k3_zero,target1,3,zero,5,-1.0407956838607788,0.05420070468286302,170,-1.0440843105316162,0.1329690761154535,40
landmark-country,pcasub_icl10_cf_k3_zero,target1,3,zero,6,-0.4472532868385315,0.03713141620417577,170,-0.42241352796554565,0.09487593900249754,40
landmark-country,pcasub_icl10_cf_k3_zero,target1,3,zero,7,-0.5802837014198303,0.036603759131198225,170,-0.5482715964317322,0.0790695041252099,40
landmark-country,pcasub_icl10_cf_k3_zero,target1,3,zero,8,-0.42677927017211914,0.030746216587892235,170,-0.47357940673828125,0.07800396202605704,40
landmark-country,pcasub_icl10_cf_k3_zero,target1,3,zero,9,-0.21827536821365356,0.0306052668139927,170,-0.23727455735206604,0.0700715527505424,40
landmark-country,pcasub_icl10_cf_k3_zero,target1,3,zero,10,-0.2693154215812683,0.025198710975288145,170,-0.2729033827781677,0.05920479605411964,40
landmark-country,pcasub_icl10_cf_k3_zero,target1,3,zero,11,-0.35072869062423706,0.028063464557936176,170,-0.36909425258636475,0.06831602777719305,40
landmark-country,pcasub_icl10_cf_k3_zero,target1,3,zero,12,0.02324923872947693,0.02364515257871083,170,-0.007795959711074829,0.06268358183503069,40
landmark-country,pcasub_icl10_cf_k3_zero,target1,3,zero,13,-0.2339574545621872,0.020711744696073398,170,-0.24253447353839874,0.055452851017104524,40
landmark-country,pcasub_icl10_cf_k3_zero,target1,3,zero,14,-0.14942523837089539,0.0171033036260202,170,-0.11313565075397491,0.03456735695123576,40
landmark-country,pcasub_icl10_cf_k3_zero,target1,3,zero,15,-0.2841062545776367,0.029183094681155257,170,-0.2560839056968689,0.07783805155238718,40
landmark-country,pcasub_icl10_cf_k3_zero,target1,3,zero,16,-0.1549675017595291,0.01667679598739747,170,-0.1256682127714157,0.035496121511578126,40
landmark-country,pcasub_icl10_cf_k3_zero,target1,3,zero,17,0.08804011344909668,0.014345917816491164,170,0.10621169954538345,0.02844177630103674,40
landmark-country,pcasub_icl10_cf_k3_zero,target1,3,zero,18,-0.14615605771541595,0.019271110691448285,170,-0.10467801243066788,0.037220873718069536,40
landmark-country,pcasub_icl10_cf_k3_zero,target1,3,zero,19,-0.10961512476205826,0.015128599922281574,170,-0.053722918033599854,0.027113674951758968,40
landmark-country,pcasub_icl10_cf_k3_zero,target1,3,zero,20,0.03429970517754555,0.014255221042738686,170,0.03989917039871216,0.03698835684986067,40
landmark-country,pcasub_icl10_cf_k3_zero,target1,3,zero,21,0.22827114164829254,0.018501913272127028,170,0.1891375631093979,0.03809794351708965,40
landmark-country,pcasub_icl10_cf_k3_zero,target1,3,zero,22,-0.02071351371705532,0.012710631865536734,170,-0.03015114739537239,0.031140727723416684,40
landmark-country,pcasub_icl10_cf_k3_zero,target1,3,zero,23,0.03862334415316582,0.011050449702187694,170,0.039432186633348465,0.02469315804962788,40
landmark-country,pcasub_icl10_cf_k3_zero,target1,3,zero,24,0.0025828296784311533,0.006874308360397494,170,-0.0050171962939202785,0.01489379297551727,40
landmark-country,pcasub_icl10_cf_k3_zero,target1,3,zero,25,0.050970207899808884,0.012255270266469331,170,0.026180481538176537,0.024344564165509824,40
landmark-country,pcasub_icl10_cf_k3_zero,target1,3,zero,26,-0.0011389608262106776,0.0026026824897237974,170,0.0002986490726470947,0.00516849423569483,40
landmark-country,pcasub_icl10_cf_k3_zero,target1,3,zero,27,0.0,0.0,170,0.0,0.0,40
landmark-country,pcasub_icl10_cf_k3_zero,final_cue,3,zero,0,-9.963691711425781,0.20800819284558114,170,-10.597646713256836,0.42307499694648587,40
landmark-country,pcasub_icl10_cf_k3_zero,final_cue,3,zero,1,-10.941499710083008,0.2167328752776075,170,-11.740445137023926,0.4289271238305236,40
landmark-country,pcasub_icl10_cf_k3_zero,final_cue,3,zero,2,-11.016663551330566,0.23023828878072963,170,-11.389729499816895,0.3967412930059246,40
landmark-country,pcasub_icl10_cf_k3_zero,final_cue,3,zero,3,-9.964622497558594,0.19902580764361186,170,-9.952316284179688,0.4320962216839145,40
landmark-country,pcasub_icl10_cf_k3_zero,final_cue,3,zero,4,-11.65244197845459,0.2625718400533515,170,-12.300016403198242,0.5323678016939325,40
landmark-country,pcasub_icl10_cf_k3_zero,final_cue,3,zero,5,-9.923033714294434,0.30372153968117116,170,-10.571565628051758,0.6892904504229416,40
landmark-country,pcasub_icl10_cf_k3_zero,final_cue,3,zero,6,-12.073699951171875,0.26386188991617004,170,-12.878735542297363,0.47486172080116634,40
landmark-country,pcasub_icl10_cf_k3_zero,final_cue,3,zero,7,-10.628242492675781,0.229597076453275,170,-11.586216926574707,0.46729926799127963,40
landmark-country,pcasub_icl10_cf_k3_zero,final_cue,3,zero,8,-11.49263858795166,0.2496278210538849,170,-12.478538513183594,0.5218078113852624,40
landmark-country,pcasub_icl10_cf_k3_zero,final_cue,3,zero,9,-10.412614822387695,0.22239571673130779,170,-11.406782150268555,0.5004825313411605,40
landmark-country,pcasub_icl10_cf_k3_zero,final_cue,3,zero,10,-10.06464958190918,0.23303008402666966,170,-11.02479076385498,0.42457723384631135,40
landmark-country,pcasub_icl10_cf_k3_zero,final_cue,3,zero,11,-9.678203582763672,0.22208118147651548,170,-9.674090385437012,0.36341892666582143,40
landmark-country,pcasub_icl10_cf_k3_zero,final_cue,3,zero,12,-8.433635711669922,0.19444876288163368,170,-8.38575267791748,0.4020039097108037,40
landmark-country,pcasub_icl10_cf_k3_zero,final_cue,3,zero,13,-5.770159721374512,0.1644177135378347,170,-5.355504512786865,0.3181642756666255,40
landmark-country,pcasub_icl10_cf_k3_zero,final_cue,3,zero,14,-4.8114237785339355,0.15003352682343524,170,-4.591902256011963,0.3286662875473927,40
landmark-country,pcasub_icl10_cf_k3_zero,final_cue,3,zero,15,-5.229143142700195,0.1620073981178046,170,-5.061710357666016,0.32802569754391125,40
landmark-country,pcasub_icl10_cf_k3_zero,final_cue,3,zero,16,-5.5655035972595215,0.1915648251353217,170,-5.131372928619385,0.3443042909449207,40
landmark-country,pcasub_icl10_cf_k3_zero,final_cue,3,zero,17,-3.1840271949768066,0.17466010491774234,170,-2.8943278789520264,0.40837765395953113,40
landmark-country,pcasub_icl10_cf_k3_zero,final_cue,3,zero,18,-3.2529942989349365,0.1490124895413316,170,-2.8735744953155518,0.3218656592170185,40
landmark-country,pcasub_icl10_cf_k3_zero,final_cue,3,zero,19,-3.5244126319885254,0.1494455355214485,170,-3.201556444168091,0.2861126094876093,40
landmark-country,pcasub_icl10_cf_k3_zero,final_cue,3,zero,20,-3.7286527156829834,0.1369115314484734,170,-3.2387518882751465,0.23615047203665415,40
landmark-country,pcasub_icl10_cf_k3_zero,final_cue,3,zero,21,-3.7816269397735596,0.15830928199700114,170,-3.0984702110290527,0.3045949109109524,40
landmark-country,pcasub_icl10_cf_k3_zero,final_cue,3,zero,22,-3.5148563385009766,0.13612154528037057,170,-3.0840003490448,0.27837480774573925,40
landmark-country,pcasub_icl10_cf_k3_zero,final_cue,3,zero,23,-2.7010581493377686,0.1522116665484419,170,-2.359189987182617,0.3156800809779643,40
landmark-country,pcasub_icl10_cf_k3_zero,final_cue,3,zero,24,-3.7557811737060547,0.15310220671724836,170,-3.27754282951355,0.3625276120043541,40
landmark-country,pcasub_icl10_cf_k3_zero,final_cue,3,zero,25,-2.5674779415130615,0.1529107262265468,170,-2.1072909832000732,0.2617538475812614,40
landmark-country,pcasub_icl10_cf_k3_zero,final_cue,3,zero,26,-5.954576015472412,0.1479008914866357,170,-5.618870735168457,0.3382073578770068,40
landmark-country,pcasub_icl10_cf_k3_zero,final_cue,3,zero,27,-0.5059506297111511,0.1812882208921086,170,-0.23800578713417053,0.34197885838182074,40
landmark-country,pcasub_icl10_cf_k3_mean,cue1,3,mean,0,0.08106768876314163,0.011678435631090944,170,0.09259101003408432,0.01969082697723201,40
landmark-country,pcasub_icl10_cf_k3_mean,cue1,3,mean,1,0.08021336048841476,0.011883641953176058,170,0.08845339715480804,0.02049361427158196,40
landmark-country,pcasub_icl10_cf_k3_mean,cue1,3,mean,2,0.07330009341239929,0.01166729953608667,170,0.0833313912153244,0.01997223251493802,40
landmark-country,pcasub_icl10_cf_k3_mean,cue1,3,mean,3,0.07608062773942947,0.011827091756449203,170,0.08604200184345245,0.020040704925199514,40
landmark-country,pcasub_icl10_cf_k3_mean,cue1,3,mean,4,0.07776393741369247,0.01120066926945542,170,0.08653895556926727,0.019662512780331678,40
landmark-country,pcasub_icl10_cf_k3_mean,cue1,3,mean,5,0.11429030448198318,0.010544917389389522,170,0.11904232203960419,0.024507661479113204,40
landmark-country,pcasub_icl10_cf_k3_mean,cue1,3,mean,6,0.09341055154800415,0.008675946016246171,170,0.09860949218273163,0.018267098212377594,40
landmark-country,pcasub_icl10_cf_k3_mean,cue1,3,mean,7,0.0784255787730217,0.006272383225252705,170,0.0754464790225029,0.011708497068979752,40
landmark-country,pcasub_icl10_cf_k3_mean,cue1,3,mean,8,0.07067430764436722,0.005359250863707697,170,0.06840336322784424,0.010295477867845784,40
landmark-country,pcasub_icl10_cf_k3_mean,cue1,3,mean,9,0.06947566568851471,0.005432913206421721,170,0.05989314988255501,0.012282700971444951,40
landmark-country,pcasub_icl10_cf_k3_mean,cue1,3,mean,10,0.03619997948408127,0.002911920556467574,170,0.030689707025885582,0.006693490872741603,40
landmark-country,pcasub_icl10_cf_k3_mean,cue1,3,mean,11,-0.001267612213268876,0.0017436611612395032,170,0.0006879430147819221,0.003413667840201188,40
landmark-country,pcasub_icl10_cf_k3_mean,cue1,3,mean,12,-0.0004246863245498389,0.0013638720640392207,170,0.0014003857504576445,0.0024892299271093176,40
landmark-country,pcasub_icl10_cf_k3_mean,cue1,3,mean,13,-0.00531697366386652,0.0012452343376311227,170,-0.003967384807765484,0.002240348018551367,40
landmark-country,pcasub_icl10_cf_k3_mean,cue1,3,mean,14,-0.0060483491979539394,0.001281162072709309,170,-0.002456941409036517,0.0021352164689184485,40
landmark-country,pcasub_icl10_cf_k3_mean,cue1,3,mean,15,-0.005149778909981251,0.0011166679550910844,170,-0.002532447222620249,0.0019429446945376165,40
landmark-country,pcasub_icl10_cf_k3_mean,cue1,3,mean,16,-0.004672651644796133,0.0010022274073471073,170,-0.002089987276121974,0.0016005662979219812,40
landmark-country,pcasub_icl10_cf_k3_mean,cue1,3,mean,17,-0.003908029291778803,0.001000385605920042,170,-0.0012175890151411295,0.0016617999454872669,40
landmark-country,pcasub_icl10_cf_k3_mean,cue1,3,mean,18,-0.003959153778851032,0.0009999586022771878,170,-0.0006180891650728881,0.0016102969102122558,40
landmark-country,pcasub_icl10_cf_k3_mean,cue1,3,mean,19,-0.0039204820059239864,0.0009368024920510958,170,-0.000800098292529583,0.0013340557536144812,40
landmark-country,pcasub_icl10_cf_k3_mean,cue1,3,mean,20,-0.0032761034090071917,0.0009275834134012755,170,-0.001489470130763948,0.0016698441931899473,40
landmark-country,pcasub_icl10_cf_k3_mean,cue1,3,mean,21,-0.0037370934151113033,0.0008734596659463787,170,-0.0017495080828666687,0.0014196227056367692,40
landmark-country,pcasub_icl10_cf_k3_mean,cue1,3,mean,22,-0.006795646157115698,0.0008384745103380994,170,-0.0043298350647091866,0.0012541254295771677,40
landmark-country,pcasub_icl10_cf_k3_mean,cue1,3,mean,23,-0.01216979045420885,0.0008454731414734054,170,-0.008819708600640297,0.0013467046660616665,40
landmark-country,pcasub_icl10_cf_k3_mean,cue1,3,mean,24,-0.003534843912348151,0.0007487346018916892,170,-0.003080293070524931,0.0011196020707445783,40
landmark-country,pcasub_icl10_cf_k3_mean,cue1,3,mean,25,-0.009183462709188461,0.0011324490897231284,170,-0.007744689472019672,0.0017777749136616346,40
landmark-country,pcasub_icl10_cf_k3_mean,cue1,3,mean,26,-0.0061681135557591915,0.0005334841941184539,170,-0.0062586464919149876,0.0011686910807081393,40
landmark-country,pcasub_icl10_cf_k3_mean,cue1,3,mean,27,0.0,0.0,170,0.0,0.0,40
landmark-country,pcasub_icl10_cf_k3_mean,target1,3,mean,0,-0.07703112810850143,0.011401117836665453,170,-0.07334061712026596,0.027795559977422366,40
landmark-country,pcasub_icl10_cf_k3_mean,target1,3,mean,1,-0.08980537205934525,0.010349247148658643,170,-0.07767866551876068,0.02442764191852856,40
landmark-country,pcasub_icl10_cf_k3_mean,target1,3,mean,2,-0.09177883714437485,0.009453360648527273,170,-0.08532018214464188,0.022223212935574842,40
landmark-country,pcasub_icl10_cf_k3_mean,target1,3,mean,3,-0.09936204552650452,0.00994549056127258,170,-0.0943903848528862,0.024420380478557945,40
landmark-country,pcasub_icl10_cf_k3_mean,target1,3,mean,4,-0.10104132443666458,0.009211600300306672,170,-0.1070636659860611,0.02105160009421662,40
landmark-country,pcasub_icl10_cf_k3_mean,target1,3,mean,5,-0.1049831286072731,0.007992408184847002,170,-0.10979370772838593,0.017841426334126317,40
landmark-country,pcasub_icl10_cf_k3_mean,target1,3,mean,6,-0.11866533756256104,0.008684980379034429,170,-0.11474084854125977,0.018907678791537166,40
landmark-country,pcasub_icl10_cf_k3_mean,target1,3,mean,7,-0.1170356273651123,0.008301932539747446,170,-0.10875999927520752,0.01638753620529274,40
landmark-country,pcasub_icl10_cf_k3_mean,target1,3,mean,8,-0.1146942600607872,0.007891956470730302,170,-0.1060793399810791,0.015392158182169997,40
landmark-country,pcasub_icl10_cf_k3_mean,target1,3,mean,9,-0.10514738410711288,0.007908076036821001,170,-0.09958495944738388,0.014999212261476085,40
landmark-country,pcasub_icl10_cf_k3_mean,target1,3,mean,10,-0.06005294993519783,0.005597940328587115,170,-0.05643336847424507,0.011739526648607577,40
landmark-country,pcasub_icl10_cf_k3_mean,target1,3,mean,11,-0.06920181959867477,0.006071312367019496,170,-0.06219841167330742,0.012642770145432207,40
landmark-country,pcasub_icl10_cf_k3_mean,target1,3,mean,12,-0.051939964294433594,0.00554273642906008,170,-0.04863976687192917,0.0118234125372233,40
landmark-country,pcasub_icl10_cf_k3_mean,target1,3,mean,13,0.015379779040813446,0.0038076410551827517,170,0.010717086493968964,0.010055349681718338,40
landmark-country,pcasub_icl10_cf_k3_mean,target1,3,mean,14,-0.013826345093548298,0.004018307709565348,170,-0.027356237173080444,0.012144608739739072,40
landmark-country,pcasub_icl10_cf_k3_mean,target1,3,mean,15,-0.0049737985245883465,0.004121468018218186,170,-0.018412616103887558,0.012639293748716881,40
landmark-country,pcasub_icl10_cf_k3_mean,target1,3,mean,16,-0.020358871668577194,0.002648102591497565,170,-0.032882675528526306,0.007892585625578478,40
landmark-country,pcasub_icl10_cf_k3_mean,target1,3,mean,17,-0.030213598161935806,0.003266593867971449,170,-0.04313497990369797,0.0090464177167426,40
landmark-country,pcasub_icl10_cf_k3_mean,target1,3,mean,18,0.0038451545406132936,0.0024294344402811564,170,-0.010223173536360264,0.005712057900827837,40
landmark-country,pcasub_icl10_cf_k3_mean,target1,3,mean,19,-0.001351199229247868,0.001843606013889209,170,-0.013201762922108173,0.004562480007440138,40
landmark-country,pcasub_icl10_cf_k3_mean,target1,3,mean,20,-0.005931495223194361,0.0018819040549032393,170,-0.01557209063321352,0.004746772620840932,40
landmark-country,pcasub_icl10_cf_k3_mean,target1,3,mean,21,-0.005140458233654499,0.0021270145745619713,170,-0.015862643718719482,0.005145708581588475,40
landmark-country,pcasub_icl10_cf_k3_mean,target1,3,mean,22,-0.008751053363084793,0.0009743996699430642,170,-0.009961985051631927,0.002319614958684811,40
landmark-country,pcasub_icl10_cf_k3_mean,target1,3,mean,23,-0.007284003309905529,0.0009083925353943085,170,-0.008350576274096966,0.002241744879752722,40
landmark-country,pcasub_icl10_cf_k3_mean,target1,3,mean,24,-0.004359349142760038,0.0007182558418712371,170,-0.006111445836722851,0.001040760108623691,40
landmark-country,pcasub_icl10_cf_k3_mean,target1,3,mean,25,-0.002227820921689272,0.0006997963986757166,170,-0.003657393157482147,0.0009498969086150505,40
landmark-country,pcasub_icl10_cf_k3_mean,target1,3,mean,26,-0.0004222967545501888,0.00016266111983769365,170,-0.0008993850788101554,0.00034649358564505444,40
landmark-country,pcasub_icl10_cf_k3_mean,target1,3,mean,27,0.0,0.0,170,0.0,0.0,40
landmark-country,pcasub_icl10_cf_k3_mean,final_cue,3,mean,0,0.047721926122903824,0.03311286306394517,170,0.07317101210355759,0.06516453455698207,40
landmark-country,pcasub_icl10_cf_k3_mean,final_cue,3,mean,1,0.046919453889131546,0.033058714030560266,170,0.07360048592090607,0.06509731086936316,40
landmark-country,pcasub_icl10_cf_k3_mean,final_cue,3,mean,2,0.053805697709321976,0.03305603057909577,170,0.07843653112649918,0.06464741259380564,40
landmark-country,pcasub_icl10_cf_k3_mean,final_cue,3,mean,3,0.05239611119031906,0.033017589108286685,170,0.0777009129524231,0.06436120536412684,40
landmark-country,pcasub_icl10_cf_k3_mean,final_cue,3,mean,4,0.05121932178735733,0.03295809374357687,170,0.07660353183746338,0.06450294245230079,40
landmark-country,pcasub_icl10_cf_k3_mean,final_cue,3,mean,5,0.066355861723423,0.03312991006651945,170,0.09037239849567413,0.06449700041738649,40
landmark-country,pcasub_icl10_cf_k3_mean,final_cue,3,mean,6,0.07583080977201462,0.032712576220445905,170,0.0998280942440033,0.06404998127214827,40
landmark-country,pcasub_icl10_cf_k3_mean,final_cue,3,mean,7,0.06195913255214691,0.03289378005204664,170,0.09081956744194031,0.0640447225005667,40
landmark-country,pcasub_icl10_cf_k3_mean,final_cue,3,mean,8,0.03188975155353546,0.03383975155089181,170,0.06952323019504547,0.06666258234575374,40
landmark-country,pcasub_icl10_cf_k3_mean,final_cue,3,mean,9,0.016533417627215385,0.03326807581666791,170,0.06965308636426926,0.06532195842884332,40
landmark-country,pcasub_icl10_cf_k3_mean,final_cue,3,mean,10,-0.042682211846113205,0.03215242515596985,170,0.025542065501213074,0.06184346480190904,40
landmark-country,pcasub_icl10_cf_k3_mean,final_cue,3,mean,11,-0.09624228626489639,0.030962143001432612,170,-0.034250762313604355,0.05652798236372019,40
landmark-country,pcasub_icl10_cf_k3_mean,final_cue,3,mean,12,-0.1290053427219391,0.031208275386951943,170,-0.05487304925918579,0.059186456323836956,40
landmark-country,pcasub_icl10_cf_k3_mean,final_cue,3,mean,13,-0.09294745326042175,0.030579424307810778,170,-0.020961439236998558,0.05474661589991086,40
landmark-country,pcasub_icl10_cf_k3_mean,final_cue,3,mean,14,-0.1615072339773178,0.029802014246997247,170,-0.08592414855957031,0.05409171977589034,40
landmark-country,pcasub_icl10_cf_k3_mean,final_cue,3,mean,15,-0.17407339811325073,0.030102368809382628,170,-0.09193069487810135,0.054994254092497204,40
landmark-country,pcasub_icl10_cf_k3_mean,final_cue,3,mean,16,-0.1565266102552414,0.03020371824544369,170,-0.08234768360853195,0.053504202840798945,40
landmark-country,pcasub_icl10_cf_k3_mean,final_cue,3,mean,17,-0.17902053892612457,0.03083978081467896,170,-0.10939905792474747,0.05327358026127806,40
landmark-country,pcasub_icl10_cf_k3_mean,final_cue,3,mean,18,-0.17064982652664185,0.030295063024724435,170,-0.10627005249261856,0.05333898034262272,40
landmark-country,pcasub_icl10_cf_k3_mean,final_cue,3,mean,19,-0.18891681730747223,0.030224029275864046,170,-0.1203823834657669,0.054160682250887035,40
landmark-country,pcasub_icl10_cf_k3_mean,final_cue,3,mean,20,-0.2075435221195221,0.029575920889577764,170,-0.1432788372039795,0.05056013423192239,40
landmark-country,pcasub_icl10_cf_k3_mean,final_cue,3,mean,21,-0.1646399199962616,0.030590041541245682,170,-0.1046377643942833,0.05484587756959349,40
landmark-country,pcasub_icl10_cf_k3_mean,final_cue,3,mean,22,-0.17763221263885498,0.02865775991370406,170,-0.11978654563426971,0.050260897877312555,40
landmark-country,pcasub_icl10_cf_k3_mean,final_cue,3,mean,23,-0.09599004685878754,0.031239064221046272,170,-0.042253464460372925,0.06009904167967634,40
landmark-country,pcasub_icl10_cf_k3_mean,final_cue,3,mean,24,-0.12712505459785461,0.030905591661838865,170,-0.07533472776412964,0.05639800211703015,40
landmark-country,pcasub_icl10_cf_k3_mean,final_cue,3,mean,25,-0.07307596504688263,0.04071792908715517,170,-0.007727527525275946,0.0789803264798862,40
landmark-country,pcasub_icl10_cf_k3_mean,final_cue,3,mean,26,0.12431664019823074,0.03225058599339977,170,0.13596203923225403,0.07439268912884898,40
landmark-country,pcasub_icl10_cf_k3_mean,final_cue,3,mean,27,0.3439454436302185,0.039665627538329744,170,0.33647072315216064,0.0853749785865952,40
landmark-country,pcasub_icl10_cf_k4_zero,cue1,4,zero,0,-5.544408321380615,0.15322663292161057,170,-5.786139011383057,0.3017472766752093,40
landmark-country,pcasub_icl10_cf_k4_zero,cue1,4,zero,1,-3.011603355407715,0.09494812887878977,170,-3.2105324268341064,0.24544454973972732,40
landmark-country,pcasub_icl10_cf_k4_zero,cue1,4,zero,2,-2.9127814769744873,0.10676490626153069,170,-3.138746976852417,0.24505138588159106,40
landmark-country,pcasub_icl10_cf_k4_zero,cue1,4,zero,3,-2.446834087371826,0.09767406756289418,170,-2.4547293186187744,0.23469937150708248,40
landmark-country,pcasub_icl10_cf_k4_zero,cue1,4,zero,4,-1.923776388168335,0.0822895980291659,170,-1.9512237310409546,0.1836867425989382,40
landmark-country,pcasub_icl10_cf_k4_zero,cue1,4,zero,5,-1.3721359968185425,0.06055478860512086,170,-1.2940770387649536,0.11150075371460415,40
landmark-country,pcasub_icl10_cf_k4_zero,cue1,4,zero,6,-0.5827292203903198,0.04458518036517048,170,-0.5993620157241821,0.0898064926221838,40
landmark-country,pcasub_icl10_cf_k4_zero,cue1,4,zero,7,-0.8412122130393982,0.03993905158525118,170,-0.7419625520706177,0.06925027022459956,40
landmark-country,pcasub_icl10_cf_k4_zero,cue1,4,zero,8,-0.701826810836792,0.031238175070603606,170,-0.6195935010910034,0.061642302652431154,40
landmark-country,pcasub_icl10_cf_k4_zero,cue1,4,zero,9,-0.46988800168037415,0.024455042916620158,170,-0.3599882125854492,0.03636749902021245,40
landmark-country,pcasub_icl10_cf_k4_zero,cue1,4,zero,10,-0.2713024616241455,0.01673985366821241,170,-0.21091310679912567,0.03526669817701021,40
landmark-country,pcasub_icl10_cf_k4_zero,cue1,4,zero,11,-0.05640740692615509,0.007756749031534069,170,-0.02480524778366089,0.01234944048452981,40
landmark-country,pcasub_icl10_cf_k4_zero,cue1,4,zero,12,-0.0590822659432888,0.007812189504507931,170,-0.04499990493059158,0.016880960711225683,40
landmark-country,pcasub_icl10_cf_k4_zero,cue1,4,zero,13,-0.025477690622210503,0.007110170372583914,170,-0.012877427041530609,0.012964725005855354,40
landmark-country,pcasub_icl10_cf_k4_zero,cue1,4,zero,14,-0.011197431944310665,0.004299464679600765,170,-0.007634574081748724,0.010144062001151647,40
landmark-country,pcasub_icl10_cf_k4_zero,cue1,4,zero,15,0.011844424530863762,0.0044613654893806715,170,0.008580002933740616,0.006943142336079048,40
landmark-country,pcasub_icl10_cf_k4_zero,cue1,4,zero,16,0.03007213957607746,0.004414386517165008,170,0.029320845380425453,0.008029692426632928,40
landmark-country,pcasub_icl10_cf_k4_zero,cue1,4,zero,17,0.010408121161162853,0.004739681578037099,170,0.01668265461921692,0.008970819341136815,40
landmark-country,pcasub_icl10_cf_k4_zero,cue1,4,zero,18,0.033309247344732285,0.004731873797141631,170,0.03781843185424805,0.007886016284242313,40
landmark-country,pcasub_icl10_cf_k4_zero,cue1,4,zero,19,0.0002676202857401222,0.004008332481607522,170,0.010414552874863148,0.008274190552989284,40
landmark-country,pcasub_icl10_cf_k4_zero,cue1,4,zero,20,0.029115526005625725,0.003851984862060145,170,0.03423731029033661,0.008718262241574919,40
landmark-country,pcasub_icl10_cf_k4_zero,cue1,4,zero,21,0.043442629277706146,0.004950221088477862,170,0.039981912821531296,0.011672090913747471,40
landmark-country,pcasub_icl10_cf_k4_zero,cue1,4,zero,22,0.022647498175501823,0.004882781084562151,170,0.02238854579627514,0.009913580786458225,40
landmark-country,pcasub_icl10_cf_k4_zero,cue1,4,zero,23,-0.03956335037946701,0.004242768767345068,170,-0.027091551572084427,0.007978298654589143,40
landmark-country,pcasub_icl10_cf_k4_zero,cue1,4,zero,24,0.0022368694189935923,0.004787970847145455,170,0.012180517427623272,0.007931461542150537,40
landmark-country,pcasub_icl10_cf_k4_zero,cue1,4,zero,25,-0.13812761008739471,0.010390310356120008,170,-0.12898218631744385,0.020110499096597772,40
landmark-country,pcasub_icl10_cf_k4_zero,cue1,4,zero,26,-0.030928367748856544,0.0035653647025600133,170,-0.03239872306585312,0.007963631464719886,40
landmark-country,pcasub_icl10_cf_k4_zero,cue1,4,zero,27,0.0,0.0,170,0.0,0.0,40
landmark-country,pcasub_icl10_cf_k4_zero,target1,4,zero,0,-4.721691131591797,0.10662092331889744,170,-4.929665565490723,0.20544946196513728,40
landmark-country,pcasub_icl10_cf_k4_zero,target1,4,zero,1,-3.4887278079986572,0.09512058292145859,170,-3.550736904144287,0.18134670233700056,40
landmark-country,pcasub_icl10_cf_k4_zero,target1,4,zero,2,-2.9200618267059326,0.10181440002776306,170,-2.8350846767425537,0.19002499485165092,40
landmark-country,pcasub_icl10_cf_k4_zero,target1,4,zero,3,-0.8458957672119141,0.054779237618444235,170,-0.7852960824966431,0.11486747959678636,40
landmark-country,pcasub_icl10_cf_k4_zero,target1,4,zero,4,-1.230491280555725,0.07269512989110787,170,-1.2909066677093506,0.16559913177386792,40
landmark-country,pcasub_icl10_cf_k4_zero,target1,4,zero,5,-1.106415867805481,0.05552717085635647,170,-1.1287586688995361,0.13733599584921397,40
landmark-country,pcasub_icl10_cf_k4_zero,target1,4,zero,6,-0.5150531530380249,0.03889184722276802,170,-0.4940604269504547,0.10025297639872409,40
landmark-country,pcasub_icl10_cf_k4_zero,target1,4,zero,7,-0.6564224362373352,0.038714058277443224,170,-0.6348925232887268,0.08727320664110613,40
landmark-country,pcasub_icl10_cf_k4_zero,target1,4,zero,8,-0.4891676902770996,0.03260088155327045,170,-0.541142463684082,0.08282573722865802,40
landmark-country,pcasub_icl10_cf_k4_zero,target1,4,zero,9,-0.256933331489563,0.03154047250670689,170,-0.2748546004295349,0.07307595115561866,40
landmark-country,pcasub_icl10_cf_k4_zero,target1,4,zero,10,-0.3094410300254822,0.026526763448028918,170,-0.3191647529602051,0.06405867049687625,40
landmark-country,pcasub_icl10_cf_k4_zero,target1,4,zero,11,-0.37391167879104614,0.030741891979569558,170,-0.39841970801353455,0.07617497917619773,40
landmark-country,pcasub_icl10_cf_k4_zero,target1,4,zero,12,0.026321567595005035,0.023877735134348117,170,-0.005082151386886835,0.06366340030281081,40
landmark-country,pcasub_icl10_cf_k4_zero,target1,4,zero,13,-0.2295239120721817,0.020993456813702033,170,-0.237344428896904,0.056615963120171385,40
landmark-country,pcasub_icl10_cf_k4_zero,target1,4,zero,14,-0.1457560658454895,0.017084785753754782,170,-0.10648534446954727,0.034742036756369166,40
landmark-country,pcasub_icl10_cf_k4_zero,target1,4,zero,15,-0.27794113755226135,0.02915641788214153,170,-0.24824216961860657,0.0777643769164751,40
landmark-country,pcasub_icl10_cf_k4_zero,target1,4,zero,16,-0.14979436993598938,0.01662065836561895,170,-0.12021102011203766,0.03532472372652229,40
landmark-country,pcasub_icl10_cf_k4_zero,target1,4,zero,17,0.09791190177202225,0.014450906140739172,170,0.11332830041646957,0.02888324216463617,40
landmark-country,pcasub_icl10_cf_k4_zero,target1,4,zero,18,-0.140243262052536,0.019351877094768485,170,-0.09956584125757217,0.03687400684092697,40
landmark-country,pcasub_icl10_cf_k4_zero,target1,4,zero,19,-0.10648837685585022,0.015178137487753684,170,-0.05020805448293686,0.026675707867639214,40
landmark-country,pcasub_icl10_cf_k4_zero,target1,4,zero,20,0.038981419056653976,0.014206358911600271,170,0.045313335955142975,0.036537857773786445,40
landmark-country,pcasub_icl10_cf_k4_zero,target1,4,zero,21,0.23274102807044983,0.01877601732484973,170,0.1929180771112442,0.03894990456667212,40
landmark-country,pcasub_icl10_cf_k4_zero,target1,4,zero,22,-0.01820065639913082,0.012703728949503707,170,-0.02642640843987465,0.031066317990401805,40
landmark-country,pcasub_icl10_cf_k4_zero,target1,4,zero,23,0.03772233426570892,0.010938948179517132,170,0.03883979469537735,0.024886123395193447,40
landmark-country,pcasub_icl10_cf_k4_zero,target1,4,zero,24,0.010638214647769928,0.006959700517466646,170,0.001561436802148819,0.014809788104838434,40
landmark-country,pcasub_icl10_cf_k4_zero,target1,4,zero,25,0.05204162001609802,0.01240806585571362,170,0.027557607740163803,0.024619351473210174,40
landmark-country,pcasub_icl10_cf_k4_zero,target1,4,zero,26,-0.006156542804092169,0.002813470573713762,170,-0.004430941306054592,0.005620080642900279,40
landmark-country,pcasub_icl10_cf_k4_zero,target1,4,zero,27,0.0,0.0,170,0.0,0.0,40
landmark-country,pcasub_icl10_cf_k4_zero,final_cue,4,zero,0,-10.497337341308594,0.2040686118076489,170,-11.098374366760254,0.40931578865185375,40
landmark-country,pcasub_icl10_cf_k4_zero,final_cue,4,zero,1,-11.34643840789795,0.21850428238983904,170,-12.14510440826416,0.4399185595926066,40
landmark-country,pcasub_icl10_cf_k4_zero,final_cue,4,zero,2,-11.084572792053223,0.24044275526566378,170,-11.358983039855957,0.40301544102154435,40
landmark-country,pcasub_icl10_cf_k4_zero,final_cue,4,zero,3,-9.94376277923584,0.19532299205414488,170,-9.88869857788086,0.4327821615240456,40
landmark-country,pcasub_icl10_cf_k4_zero,final_cue,4,zero,4,-11.649274826049805,0.25731201918075824,170,-12.122682571411133,0.574229847623199,40
landmark-country,pcasub_icl10_cf_k4_zero,final_cue,4,zero,5,-9.457476615905762,0.30118887350305634,170,-10.025691032409668,0.6917179295428252,40
landmark-country,pcasub_icl10_cf_k4_zero,final_cue,4,zero,6,-12.069657325744629,0.2682103064419603,170,-12.861699104309082,0.4710827939307497,40
landmark-country,pcasub_icl10_cf_k4_zero,final_cue,4,zero,7,-10.496946334838867,0.22182391756745945,170,-11.440709114074707,0.4530639806550441,40
landmark-country,pcasub_icl10_cf_k4_zero,final_cue,4,zero,8,-11.458127975463867,0.2481722292073657,170,-12.371480941772461,0.5131625416943071,40
landmark-country,pcasub_icl10_cf_k4_zero,final_cue,4,zero,9,-10.489959716796875,0.2223608090049315,170,-11.389204025268555,0.5008991617606554,40
landmark-country,pcasub_icl10_cf_k4_zero,final_cue,4,zero,10,-10.242574691772461,0.23347006035162504,170,-11.106892585754395,0.4247417448081893,40
landmark-country,pcasub_icl10_cf_k4_zero,final_cue,4,zero,11,-9.610108375549316,0.21991692072705601,170,-9.657299995422363,0.36235058554308486,40
landmark-country,pcasub_icl10_cf_k4_zero,final_cue,4,zero,12,-8.383301734924316,0.18744655457295306,170,-8.255220413208008,0.3732157353926355,40
landmark-country,pcasub_icl10_cf_k4_zero,final_cue,4,zero,13,-5.745180130004883,0.16774458992008842,170,-5.331651210784912,0.3319017703237595,40
landmark-country,pcasub_icl10_cf_k4_zero,final_cue,4,zero,14,-4.992274284362793,0.15313365841414056,170,-4.813992500305176,0.32554472597331624,40
landmark-country,pcasub_icl10_cf_k4_zero,final_cue,4,zero,15,-5.218367099761963,0.15873896337698543,170,-5.0227556228637695,0.32346971648990364,40
landmark-country,pcasub_icl10_cf_k4_zero,final_cue,4,zero,16,-5.250056266784668,0.18304748618647013,170,-4.834272861480713,0.3104724080693586,40
landmark-country,pcasub_icl10_cf_k4_zero,final_cue,4,zero,17,-2.914865732192993,0.16197521498610096,170,-2.533407211303711,0.3715677607800189,40
landmark-country,pcasub_icl10_cf_k4_zero,final_cue,4,zero,18,-2.971858024597168,0.1383064050627074,170,-2.5149242877960205,0.27415252307911564,40
landmark-country,pcasub_icl10_cf_k4_zero,final_cue,4,zero,19,-3.0943679809570312,0.14429550301405342,170,-2.7239623069763184,0.274453234340092,40
landmark-country,pcasub_icl10_cf_k4_zero,final_cue,4,zero,20,-3.3163466453552246,0.1308199320512383,170,-2.757500171661377,0.2113934571383814,40
landmark-country,pcasub_icl10_cf_k4_zero,final_cue,4,zero,21,-3.394852876663208,0.15182424381468895,170,-2.675391912460327,0.28249120073227224,40
landmark-country,pcasub_icl10_cf_k4_zero,final_cue,4,zero,22,-3.1637423038482666,0.13404608985995586,170,-2.710360288619995,0.26879654904218087,40
landmark-country,pcasub_icl10_cf_k4_zero,final_cue,4,zero,23,-2.2897515296936035,0.14726943467097875,170,-1.9183435440063477,0.29151310402087266,40
landmark-country,pcasub_icl10_cf_k4_zero,final_cue,4,zero,24,-3.307966947555542,0.14714365531221538,170,-2.8031868934631348,0.3327339002441296,40
landmark-country,pcasub_icl10_cf_k4_zero,final_cue,4,zero,25,-2.5675508975982666,0.1592956766978477,170,-2.0393483638763428,0.263237254686069,40
landmark-country,pcasub_icl10_cf_k4_zero,final_cue,4,zero,26,-6.28185510635376,0.15282495635196955,170,-5.9072585105896,0.34634963266321,40
landmark-country,pcasub_icl10_cf_k4_zero,final_cue,4,zero,27,-0.49443522095680237,0.18149644209705718,170,-0.1947375237941742,0.33837175574702283,40
landmark-country,pcasub_icl10_cf_k4_mean,cue1,4,mean,0,0.07619952410459518,0.011453254281451983,170,0.0876908078789711,0.018859218928683325,40
landmark-country,pcasub_icl10_cf_k4_mean,cue1,4,mean,1,0.07725606858730316,0.0116824105221444,170,0.08537749201059341,0.020005959806689906,40
landmark-country,pcasub_icl10_cf_k4_mean,cue1,4,mean,2,0.06871560961008072,0.011553213991371295,170,0.07874587923288345,0.01952636549304362,40
landmark-country,pcasub_icl10_cf_k4_mean,cue1,4,mean,3,0.08089707046747208,0.011604348141892767,170,0.08977441489696503,0.019911968688991134,40
landmark-country,pcasub_icl10_cf_k4_mean,cue1,4,mean,4,0.08078840374946594,0.011197840673895528,170,0.0892566666007042,0.019976087062566806,40
landmark-country,pcasub_icl10_cf_k4_mean,cue1,4,mean,5,0.11683762818574905,0.010733139566579468,170,0.12179042398929596,0.024988360794494145,40
landmark-country,pcasub_icl10_cf_k4_mean,cue1,4,mean,6,0.09445901960134506,0.008698800496936644,170,0.10006072372198105,0.018298639061464738,40
landmark-country,pcasub_icl10_cf_k4_mean,cue1,4,mean,7,0.07622065395116806,0.0061495604631412225,170,0.07398751378059387,0.011396147948582623,40
landmark-country,pcasub_icl10_cf_k4_mean,cue1,4,mean,8,0.07019400596618652,0.005388432826950628,170,0.06747563183307648,0.010188264426618436,40
landmark-country,pcasub_icl10_cf_k4_mean,cue1,4,mean,9,0.06888840347528458,0.005432553774783909,170,0.05917255952954292,0.01209576836989131,40
landmark-country,pcasub_icl10_cf_k4_mean,cue1,4,mean,10,0.035534556955099106,0.002954596349114801,170,0.02994963526725769,0.006599670570876014,40
landmark-country,pcasub_icl10_cf_k4_mean,cue1,4,mean,11,-0.0017984664300456643,0.001647790771921295,170,-0.00020545869483612478,0.003155297701130048,40
landmark-country,pcasub_icl10_cf_k4_mean,cue1,4,mean,12,-0.0003593401925172657,0.0013705405495008445,170,0.0011766707757487893,0.0024721848630381332,40
landmark-country,pcasub_icl10_cf_k4_mean,cue1,4,mean,13,-0.005733274854719639,0.001210677899966037,170,-0.004669641610234976,0.001962194460897088,40
landmark-country,pcasub_icl10_cf_k4_mean,cue1,4,mean,14,-0.00626372592523694,0.001256878722686007,170,-0.004117713309824467,0.0019231790938129389,40
landmark-country,pcasub_icl10_cf_k4_mean,cue1,4,mean,15,-0.003984430804848671,0.0010814430831520225,170,-0.001467475900426507,0.001728369526269114,40
landmark-country,pcasub_icl10_cf_k4_mean,cue1,4,mean,16,-0.00351078063249588,0.000947698370720321,170,-0.001738260150887072,0.0014329765279058907,40
landmark-country,pcasub_icl10_cf_k4_mean,cue1,4,mean,17,-0.002042977837845683,0.0009507862542065354,170,-0.0004325672925915569,0.0015103680279950106,40
landmark-country,pcasub_icl10_cf_k4_mean,cue1,4,mean,18,-0.002715624403208494,0.0009760859700435163,170,-0.0010963085805997252,0.0015925177798234713,40
landmark-country,pcasub_icl10_cf_k4_mean,cue1,4,mean,19,-0.0034979216288775206,0.0009093167575647485,170,-0.0010967657435685396,0.0013736976908453478,40
landmark-country,pcasub_icl10_cf_k4_mean,cue1,4,mean,20,-0.0013587746070697904,0.0009377889290380174,170,0.0005658011650666595,0.0017546988726388688,40
landmark-country,pcasub_icl10_cf_k4_mean,cue1,4,mean,21,-0.0016497966134920716,0.0008865646348903704,170,6.68056309223175e-05,0.0015835707115404083,40
landmark-country,pcasub_icl10_cf_k4_mean,cue1,4,mean,22,-0.004215155728161335,0.0008529574910381874,170,-0.0024750411976128817,0.0014224080345028487,40
landmark-country,pcasub_icl10_cf_k4_mean,cue1,4,mean,23,-0.00913633219897747,0.0007758435474492883,170,-0.006969286594539881,0.0011101931370642933,40
landmark-country,pcasub_icl10_cf_k4_mean,cue1,4,mean,24,-0.0022928062826395035,0.0008161162481666818,170,-0.0012998704332858324,0.0011052412449623357,40
landmark-country,pcasub_icl10_cf_k4_mean,cue1,4,mean,25,-0.008674985729157925,0.0011587079565999632,170,-0.007616154849529266,0.001891225194370555,40
landmark-country,pcasub_icl10_cf_k4_mean,cue1,4,mean,26,-0.006237497553229332,0.0005500477997116298,170,-0.006310028024017811,0.0013065947523498902,40
landmark-country,pcasub_icl10_cf_k4_mean,cue1,4,mean,27,0.0,0.0,170,0.0,0.0,40
landmark-country,pcasub_icl10_cf_k4_mean,target1,4,mean,0,-0.0839029997587204,0.012124999440816917,170,-0.08172217756509781,0.02900225014463473,40
landmark-country,pcasub_icl10_cf_k4_mean,target1,4,mean,1,-0.09461983293294907,0.010986438870384085,170,-0.08527212589979172,0.02486030546553804,40
landmark-country,pcasub_icl10_cf_k4_mean,target1,4,mean,2,-0.09502652287483215,0.009912893711753707,170,-0.09221108257770538,0.022672866178764756,40
landmark-country,pcasub_icl10_cf_k4_mean,target1,4,mean,3,-0.10191305726766586,0.009939203650494818,170,-0.09717680513858795,0.02447377161780974,40
landmark-country,pcasub_icl10_cf_k4_mean,target1,4,mean,4,-0.10298057645559311,0.009282250617324498,170,-0.11124291270971298,0.0213219414780933,40
landmark-country,pcasub_icl10_cf_k4_mean,target1,4,mean,5,-0.10479655861854553,0.008116553243953552,170,-0.1116962656378746,0.01830773117595098,40
landmark-country,pcasub_icl10_cf_k4_mean,target1,4,mean,6,-0.11834736913442612,0.008727520741954849,170,-0.11572923511266708,0.018912815046934938,40
landmark-country,pcasub_icl10_cf_k4_mean,target1,4,mean,7,-0.11672798544168472,0.008428114759090565,170,-0.10759004205465317,0.01627061806866015,40
landmark-country,pcasub_icl10_cf_k4_mean,target1,4,mean,8,-0.12124957889318466,0.008178297199275123,170,-0.1117633730173111,0.0159787809847277,40
landmark-country,pcasub_icl10_cf_k4_mean,target1,4,mean,9,-0.11362498998641968,0.008238676571526589,170,-0.10694719851016998,0.015639889439934423,40
landmark-country,pcasub_icl10_cf_k4_mean,target1,4,mean,10,-0.06895793974399567,0.005877567285569683,170,-0.06465888023376465,0.012647498798910799,40
landmark-country,pcasub_icl10_cf_k4_mean,target1,4,mean,11,-0.0786934345960617,0.006361698272931685,170,-0.07004249095916748,0.013809108900685884,40
landmark-country,pcasub_icl10_cf_k4_mean,target1,4,mean,12,-0.04986079782247543,0.005571859534658028,170,-0.0467260517179966,0.01229058795077708,40
landmark-country,pcasub_icl10_cf_k4_mean,target1,4,mean,13,0.018218770623207092,0.0038629166696073154,170,0.013739055022597313,0.010354081835110227,40
landmark-country,pcasub_icl10_cf_k4_mean,target1,4,mean,14,-0.012294923886656761,0.00402069915853871,170,-0.025545720010995865,0.011942869350549055,40
landmark-country,pcasub_icl10_cf_k4_mean,target1,4,mean,15,-0.00256362440995872,0.004138864452344962,170,-0.01648891717195511,0.012558896037218773,40
landmark-country,pcasub_icl10_cf_k4_mean,target1,4,mean,16,-0.01860201172530651,0.002622659803011431,170,-0.0309702567756176,0.007632795359011463,40
landmark-country,pcasub_icl10_cf_k4_mean,target1,4,mean,17,-0.028388196602463722,0.00321552457514615,170,-0.04222965985536575,0.008919248863058702,40
landmark-country,pcasub_icl10_cf_k4_mean,target1,4,mean,18,0.005524005275219679,0.0024410368249777274,170,-0.007808850612491369,0.0054549830169883145,40
landmark-country,pcasub_icl10_cf_k4_mean,target1,4,mean,19,0.00044250741484574974,0.001870793102970609,170,-0.011143172159790993,0.004330846374892848,40
landmark-country,pcasub_icl10_cf_k4_mean,target1,4,mean,20,-0.004746204242110252,0.0019260060025744256,170,-0.01463104784488678,0.004864310112123837,40
landmark-country,pcasub_icl10_cf_k4_mean,target1,4,mean,21,-0.004211797844618559,0.002181506039439654,170,-0.014865714125335217,0.005303750924569877,40
landmark-country,pcasub_icl10_cf_k4_mean,target1,4,mean,22,-0.008002083748579025,0.0009834606043865814,170,-0.009089374914765358,0.0023668838228672892,40
landmark-country,pcasub_icl10_cf_k4_mean,target1,4,mean,23,-0.0066446964628994465,0.0008882598636384231,170,-0.007867010310292244,0.002174816585721191,40
landmark-country,pcasub_icl10_cf_k4_mean,target1,4,mean,24,-0.0038053332827985287,0.0007103899890517738,170,-0.0046493252739310265,0.001094102580088532,40
landmark-country,pcasub_icl10_cf_k4_mean,target1,4,mean,25,-0.002547517418861389,0.0006840930504215697,170,-0.003445445792749524,0.0009119895619936463,40
landmark-country,pcasub_icl10_cf_k4_mean,target1,4,mean,26,-0.0005435848725028336,0.00018470625433775594,170,-0.0012053105747327209,0.0003942050616297647,40
landmark-country,pcasub_icl10_cf_k4_mean,target1,4,mean,27,0.0,0.0,170,0.0,0.0,40
landmark-country,pcasub_icl10_cf_k4_mean,final_cue,4,mean,0,0.045513931661844254,0.033211693621374314,170,0.0845932811498642,0.06561734023582437,40
landmark-country,pcasub_icl10_cf_k4_mean,final_cue,4,mean,1,0.04245999827980995,0.03320318840595746,170,0.0833066925406456,0.06552428919422822,40
landmark-country,pcasub_icl10_cf_k4_mean,final_cue,4,mean,2,0.049921344965696335,0.033172788146606715,170,0.088200643658638,0.06488581495099782,40
landmark-country,pcasub_icl10_cf_k4_mean,final_cue,4,mean,3,0.051935628056526184,0.0331665732364432,170,0.08998800814151764,0.06486869567039222,40
landmark-country,pcasub_icl10_cf_k4_mean,final_cue,4,mean,4,0.05073486268520355,0.03307524445729896,170,0.08901800215244293,0.06469589601746406,40
landmark-country,pcasub_icl10_cf_k4_mean,final_cue,4,mean,5,0.067148357629776,0.033132396944878365,170,0.10330291092395782,0.06432382379158508,40
landmark-country,pcasub_icl10_cf_k4_mean,final_cue,4,mean,6,0.0739794671535492,0.03274734908852883,170,0.11037290096282959,0.0638896452848413,40
landmark-country,pcasub_icl10_cf_k4_mean,final_cue,4,mean,7,0.06044884771108627,0.032876006186128494,170,0.10184755176305771,0.06389309458663137,40
landmark-country,pcasub_icl10_cf_k4_mean,final_cue,4,mean,8,0.03365740925073624,0.033735471804117394,170,0.08240364491939545,0.06636925032877089,40
landmark-country,pcasub_icl10_cf_k4_mean,final_cue,4,mean,9,0.014358554035425186,0.03318036992557411,170,0.0793435201048851,0.06469857723702492,40
landmark-country,pcasub_icl10_cf_k4_mean,final_cue,4,mean,10,-0.04150427505373955,0.03236314695368003,170,0.037281882017850876,0.061783210400283985,40
landmark-country,pcasub_icl10_cf_k4_mean,final_cue,4,mean,11,-0.09545588493347168,0.03162807782551411,170,-0.019805490970611572,0.057475913638585896,40
landmark-country,pcasub_icl10_cf_k4_mean,final_cue,4,mean,12,-0.14003577828407288,0.03224281906999572,170,-0.04954927787184715,0.06147074700998465,40
landmark-country,pcasub_icl10_cf_k4_mean,final_cue,4,mean,13,-0.1006908267736435,0.0317379530485961,170,-0.013455197215080261,0.05727330485570699,40
landmark-country,pcasub_icl10_cf_k4_mean,final_cue,4,mean,14,-0.16884474456310272,0.030826857275854214,170,-0.0759899690747261,0.05719991766161075,40
landmark-country,pcasub_icl10_cf_k4_mean,final_cue,4,mean,15,-0.17947562038898468,0.03105036546836199,170,-0.08040729910135269,0.05737741533897156,40
landmark-country,pcasub_icl10_cf_k4_mean,final_cue,4,mean,16,-0.16252967715263367,0.03116830247450639,170,-0.07122816890478134,0.05580936368764089,40
landmark-country,pcasub_icl10_cf_k4_mean,final_cue,4,mean,17,-0.18800725042819977,0.03185441575644868,170,-0.10128821432590485,0.05547851815761064,40
landmark-country,pcasub_icl10_cf_k4_mean,final_cue,4,mean,18,-0.1870943009853363,0.031097575013973297,170,-0.10549168288707733,0.05562035420116379,40
landmark-country,pcasub_icl10_cf_k4_mean,final_cue,4,mean,19,-0.20160751044750214,0.031020365212423757,170,-0.11724762618541718,0.05660741997243179,40
landmark-country,pcasub_icl10_cf_k4_mean,final_cue,4,mean,20,-0.21366070210933685,0.029686614405355055,170,-0.13570566475391388,0.05097195824728357,40
landmark-country,pcasub_icl10_cf_k4_mean,final_cue,4,mean,21,-0.1765023171901703,0.03084796374163202,170,-0.0996696799993515,0.05533528260226561,40
landmark-country,pcasub_icl10_cf_k4_mean,final_cue,4,mean,22,-0.18889492750167847,0.028966941979970087,170,-0.11392823606729507,0.05111189057782691,40
landmark-country,pcasub_icl10_cf_k4_mean,final_cue,4,mean,23,-0.10669650137424469,0.031330280999235016,170,-0.03606973960995674,0.060322412243548444,40
landmark-country,pcasub_icl10_cf_k4_mean,final_cue,4,mean,24,-0.14158746600151062,0.030732598185996614,170,-0.07285883277654648,0.05557338338115921,40
landmark-country,pcasub_icl10_cf_k4_mean,final_cue,4,mean,25,-0.09638601541519165,0.04087323555496313,170,-0.007190329022705555,0.07816245084628518,40
landmark-country,pcasub_icl10_cf_k4_mean,final_cue,4,mean,26,0.11064744740724564,0.03270517730018137,170,0.14767971634864807,0.07387693369233801,40
landmark-country,pcasub_icl10_cf_k4_mean,final_cue,4,mean,27,0.3419969081878662,0.039698967251328994,170,0.3421531021595001,0.08511334998825107,40
