icl_example_index,token_role,layer,feature_dim,target_dim,best_alpha,cv_mse,alpha_pinned,train_sample_count,test_sample_count,train_mse,test_mse,train_mean_squared_l2,test_mean_squared_l2
1,pre_label_token,0,16,16,0.01,55.73133850097656,True,3400,1190,0.19782810098984663,0.21711736246317376,810.3039039522059,889.312762605042
1,pre_label_token,1,16,16,1000.0,48.06657791137695,False,3400,1190,0.10688086804221658,0.196244653333135,437.78401826746324,803.818106617647
1,pre_label_token,2,16,16,1000.0,47.762454986572266,False,3400,1190,0.09932579391142901,0.19695316442922384,406.8384535845588,806.7201418067227
1,pre_label_token,3,16,16,1000.0,46.90675735473633,False,3400,1190,0.09417019339168772,0.19537405927642054,385.7211207490809,800.2521139705882
1,pre_label_token,4,16,16,1000.0,47.81623458862305,False,3400,1190,0.09348346640081967,0.1992443004576098,382.9082881433824,816.1046678046218
1,pre_label_token,5,16,16,1000.0,48.15229415893555,False,3400,1190,0.0942862611658433,0.19829843985934217,386.1965228630515,812.2304096638655
1,pre_label_token,6,16,16,1000.0,48.22283172607422,False,3400,1190,0.09288083104526296,0.19569036018948596,380.4398845358456,801.5476956407563
1,pre_label_token,7,16,16,1000.0,47.92607498168945,False,3400,1190,0.09235076792099897,0.1965534001839261,378.2687448299632,805.0827337184874
1,pre_label_token,8,16,16,1000.0,48.124359130859375,False,3400,1190,0.09251039140364703,0.19836076047240186,378.92256204044116,812.4857011554622
1,pre_label_token,9,16,16,1000.0,47.91607666015625,False,3400,1190,0.09213074908537024,0.19662718732817835,377.3675482536765,805.3849461659664
1,pre_label_token,10,16,16,1000.0,47.999820709228516,False,3400,1190,0.09191520550671746,0.19796109079312876,376.484677734375,810.8486410189075
1,pre_label_token,11,16,16,1000.0,47.76655578613281,False,3400,1190,0.0907110442834742,0.1975653640362395,371.5524431295956,809.2277245273109
1,pre_label_token,12,16,16,1000.0,47.67295837402344,False,3400,1190,0.08901471348369823,0.1989445678326262,364.6042543658088,814.8769629726891
1,pre_label_token,13,16,16,1000.0,46.716461181640625,False,3400,1190,0.08702689563526826,0.20206155857118238,356.4621633731618,827.6441373424369
1,pre_label_token,14,16,16,1000.0,46.58925247192383,False,3400,1190,0.08603798122966991,0.20278411031771107,352.4115745634191,830.6037092962185
1,pre_label_token,15,16,16,1000.0,46.132728576660156,False,3400,1190,0.08534352288526648,0.2081980248459247,349.5670749080882,852.7791032037815
1,pre_label_token,16,16,16,1000.0,46.20494842529297,False,3400,1190,0.08597820969188914,0.20615875340309464,352.16675034466914,844.4262408088235
1,pre_label_token,17,16,16,1000.0,46.38932800292969,False,3400,1190,0.08643707696129294,0.2079168351758428,354.0462655101103,851.6273700105043
1,pre_label_token,18,16,16,1000.0,46.47800827026367,False,3400,1190,0.08630353801390704,0.20762038831951238,353.4992853860294,850.4131171218487
1,pre_label_token,19,16,16,1000.0,46.94139862060547,False,3400,1190,0.08815002946292652,0.20569654031961906,361.0625218290441,842.5330291491597
1,pre_label_token,20,16,16,1000.0,46.682273864746094,False,3400,1190,0.08694689456154318,0.2117250073857668,356.13447782628674,867.2256236869748
1,pre_label_token,21,16,16,1000.0,47.26826095581055,False,3400,1190,0.08716948495191686,0.20655579767307314,357.04619829963235,846.0525538340336
1,pre_label_token,22,16,16,1000.0,47.28011703491211,False,3400,1190,0.08663703715100007,0.209490404209169,354.8653050321691,858.0727087710084
1,pre_label_token,23,16,16,1000.0,47.37834930419922,False,3400,1190,0.08589504333103404,0.20973912086807378,351.8260983455882,859.0914522058823
1,pre_label_token,24,16,16,1000.0,47.26879119873047,False,3400,1190,0.08514204691438114,0.20925011354334214,348.7418258846507,857.0884453781513
1,pre_label_token,25,16,16,1000.0,47.15776443481445,False,3400,1190,0.08568096897181343,0.21071063770967371,350.94923770680145,863.0707851890757
1,pre_label_token,26,16,16,1000.0,47.57231903076172,False,3400,1190,0.08617529434316298,0.20975498552081964,352.97400735294116,859.1564141281513
1,pre_label_token,27,16,16,1000.0,47.450260162353516,False,3400,1190,0.08667726593859056,0.21429727057448955,355.0300830078125,877.7616137079832
1,pre_label_token,28,16,16,1000.0,47.77076721191406,False,3400,1190,0.08921559361850515,0.21204039309205128,365.4270714613971,868.517456670168
1,first_label_token,0,16,16,3162.2776601683795,51.86847686767578,False,3400,1190,0.12933200359344482,0.193287325306099,529.7438913143383,791.7048975840336
1,first_label_token,1,16,16,3162.2776601683795,49.074623107910156,False,3400,1190,0.11222703597124885,0.1866429192679269,459.6819370404412,764.4894170168067
1,first_label_token,2,16,16,1000.0,45.47170639038086,False,3400,1190,0.08126088184468887,0.17020313839952486,332.8445743336397,697.152081144958
1,first_label_token,3,16,16,1000.0,45.134521484375,False,3400,1190,0.0784319062092725,0.1707609481170398,321.25709300321694,699.4368631827731
1,first_label_token,4,16,16,1000.0,42.095848083496094,False,3400,1190,0.06670445890987621,0.16621325356619698,273.22146455652575,680.809506302521
1,first_label_token,5,16,16,1000.0,40.7960090637207,False,3400,1190,0.05893449299475726,0.16190472290295513,241.39568474264706,663.1617811186975
1,first_label_token,6,16,16,1000.0,41.31562805175781,False,3400,1190,0.05670427911421832,0.16240583307602827,232.26072380514705,665.2142660189076
1,first_label_token,7,16,16,316.22776601683796,41.38939666748047,False,3400,1190,0.045134258165079,0.15388493257410385,184.8699233111213,630.3126674107143
1,first_label_token,8,16,16,316.22776601683796,41.866024017333984,False,3400,1190,0.04393214092535131,0.1513742583138602,179.94605181525736,620.0289390756302
1,first_label_token,9,16,16,1000.0,42.74323654174805,False,3400,1190,0.051022197078256046,0.1522930545967166,208.9869175091912,623.7923450630252
1,first_label_token,10,16,16,1000.0,42.506568908691406,False,3400,1190,0.04988213644308202,0.15213875409935704,204.3172305836397,623.1603269432773
1,first_label_token,11,16,16,1000.0,43.15683364868164,False,3400,1190,0.04975297598277821,0.15324729791208475,203.78818646599265,627.7009453781512
1,first_label_token,12,16,16,1000.0,43.5905647277832,False,3400,1190,0.051256145028507005,0.15628163794509503,209.9451726217831,640.1296087184874
1,first_label_token,13,16,16,1000.0,43.91820526123047,False,3400,1190,0.05036135484190548,0.15527881654370732,206.28011287913603,636.0220259978992
1,first_label_token,14,16,16,1000.0,43.5866584777832,False,3400,1190,0.04996803213568295,0.15644143529298926,204.66906106387867,640.784109112395
1,first_label_token,15,16,16,316.22776601683796,43.37226867675781,False,3400,1190,0.04287232220172882,0.15634156876251476,175.60503367704504,640.3750459558823
1,first_label_token,16,16,16,316.22776601683796,42.258243560791016,False,3400,1190,0.04454117205213098,0.15834415419762876,182.4406425924862,648.5776621586134
1,first_label_token,17,16,16,1000.0,43.023441314697266,False,3400,1190,0.05129471877041985,0.15955425230394893,210.10317009420956,653.5342240021008
1,first_label_token,18,16,16,316.22776601683796,41.384586334228516,False,3400,1190,0.045107020069571103,0.16240456204454437,184.75834932215074,665.2090730042016
1,first_label_token,19,16,16,316.22776601683796,39.17295455932617,False,3400,1190,0.046861268597490645,0.16260121129140132,191.94375473920036,666.0145417542017
1,first_label_token,20,16,16,316.22776601683796,39.85469436645508,False,3400,1190,0.04792998697827844,0.16556517015986083,196.32123018152575,678.154943539916
1,first_label_token,21,16,16,316.22776601683796,39.813358306884766,False,3400,1190,0.04999430160312092,0.16615757581566562,204.77665742761948,680.5814075630252
1,first_label_token,22,16,16,316.22776601683796,39.921348571777344,False,3400,1190,0.04909306017791524,0.16723967880761925,201.08516989315257,685.0136882878152
1,first_label_token,23,16,16,316.22776601683796,40.2115592956543,False,3400,1190,0.05076316325103535,0.16774287584449063,207.92591890222886,687.0748128939076
1,first_label_token,24,16,16,316.22776601683796,41.893280029296875,False,3400,1190,0.05167832760249867,0.16891341810466862,211.67443194221048,691.8693539915967
1,first_label_token,25,16,16,316.22776601683796,40.92124938964844,False,3400,1190,0.05161903688136269,0.1687059009776396,211.4315739171645,691.019393382353
1,first_label_token,26,16,16,316.22776601683796,41.05839920043945,False,3400,1190,0.05093245448435054,0.16842721891002493,208.61932832605697,689.8778755252101
1,first_label_token,27,16,16,316.22776601683796,41.14136505126953,False,3400,1190,0.04958715708816753,0.17287195430082433,203.10899428423713,708.0835346638655
1,first_label_token,28,16,16,1000.0,42.24057388305664,False,3400,1190,0.05638481708133922,0.17150037989896885,230.95220875459557,702.4655724789916
1,last_label_token,0,16,16,3162.2776601683795,48.066070556640625,False,3400,1190,0.11690539892982034,0.19668317842884225,478.84452205882354,805.6142988445379
1,last_label_token,1,16,16,3162.2776601683795,46.80813980102539,False,3400,1190,0.10147770068224739,0.1855930296312861,415.6526619944853,760.189055934874
1,last_label_token,2,16,16,1000.0,44.04792404174805,False,3400,1190,0.06770338647505816,0.17716816253020984,277.3130678423713,725.6808167016807
1,last_label_token,3,16,16,1000.0,41.387481689453125,False,3400,1190,0.060031264108770035,0.17071640431380072,245.88805865119485,699.2543953518907
1,last_label_token,4,16,16,1000.0,39.97775650024414,False,3400,1190,0.05226106454344357,0.163682189107943,214.06131721047794,670.4422400210084
1,last_label_token,5,16,16,1000.0,37.9644775390625,False,3400,1190,0.04177009372150197,0.15596034426649077,171.09030244715075,638.8135766806722
1,last_label_token,6,16,16,316.22776601683796,38.43574142456055,False,3400,1190,0.027637769018902497,0.15223678540782767,113.20430247587316,623.5618697478992
1,last_label_token,7,16,16,316.22776601683796,36.83559799194336,False,3400,1190,0.02409313910147723,0.14587170416567505,98.68549639533548,597.490500262605
1,last_label_token,8,16,16,316.22776601683796,36.80412292480469,False,3400,1190,0.022153526527040144,0.1437076055703043,90.74084530101103,588.6263392857143
1,last_label_token,9,16,16,316.22776601683796,36.879478454589844,False,3400,1190,0.02191427362315795,0.14113946642194475,89.7608655503217,578.1072544642857
1,last_label_token,10,16,16,316.22776601683796,38.06547927856445,False,3400,1190,0.0221407849297804,0.14170777537241702,90.68865363625919,580.4350397190126
1,last_label_token,11,16,16,316.22776601683796,37.232032775878906,False,3400,1190,0.022198058208998513,0.14298929406815217,90.92324426987592,585.6841485031513
1,last_label_token,12,16,16,316.22776601683796,37.786014556884766,False,3400,1190,0.022496605831034043,0.1455615300090373,92.1460969094669,596.2200269170168
1,last_label_token,13,16,16,316.22776601683796,38.133087158203125,False,3400,1190,0.02122386371388155,0.14567627466025473,86.9329447667739,596.6900275735294
1,last_label_token,14,16,16,316.22776601683796,37.23535919189453,False,3400,1190,0.021409115090089685,0.14651644570486885,87.69173741957721,600.1313648897059
1,last_label_token,15,16,16,316.22776601683796,37.742042541503906,False,3400,1190,0.021942810696714065,0.14879965421532382,89.87775268554688,609.4833869485294
1,last_label_token,16,16,16,316.22776601683796,38.55454635620117,False,3400,1190,0.02301831967690412,0.15234025025568088,94.28303725298713,623.9856584821429
1,last_label_token,17,16,16,316.22776601683796,39.16242599487305,False,3400,1190,0.022972036775420694,0.1528533318463494,94.09346177045036,626.0872570903362
1,last_label_token,18,16,16,316.22776601683796,38.7910041809082,False,3400,1190,0.023487345751594096,0.15523004371578955,96.20416812672335,635.8222623424369
1,last_label_token,19,16,16,316.22776601683796,38.03649139404297,False,3400,1190,0.024572926233796512,0.15849340102251838,100.65070642807905,649.1889705882353
1,last_label_token,20,16,16,316.22776601683796,37.37528991699219,False,3400,1190,0.025798589359311497,0.1616149068880482,105.67102208754595,661.9746651785714
1,last_label_token,21,16,16,316.22776601683796,38.239376068115234,False,3400,1190,0.026410114309367013,0.1650016127514238,108.1758292164522,675.8466255252101
1,last_label_token,22,16,16,316.22776601683796,37.87718963623047,False,3400,1190,0.027113499168087453,0.16513184859973043,111.05689065372242,676.3800354516807
1,last_label_token,23,16,16,316.22776601683796,39.15596389770508,False,3400,1190,0.027486447551671195,0.16806359010584215,112.58448802274816,688.3884782037815
1,last_label_token,24,16,16,316.22776601683796,38.63589859008789,False,3400,1190,0.02673218011856079,0.1678488755426487,109.49501156077666,687.5089909401261
1,last_label_token,25,16,16,316.22776601683796,38.90968704223633,False,3400,1190,0.027405815562781165,0.1681585271819299,112.25422119140624,688.777350315126
1,last_label_token,26,16,16,316.22776601683796,38.98509216308594,False,3400,1190,0.02711482840425828,0.16977137557598723,111.06233628216911,695.3835609243697
1,last_label_token,27,16,16,316.22776601683796,41.076053619384766,False,3400,1190,0.028252801018602707,0.1730970294535661,115.72347225413603,709.0054260766807
1,last_label_token,28,16,16,316.22776601683796,39.80345153808594,False,3400,1190,0.02682513335171868,0.17126976702393604,109.87574534696691,701.5209755777311
2,pre_label_token,0,16,16,0.01,55.73133850097656,True,3400,1190,0.19782810098984663,0.21711736246317376,810.3039039522059,889.312762605042
2,pre_label_token,1,16,16,1000.0,45.659263610839844,False,3400,1190,0.09134827978470746,0.19856388188209853,374.16254653033087,813.3176733193277
2,pre_label_token,2,16,16,1000.0,46.20027542114258,False,3400,1190,0.08808620508979348,0.19586104865835494,360.80108685661764,802.2468618697479
2,pre_label_token,3,16,16,1000.0,44.6706657409668,False,3400,1190,0.07695491440155927,0.19342638384394284,315.2073288143382,792.2744550945379
2,pre_label_token,4,16,16,1000.0,40.395748138427734,False,3400,1190,0.05757904971347136,0.18458349243933414,235.8437867647059,756.0539850315126
2,pre_label_token,5,16,16,316.22776601683796,39.24445724487305,False,3400,1190,0.04425511549500858,0.18543481906922926,181.26895479090072,759.5410189075631
2,pre_label_token,6,16,16,316.22776601683796,37.27691650390625,False,3400,1190,0.03992503699134378,0.17961566348035796,163.5329541015625,735.7057773109244
2,pre_label_token,7,16,16,316.22776601683796,36.4238166809082,False,3400,1190,0.035586132407188414,0.17642163348798992,145.76080049402574,722.6230173319328
2,pre_label_token,8,16,16,316.22776601683796,36.13944625854492,False,3400,1190,0.03432099128470701,0.1733341954335445,140.57878188189338,709.9768644957983
2,pre_label_token,9,16,16,316.22776601683796,35.44562911987305,False,3400,1190,0.030817403723211848,0.15966288462406447,126.22808794806986,653.9791819852941
2,pre_label_token,10,16,16,316.22776601683796,35.696224212646484,False,3400,1190,0.02984161085942212,0.15934998648507254,122.23123606962317,652.6975643382353
2,pre_label_token,11,16,16,316.22776601683796,35.51167678833008,False,3400,1190,0.03094749829348396,0.1602707085489225,126.76095286649816,656.4688353466387
2,pre_label_token,12,16,16,316.22776601683796,35.19287872314453,False,3400,1190,0.029409435251179863,0.15897483024276604,120.46104836856618,651.1609178046218
2,pre_label_token,13,16,16,316.22776601683796,35.360904693603516,False,3400,1190,0.027443634271621706,0.1565670253849831,112.40912755629596,641.2985425420168
2,pre_label_token,14,16,16,316.22776601683796,34.950965881347656,False,3400,1190,0.027012876272201537,0.15828027164234834,110.64474365234375,648.3159992121849
2,pre_label_token,15,16,16,316.22776601683796,34.96989822387695,False,3400,1190,0.02688605522408205,0.15817729324853722,110.12528205422794,647.8941734506302
2,pre_label_token,16,16,16,316.22776601683796,34.596534729003906,False,3400,1190,0.02693022394881529,0.15807382599646305,110.30619700712316,647.4703617384454
2,pre_label_token,17,16,16,100.0,34.88655471801758,False,3400,1190,0.02627764831571018,0.16241433760699103,107.63325159409467,665.2491202731093
2,pre_label_token,18,16,16,100.0,35.8091926574707,False,3400,1190,0.027842034031363094,0.1665478586148815,114.04097196691177,682.1800223214286
2,pre_label_token,19,16,16,100.0,36.74678039550781,False,3400,1190,0.028545649928205154,0.1677900354401404,116.92298224954044,687.2679785976891
2,pre_label_token,20,16,16,100.0,36.64198684692383,False,3400,1190,0.030687112667981315,0.17450889539317924,125.69441198012409,714.7884420955883
2,pre_label_token,21,16,16,100.0,38.36351776123047,False,3400,1190,0.031366180041257075,0.17522247218284287,128.4758742388557,717.7112559086135
2,pre_label_token,22,16,16,316.22776601683796,40.515296936035156,False,3400,1190,0.03352703701047336,0.1760215038011054,137.32674158432906,720.9840861344538
2,pre_label_token,23,16,16,316.22776601683796,41.11786651611328,False,3400,1190,0.033598940968513485,0.17656930073970506,137.62125789866727,723.2278558298319
2,pre_label_token,24,16,16,316.22776601683796,41.69051742553711,False,3400,1190,0.0333442558260525,0.1764795543766823,136.57807373046876,722.8602284663865
2,pre_label_token,25,16,16,316.22776601683796,43.190879821777344,False,3400,1190,0.03389342164292055,0.17802849136480764,138.82745461856618,729.2047006302521
2,pre_label_token,26,16,16,316.22776601683796,43.05908203125,False,3400,1190,0.033513007970417244,0.1804110551080784,137.26927992876838,738.963675157563
2,pre_label_token,27,16,16,1000.0,44.563716888427734,False,3400,1190,0.0414608597054201,0.17766010701155463,169.8236802045037,727.6957917542017
2,pre_label_token,28,16,16,316.22776601683796,43.59445571899414,False,3400,1190,0.03548755631727331,0.17643019572025587,145.3570286649816,722.6581046481092
2,first_label_token,0,16,16,3162.2776601683795,49.86756134033203,False,3400,1190,0.12504377084619858,0.19385919490782152,512.1792991727941,794.0472426470589
2,first_label_token,1,16,16,1000.0,46.622859954833984,False,3400,1190,0.08922163921244004,0.18231450730011242,365.4518307674632,746.7602415966387
2,first_label_token,2,16,16,1000.0,44.35440444946289,False,3400,1190,0.0819254591885735,0.1748704172983891,335.56667853860296,716.2692292542017
2,first_label_token,3,16,16,1000.0,44.56285095214844,False,3400,1190,0.08048111095147974,0.17064773495457752,329.6506298828125,698.9731289390757
2,first_label_token,4,16,16,1000.0,41.803524017333984,False,3400,1190,0.06759244974921731,0.1658319168731946,276.8586744600184,679.2475315126051
2,first_label_token,5,16,16,1000.0,39.770294189453125,False,3400,1190,0.05698935592875761,0.1607972177136846,233.42840274586396,658.6254037552521
2,first_label_token,6,16,16,316.22776601683796,39.668067932128906,False,3400,1190,0.04679726165883681,0.15850277107302882,191.68158332375918,649.2273174894958
2,first_label_token,7,16,16,316.22776601683796,40.66150665283203,False,3400,1190,0.04230226236231187,0.14906974760424188,173.27006735409006,610.5896927521009
2,first_label_token,8,16,16,316.22776601683796,39.17182159423828,False,3400,1190,0.03916294539675993,0.1464244690261969,160.4114196059283,599.7546103597689
2,first_label_token,9,16,16,316.22776601683796,41.58525466918945,False,3400,1190,0.037022488257464244,0.14622025209314682,151.64411147173712,598.9181361607143
2,first_label_token,10,16,16,316.22776601683796,40.49156188964844,False,3400,1190,0.03674101924195009,0.1437778304604923,150.4912162511489,588.913998490021
2,first_label_token,11,16,16,316.22776601683796,39.93596267700195,False,3400,1190,0.03379864275455475,0.1423477220935982,138.4392412971048,583.056243434874
2,first_label_token,12,16,16,316.22776601683796,38.89628601074219,False,3400,1190,0.03397022640003877,0.14392809507225743,139.14204661649816,589.5294774159664
2,first_label_token,13,16,16,316.22776601683796,39.615623474121094,False,3400,1190,0.032312027917188756,0.14380494446313682,132.35006706686582,589.0250590861344
2,first_label_token,14,16,16,316.22776601683796,38.06196975708008,False,3400,1190,0.03145312961410074,0.14709439958844867,128.83201645795037,602.4986541491596
2,first_label_token,15,16,16,316.22776601683796,38.24604415893555,False,3400,1190,0.031625671702272755,0.14935389526751863,129.53875014361213,611.7535550157563
2,first_label_token,16,16,16,316.22776601683796,37.50336837768555,False,3400,1190,0.031444659899262824,0.1515906806753463,128.79732694738053,620.9154346113445
2,first_label_token,17,16,16,316.22776601683796,37.6190071105957,False,3400,1190,0.031113303969888127,0.15257642810084238,127.44009291704963,624.9530527836134
2,first_label_token,18,16,16,316.22776601683796,38.3038330078125,False,3400,1190,0.032617927719564996,0.15514723192743896,133.6030301441866,635.4830422794117
2,first_label_token,19,16,16,316.22776601683796,36.379974365234375,False,3400,1190,0.034448271463899054,0.15778126115558527,141.10012005974264,646.2720325630252
2,first_label_token,20,16,16,316.22776601683796,36.52965545654297,False,3400,1190,0.03654366659767488,0.16064162053981748,149.68285888671875,657.9880514705883
2,first_label_token,21,16,16,316.22776601683796,36.532169342041016,False,3400,1190,0.035762001538977906,0.1617084919905462,146.4811565803079,662.3579766281513
2,first_label_token,22,16,16,316.22776601683796,36.83055877685547,False,3400,1190,0.038914149666533754,0.16193829865014853,159.39235552619485,663.2992909663866
2,first_label_token,23,16,16,316.22776601683796,36.947147369384766,False,3400,1190,0.03925509570276036,0.1651311698080111,160.78887156767004,676.3772780987395
2,first_label_token,24,16,16,316.22776601683796,37.12742614746094,False,3400,1190,0.037904473543167116,0.16572583623293066,155.2567227711397,678.813025210084
2,first_label_token,25,16,16,316.22776601683796,37.18606185913086,False,3400,1190,0.03892976438297945,0.16423138049470276,159.45631649241727,672.6917279411765
2,first_label_token,26,16,16,316.22776601683796,37.61599349975586,False,3400,1190,0.039032991055180044,0.16640652408119008,159.8791321518842,681.6011226365546
2,first_label_token,27,16,16,316.22776601683796,37.76711654663086,False,3400,1190,0.03614722784827737,0.16900348823611475,148.05904641544117,692.2382943802521
2,first_label_token,28,16,16,316.22776601683796,38.95497512817383,False,3400,1190,0.03641801217023064,0.16880305554686476,149.16817734662223,691.4173023897059
2,last_label_token,0,16,16,3162.2776601683795,47.90935134887695,False,3400,1190,0.11610539899152868,0.1962280834422392,475.5677119715074,803.7502363445378
2,last_label_token,1,16,16,1000.0,44.56928253173828,False,3400,1190,0.07665997932938969,0.17893678040063682,313.99926872702207,732.9250623686975
2,last_label_token,2,16,16,1000.0,42.66409683227539,False,3400,1190,0.06653231157976039,0.17771662383520304,272.51635052849264,727.9272846638655
2,last_label_token,3,16,16,1000.0,41.82155990600586,False,3400,1190,0.06246087663313922,0.16951954625233884,255.8397535615809,694.3520220588235
2,last_label_token,4,16,16,1000.0,38.55051040649414,False,3400,1190,0.05211872472482569,0.16361901900347542,213.47829877068014,670.1835018382353
2,last_label_token,5,16,16,1000.0,38.055686950683594,False,3400,1190,0.04322742588379804,0.1570937389085273,177.0595335477941,643.4559742647059
2,last_label_token,6,16,16,316.22776601683796,38.67534255981445,False,3400,1190,0.030016922249513515,0.15443702264994133,122.94931137982537,632.5740283613445
2,last_label_token,7,16,16,316.22776601683796,38.00637435913086,False,3400,1190,0.02495331220767077,0.1427651669798779,102.2087680233226,584.7661173844538
2,last_label_token,8,16,16,100.0,36.95768737792969,False,3400,1190,0.02248102817465277,0.14020364585043002,92.08229262408088,574.2741399684874
2,last_label_token,9,16,16,100.0,37.015869140625,False,3400,1190,0.021590441307600808,0.13857187864159334,88.43444888844209,567.5904181985294
2,last_label_token,10,16,16,100.0,36.57581329345703,False,3400,1190,0.022092182320706984,0.13883565614203444,90.48957720588236,568.6708574054621
2,last_label_token,11,16,16,316.22776601683796,36.5888671875,False,3400,1190,0.022223954235806184,0.13825753957283596,91.0293168370864,566.3029017857143
2,last_label_token,12,16,16,100.0,35.82290267944336,False,3400,1190,0.020495440100922305,0.1387195883678789,83.94932229434743,568.1954273897059
2,last_label_token,13,16,16,100.0,36.292720794677734,False,3400,1190,0.019788310001878178,0.14102013531853172,81.05291834214154,577.6184676995798
2,last_label_token,14,16,16,100.0,34.72727966308594,False,3400,1190,0.020089105595560635,0.14296486558032637,82.2849745088465,585.5840926995799
2,last_label_token,15,16,16,100.0,35.03770065307617,False,3400,1190,0.020180707188213572,0.14556086724545775,82.66017908432904,596.2173056722689
2,last_label_token,16,16,16,316.22776601683796,35.824371337890625,False,3400,1190,0.021429678219206192,0.1477021730246664,87.77596263212317,604.9880777310924
2,last_label_token,17,16,16,316.22776601683796,36.30865478515625,False,3400,1190,0.02183079761617324,0.14839139585735417,89.4189466050092,607.8111443014706
2,last_label_token,18,16,16,316.22776601683796,36.430335998535156,False,3400,1190,0.022488470252822426,0.15048569190401992,92.11277329388787,616.3893874737395
2,last_label_token,19,16,16,316.22776601683796,35.8868522644043,False,3400,1190,0.0237079317780102,0.1547058738580271,97.10768612132352,633.6752691701681
2,last_label_token,20,16,16,316.22776601683796,36.89002227783203,False,3400,1190,0.024137876997975743,0.15659457775725036,98.86874267578125,641.4114003413865
2,last_label_token,21,16,16,316.22776601683796,37.16899871826172,False,3400,1190,0.025293886451160208,0.16281341504649954,103.60375782686121,666.8837414653361
2,last_label_token,22,16,16,316.22776601683796,36.77764892578125,False,3400,1190,0.025289210396654466,0.16309371595623112,103.58460312787224,668.0318605567227
2,last_label_token,23,16,16,316.22776601683796,37.25393295288086,False,3400,1190,0.025718520213575922,0.16597919143548534,105.34305922564339,679.8507582720588
2,last_label_token,24,16,16,316.22776601683796,37.49553680419922,False,3400,1190,0.025951015335672043,0.1649510808351661,106.29535859949449,675.6396402310925
2,last_label_token,25,16,16,316.22776601683796,37.76887130737305,False,3400,1190,0.025674379625741175,0.16539265448305787,105.16225887522978,677.448306197479
2,last_label_token,26,16,16,316.22776601683796,37.989784240722656,False,3400,1190,0.025112304003799664,0.16900519523300042,102.85999461454503,692.2452468487395
2,last_label_token,27,16,16,316.22776601683796,40.20205307006836,False,3400,1190,0.024323897396816927,0.1702374418242639,99.63068467084099,697.2925584296219
2,last_label_token,28,16,16,316.22776601683796,40.42549133300781,False,3400,1190,0.02419188841300852,0.17289626658463678,99.08997379078585,708.1831210609243
3,pre_label_token,0,16,16,0.01,55.73133850097656,True,3400,1190,0.19782810098984663,0.21711736246317376,810.3039039522059,889.312762605042
3,pre_label_token,1,16,16,1000.0,44.790679931640625,False,3400,1190,0.08090710597879747,0.1968601419144318,331.3955020680147,806.3391412815126
3,pre_label_token,2,16,16,1000.0,45.902503967285156,False,3400,1190,0.07852632452459897,0.1944850953687139,321.6438298483456,796.6109834558823
3,pre_label_token,3,16,16,1000.0,44.59951400756836,False,3400,1190,0.07062319503110998,0.19486654105306672,289.2726056985294,798.1733324579832
3,pre_label_token,4,16,16,1000.0,39.33060836791992,False,3400,1190,0.04771866251440609,0.184654569225151,195.45564682904413,756.3451352415966
3,pre_label_token,5,16,16,316.22776601683796,37.6568603515625,False,3400,1190,0.03424161644542918,0.18377197490018957,140.25365923713235,752.7300223214286
3,pre_label_token,6,16,16,316.22776601683796,36.97969055175781,False,3400,1190,0.03124047503751867,0.17628225839438558,127.9609854664522,722.0521467962185
3,pre_label_token,7,16,16,316.22776601683796,36.91551971435547,False,3400,1190,0.027781300053876988,0.16834825948506843,113.7922021484375,689.5544642857143
3,pre_label_token,8,16,16,316.22776601683796,36.68613052368164,False,3400,1190,0.027154538140577427,0.16351496271726465,111.22498922909007,669.7572807247899
3,pre_label_token,9,16,16,316.22776601683796,33.78401565551758,False,3400,1190,0.02210874343619627,0.1446332057984937,90.55741196576287,592.4175945378151
3,pre_label_token,10,16,16,100.0,32.974281311035156,False,3400,1190,0.01937601371723063,0.14069550858826196,79.364151467716,576.2888261554622
3,pre_label_token,11,16,16,100.0,32.64719009399414,False,3400,1190,0.019753840986420128,0.141770075950302,80.9117325367647,580.6902507878151
3,pre_label_token,12,16,16,100.0,32.42414093017578,False,3400,1190,0.01825396395781461,0.14254446750929375,74.7682360121783,583.8621323529412
3,pre_label_token,13,16,16,316.22776601683796,34.202720642089844,False,3400,1190,0.01834352104102864,0.13903739672748983,75.13506168141085,569.4971573004202
3,pre_label_token,14,16,16,100.0,33.19312286376953,False,3400,1190,0.017945738119237564,0.1373625090142258,73.50574319278492,562.6368599002101
3,pre_label_token,15,16,16,316.22776601683796,34.493831634521484,False,3400,1190,0.01943463665597579,0.13854841023933986,79.60427281996783,567.4942817752101
3,pre_label_token,16,16,16,316.22776601683796,35.188804626464844,False,3400,1190,0.019295663220040938,0.13927649089268276,79.03503712373622,570.4765165441177
3,pre_label_token,17,16,16,100.0,34.79902267456055,False,3400,1190,0.019179351505111245,0.1417459776421555,78.55862469841452,580.5915556066177
3,pre_label_token,18,16,16,100.0,35.999427795410156,False,3400,1190,0.019118505628669964,0.14454482022453757,78.3093994140625,592.0555705094538
3,pre_label_token,19,16,16,316.22776601683796,37.319190979003906,False,3400,1190,0.020542601031415603,0.14736483597955785,84.1424955480239,603.606381302521
3,pre_label_token,20,16,16,100.0,38.91398620605469,False,3400,1190,0.02155925459721509,0.15358530413202878,88.30670747644761,629.0853860294118
3,pre_label_token,21,16,16,316.22776601683796,40.82931900024414,False,3400,1190,0.023423737988752476,0.15447058276969847,95.94362994025735,632.7115135898109
3,pre_label_token,22,16,16,316.22776601683796,41.976768493652344,False,3400,1190,0.02335320935529821,0.1558345698508896,95.6547456629136,638.2983849789916
3,pre_label_token,23,16,16,316.22776601683796,43.0652961730957,False,3400,1190,0.02322155054877786,0.15614933206253692,95.11547147863051,639.5876641281512
3,pre_label_token,24,16,16,316.22776601683796,44.337547302246094,False,3400,1190,0.02319471257574418,0.15602495329720634,95.0055460133272,639.0782070640756
3,pre_label_token,25,16,16,1000.0,45.948974609375,False,3400,1190,0.030551277469186223,0.1572161578330673,125.13803481158088,643.9573890493698
3,pre_label_token,26,16,16,1000.0,46.80836486816406,False,3400,1190,0.03069689519265119,0.1569968880725508,125.73448558134191,643.0592240021008
3,pre_label_token,27,16,16,1000.0,47.06897735595703,False,3400,1190,0.03172233546481413,0.15873742624491202,129.93468692555146,650.1884978991596
3,pre_label_token,28,16,16,316.22776601683796,43.11085891723633,False,3400,1190,0.024738770232481114,0.1603559894722049,101.33000143612132,656.8181525735295
3,first_label_token,0,16,16,3162.2776601683795,51.42015075683594,False,3400,1190,0.12895868511760936,0.1970739380652163,528.2147822840074,807.21484375
3,first_label_token,1,16,16,1000.0,47.51749801635742,False,3400,1190,0.08869066532920389,0.18254587109349354,363.27697868795957,747.7078715861345
3,first_label_token,2,16,16,1000.0,44.29118728637695,False,3400,1190,0.0808162528627059,0.1745480946132115,331.0233682789522,714.9489955357143
3,first_label_token,3,16,16,1000.0,44.78038024902344,False,3400,1190,0.07911036323098575,0.17059315753584148,324.03605181525734,698.7495732668067
3,first_label_token,4,16,16,1000.0,42.21616744995117,False,3400,1190,0.06896821302526138,0.16290282882562204,282.4938011259191,667.2499901523109
3,first_label_token,5,16,16,1000.0,39.5173225402832,False,3400,1190,0.05619164768387289,0.15897113495514173,230.1609920726103,651.1457819065126
3,first_label_token,6,16,16,316.22776601683796,39.09513473510742,False,3400,1190,0.043767565839430866,0.1592849979881479,179.2719478113511,652.4313583245798
3,first_label_token,7,16,16,316.22776601683796,40.93054962158203,False,3400,1190,0.0383550555565778,0.1450774024514591,157.10230842141544,594.2370470063025
3,first_label_token,8,16,16,316.22776601683796,40.59723663330078,False,3400,1190,0.03598567086107591,0.14279800062419987,147.39730928308825,584.9005974264705
3,first_label_token,9,16,16,316.22776601683796,39.09007263183594,False,3400,1190,0.03306324145373176,0.14010068508757262,135.42703685087315,573.8524241727941
3,first_label_token,10,16,16,316.22776601683796,38.99834442138672,False,3400,1190,0.03170097354580374,0.13586193212941916,129.84718448414523,556.4904526654411
3,first_label_token,11,16,16,316.22776601683796,38.85258102416992,False,3400,1190,0.028937366780112772,0.13457002239067015,118.52745533662684,551.1988182773109
3,first_label_token,12,16,16,316.22776601683796,37.1068229675293,False,3400,1190,0.028578280455925885,0.1356107936185949,117.05663667566635,555.4618106617647
3,first_label_token,13,16,16,316.22776601683796,36.98865509033203,False,3400,1190,0.026785928151186775,0.13600435737802202,109.71516400505514,557.0738576680673
3,first_label_token,14,16,16,316.22776601683796,37.884273529052734,False,3400,1190,0.027568364914725807,0.13866600068677373,112.92002470128676,567.9759519432773
3,first_label_token,15,16,16,100.0,36.0562858581543,False,3400,1190,0.02504299141028348,0.1405594264759737,102.57609382180607,575.7314403886554
3,first_label_token,16,16,16,316.22776601683796,37.935752868652344,False,3400,1190,0.026031404908965616,0.14117303896351022,106.62463436351103,578.244787289916
3,first_label_token,17,16,16,316.22776601683796,38.114173889160156,False,3400,1190,0.027401530146598817,0.14444296780754537,112.23666475183823,591.6383928571429
3,first_label_token,18,16,16,316.22776601683796,37.40937423706055,False,3400,1190,0.028257770398083856,0.14529422952347443,115.74382510914522,595.1251542804622
3,first_label_token,19,16,16,316.22776601683796,36.87820053100586,False,3400,1190,0.02883257441660937,0.14751758575439453,118.09822696461397,604.23203125
3,first_label_token,20,16,16,316.22776601683796,36.347660064697266,False,3400,1190,0.030059680272551143,0.1502072598753857,123.12445068359375,615.2489495798319
3,first_label_token,21,16,16,316.22776601683796,35.861907958984375,False,3400,1190,0.029397739943336037,0.15159009003839574,120.41314043830423,620.913015362395
3,first_label_token,22,16,16,316.22776601683796,36.254730224609375,False,3400,1190,0.030598131646128263,0.15324123927525113,125.32994607364431,627.6761390493698
3,first_label_token,23,16,16,316.22776601683796,36.37330627441406,False,3400,1190,0.031356274170034074,0.15470502276380524,128.43529878504137,633.671753545168
3,first_label_token,24,16,16,316.22776601683796,36.332942962646484,False,3400,1190,0.03180854632573969,0.15557219160705055,130.2878043859145,637.223696822479
3,first_label_token,25,16,16,316.22776601683796,36.545291900634766,False,3400,1190,0.0312750262372634,0.1569724123017127,128.10250502642464,642.9589975052521
3,first_label_token,26,16,16,316.22776601683796,36.956844329833984,False,3400,1190,0.03072047761257957,0.15665331447825712,125.83107960420496,641.6519892331933
3,first_label_token,27,16,16,316.22776601683796,37.97218322753906,False,3400,1190,0.03189048994989956,0.15792924095602595,130.62344740923714,646.8781775210084
3,first_label_token,28,16,16,316.22776601683796,38.62224578857422,False,3400,1190,0.03292132277699078,0.15996188636587447,134.84573608398438,655.2038865546218
3,last_label_token,0,16,16,3162.2776601683795,47.64379119873047,False,3400,1190,0.11567318776074578,0.19541684318991268,473.7973736213235,800.4273765756302
3,last_label_token,1,16,16,1000.0,45.90666580200195,False,3400,1190,0.07719111477627474,0.17993309838431223,316.17480669806986,737.0059775472689
3,last_label_token,2,16,16,1000.0,43.04452133178711,False,3400,1190,0.06704459428787231,0.17538160917137852,274.6146550436581,718.3630711659664
3,last_label_token,3,16,16,1000.0,41.23574447631836,False,3400,1190,0.06059775850352119,0.16881374070624344,248.20842830882353,691.4611016281513
3,last_label_token,4,16,16,1000.0,38.82721710205078,False,3400,1190,0.05230077848714941,0.16051982591132155,214.2239901194853,657.4892266281513
3,last_label_token,5,16,16,1000.0,39.14382553100586,False,3400,1190,0.04285927421906415,0.15570074129505318,175.5515854779412,637.7502166491597
3,last_label_token,6,16,16,316.22776601683796,38.48843002319336,False,3400,1190,0.02971130742746241,0.15159642916767538,121.6975186695772,620.9389673056722
3,last_label_token,7,16,16,316.22776601683796,37.6679801940918,False,3400,1190,0.024552900405491098,0.13855493489433737,100.56868149701286,567.5210280987395
3,last_label_token,8,16,16,100.0,36.52458190917969,False,3400,1190,0.021123511002344244,0.1345174016070967,86.52190228630515,550.9832654936974
3,last_label_token,9,16,16,100.0,35.928096771240234,False,3400,1190,0.019460526406764985,0.13292998626452535,79.71031731100643,544.4812352284664
3,last_label_token,10,16,16,100.0,34.84878158569336,False,3400,1190,0.018869404372046976,0.13108614873485405,77.28908131318934,536.9288471638655
3,last_label_token,11,16,16,100.0,34.97007751464844,False,3400,1190,0.018507858409601098,0.13121585765806568,75.80818811753217,537.4601726628151
3,last_label_token,12,16,16,100.0,34.51941680908203,False,3400,1190,0.01785344611195957,0.13150417544260745,73.12771448471968,538.6410960477941
3,last_label_token,13,16,16,100.0,33.470664978027344,False,3400,1190,0.01712724210584865,0.13154373088804613,70.15318237304687,538.8031364889706
3,last_label_token,14,16,16,100.0,34.735496520996094,False,3400,1190,0.017644510462003597,0.1336939595326656,72.27191628848806,547.6104516806722
3,last_label_token,15,16,16,100.0,33.60316467285156,False,3400,1190,0.01747043872580809,0.13637674556058996,71.55891745174632,558.599158022584
3,last_label_token,16,16,16,100.0,34.94045639038086,False,3400,1190,0.01798721145181095,0.13924355867530117,73.67561875287224,570.3416032037815
3,last_label_token,17,16,16,316.22776601683796,35.58216857910156,False,3400,1190,0.019543033242225647,0.14008557375739603,80.04826387293198,573.7905150341387
3,last_label_token,18,16,16,316.22776601683796,36.144901275634766,False,3400,1190,0.020474180579185486,0.1424327497722722,83.86224300608916,583.4045299369748
3,last_label_token,19,16,16,100.0,36.34529113769531,False,3400,1190,0.019791788038085487,0.14528484264341723,81.06716437844669,595.0867384453782
3,last_label_token,20,16,16,316.22776601683796,35.957088470458984,False,3400,1190,0.022106053724008447,0.14801595511556673,90.54639935661764,606.2733521533613
3,last_label_token,21,16,16,316.22776601683796,37.191688537597656,False,3400,1190,0.020923650965971104,0.15090324818587103,85.70327478745405,618.0997176995799
3,last_label_token,22,16,16,316.22776601683796,37.30023193359375,False,3400,1190,0.021872544358758364,0.15311149949787042,89.5899411908318,627.1446953781513
3,last_label_token,23,16,16,316.22776601683796,37.43421173095703,False,3400,1190,0.022612594085581163,0.15375040519137342,92.62118451286764,629.7616399684874
3,last_label_token,24,16,16,316.22776601683796,37.38901901245117,False,3400,1190,0.02195240499342189,0.1557582943379378,89.91705307904412,637.985947347689
3,last_label_token,25,16,16,316.22776601683796,38.32591247558594,False,3400,1190,0.02137459909214693,0.15566660776859573,87.55035845588235,637.6104254201681
3,last_label_token,26,16,16,316.22776601683796,40.04991912841797,False,3400,1190,0.021732087906669167,0.1571380615234375,89.01463242474725,643.6374901523109
3,last_label_token,27,16,16,316.22776601683796,40.407535552978516,False,3400,1190,0.021417924674118266,0.16026980856887432,87.72781881893383,656.4651194852942
3,last_label_token,28,16,16,316.22776601683796,42.031455993652344,False,3400,1190,0.02146223378532073,0.16608540671212332,87.90931073357078,680.2858455882352
4,pre_label_token,0,16,16,0.01,55.73133850097656,True,3400,1190,0.19782810098984663,0.21711736246317376,810.3039039522059,889.312762605042
4,pre_label_token,1,16,16,1000.0,44.764381408691406,False,3400,1190,0.07263175417395198,0.1992497724645278,297.4996622242647,816.127081144958
4,pre_label_token,2,16,16,1000.0,47.1963996887207,False,3400,1190,0.0740395865720861,0.19183932071974297,303.26614372702204,785.7738511029412
4,pre_label_token,3,16,16,1000.0,44.88279342651367,False,3400,1190,0.06617231186698465,0.19358205074021798,271.0417865349265,792.9120863970588
4,pre_label_token,4,16,16,316.22776601683796,38.11374282836914,False,3400,1190,0.03607548748745638,0.1895655768258231,147.76519416360293,776.4606026785714
4,pre_label_token,5,16,16,316.22776601683796,36.04222869873047,False,3400,1190,0.028637123774079714,0.17663779539220473,117.29765782973345,723.5084099264706
4,pre_label_token,6,16,16,316.22776601683796,35.16705322265625,False,3400,1190,0.025815086434869204,0.1691796951935071,105.7385933191636,692.9600512079832
4,pre_label_token,7,16,16,316.22776601683796,35.405914306640625,False,3400,1190,0.022870400092181036,0.16095559096136014,93.67715892118567,659.2741005777311
4,pre_label_token,8,16,16,100.0,34.57087326049805,False,3400,1190,0.020257975073421704,0.1586904734122653,82.97666597254135,649.9961987920168
4,pre_label_token,9,16,16,100.0,32.861629486083984,False,3400,1190,0.01640799475066802,0.13695669494757132,67.20714736040901,560.974609375
4,pre_label_token,10,16,16,100.0,32.916351318359375,False,3400,1190,0.015647970122449537,0.13277090457307192,64.09408432904412,543.8296251313026
4,pre_label_token,11,16,16,100.0,32.736778259277344,False,3400,1190,0.01595165010760812,0.13125342601487616,65.33795970243567,537.6140395220589
4,pre_label_token,12,16,16,100.0,32.442161560058594,False,3400,1190,0.01460404881659676,0.13057128521574646,59.818182373046874,534.8199908088235
4,pre_label_token,13,16,16,100.0,33.20922088623047,False,3400,1190,0.01334200068431742,0.1269855435155019,54.64883480296415,520.1327960871848
4,pre_label_token,14,16,16,100.0,33.380767822265625,False,3400,1190,0.015164860557107364,0.13169343291210528,62.1152681238511,539.4163012079832
4,pre_label_token,15,16,16,316.22776601683796,35.14863586425781,False,3400,1190,0.01687579286449096,0.1325367194263875,69.12324757295497,542.8704076943277
4,pre_label_token,16,16,16,316.22776601683796,35.93976974487305,False,3400,1190,0.016445653964491453,0.13332104803133413,67.36139950022978,546.0830094537815
4,pre_label_token,17,16,16,100.0,34.8386116027832,False,3400,1190,0.0167311755611616,0.13627993800059085,68.53089678596048,558.202603072479
4,pre_label_token,18,16,16,100.0,35.494258880615234,False,3400,1190,0.016620514725937563,0.13954662515335725,68.07762824563419,571.5829700630252
4,pre_label_token,19,16,16,316.22776601683796,37.045413970947266,False,3400,1190,0.01808509830166312,0.1427872156896511,74.07656278722426,584.8564092043067
4,pre_label_token,20,16,16,100.0,38.6587028503418,False,3400,1190,0.019395704041509067,0.1481363873521821,79.44480497472426,606.7666343881302
4,pre_label_token,21,16,16,316.22776601683796,40.74055862426758,False,3400,1190,0.02096015889854992,0.15039699818907665,85.85281048943014,616.0260996586135
4,pre_label_token,22,16,16,316.22776601683796,42.230228424072266,False,3400,1190,0.020856738616438473,0.15157709322055848,85.42920122931986,620.859762342437
4,pre_label_token,23,16,16,316.22776601683796,43.46174621582031,False,3400,1190,0.020741733522976147,0.15106903805452235,84.95813864315258,618.7787765887605
4,pre_label_token,24,16,16,316.22776601683796,44.90095520019531,False,3400,1190,0.02098489466835471,0.15189479379092946,85.9541264073989,622.161068802521
4,pre_label_token,25,16,16,1000.0,46.475223541259766,False,3400,1190,0.027966801559223847,0.15369359024432527,114.5520206227022,629.5289489233194
4,pre_label_token,26,16,16,1000.0,47.29056167602539,False,3400,1190,0.027637311921400183,0.15315930422614601,113.20242761948529,627.3405199579832
4,pre_label_token,27,16,16,1000.0,47.627681732177734,False,3400,1190,0.028395613011191874,0.15476809990506213,116.30843060661765,633.9301372111345
4,pre_label_token,28,16,16,316.22776601683796,42.81863021850586,False,3400,1190,0.021603891796925487,0.15634519432773109,88.4895414464614,640.389911042542
4,first_label_token,0,16,16,3162.2776601683795,50.972412109375,False,3400,1190,0.12727707077475156,0.19264801249784583,521.3268887867647,789.0862591911765
4,first_label_token,1,16,16,1000.0,46.50292205810547,False,3400,1190,0.08827610296361586,0.1786918840488466,361.57892377068015,731.9219570640756
4,first_label_token,2,16,16,1000.0,44.23154067993164,False,3400,1190,0.08010640312643612,0.1738520061268526,328.1158237591912,712.0978236607143
4,first_label_token,3,16,16,1000.0,44.567115783691406,False,3400,1190,0.07736263331244973,0.17267265800668413,316.8773463350184,707.2672104779411
4,first_label_token,4,16,16,1000.0,41.38482666015625,False,3400,1190,0.06470969424528235,0.16206511569624188,265.05089958639707,663.818746717437
4,first_label_token,5,16,16,1000.0,39.63905334472656,False,3400,1190,0.05472972799749935,0.15661837473636916,224.1729678883272,641.508856355042
4,first_label_token,6,16,16,316.22776601683796,39.065059661865234,False,3400,1190,0.04228718336890726,0.15381931737691415,173.2083016429228,630.0439371060925
4,first_label_token,7,16,16,316.22776601683796,39.919864654541016,False,3400,1190,0.038079197336645686,0.14015499764129896,155.972392578125,574.0748703387605
4,first_label_token,8,16,16,316.22776601683796,38.73453903198242,False,3400,1190,0.035228769849328434,0.13823474034541794,144.29704474954045,566.2095161502101
4,first_label_token,9,16,16,316.22776601683796,38.684852600097656,False,3400,1190,0.03150893551461837,0.13577225027965897,129.0605992934283,556.1231338629202
4,first_label_token,10,16,16,316.22776601683796,36.66375732421875,False,3400,1190,0.027787256907014286,0.1324986810443782,113.81660400390625,542.7145991990546
4,first_label_token,11,16,16,316.22776601683796,36.99214172363281,False,3400,1190,0.026302598784951604,0.12998404302516905,107.73544505399816,532.4146615677521
4,first_label_token,12,16,16,316.22776601683796,36.113037109375,False,3400,1190,0.027286671750685748,0.13248017014575605,111.76620806525736,542.6387769170168
4,first_label_token,13,16,16,316.22776601683796,36.60090255737305,False,3400,1190,0.02601226031780243,0.13237251233653863,106.54621596392464,542.197794117647
4,first_label_token,14,16,16,316.22776601683796,36.38994216918945,False,3400,1190,0.025239469619358287,0.1348015528767049,103.38086511948529,552.1471556591387
4,first_label_token,15,16,16,316.22776601683796,36.02320098876953,False,3400,1190,0.026965469542671653,0.13768351458701766,110.45056209788603,563.9516741071428
4,first_label_token,16,16,16,316.22776601683796,36.804481506347656,False,3400,1190,0.024863545894622804,0.13712010022972812,101.84108513327206,561.6439469537816
4,first_label_token,17,16,16,316.22776601683796,35.9288444519043,False,3400,1190,0.02471595105002908,0.1392600007417823,101.23653578814339,570.4089745273109
4,first_label_token,18,16,16,316.22776601683796,36.14426040649414,False,3400,1190,0.0256883909071193,0.14165170573386826,105.2196484375,580.2053965336135
4,first_label_token,19,16,16,316.22776601683796,36.558406829833984,False,3400,1190,0.02710945734206368,0.14366010657879486,111.04033870921415,588.4317604385504
4,first_label_token,20,16,16,316.22776601683796,36.04081726074219,False,3400,1190,0.026197683565756854,0.14618139988234063,107.3057131060432,598.7590073529411
4,first_label_token,21,16,16,316.22776601683796,35.545135498046875,False,3400,1190,0.025476383216240826,0.14705138807537174,104.35126665900735,602.3224625787815
4,first_label_token,22,16,16,316.22776601683796,36.325843811035156,False,3400,1190,0.0263678600507624,0.14908184724695542,108.00275534237133,610.6392627363446
4,first_label_token,23,16,16,316.22776601683796,35.89405059814453,False,3400,1190,0.026186280776472653,0.14894330080817728,107.25900462431066,610.0717765231093
4,first_label_token,24,16,16,316.22776601683796,36.665279388427734,False,3400,1190,0.026878442764282227,0.15009486094242386,110.0941011316636,614.7885602678572
4,first_label_token,25,16,16,316.22776601683796,37.100364685058594,False,3400,1190,0.026236400779555826,0.15081804099203158,107.46429622874541,617.7507221638656
4,first_label_token,26,16,16,316.22776601683796,37.29507827758789,False,3400,1190,0.026056783812887528,0.15172352269917977,106.7285871438419,621.4595325630252
4,first_label_token,27,16,16,316.22776601683796,37.26033020019531,False,3400,1190,0.027578690700671253,0.15383331234715567,112.96232048483456,630.1012408088235
4,first_label_token,28,16,16,316.22776601683796,36.518009185791016,False,3400,1190,0.02854976987137514,0.15490911948580702,116.93985739315258,634.5077337184874
4,last_label_token,0,16,16,3162.2776601683795,47.60502243041992,False,3400,1190,0.1150451141245225,0.19499178814286947,471.22479262408086,798.6863445378151
4,last_label_token,1,16,16,1000.0,45.189552307128906,False,3400,1190,0.07537112832069397,0.1785811849001075,308.7201473460478,731.4685267857143
4,last_label_token,2,16,16,1000.0,41.42729187011719,False,3400,1190,0.0636184536709505,0.1757458630730124,260.5811819278493,719.8550682773109
4,last_label_token,3,16,16,1000.0,40.375396728515625,False,3400,1190,0.05890612490036908,0.16941951703624564,241.2794850068934,693.9423384978992
4,last_label_token,4,16,16,1000.0,38.5378303527832,False,3400,1190,0.04947793252327863,0.16158310705874146,202.66161190257353,661.8444163602941
4,last_label_token,5,16,16,1000.0,38.426143646240234,False,3400,1190,0.04166236947564518,0.15436116867706556,170.64907082950367,632.2633469012605
4,last_label_token,6,16,16,316.22776601683796,38.751956939697266,False,3400,1190,0.029222259240991928,0.1501053874232188,119.69437212775735,614.8316603203782
4,last_label_token,7,16,16,100.0,37.373287200927734,False,3400,1190,0.021907131952397962,0.13563161737778606,89.73161175896139,555.5470982142857
4,last_label_token,8,16,16,100.0,35.538352966308594,False,3400,1190,0.020720819936079136,0.13263854098921063,84.87247687844669,543.2874556853992
4,last_label_token,9,16,16,100.0,34.96322250366211,False,3400,1190,0.01877071270171334,0.13070864156514655,76.88483944163603,535.3826024159664
4,last_label_token,10,16,16,100.0,33.802913665771484,False,3400,1190,0.01765897735076792,0.12873482583951548,72.33116979262408,527.2978400735294
4,last_label_token,11,16,16,100.0,34.40925216674805,False,3400,1190,0.01757841027834836,0.12882161781567486,72.00116964901194,527.6533334427521
4,last_label_token,12,16,16,100.0,33.74810791015625,False,3400,1190,0.01700915815199123,0.12945085453386065,69.6695115033318,530.2307149422269
4,last_label_token,13,16,16,100.0,32.97612380981445,False,3400,1190,0.015884711567093344,0.12915931829885274,65.06377829159007,529.0365611869748
4,last_label_token,14,16,16,100.0,34.2484130859375,False,3400,1190,0.017072673247140995,0.1327614199213621,69.92967012293198,543.7907973345589
4,last_label_token,15,16,16,100.0,33.528968811035156,False,3400,1190,0.016504510448259464,0.1335207478338931,67.60247335994944,546.9009880514706
4,last_label_token,16,16,16,100.0,34.18718719482422,False,3400,1190,0.017112091008354636,0.136551499567112,70.09112527286305,559.3149569984243
4,last_label_token,17,16,16,100.0,35.00823211669922,False,3400,1190,0.017388095505097335,0.13718665788153642,71.2216412712546,561.9165506827732
4,last_label_token,18,16,16,100.0,35.21968460083008,False,3400,1190,0.01799650712924845,0.13951125104888146,73.71369277056526,571.4380974264706
4,last_label_token,19,16,16,100.0,35.76911926269531,False,3400,1190,0.018871904278502744,0.14205116784873129,77.29932136086856,581.8415966386555
4,last_label_token,20,16,16,316.22776601683796,36.09885787963867,False,3400,1190,0.019985810553326325,0.1437783353468951,81.86187830307904,588.9160747111345
4,last_label_token,21,16,16,316.22776601683796,36.60136032104492,False,3400,1190,0.020290737432592056,0.14725345964191341,83.11085844152115,603.1501706932773
4,last_label_token,22,16,16,316.22776601683796,36.43809127807617,False,3400,1190,0.02041714386028402,0.14872808536561596,83.62861938476563,609.1902442226891
4,last_label_token,23,16,16,316.22776601683796,37.02463150024414,False,3400,1190,0.02045699787490508,0.1486537548674255,83.79186178768383,608.8857930672269
4,last_label_token,24,16,16,316.22776601683796,37.50680160522461,False,3400,1190,0.02041086435317993,0.15052755660369616,83.60290232938878,616.5608751313025
4,last_label_token,25,16,16,316.22776601683796,38.44145965576172,False,3400,1190,0.02038725256919861,0.15233925090116612,83.50619040096507,623.9815881039916
4,last_label_token,26,16,16,316.22776601683796,38.57732391357422,False,3400,1190,0.019877495187170365,0.15272907930261947,81.41822007123162,625.5783022584034
4,last_label_token,27,16,16,316.22776601683796,40.66571044921875,False,3400,1190,0.020317421730826884,0.15594179810596112,83.22016077378217,638.737624737395
4,last_label_token,28,16,16,316.22776601683796,40.961055755615234,False,3400,1190,0.020718661301276264,0.1621453020752979,84.86363568474265,664.1471638655462
5,pre_label_token,0,16,16,0.01,55.73133850097656,True,3400,1190,0.19782810098984663,0.21711736246317376,810.3039039522059,889.312762605042
5,pre_label_token,1,16,16,1000.0,45.68846893310547,False,3400,1190,0.06249961067648495,0.19840528824750114,255.99840303308824,812.6680344012605
5,pre_label_token,2,16,16,1000.0,45.000118255615234,False,3400,1190,0.0684545270134421,0.19742137203697396,280.38974494485296,808.6379529936975
5,pre_label_token,3,16,16,1000.0,44.50442886352539,False,3400,1190,0.06285758144715253,0.1945912609581186,257.46465130974264,797.0458114495798
5,pre_label_token,4,16,16,316.22776601683796,38.298797607421875,False,3400,1190,0.033811728814068964,0.18686901060473018,138.49283835018383,765.415487132353
5,pre_label_token,5,16,16,316.22776601683796,35.67313003540039,False,3400,1190,0.025345164993230033,0.16918909249185515,103.81379566865809,692.9985294117647
5,pre_label_token,6,16,16,100.0,34.42142105102539,False,3400,1190,0.021287943808471457,0.16454459118242024,87.19541776769302,673.9746750262605
5,pre_label_token,7,16,16,100.0,34.403133392333984,False,3400,1190,0.01824031915734796,0.15686484985992688,74.71234769933363,642.5184151785714
5,pre_label_token,8,16,16,100.0,33.6834716796875,False,3400,1190,0.017557592637398662,0.1522239532791266,71.91589850930606,623.5093290441176
5,pre_label_token,9,16,16,100.0,33.572113037109375,False,3400,1190,0.014332734714536105,0.1310501916067941,58.706880672679226,536.7815651260504
5,pre_label_token,10,16,16,100.0,32.475128173828125,False,3400,1190,0.013080045247779172,0.125653637958174,53.57586497587316,514.6772879464286
5,pre_label_token,11,16,16,100.0,31.914167404174805,False,3400,1190,0.013268990814685822,0.12592644170552741,54.34978745404412,515.7947150735295
5,pre_label_token,12,16,16,100.0,31.828811645507812,False,3400,1190,0.012295938256908865,0.12478447160800966,50.36416374655331,511.1171875
5,pre_label_token,13,16,16,100.0,33.30774688720703,False,3400,1190,0.011654271921690773,0.12152190288575758,47.73589786305147,497.75371422006305
5,pre_label_token,14,16,16,316.22776601683796,33.7879753112793,False,3400,1190,0.015564641409060534,0.1274354582073308,63.752771067899815,521.9756236869748
5,pre_label_token,15,16,16,316.22776601683796,34.76374435424805,False,3400,1190,0.01598878669388154,0.12851860302836954,65.49007108800552,526.4121947216387
5,pre_label_token,16,16,16,316.22776601683796,36.092315673828125,False,3400,1190,0.015429500902400297,0.12860852089248787,63.19923540900735,526.7804851628151
5,pre_label_token,17,16,16,100.0,34.983123779296875,False,3400,1190,0.015633429472937305,0.13111990840495133,64.03452787511489,537.0671366202731
5,pre_label_token,18,16,16,100.0,35.34421920776367,False,3400,1190,0.015361651935998132,0.1342706007115981,62.921325180951285,549.9723575367647
5,pre_label_token,19,16,16,316.22776601683796,37.06039810180664,False,3400,1190,0.016827463349875282,0.13773489238835182,68.92528952205882,564.1621225052521
5,pre_label_token,20,16,16,316.22776601683796,39.853538513183594,False,3400,1190,0.019839813604074365,0.14564024139853085,81.263876953125,596.542440257353
5,pre_label_token,21,16,16,316.22776601683796,41.674156188964844,False,3400,1190,0.020313194218803853,0.1479214940752302,83.20284402286305,605.886452862395
5,pre_label_token,22,16,16,316.22776601683796,42.369808197021484,False,3400,1190,0.01919804252245847,0.14620574302032213,78.63518303366268,598.8587398240546
5,pre_label_token,23,16,16,316.22776601683796,44.173221588134766,False,3400,1190,0.020297162357498618,0.14911247662135532,83.13717579561121,610.7646976759454
5,pre_label_token,24,16,16,316.22776601683796,44.736019134521484,False,3400,1190,0.019456263079362757,0.14694583916864476,79.69285307042739,601.8901687237395
5,pre_label_token,25,16,16,1000.0,46.53633499145508,False,3400,1190,0.026116218777263864,0.14953574573292452,106.97203469669118,612.4984145220589
5,pre_label_token,26,16,16,1000.0,47.12070083618164,False,3400,1190,0.026196870803833008,0.15022430700414321,107.30238453584559,615.3187483587185
5,pre_label_token,27,16,16,1000.0,47.34016418457031,False,3400,1190,0.027064318025813383,0.15211233090953666,110.85544835707721,623.0521041228992
5,pre_label_token,28,16,16,316.22776601683796,43.25322341918945,False,3400,1190,0.019931355644674863,0.15241488929556196,81.6388340849035,624.2913980435924
5,first_label_token,0,16,16,3162.2776601683795,50.48137664794922,False,3400,1190,0.12640658322502585,0.19230492054915227,517.7613706341912,787.6809676995798
5,first_label_token,1,16,16,1000.0,47.85029983520508,False,3400,1190,0.09010541305822485,0.1799653790578121,369.0717756204044,737.1381860556722
5,first_label_token,2,16,16,1000.0,44.079002380371094,False,3400,1190,0.0798577544969671,0.1731443637559394,327.0973549517463,709.1993270745799
5,first_label_token,3,16,16,1000.0,42.84461975097656,False,3400,1190,0.07466701100854313,0.17051660794169962,305.83607823988973,698.4360228466387
5,first_label_token,4,16,16,1000.0,40.6700439453125,False,3400,1190,0.06526067572481492,0.1618182382663759,267.30772489659927,662.8075170693278
5,first_label_token,5,16,16,1000.0,39.642250061035156,False,3400,1190,0.05480763463413014,0.1544128137476304,224.49207203584558,632.474878545168
5,first_label_token,6,16,16,316.22776601683796,38.666622161865234,False,3400,1190,0.04199747558902292,0.15246006621032202,172.02166173598346,624.4764115021009
5,first_label_token,7,16,16,1000.0,42.42916488647461,False,3400,1190,0.04392580859801348,0.14057833487246216,179.92011201746323,575.808853072479
5,first_label_token,8,16,16,316.22776601683796,38.858055114746094,False,3400,1190,0.03492362141609192,0.1365400226176286,143.04715217141543,559.267904740021
5,first_label_token,9,16,16,316.22776601683796,37.34768295288086,False,3400,1190,0.03067396311198964,0.1346981204858347,125.64054730583639,551.7235162815126
5,first_label_token,10,16,16,316.22776601683796,35.77042770385742,False,3400,1190,0.02644194392596974,0.13135414243746205,108.30620145909927,538.0265674238445
5,first_label_token,11,16,16,316.22776601683796,36.09041976928711,False,3400,1190,0.025213444548494675,0.12949939735797272,103.27426657284008,530.4295463497899
5,first_label_token,12,16,16,316.22776601683796,35.8189582824707,False,3400,1190,0.026003053503877976,0.13039120145204688,106.50850930606617,534.08236771271
5,first_label_token,13,16,16,316.22776601683796,35.69382858276367,False,3400,1190,0.024945290404207565,0.13068783503620565,102.17590691061581,535.2973575367647
5,first_label_token,14,16,16,316.22776601683796,34.47791290283203,False,3400,1190,0.025162874530343448,0.13334263152435047,103.06713565602023,546.1714187237395
5,first_label_token,15,16,16,316.22776601683796,36.120994567871094,False,3400,1190,0.02384135581114713,0.13462186741227863,97.65419017118566,551.4111705619748
5,first_label_token,16,16,16,316.22776601683796,36.3629035949707,False,3400,1190,0.024053415585966673,0.13600365534550002,98.52279117359835,557.0709952731092
5,first_label_token,17,16,16,316.22776601683796,37.13134002685547,False,3400,1190,0.025133335800731883,0.13772115587186412,102.94614028033088,564.1058363970589
5,first_label_token,18,16,16,316.22776601683796,36.174072265625,False,3400,1190,0.02455084073192933,0.139510617536657,100.56024198644302,571.4355025603992
5,first_label_token,19,16,16,316.22776601683796,35.71763610839844,False,3400,1190,0.025624857018975652,0.14061953760996587,104.9594144933364,575.9776260504202
5,first_label_token,20,16,16,316.22776601683796,35.578025817871094,False,3400,1190,0.02656155198812485,0.14415891230607233,108.79611658432904,590.474875262605
5,first_label_token,21,16,16,316.22776601683796,35.76651382446289,False,3400,1190,0.025083082931883195,0.14569001638588785,102.7403084788603,596.7463268119748
5,first_label_token,22,16,16,316.22776601683796,36.14690399169922,False,3400,1190,0.024885042818153607,0.14684739553627849,101.92913473690257,601.4869386817227
5,first_label_token,23,16,16,316.22776601683796,36.1829948425293,False,3400,1190,0.02504894495010376,0.1472400969817859,102.60048016716452,603.0954109768908
5,first_label_token,24,16,16,316.22776601683796,35.79501724243164,False,3400,1190,0.02589565363000421,0.1488672929651597,106.06860049977023,609.7604451155462
5,first_label_token,25,16,16,316.22776601683796,35.869544982910156,False,3400,1190,0.025316237386535195,0.1488615548911215,103.69530704273897,609.7369485294117
5,first_label_token,26,16,16,316.22776601683796,36.0125732421875,False,3400,1190,0.025395223884021535,0.14934282863841336,104.01883781881894,611.7082261029411
5,first_label_token,27,16,16,316.22776601683796,36.1444206237793,False,3400,1190,0.026155760147992303,0.15093587586859694,107.13399342256434,618.2333574054621
5,first_label_token,28,16,16,316.22776601683796,36.34785842895508,False,3400,1190,0.02725164795623106,0.15390750179771615,111.62275534237132,630.4051503413865
5,last_label_token,0,16,16,3162.2776601683795,47.95418167114258,False,3400,1190,0.11611298883662505,0.1962191733993402,475.59879538143383,803.7137211134453
5,last_label_token,1,16,16,1000.0,45.44247055053711,False,3400,1190,0.07677596078199499,0.1760335633734695,314.4743359375,721.0334821428571
5,last_label_token,2,16,16,1000.0,40.66291046142578,False,3400,1190,0.06056297344319961,0.17186066523319532,248.06593778722427,703.941284795168
5,last_label_token,3,16,16,1000.0,39.91796875,False,3400,1190,0.058609325465034036,0.16763959852587276,240.0637948069853,686.6518119747899
5,last_label_token,4,16,16,1000.0,38.14969253540039,False,3400,1190,0.05102149528615615,0.1618327661722648,208.9840412454044,662.8670102415966
5,last_label_token,5,16,16,1000.0,38.28134536743164,False,3400,1190,0.04245433954631581,0.1525717615079479,173.89297392003675,624.9339417016806
5,last_label_token,6,16,16,316.22776601683796,38.4210319519043,False,3400,1190,0.029231444737490484,0.14894782795625575,119.73199793198529,610.0903213629201
5,last_label_token,7,16,16,316.22776601683796,38.54426574707031,False,3400,1190,0.024150952661738678,0.13460679254612,98.92230353860295,551.349427192752
5,last_label_token,8,16,16,316.22776601683796,37.22779083251953,False,3400,1190,0.02240628803477568,0.1318248316019523,91.77615579044118,539.9545200892857
5,last_label_token,9,16,16,100.0,34.4154167175293,False,3400,1190,0.018222737873301788,0.1292199419326141,74.64033296472886,529.2848821559874
5,last_label_token,10,16,16,100.0,33.85182571411133,False,3400,1190,0.017073506432421066,0.12740759649196592,69.93308270622703,521.861516872374
5,last_label_token,11,16,16,100.0,33.91144561767578,False,3400,1190,0.01694037930053823,0.1271367081073152,69.38779418945313,520.7519564075631
5,last_label_token,12,16,16,100.0,33.65867233276367,False,3400,1190,0.016601868201704586,0.1274493538031057,68.00125136431525,522.0325613839286
5,last_label_token,13,16,16,100.0,33.17388153076172,False,3400,1190,0.01600050417815938,0.12812339959024382,65.53806798598346,524.7934381565126
5,last_label_token,14,16,16,100.0,34.13618469238281,False,3400,1190,0.016614772782606237,0.13070746990812926,68.05410809685202,535.377798384979
5,last_label_token,15,16,16,100.0,33.505306243896484,False,3400,1190,0.016483047902584078,0.13174971412209904,67.51456435259651,539.646810990021
5,last_label_token,16,16,16,100.0,34.073123931884766,False,3400,1190,0.016718886406982648,0.13358470932776187,68.48055707146139,547.162964482668
5,last_label_token,17,16,16,316.22776601683796,35.65626907348633,False,3400,1190,0.018730850254788118,0.1355890093731279,76.72156393612133,555.3725840336134
5,last_label_token,18,16,16,316.22776601683796,36.16122055053711,False,3400,1190,0.01904126020038829,0.1368074673564494,77.9930022834329,560.3633994222689
5,last_label_token,19,16,16,316.22776601683796,36.21926498413086,False,3400,1190,0.019499743686002845,0.1389919088668182,79.87095085592831,569.3108554359244
5,last_label_token,20,16,16,316.22776601683796,36.34636306762695,False,3400,1190,0.01973711048855501,0.14108828055758435,80.8432046329274,577.8976201418067
5,last_label_token,21,16,16,316.22776601683796,37.145530700683594,False,3400,1190,0.020016308496980106,0.14349067912382238,81.98679981904871,587.7378216911765
5,last_label_token,22,16,16,316.22776601683796,37.093257904052734,False,3400,1190,0.01998524785041809,0.14569507566820675,81.85957598517923,596.7670430672268
5,last_label_token,23,16,16,316.22776601683796,38.199649810791016,False,3400,1190,0.020319538730032304,0.1465788392459645,83.22882970473346,600.3868960084034
5,last_label_token,24,16,16,316.22776601683796,38.23866653442383,False,3400,1190,0.01997326587929445,0.14631794360505432,81.8104976160386,599.3182970063025
5,last_label_token,25,16,16,316.22776601683796,39.69601058959961,False,3400,1190,0.01976202617673313,0.14838731268874739,80.9452592198989,607.7944426207983
5,last_label_token,26,16,16,316.22776601683796,40.614139556884766,False,3400,1190,0.01937102924374973,0.148818444003578,79.34373635684743,609.5603400735295
5,last_label_token,27,16,16,316.22776601683796,42.631099700927734,False,3400,1190,0.01942692062434028,0.1512874002216243,79.57266687729779,619.67318802521
5,last_label_token,28,16,16,1000.0,42.21136474609375,False,3400,1190,0.027604336107478422,0.15673408107597286,113.06736241957721,641.9827928046218
6,pre_label_token,0,16,16,0.01,55.73133850097656,True,3400,1190,0.19782810098984663,0.21711736246317376,810.3039039522059,889.312762605042
6,pre_label_token,1,16,16,1000.0,47.00660705566406,False,3400,1190,0.06100569584790398,0.19692045740720604,249.87932329963235,806.5862132352942
6,pre_label_token,2,16,16,1000.0,46.5693244934082,False,3400,1190,0.06530650826061474,0.1964516054682371,267.495458984375,804.6657759978991
6,pre_label_token,3,16,16,1000.0,44.608680725097656,False,3400,1190,0.060262607826906095,0.1981598669741334,246.83563993566176,811.6628282563025
6,pre_label_token,4,16,16,316.22776601683796,37.998165130615234,False,3400,1190,0.03135525521110086,0.18435902154746175,128.43112706801472,755.1345785189076
6,pre_label_token,5,16,16,316.22776601683796,35.423763275146484,False,3400,1190,0.022797749883988323,0.16584776710061466,93.37958251953125,679.3124540441177
6,pre_label_token,6,16,16,316.22776601683796,34.557369232177734,False,3400,1190,0.020594783600638895,0.15971521329479058,84.35623463350184,654.1935136554622
6,pre_label_token,7,16,16,100.0,34.08999252319336,False,3400,1190,0.016356868147850038,0.15335615622897109,66.99773035386029,628.1467995010504
6,pre_label_token,8,16,16,100.0,33.592159271240234,False,3400,1190,0.015871414261705734,0.14764854206758388,65.00931382123161,604.7684315913865
6,pre_label_token,9,16,16,100.0,32.05693817138672,False,3400,1190,0.01214007153230555,0.128695294035583,49.72573357077206,527.1359276523109
6,pre_label_token,10,16,16,100.0,32.297332763671875,False,3400,1190,0.011634127567796146,0.12310913630894252,47.653386158662684,504.2550157563025
6,pre_label_token,11,16,16,100.0,31.787717819213867,False,3400,1190,0.011472570142325233,0.12316326253554401,46.99164794921875,504.47672334558825
6,pre_label_token,12,16,16,100.0,31.688026428222656,False,3400,1190,0.010881517932695501,0.1225349935162969,44.57069709329044,501.90332687762606
6,pre_label_token,13,16,16,100.0,33.87430953979492,False,3400,1190,0.010756641012780807,0.1193954083098083,44.05920270134421,489.0435809480042
6,pre_label_token,14,16,16,316.22776601683796,33.94672393798828,False,3400,1190,0.014164454656488756,0.12472985411892418,58.01760612936581,510.89348411239496
6,pre_label_token,15,16,16,316.22776601683796,35.19365310668945,False,3400,1190,0.014979770095909343,0.12587428453589689,61.357137235753676,515.5810694590336
6,pre_label_token,16,16,16,316.22776601683796,36.083343505859375,False,3400,1190,0.01466443279210259,0.12609473957734949,60.065515208524815,516.4840598739496
6,pre_label_token,17,16,16,100.0,34.072349548339844,False,3400,1190,0.014847466051578521,0.12858439934353869,60.8152201573989,526.6816865808823
6,pre_label_token,18,16,16,100.0,34.80414962768555,False,3400,1190,0.014591607828350629,0.13162407915131386,59.76722638298484,539.1322446165966
6,pre_label_token,19,16,16,100.0,36.667572021484375,False,3400,1190,0.01486178985413383,0.1355817201758633,60.873890883501836,555.342712710084
6,pre_label_token,20,16,16,100.0,39.025177001953125,False,3400,1190,0.01658427125390838,0.14011626604224453,67.92917624080883,573.9162092962185
6,pre_label_token,21,16,16,316.22776601683796,41.66423034667969,False,3400,1190,0.01942748874425888,0.14559849650919937,79.57499202952665,596.3714417016806
6,pre_label_token,22,16,16,316.22776601683796,42.69525909423828,False,3400,1190,0.017895798332550946,0.14476561426114634,73.30118982651655,592.959954372374
6,pre_label_token,23,16,16,316.22776601683796,44.52198791503906,False,3400,1190,0.01794188527499928,0.14391370340555656,73.48996337890625,589.4705160189076
6,pre_label_token,24,16,16,316.22776601683796,45.39009094238281,False,3400,1190,0.01826059076715918,0.14419643458198098,74.79537920783548,590.62856978729
6,pre_label_token,25,16,16,1000.0,46.550968170166016,False,3400,1190,0.02544396379414727,0.14800032447366154,104.21847483915441,606.2093470982143
6,pre_label_token,26,16,16,1000.0,47.420867919921875,False,3400,1190,0.025563807978349572,0.14862794074691643,104.70935805376838,608.7800518644958
6,pre_label_token,27,16,16,1000.0,47.8884391784668,False,3400,1190,0.02654097788474139,0.15096534039793896,108.7118448414522,618.3540605304622
6,pre_label_token,28,16,16,316.22776601683796,44.420127868652344,False,3400,1190,0.01921782474307453,0.14990753806939647,78.71621230181526,614.0212808560924
6,first_label_token,0,16,16,3162.2776601683795,49.727027893066406,False,3400,1190,0.12391063073102165,0.1915932983911338,507.53794404871326,784.766150210084
6,first_label_token,1,16,16,3162.2776601683795,48.69758987426758,False,3400,1190,0.11056403580833885,0.1827964910939962,452.87028952205884,748.7344406512605
6,first_label_token,2,16,16,1000.0,44.205360412597656,False,3400,1190,0.07876983768799725,0.1706772804260254,322.64125430836395,699.094147190126
6,first_label_token,3,16,16,1000.0,42.84114074707031,False,3400,1190,0.0737394703837002,0.16751885293912486,302.03687327665443,686.1572347689075
6,first_label_token,4,16,16,1000.0,41.50218200683594,False,3400,1190,0.06437954516971812,0.15951560845895976,263.69862189797794,653.3759388130252
6,first_label_token,5,16,16,1000.0,39.35092544555664,False,3400,1190,0.053495134465834676,0.1518562268810112,219.11606617647058,622.003118434874
6,first_label_token,6,16,16,316.22776601683796,39.70523452758789,False,3400,1190,0.04188674425377565,0.1483316577783152,171.56809986787684,607.5664571297269
6,first_label_token,7,16,16,316.22776601683796,40.90169143676758,False,3400,1190,0.03508533709189471,0.1372206555695093,143.7095450367647,562.0558002888655
6,first_label_token,8,16,16,316.22776601683796,38.35283660888672,False,3400,1190,0.033616653260062725,0.1350480985240776,137.69380845013788,553.15703125
6,first_label_token,9,16,16,316.22776601683796,38.532100677490234,False,3400,1190,0.029070249655667475,0.13205047174662102,119.07174258961398,540.8787388392857
6,first_label_token,10,16,16,316.22776601683796,35.79249954223633,False,3400,1190,0.025592639025519875,0.12910322461809431,104.82745088465073,528.8067998293067
6,first_label_token,11,16,16,316.22776601683796,35.8482551574707,False,3400,1190,0.024225621749373042,0.12765291238031468,99.22814625459559,522.8663225446429
6,first_label_token,12,16,16,316.22776601683796,36.62467575073242,False,3400,1190,0.024435401909491596,0.12875337841130105,100.08740593405331,527.373824842437
6,first_label_token,13,16,16,316.22776601683796,35.92953109741211,False,3400,1190,0.02317995029337266,0.12904740742274692,94.94507611443015,528.5781840861345
6,first_label_token,14,16,16,316.22776601683796,34.96916580200195,False,3400,1190,0.02572511466110454,0.132812641849037,105.37007115981159,544.0005777310924
6,first_label_token,15,16,16,316.22776601683796,35.39501190185547,False,3400,1190,0.024402450936682085,0.13364702873871107,99.95243918026195,547.418237920168
6,first_label_token,16,16,16,316.22776601683796,35.3847541809082,False,3400,1190,0.023174705820925096,0.13424218281978317,94.92359446806066,549.8559676995799
6,first_label_token,17,16,16,316.22776601683796,36.648033142089844,False,3400,1190,0.023690970943254584,0.13546209335327147,97.03821561925551,554.8527228860294
6,first_label_token,18,16,16,316.22776601683796,36.696380615234375,False,3400,1190,0.02418230316218208,0.13730063919259722,99.0507133214614,562.38345259979
6,first_label_token,19,16,16,316.22776601683796,35.71137619018555,False,3400,1190,0.025906710309140824,0.13943229402814591,106.11388212316176,571.1146993172268
6,first_label_token,20,16,16,316.22776601683796,35.62263488769531,False,3400,1190,0.024883721137748047,0.14081339796050257,101.92372300091911,576.7716747636555
6,first_label_token,21,16,16,316.22776601683796,36.15033721923828,False,3400,1190,0.02507112103350022,0.14366807136215082,102.69131117876839,588.4644202993697
6,first_label_token,22,16,16,316.22776601683796,36.36502456665039,False,3400,1190,0.025015526606756096,0.1432381878380014,102.4635979865579,586.7036108193278
6,first_label_token,23,16,16,316.22776601683796,36.80588912963867,False,3400,1190,0.025501555309576148,0.1442767672178124,104.45437184053308,590.9576352415967
6,first_label_token,24,16,16,316.22776601683796,35.830665588378906,False,3400,1190,0.025066723981324365,0.14567148945912595,102.67330214556526,596.6704306722689
6,first_label_token,25,16,16,316.22776601683796,35.81000900268555,False,3400,1190,0.024722181348239676,0.14608750062830309,101.26205336626838,598.3743763130252
6,first_label_token,26,16,16,316.22776601683796,35.655555725097656,False,3400,1190,0.02598159802310607,0.14787448033565231,106.42062291762409,605.6939009978992
6,first_label_token,27,16,16,316.22776601683796,37.05607986450195,False,3400,1190,0.026142237326678107,0.14963213816410353,107.07860409007353,612.893234637605
6,first_label_token,28,16,16,316.22776601683796,37.9561653137207,False,3400,1190,0.02915174919016221,0.1526540828352215,119.4055617388557,625.2711265756302
6,last_label_token,0,16,16,1000.0,46.805152893066406,False,3400,1190,0.09483071691849652,0.19136570521763394,388.42661506204047,783.8339285714286
6,last_label_token,1,16,16,1000.0,46.58780288696289,False,3400,1190,0.07794696106630213,0.17697791251815667,319.2707473575368,724.9015231092437
6,last_label_token,2,16,16,1000.0,42.456146240234375,False,3400,1190,0.06557970341514138,0.17293853759765626,268.61446145450367,708.3562434348739
6,last_label_token,3,16,16,1000.0,40.63530731201172,False,3400,1190,0.059444486674140484,0.1675198883569541,243.48461856617647,686.1614364495798
6,last_label_token,4,16,16,1000.0,38.667388916015625,False,3400,1190,0.05077930625747232,0.15871703684830865,207.99203957950368,650.1049566701681
6,last_label_token,5,16,16,316.22776601683796,39.15132522583008,False,3400,1190,0.0342431957581464,0.15256314478000674,140.260129107307,624.8986410189076
6,last_label_token,6,16,16,316.22776601683796,37.77285385131836,False,3400,1190,0.02841122914763058,0.1457546049807252,116.37239602481618,597.010870207458
6,last_label_token,7,16,16,316.22776601683796,38.069942474365234,False,3400,1190,0.023796074355349823,0.13431130898098986,97.46872242647059,550.1391150210084
6,last_label_token,8,16,16,100.0,36.48917770385742,False,3400,1190,0.020941630987560047,0.13018707908502147,85.77692174574908,533.2462742909664
6,last_label_token,9,16,16,100.0,35.05379104614258,False,3400,1190,0.01852316446164075,0.12891397155633494,75.87088149126838,528.031640625
6,last_label_token,10,16,16,100.0,34.141937255859375,False,3400,1190,0.01719554068411098,0.12695276957600057,70.43293593462776,519.9985507484243
6,last_label_token,11,16,16,100.0,34.490299224853516,False,3400,1190,0.01684436699923347,0.12654010027396578,68.99452651079963,518.3082310267857
6,last_label_token,12,16,16,100.0,33.61228561401367,False,3400,1190,0.01625249403364518,0.1264597508085876,66.57021520278033,517.9791261817227
6,last_label_token,13,16,16,100.0,32.91884231567383,False,3400,1190,0.015858843151260824,0.1266156717508781,64.9578218347886,518.6178013392857
6,last_label_token,14,16,16,100.0,35.44565200805664,False,3400,1190,0.01664022379061755,0.12884912130211582,68.15835635914522,527.7659926470589
6,last_label_token,15,16,16,100.0,34.99258041381836,False,3400,1190,0.016891442256815294,0.1297952515738351,69.18734669404871,531.641348805147
6,last_label_token,16,16,16,100.0,34.809112548828125,False,3400,1190,0.01703588019399082,0.1322633302512289,69.77896635167738,541.7505925026261
6,last_label_token,17,16,16,316.22776601683796,35.23927307128906,False,3400,1190,0.01847179321681752,0.13350496492466005,75.66046573414522,546.8363035057773
6,last_label_token,18,16,16,316.22776601683796,36.241424560546875,False,3400,1190,0.019218024278388302,0.13532472979120846,78.7170261517693,554.2900866596639
6,last_label_token,19,16,16,316.22776601683796,36.49047088623047,False,3400,1190,0.019891894792809207,0.13735576437300995,81.47720013786764,562.6092240021009
6,last_label_token,20,16,16,316.22776601683796,36.649051666259766,False,3400,1190,0.020651078083935907,0.13861365117946592,84.58681669347426,567.7615086659664
6,last_label_token,21,16,16,316.22776601683796,36.752296447753906,False,3400,1190,0.01988451740320991,0.14165348485738288,81.44698443244485,580.2126542804622
6,last_label_token,22,16,16,316.22776601683796,36.77903366088867,False,3400,1190,0.02048380220637602,0.14267632460393825,83.90165340647978,584.4022206538865
6,last_label_token,23,16,16,316.22776601683796,37.94285583496094,False,3400,1190,0.020392732690362368,0.1434642006369198,83.52863295611213,587.6293789390757
6,last_label_token,24,16,16,316.22776601683796,39.307552337646484,False,3400,1190,0.019888236873290117,0.144639220357943,81.46221622242648,592.4422564338236
6,last_label_token,25,16,16,316.22776601683796,39.791481018066406,False,3400,1190,0.01975623384994619,0.14721266161493896,80.92153248506433,602.983075105042
6,last_label_token,26,16,16,316.22776601683796,40.85476303100586,False,3400,1190,0.0196011478935971,0.14752812826332926,80.28630026424632,604.2752264968487
6,last_label_token,27,16,16,316.22776601683796,41.96647644042969,False,3400,1190,0.019575132078984203,0.14861798647071134,80.1797412109375,608.7392791491596
6,last_label_token,28,16,16,1000.0,42.4404182434082,False,3400,1190,0.02789431319517248,0.15540825258783933,114.255107421875,636.552215730042
7,pre_label_token,0,16,16,0.01,55.73133850097656,True,3400,1190,0.19782810098984663,0.21711736246317376,810.3039039522059,889.312762605042
7,pre_label_token,1,16,16,1000.0,46.105228424072266,False,3400,1190,0.05418584066278794,0.20310731935901802,221.9452068014706,831.9275932247899
7,pre_label_token,2,16,16,1000.0,44.7353630065918,False,3400,1190,0.06072184324264526,0.20200292603308415,248.71667049632353,827.4039784663865
7,pre_label_token,3,16,16,1000.0,43.48027420043945,False,3400,1190,0.055796636132632985,0.19987775017233456,228.54302389705882,818.6992581407563
7,pre_label_token,4,16,16,316.22776601683796,37.87321472167969,False,3400,1190,0.029400829777998082,0.18530974508333606,120.42579934512868,759.0287158613445
7,pre_label_token,5,16,16,316.22776601683796,35.11949920654297,False,3400,1190,0.02124630693127127,0.16340701880575229,87.02487362132354,669.3151293329832
7,pre_label_token,6,16,16,100.0,33.86707305908203,False,3400,1190,0.017972570692791658,0.1593250082320526,73.61564927045036,652.5952140231093
7,pre_label_token,7,16,16,100.0,33.093807220458984,False,3400,1190,0.015094817280769349,0.15208788318794314,61.828370935776654,622.9519826680672
7,pre_label_token,8,16,16,100.0,32.764198303222656,False,3400,1190,0.014808028918855331,0.1466871806553432,60.65368781594669,600.8307050945378
7,pre_label_token,9,16,16,100.0,31.645750045776367,False,3400,1190,0.010817115166608025,0.125496700831822,44.306903291590075,514.034499737395
7,pre_label_token,10,16,16,100.0,31.600412368774414,False,3400,1190,0.010303191805587095,0.12126292380966058,42.201874784581804,496.69293920693275
7,pre_label_token,11,16,16,100.0,31.712623596191406,False,3400,1190,0.010084022555281133,0.12122615124998974,41.30415678136489,496.5423089548319
7,pre_label_token,12,16,16,100.0,32.2872314453125,False,3400,1190,0.009959744162419263,0.12090166596805348,40.79511129940257,495.2132188813025
7,pre_label_token,13,16,16,100.0,35.45525360107422,False,3400,1190,0.009700367327998666,0.11779615257968422,39.732705149931064,482.49306066176473
7,pre_label_token,14,16,16,316.22776601683796,33.73678970336914,False,3400,1190,0.013290130934294533,0.12353281534018637,54.43637537339154,505.9904247636555
7,pre_label_token,15,16,16,316.22776601683796,35.01399230957031,False,3400,1190,0.01412880704683416,0.1238991080211992,57.871592514935664,507.4907366071429
7,pre_label_token,16,16,16,316.22776601683796,35.72895431518555,False,3400,1190,0.013728952477960025,0.12375827436687566,56.233790498621325,506.9138918067227
7,pre_label_token,17,16,16,100.0,33.93688201904297,False,3400,1190,0.014039687768501393,0.12613886264191956,57.50656016630285,516.6647551207983
7,pre_label_token,18,16,16,100.0,34.393863677978516,False,3400,1190,0.013644041033352122,0.12888950139534575,55.885992431640624,527.9313944327731
7,pre_label_token,19,16,16,100.0,35.93928527832031,False,3400,1190,0.013913965663489174,0.13272314231936672,56.991605475930605,543.6340073529411
7,pre_label_token,20,16,16,100.0,37.88081359863281,False,3400,1190,0.015218408537261627,0.13926422295450164,62.33460323558134,570.4262867647059
7,pre_label_token,21,16,16,100.0,40.705787658691406,False,3400,1190,0.01569583039073383,0.1411265741877195,64.2901220703125,578.0544544380252
7,pre_label_token,22,16,16,316.22776601683796,42.48712158203125,False,3400,1190,0.01678430941175012,0.14325410498290503,68.74853120691635,586.7687975971638
7,pre_label_token,23,16,16,316.22776601683796,43.61660385131836,False,3400,1190,0.01690653508200365,0.1429897628912405,69.24916848575367,585.686072085084
7,pre_label_token,24,16,16,316.22776601683796,45.35394287109375,False,3400,1190,0.016705290727755603,0.1433349328882554,68.42486995921415,587.0998818277311
7,pre_label_token,25,16,16,1000.0,46.64845275878906,False,3400,1190,0.024916465773301966,0.14692749496267624,102.05784725413604,601.8150045955882
7,pre_label_token,26,16,16,1000.0,47.38672637939453,False,3400,1190,0.024765164571649886,0.14783013928838137,101.43811408547793,605.5122505252101
7,pre_label_token,27,16,16,1000.0,48.26939010620117,False,3400,1190,0.025840152011198155,0.14999771118164062,105.84126235064338,614.3906053046219
7,pre_label_token,28,16,16,316.22776601683796,44.586727142333984,False,3400,1190,0.01819856350912767,0.14822668027477104,74.54131778492648,607.1364824054622
7,first_label_token,0,16,16,3162.2776601683795,50.693077087402344,False,3400,1190,0.12823992616990032,0.19508909337660846,525.2707329963235,799.0849461659664
7,first_label_token,1,16,16,1000.0,46.71844482421875,False,3400,1190,0.08849984940360574,0.17857588279147107,362.4953866038603,731.4468290441176
7,first_label_token,2,16,16,1000.0,43.93670654296875,False,3400,1190,0.0799024584012873,0.17143678264457637,327.2804750689338,702.2050682773109
7,first_label_token,3,16,16,1000.0,43.46129608154297,False,3400,1190,0.07362022540148566,0.169556857357506,301.54843864889705,694.5048910189075
7,first_label_token,4,16,16,1000.0,40.61186981201172,False,3400,1190,0.0627304939662709,0.1620771311912216,256.9441018497243,663.8679227941177
7,first_label_token,5,16,16,1000.0,38.62517166137695,False,3400,1190,0.05195466181811165,0.154335038000796,212.80629854090074,632.1563123686975
7,first_label_token,6,16,16,316.22776601683796,38.41395950317383,False,3400,1190,0.03957455831415513,0.1519225016361525,162.09739315257352,622.2745667016807
7,first_label_token,7,16,16,316.22776601683796,40.57554244995117,False,3400,1190,0.03421442990793901,0.13733204753459,140.1423046875,562.5120880383404
7,first_label_token,8,16,16,316.22776601683796,37.117427825927734,False,3400,1190,0.03249373548171099,0.13448922934652377,133.09434153837316,550.8678637079832
7,first_label_token,9,16,16,316.22776601683796,35.78957748413086,False,3400,1190,0.027513217610471388,0.1326109798014665,112.69414091222427,543.1745978860295
7,first_label_token,10,16,16,100.0,34.33563995361328,False,3400,1190,0.02374565897619023,0.1290074773195411,97.2622203871783,528.4146205357143
7,first_label_token,11,16,16,316.22776601683796,35.2940673828125,False,3400,1190,0.023798141409369075,0.1274971292800262,97.47718376608456,522.2282333245798
7,first_label_token,12,16,16,100.0,34.57160949707031,False,3400,1190,0.022462920073200675,0.12795164645219048,92.00812126608456,524.0899471507353
7,first_label_token,13,16,16,316.22776601683796,35.60866928100586,False,3400,1190,0.023249046451905193,0.12976947832508248,95.22809426700367,531.5357996323529
7,first_label_token,14,16,16,100.0,33.72787857055664,False,3400,1190,0.022171213048345902,0.13159585319647268,90.81328663545496,539.0166064863446
7,first_label_token,15,16,16,316.22776601683796,35.030860900878906,False,3400,1190,0.022606335545287414,0.1328676207726743,92.59554838292739,544.22578125
7,first_label_token,16,16,16,316.22776601683796,36.10960006713867,False,3400,1190,0.023220462325741265,0.13420033054191524,95.11101275275735,549.6845407694328
7,first_label_token,17,16,16,316.22776601683796,35.128570556640625,False,3400,1190,0.022580644979196436,0.13533409823890494,92.49032025505515,554.3284696691177
7,first_label_token,18,16,16,100.0,34.35994338989258,False,3400,1190,0.022522617701221916,0.1371086942047632,92.25264231962316,561.5972098214286
7,first_label_token,19,16,16,316.22776601683796,34.60224914550781,False,3400,1190,0.024280656120356393,0.13854204306081563,99.45356962316177,567.4682050945378
7,first_label_token,20,16,16,316.22776601683796,34.65855407714844,False,3400,1190,0.023379354178905486,0.14052129232582924,95.76183184455422,575.5752035189075
7,first_label_token,21,16,16,316.22776601683796,34.955467224121094,False,3400,1190,0.02327831909937017,0.1418310758446445,95.3479971852022,580.9400833771008
7,first_label_token,22,16,16,316.22776601683796,36.95907211303711,False,3400,1190,0.024163068778374614,0.14358489573502742,98.9719291417739,588.1237198004202
7,first_label_token,23,16,16,316.22776601683796,35.13172149658203,False,3400,1190,0.02285218745470047,0.1446822102330312,93.60256204044117,592.6183429621849
7,first_label_token,24,16,16,316.22776601683796,36.01983642578125,False,3400,1190,0.023870525114676532,0.14561090950204544,97.77367086971508,596.4222853203781
7,first_label_token,25,16,16,100.0,36.25717544555664,False,3400,1190,0.022834547109463636,0.1470403502969181,93.53030409869025,602.2772912289915
7,first_label_token,26,16,16,316.22776601683796,34.37146759033203,False,3400,1190,0.023523351234548233,0.14684393746512278,96.35164514878217,601.4727809873949
7,first_label_token,27,16,16,316.22776601683796,36.91080093383789,False,3400,1190,0.024794806820504806,0.14987349710544617,101.55952931123622,613.8818342962185
7,first_label_token,28,16,16,100.0,35.26576614379883,False,3400,1190,0.024867331569685656,0.1521758896963937,101.85659036075367,623.3124507615546
7,last_label_token,0,16,16,3162.2776601683795,47.4327507019043,False,3400,1190,0.11497672389535343,0.1959936943374762,470.9446696920956,802.7902048319328
7,last_label_token,1,16,16,1000.0,45.33525848388672,False,3400,1190,0.07522015810012818,0.17634863653102842,308.10176556755516,722.3240021008403
7,last_label_token,2,16,16,1000.0,41.79301452636719,False,3400,1190,0.06289684197481941,0.17436993703120895,257.62546444163604,714.2192620798319
7,last_label_token,3,16,16,1000.0,40.446876525878906,False,3400,1190,0.0573754925587598,0.16792788625765248,235.01001091452207,687.8326286764706
7,last_label_token,4,16,16,1000.0,38.763973236083984,False,3400,1190,0.049278931126875036,0.15964755531118696,201.8465021829044,653.9163931197479
7,last_label_token,5,16,16,1000.0,39.631290435791016,False,3400,1190,0.041251554068397076,0.1525178115908839,168.9663680491728,624.7129497111345
7,last_label_token,6,16,16,316.22776601683796,37.42939376831055,False,3400,1190,0.02679695066283731,0.1449702976130638,109.76031192555148,593.7983308167017
7,last_label_token,7,16,16,316.22776601683796,37.61647415161133,False,3400,1190,0.022791471130707685,0.13277808477898606,93.35386632582721,543.8590237657563
7,last_label_token,8,16,16,100.0,34.739471435546875,False,3400,1190,0.02013372926151051,0.13027502949498282,82.46775505514705,533.6065208114496
7,last_label_token,9,16,16,100.0,34.161224365234375,False,3400,1190,0.01765286087989807,0.12788436392776104,72.30611852309283,523.8143448004201
7,last_label_token,10,16,16,100.0,32.809043884277344,False,3400,1190,0.016585045825032625,0.12628550128776486,67.93234834558824,517.2654411764706
7,last_label_token,11,16,16,100.0,33.829071044921875,False,3400,1190,0.01678807102582034,0.1263218110348998,68.76393841911765,517.4141379989496
7,last_label_token,12,16,16,100.0,32.66617202758789,False,3400,1190,0.015822070889613207,0.1259368748224082,64.8072027946921,515.8374474789916
7,last_label_token,13,16,16,100.0,32.05252456665039,False,3400,1190,0.015165860950946807,0.12587529030166755,62.11936781939338,515.5851759453782
7,last_label_token,14,16,16,100.0,32.991146087646484,False,3400,1190,0.015986893632832695,0.12864828430304007,65.48231545840993,526.943352809874
7,last_label_token,15,16,16,100.0,32.529476165771484,False,3400,1190,0.016010643743416843,0.12941323128067145,65.57959691664752,530.0765887605043
7,last_label_token,16,16,16,100.0,32.96478271484375,False,3400,1190,0.016109710677581674,0.1308284587218982,65.9853753303079,535.873366924895
7,last_label_token,17,16,16,316.22776601683796,34.158084869384766,False,3400,1190,0.017777645745698144,0.13231412663179284,72.81723704618567,541.9586626838235
7,last_label_token,18,16,16,316.22776601683796,34.32764434814453,False,3400,1190,0.01828609617317424,0.13435099705928513,74.89984856100644,550.301690519958
7,last_label_token,19,16,16,100.0,34.93305969238281,False,3400,1190,0.017811445926918704,0.13611711734483223,72.95568276798024,557.5357192095588
7,last_label_token,20,16,16,316.22776601683796,35.420047760009766,False,3400,1190,0.019228499759646023,0.13761430868581565,78.75993558995864,563.6682018119748
7,last_label_token,21,16,16,316.22776601683796,36.5516357421875,False,3400,1190,0.0193083876897307,0.14140991723837973,79.08715640797334,579.2150144432773
7,last_label_token,22,16,16,316.22776601683796,37.16277313232422,False,3400,1190,0.019497989503776327,0.14328451557319705,79.8637652946921,586.893359375
7,last_label_token,23,16,16,316.22776601683796,37.481937408447266,False,3400,1190,0.019652462075738345,0.14220621125036928,80.496484375,582.4766314338235
7,last_label_token,24,16,16,316.22776601683796,39.15400695800781,False,3400,1190,0.019119456200038687,0.14382840004287847,78.31329130284927,589.1211200105042
7,last_label_token,25,16,16,316.22776601683796,39.906368255615234,False,3400,1190,0.018842636381878573,0.14526371835660534,77.17943811753217,595.0001903886555
7,last_label_token,26,16,16,316.22776601683796,40.06761169433594,False,3400,1190,0.018600436115966124,0.14567125785250623,76.18738712086397,596.6694590336134
7,last_label_token,27,16,16,316.22776601683796,41.72063064575195,False,3400,1190,0.018715781657134785,0.14798428671700614,76.65984094956342,606.1436449579832
7,last_label_token,28,16,16,316.22776601683796,41.16557693481445,False,3400,1190,0.019126775738070992,0.1541710028127462,78.34327119715074,631.4844209558823
8,pre_label_token,0,16,16,0.01,55.73133850097656,True,3400,1190,0.19782810098984663,0.21711736246317376,810.3039039522059,889.312762605042
8,pre_label_token,1,16,16,1000.0,47.28903579711914,False,3400,1190,0.05399876398198745,0.20176503638259502,221.17893899356616,826.4295693277311
8,pre_label_token,2,16,16,1000.0,46.38906478881836,False,3400,1190,0.06227624374277452,0.19490167633825992,255.08349322150735,798.3172597163865
8,pre_label_token,3,16,16,1000.0,44.18880844116211,False,3400,1190,0.0558576018670026,0.19906872340611048,228.79273667279412,815.3854582457983
8,pre_label_token,4,16,16,1000.0,38.10531234741211,False,3400,1190,0.03669845153303707,0.1785320634601497,150.31685489430146,731.2673450630252
8,pre_label_token,5,16,16,316.22776601683796,34.935604095458984,False,3400,1190,0.020628348659066594,0.15934752295998966,84.49371610753677,652.6874409138655
8,pre_label_token,6,16,16,100.0,33.8289909362793,False,3400,1190,0.01756677995709812,0.1563848094779904,71.95353041704963,640.5521960346639
8,pre_label_token,7,16,16,100.0,33.98248291015625,False,3400,1190,0.014749482344178593,0.1513115265790154,60.41387939453125,619.7720259978992
8,pre_label_token,8,16,16,100.0,32.98091125488281,False,3400,1190,0.014237089577843162,0.1436843984267291,58.31511858771829,588.5313058035714
8,pre_label_token,9,16,16,100.0,31.601119995117188,False,3400,1190,0.009728847338872797,0.12250902672775653,39.849359130859376,501.79698988970586
8,pre_label_token,10,16,16,100.0,31.92714500427246,False,3400,1190,0.009792107133304372,0.11938859033985298,40.108470602596505,489.01565946691176
8,pre_label_token,11,16,16,100.0,32.140804290771484,False,3400,1190,0.009499058179995593,0.11934808362431887,38.90814244887408,488.84976037289914
8,pre_label_token,12,16,16,100.0,33.09807586669922,False,3400,1190,0.009724387631696814,0.11915013369391947,39.83109102136949,488.0389443277311
8,pre_label_token,13,16,16,100.0,33.88562774658203,False,3400,1190,0.009037243399549933,0.11640337014398655,37.01654846191406,476.7882024684874
8,pre_label_token,14,16,16,316.22776601683796,33.74013900756836,False,3400,1190,0.012412102713304408,0.12216219300983333,50.83997343175552,500.3763524159664
8,pre_label_token,15,16,16,100.0,33.948875427246094,False,3400,1190,0.012076819688081742,0.12197393329203629,49.46665347828585,499.60523076418065
8,pre_label_token,16,16,16,100.0,34.41706848144531,False,3400,1190,0.012107124766882728,0.12231620580208402,49.59078308105469,501.00719537815127
8,pre_label_token,17,16,16,100.0,33.35518264770508,False,3400,1190,0.013541579342940275,0.12499805819086668,55.466310281192555,511.99205127363444
8,pre_label_token,18,16,16,100.0,33.895782470703125,False,3400,1190,0.01334245584466878,0.1278475208442752,54.65070064769072,523.6634519432773
8,pre_label_token,19,16,16,100.0,35.52932357788086,False,3400,1190,0.013612531984553618,0.1315418531914719,55.75693036247702,538.7954372373949
8,pre_label_token,20,16,16,316.22776601683796,39.29288864135742,False,3400,1190,0.017044545622432933,0.13996603428816595,69.81445886948529,573.3008862920168
8,pre_label_token,21,16,16,316.22776601683796,41.49010467529297,False,3400,1190,0.018436963295235354,0.14317664939816258,75.51780022116269,586.4515674238445
8,pre_label_token,22,16,16,316.22776601683796,42.49470520019531,False,3400,1190,0.017284835454295662,0.14138779720338454,70.7986860926011,579.1243943671218
8,pre_label_token,23,16,16,316.22776601683796,43.861881256103516,False,3400,1190,0.017465574478401857,0.14172546322606192,71.53899277630974,580.5074842436975
8,pre_label_token,24,16,16,316.22776601683796,45.50763702392578,False,3400,1190,0.017809687397059272,0.14229649094974292,72.94848008099724,582.8464302127101
8,pre_label_token,25,16,16,1000.0,46.70741271972656,False,3400,1190,0.02478933109956629,0.14633495346838687,101.5370987477022,599.3879891018908
8,pre_label_token,26,16,16,1000.0,47.49913787841797,False,3400,1190,0.024835379895041972,0.14732762424885726,101.72571576286765,603.4539538471639
8,pre_label_token,27,16,16,1000.0,48.25389099121094,False,3400,1190,0.02581159093800713,0.14945820800396575,105.72427820542279,612.1808134191176
8,pre_label_token,28,16,16,316.22776601683796,43.68185806274414,False,3400,1190,0.018071276861078598,0.14746700415090352,74.01994959214154,604.0248637736345
8,first_label_token,0,16,16,3162.2776601683795,50.83298873901367,False,3400,1190,0.12766483096515432,0.1926285527333492,522.9151436121324,789.0065585609244
8,first_label_token,1,16,16,1000.0,47.63883972167969,False,3400,1190,0.08901842636220596,0.17867446226232192,364.6194752412684,731.8505842962185
8,first_label_token,2,16,16,1000.0,43.12958908081055,False,3400,1190,0.07816087133744183,0.16984969868379482,320.1469295726103,695.7043855042017
8,first_label_token,3,16,16,1000.0,42.14896774291992,False,3400,1190,0.0734606488311992,0.16903490659569492,300.8948081341912,692.3669839810924
8,first_label_token,4,16,16,1000.0,40.49303436279297,False,3400,1190,0.060995043375912834,0.16135431177475873,249.83570341222426,660.9072544642858
8,first_label_token,5,16,16,1000.0,38.799537658691406,False,3400,1190,0.05114580953822417,0.15151972249776374,209.49323759191176,620.6247702205883
8,first_label_token,6,16,16,316.22776601683796,38.28840255737305,False,3400,1190,0.03839725269990809,0.14911257960215335,157.27514677159925,610.7651096376051
8,first_label_token,7,16,16,316.22776601683796,38.9538688659668,False,3400,1190,0.03387281414340524,0.13575204721018047,138.74304486443015,556.0404001444327
8,first_label_token,8,16,16,316.22776601683796,37.589664459228516,False,3400,1190,0.03294637974570779,0.134383838717677,134.94836856617647,550.4361771271008
8,first_label_token,9,16,16,316.22776601683796,36.01082229614258,False,3400,1190,0.026778009428697475,0.1309062941735532,109.68272891773897,536.1921678046218
8,first_label_token,10,16,16,316.22776601683796,34.23331069946289,False,3400,1190,0.02511639679179472,0.12889493773965274,102.87675982306985,527.9536649816176
8,first_label_token,11,16,16,316.22776601683796,35.306026458740234,False,3400,1190,0.023194480222814222,0.12775241266779538,95.0045911362592,523.2738937762605
8,first_label_token,12,16,16,316.22776601683796,36.4552116394043,False,3400,1190,0.0245228270222159,0.12941558661581087,100.44550091911765,530.0862394957983
8,first_label_token,13,16,16,316.22776601683796,35.452171325683594,False,3400,1190,0.02304434937589309,0.12944061215184316,94.38965719784008,530.188739167542
8,first_label_token,14,16,16,316.22776601683796,34.93926239013672,False,3400,1190,0.023175901209606845,0.13141180727662158,94.9284907801011,538.2627494747899
8,first_label_token,15,16,16,316.22776601683796,34.09718704223633,False,3400,1190,0.02249305206186631,0.13258560765691163,92.13154174804687,543.0706374737395
8,first_label_token,16,16,16,316.22776601683796,35.06849670410156,False,3400,1190,0.022130154231015373,0.13398542043541659,90.6451125201057,548.8042771796219
8,first_label_token,17,16,16,316.22776601683796,34.544551849365234,False,3400,1190,0.022487317972323475,0.13555828182637192,92.10805319393383,555.24673384979
8,first_label_token,18,16,16,316.22776601683796,34.1861686706543,False,3400,1190,0.023294816437889547,0.13754034162569448,95.41556906307444,563.3652196034664
8,first_label_token,19,16,16,316.22776601683796,34.699947357177734,False,3400,1190,0.02547115182175356,0.140378158232745,104.32983836454504,574.9889131433823
8,first_label_token,20,16,16,316.22776601683796,34.337867736816406,False,3400,1190,0.02442789622965981,0.14122106488011466,100.05666367474724,578.4414719012605
8,first_label_token,21,16,16,316.22776601683796,35.322906494140625,False,3400,1190,0.023798457997686723,0.14313663033878102,97.47848403033088,586.287637867647
8,first_label_token,22,16,16,316.22776601683796,34.552696228027344,False,3400,1190,0.02375685527044184,0.14285905541492108,97.3080799775965,585.1507041097689
8,first_label_token,23,16,16,316.22776601683796,35.77751541137695,False,3400,1190,0.024584702183218562,0.14467087433117778,100.69894165039062,592.5718979779411
8,first_label_token,24,16,16,316.22776601683796,35.312015533447266,False,3400,1190,0.024307276676682865,0.1443526692751075,99.56260799632354,591.2685300682773
8,first_label_token,25,16,16,316.22776601683796,35.00065231323242,False,3400,1190,0.02335034002276028,0.1449614492785029,95.64299115349264,593.7620962447479
8,first_label_token,26,16,16,316.22776601683796,35.30028533935547,False,3400,1190,0.02376966953277588,0.1465554004957696,97.36056784237132,600.2909073004201
8,first_label_token,27,16,16,316.22776601683796,34.95262908935547,False,3400,1190,0.024439032323220197,0.1481569210020434,100.10227725758273,606.8507517069328
8,first_label_token,28,16,16,316.22776601683796,35.646331787109375,False,3400,1190,0.027595241104855256,0.15121567509755368,113.03010663200827,619.3793986344538
8,last_label_token,0,16,16,3162.2776601683795,48.23455810546875,False,3400,1190,0.11716839902541216,0.1951375945275571,479.92176700367645,799.28359375
8,last_label_token,1,16,16,1000.0,46.29314041137695,False,3400,1190,0.07576033374842475,0.17717000817050452,310.31432416130514,725.6883337710084
8,last_label_token,2,16,16,1000.0,40.51525115966797,False,3400,1190,0.06188589706140406,0.17326127060321198,253.48463809742648,709.6781709558824
8,last_label_token,3,16,16,1000.0,39.834510803222656,False,3400,1190,0.0575656478545245,0.1675206048148019,235.7888901654412,686.1644104516806
8,last_label_token,4,16,16,1000.0,38.7009391784668,False,3400,1190,0.050180498431710636,0.1606071456139829,205.53932100183823,657.846861869748
8,last_label_token,5,16,16,1000.0,38.637577056884766,False,3400,1190,0.04059415838297676,0.15144144587156153,166.27367560891545,620.3041885504201
8,last_label_token,6,16,16,316.22776601683796,37.88652038574219,False,3400,1190,0.028134345903116115,0.14681173052106586,115.23828125,601.3408482142858
8,last_label_token,7,16,16,316.22776601683796,37.815765380859375,False,3400,1190,0.02318319566109601,0.13347329051554704,94.95836799172794,546.7065979516807
8,last_label_token,8,16,16,100.0,34.83149337768555,False,3400,1190,0.0209892521535649,0.132001960578085,85.97197696461397,540.680017397584
8,last_label_token,9,16,16,100.0,33.05221939086914,False,3400,1190,0.017942782956011157,0.12723497102240555,73.49364049574908,521.154428177521
8,last_label_token,10,16,16,100.0,32.97323989868164,False,3400,1190,0.01670038854374605,0.1262882569256951,68.40479276769301,517.276693802521
8,last_label_token,11,16,16,100.0,32.911231994628906,False,3400,1190,0.016680577888208276,0.12667003198832022,68.32364573759192,518.8404378939076
8,last_label_token,12,16,16,100.0,32.548954010009766,False,3400,1190,0.016652652130407446,0.12642881249179358,68.20926283892463,517.8524094012605
8,last_label_token,13,16,16,100.0,32.546119689941406,False,3400,1190,0.015638025052407207,0.1256068285773782,64.05335075827206,514.4855632878151
8,last_label_token,14,16,16,100.0,33.072410583496094,False,3400,1190,0.01644527487895068,0.12817443639290432,67.3598443962546,525.0024980304622
8,last_label_token,15,16,16,100.0,32.10851287841797,False,3400,1190,0.016404534823754254,0.1296926843018091,67.19297564338235,531.2212398240546
8,last_label_token,16,16,16,100.0,32.838993072509766,False,3400,1190,0.016728851961738924,0.1313382060587907,68.52137810202206,537.9613117121849
8,last_label_token,17,16,16,316.22776601683796,33.86756134033203,False,3400,1190,0.018426447475657744,0.13331481308496299,75.47472785500919,546.0574645483193
8,last_label_token,18,16,16,100.0,33.95831298828125,False,3400,1190,0.01719749423510888,0.1335586379556095,70.44093667423024,547.0561876313026
8,last_label_token,19,16,16,100.0,34.05906677246094,False,3400,1190,0.01773789949276868,0.1352497681850145,72.65443678911994,553.9830586922269
8,last_label_token,20,16,16,316.22776601683796,34.735511779785156,False,3400,1190,0.01875896238228854,0.136182411578523,76.83671077952665,557.8031446953781
8,last_label_token,21,16,16,316.22776601683796,36.40718078613281,False,3400,1190,0.019522085768335005,0.1396694415757636,79.96246309168198,572.0860162815126
8,last_label_token,22,16,16,316.22776601683796,36.309715270996094,False,3400,1190,0.01988346022718093,0.14157993573100627,81.44265438304228,579.9114298844538
8,last_label_token,23,16,16,316.22776601683796,37.260684967041016,False,3400,1190,0.01976559505743139,0.14150411381441005,80.95987735523897,579.6008403361344
8,last_label_token,24,16,16,316.22776601683796,38.400177001953125,False,3400,1190,0.019568656647906583,0.1423667539067629,80.15321612189798,583.134243697479
8,last_label_token,25,16,16,316.22776601683796,38.2918815612793,False,3400,1190,0.01914777026456945,0.14315961789684134,78.42926815257353,586.3817949054621
8,last_label_token,26,16,16,316.22776601683796,40.150943756103516,False,3400,1190,0.018757409663761365,0.14370635216977415,76.83034948012408,588.6212020745799
8,last_label_token,27,16,16,316.22776601683796,41.31475067138672,False,3400,1190,0.018872033480335684,0.1453278020650399,77.29984834558823,595.2626772584034
8,last_label_token,28,16,16,1000.0,41.761898040771484,False,3400,1190,0.027301229308633244,0.15293030939182314,111.82583754595588,626.4025210084034
9,pre_label_token,0,16,16,0.01,55.73133850097656,True,3400,1190,0.19782810098984663,0.21711736246317376,810.3039039522059,889.312762605042
9,pre_label_token,1,16,16,1000.0,46.84735107421875,False,3400,1190,0.05359803634531358,0.20083290869448364,219.5375537109375,822.611580882353
9,pre_label_token,2,16,16,1000.0,45.2352180480957,False,3400,1190,0.0578735266012304,0.1972340832237436,237.04996725643383,807.8707917542017
9,pre_label_token,3,16,16,1000.0,43.45173263549805,False,3400,1190,0.05223094140782076,0.19621753051501362,213.93793600643383,803.7070049894958
9,pre_label_token,4,16,16,316.22776601683796,36.80839920043945,False,3400,1190,0.02764403728877797,0.18278805227840647,113.22997587316176,748.699875262605
9,pre_label_token,5,16,16,316.22776601683796,35.10553741455078,False,3400,1190,0.01939393120653489,0.1586043726496336,79.4375394933364,649.6435202205882
9,pre_label_token,6,16,16,100.0,33.67237854003906,False,3400,1190,0.016592849142411176,0.1556691193780979,67.96430951286764,637.6207162552521
9,pre_label_token,7,16,16,100.0,33.713836669921875,False,3400,1190,0.014158625760499168,0.14948722454680113,57.99373093548943,612.2996454831933
9,pre_label_token,8,16,16,100.0,33.155921936035156,False,3400,1190,0.013897030888234867,0.14307985225645434,56.92223848230699,586.055068277311
9,pre_label_token,9,16,16,100.0,31.929813385009766,False,3400,1190,0.009051854137112113,0.12052095317039169,37.07639468922335,493.6538307510504
9,pre_label_token,10,16,16,100.0,32.86942672729492,False,3400,1190,0.008937529868939344,0.11798961663446507,36.60812327665441,483.28546645220587
9,pre_label_token,11,16,16,100.0,32.64516830444336,False,3400,1190,0.008773015176548677,0.1176367399071445,35.934270306755515,481.84007681197477
9,pre_label_token,12,16,16,100.0,33.37428283691406,False,3400,1190,0.008968705955673667,0.11783261499485048,36.7358200970818,482.6423959427521
9,pre_label_token,13,16,16,100.0,34.34572219848633,False,3400,1190,0.00824868167147917,0.11549350273709337,33.786599910960476,473.0613773634454
9,pre_label_token,14,16,16,100.0,33.763004302978516,False,3400,1190,0.010993190232445212,0.12084477368523093,45.028107156192554,494.9801683954832
9,pre_label_token,15,16,16,316.22776601683796,34.99833679199219,False,3400,1190,0.013061271187137156,0.1214108034342277,53.49896764418658,497.29864758403363
9,pre_label_token,16,16,16,100.0,35.39466857910156,False,3400,1190,0.011622724611969556,0.12091087733998018,47.60667893353631,495.2509470194328
9,pre_label_token,17,16,16,100.0,33.62929153442383,False,3400,1190,0.012918706431108363,0.12377714670004965,52.91502078785616,506.9911994485294
9,pre_label_token,18,16,16,100.0,34.80805587768555,False,3400,1190,0.012664146230501288,0.1264294912835129,51.87234346277574,517.8551962972689
9,pre_label_token,19,16,16,100.0,36.46413803100586,False,3400,1190,0.012875875225838492,0.13021766358063,52.739585284064795,533.3715713629201
9,pre_label_token,20,16,16,316.22776601683796,39.630287170410156,False,3400,1190,0.017184058638180004,0.13807927620511096,70.38590511546415,565.5726956407563
9,pre_label_token,21,16,16,316.22776601683796,41.76553726196289,False,3400,1190,0.017714260763981762,0.14346762625109247,72.55761094037224,587.6434102547269
9,pre_label_token,22,16,16,316.22776601683796,42.53895568847656,False,3400,1190,0.016654993541100446,0.14041926840774152,68.2188531853171,575.1573201155462
9,pre_label_token,23,16,16,316.22776601683796,44.204795837402344,False,3400,1190,0.016565486788749695,0.14043060350818795,67.85223352768841,575.203774947479
9,pre_label_token,24,16,16,316.22776601683796,45.27159881591797,False,3400,1190,0.016795204527237834,0.14111086661074343,68.79315759995404,577.9900997899159
9,pre_label_token,25,16,16,1000.0,46.78757095336914,False,3400,1190,0.023968972037820255,0.14541836826741195,98.1769091796875,595.6336479122899
9,pre_label_token,26,16,16,1000.0,47.54553985595703,False,3400,1190,0.024017073406892665,0.14599298268807034,98.37393353630515,597.9872620141807
9,pre_label_token,27,16,16,1000.0,48.53583526611328,False,3400,1190,0.02501224069034352,0.1483966763280019,102.45013700597427,607.8327681853991
9,pre_label_token,28,16,16,316.22776601683796,45.279605865478516,False,3400,1190,0.01744238581727533,0.1463993673565007,71.44401281020221,599.6518070509454
9,first_label_token,0,16,16,3162.2776601683795,51.373477935791016,False,3400,1190,0.12720230831819423,0.1948109089827337,521.0206606158089,797.9454700630253
9,first_label_token,1,16,16,1000.0,47.21666717529297,False,3400,1190,0.08686299730749691,0.1779950919271517,355.7908366842831,729.0679030987395
9,first_label_token,2,16,16,1000.0,43.93947982788086,False,3400,1190,0.07994537619983448,0.17125670809705718,327.4562606272978,701.4674698004202
9,first_label_token,3,16,16,1000.0,43.82406234741211,False,3400,1190,0.07601740984355702,0.16899580114028034,311.36731789981616,692.206778492647
9,first_label_token,4,16,16,1000.0,40.76738739013672,False,3400,1190,0.06137515467755935,0.1597852610740341,251.39263729319853,654.4804129464286
9,first_label_token,5,16,16,1000.0,38.8325309753418,False,3400,1190,0.050474440210005814,0.15299121632295495,206.74331025965074,626.6520089285714
9,first_label_token,6,16,16,316.22776601683796,39.040283203125,False,3400,1190,0.03991646409034729,0.15019930030117515,163.49783389820772,615.2163373161765
9,first_label_token,7,16,16,316.22776601683796,38.744415283203125,False,3400,1190,0.033404718234258536,0.13836935988995208,136.8257256002987,566.7608784138655
9,first_label_token,8,16,16,316.22776601683796,36.788055419921875,False,3400,1190,0.033451723491444305,0.13624289696957884,137.01825963637407,558.0509059873949
9,first_label_token,9,16,16,316.22776601683796,36.27559280395508,False,3400,1190,0.026934478949098027,0.13111867023115398,110.32362096449909,537.0620798319328
9,first_label_token,10,16,16,316.22776601683796,34.62810134887695,False,3400,1190,0.02413436076220344,0.12915318993961108,98.85434024586397,529.0114741990546
9,first_label_token,11,16,16,316.22776601683796,35.768917083740234,False,3400,1190,0.022992112671627717,0.1275124870428518,94.17569149241729,522.291137079832
9,first_label_token,12,16,16,316.22776601683796,35.15576934814453,False,3400,1190,0.02424995043698479,0.12900776101761505,99.3277978515625,528.4157924107143
9,first_label_token,13,16,16,316.22776601683796,35.19078826904297,False,3400,1190,0.0235868397881003,0.12872580039401013,96.61169419232537,527.2608751313026
9,first_label_token,14,16,16,100.0,33.75603103637695,False,3400,1190,0.021681672387263356,0.13097079862065675,88.80812823127297,536.456378019958
9,first_label_token,15,16,16,316.22776601683796,34.302452087402344,False,3400,1190,0.02228258234613082,0.13189889923865053,91.26945908490349,540.2578994879202
9,first_label_token,16,16,16,316.22776601683796,36.072628021240234,False,3400,1190,0.022368100741330315,0.1328875593778466,91.61973977481618,544.307435005252
9,first_label_token,17,16,16,316.22776601683796,35.10879135131836,False,3400,1190,0.02205880343914032,0.1339166192447438,90.35285989200368,548.5224642200631
9,first_label_token,18,16,16,316.22776601683796,34.99119567871094,False,3400,1190,0.023314148660968332,0.1370111862150561,95.49475485409008,561.1978105304622
9,first_label_token,19,16,16,316.22776601683796,34.89381408691406,False,3400,1190,0.024801604256910435,0.13850508297190947,101.58737161075368,567.3168329831933
9,first_label_token,20,16,16,316.22776601683796,34.87269973754883,False,3400,1190,0.024601562058224398,0.13960879510190308,100.76799962660846,571.8376509978991
9,first_label_token,21,16,16,316.22776601683796,35.77757263183594,False,3400,1190,0.022202224626260644,0.1413090497505765,90.94030883789063,578.8018841911764
9,first_label_token,22,16,16,100.0,34.81267166137695,False,3400,1190,0.0211225106085048,0.141998783079516,86.51780287798714,581.6270187762605
9,first_label_token,23,16,16,316.22776601683796,36.6871223449707,False,3400,1190,0.02427333786207087,0.14304827601969744,99.42359130859376,585.9257352941177
9,first_label_token,24,16,16,316.22776601683796,36.16592025756836,False,3400,1190,0.02367959804394666,0.1447146848470223,96.99163380342371,592.7513458508404
9,first_label_token,25,16,16,316.22776601683796,35.46571731567383,False,3400,1190,0.02261853961383595,0.14526033401489258,92.64553746840534,594.9863051470588
9,first_label_token,26,16,16,316.22776601683796,35.809322357177734,False,3400,1190,0.022988834065549513,0.1459332009323505,94.16226325539982,597.7423975840336
9,first_label_token,27,16,16,316.22776601683796,37.54444122314453,False,3400,1190,0.02451357841491699,0.14653006962367465,100.40761460248162,600.1871454831933
9,first_label_token,28,16,16,316.22776601683796,35.8908576965332,False,3400,1190,0.02609290370169808,0.15133928891991366,106.87653535730699,619.8857208508404
9,last_label_token,0,16,16,3162.2776601683795,47.959293365478516,False,3400,1190,0.11555034637451173,0.1945225226778944,473.29421760110296,796.7642463235294
9,last_label_token,1,16,16,1000.0,45.070274353027344,False,3400,1190,0.07445327779825996,0.17799104963030135,304.96062787224264,729.051306460084
9,last_label_token,2,16,16,1000.0,43.37736892700195,False,3400,1190,0.06624336081392625,0.173307641614385,271.332802734375,709.8681099002101
9,last_label_token,3,16,16,1000.0,40.92976760864258,False,3400,1190,0.058194388291415045,0.16759696287267348,238.36421156939338,686.4771632090336
9,last_label_token,4,16,16,1000.0,38.14527893066406,False,3400,1190,0.04857683714698343,0.15822259758700843,198.97072696461396,648.0797728466387
9,last_label_token,5,16,16,1000.0,37.926605224609375,False,3400,1190,0.04107003681799945,0.15122338623559775,168.2228742532169,619.4109834558824
9,last_label_token,6,16,16,316.22776601683796,37.95624923706055,False,3400,1190,0.02820357384050594,0.14781769984910467,115.52183852251838,605.4612985819327
9,last_label_token,7,16,16,316.22776601683796,37.68181228637695,False,3400,1190,0.02321967314271366,0.13429472546617524,95.10778377757353,550.0712152048319
9,last_label_token,8,16,16,100.0,35.32624816894531,False,3400,1190,0.02043919356430278,0.13036137789237398,83.71893626493566,533.9601989233194
9,last_label_token,9,16,16,100.0,34.18355178833008,False,3400,1190,0.017678513509385724,0.1271137045211151,72.41119198069853,520.6577255120799
9,last_label_token,10,16,16,100.0,32.82131576538086,False,3400,1190,0.016241946290521062,0.1260963940820774,66.52701171875,516.4908285189076
9,last_label_token,11,16,16,100.0,33.32358169555664,False,3400,1190,0.016020312414449803,0.12504824950915425,65.6191994341682,512.1976234243698
9,last_label_token,12,16,16,100.0,32.986305236816406,False,3400,1190,0.015747749928165886,0.1259939758717513,64.50278377757353,516.0713202468487
9,last_label_token,13,16,16,100.0,32.518123626708984,False,3400,1190,0.015170331579797408,0.12532000181053868,62.13767858168658,513.3107405462185
9,last_label_token,14,16,16,100.0,33.16687774658203,False,3400,1190,0.015804926525144015,0.1273456509373769,64.73697883157169,521.6077862394958
9,last_label_token,15,16,16,100.0,32.97539138793945,False,3400,1190,0.01616116506211898,0.12862507876227883,66.19613309972426,526.848302914916
9,last_label_token,16,16,16,316.22776601683796,34.33214569091797,False,3400,1190,0.01759958645876716,0.13115840078401966,72.08790563246784,537.2248161764705
9,last_label_token,17,16,16,316.22776601683796,34.19890594482422,False,3400,1190,0.017965303729562197,0.13188635721927933,73.58588500976562,540.2065191701681
9,last_label_token,18,16,16,316.22776601683796,35.317474365234375,False,3400,1190,0.018882793433525984,0.13358797786616478,77.34392190372243,547.1763327205882
9,last_label_token,19,16,16,100.0,35.02963638305664,False,3400,1190,0.017458633841837153,0.13370124512359877,71.51056500603171,547.6402934611344
9,last_label_token,20,16,16,316.22776601683796,36.227054595947266,False,3400,1190,0.01902985099483939,0.1358952321926085,77.94627111098346,556.6268710609244
9,last_label_token,21,16,16,316.22776601683796,37.195716857910156,False,3400,1190,0.01899517033030005,0.1401683807373047,77.80421760110295,574.1296875
9,last_label_token,22,16,16,316.22776601683796,37.01902770996094,False,3400,1190,0.019076025836607988,0.14030526946572697,78.13540053423714,574.6903820903361
9,last_label_token,23,16,16,316.22776601683796,38.395530700683594,False,3400,1190,0.01898108380682328,0.14130136345614905,77.74651999080882,578.7703978466386
9,last_label_token,24,16,16,316.22776601683796,39.47703552246094,False,3400,1190,0.01887882758589352,0.14197168430360427,77.32767793543198,581.516012342437
9,last_label_token,25,16,16,316.22776601683796,39.660823822021484,False,3400,1190,0.018354964694556067,0.14366180996934907,75.18193704044117,588.4387703518908
9,last_label_token,26,16,16,316.22776601683796,40.10874938964844,False,3400,1190,0.01828703678706113,0.14385541226683546,74.90370318244486,589.2317555147059
9,last_label_token,27,16,16,316.22776601683796,41.52334976196289,False,3400,1190,0.018320088947520536,0.1457968944261054,75.03908461626838,597.1840598739495
9,last_label_token,28,16,16,1000.0,41.85768508911133,False,3400,1190,0.026999146938323976,0.15321479444744207,110.58850614659926,627.5677914915966
10,pre_label_token,0,16,16,0.01,55.73133850097656,True,3400,1190,0.19782810098984663,0.21711736246317376,810.3039039522059,889.312762605042
10,pre_label_token,1,16,16,1000.0,45.43203353881836,False,3400,1190,0.04789897231494679,0.205427078439408,196.19419232536765,841.4293395483194
10,pre_label_token,2,16,16,1000.0,45.714630126953125,False,3400,1190,0.05606049439486335,0.19690119959727054,229.62378389246322,806.5072807247899
10,pre_label_token,3,16,16,1000.0,43.87678527832031,False,3400,1190,0.05236249320647296,0.1976781813036494,214.47677447150735,809.6898371848739
10,pre_label_token,4,16,16,316.22776601683796,37.38024139404297,False,3400,1190,0.027304758815204395,0.18039706895331376,111.84028952205882,738.9063944327731
10,pre_label_token,5,16,16,316.22776601683796,34.7401008605957,False,3400,1190,0.01877192027428571,0.1572986041798311,76.88978673598345,644.2951122636555
10,pre_label_token,6,16,16,100.0,33.7440071105957,False,3400,1190,0.01610482922371696,0.15398539374856388,65.9653825827206,630.7241859243697
10,pre_label_token,7,16,16,100.0,33.974788665771484,False,3400,1190,0.013763967331717995,0.14909833058589647,56.37720954446232,610.7067555147058
10,pre_label_token,8,16,16,100.0,33.08191680908203,False,3400,1190,0.013239612404037924,0.14186181300828438,54.229453125,581.0659565388655
10,pre_label_token,9,16,16,31.622776601683793,31.340930938720703,False,3400,1190,0.008568703286788043,0.12018991999265527,35.097408590877755,492.2979090073529
10,pre_label_token,10,16,16,100.0,32.65030288696289,False,3400,1190,0.008343806144069222,0.11596920750722164,34.17623010971967,475.00987723214286
10,pre_label_token,11,16,16,100.0,32.82124710083008,False,3400,1190,0.00826828591963824,0.11623212589937097,33.86689873190487,476.0867844012605
10,pre_label_token,12,16,16,100.0,32.63221740722656,False,3400,1190,0.00866533702787231,0.11728481004218093,35.49322007123162,480.39859834558825
10,pre_label_token,13,16,16,100.0,33.41910171508789,False,3400,1190,0.008046362627955043,0.11500531404960056,32.95790175494026,471.0617663471639
10,pre_label_token,14,16,16,100.0,33.83300018310547,False,3400,1190,0.010353172789601718,0.12037896268508014,42.40659596162684,493.07224592962183
10,pre_label_token,15,16,16,100.0,34.13204574584961,False,3400,1190,0.011471586288774715,0.12017456984319606,46.98761790556066,492.23504136029413
10,pre_label_token,16,16,16,100.0,34.46177673339844,False,3400,1190,0.011324060673222822,0.12008276987476509,46.383351440429685,491.85901720063026
10,pre_label_token,17,16,16,100.0,32.831729888916016,False,3400,1190,0.012591787269886802,0.12319462720085593,51.57596112419577,504.60518644957983
10,pre_label_token,18,16,16,100.0,33.89472579956055,False,3400,1190,0.01231388188460294,0.12572036069982193,50.43765829647288,514.9506072741597
10,pre_label_token,19,16,16,100.0,35.46556091308594,False,3400,1190,0.012637198392082664,0.13013186735265395,51.76196536793428,533.0201483718488
10,pre_label_token,20,16,16,316.22776601683796,40.35560607910156,False,3400,1190,0.0172891723057803,0.1403093995166426,70.8164497644761,574.707284007353
10,pre_label_token,21,16,16,316.22776601683796,41.83287048339844,False,3400,1190,0.017583071081077352,0.14260762959969145,72.02025756835937,584.120827862395
10,pre_label_token,22,16,16,316.22776601683796,43.2556266784668,False,3400,1190,0.017559751289732316,0.14388716601524032,71.92473955939798,589.3618205094538
10,pre_label_token,23,16,16,316.22776601683796,44.34725570678711,False,3400,1190,0.017593602713416603,0.1430059537166307,72.06339305204504,585.7523814994748
10,pre_label_token,24,16,16,316.22776601683796,45.58938980102539,False,3400,1190,0.017265612132409038,0.1424955816829906,70.71994729434742,583.6619091386555
10,pre_label_token,25,16,16,1000.0,46.570796966552734,False,3400,1190,0.02377589316929088,0.1453709458102699,97.38606014476103,595.4394038865546
10,pre_label_token,26,16,16,1000.0,47.091819763183594,False,3400,1190,0.023978068898705875,0.14690559651671337,98.214169921875,601.7253282563025
10,pre_label_token,27,16,16,1000.0,48.19826889038086,False,3400,1190,0.02484047714401694,0.14893665233580003,101.74659438189339,610.0445443802521
10,pre_label_token,28,16,16,316.22776601683796,44.086421966552734,False,3400,1190,0.01759408656288596,0.14689990893131544,72.06537870519301,601.7020401129201
10,first_label_token,0,16,16,3162.2776601683795,51.24662399291992,False,3400,1190,0.12757349799661075,0.19602965988030954,522.541044921875,802.9374737394958
10,first_label_token,1,16,16,1000.0,46.72767639160156,False,3400,1190,0.0880503993174609,0.17949399306994526,360.65443962545953,735.2074021796218
10,first_label_token,2,16,16,1000.0,44.1932373046875,False,3400,1190,0.08034008103258469,0.1731773079944258,329.07297076056983,709.334250262605
10,first_label_token,3,16,16,1000.0,44.20875930786133,False,3400,1190,0.07651049066992367,0.17020576300741244,313.3869677734375,697.1628315388656
10,first_label_token,4,16,16,1000.0,40.811363220214844,False,3400,1190,0.06115135634646696,0.16108050146022765,250.4759553079044,659.7857339810924
10,first_label_token,5,16,16,1000.0,39.142459869384766,False,3400,1190,0.0508819232267492,0.15090673430627133,208.4123558134191,618.1139771533614
10,first_label_token,6,16,16,316.22776601683796,38.71579360961914,False,3400,1190,0.03876571269596324,0.14880301371341995,158.78435877182903,609.4971441701681
10,first_label_token,7,16,16,316.22776601683796,38.97614669799805,False,3400,1190,0.033524896222002366,0.13563996964142103,137.3179744944853,555.5813090861344
10,first_label_token,8,16,16,316.22776601683796,36.142723083496094,False,3400,1190,0.03283364341539495,0.1344800075563062,134.48660292681527,550.8301109506302
10,first_label_token,9,16,16,316.22776601683796,35.707366943359375,False,3400,1190,0.0272796092839802,0.13041318444644703,111.73727797564338,534.1723952862395
10,first_label_token,10,16,16,316.22776601683796,33.67053985595703,False,3400,1190,0.02423830411013435,0.12743132414938022,99.2800944967831,521.9586889443277
10,first_label_token,11,16,16,316.22776601683796,34.67530059814453,False,3400,1190,0.024289219169055715,0.12627782581233177,99.4886421472886,517.2339646796219
10,first_label_token,12,16,16,316.22776601683796,35.03855895996094,False,3400,1190,0.024068391042597153,0.1279116846934086,98.58412985409008,523.9262572216387
10,first_label_token,13,16,16,316.22776601683796,34.1425666809082,False,3400,1190,0.02313360589392045,0.12759763653538808,94.7552477309283,522.6399126838236
10,first_label_token,14,16,16,316.22776601683796,33.836273193359375,False,3400,1190,0.023753434717655182,0.12998138275467047,97.29406853170956,532.4037536108193
10,first_label_token,15,16,16,316.22776601683796,34.20414352416992,False,3400,1190,0.021870861807290247,0.13074831521811606,89.58305103975184,535.5451385241597
10,first_label_token,16,16,16,316.22776601683796,33.718875885009766,False,3400,1190,0.021705067192806918,0.13231942393198734,88.90395536534926,541.9803702731092
10,first_label_token,17,16,16,316.22776601683796,34.6700553894043,False,3400,1190,0.022381949494866764,0.1340384575499206,91.67646620806526,549.0215057116596
10,first_label_token,18,16,16,316.22776601683796,34.2138557434082,False,3400,1190,0.022661517560482024,0.13479518409536667,92.82157664579503,552.1210707720588
10,first_label_token,19,16,16,316.22776601683796,34.44441223144531,False,3400,1190,0.023346772071193247,0.13741466858807733,95.62837840360754,562.8504825367647
10,first_label_token,20,16,16,316.22776601683796,33.725303649902344,False,3400,1190,0.022136774133233464,0.13786358472679844,90.67222598805147,564.6892299107143
10,first_label_token,21,16,16,316.22776601683796,33.54857635498047,False,3400,1190,0.022227852134143605,0.14040517326162644,91.04528420840992,575.0995798319328
10,first_label_token,22,16,16,316.22776601683796,33.93407440185547,False,3400,1190,0.02254416839164846,0.14135353905814035,92.34091301413143,578.984105829832
10,first_label_token,23,16,16,316.22776601683796,34.5943603515625,False,3400,1190,0.023162174207322736,0.14226495358122496,94.87226476332721,582.7172465861345
10,first_label_token,24,16,16,316.22776601683796,34.17874526977539,False,3400,1190,0.022569836763774647,0.1430301794484884,92.44605102539063,585.8516314338235
10,first_label_token,25,16,16,100.0,33.453269958496094,False,3400,1190,0.021796028578982635,0.14511581869686352,89.27653327493107,594.3944262079832
10,first_label_token,26,16,16,316.22776601683796,35.42314147949219,False,3400,1190,0.024170326257453245,0.14659146541306953,99.0016554888557,600.4386488970588
10,first_label_token,27,16,16,316.22776601683796,35.32952880859375,False,3400,1190,0.02511702076477163,0.14787315240427226,102.87931640625,605.6884355304621
10,first_label_token,28,16,16,100.0,35.15837478637695,False,3400,1190,0.023598611074335436,0.15145274651150745,96.65990851907169,620.3504234506303
10,last_label_token,0,16,16,3162.2776601683795,47.69554138183594,False,3400,1190,0.1151168612872853,0.19686509781524913,471.518671875,806.3594537815126
10,last_label_token,1,16,16,1000.0,44.7720832824707,False,3400,1190,0.07451473993413589,0.1798992020743234,305.2123853975184,736.8671218487395
10,last_label_token,2,16,16,1000.0,43.110347747802734,False,3400,1190,0.06540871458895066,0.17485305000753965,267.9140883501838,716.1981125262605
10,last_label_token,3,16,16,1000.0,40.18651580810547,False,3400,1190,0.057430772080140954,0.1675158845276392,235.23644330193014,686.1450695903361
10,last_label_token,4,16,16,1000.0,39.15129089355469,False,3400,1190,0.04872537851333618,0.15945538592939618,199.57915584788603,653.1292771796218
10,last_label_token,5,16,16,1000.0,39.64094161987305,False,3400,1190,0.03914955812342027,0.14998726884857946,160.35658892463235,614.3478400735294
10,last_label_token,6,16,16,316.22776601683796,38.41046142578125,False,3400,1190,0.027586089898558225,0.14509494444903207,112.99262192670037,594.3089055934873
10,last_label_token,7,16,16,316.22776601683796,37.713623046875,False,3400,1190,0.0227510704889017,0.13247074399675643,93.18838493795955,542.6001871060924
10,last_label_token,8,16,16,316.22776601683796,35.625030517578125,False,3400,1190,0.021277432844919317,0.1301570579785259,87.15236378389247,533.1233242515756
10,last_label_token,9,16,16,100.0,33.1258430480957,False,3400,1190,0.01698964551967733,0.12685958317347934,69.58958740234375,519.6168658088235
10,last_label_token,10,16,16,100.0,33.17995834350586,False,3400,1190,0.016380059526247135,0.1251735559030741,67.09272611730239,512.7109046743698
10,last_label_token,11,16,16,100.0,33.778907775878906,False,3400,1190,0.016539662813439087,0.12583759652466334,67.74645816578584,515.4307822347689
10,last_label_token,12,16,16,100.0,32.81965255737305,False,3400,1190,0.015930643467342152,0.12590441343163242,65.25191592945772,515.7044511554622
10,last_label_token,13,16,16,100.0,32.31086349487305,False,3400,1190,0.015157673446571126,0.125333519943622,62.08583022173713,513.3660911239496
10,last_label_token,14,16,16,100.0,33.576175689697266,False,3400,1190,0.015740516361068276,0.12766488259579956,64.4731551585478,522.9153509059873
10,last_label_token,15,16,16,100.0,33.027076721191406,False,3400,1190,0.01576235185651218,0.12833015978837214,64.56259291704963,525.6403459821429
10,last_label_token,16,16,16,100.0,33.09638214111328,False,3400,1190,0.016209556740873002,0.1310116050624046,66.39434369255515,536.6235343356093
10,last_label_token,17,16,16,316.22776601683796,34.094852447509766,False,3400,1190,0.018089001354049235,0.13256774469583976,74.09254875631893,542.9975085346639
10,last_label_token,18,16,16,316.22776601683796,35.353309631347656,False,3400,1190,0.018538381159305572,0.13426744076384214,75.93320894129135,549.9594373686974
10,last_label_token,19,16,16,316.22776601683796,35.07270431518555,False,3400,1190,0.018643659125356114,0.1349770313551446,76.36442555147059,552.8659368434874
10,last_label_token,20,16,16,316.22776601683796,35.66499328613281,False,3400,1190,0.018424874386366676,0.13559194773185154,75.46828584558824,555.3846179096639
10,last_label_token,21,16,16,316.22776601683796,36.285789489746094,False,3400,1190,0.01853468837106929,0.13758923666817802,75.91808464499081,563.5655133928572
10,last_label_token,22,16,16,316.22776601683796,36.8180046081543,False,3400,1190,0.019087013987933887,0.14016337675206803,78.18040785845588,574.1091780462185
10,last_label_token,23,16,16,316.22776601683796,38.01959228515625,False,3400,1190,0.019066623168833115,0.140846410318583,78.09688857134651,576.90689009979
10,last_label_token,24,16,16,316.22776601683796,38.853065490722656,False,3400,1190,0.01869850937057944,0.1410163478691037,76.58909452550552,577.6029674369748
10,last_label_token,25,16,16,316.22776601683796,39.086524963378906,False,3400,1190,0.018345143532051758,0.14325295776880087,75.14170862534466,586.7641150210084
10,last_label_token,26,16,16,316.22776601683796,39.90517807006836,False,3400,1190,0.018010222245665158,0.14298945354814288,73.76986924115349,585.6847886029411
10,last_label_token,27,16,16,316.22776601683796,41.07157516479492,False,3400,1190,0.01833601118887172,0.14493731170141397,75.1043015423943,593.6632221638655
10,last_label_token,28,16,16,1000.0,42.05094528198242,False,3400,1190,0.026830412289675545,0.1529785917586639,109.8973681640625,626.6003118434874
10,last_prompt_token,0,16,16,0.01,55.73133850097656,True,3400,1190,0.19782810098984663,0.21711736246317376,810.3039039522059,889.312762605042
10,last_prompt_token,1,16,16,1000.0,45.157798767089844,False,3400,1190,0.04800893769544714,0.20404704759100906,196.64460994944852,835.7767134978992
10,last_prompt_token,2,16,16,1000.0,44.68814468383789,False,3400,1190,0.05513800060047823,0.19815902229116744,225.8452464384191,811.6593290441176
10,last_prompt_token,3,16,16,1000.0,43.36701965332031,False,3400,1190,0.05008676430758308,0.1968923921344661,205.15539005055146,806.4712447478992
10,last_prompt_token,4,16,16,316.22776601683796,36.680416107177734,False,3400,1190,0.025985977299073162,0.18207658879897173,106.43856215533089,745.7857208508403
10,last_prompt_token,5,16,16,316.22776601683796,34.729209899902344,False,3400,1190,0.01804924849201651,0.15480044148549313,73.9297203871783,634.0625984768908
10,last_prompt_token,6,16,16,100.0,33.78167724609375,False,3400,1190,0.015705609356655794,0.1528915373217158,64.33017463235294,626.2437007615546
10,last_prompt_token,7,16,16,100.0,33.712669372558594,False,3400,1190,0.013208471098366906,0.14729969601671236,54.10189747529871,603.3395384716387
10,last_prompt_token,8,16,16,100.0,32.96229553222656,False,3400,1190,0.012898166319903205,0.14023515557040686,52.83089043112362,574.4032169117647
10,last_prompt_token,9,16,16,31.622776601683793,31.093372344970703,False,3400,1190,0.0082403024855782,0.11892168782338375,33.752278837316176,487.1032398897059
10,last_prompt_token,10,16,16,100.0,32.42559814453125,False,3400,1190,0.007985347053583931,0.11538764128164083,32.70798138786765,472.62779017857144
10,last_prompt_token,11,16,16,100.0,32.42097854614258,False,3400,1190,0.008311494974529042,0.11630899124786634,34.043882123161765,476.40161666228994
10,last_prompt_token,12,16,16,100.0,32.1993293762207,False,3400,1190,0.008361962981083814,0.1170170575630765,34.25060065774357,479.30187762605044
10,last_prompt_token,13,16,16,100.0,32.81978225708008,False,3400,1190,0.007591711642111049,0.11466122314709576,31.095650491153492,469.6523683692227
10,last_prompt_token,14,16,16,100.0,32.00654220581055,False,3400,1190,0.009666465415674097,0.12009614215177648,39.59384306066176,491.913799894958
10,last_prompt_token,15,16,16,316.22776601683796,35.19046401977539,False,3400,1190,0.011434138426009346,0.12190382741078609,46.83422987994026,499.318096769958
10,last_prompt_token,16,16,16,100.0,33.774620056152344,False,3400,1190,0.010974149020279156,0.11976863716830727,44.9501163258272,490.57232799369746
10,last_prompt_token,17,16,16,100.0,31.91242218017578,False,3400,1190,0.012235839489628288,0.12307971024713596,50.11800020105699,504.1344898897059
10,last_prompt_token,18,16,16,100.0,33.052364349365234,False,3400,1190,0.012032053549500073,0.12564040111894367,49.28329162597656,514.6230862657563
10,last_prompt_token,19,16,16,100.0,34.271087646484375,False,3400,1190,0.012441250918542637,0.13007649894522016,50.95936200310202,532.7933396796218
10,last_prompt_token,20,16,16,316.22776601683796,39.55712127685547,False,3400,1190,0.016992033369400923,0.1405072300374007,69.59936932732077,575.5176027442227
10,last_prompt_token,21,16,16,316.22776601683796,41.11848068237305,False,3400,1190,0.017320270643514744,0.1439146899375595,70.94382783777573,589.4745831144958
10,last_prompt_token,22,16,16,316.22776601683796,42.952632904052734,False,3400,1190,0.017207364527618185,0.14517051712805484,70.48136395622703,594.6184545693277
10,last_prompt_token,23,16,16,316.22776601683796,44.46015167236328,False,3400,1190,0.01756102674147662,0.1455325575435863,71.9299647432215,596.1013655462185
10,last_prompt_token,24,16,16,1000.0,45.670352935791016,False,3400,1190,0.025631487790276023,0.1493735617950183,104.98657571231618,611.8341320903361
10,last_prompt_token,25,16,16,1000.0,46.47625732421875,False,3400,1190,0.023344613103305593,0.14556236908215434,95.6195361328125,596.2234375
10,last_prompt_token,26,16,16,1000.0,46.85835647583008,False,3400,1190,0.0234661322481492,0.14650534140963514,96.11727711397059,600.0858685661765
10,last_prompt_token,27,16,16,1000.0,47.235267639160156,False,3400,1190,0.02442345941767973,0.1490107824822434,100.03849006204044,610.348178177521
10,last_prompt_token,28,16,16,316.22776601683796,44.0584602355957,False,3400,1190,0.017088553624994614,0.14581510399569983,69.9947161506204,597.2586774553571
