icl_example_index,token_role,layer,test_mse,test_mse_seed0,test_mse_seed1,test_mse_seed2,test_r2,test_r2_seed0,test_r2_seed1,test_r2_seed2,test_r2_testmean_baseline,test_r2_testmean_baseline_seed0,test_r2_testmean_baseline_seed1,test_r2_testmean_baseline_seed2,train_mse,train_mse_seed0,train_mse_seed1,train_mse_seed2,train_r2,train_r2_seed0,train_r2_seed1,train_r2_seed2
1,pre_label_token,0,0.2171173656688017,0.2171173656688017,0.2171173656688017,0.2171173656688017,8.478048341142852e-08,8.478048341142852e-08,8.478048341142852e-08,8.478048341142852e-08,-0.1416727984516628,-0.1416727984516628,-0.1416727984516628,-0.1416727984516628,0.19782809913158417,0.19782809913158417,0.19782809913158417,0.19782809913158417,0.0,0.0,0.0,0.0
1,pre_label_token,1,0.21689031638351142,0.21655577651592864,0.21781356074229008,0.21630161189231553,0.0010458291655146927,0.0025866540469783317,-0.003206452901659551,0.0037572863512252974,-0.14047890043191988,-0.13871978242843652,-0.1453336156109415,-0.1373833032563816,0.19739756484826407,0.19735370576381683,0.19741304218769073,0.1974259465932846,0.0021763050103097057,0.002398008017313047,0.0020980687056865177,0.002032838307929552
1,pre_label_token,2,0.216881341693782,0.21684375089757582,0.2176594565896427,0.21614081759412748,0.0010871648225722434,0.0012603006420098817,-0.002496679461347018,0.004497873287053866,-0.1404317086326501,-0.14023404416040242,-0.14452328651237312,-0.13653779522517473,0.19750934342543283,0.19764961302280426,0.19742929935455322,0.19744911789894104,0.0016112761915551,0.0009022282959975092,0.0020158904563182256,0.001915709822349565
1,pre_label_token,3,0.21696574160364826,0.21652680725610557,0.2176716844574744,0.21669873309736493,0.0006984354252214109,0.002720080764264554,-0.0025529986173820074,0.001928224128781686,-0.14087551044918975,-0.13856745276180926,-0.14458758456630139,-0.13947149401945858,0.19750374555587769,0.19740305840969086,0.19742123782634735,0.19768694043159485,0.0016395728267637837,0.0021485356415955614,0.002056640623970152,0.0007135422147256376
1,pre_label_token,4,0.21700874403411272,0.216542351346056,0.21770841614538883,0.2167754646108932,0.0005003746819632893,0.0026484877409026497,-0.002722177552872296,0.0015748138578595139,-0.14110163103137938,-0.13864918857607011,-0.1447807315713967,-0.13987497294667128,0.19748331109682718,0.19737157225608826,0.1973964124917984,0.1976819485425949,0.0017428668438432826,0.002307694799171367,0.002182130049678266,0.000738775682680215
1,pre_label_token,5,0.21682354903020776,0.21649775625276965,0.21774432719254694,0.21622856364530676,0.001353346472743359,0.0028538839761056423,-0.0028875767783231865,0.004093732220447621,-0.14012781625743873,-0.13841469326155398,-0.14496956338398825,-0.13699919212677392,0.19737761716047922,0.19735902547836304,0.1973768025636673,0.19739702343940735,0.0022771384504144767,0.0023711174260898638,0.0022812561506577733,0.0021790417744957935
1,pre_label_token,6,0.2168436654141637,0.21657873682615136,0.21771011031976267,0.2162421490965771,0.0012606943618056847,0.0024809033705852634,-0.00272998058707441,0.0040311603019062,-0.14023359466118332,-0.13884051510932793,-0.14478964008404605,-0.13707062879017595,0.1973861108223597,0.19736535847187042,0.1973823755979538,0.19741059839725494,0.002234203892999368,0.002339104817490889,0.002253085055090698,0.002110421806416518
1,pre_label_token,7,0.2170155004292977,0.2165670042278386,0.21774256409717208,0.2167369329628824,0.00046925605360581546,0.002534941412553726,-0.0028794563075356105,0.0017522830557993307,-0.14113715832591223,-0.13877882134150066,-0.14496029246259345,-0.13967236117364257,0.19747507572174072,0.1973663568496704,0.1973809003829956,0.19767796993255615,0.0017844957889861697,0.0023340581238999736,0.002260542109799646,0.0007588871332588898
1,pre_label_token,8,0.21701789877327884,0.21656665160876362,0.2177500604581432,0.2167369842529297,0.0004582097525859992,0.002536565506711219,-0.002913983072875048,0.0017520468239218268,-0.14114976958837935,-0.13877696715722165,-0.14499971073474205,-0.13967263087317439,0.19747111201286316,0.1973615139722824,0.19737361371517181,0.19767820835113525,0.0018045319157798574,0.002358538354005013,0.002297375440634686,0.0007576819526998735
1,pre_label_token,9,0.2170369963018166,0.21655912158869894,0.21782851179106896,0.21672335552568195,0.0003702502894639877,0.002571247299220425,-0.003275314493938364,0.001814818063109902,-0.14125019052330576,-0.13873737189475532,-0.14541223302436967,-0.13960096665079225,0.19746297101179758,0.19735218584537506,0.1973598301410675,0.1976768970489502,0.0018456838102847521,0.0024056910433767342,0.0023670499417031143,0.0007643104457744077
1,pre_label_token,10,0.21705785318583,0.2166014711396033,0.21782525006462547,0.21674683835326122,0.0002741875807954856,0.0023761935909024645,-0.0032602916229813594,0.0017066607744653517,-0.1413598627140363,-0.13896005942665868,-0.14539508181978933,-0.13972444689566088,0.197455162803332,0.19733640551567078,0.1973530352115631,0.19767604768276215,0.0018851534735927489,0.0024854589316269937,0.0024013975876352456,0.0007686039015160073
1,pre_label_token,11,0.217049784620269,0.21661255620106928,0.21827192386659253,0.21626487379314518,0.00031134980801802065,0.002325137976387004,-0.00531758336803323,0.003926494815700288,-0.14131743560648946,-0.13901834823790105,-0.14774383604272256,-0.13719012253884477,0.19711441298325857,0.19733558595180511,0.19660711288452148,0.1974005401134491,0.0036076075717175935,0.002489601739798619,0.006171955614103886,0.0021612653612502752
1,pre_label_token,12,0.21705205527340332,0.21661993235099217,0.2182662931810908,0.21626994028812696,0.00030089162594304497,0.002291164879510088,-0.005291649537236154,0.0039031595355552007,-0.14132937542949797,-0.1390571344017728,-0.14771422809103196,-0.13721676379568915,0.19711236655712128,0.1973380744457245,0.1966012716293335,0.19739775359630585,0.0036179520381825294,0.0024770226677138796,0.006201482537799952,0.0021753509090337575
1,pre_label_token,13,0.21706874590961875,0.21665872205205325,0.2182243667730764,0.21632314890372653,0.00022401783582052617,0.0021125071399369366,-0.005098544741907185,0.003658091109431827,-0.14141714015203552,-0.13926110310056905,-0.14749376558026328,-0.1374965517752742,0.19710545241832733,0.19733546674251556,0.19658377766609192,0.1973971128463745,0.0036529022743941875,0.002490204330078183,0.0062899126613181755,0.002178589831786204
1,pre_label_token,14,0.2170394448673024,0.216687853196088,0.21808605194091796,0.2163444294649012,0.0003589726780641733,0.0019783348157874636,-0.004461493808620487,0.0035600770270255433,-0.14126306586656412,-0.13941428400634215,-0.1467664617968405,-0.1376084517965097,0.19708710412184396,0.197331964969635,0.19653768837451935,0.19739165902137756,0.003745650961582192,0.002507905419538825,0.006522889128133924,0.002206158337073827
1,pre_label_token,15,0.21701693494780727,0.2166675215007878,0.21806215879296054,0.2163211245496734,0.00046264894328318373,0.002071978608460756,-0.004351446664956349,0.003667414886345144,-0.14114470148468347,-0.1393073734264394,-0.14664082395571998,-0.137485907071891,0.19708380103111267,0.19732977449893951,0.19653387367725372,0.19738775491714478,0.003762347733910302,0.002518978015924822,0.006542172017078296,0.0022258931687277883
1,pre_label_token,16,0.21702103280887552,0.21667792055787158,0.21807775577577224,0.2163074220929827,0.00044377500057379837,0.002024082595306287,-0.004423283302442016,0.003730525708857124,-0.14116624935350117,-0.13936205500644805,-0.14672283789762286,-0.13741385515643256,0.19708526134490967,0.1973322033882141,0.19654127955436707,0.19738230109214783,0.003754966002986304,0.0025067002389798088,0.006504736095963692,0.002253461674015411
1,pre_label_token,17,0.21703399476550875,0.2167115107303908,0.21805053037755628,0.21633994318857913,0.00038407477579268284,0.001869372862310148,-0.004297888468989042,0.0035807399340569424,-0.14123440748197372,-0.13953868291524008,-0.1465796780150661,-0.137584861515615,0.1970702956120173,0.19732601940631866,0.19651000201702118,0.1973748654127121,0.0038306161909931933,0.0025379596097293566,0.006662840720550345,0.002291048242699878
1,pre_label_token,18,0.21704762990401238,0.21671464423171613,0.21808410933037767,0.21634413614994338,0.0003212740076198317,0.001854940571046737,-0.004452546526261925,0.0035614279780746827,-0.14130610541679708,-0.13955515987099165,-0.14675624692708555,-0.13760690945231402,0.19706796606381735,0.1973251849412918,0.19650565087795258,0.19737306237220764,0.003842391809371959,0.002542177741685969,0.006684835265752476,0.002300162420677432
1,pre_label_token,19,0.2170745892351081,0.2167290631462546,0.21811575689235654,0.21637894766671317,0.0001971046270314488,0.0017885298844966258,-0.004598308976899057,0.0034010929734967776,-0.141447866233034,-0.13963097915178047,-0.1469226599661222,-0.13778995958119933,0.1970587521791458,0.19732166826725006,0.19649118185043335,0.19736340641975403,0.0038889670163924825,0.0025599541549314875,0.00675797466092809,0.0023489722333178698
1,pre_label_token,20,0.21706608737550193,0.2167762419756721,0.2179925806382123,0.21642943951262145,0.00023626252146872564,0.0015712334684667706,-0.004030983358693119,0.003168537454632525,-0.14140316072632012,-0.13987906058019517,-0.14627495968503945,-0.13805546191372575,0.19704159597555795,0.1973223239183426,0.19644805788993835,0.19735440611839294,0.003975689800785405,0.002556639908394276,0.006975961694541066,0.002394467799420874
1,pre_label_token,21,0.21705038620978176,0.21676312775171103,0.21797172642555557,0.21641630445207868,0.0003085790049553265,0.0016316350066342133,-0.003934932953768344,0.00322903496200011,-0.14132059895724422,-0.13981010178123854,-0.14616530154115948,-0.13798639354933462,0.1970362663269043,0.1973198503255844,0.1964365839958191,0.1973523646593094,0.00400263060786521,0.0025691436566940284,0.007033961008944045,0.0024047871579575553
1,pre_label_token,22,0.2170553394392425,0.2167784314195649,0.21794883503633386,0.2164387518618287,0.0002857654035396025,0.0015611493201977966,-0.003829499713960738,0.003125646604381749,-0.1413466446276234,-0.1398905733789455,-0.14604493126901352,-0.13810442923491117,0.19703192015488943,0.19732265174388885,0.1964206099510193,0.19735249876976013,0.0040246000451390485,0.002554982785125559,0.007114708106398471,0.0024041092438931155
1,pre_label_token,23,0.21705863055060892,0.2167853411506204,0.21793553648876543,0.2164550140124409,0.0002706071914028163,0.0015293244569567488,-0.0037682492174837545,0.0030507463347354546,-0.14136395034756033,-0.1399269069627027,-0.14597500323736567,-0.1381899408426126,0.19702768325805664,0.1973211169242859,0.19641131162643433,0.1973506212234497,0.004046017107989981,0.0025627411349742335,0.007161710148200329,0.002413600040795383
1,pre_label_token,24,0.2170634395268117,0.21679174439245913,0.21792469986346588,0.21647387432451007,0.000248457992142459,0.0014998323835053728,-0.0037183378511247422,0.0029638794440467464,-0.14138923748800716,-0.13996057726358657,-0.1459180207832289,-0.13828911441720604,0.19702432552973428,0.19732066988945007,0.19640202820301056,0.19735027849674225,0.004062990067529526,0.002565000848522403,0.0072086368662172,0.0024153324878489757
1,pre_label_token,25,0.2170689387815673,0.21679114654284565,0.2179374742908638,0.21647819551099248,0.0002231295055313461,0.0015025859613270187,-0.0037771743531038737,0.0029439769083708933,-0.14141815433464874,-0.13995743357842283,-0.14598519282278954,-0.13831183660273383,0.19702591995398203,0.19732055068016052,0.1964046061038971,0.1973526030778885,0.004054930422541088,0.0025656034388019666,0.0071956058514227594,0.002403581977398539
1,pre_label_token,26,0.21705931441790582,0.2167794411923705,0.21792964133895745,0.21646886072238955,0.00026745743303665154,0.0015564985051104152,-0.0037410973160685312,0.0029869711100680707,-0.14136754634131346,-0.13989588308847156,-0.14594400464746538,-0.13826275128800347,0.19702785710493723,0.19732026755809784,0.19641047716140747,0.1973528265953064,0.004045138330499021,0.002567034590715833,0.00716592828015683,0.0024024521206243987
1,pre_label_token,27,0.21706320177607175,0.21677919916745994,0.21794151498490022,0.2164688911758551,0.0002495530253244042,0.0015576132242822727,-0.003795784995699991,0.002986830847390931,-0.14138798731830393,-0.13989461044380724,-0.14600644008900443,-0.13826291142210012,0.19702641169230142,0.19732080399990082,0.1964067965745926,0.1973516345024109,0.004052444737638068,0.0025643229344579632,0.007184533255036762,0.0024084780234194803
1,pre_label_token,28,0.21705573319720953,0.21677474975585936,0.21794209360074596,0.21645035623502332,0.00028395183173031874,0.0015781063396516082,-0.0037984499865675314,0.0030721991421068795,-0.1413487151334015,-0.1398712140094509,-0.14600948263684388,-0.13816544875390968,0.19702894488970438,0.19731968641281128,0.19641368091106415,0.19735346734523773,0.004039639694198516,0.0025699722183284424,0.007149733666395042,0.0023992131978720632
1,first_label_token,0,0.2171431009842902,0.21711957434646223,0.21719662802559989,0.2171131005808085,-0.00011844702477955178,-1.0087954739779192e-05,-0.00036498205714208254,1.972893754320637e-05,-0.14180812300095572,-0.14168441238773744,-0.14208958536513205,-0.1416503712499977,0.1976495236158371,0.19781312346458435,0.19732291996479034,0.1978125274181366,0.0009026802387070987,7.570040386351007e-05,0.0025536269569966796,7.871335526110634e-05
1,first_label_token,1,0.2171123242845722,0.2171193852144129,0.21712409107624983,0.21709349656305393,2.3304405438443847e-05,-9.216849691462414e-06,-3.089112444820685e-05,0.0001100211904550008,-0.14164628923521394,-0.14168341787071514,-0.1417081628027288,-0.14154728703219788,0.1978014757235845,0.19781264662742615,0.19781193137168884,0.1977798491716385,0.0001345784957573759,7.811076498154268e-05,8.17263066585916e-05,0.00024389841563199344
1,first_label_token,2,0.21711674057135064,0.2171173720800576,0.21712469854274719,0.21710815109124704,2.963856489901495e-06,5.525149870955204e-08,-3.3688995746850026e-05,4.252531371784496e-05,-0.14166951148862292,-0.1416728321641043,-0.1417113570565549,-0.1416243452452095,0.19781250754992166,0.19781306385993958,0.19781167805194855,0.1978127807378769,7.881378697434845e-05,7.600169900334741e-05,8.3006811002595e-05,7.743285091710295e-05
1,first_label_token,3,0.2171215602329799,0.2171171060129374,0.21713926491617155,0.21710830976983078,-1.9234557744921926e-05,1.2807043630047588e-06,-0.00010077884894466038,4.179447134688985e-05,-0.14169485481647218,-0.14167143309778485,-0.14178795172349679,-0.14162517962813492,0.19780074059963226,0.19781319797039032,0.1977762132883072,0.19781281054019928,0.00013829446914770394,7.532378493879666e-05,0.00026227741915707536,7.728220334723979e-05
1,first_label_token,4,0.2171824164083358,0.2171152483515379,0.2173250823461709,0.2171069185272986,-0.0002995261410967028,9.836727674628065e-06,-0.0009566174119877147,4.82022610229782e-05,-0.14201485611994968,-0.1416616649178788,-0.14276503941362684,-0.14161786402834342,0.1976521114508311,0.19781306385993958,0.19733040034770966,0.19781287014484406,0.0008895990080560745,7.600169900334741e-05,0.0025158144169573626,7.698090820751347e-05
1,first_label_token,5,0.21719227691992324,0.21711368079946822,0.21735594132367303,0.21710720863662847,-0.0003449417195378057,1.7056564429518417e-05,-0.0010987477975090698,4.686607446613422e-05,-0.14206670585487777,-0.1416534222259478,-0.142927305822367,-0.14161938951631847,0.19765320420265198,0.19781287014484406,0.1973339021205902,0.19781284034252167,0.0008840752638272035,7.698090820751347e-05,0.0024981133274967204,7.713155577737663e-05
1,first_label_token,6,0.2171567644391741,0.21711481238613609,0.2173421443009577,0.21701333663042854,-0.00018137821263467893,1.1844698633023398e-05,-0.0010352014224730421,0.0004792220859359819,-0.14187996983239545,-0.1416593724718611,-0.14285475664839753,-0.1411257803769277,0.1976078450679779,0.19781295955181122,0.19733303785324097,0.19767753779888153,0.0011133608651810272,7.652896549781296e-05,0.002502482107023196,0.0007610715230220721
1,first_label_token,7,0.21702997864795334,0.217110821379333,0.21717610399262244,0.21680301057190454,0.00040257222394731357,3.0226491597673544e-05,-0.0002704523949283999,0.0014479425751726671,-0.14121328944678435,-0.1416383864770674,-0.14198166341198615,-0.14001981845129952,0.19761418302853903,0.1978127807378769,0.19766578078269958,0.1973639875650406,0.0010813231486537234,7.743285091710295e-05,0.0008205019893388066,0.0023460346057052606
1,first_label_token,8,0.21703060427967572,0.2171115009724593,0.2171995371329684,0.2167807747335995,0.0003996906871920706,2.709641922138406e-05,-0.00037838083394170496,0.0015503564762965327,-0.1412165792191944,-0.1416419599958596,-0.1421048823854334,-0.13990289527629018,0.19761458535989126,0.19781287014484406,0.1976667195558548,0.19736416637897491,0.0010792894064604042,7.698090820751347e-05,0.0008157565908877284,0.0023451307202859706
1,first_label_token,9,0.2169049287042698,0.21710943975368469,0.2173922194152319,0.2162131269438928,0.0009785276879266114,3.658998779665357e-05,-0.001265837557332894,0.0041648306333160745,-0.14055573670469199,-0.14163112144593804,-0.1431180676722308,-0.1369180209959071,0.19722149272759756,0.19781269133090973,0.19734063744544983,0.1965111494064331,0.0030663308531470776,7.788479362680345e-05,0.0024640669767044265,0.0066570407891100025
1,first_label_token,10,0.21695942010532243,0.217109417314289,0.21738379342215403,0.2163850495795242,0.0007275510041180322,3.6693339243054623e-05,-0.0012270290892144597,0.0033729887623255017,-0.1408422699819342,-0.1416310034523931,-0.14307376109607395,-0.13782204539733556,0.19722400605678558,0.1978127360343933,0.19734317064285278,0.19651611149311066,0.0030536262414207296,7.76588222719532e-05,0.0024512619332648367,0.006631957968725399
1,first_label_token,11,0.2169348291990136,0.21710968017578125,0.2173878565555861,0.21630695086567342,0.0008408118856151336,3.5482650871054844e-05,-0.0012457430832568672,0.0037326960892312133,-0.14071296310343753,-0.14163238566249192,-0.14309512635583377,-0.13741137729198694,0.19721767803033194,0.19781267642974854,0.19734160602092743,0.19649875164031982,0.0030856137420914123,7.796011741167952e-05,0.0024591709306833742,0.0067197101781791835
1,first_label_token,12,0.21696184676568384,0.21711171735234622,0.21733789684391824,0.216435926100787,0.000716374283415829,2.6099815988334107e-05,-0.0010156384701212051,0.003138661504380358,-0.14085503014101763,-0.14164309779075812,-0.1428324221559465,-0.1380895704763483,0.19721316794554392,0.19781267642974854,0.19733552634716034,0.1964913010597229,0.0031084117409995913,7.796011741167952e-05,0.0024899030349384565,0.006757372070648637
1,first_label_token,13,0.2171113305399064,0.2171112829897584,0.2177354187524619,0.21648728987749885,2.788139806420009e-05,2.8100404700581727e-05,-0.002846546254107185,0.0029020900435992036,-0.14164106380679145,-0.14164081377285087,-0.1449227199466132,-0.1383596577009103,0.19690138598283133,0.1978124976158142,0.1964106261730194,0.19648103415966034,0.004684436401203307,7.88640028309695e-05,0.0071651750423075145,0.006809270158471437
1,first_label_token,14,0.21709860473119913,0.21711315828211167,0.2176813301919889,0.2165013257194968,8.649397190948112e-05,1.9463176681000505e-05,-0.002597424974836393,0.002837443713883836,-0.14157414741991178,-0.1416506746619708,-0.1446383049344413,-0.13843346266332324,0.1969042718410492,0.19781243801116943,0.19641238451004028,0.19648799300193787,0.004669848694853466,7.916529797069582e-05,0.0071562868356847,0.0067740939509050024
1,first_label_token,15,0.21708238478802167,0.21711450144022454,0.2176711779682576,0.21646147495558282,0.0001611998424066637,1.3276854390009696e-05,-0.0025506658275920024,0.003020988500421984,-0.14148885775244965,-0.14165773741845156,-0.14458492128342781,-0.13822391455546956,0.19690272708733877,0.19781246781349182,0.19640904664993286,0.1964866667985916,0.0046776572605587985,7.901465040083266e-05,0.007173159363511039,0.006780797767764524
1,first_label_token,16,0.217203469904197,0.21711451105710838,0.21762798694001526,0.21686791171546743,-0.0003964944052953963,1.3232560913123415e-05,-0.002351736440034502,0.0011490206632351896,-0.14212556215888425,-0.1416577879871137,-0.1443578089935862,-0.14036108949595283,0.19719558457533518,0.1978124976158142,0.19641615450382233,0.19735810160636902,0.0031972938072274046,7.88640028309695e-05,0.007137229918095178,0.002375787500756066
1,first_label_token,17,0.21719718847622058,0.21711473705387918,0.2175949481355042,0.21688188023927832,-0.00036756338255306,1.2191664202965136e-05,-0.00219956619972117,0.001084684387859025,-0.14209253239438766,-0.14165897635067437,-0.14418408035475783,-0.14043454047773074,0.19719721873601279,0.19781240820884705,0.19641923904418945,0.19736000895500183,0.0031890332988124457,7.931594554055899e-05,0.007121637894612842,0.0023661460562839354
1,first_label_token,18,0.21711797153248505,0.21711654182241744,0.2173480298338818,0.21688934294115594,-2.705708569010016e-06,3.879255015104555e-06,-0.001062309030411157,0.0010503126496890225,-0.14167598427737857,-0.1416684664029384,-0.14288570466963546,-0.14047378175956182,0.1975016842285792,0.1978125125169754,0.19733208417892456,0.19736045598983765,0.0016499926170136698,7.878867904598241e-05,0.0025073028292592614,0.002363886342735766
1,first_label_token,19,0.21716579843302067,0.21711694733435366,0.21734325024260193,0.21703719772210642,-0.00022298701280054622,2.0115467338488457e-06,-0.0010402951723307297,0.00036932258719524214,-0.1419274734717484,-0.1416705987148592,-0.14286057204454505,-0.1412512496558409,0.1976060519615809,0.19781243801116943,0.19733211398124695,0.19767360389232635,0.001122424827301997,7.916529797069582e-05,0.0025071521816893982,0.0007809570022458967
1,first_label_token,20,0.2171707938699161,0.2171176894372251,0.21734963264785895,0.21704505952466435,-0.0002459950133653817,-1.4064332432006665e-06,-0.0010696912765817412,0.0003331126697287967,-0.14195374108236702,-0.14167450092995537,-0.1428941327799944,-0.1412925895371513,0.19760542611281076,0.1978124976158142,0.19733019173145294,0.19767358899116516,0.0011255884262694564,7.88640028309695e-05,0.0025168689499465158,0.0007810323260308838
1,first_label_token,21,0.2171605951645795,0.21711731117312646,0.21732269094771697,0.21704178337289506,-0.00019902178098222625,3.3577685321084516e-07,-0.0009456031007011312,0.00034820198090124155,-0.14190011301615316,-0.14167251189591057,-0.1427524646729712,-0.14127536247957773,0.19760547081629434,0.19781237840652466,0.19733074307441711,0.19767329096794128,0.001125362454914643,7.946659311053317e-05,0.0025140819699037698,0.0007825388017296264
1,first_label_token,22,0.2171685616843173,0.21711846519919004,0.21733548941732456,0.21705173043643727,-0.00023571400519854327,-4.979440389574208e-06,-0.0010045503363729225,0.00030238776116686683,-0.14194200353400718,-0.14167858013536905,-0.1428197631341872,-0.14132766733246527,0.19760595758756003,0.1978125423192978,0.19733145833015442,0.19767387211322784,0.0011229018779399524,7.863803147611925e-05,0.002510466428226721,0.0007796011741170172
1,first_label_token,23,0.21716639307700622,0.21711873767756615,0.21732331604516808,0.21705712550828438,-0.00022572582612989667,-6.234422238682313e-06,-0.0009484821767078433,0.0002775391205568356,-0.14193060030069163,-0.14168001291413024,-0.1427557516360114,-0.14135603635193328,0.19760626554489136,0.19781260192394257,0.19733282923698425,0.19767336547374725,0.0011213451863845518,7.833673633639293e-05,0.0025035366400123493,0.000782162182804913
1,first_label_token,24,0.2171314015107996,0.21711893963212728,0.21731699614965616,0.21695826875061547,-6.456154923206725e-05,-7.1645852561808e-06,-0.0009193739800572587,0.0007328539176172377,-0.14174660341407597,-0.14168107485603532,-0.14272251959686622,-0.14083621578932637,0.19750083982944489,0.19781255722045898,0.19733308255672455,0.19735687971115112,0.0016542609648268665,7.856270769124318e-05,0.002502256135668346,0.0023819640511210105
1,first_label_token,25,0.21713415461094102,0.21711967051530084,0.21732399563829438,0.21695879767922793,-7.724178740427708e-05,-1.0530889509752228e-05,-0.0009516122490840218,0.0007304177763809427,-0.14176108009830238,-0.1416849180743589,-0.14275932515480338,-0.14083899706574488,0.1975009689728419,0.19781255722045898,0.19733268022537231,0.1973576694726944,0.0016536081586907558,7.856270769124318e-05,0.002504289877861776,0.002377971890519248
1,first_label_token,26,0.2171252536506546,0.2171193435412495,0.21730448618656448,0.21695193122414982,-3.624571367063142e-05,-9.024911291177773e-06,-0.0008617555486962747,0.0007620433189755582,-0.14171427599210937,-0.14168319873984592,-0.14265673819551483,-0.14080289104096733,0.19750124712785086,0.1978125274181366,0.19733265042304993,0.19735856354236603,0.0016522021147052184,7.871335526110634e-05,0.0025044405254316393,0.0023734524634229093
1,first_label_token,27,0.2171223701883097,0.21711934514406347,0.21730777996928752,0.21693998545157808,-2.2965052809705473e-05,-9.032293537103442e-06,-0.0008769260645766774,0.0008170631996846645,-0.14169911382157352,-0.14168320716795613,-0.14267405796230226,-0.14074007633446217,0.19750083486239114,0.19781243801116943,0.19733285903930664,0.1973572075366974,0.0016542860727551956,7.916529797069582e-05,0.002503385992442486,0.0023803069278524047
1,first_label_token,28,0.21711301135749708,0.21711877774791558,0.21729712125633946,0.21692313506823627,2.013988257998367e-05,-6.418978392819241e-06,-0.0008278341275427259,0.0008946727536754961,-0.14164990208518788,-0.14168022361688903,-0.14261801102841565,-0.14065147161025893,0.19750167926152548,0.19781246781349182,0.19733357429504395,0.19735899567604065,0.001650017724941999,7.901465040083266e-05,0.0024997704507654372,0.002371268073659727
1,last_label_token,0,0.21713730894884808,0.2171189428377552,0.2171817683372177,0.21711121567157135,-9.177004786790437e-05,-7.179349748476227e-06,-0.00029654125289502176,2.8410459039784897e-05,-0.14177766661948868,-0.14168109171225596,-0.14201144835399448,-0.14164045979221562,0.1977636863787969,0.1978127807378769,0.19766543805599213,0.19781284034252167,0.000325599614362293,7.743285091710295e-05,0.0008222344363923995,7.713155577737663e-05
1,last_label_token,1,0.2172160167320102,0.21711821676302356,0.21742127522700974,0.21710855820599725,-0.0004542826283184069,-3.835192233125895e-06,-0.0013996629159125362,4.065022319044154e-05,-0.1421915374067738,-0.14167727377826345,-0.14327085245681714,-0.14162648598524075,0.1976553499698639,0.19781264662742615,0.19734041392803192,0.1978129893541336,0.0008732286387959828,7.811076498154268e-05,0.0024651968334784558,7.63783179279498e-05
1,last_label_token,2,0.21714422402261682,0.21711673896853664,0.21750465521291523,0.2168112778863987,-0.00012361951859633327,2.9712387360492087e-06,-0.001783694743950015,0.001409864949424966,-0.14181402829694725,-0.14166950306051262,-0.14370929118579845,-0.1400632906445307,0.19750243425369263,0.19781295955181122,0.19733096659183502,0.19736337661743164,0.0016462013198384289,7.652896549781296e-05,0.0025129521131297405,0.002349122880887733
1,last_label_token,3,0.2173037659888174,0.217116783847328,0.21800361921807296,0.21679089490105125,-0.0008584384594168734,2.7645358432470957e-06,-0.0040818248880696295,0.0015037449739757625,-0.1426529511645934,-0.1416697390476025,-0.1463330040810813,-0.13995611036509636,0.19718995690345764,0.19781287014484406,0.19639863073825836,0.1973583698272705,0.003225741090005988,7.698090820751347e-05,0.007225810689183265,0.0023744316726271864
1,last_label_token,4,0.21725368125765931,0.21711375452891118,0.21790559111523028,0.2167416981288365,-0.0006277580310799872,1.671698110550235e-05,-0.0036303267122796967,0.0017303356379342327,-0.142389589572098,-0.14165380991902432,-0.14581754085152987,-0.13969741794573975,0.197186549504598,0.1978127807378769,0.19639098644256592,0.19735588133335114,0.003242965128828638,7.743285091710295e-05,0.007264451790856885,0.002387010744711926
1,last_label_token,5,0.21729025212990472,0.21711110988584886,0.21801976917170676,0.21673987733215844,-0.0007961962812043089,2.889768728697728e-05,-0.004156208400484029,0.0017387218695841256,-0.1425818909567873,-0.141639903536932,-0.14641792572105783,-0.13968784361237208,0.19718544681866965,0.19781270623207092,0.1963890641927719,0.19735457003116608,0.00324853908891413,7.780946984181636e-05,0.007274168559114003,0.002393639237786571
1,last_label_token,6,0.21689153879630466,0.21711165965104304,0.2174615058578363,0.21610145088003463,0.0010401989724352727,2.636557685042895e-05,-0.0015849572947930213,0.00467918863524841,-0.14048532827075358,-0.14164279437878524,-0.14348239802682605,-0.13633079240664947,0.19719862441221872,0.1978127807378769,0.1973254382610321,0.1964576542377472,0.003181927755099845,7.743285091710295e-05,0.002540897237341966,0.006927453177040466
1,last_label_token,7,0.21684898996219582,0.21710685281192554,0.21740630975290506,0.21603380732175684,0.001236170540027115,4.850493311592263e-05,-0.001330734883418172,0.0049907415703835944,-0.14026159284379558,-0.1416175184758186,-0.14319215919039596,-0.13597510086517217,0.19720480839411417,0.1978127360343933,0.1973280906677246,0.1964735984802246,0.00315066838435026,7.76588222719532e-05,0.0025274896036229233,0.006846856727155903
1,last_label_token,8,0.21687198927422532,0.21710815269406103,0.2174464089529855,0.21606140617562944,0.0011302402289773046,4.251793147158622e-05,-0.0015154239181127682,0.004863626673573096,-0.14038253060870587,-0.14162435367331994,-0.14340301365535546,-0.1361202244974422,0.19721153378486633,0.1978127807378769,0.19733285903930664,0.19648896157741547,0.003116672249414513,7.743285091710295e-05,0.002503385992442486,0.00676919790488395
1,last_label_token,9,0.2168430136031463,0.21710483006068637,0.21749122523460068,0.21593298551415194,0.001263696475248414,5.7821327783202925e-05,-0.0017218389032871428,0.005455107001249182,-0.14023016722963724,-0.14160688220054563,-0.1436386720491012,-0.13544494743926494,0.19721895456314087,0.19781258702278137,0.19733522832393646,0.19650904834270477,0.0030791610045149964,7.841206012138002e-05,0.002491409510637199,0.00666766144278641
1,last_label_token,10,0.21709505823813902,0.21710421618293313,0.21751745849096474,0.21666350004051912,0.00010282842193617044,6.064872806643695e-05,-0.0018426641263604715,0.002090500664102546,-0.14155549882105753,-0.14160365423427823,-0.14377661493134553,-0.1392862272975488,0.19750610490640005,0.19781267642974854,0.19733826816082,0.1973673701286316,0.0016276465608151547,7.796011741167952e-05,0.0024760434585097135,0.002328936106524071
1,last_label_token,11,0.21680259918298375,0.21710499194489807,0.21725537756911847,0.21604742803493468,0.0014498373516897607,5.707572091995239e-05,-0.0006355709082770389,0.004928007242426369,-0.1400176552363074,-0.14160773343969213,-0.14239850932222797,-0.13604672294700215,0.19733061889807382,0.1978125274181366,0.19766543805599213,0.19651389122009277,0.0025147096681115886,7.871335526110634e-05,0.0008222344363923995,0.0066431812126812595
1,last_label_token,12,0.21693732104047672,0.21710650339847853,0.2174961490791385,0.21620931064381319,0.0008293349535687389,5.011426278112019e-05,-0.001744517163523085,0.004182407761448181,-0.14072606600567558,-0.14161568114776046,-0.1436645632041238,-0.13689795366514246,0.1972153534491857,0.19781245291233063,0.19733335077762604,0.1965002566576004,0.0030973642525418863,7.908997418581976e-05,0.0025009003075394665,0.006712102475900372
1,last_label_token,13,0.2169713274103587,0.21710524839513443,0.21754770519352762,0.216261028642414,0.0006727082973171002,5.5894561532654485e-05,-0.0019819744938447403,0.0039442048242633865,-0.14090488241379062,-0.14160908193734945,-0.14393566180192874,-0.13716990350209368,0.19721482694149017,0.1978122442960739,0.19733117520809174,0.19650106132030487,0.003100025692943061,8.01445071749729e-05,0.0025118975801405874,0.006708034991513623
1,last_label_token,14,0.21696998532078848,0.2171068768541352,0.21754283905029298,0.21626024005793723,0.0006788896981105482,4.839419942337386e-05,-0.001959561994471004,0.003947836889379275,-0.14089782527605008,-0.1416176448974742,-0.143910074058879,-0.137165756871797,0.19721603393554688,0.1978122740983963,0.19732969999313354,0.19650612771511078,0.0030939244663629926,7.999385960499872e-05,0.0025193546348495355,0.006682424904634443
1,last_label_token,15,0.2169574213962929,0.2171088082449777,0.21753229734276522,0.21623115860113576,0.0007367566650927637,3.949859278784551e-05,-0.001911008961407168,0.0040817803638976136,-0.14083176012831666,-0.14162780077045678,-0.14385464237704837,-0.13701283723744484,0.19721577068169913,0.19781234860420227,0.19733135402202606,0.19650360941886902,0.003095255186563617,7.961724068039633e-05,0.0025109936947212974,0.006695154624289157
1,last_label_token,16,0.21696159245253277,0.21710917689219242,0.21751381850042262,0.21626178196498325,0.0007175455998083002,3.7800676168653347e-05,-0.0018258990453070556,0.003940735168563303,-0.1408536928808406,-0.1416297392358392,-0.14375747469272038,-0.1371738647139622,0.19721795121828714,0.19781236350536346,0.19733098149299622,0.19651050865650177,0.003084232806034204,7.954191689540924e-05,0.0025128767893447534,0.006660279711862449
1,last_label_token,17,0.21710421671720448,0.21710881465623358,0.21750291135130811,0.2167009241440717,6.064626731775805e-05,3.9469063803254656e-05,-0.0017756628601166558,0.0019181325982666753,-0.14160365704364852,-0.14162783448289806,-0.14370012140172816,-0.13948301524631934,0.19750219583511353,0.19781231880187988,0.19733181595802307,0.19736245274543762,0.0016474065003974452,7.976788825025949e-05,0.002508658657388141,0.002353792955553935
1,last_label_token,18,0.2171023766867587,0.21711024116067326,0.21751051189518777,0.21668637700441504,6.912108592153447e-05,3.28988647113615e-05,-0.001810669471457249,0.001985133864510491,-0.1415939815729564,-0.1416353355011175,-0.14374008750104994,-0.13940652171670176,0.19750308493773142,0.19781237840652466,0.19733424484729767,0.19736263155937195,0.0016429121812294352,7.946659311053317e-05,0.0024963808804431276,0.002352889070134645
1,last_label_token,19,0.21718932239949204,0.21711060660226003,0.2174962324254653,0.21696112817075072,-0.0003313337790968503,3.121571258457578e-05,-0.0017449010403240983,0.0007196839904489716,-0.14205117003811618,-0.1416372571102793,-0.14366500146586247,-0.14085125153820677,0.1976070205370585,0.19781237840652466,0.19733469188213348,0.1976739913225174,0.0011175287812810186,7.946659311053317e-05,0.002494121166894958,0.0007789985838375646
1,last_label_token,20,0.21723386299710312,0.21711073322456423,0.21748945733078387,0.2171013984359613,-0.0005364790179298954,3.0632515137130056e-05,-0.0017136962857611238,7.362671683430744e-05,-0.14228537879688008,-0.14163792293099764,-0.14362937584337532,-0.14158883761626728,0.19765248894691467,0.19781245291233063,0.19733263552188873,0.19781237840652466,0.0008876908055042895,7.908997418581976e-05,0.0025045158492165154,7.946659311053317e-05
1,last_label_token,21,0.21722263101102257,0.21711056973753856,0.21745604987905806,0.2171012734164711,-0.00048474669751548866,3.1385504246528306e-05,-0.0015598281288284888,7.420253203549443e-05,-0.14222631740885486,-0.14163706326374093,-0.1434537087391643,-0.14158818022365938,0.19765167435010275,0.19781231880187988,0.19733035564422607,0.19781234860420227,0.0008918085057476229,7.976788825025949e-05,0.002516040388312213,7.961724068039633e-05
1,last_label_token,22,0.2172261181999655,0.21711141762613248,0.21746492626286354,0.21710201071090057,-0.0005008080044338244,2.748029602228641e-05,-0.0016007110081208697,7.08066987971101e-05,-0.1422446541676258,-0.14164152173412092,-0.14350038361433204,-0.14159205715442447,0.19765222569306692,0.1978124976158142,0.1973317563533783,0.19781242311000824,0.0008890215257048769,7.88640028309695e-05,0.002508959952527978,7.924062175568292e-05
1,last_label_token,23,0.21722399553998847,0.21711171574953222,0.21745783220820067,0.21710243866223247,-0.0004910314497553747,2.6107198234592843e-05,-0.0015680371865702813,6.883563906956436e-05,-0.14223349254014042,-0.1416430893626477,-0.1434630807978834,-0.1415943074598902,0.19765228033065796,0.19781255722045898,0.19733186066150665,0.19781242311000824,0.0008887453384934426,7.856270769124318e-05,0.0025084326860334016,7.924062175568292e-05
1,last_label_token,24,0.217221476984959,0.21711181031555687,0.21745019800522747,0.2171024226340927,-0.0004794314802727036,2.5671645710545477e-05,-0.0015328755480599199,6.890946153126354e-05,-0.14222024916939646,-0.14164358662115872,-0.14342293770824388,-0.14159422317878678,0.19765208661556244,0.1978125274181366,0.19733135402202606,0.19781237840652466,0.0008897245476976456,7.871335526110634e-05,0.0025109936947212974,7.946659311053317e-05
1,last_label_token,25,0.2172206285620938,0.21711205234046743,0.21744724081343964,0.21710259253237427,-0.0004755238112997458,2.4556926538688018e-05,-0.0015192553038752,6.812694343727443e-05,-0.14221578788964653,-0.14164485926582304,-0.1434073878446318,-0.14159511655848478,0.19765233993530273,0.1978125274181366,0.19733211398124695,0.19781237840652466,0.0008884440433536792,7.871335526110634e-05,0.0025071521816893982,7.946659311053317e-05
1,last_label_token,26,0.21721549528319628,0.21711182474088267,0.21743227533933496,0.21710238576937121,-0.00045188093756428255,2.560520549499401e-05,-0.0014503272713810578,6.907925319321606e-05,-0.14218879546153698,-0.14164366247415194,-0.14332869457821062,-0.1415940293322484,0.19765218098958334,0.1978124976158142,0.19733162224292755,0.19781242311000824,0.0008892474970596901,7.88640028309695e-05,0.002509637866592418,7.924062175568292e-05
1,last_label_token,27,0.2172146751767113,0.2171119994476062,0.2174300330025809,0.21710199307994682,-0.0004481036882736378,2.48005406622287e-05,-0.00143999950898821,7.088790350506802e-05,-0.14218448307840337,-0.14164458113818124,-0.14331690365181826,-0.1415919644452106,0.1976521114508311,0.19781242311000824,0.1973315328359604,0.19781237840652466,0.0008895990080560745,7.924062175568292e-05,0.0025100898093020074,7.946659311053317e-05
1,last_label_token,28,0.21718205203529165,0.21705769450724627,0.21741865302334312,0.21706980857528557,-0.0002978479104672749,0.00027491842316629267,-0.0013875855611775734,0.00021912340660945606,-0.14201294012952803,-0.1413590283311108,-0.14325706406827,-0.1414227279892033,0.1975946625073751,0.19767405092716217,0.1973312795162201,0.19777865707874298,0.0011799973069236043,0.0007786972886977273,0.002511370313646011,0.00024992431842707497
2,pre_label_token,0,0.2171173656688017,0.2171173656688017,0.2171173656688017,0.2171173656688017,8.478048341142852e-08,8.478048341142852e-08,8.478048341142852e-08,8.478048341142852e-08,-0.1416727984516628,-0.1416727984516628,-0.1416727984516628,-0.1416727984516628,0.19782809913158417,0.19782809913158417,0.19782809913158417,0.19782809913158417,0.0,0.0,0.0,0.0
2,pre_label_token,1,0.21719844561665,0.2168496027714064,0.21774176589581146,0.21700396818273207,-0.0003733535242995319,0.0012333480612413128,-0.002875779948942725,0.0005223713148028164,-0.1420991428422791,-0.14026481519132283,-0.14495609526363462,-0.14107651807187982,0.19761384030183157,0.19765052199363708,0.19741109013557434,0.19777990877628326,0.0010830555957073162,0.0008976335451161832,0.0021079361215134984,0.00024359712049226712
2,pre_label_token,2,0.2169583088209649,0.21683704312108143,0.21741156377712217,0.2166263195646911,0.0007326693614629898,0.001291195342233653,-0.001354933886365206,0.0022617466285205223,-0.1408364264920853,-0.14019877251855029,-0.14321978653615264,-0.13909072042155302,0.19767137368520102,0.19765125215053558,0.19767917692661285,0.1976836919784546,0.0007922304620584519,0.0008939426796541472,0.0007527859066788212,0.0007299627998423874
2,pre_label_token,3,0.21698298200505786,0.21684793584487017,0.21740506276363084,0.21669594740667264,0.0006190295246624548,0.0012410255972586937,-0.0013249914958974873,0.001941054472626158,-0.14096616601358036,-0.1402560499565495,-0.14318560212053666,-0.13945684596365493,0.19767221808433533,0.1976509839296341,0.19767965376377106,0.19768601655960083,0.0007879621142452553,0.0008952985077831377,0.0007503755455607886,0.0007182122893918397
2,pre_label_token,4,0.21714788805536864,0.2168863088142972,0.21784601131407152,0.21671134403773717,-0.00014049533334218692,0.0010642872416897209,-0.0033559138576282344,0.0018701406159119527,-0.14183329495722785,-0.14045782734665258,-0.14550425113326826,-0.13953780639176272,0.19758268694082895,0.19765318930149078,0.19741249084472656,0.19768238067626953,0.001240532522086113,0.0008841505876121536,0.0021008556857292637,0.0007365912929169216
2,pre_label_token,5,0.21701977032573283,0.2169181310829996,0.2173941139413529,0.21674706595284599,0.0004495897498075034,0.0009177201262199342,-0.0012745633723065808,0.0017056124955091567,-0.14115961081190834,-0.14062515904971828,-0.143128029698675,-0.13972564368733176,0.19767030080159506,0.1976601928472519,0.19767329096794128,0.19767741858959198,0.0007976537745740438,0.0008487484086908692,0.0007825388017296264,0.0007616741133016358
2,pre_label_token,6,0.21701705569312688,0.21689583433776344,0.21739903458026277,0.2167562981613544,0.00046209281407161296,0.00102041455269819,-0.0012972268680502275,0.0016630907575668763,-0.1411453364023305,-0.14050791560651543,-0.14315390399747696,-0.13977418960299914,0.1976716915766398,0.19765695929527283,0.19767749309539795,0.19768062233924866,0.0007906235546464302,0.0008650936700226319,0.0007612974943769224,0.0007454794995397362
2,pre_label_token,7,0.21702443291159237,0.2168801764480206,0.21744412654588202,0.21674899574087447,0.00042811479569741334,0.0010925317155382475,-0.0015049115995657836,0.001696724271119776,-0.14118412818494241,-0.14042558139641903,-0.1433910120262043,-0.1397357911322039,0.19767064849535623,0.1976574957370758,0.19767458736896515,0.19767986238002777,0.000795896219592159,0.000862382013764873,0.0007759856324399683,0.0007493210125716354
2,pre_label_token,8,0.21702619814405252,0.2168774484586315,0.21743428847369026,0.21676685749983587,0.00041998448191486276,0.0011050962985205137,-0.0014595993725712297,0.0016144565197953042,-0.14119341034381772,-0.14041123675258826,-0.14333928028482124,-0.13982971399404365,0.19767062862714133,0.1976601779460907,0.1976739913225174,0.19767771661281586,0.000795996651305401,0.0008488237324758563,0.0007789985838375646,0.0007601676376027822
2,pre_label_token,9,0.21684053992690824,0.21683816348805146,0.2173804211015461,0.21630303519112723,0.001275089741838209,0.001286035152160414,-0.0012114968432717088,0.0037507309166259217,-0.14021715984598346,-0.14020466376769125,-0.14305602835187892,-0.13739078741838018,0.1975761353969574,0.19766134023666382,0.1976718008518219,0.19739526510238647,0.0012736498795309359,0.0008429484772506379,0.0007900711802235616,0.002187929981118608
2,pre_label_token,10,0.21682586990484673,0.21682782213227086,0.2173527917942079,0.21629699578806133,0.001342656980288422,0.0013336654044527885,-0.0010842416837839597,0.0037785472201964376,-0.1401400201612384,-0.14015028559965548,-0.14291074458551178,-0.1373590302985479,0.19757726788520813,0.19766658544540405,0.1976742148399353,0.19739100337028503,0.0012679252718755807,0.0008164345049521682,0.0007778687270634244,0.0022094725836111495
2,pre_label_token,11,0.2167936528096346,0.216795823554031,0.21733182698738676,0.21625330788748606,0.0014910425890649985,0.0014810445670013772,-0.0009876819038732165,0.003979765104066835,-0.13997061233365402,-0.13998202680445004,-0.14280050490201712,-0.13712930529449485,0.1975764880577723,0.19766825437545776,0.19767212867736816,0.19738908112049103,0.001271867216620648,0.000807998241038943,0.0007884140569548448,0.002219189351868156
2,pre_label_token,12,0.216783872438746,0.21681265149797713,0.21731203383758288,0.21622693198067802,0.0015360890551975686,0.0014035383644568356,-0.0008965185459133274,0.004101247347049197,-0.13991918400424389,-0.14007051353510835,-0.1426964261671948,-0.13699061231042853,0.1975745310386022,0.19766823947429657,0.19767270982265472,0.19738264381885529,0.0012817597403759946,0.0008080735648239301,0.0007854764293422356,0.0022517292269618183
2,pre_label_token,13,0.2167895293035427,0.21683017506318933,0.21732066338803588,0.2162177494594029,0.0015100346477131172,0.0013228282670744163,-0.0009362645592954078,0.0041435402353603434,-0.13994892961507058,-0.1401626580656623,-0.14274180311336737,-0.13694232766618208,0.19757326940695444,0.19766587018966675,0.19767257571220398,0.19738136231899261,0.0012881371541674607,0.0008200500466292171,0.0007861543434066753,0.0022582070724664893
2,pre_label_token,14,0.2166514356597131,0.21640173968146828,0.21731961354488083,0.21623295375279017,0.0021460668310282114,0.003296117432951773,-0.0009314291880537784,0.004073512248186639,-0.13922278891087725,-0.13790980731050295,-0.14273628270108207,-0.13702227672104672,0.19747225443522134,0.19736289978027344,0.1976711004972458,0.19738276302814484,0.0017987570922678813,0.0023515332420057655,0.0007936113981156234,0.0022511266366822547
2,pre_label_token,15,0.21664753334195005,0.21639748901880088,0.2173109519381483,0.216234159068901,0.002164040139704726,0.0033156951497960163,-0.0008915355297480776,0.004067960799066239,-0.1392022692715235,-0.13788745596183105,-0.14269073719270264,-0.1370286146600368,0.19746910532315573,0.19735562801361084,0.1976717859506607,0.19737990200519562,0.0018146755188183095,0.0023882912490559294,0.0007901465040084377,0.0022655888033905613
2,pre_label_token,16,0.21665532194933637,0.21641239999723033,0.2173159767599667,0.21623758909081212,0.002128167344813322,0.0032470181136715626,-0.00091467887149288,0.004052162792261282,-0.13924322426912764,-0.13796586267250022,-0.1427171593186778,-0.13704665081620493,0.19746923943360647,0.1973540037870407,0.19767315685749054,0.19738055765628815,0.0018139976047538327,0.0023965015416141933,0.0007832167157940662,0.0022622745568532387
2,pre_label_token,17,0.21671285175141833,0.21654346369895613,0.21729477954511883,0.21630031201018005,0.0018631963830142058,0.0026433644620603713,-0.0008170486658873877,0.003763273352869634,-0.1395457344342402,-0.13865503768465914,-0.14260569755918118,-0.13737646805888026,0.19746423264344534,0.19735124707221985,0.19767336547374725,0.1973680853843689,0.001839306396493286,0.0024104364418279234,0.000782162182804913,0.002325320564847022
2,pre_label_token,18,0.2167027476121064,0.21662010705771567,0.2171740027034984,0.21631413307510505,0.0019097340628732769,0.002290360214677545,-0.0002607742701987714,0.0036996162441410574,-0.1394926036265376,-0.13905805306580188,-0.14197061415930556,-0.13744914365450533,0.19749817748864493,0.1973525583744049,0.19777807593345642,0.19736389815807343,0.001667718814402604,0.002403807948753278,0.00025286194603968415,0.00234648654841485
2,pre_label_token,19,0.2168570852413231,0.21694948853564863,0.21728377782997965,0.216337989358341,0.0011988852753684147,0.0007732938621394236,-0.0007663769281729405,0.0035897388921387607,-0.14030416041984842,-0.14079004660078032,-0.1425478470096775,-0.13757458764908748,0.197565957903862,0.1976631134748459,0.197673037648201,0.19736172258853912,0.0013250960246441457,0.0008339849468428362,0.0007838193060736298,0.002357483821015971
2,pre_label_token,20,0.2168422715002749,0.21699648304145877,0.21713366468413536,0.2163966667752306,0.0012671144552253155,0.0005568464044192201,-7.498528082483524e-05,0.0033194822420815617,-0.14022626501454108,-0.14103715879650358,-0.1417585039059026,-0.13788313234121707,0.1976103683312734,0.1976637840270996,0.19781213998794556,0.19735518097877502,0.0011006060375980953,0.0008305953765206375,8.067177366954947e-05,0.002390550962604099
2,pre_label_token,21,0.21690733239096419,0.2170034681047712,0.21726692103538192,0.21645160803273947,0.0009674567794195621,0.0005246745756081195,-0.0006887378451971848,0.0030664336078477517,-0.14056837606086017,-0.14107388850144775,-0.14245920857303274,-0.13817203110810006,0.19756290316581726,0.19766391813755035,0.19767160713672638,0.19735318422317505,0.0013405374005566184,0.0008299174624561978,0.0007910503894277277,0.0024006443497859298
2,pre_label_token,22,0.21700755528041293,0.21701317314340288,0.21751327835211232,0.21649621434572364,0.0005058498478732002,0.00047997507504538017,-0.0018234112283475046,0.002860985696921725,-0.14109538018286316,-0.1411249207096712,-0.14375463441952951,-0.13840658541938877,0.19745499392350516,0.19766457378864288,0.19735127687454224,0.19734913110733032,0.0018860071431553809,0.0008266032159188752,0.0024102857942580602,0.002421132419289207
2,pre_label_token,23,0.21721957284195417,0.21702312982382896,0.21808942265871192,0.21654616604332164,-0.0004706613718221675,0.00043411656183400815,-0.004477018672317312,0.0026309179950168016,-0.1422102365742901,-0.14117727613122066,-0.14678418611292532,-0.13866924747872433,0.19715609153111777,0.19766543805599213,0.19645410776138306,0.1973487287759781,0.003396926945243665,0.0008222344363923995,0.006945380237855958,0.002423166161482637
2,pre_label_token,24,0.21721926136177125,0.21703020624753808,0.21803364633512096,0.21659393150265477,-0.00046922675531624325,0.0004015239449911556,-0.004220123887828553,0.0024109196768886676,-0.14220859871151034,-0.14121448623845523,-0.14649089630054535,-0.13892041359553042,0.19715122878551483,0.19766633212566376,0.1964409202337265,0.19734643399715424,0.0034215076070620207,0.0008177150092960606,0.00701204178752679,0.0024347660243632108
2,pre_label_token,25,0.2172253573975977,0.21703239408861688,0.21802696260083623,0.21661671550334,-0.0004973038982516073,0.00039144717896832937,-0.004189339921297552,0.0023059810475744014,-0.14224065362457536,-0.14122599060909513,-0.14645575108034858,-0.13904021918428233,0.19715153674284616,0.19766566157341003,0.19643981754779816,0.19734913110733032,0.00341995091550662,0.0008211045796183702,0.0070176157476122825,0.002421132419289207
2,pre_label_token,26,0.21723242153306635,0.21704639306589335,0.21802104340881862,0.2166298281244871,-0.000529839917873883,0.0003269706409148032,-0.004162077286189669,0.0022455868916532173,-0.14227779911629734,-0.14129960172497014,-0.14642462606879314,-0.13910916955512875,0.19714966416358948,0.19766634702682495,0.19643452763557434,0.19734811782836914,0.003429416604480632,0.0008176396855111845,0.0070443556912656025,0.0024262544366651095
2,pre_label_token,27,0.21723859824386296,0.21704610455937745,0.218031118697479,0.21663857147473248,-0.0005582886338663847,0.0003282994452256105,-0.0042084820856176375,0.002205316738792873,-0.14231027824425038,-0.1412980846651053,-0.14647760517050923,-0.13915514489713665,0.19714282949765524,0.19766536355018616,0.19642013311386108,0.19734299182891846,0.0034639651138392105,0.0008226110553171129,0.007117118467516503,0.0024521658186840156
2,pre_label_token,28,0.21717466146004302,0.21692158033867845,0.2179794616058093,0.21662294243564126,-0.00026380837337488156,0.0009018335324608717,-0.003970559673787344,0.0022773010212018274,-0.14197407811266313,-0.1406432963432107,-0.14620597560175175,-0.1390729623930269,0.1970315327246984,0.1973363757133484,0.1964174062013626,0.19734081625938416,0.004026558463547418,0.002485609579196857,0.007130902720160259,0.0024631630912851366
2,first_label_token,0,0.2171571592656838,0.21712424494639165,0.21727804777001133,0.21706918508064846,-0.0001831967059413205,-3.15998200806078e-05,-0.0007399853981131521,0.00022199510036979841,-0.1418820459569138,-0.14170897190132337,-0.14251771651514433,-0.14141944945427376,0.19759982824325562,0.1977752447128296,0.19735503196716309,0.19766920804977417,0.00115388506147814,0.0002671734651781277,0.0023913042004534146,0.0008031775188028778
2,first_label_token,1,0.21709606159968872,0.21712173173407548,0.21729730237431888,0.21686915069067178,9.820713583341689e-05,-2.002445808524378e-05,-0.00082866832135986,0.0011433141869453545,-0.1415607748181423,-0.1416957566242807,-0.142618963404886,-0.1403676044252602,0.1975100338459015,0.19781173765659332,0.19736604392528534,0.1973523199558258,0.0016077861895196222,8.270551586286867e-05,0.0023356399233837033,0.0024050131293122945
2,first_label_token,2,0.21708452080478188,0.21712056969394203,0.21712432668990447,0.21700866603049912,0.00015136176901005735,-1.4672329611498114e-05,-3.197631463525141e-05,0.0005007339512769216,-0.1415000896141879,-0.14168964624427027,-0.1417094017349516,-0.14110122086334176,0.1977656881014506,0.19781163334846497,0.19781281054019928,0.19767262041568756,0.00031548111925220706,8.323278235744525e-05,7.728220334723979e-05,0.0007859283720519361
2,first_label_token,3,0.21708782901283072,0.21712096719180837,0.21712540057526916,0.21701711927141462,0.00013612481291402911,-1.6503126661904233e-05,-3.6922419569540565e-05,0.00046179998497353214,-0.14151748523396876,-0.14169173641563937,-0.14171504856889205,-0.14114567071737483,0.19776572783788046,0.1978117972612381,0.19781270623207092,0.19767268002033234,0.0003152802558256858,8.240422072314235e-05,7.780946984181636e-05,0.0007856270769120988
2,first_label_token,4,0.21701359842337817,0.2171207187556419,0.21712828083198613,0.2167917956825064,0.00047801631906148795,-1.535887850545592e-05,-5.018831593806006e-05,0.0014995961516279799,-0.14112715696828637,-0.14169043005853377,-0.14173019388320718,-0.13996084696311817,0.19765878717104593,0.19781184196472168,0.19781270623207092,0.19735181331634521,0.00085585395240347,8.21782493682921e-05,7.780946984181636e-05,0.0024075741380003013
2,first_label_token,5,0.21707576409775334,0.21712041422098624,0.21712748743906743,0.2169793906332064,0.0001916934405884474,-1.3956251732949454e-05,-4.653410408361758e-05,0.0006355706775819092,-0.14145404403792705,-0.1416888287175655,-0.14172602196857942,-0.14094728142763624,0.19776583214600882,0.19781167805194855,0.19781258702278137,0.1976732313632965,0.00031475298933110923,8.3006811002595e-05,7.841206012138002e-05,0.0007828400968693527
2,first_label_token,6,0.2170716101381959,0.21712073798940962,0.2171283160938936,0.21696577633128447,0.0002108257619137429,-1.5447465459450527e-05,-5.0350725353753845e-05,0.000698275476554433,-0.14143220118524683,-0.14169053119585806,-0.1417303793016349,-0.14087569305824754,0.1977661003669103,0.1978118121623993,0.1978125423192978,0.1976739466190338,0.0003133971612021928,8.232889693815526e-05,7.863803147611925e-05,0.0007792245551923038
2,first_label_token,7,0.21696244995801053,0.21711797954655496,0.2171306658191841,0.21663870450829256,0.0007135960981070241,-2.742619799933621e-06,-6.117309823983064e-05,0.0022047040123608364,-0.14085820191988266,-0.14167602641793042,-0.1417427349114211,-0.1391558444302965,0.19766015311082205,0.1978122442960739,0.19781233370304108,0.19735588133335114,0.0008489492721173905,8.01445071749729e-05,7.96925644652724e-05,0.002387010744711926
2,first_label_token,8,0.21697494763286174,0.21711555769463547,0.2171313197672868,0.21667796543666296,0.0006560342639665429,8.411954163678459e-06,-6.418505467742364e-05,0.0020238758924133737,-0.14092391870572132,-0.14166329154317814,-0.14174617358044772,-0.13936229099353814,0.19765966633955637,0.1978122442960739,0.1978124976158142,0.197354257106781,0.0008514098490920811,8.01445071749729e-05,7.88640028309695e-05,0.002395221037270301
2,first_label_token,9,0.21699038380000438,0.21711179909585904,0.21713224138532367,0.21672711091883043,0.0005849383118468424,2.5723321433690494e-05,-6.842984622545956e-05,0.0017975214603322964,-0.14100508702721792,-0.14164352762438637,-0.14175101974390403,-0.13962071371336338,0.19766123096148172,0.19781219959259033,0.19781260192394257,0.1973588913679123,0.0008435008516734696,8.037047852971213e-05,7.833673633639293e-05,0.0023717953401543035
2,first_label_token,10,0.21707682943477682,0.2171105328728171,0.2171324914243041,0.21698746400720934,0.00018678670763372374,3.155529590836981e-05,-6.958147662805558e-05,0.000598386303620857,-0.14145964592194563,-0.14163686941720277,-0.14175233452912006,-0.14098973381951407,0.19776619970798492,0.1978120505809784,0.19781255722045898,0.1976739913225174,0.00031289500263598224,8.112371637913895e-05,7.856270769124318e-05,0.0007789985838375646
2,first_label_token,11,0.21707797544677052,0.2171107428414481,0.21713039173799403,0.21699279176086939,0.00018150840162182527,3.058822166002173e-05,-5.991073414457482e-05,0.0005738477173500289,-0.14146567202085225,-0.14163797349965979,-0.1417412937045499,-0.14101774885834706,0.1977660208940506,0.19781191647052765,0.19781245291233063,0.19767369329929352,0.0003137988880552352,8.180163044357869e-05,7.908997418581976e-05,0.0007805050595363072
2,first_label_token,12,0.2170010334303399,0.21710966575045546,0.21712823755600874,0.21676519698455554,0.0005358882075410613,3.554909108660631e-05,-4.998899529140566e-05,0.0016221045268279832,-0.14106108620181268,-0.1416323098094987,-0.14172996632422752,-0.13982098247171182,0.19765980541706085,0.1978117972612381,0.19781234860420227,0.1973552703857422,0.0008507068270993123,8.240422072314235e-05,7.961724068039633e-05,0.0023900990198943983
2,first_label_token,13,0.2170726525015524,0.21711022673534747,0.21712774388930378,0.21697998688000592,0.00020602484115409916,3.2965304926912964e-05,-4.77152634710265e-05,0.0006328244820064111,-0.14143768226635034,-0.1416352596481243,-0.14172737046623696,-0.14095041668468977,0.19776558876037598,0.197811558842659,0.19781236350536346,0.19767284393310547,0.0003159832778184546,8.360940128215866e-05,7.954191689540924e-05,0.0007847985152777959
2,first_label_token,14,0.21712055366580227,0.21710979397557362,0.2171492873119707,0.21710257970986246,-1.459850714983594e-05,3.495851139301287e-05,-0.00014694003424908786,6.818600140656716e-05,-0.14168956196316676,-0.14163298405832725,-0.14184065269757107,-0.141595049133602,0.19780061642328897,0.19781158864498138,0.19777806103229523,0.19781219959259033,0.00013892216735552262,8.345875371218447e-05,0.00025293726982467124,8.037047852971213e-05
2,first_label_token,15,0.217109556759105,0.21709827935996176,0.21712763169232538,0.2171027592250279,3.605108382627916e-05,8.799256788216692e-05,-4.71985062389102e-05,6.735918983558076e-05,-0.14163173669799423,-0.14157243651350893,-0.14172678049851184,-0.1415959930819619,0.19780009984970093,0.19777584075927734,0.1978122889995575,0.19781216979026794,0.00014153339190007644,0.0002641605137805314,7.991853582012265e-05,8.052112609957529e-05
2,first_label_token,16,0.2171093633528851,0.2170985358101981,0.21712678220091747,0.21710277204753972,3.6941874864138136e-05,8.681140849475799e-05,-4.3285915768409566e-05,6.730013186606598e-05,-0.14163071970601093,-0.14157378501116646,-0.1417223136000214,-0.14159606050684492,0.19780010978380838,0.1977756917476654,0.19781237840652466,0.1978122591972351,0.0001414831760434924,0.00026491375162995823,7.946659311053317e-05,8.006918338998581e-05
2,first_label_token,17,0.21710913415048635,0.21709790590430508,0.21712634302988773,0.21710315351726628,3.799753606659184e-05,8.971263123991324e-05,-4.1263180317718806e-05,6.554315727758109e-05,-0.14162951448622954,-0.1415704727637952,-0.1417200042977831,-0.14159806639711037,0.19780002534389496,0.19777551293373108,0.19781231880187988,0.1978122442960739,0.00014191001082478985,0.0002658176370491372,7.976788825025949e-05,8.01445071749729e-05
2,first_label_token,18,0.2171113284028211,0.21710332662117582,0.21712579005906563,0.21710486852822183,2.789124105906371e-05,6.474587469107451e-05,-3.871630538898607e-05,5.764415387510269e-05,-0.14164105256931103,-0.14159897663302923,-0.14171709659970944,-0.14160708447519443,0.1978000303109487,0.19777561724185944,0.1978122889995575,0.19781218469142914,0.00014188490289646083,0.0002652903705545606,7.991853582012265e-05,8.044580231469922e-05
2,first_label_token,19,0.21711488237567977,0.21711355097153606,0.2171251809897543,0.21710591516574893,1.1522340550240706e-05,1.765452636925957e-05,-3.5911051844195185e-05,5.282354712565773e-05,-0.14165974049934685,-0.1416527395490086,-0.14171389391777311,-0.14161258803125887,0.19781196614106497,0.19781140983104706,0.19781234860420227,0.19781213998794556,8.155055116047343e-05,8.436263913147446e-05,7.961724068039633e-05,8.067177366954947e-05
2,first_label_token,20,0.21711534932881846,0.21711491496623064,0.21712437317150982,0.2171067598487149,9.371646165915829e-06,1.1372234878126442e-05,-3.219039977420124e-05,4.8933103393822286e-05,-0.14166219588883142,-0.14165991187092408,-0.14170964615015214,-0.141617029645418,0.19781199594338736,0.19781148433685303,0.19781234860420227,0.19781215488910675,8.139990359057325e-05,8.398602020676105e-05,7.961724068039633e-05,8.059644988456238e-05
2,first_label_token,21,0.21711256470666881,0.21710813666592124,0.21712379135003612,0.21710576610404905,2.2197068512845124e-05,4.2591753933396426e-05,-2.9510644414365572e-05,5.3510096019504516e-05,-0.14164755345176783,-0.14162426939221628,-0.14170658674609182,-0.14161180421699537,0.19780004024505615,0.19777554273605347,0.19781237840652466,0.19781219959259033,0.00014183468703983978,0.00026566698947927403,7.946659311053317e-05,8.037047852971213e-05
2,first_label_token,22,0.21711358997334285,0.21711083740747275,0.21712391476671236,0.21710601774584345,1.747489171240642e-05,3.0152669135974364e-05,-3.0079077369515872e-05,5.2351083370760776e-05,-0.14165294463302747,-0.14163847075817104,-0.14170723571058952,-0.14161312743032184,0.1978000005086263,0.19777549803256989,0.19781231880187988,0.19781218469142914,0.000142035550466361,0.0002658929608341243,7.976788825025949e-05,8.044580231469922e-05
2,first_label_token,23,0.21711574789522745,0.21711594557561795,0.2171242064788562,0.21710709163120814,7.535927618225931e-06,6.625450590491688e-06,-3.142264617239654e-05,4.7404978436582645e-05,-0.14166429167894065,-0.14166533114588487,-0.14170876962667478,-0.14161877426426228,0.19781200091044107,0.19781148433685303,0.19781231880187988,0.19781219959259033,8.137479566224422e-05,8.398602020676105e-05,7.976788825025949e-05,8.037047852971213e-05
2,first_label_token,24,0.21711600541400644,0.21711614592736508,0.21712399170178326,0.21710787861287092,6.349846733422204e-06,5.702669819140915e-06,-3.0433425185716345e-05,4.378029556684204e-05,-0.14166564579533833,-0.14166638465967973,-0.1417076402598867,-0.14162291246644854,0.19781199594338736,0.19781149923801422,0.19781231880187988,0.19781216979026794,8.139990359057325e-05,8.391069642188498e-05,7.976788825025949e-05,8.052112609957529e-05
2,first_label_token,25,0.21711633612795703,0.21711698580188912,0.21712408466499392,0.2171079379169881,4.826643273577365e-06,1.8343728257486092e-06,-3.0861595463393954e-05,4.350715245837744e-05,-0.14166738479544239,-0.1416708009895078,-0.14170812909028752,-0.14162322430653185,0.19781203071276346,0.19781145453453064,0.19781245291233063,0.19781218469142914,8.122414809241807e-05,8.413666777673523e-05,7.908997418581976e-05,8.044580231469922e-05
2,first_label_token,26,0.21711639970624483,0.21711751152487363,0.21712413274941325,0.21710755484444755,4.5338141754595424e-06,-5.870039181399278e-07,-3.108306284871354e-05,4.527150929323209e-05,-0.14166771911048662,-0.14167356540970566,-0.14170838193359825,-0.14162120998815597,0.19781200091044107,0.19781146943569183,0.19781237840652466,0.19781215488910675,8.137479566228123e-05,8.406134399174814e-05,7.946659311053317e-05,8.059644988456238e-05
2,first_label_token,27,0.21711667111607827,0.21711804205630006,0.21712403497776064,0.2171079363141741,3.283753823894268e-06,-3.0305274005826277e-06,-3.0632745832370745e-05,4.3514534704636176e-05,-0.1416691462705074,-0.14167635511423438,-0.14170786781886635,-0.14162321587842142,0.19781201084454855,0.19781148433685303,0.19781237840652466,0.19781216979026794,8.132457980562317e-05,8.398602020676105e-05,7.946659311053317e-05,8.052112609957529e-05
2,first_label_token,28,0.2171164098574,0.21711785612987872,0.21712369678401144,0.2171076766583098,4.487059949746334e-06,-2.1741868447833212e-06,-2.9075091890318205e-05,4.471045858434053e-05,-0.14166777248851883,-0.14167537745343273,-0.14170608948758057,-0.14162185052454324,0.19781196614106497,0.19781143963336945,0.19781231880187988,0.19781213998794556,8.155055116047343e-05,8.42119915616113e-05,7.976788825025949e-05,8.067177366954947e-05
2,last_label_token,0,0.21711808105810682,0.21711869600440273,0.21712283607290572,0.21711271109701205,-3.210162057472784e-06,-6.042483838175627e-06,-2.511082569678358e-05,2.1522823362540855e-05,-0.14167656019825303,-0.1416797937832608,-0.14170156359231778,-0.14164832321918053,0.19781247278054556,0.19781209528446198,0.19781288504600525,0.19781243801116943,7.898954247250363e-05,8.08977450242887e-05,7.690558442252637e-05,7.916529797069582e-05
2,last_label_token,1,0.21712535302512118,0.21712148810635093,0.21714602879115513,0.21710854217785747,-3.6703412933121925e-05,-1.8902356667238607e-05,-0.0001319319277843789,4.072404565225174e-05,-0.14171479853495147,-0.14169447555150594,-0.14182351834921136,-0.1416264017041371,0.19780180354913077,0.1978122889995575,0.19778044521808624,0.19781267642974854,0.00013292137248873312,7.991853582012265e-05,0.00024088546423439716,7.796011741167952e-05
2,last_label_token,2,0.21711838238713455,0.21711875851414786,0.21713011605398996,0.21710627259326581,-4.598024337498785e-06,-6.330391438824634e-06,-5.864098780339333e-05,5.117730622972161e-05,-0.14167814468300052,-0.14168012247956474,-0.14173984406956808,-0.14161446749986872,0.19781248271465302,0.19781233370304108,0.19781279563903809,0.19781231880187988,7.893932661591958e-05,7.96925644652724e-05,7.735752713222688e-05,7.976788825025949e-05
2,last_label_token,3,0.2171190256498107,0.21711774233008632,0.2171308693765592,0.21710846524278657,-7.560765800625664e-06,-1.6500473667413473e-06,-6.211064350347684e-05,4.107839346834119e-05,-0.14168152716462457,-0.14167477905759718,-0.1417438052814366,-0.14162599715483992,0.19781249264876047,0.19781242311000824,0.19781263172626495,0.19781242311000824,7.888911075929854e-05,7.924062175568292e-05,7.818608876652977e-05,7.924062175568292e-05
2,last_label_token,4,0.21711854480561754,0.21711740413633715,0.21713114986900522,0.2171070804115103,-5.346091949428218e-06,-9.239342468880807e-08,-6.340253658332351e-05,4.745665415972766e-05,-0.14167899873151688,-0.1416730007263114,-0.1417452802007495,-0.1416187152674897,0.19781243801116943,0.19781231880187988,0.19781267642974854,0.19781231880187988,7.916529797073284e-05,7.976788825025949e-05,7.796011741167952e-05,7.976788825025949e-05
2,last_label_token,5,0.21711730903604118,0.21711571477040523,0.21713138387984587,0.2171048284578724,3.456198480744632e-07,7.688494039093108e-06,-6.448034452422036e-05,5.782871002935064e-05,-0.14167250065843015,-0.14166411749799313,-0.14174651070486188,-0.14160687377243542,0.19781242807706198,0.19781222939491272,0.1978127360343933,0.19781231880187988,7.921551382735388e-05,8.021983095984897e-05,7.76588222719532e-05,7.976788825025949e-05
2,last_label_token,6,0.2171170963960535,0.2171169024555623,0.21713165154978006,0.21710273518281825,1.3249978400020623e-06,2.218249626650959e-06,-6.571317963466328e-05,6.74699235280185e-05,-0.14167138252912262,-0.14167036272776912,-0.141747918199292,-0.14159586666030677,0.19781248768170676,0.19781242311000824,0.19781270623207092,0.19781233370304108,7.891421868759056e-05,7.924062175568292e-05,7.780946984181636e-05,7.96925644652724e-05
2,last_label_token,7,0.21710078242112277,0.21711328650722986,0.21713277031393613,0.21705629044220226,7.64639601124421e-05,1.8872596987296042e-05,-7.086598746175454e-05,0.00028138527081178477,-0.14158559841251947,-0.14165134891079956,-0.14175380102032253,-0.1413516453064363,0.1978011429309845,0.19781258702278137,0.1978124976158142,0.1977783441543579,0.00013626072695438474,7.841206012138002e-05,7.88640028309695e-05,0.0002515061179108047
2,last_label_token,8,0.21695235329849713,0.21711149456120338,0.21713316300336052,0.2166124023309275,0.0007600993274839615,2.7125948206085937e-05,-7.267463777349548e-05,0.002325846672019294,-0.14080511044336172,-0.1416419262834181,-0.14175586590736033,-0.1390175391393067,0.1976603865623474,0.19781255722045898,0.19781269133090973,0.19735591113567352,0.0008477691994867032,7.856270769124318e-05,7.788479362680345e-05,0.002386860097142063
2,last_label_token,9,0.21695229773427926,0.217107312819537,0.21713352684213333,0.21661605354116745,0.0007603552453512297,4.638622846497853e-05,-7.435040765413348e-05,0.002309029915242844,-0.14080481826886926,-0.14161993734349165,-0.14175777908841192,-0.1390367383747042,0.1976610074440638,0.19781260192394257,0.19781264662742615,0.19735777378082275,0.0008446307084475357,7.833673633639293e-05,7.811076498154268e-05,0.0023774446240246716
2,last_label_token,10,0.21696740211892862,0.2171063367058249,0.217133690329159,0.21666217932180196,0.0006907874181888429,5.0882016382813866e-05,-7.51033967634207e-05,0.0020965836349471356,-0.14088424197152158,-0.1416148046242831,-0.1417586387556684,-0.1392792825346132,0.19766117135683695,0.1978125274181366,0.19781246781349182,0.19735851883888245,0.0008438021468132328,7.871335526110634e-05,7.901465040083266e-05,0.0023736784347777595
2,last_label_token,11,0.21696239332525002,0.21710733686174666,0.21713188556062074,0.21664795755338268,0.0007138569374717241,4.627549477242976e-05,-6.679098757556012e-05,0.0021620863052183026,-0.14085790412665,-0.14162006376514724,-0.14174914870340438,-0.13920449991139838,0.19766140977541605,0.1978124976158142,0.19781231880187988,0.19735941290855408,0.0008425969662542165,7.88640028309695e-05,7.976788825025949e-05,0.0023691590076814206
2,last_label_token,12,0.2169613413450097,0.21710679030218044,0.21713034044794677,0.21664689328490186,0.0007187021517082911,4.879284071657164e-05,-5.967450226718185e-05,0.0021669881166754834,-0.14085237247688442,-0.14161718977951465,-0.1417410240050183,-0.1391989036461203,0.19765969117482504,0.19781242311000824,0.19781216979026794,0.1973544806241989,0.000851284309450473,7.924062175568292e-05,8.052112609957529e-05,0.0023940911804961607
2,last_label_token,13,0.21705802949536748,0.21710757568102926,0.21713118352809874,0.21693532927697445,0.0002733755337167206,4.517554009297875e-05,-6.355756375286958e-05,0.0008385086248100526,-0.14136078980617572,-0.1416213195535907,-0.14174545719106701,-0.14071559267386946,0.19776558379332224,0.19781231880187988,0.1978122442960739,0.19767218828201294,0.00031600838574678364,7.976788825025949e-05,8.01445071749729e-05,0.0007881127618151185
2,last_label_token,14,0.21709885103028026,0.21710696020046202,0.2171319304394121,0.21705766245096672,8.535956674793344e-05,4.801032262247151e-05,-6.699769046836224e-05,0.00027506606808969103,-0.14157544253953694,-0.14161808315921287,-0.14174938469049447,-0.1413588597689035,0.1978008101383845,0.19781219959259033,0.19781219959259033,0.19777803122997284,0.00013794295815131954,8.037047852971213e-05,8.037047852971213e-05,0.0002530879173945344
2,last_label_token,15,0.2170627433712743,0.21710857102850906,0.217133058820452,0.21694660026486182,0.0002516643477291636,4.0591165221148806e-05,-7.219479177233978e-05,0.0007865966697386817,-0.14138557687874131,-0.14162655341012353,-0.14175531808018693,-0.14077485914591348,0.19776545464992523,0.1978120654821396,0.19781222939491272,0.1976720690727234,0.0003166611918828943,8.104839259415186e-05,8.021983095984897e-05,0.0007887153520946821
2,last_label_token,16,0.2171131962153758,0.21710823283475988,0.21713274146328454,0.21709861434808297,1.928846352165318e-05,4.214881916309032e-05,-7.073310703065161e-05,8.644967843252083e-05,-0.14165087412724922,-0.14162477507883775,-0.1417536493143361,-0.14157419798857385,0.1978121300538381,0.19781188666820526,0.19781236350536346,0.19781213998794556,8.072198952613352e-05,8.195227801344185e-05,7.954191689540924e-05,8.067177366954947e-05
2,last_label_token,17,0.21711317537879413,0.21710792028603434,0.21713321749903575,0.2170983883513122,1.9384432721906524e-05,4.3588357166335356e-05,-7.292563414318387e-05,8.749057514256808e-05,-0.14165076456181458,-0.14162313159731776,-0.14175615246311257,-0.1415730096250134,0.19781209031740823,0.1978118121623993,0.19781231880187988,0.19781213998794556,8.092285295265474e-05,8.232889693815526e-05,7.976788825025949e-05,8.067177366954947e-05
2,last_label_token,18,0.21711407562597793,0.21710891082507222,0.217133129344267,0.21710018670859457,1.5238071122728828e-05,3.902612903294855e-05,-7.25196106039494e-05,7.920769493918733e-05,-0.1416554983504661,-0.14162834016951953,-0.14175568891704282,-0.14158246596483592,0.19781206051508585,0.1978118121623993,0.1978122740983963,0.19781209528446198,8.10735005224809e-05,8.232889693815526e-05,7.999385960499872e-05,8.08977450242887e-05
2,last_label_token,19,0.21711468469528925,0.2171098869387843,0.21713245295676864,0.2171017141903148,1.243281757797495e-05,3.453034111511322e-05,-6.940430271984432e-05,7.217241433865595e-05,-0.1416587010324025,-0.14163347288872807,-0.14175213225447125,-0.14159049795400813,0.19781202574570975,0.19781188666820526,0.19781216979026794,0.197812020778656,8.124925602067308e-05,8.195227801344185e-05,8.052112609957529e-05,8.127436394900212e-05
2,last_label_token,20,0.21711511531797778,0.21711078772023945,0.21713227664723117,0.21710228158646272,1.0449454106812675e-05,3.038151876733064e-05,-6.859225564115334e-05,6.955909919426073e-05,-0.14166096538471903,-0.14163820948674988,-0.14175120516233197,-0.14159348150507522,0.19781206051508585,0.19781191647052765,0.1978122442960739,0.197812020778656,8.10735005225179e-05,8.180163044357869e-05,8.01445071749729e-05,8.127436394900212e-05
2,last_label_token,21,0.21711440794274253,0.2171096352969899,0.21713212117427538,0.2171014673569623,1.3707485416736276e-05,3.568935376385696e-05,-6.787617776260468e-05,7.330928024895655e-05,-0.14165724577868058,-0.14163214967540183,-0.1417503876356272,-0.14158920002501274,0.19781209031740823,0.1978117674589157,0.19781236350536346,0.19781213998794556,8.092285295265474e-05,8.255486829300551e-05,7.954191689540924e-05,8.067177366954947e-05
2,last_label_token,22,0.21711495824220803,0.21711075085551798,0.21713217727276457,0.21710194659834148,1.1172914231509049e-05,3.055131042917214e-05,-6.813455637866284e-05,7.110198864401784e-05,-0.14166013942990374,-0.1416380156402115,-0.14175068261948964,-0.14159172003001008,0.19781207044919333,0.1978117674589157,0.19781234860420227,0.19781209528446198,8.102328466589685e-05,8.255486829300551e-05,7.961724068039633e-05,8.08977450242887e-05
2,last_label_token,23,0.21711560631332608,0.2171114384627142,0.21713227825004514,0.217103102227219,8.188026029902021e-06,2.7384326822033067e-05,-6.859963788730106e-05,6.577938915497406e-05,-0.14166354719585894,-0.14164163129955565,-0.14175121359044218,-0.141597796697579,0.19781209031740823,0.19781188666820526,0.19781231880187988,0.1978120654821396,8.092285295261774e-05,8.195227801344185e-05,7.976788825025949e-05,8.104839259415186e-05
2,last_label_token,24,0.2171159380958194,0.2171118856478138,0.21713234717104615,0.21710358146859818,6.659901072588366e-06,2.5324680140492717e-05,-6.891707447276296e-05,6.357209755003534e-05,-0.14166529181470314,-0.1416439827423457,-0.14175157599918764,-0.1416003167025761,0.19781208038330078,0.19781191647052765,0.19781231880187988,0.1978120058774948,8.09730688092758e-05,8.180163044357869e-05,7.976788825025949e-05,8.13496877339892e-05
2,last_label_token,25,0.21711623461640517,0.21711264698445296,0.2171326933788652,0.2171033634858973,5.294185531116528e-06,2.1818113209448597e-05,-7.051163964533202e-05,6.457608302923301e-05,-0.14166685101511955,-0.14164798609476614,-0.14175339647102514,-0.14159917047956738,0.19781212011973062,0.19781188666820526,0.19781245291233063,0.197812020778656,8.077220538275458e-05,8.195227801344185e-05,7.908997418581976e-05,8.127436394900212e-05
2,last_label_token,26,0.2171160524298831,0.21711287778966568,0.21713252187776966,0.21710275762221393,6.133300845719465e-06,2.0755069760847178e-05,-6.972173930530623e-05,6.736657208161745e-05,-0.14166589301990876,-0.14164919974265788,-0.1417524946632167,-0.1415959846538517,0.19781213998794556,0.19781197607517242,0.19781243801116943,0.1978120058774948,8.067177366951246e-05,8.150033530385237e-05,7.916529797069582e-05,8.13496877339892e-05
2,last_label_token,27,0.2171160839518913,0.21711307653859885,0.2171325202749557,0.2171026550421194,5.988116671000003e-06,1.983967123564412e-05,-6.971435705915852e-05,6.78390358365144e-05,-0.14166605877274593,-0.14165024482834254,-0.1417524862351065,-0.14159544525478873,0.1978121300538381,0.19781199097633362,0.19781245291233063,0.19781194627285004,8.072198952613352e-05,8.142501151886528e-05,7.908997418581976e-05,8.165098287371553e-05
2,last_label_token,28,0.2170731600593118,0.2171123568751231,0.21713285846870486,0.21697426483410748,0.00020368712986684745,2.3154299766292574e-05,-7.127201100098901e-05,0.0006591791008352388,-0.14144035116796397,-0.1416464606067913,-0.14175426456639229,-0.14092032833070833,0.19776470959186554,0.19781193137168884,0.1978124976158142,0.19766969978809357,0.0003204273811298064,8.17263066585916e-05,7.88640028309695e-05,0.0008006918338998581
3,pre_label_token,0,0.2171173656688017,0.2171173656688017,0.2171173656688017,0.2171173656688017,8.478048341142852e-08,8.478048341142852e-08,8.478048341142852e-08,8.478048341142852e-08,-0.1416727984516628,-0.1416727984516628,-0.1416727984516628,-0.1416727984516628,0.19782809913158417,0.19782809913158417,0.19782809913158417,0.19782809913158417,0.0,0.0,0.0,0.0
3,pre_label_token,1,0.2170057579916732,0.21651321539357932,0.21740995134626115,0.21709410723517922,0.0005141278065791122,0.002782682211790788,-0.0013475073467175136,0.0001072085546640622,-0.14108592946178064,-0.13849598238596572,-0.14321130785713154,-0.14155049814224463,0.1976096381743749,0.1973375380039215,0.19767853617668152,0.19781284034252167,0.0011042969030600573,0.0024797343239716385,0.0007560248294311567,7.713155577737663e-05
3,pre_label_token,2,0.21692461767116514,0.21660869502219834,0.21745536227186188,0.21670979571943524,0.0008878441759676559,0.002342921807411691,-0.0015566611452213497,0.0018772718657126264,-0.14065926761234096,-0.13899804492004653,-0.14345009307982037,-0.139529664837156,0.19758211572964987,0.19737499952316284,0.1976892501115799,0.19768209755420685,0.0012434199338421381,0.002290370328635438,0.000701867028060188,0.0007380224448307882
3,pre_label_token,3,0.21693056304247774,0.21660456937902114,0.21743518124107553,0.21675193850733654,0.0008604609641723974,0.0023619237090547474,-0.0014637112836881627,0.0016831704671506076,-0.14069053028303222,-0.13897635096398253,-0.1433439747422911,-0.139751265142823,0.19758128126462302,0.19737298786640167,0.19768916070461273,0.19768169522285461,0.0012476380657986768,0.0023005390396021452,0.0007023189707697775,0.0007400561870241074
3,pre_label_token,4,0.21706323917506457,0.21673173984559643,0.2174689076527828,0.21698907002681445,0.0002493807729137358,0.0017762015333918635,-0.0016190485076086336,0.0005909892929579774,-0.14138818397421238,-0.13964505409607986,-0.1435213190404636,-0.14099817878609366,0.19760951399803162,0.19736233353614807,0.1976865977048874,0.1977796107530594,0.001104924601267876,0.0023543955458333876,0.0007152746617792305,0.00024510359619100974
3,pre_label_token,5,0.21695169614476648,0.21695389787689978,0.21715369505040785,0.21674749550699185,0.0007631260484138869,0.0007529853029243361,-0.00016724121121813873,0.0017036340535354633,-0.14080165491811458,-0.14081323233237764,-0.14186383000105818,-0.13972790242090793,0.1976152906815211,0.1973559856414795,0.19781270623207092,0.19767718017101288,0.0010757240806399393,0.0023864834782173494,7.780946984181636e-05,0.0007628792938606521
3,pre_label_token,6,0.21699521200997487,0.21684651895731438,0.21715476412733062,0.21698435294527968,0.0005627005256324905,0.0012475515028733675,-0.0001721651694137627,0.0006127152434378669,-0.14103047530498913,-0.14024859950699242,-0.14186945155066755,-0.14097337485730743,0.19765091439088187,0.19736112654209137,0.19781285524368286,0.19777876138687134,0.000895650018779448,0.0023604967724134562,7.705623199238953e-05,0.0002493970519324984
3,pre_label_token,7,0.21699773537344624,0.2167660833406849,0.21723973731032942,0.21698738546932445,0.0005510784094113393,0.0016180221446957521,-0.0005635349501449394,0.0005987480336832052,-0.14104374396006417,-0.1398256432167404,-0.14231626782134565,-0.14098932084210647,0.19764002660910288,0.19736053049564362,0.19778019189834595,0.1977793574333191,0.0009506865976414517,0.0023635097238110525,0.00024216596857840056,0.0002463841005349021
3,pre_label_token,8,0.2170658747355143,0.2168867511909549,0.21723227781407972,0.21707859520150835,0.00023724189946065324,0.0010622497417466237,-0.0005291779764671212,0.00017865393310245725,-0.14140204259701253,-0.14046015350511154,-0.142277043395735,-0.14146893089019108,0.19774870574474335,0.19765329360961914,0.19778037071228027,0.19781245291233063,0.0004013251261541691,0.000883623321117577,0.00024126208315911057,7.908997418581976e-05
3,pre_label_token,9,0.2168975990359523,0.21680332472344407,0.21715223007843273,0.21673724230598002,0.0010122866996644293,0.0014464956549231633,-0.00016049383821825636,0.0017508582822883811,-0.14051719495602075,-0.14002147036092993,-0.14185612670819014,-0.13967398779894213,0.19771616160869598,0.19765914976596832,0.19781270623207092,0.1976766288280487,0.0005658322724606165,0.0008540210736366349,7.780946984181636e-05,0.0007656662739033981
3,pre_label_token,10,0.21688951764787948,0.21679564884730748,0.2171522396953166,0.2167206644010143,0.0010495079848563311,0.0014818492318339205,-0.00016053813169514264,0.0018272128544302157,-0.14047470042359098,-0.13998110814042097,-0.1418561772768523,-0.13958681585349964,0.1977172444264094,0.1976650059223175,0.1978127658367157,0.197673961520195,0.0005603587440884036,0.0008244188261556928,7.750817470209004e-05,0.0007791492314074278
3,pre_label_token,11,0.21664503508923103,0.21676615065887195,0.21715105681860147,0.2160178977902196,0.0021755466007358595,0.001617712090356549,-0.0001550900340214767,0.005064017745872507,-0.1391891326568441,-0.13982599719737543,-0.14184995733140737,-0.13589144344174953,0.19762321809927622,0.19766353070735931,0.1978124976158142,0.19739362597465515,0.00103565182705249,0.0008318758808646409,7.88640028309695e-05,0.002196215597461859
3,pre_label_token,12,0.21664934879591488,0.2167704045271673,0.2171477021289473,0.21602993973162996,0.0021556785155421774,0.001598119609019899,-0.00013963899278657266,0.005008554930393205,-0.13921181551119002,-0.13984836540226797,-0.1418323172964262,-0.13595476383487592,0.19762384394804636,0.19766180217266083,0.1978124976158142,0.19739723205566406,0.0010324882280850305,0.0008406134399174814,7.88640028309695e-05,0.0021779872415066404
3,pre_label_token,13,0.21672773708482418,0.2163571558078798,0.2171482695250952,0.2166777859214975,0.0017946374628284116,0.0035014619924315094,-0.00014225230793085686,0.002024702703984582,-0.1396240062951435,-0.1376753709927594,-0.14183530084749307,-0.139361347045178,0.1976167013247808,0.19736367464065552,0.19781255722045898,0.19767387211322784,0.0010685934289990835,0.0023476164051889903,7.856270769124318e-05,0.0007796011741170172
3,pre_label_token,14,0.21679846873136463,0.21648822431804754,0.21720058537330947,0.21670659650273683,0.0014688614000712235,0.002897786194081764,-0.0003832088229371866,0.0018920068290690928,-0.13999593599591242,-0.13836457128924962,-0.14211039436960826,-0.1395128423288794,0.19760272900263467,0.19735494256019592,0.19777825474739075,0.19767498970031738,0.001139222031343386,0.002391756143163115,0.00025195806062039416,0.0007739518902466491
3,pre_label_token,15,0.2169199903472131,0.21685342548274192,0.21719998912650998,0.2167065564323874,0.0009091567206620521,0.001215741404124504,-0.0003804626273617995,0.0018921913852234518,-0.14063493565773463,-0.14028491623452877,-0.14210725911255473,-0.13951263162612038,0.19770453870296478,0.19765976071357727,0.19777832925319672,0.19767552614212036,0.0006245848247129112,0.0008509327984541626,0.0002515814416957918,0.0007712402339887792
3,pre_label_token,16,0.21700081170773974,0.2168781008039202,0.21714542933872769,0.21697890498057132,0.0005369094182613073,0.0011020917243290684,-0.00012917096771669634,0.0006378074981715498,-0.14105992031321302,-0.14041466699350447,-0.1418203662359372,-0.1409447277101974,0.19775075217088064,0.1976616382598877,0.19781209528446198,0.19777852296829224,0.0003909806596891959,0.0008414420015517843,8.08977450242887e-05,0.0002506022324915147
3,pre_label_token,17,0.21695601893406288,0.2169556802060424,0.21714092703426585,0.2167714495618804,0.0007432161304919601,0.0007447762451826545,-0.0001084342382235981,0.0015933063845168238,-0.14082438553175258,-0.14082260439109673,-0.14179669167393905,-0.13985386053022197,0.1977171947558721,0.19766388833522797,0.19781218469142914,0.19767551124095917,0.0005606098233715088,0.000830068110026061,8.044580231469922e-05,0.0007713155577737663
3,pre_label_token,18,0.2170722160018793,0.21707085040437074,0.2171413581912257,0.21700443941004136,0.00020803527286132142,0.00021432494659856527,-0.00011042006244332825,0.0005202009344287273,-0.1414353870109625,-0.14142820626093688,-0.14179895883562543,-0.14107899593632522,0.19778847694396973,0.19777487218379974,0.1978122442960739,0.19777831435203552,0.00020028594415240816,0.0002690565598015837,8.01445071749729e-05,0.00025165676548066784
3,pre_label_token,19,0.217109323816807,0.2171060433908671,0.21713897640965565,0.21708295164989824,3.712397026967018e-05,5.223296743206429e-05,-9.945004463407514e-05,0.0001585889880110214,-0.14163051181262207,-0.14161326228008742,-0.14178643466363217,-0.1414918384941466,0.19781203071276346,0.197811558842659,0.1978122442960739,0.1978122889995575,8.122414809241807e-05,8.360940128215866e-05,8.01445071749729e-05,7.991853582012265e-05
3,pre_label_token,20,0.21712558917304714,0.2171101385805787,0.21717811071572182,0.2170885182228409,-3.779106386888239e-05,3.3371328466369476e-05,-0.00027969496713375896,0.00013295044706074233,-0.14171604027654436,-0.14163479610205454,-0.14199221540615548,-0.14152110932142303,0.19780064622561136,0.19781163334846497,0.19777806103229523,0.1978122442960739,0.00013877151978569646,8.323278235744525e-05,0.00025293726982467124,8.01445071749729e-05
3,pre_label_token,21,0.21711285641881264,0.21711106821268547,0.2171356121031176,0.21709188894063486,2.0853499709779417e-05,2.9089625687372944e-05,-8.395470992206278e-05,0.00011742558336402809,-0.14164908736785317,-0.14163968440606278,-0.14176874405998885,-0.14153883363750785,0.19781208038330078,0.19781166315078735,0.19781219959259033,0.19781237840652466,8.09730688092758e-05,8.308213478758208e-05,8.037047852971213e-05,7.946659311053317e-05
3,pre_label_token,22,0.217125972779859,0.2171121869768415,0.21717083394026557,0.21709489742246996,-3.9557881452415934e-05,2.39368178603927e-05,-0.0002461795695196667,0.00010356910730202618,-0.14171805740429022,-0.1416455672270931,-0.14195395178512604,-0.14155465320065153,0.19780079027016959,0.19781182706356049,0.19777816534042358,0.19781237840652466,0.00013804338986459866,8.225357315316817e-05,0.00025241000333009467,7.946659311053317e-05
3,pre_label_token,23,0.21716020621505439,0.2171132816987879,0.21727009781268464,0.21709723913369058,-0.00019723035591149665,1.8894743725961227e-05,-0.0007033694571072502,9.278364564679897e-05,-0.14189806779470615,-0.14165132362646826,-0.1424759130877642,-0.141566966669886,0.19776572287082672,0.19781188666820526,0.19767290353775024,0.19781237840652466,0.00031530536375401486,8.195227801344185e-05,0.0007844972201380696,7.946659311053317e-05
3,pre_label_token,24,0.2171591056161234,0.21711333459164917,0.21726459535230108,0.21709938690441996,-0.0001921612135410792,1.8651129602198502e-05,-0.0006780262060037678,8.289143577833169e-05,-0.1418922804922597,-0.1416516017541103,-0.14244697938490192,-0.14157826033776688,0.19776561856269836,0.19781193137168884,0.19767247140407562,0.19781245291233063,0.0003158326302485544,8.17263066585916e-05,0.0007866816099012519,7.908997418581976e-05
3,pre_label_token,25,0.21716038252459188,0.2171135702053038,0.21726736661766757,0.21710021075080424,-0.00019804240299029866,1.756593941515394e-05,-0.0006907901096326885,7.909696124663856e-05,-0.14189899488684574,-0.1416528406863331,-0.14246155158771256,-0.1415825923864915,0.19776597122351328,0.19781188666820526,0.19767352938652039,0.1978124976158142,0.0003140499673383405,8.195227801344185e-05,0.0007813336211706101,7.88640028309695e-05
3,pre_label_token,26,0.2171270338427119,0.2171147915495544,0.21716511670280905,0.21710119327577224,-4.444492841737535e-05,1.1940667833165719e-05,-0.0002198470974292821,7.457164434399033e-05,-0.14172363681334796,-0.1416592629064266,-0.14192388871547568,-0.14158775881814156,0.19780103862285614,0.19781188666820526,0.19777867197990417,0.19781255722045898,0.0001367879934489613,8.195227801344185e-05,0.0002498489946421989,7.856270769124318e-05
3,pre_label_token,27,0.21711699595304432,0.21711634467629826,0.2171329338009618,0.21710170938187287,1.787618600035401e-06,4.787271293937856e-06,-7.161897657104177e-05,7.219456107721012e-05,-0.1416708543675401,-0.14166742974536417,-0.14175466068757903,-0.14159047266967706,0.19781227906545004,0.19781173765659332,0.19781242311000824,0.19781267642974854,7.996875167674371e-05,8.270551586286867e-05,7.924062175568292e-05,7.796011741167952e-05
3,pre_label_token,28,0.2171173870396547,0.21711761410496816,0.21713288090810054,0.21710166610589549,-1.3649465631833854e-08,-1.059467673147907e-06,-7.137536244750109e-05,7.23938817237535e-05,-0.14167291082646774,-0.14167410480876863,-0.14175438255993722,-0.1415902451106974,0.19781222442785898,0.19781173765659332,0.19781237840652466,0.19781255722045898,8.0244938888215e-05,8.270551586286867e-05,7.946659311053317e-05,7.856270769124318e-05
3,first_label_token,0,0.21736194653337407,0.2171207059331301,0.21787260039513853,0.21709253327185365,-0.0011264066131613237,-1.5299820536052167e-05,-0.0034783779393514624,0.00011445792040354341,-0.14295888314251184,-0.14169036263365098,-0.14564406505601246,-0.14154222173787212,0.19653773307800293,0.1978125423192978,0.19413045048713684,0.19767020642757416,0.0065226631567791475,7.863803147611925e-05,0.018691220613649362,0.0007981308252119623
3,first_label_token,1,0.21729884107573694,0.21712066425996668,0.21767486444040507,0.21710099452683906,-0.0008357552776835734,-1.510788213554548e-05,-0.002567644993784368,7.548704286919339e-05,-0.14262705439083065,-0.14169014350278153,-0.14460430593725349,-0.1415867137324569,0.19735175867875418,0.19781242311000824,0.19646376371383667,0.1977790892124176,0.0024078503252116987,7.924062175568292e-05,0.00689657042521552,0.0002477399286638926
3,first_label_token,2,0.21732871699399978,0.2171206915078043,0.21775324845514377,0.21711221101905118,-0.0009733578855536754,-1.52333803205007e-05,-0.0029286663605083696,2.382608416784393e-05,-0.14278415155855076,-0.14169028678065776,-0.14501647424624586,-0.14164569364874868,0.19735868771870932,0.19781236350536346,0.1964510679244995,0.19781263172626495,0.0023728247652151277,7.954191689540924e-05,0.006960746289983444,7.818608876652977e-05
3,first_label_token,3,0.21731108710879368,0.21712166762151638,0.21770009914366137,0.21711149456120338,-0.0008921580991751998,-1.972916823844706e-05,-0.0026838710774932384,2.7125948206085937e-05,-0.14269144796334285,-0.1416954194998663,-0.14473699810674412,-0.1416419262834181,0.19736236333847046,0.19781234860420227,0.1964622437953949,0.1978124976158142,0.0023542448982635613,7.961724068039633e-05,0.0069042534512793186,7.88640028309695e-05
3,first_label_token,4,0.2173634163137911,0.21711819592644185,0.21786248183050075,0.2171095711844308,-0.0011331761328997232,-3.739223032983574e-06,-0.00343177381927684,3.598464361065368e-05,-0.1429666117197109,-0.14167716421282872,-0.1455908583953165,-0.14163181255098745,0.1973609427611033,0.19781197607517242,0.19645826518535614,0.19781258702278137,0.002361425765761075,8.150033530385237e-05,0.006924364901857993,7.841206012138002e-05
3,first_label_token,5,0.2172254150989009,0.21711617157238872,0.21745168221097033,0.21710839151334363,-0.0004975696591137391,5.584553880444432e-06,-0.0015397115080137969,4.1417976792135214e-05,-0.14224095703654838,-0.14166651950944553,-0.1434307421384362,-0.1416256094617634,0.19766185681025186,0.19781188666820526,0.1973610818386078,0.19781260192394257,0.0008403372527060471,8.195227801344185e-05,0.0023607227437683065,7.833673633639293e-05
3,first_label_token,6,0.21722302583753228,0.21711769264285305,0.21744556427001954,0.21710582059972428,-0.00048656519082224126,-1.4211977354960936e-06,-0.0015115334743809328,5.32590996497051e-05,-0.14222839353337338,-0.14167451778617624,-0.14339857204119633,-0.1416120907727476,0.1976608783006668,0.19781182706356049,0.19735835492610931,0.19781245291233063,0.0008452835145836834,8.225357315316817e-05,0.0023745069964120624,7.908997418581976e-05
3,first_label_token,7,0.2171164061175007,0.2171158638321051,0.21712990768817292,0.2171034468322241,4.5042851908316806e-06,7.001945145246324e-06,-5.7681295801081944e-05,6.419220622833066e-05,-0.14166775282292807,-0.14166490131225662,-0.1417387484152215,-0.14159960874130606,0.1978123883406321,0.19781222939491272,0.19781234860420227,0.19781258702278137,7.941637725387511e-05,8.021983095984897e-05,7.961724068039633e-05,7.841206012138002e-05
3,first_label_token,8,0.21711591886205164,0.2171136888135381,0.2171313277813567,0.21710273999126017,6.7484880266939955e-06,1.7019653198668827e-05,-6.42219659081622e-05,6.744777678957536e-05,-0.14166519067737893,-0.1416534643664995,-0.14174621572099944,-0.14159589194463784,0.19781233370304108,0.19781209528446198,0.19781234860420227,0.19781255722045898,7.969256446530941e-05,8.08977450242887e-05,7.961724068039633e-05,7.856270769124318e-05
3,first_label_token,9,0.2171148524564855,0.2171116147722517,0.21713228305848706,0.21710065953871782,1.1660142478812455e-05,2.6572279743231064e-05,-6.86217846257442e-05,7.70299323189505e-05,-0.14165958317462005,-0.14164255839169515,-0.14175123887477326,-0.14158495225739176,0.19781242311000824,0.19781209528446198,0.1978124976158142,0.19781267642974854,7.92406217556459e-05,8.08977450242887e-05,7.88640028309695e-05,7.796011741167952e-05
3,first_label_token,10,0.21711472423136735,0.21711035175483767,0.21713357652936663,0.21710024440989775,1.2250722172442904e-05,3.238948972561495e-05,-7.457925728537873e-05,7.894193407709249e-05,-0.14165890892579144,-0.1416359170407322,-0.14175804035983308,-0.14158276937680903,0.1978124479452769,0.19781208038330078,0.1978125423192978,0.19781272113323212,7.911508211411178e-05,8.09730688092758e-05,7.863803147611925e-05,7.773414605694029e-05
3,first_label_token,11,0.2171145051801238,0.21711005363143793,0.21713235678793003,0.21710110512100347,1.325962914907238e-05,3.376258751330852e-05,-6.896136794964924e-05,7.497766788355786e-05,-0.14165775708404227,-0.14163434941220543,-0.1417516265678498,-0.1415872952720716,0.19781225423018137,0.19781197607517242,0.1978122889995575,0.1978124976158142,8.009429131831484e-05,8.150033530385237e-05,7.991853582012265e-05,7.88640028309695e-05
3,first_label_token,12,0.21712195185386166,0.217108997377027,0.21715551264145794,0.21710134554310007,-2.1038286559268055e-05,3.8627487739750777e-05,-0.00017561267837540306,7.387033095784812e-05,-0.14169691408476984,-0.14162879528747907,-0.141873387478205,-0.14158855948862548,0.19780082007249197,0.19781185686588287,0.19777809083461761,0.1978125125169754,0.0001378927422946985,8.210292558330501e-05,0.0002527866222548081,7.878867904598241e-05
3,first_label_token,13,0.21712377532189633,0.21711018506218405,0.21715985787015002,0.21710128303335494,-2.943682195259238e-05,3.315724332741965e-05,-0.00019562594774380493,7.415823855860815e-05,-0.14170650246498817,-0.14163504051725484,-0.14189623608538815,-0.14158823079232152,0.19780075550079346,0.19781184196472168,0.19777795672416687,0.19781246781349182,0.00013821914536279087,8.21782493682921e-05,0.0002534645363192478,7.901465040083266e-05
3,first_label_token,14,0.2172332843812574,0.2171116131694377,0.21748662355567228,0.21710161641866219,-0.0005338140270623182,2.65796619894898e-05,-0.001700644474531554,7.262273135510977e-05,-0.14228233624904055,-0.14164254996358472,-0.14361447494426072,-0.14158998383927623,0.19765932857990265,0.1978118121623993,0.19735364615917206,0.1978125274181366,0.000853117188217345,8.232889693815526e-05,0.0023983093124527732,7.871335526110634e-05
3,first_label_token,15,0.2172294499159527,0.21711316469336758,0.2174742882993041,0.21710089675518646,-0.0005161532334737225,1.9433647696298628e-05,-0.0016438307080031134,7.59373598856472e-05,-0.14226217339969183,-0.14165070837441207,-0.1435496122069384,-0.141586199617725,0.19765803217887878,0.1978117972612381,0.1973496973514557,0.19781260192394257,0.00085967035750704,8.240422072314235e-05,0.002418270115461585,7.833673633639293e-05
3,first_label_token,16,0.21723568219096723,0.21711273994766364,0.21749327683649144,0.21710102978874654,-0.0005448578673334925,2.1389942931548944e-05,-0.001731288178385526,7.53246334534996e-05,-0.14229494470213755,-0.1416484749251672,-0.1436494600303606,-0.14158689915088485,0.19765821595986685,0.1978117674589157,0.19735027849674225,0.19781260192394257,0.000858741364159458,8.255486829300551e-05,0.0024153324878489757,7.833673633639293e-05
3,first_label_token,17,0.21739506868421196,0.21711362309816504,0.21796974695029378,0.21710183600417707,-0.001278960730275484,1.732232529161326e-05,-0.003925815879747718,7.161136362965337e-05,-0.14313305004307883,-0.1416531188139747,-0.14615489282486638,-0.1415911384903954,0.19736515978972116,0.1978118121623993,0.19647106528282166,0.19781260192394257,0.002340109134623347,8.232889693815526e-05,0.006859661770595493,7.833673633639293e-05
3,first_label_token,18,0.2173985633529535,0.21711539901605173,0.21797664866727942,0.21710364237552932,-0.0012950564876759902,9.142796534633568e-06,-0.003957603831758139,6.329157219553405e-05,-0.14315142613303142,-0.1416624571602525,-0.14619118426807187,-0.14160063697076986,0.19736472268899283,0.19781166315078735,0.19647008180618286,0.19781242311000824,0.0023423186323149325,8.308213478758208e-05,0.006864633140401533,7.924062175568292e-05
3,first_label_token,19,0.2173637913722618,0.2171165322055336,0.21787075555625082,0.21710408635500097,-0.0011349035785035804,3.923548491990836e-06,-0.003469880974009021,6.124669000628913e-05,-0.1429685838975349,-0.14166841583427625,-0.1456343643009892,-0.14160297155733925,0.19735835492610931,0.1978118121623993,0.196450874209404,0.19781237840652466,0.0023745069964121366,8.232889693815526e-05,0.006961725499187721,7.946659311053317e-05
3,first_label_token,20,0.21736433098630079,0.2171178208679712,0.21786984836353976,0.21710532372739136,-0.0011373889347143413,-2.011777429089534e-06,-0.0034657026226765364,5.5547595962601726e-05,-0.14297142136135577,-0.14167519203500478,-0.1456295939905261,-0.1416094780585364,0.19735683500766754,0.19781175255775452,0.1964462846517563,0.19781246781349182,0.0023821900224758608,8.263019207788158e-05,0.006984925224948868,7.901465040083266e-05
3,first_label_token,21,0.21739063102658054,0.21711779522294758,0.21794910110345408,0.21710499675334,-0.0012585217513779352,-1.8936614902820281e-06,-0.003830725166825033,5.705357418150925e-05,-0.14310971541486506,-0.14167505718523898,-0.1460463303353332,-0.14160775872402298,0.19735723237196603,0.1978117674589157,0.19644740223884583,0.1978125274181366,0.0023801813882108336,8.255486829300551e-05,0.006979275941078389,7.871335526110634e-05
3,first_label_token,22,0.21738494905103156,0.21711838666130515,0.2179305998217158,0.2171058606700737,-0.0012323516887034665,-4.617710327226021e-06,-0.0037455118992786307,5.307454349545715e-05,-0.14307983776364278,-0.14167816715796144,-0.14594904465746028,-0.14161230147550663,0.19735349218050638,0.1978118121623993,0.19643613696098328,0.1978125274181366,0.002399087658230492,8.232889693815526e-05,0.007036220722492215,7.871335526110634e-05
3,first_label_token,23,0.21738517291071702,0.2171190422122218,0.2179298769526121,0.21710659956731715,-0.001233382742418539,-7.637049010966734e-06,-0.003742182506255576,4.967132801092511e-05,-0.1430810148897228,-0.1416816142550983,-0.1459452435796882,-0.14161618683438193,0.19735069076220194,0.1978118121623993,0.1964278221130371,0.19781243801116943,0.0024132485297989614,8.232889693815526e-05,0.007078251394488033,7.916529797069582e-05
3,first_label_token,24,0.21760382665639497,0.21711922813864315,0.21858483643091026,0.21710741539963152,-0.0022404589220086,-8.49338956676604e-06,-0.006758797141169115,4.591376471008157e-05,-0.14423076646740593,-0.14168259191589994,-0.1493892307437632,-0.14162047674255462,0.19657626251379648,0.19781188666820526,0.19410449266433716,0.19781240820884705,0.00632790095685561,8.195227801344185e-05,0.01882243464701283,7.931594554055899e-05
3,first_label_token,25,0.21740037613556165,0.21712020425235523,0.21797316094406513,0.21710776321026456,-0.0013034058080948485,-1.29891774847124e-05,-0.003941540064090976,4.431181729114275e-05,-0.1431609583258473,-0.14168772463510848,-0.14617284469993086,-0.14162230564250256,0.1973495384057363,0.19781185686588287,0.19642433524131775,0.19781242311000824,0.0024190735691675957,8.210292558330501e-05,0.007095877160163799,7.924062175568292e-05
3,first_label_token,26,0.2173946353901668,0.21712100886497177,0.2179557848377388,0.21710711246778985,-0.001276965063060705,-1.6695065062188874e-05,-0.0038615091333562557,4.73090092363293e-05,-0.14313077164391177,-0.1416919555465086,-0.14608147555552975,-0.141618883829697,0.19735049704710642,0.19781188666820526,0.1964271068572998,0.1978124976158142,0.0024142277390031643,8.195227801344185e-05,0.007081866936165082,7.88640028309695e-05
3,first_label_token,27,0.21738787098091192,0.2171217493650292,0.21793542429178703,0.21710643928591944,-0.0012458095234723447,-2.0105662793090673e-05,-0.0037677324602518603,5.040955262791691e-05,-0.14309520220882707,-0.14169584933349455,-0.14597441326964056,-0.14161534402334608,0.19735126197338104,0.19781193137168884,0.19642949104309082,0.19781236350536346,0.002410361118042973,8.17263066585916e-05,0.007069815130574919,7.954191689540924e-05
3,first_label_token,28,0.21738615703849898,0.21712208435315045,0.21793138199493664,0.2171050047674099,-0.0012379154415672982,-2.164855224262574e-05,-0.003749114435409817,5.7016662950548636e-05,-0.1430861897494832,-0.14169761080855947,-0.14595315757531524,-0.14160780086457492,0.19735332330067953,0.19781188666820526,0.19643579423427582,0.1978122889995575,0.002399941327793124,8.195227801344185e-05,0.0070379531695458075,7.991853582012265e-05
3,last_label_token,0,0.2170795162852739,0.21712153779358423,0.21753103592816522,0.21658597513407218,0.00017441160230317423,-1.913120629848386e-05,-0.0019051991336711538,0.0024475651468791604,-0.14147377424427732,-0.1416947368229271,-0.14384800945419607,-0.13887857645570878,0.19688604772090912,0.19781264662742615,0.19645756483078003,0.19638793170452118,0.004761969683833689,7.811076498154268e-05,0.006927905119750166,0.007279893166769358
3,last_label_token,1,0.2170671772890064,0.217121904837985,0.21775209442908022,0.21632753259995405,0.00023124259407270031,-2.0821740671639333e-05,-0.0029233511432655845,0.003637900666155325,-0.1414088918413642,-0.14169666686019933,-0.14501040600678738,-0.13751960265710594,0.19691630701224008,0.19781267642974854,0.19649122655391693,0.1964450180530548,0.004609012184551194,7.796011741167952e-05,0.00675774868957324,0.006991327746668663
3,last_label_token,2,0.21714457610742052,0.21711978271227925,0.2179641066479082,0.21634983896207408,-0.00012524115200518438,-1.1047646741868533e-05,-0.0038998377554737562,0.0035351619462000716,-0.1418158796718562,-0.14168550804208424,-0.1461252343045134,-0.13763689666897094,0.1969127357006073,0.19781245291233063,0.1964775025844574,0.19644825160503387,0.004627064785008221,7.908997418581976e-05,0.006827121895501942,0.0069749824853369
3,last_label_token,3,0.21717494943228757,0.21711979393197708,0.2179809009327608,0.21642415343212482,-0.00026513471693682494,-1.1099322464902528e-05,-0.003977188930848419,0.0031928841025028465,-0.1419755923631576,-0.1416855670388566,-0.14621354404485398,-0.13802766600576222,0.19690865774949393,0.1978124976158142,0.19646741449832916,0.19644606113433838,0.004647678394153143,7.88640028309695e-05,0.006878116097905562,0.006986055081722897
3,last_label_token,4,0.2173640077521487,0.21711718775645023,0.21816985667252742,0.2168049788274685,-0.0011359001817365932,9.04209808361145e-07,-0.004847481931893327,0.0014388771768751862,-0.1429697216924334,-0.1416718629314131,-0.1472071339750669,-0.14003016817082026,0.1972054342428843,0.1978122442960739,0.1964522749185562,0.19735178351402283,0.0031475047853828375,8.01445071749729e-05,0.006954645063403375,0.0024077247855701644
3,last_label_token,5,0.2168582531584411,0.2171172678971491,0.21725321056462135,0.21620428101355288,0.001193506078658868,5.350974997542224e-07,-0.000625590111454466,0.004205573249931316,-0.14031030170293,-0.14167228433693113,-0.14238711451702257,-0.13687150625483624,0.19731228053569794,0.1978122442960739,0.197675883769989,0.19644871354103088,0.002607408139443046,8.01445071749729e-05,0.0007694324631503102,0.006972647448003855
3,last_label_token,6,0.21677505749614298,0.21711779522294758,0.2171318807521788,0.21607549651330257,0.0015766889483869544,-1.8936614902820281e-06,-6.676884083689494e-05,0.00479872934748804,-0.13987283220663982,-0.14167505718523898,-0.1417491234190731,-0.1361943160156074,0.19735711812973022,0.1978122591972351,0.19781264662742615,0.19644644856452942,0.002380758870561994,8.006918338998581e-05,7.811076498154268e-05,0.006984096663314454
3,last_label_token,7,0.21693993042163154,0.21711465531036633,0.21713247860179227,0.216572657352736,0.0008173166568031057,1.2568158757719772e-05,-6.952241865865183e-05,0.0025089042303102493,-0.14073978696933978,-0.1416585465170459,-0.14175226710423705,-0.13880854728673642,0.1976602921883265,0.1978124976158142,0.19781267642974854,0.1973557025194168,0.0008482462501246216,7.88640028309695e-05,7.796011741167952e-05,0.002387914630131216
3,last_label_token,8,0.2170508852192,0.21711062743884174,0.217133201470896,0.21690882674786224,0.0003062806656474552,3.111974338432244e-05,-7.285181168170674e-05,0.0009605740652397499,-0.14132322290893606,-0.14163736667571403,-0.14175606818200914,-0.14057623386908502,0.19776610533396402,0.19781231880187988,0.19781270623207092,0.19767329096794128,0.0003133720532739008,7.976788825025949e-05,7.780946984181636e-05,0.0007825388017296264
3,last_label_token,9,0.21704325849602535,0.2171098869387843,0.21713367109539128,0.2168862174539005,0.000341407853675757,3.453034111511322e-05,-7.50148098094261e-05,0.0010647080297215838,-0.14128311915047806,-0.14163347288872807,-0.14175853761834412,-0.14045734694436196,0.19776619474093118,0.1978122591972351,0.19781267642974854,0.19767364859580994,0.00031292011056427427,8.006918338998581e-05,7.796011741167952e-05,0.0007807310308911575
3,last_label_token,10,0.21704080351928368,0.21710903584456243,0.21713518896022765,0.216878185753061,0.00035271499406019924,3.845031383165054e-05,-8.20057969330712e-05,0.0011017004652820184,-0.14127021009477847,-0.14162899756212766,-0.14176651903885418,-0.14041511368335358,0.19776641329129538,0.1978122889995575,0.19781264662742615,0.19767430424690247,0.00031181536171850005,7.991853582012265e-05,7.811076498154268e-05,0.0007774167843538349
3,last_label_token,11,0.2170524768134793,0.21710806453929227,0.21717050376058628,0.21687886214055935,0.0002989500952001641,4.2923955011042736e-05,-0.00024465882680857476,0.0010985851573980243,-0.14133159202252235,-0.14162389012724996,-0.1419522155943922,-0.14041867034592492,0.19775494933128357,0.19781215488910675,0.1977788209915161,0.19767387211322784,0.0003697644602647839,8.059644988456238e-05,0.00024909575679277207,0.0007796011741170172
3,last_label_token,12,0.21695012912696818,0.21710786899598708,0.21725076947893415,0.2164917489059833,0.0007703434244198762,4.3824589043728324e-05,-0.0006143469505368593,0.00288155263475276,-0.14079341503555373,-0.1416228618977864,-0.142374278504946,-0.13838310470392878,0.1976164827744166,0.19781209528446198,0.19767434895038605,0.1973630040884018,0.0010696981778448207,8.08977450242887e-05,0.0007771908129989846,0.002351005975511189
3,last_label_token,13,0.21695546596324075,0.21710862552418428,0.21726088002950203,0.21649689233603597,0.0007457630054208039,4.034016885134939e-05,-0.0006609141593805212,0.0028578630067915833,-0.1408214778336788,-0.14162683996587577,-0.14242744302509003,-0.13841015051007055,0.197615385055542,0.19781193137168884,0.19767408072948456,0.19736014306545258,0.0010752470300019838,8.17263066585916e-05,0.0007785466411278641,0.0023654681422194956
3,last_label_token,14,0.2169668950954405,0.21710902302205062,0.2172693925745347,0.21652226968973626,0.0006931226687273417,3.850937180094327e-05,-0.0007001212687922642,0.002740979903173346,-0.14088157587927816,-0.14162893013724487,-0.14247220471920619,-0.1385435927813834,0.19761445124944052,0.19781190156936646,0.19767311215400696,0.19735834002494812,0.001079967320524844,8.187695422856578e-05,0.0007834426871489164,0.0023745823201970495
3,last_label_token,15,0.2171720771896405,0.21711116117589613,0.21751535880465467,0.2168897115883707,-0.00025190573179922904,2.8661455409584313e-05,-0.0018329933838769907,0.0010486147330697193,-0.1419604891893944,-0.14164017323646338,-0.14376557410677537,-0.14047572022494448,0.19761468470096588,0.19781184196472168,0.19736029207706451,0.19767192006111145,0.0010787872478941196,8.21782493682921e-05,0.002364714904370069,0.0007894685899439979
3,last_label_token,16,0.2171798342750186,0.21711092235661356,0.2175379120001272,0.21689066846831506,-0.0002876333425159879,2.97614100889243e-05,-0.0019368689697427666,0.0010442075321058786,-0.14200127843416155,-0.14163891744802015,-0.14388416604763576,-0.14048075180682873,0.19761474430561066,0.1978118121623993,0.19736044108867645,0.19767197966575623,0.0010784859527543562,8.232889693815526e-05,0.002363961666520642,0.0007891672948042716
3,last_label_token,17,0.21718372644162645,0.21711116758715204,0.2175466457334887,0.2168933660042386,-0.0003055598969666784,2.8631926424882437e-05,-0.0019770948291257806,0.001031783211800863,-0.142021744695483,-0.1416402069489049,-0.1439300908209813,-0.14049493631656285,0.19761444628238678,0.19781173765659332,0.1973591148853302,0.19767248630523682,0.001079992428453173,8.270551586286867e-05,0.0023706654833802743,0.0007866062861163758
3,last_label_token,18,0.2171887234813359,0.21711302204292363,0.21754489065218371,0.21690825774890035,-0.00032857527977780965,2.0090667605443535e-05,-0.0019690112695691653,0.0009631947626302928,-0.14204802073421208,-0.1416499582725903,-0.14392086204013843,-0.1405732418899075,0.19761390487353006,0.19781173765659332,0.197358638048172,0.1976713389158249,0.0010827291926392608,8.270551586286867e-05,0.002373075844498307,0.0007924062175566071
3,last_label_token,19,0.21722918331456118,0.21711494702251016,0.21751998292297875,0.21705261999819458,-0.0005149253198606004,1.1224589954728081e-05,-0.0018542911640788695,0.0002982906145423403,-0.14226077152400216,-0.14166008043313116,-0.14378988920516078,-0.1413323449337145,0.19764873385429382,0.19781190156936646,0.19735674560070038,0.19777755439281464,0.000906672399308861,8.187695422856578e-05,0.0023826419651854502,0.000255498278512567
3,last_label_token,20,0.21738487158168932,0.21711531246409696,0.2179825774761809,0.21705672480479007,-0.0012319948801385132,9.541437827831345e-06,-0.003984910760342908,0.00027938468209953715,-0.1430794304049754,-0.14166200204229318,-0.14622235984828946,-0.14135392932434354,0.1973653038342794,0.19781166315078735,0.19650669395923615,0.19777755439281464,0.0023393810047022865,8.308213478758208e-05,0.00667956260080671,0.000255498278512567
3,last_label_token,21,0.21743156849837106,0.21711503197165097,0.2180824215672597,0.21709725195620241,-0.001447071700819702,1.0833330907678018e-05,-0.004444773021044179,9.272458767739522e-05,-0.14332497778154218,-0.14166052712298027,-0.1467473721268775,-0.14156703409476878,0.19737661381562552,0.19781163334846497,0.19650612771511078,0.19781208038330078,0.0022822102519337215,8.323278235744525e-05,0.006682424904634443,8.09730688092758e-05
3,last_label_token,22,0.217438351072851,0.2171152675853056,0.21810138125379547,0.21709840437945196,-0.0014783109058647363,9.748140720633458e-06,-0.004532097610995711,8.74167526808689e-05,-0.14336064273521107,-0.1416617660552031,-0.14684706824431326,-0.14157309390611683,0.19737431903680167,0.19781158864498138,0.19649936258792877,0.1978120058774948,0.002293810114814295,8.345875371218447e-05,0.006716621902996711,8.13496877339892e-05
3,last_label_token,23,0.217429255637802,0.21711565065784616,0.21811019993629777,0.21706191631926208,-0.0014364191195956517,7.983783885778806e-06,-0.004572714729425886,0.0002554735867531521,-0.14331281601829438,-0.14166378037357896,-0.1468934397075079,-0.14138122797379626,0.19736144443353018,0.197811558842659,0.19649533927440643,0.19777743518352509,0.0023588898650014345,8.360940128215866e-05,0.006736959324930125,0.00025610086879201965
3,last_label_token,24,0.21739592191551915,0.21711541985263344,0.21811154950566652,0.21696079638825747,-0.001282890545986996,9.046827334380225e-06,-0.004578930580701579,0.0007212121154062112,-0.14313753660715997,-0.14166256672568722,-0.14690053617643017,-0.1408495069193625,0.19732153912385306,0.1978115439414978,0.19648297131061554,0.1976701021194458,0.002560606961067672,8.368472506703473e-05,0.006799478066429443,0.0007986580917065389
3,last_label_token,25,0.21740818130535908,0.21711537497384206,0.2181447421803194,0.2169644267619157,-0.0013393548861967048,9.253530227182338e-06,-0.004731809516647312,0.0007044913278300147,-0.14320200041392517,-0.14166233073859713,-0.14707507391385288,-0.1408685965893255,0.19732179741064707,0.19781145453453064,0.1964837610721588,0.19767017662525177,0.002559301348795414,8.413666777673523e-05,0.006795485905827681,0.0007982814727818255
3,last_label_token,26,0.21741085319625897,0.21711637833539177,0.21815710468452518,0.21695907656885996,-0.001351661090562913,4.632244124391782e-06,-0.004788748781360486,0.0007291332655473548,-0.1432160500738934,-0.14166760673568168,-0.1471400799290512,-0.14084046355694735,0.19731981058915457,0.19781145453453064,0.1964777261018753,0.19767025113105774,0.0025693445201206235,8.413666777673523e-05,0.006825992038727913,0.0007979048538572231
3,last_label_token,27,0.21731914071475758,0.21711650656050996,0.21815619588900012,0.21668471969476266,-0.0009292514254334675,4.0416644306873195e-06,-0.0047845630477818535,0.0019927671070507635,-0.14273379640852632,-0.14166828098451067,-0.14713530119047769,-0.13939780705059057,0.197199746966362,0.19777518510818481,0.19647452235221863,0.19734953343868256,0.003176253363301148,0.000267474760317854,0.006842186652489701,0.0024190986770958878
3,last_label_token,28,0.21731238431957256,0.21711346602239529,0.21815342141800567,0.2166702655183167,-0.0008981327970758827,1.8045785416309634e-05,-0.004771784379660637,0.0020593402030166796,-0.1426982691139933,-0.1416522928591597,-0.1471207121314464,-0.1393218023513738,0.1971630404392878,0.19766353070735931,0.1964755654335022,0.19735002517700195,0.003361800953533852,0.0008318758808646409,0.0068369139875440466,0.002416612992192868
4,pre_label_token,0,0.2171173656688017,0.2171173656688017,0.2171173656688017,0.2171173656688017,8.478048341142852e-08,8.478048341142852e-08,8.478048341142852e-08,8.478048341142852e-08,-0.1416727984516628,-0.1416727984516628,-0.1416727984516628,-0.1416727984516628,0.19782809913158417,0.19782809913158417,0.19782809913158417,0.19782809913158417,0.0,0.0,0.0,0.0
4,pre_label_token,1,0.2172258307619923,0.21679076026467717,0.2180619792777951,0.21682475274350463,-0.000499484121620671,0.0015043650826540578,-0.004350619853385362,0.0013478024058692917,-0.1422431427265015,-0.1399554024038263,-0.14663988000735984,-0.14013414576831829,0.1974820295969645,0.19737361371517181,0.1973879039287567,0.19768457114696503,0.0017493446893479907,0.002297375440634686,0.0022251399308783615,0.0007255186965309246
4,pre_label_token,2,0.21676853724888392,0.21683974386263294,0.2180357556383149,0.21543011224570394,0.0016067199258085936,0.001278756257436231,-0.004229838923789142,0.007771242443778692,-0.13983854665369985,-0.14021297388450504,-0.14650198769377765,-0.13280067838281684,0.19720499217510223,0.1973796784877777,0.19740431010723114,0.19683098793029785,0.003149739391002678,0.0022667186601645906,0.0021422084436607536,0.00504029106918269
4,pre_label_token,3,0.21676675278265603,0.2168157048586036,0.2180804869707893,0.21540406651857522,0.0016149388265450648,0.0013894751855019205,-0.004435862649916578,0.007891203944049852,-0.1398291633575003,-0.14008656908534212,-0.14673719939767427,-0.13266372158948458,0.19720631341139475,0.19737498462200165,0.1974029242992401,0.1968410313129425,0.0031430606820714115,0.0022904456524203143,0.002149213555660001,0.00498952283813392
4,pre_label_token,4,0.21708567055667483,0.21693207235897288,0.21812580172755136,0.2161991375835002,0.00014606623775699953,0.0008535093490285028,-0.004644573513649997,0.004229262877892492,-0.14150613537868542,-0.1406984667536202,-0.14697547893374163,-0.13684446044869447,0.19740143418312073,0.19736738502979279,0.19740833342075348,0.19742858409881592,0.0021567459341539363,0.002328860782739195,0.0021218710217272285,0.0020195059979953855
4,pre_label_token,5,0.2172712806893998,0.2170614579144646,0.2180199983741055,0.21673238577962922,-0.0007088175547811382,0.0002575849091579485,-0.004157264061686483,0.00177322648818512,-0.14248213303320897,-0.14137881753423343,-0.14641913094083914,-0.13964845062455433,0.19758041203022003,0.19765949249267578,0.19739972054958344,0.19768202304840088,0.0012520319532534814,0.000852288626583042,0.0021654081694219007,0.0007383990637555016
4,pre_label_token,6,0.21731243881524775,0.21687930932565896,0.2180868421282087,0.21697116499187566,-0.0008983837934456451,0.001096525510716595,-0.004465133255982634,0.0006734563649291037,-0.14269855566974554,-0.14042102178871496,-0.1467706168552474,-0.14090402836527427,0.1975173900524775,0.19737793505191803,0.1973939836025238,0.19778025150299072,0.0015706013476881238,0.002275531543002418,0.002194407826623279,0.00024186467343867424
4,pre_label_token,7,0.21734233717290627,0.21693413197493353,0.21812333659965452,0.2169695429441308,-0.0010360897527622592,0.000844023162699381,-0.00463321961903973,0.0006809271980535714,-0.14285577083101067,-0.14070929687543132,-0.1469625165000097,-0.14089549911759103,0.1976095736026764,0.1976562887430191,0.19739192724227905,0.19778050482273102,0.0011046233061281125,0.0008684832403448306,0.0022048025089448364,0.00024058416909467084
4,pre_label_token,8,0.21734523559484828,0.21689733617446003,0.21806980581844554,0.2170685647916393,-0.0010494393145872305,0.0010134973880363551,-0.004386667361435892,0.00022485202963784534,-0.14287101166390972,-0.14051581274592184,-0.1466810344702425,-0.14141618777556486,0.19761923948923746,0.1976577639579773,0.19738732278347015,0.19781263172626495,0.0010557632776311277,0.0008610261856358825,0.0022280775584909707,7.818608876652977e-05
4,pre_label_token,9,0.2170621658239712,0.21679030185987969,0.2174514818592232,0.2169447137528107,0.000254324417099235,0.0015064764050588542,-0.0015387887272426681,0.000795285573481519,-0.141382539949642,-0.13995299196426347,-0.14342968862464156,-0.14076493926002098,0.19770554701487222,0.19766320288181305,0.19767415523529053,0.19777928292751312,0.0006194879152653376,0.0008335330041332467,0.0007781700222031507,0.00024676071945961553
4,pre_label_token,10,0.217086125221573,0.21678432817218685,0.21741591541707014,0.217058132075462,0.0001439721405933625,0.0015339900365364256,-0.0013749766847181988,0.00027290306996186064,-0.14150852615265727,-0.139921580396956,-0.14324266885577708,-0.1413613292052387,0.1977193703254064,0.1976681500673294,0.1976774036884308,0.19781255722045898,0.0005496125507704249,0.0008085255075335196,0.0007617494370865119,7.856270769124318e-05
4,pre_label_token,11,0.21706545586679496,0.21674293710404083,0.2173974397803555,0.21705599071598855,0.0002391711264599176,0.0017246291616445086,-0.001289881533110382,0.00028276575084562605,-0.14139984005083872,-0.13970393287504712,-0.14314551802766973,-0.14135006924979931,0.19771776099999747,0.1976650357246399,0.19767554104328156,0.19781270623207092,0.0005577475195438127,0.0008242681785857187,0.0007711649102039031,7.780946984181636e-05
4,pre_label_token,12,0.21706772331430127,0.21676035328071658,0.21737820440981567,0.21706461225237164,0.00022872770887738536,0.0016444136747554294,-0.0012012871968176686,0.00024305664869439525,-0.14141176301762645,-0.13979551272220725,-0.14304437227525235,-0.14139540405541973,0.19771761198838553,0.19766494631767273,0.19767525792121887,0.19781263172626495,0.0005585007573932396,0.0008247201212954192,0.0007725960621177697,7.818608876652977e-05
4,pre_label_token,13,0.21708184891388196,0.21677599995076155,0.21739945772315275,0.2170700890677316,0.00016366797337630246,0.001572348187638628,-0.001299175781039219,0.00021783151352949837,-0.14148603995421963,-0.13987778793553107,-0.14315612901861163,-0.1414242029085162,0.19771686693032584,0.19766543805599213,0.19767266511917114,0.1978124976158142,0.0005622669466401516,0.0008222344363923995,0.0007857024006970859,7.88640028309695e-05
4,pre_label_token,14,0.2172201199357917,0.21682900981742795,0.21775032492244945,0.2170810250674977,-0.0004731811785149513,0.0013281951600403463,-0.0029152011434931957,0.00016746244790799558,-0.14221311336929268,-0.14015653082943147,-0.1450011013729513,-0.1414817079054953,0.19762088358402252,0.19766494631767273,0.19738484919071198,0.19781285524368286,0.0010474525533595476,0.0008247201212954192,0.0022405813067908342,7.705623199238953e-05
4,pre_label_token,15,0.21721533874169785,0.21683290786102039,0.21772964381370224,0.21708346455037092,-0.0004511599381882281,0.0013102415373535958,-0.0028199480211548167,0.0001562266692365366,-0.142187972316092,-0.14017702799382437,-0.1448923534649902,-0.14149453548946145,0.19761998454729715,0.1976645141839981,0.1973825842142105,0.19781285524368286,0.0010519970883841785,0.0008269045110586015,0.0022520305221015446,7.705623199238953e-05
4,pre_label_token,16,0.2172466400958577,0.2168667624978458,0.21778885496764624,0.217084302822081,-0.0005953278236527545,0.0011543137337395315,-0.003092662959186976,0.000152365754489181,-0.14235256488329137,-0.14035504654082542,-0.14520370471786936,-0.1414989433911793,0.1976205458243688,0.19766540825366974,0.1973833590745926,0.19781287014484406,0.0010491598924848484,0.0008223850839622626,0.0022481136852847694,7.698090820751347e-05
4,pre_label_token,17,0.2172570760176629,0.21692058819682658,0.21776036975764426,0.21709027009851792,-0.0006433936284691392,0.0009064031428404062,-0.0029614656802441353,0.0001248816519963114,-0.1424074403098381,-0.14063807934289851,-0.14505392034057052,-0.14153032124604525,0.19761463503042856,0.1976645290851593,0.19736653566360474,0.19781284034252167,0.0010790383271772619,0.0008268291872737255,0.0023331542384806836,7.713155577737663e-05
4,pre_label_token,18,0.21726575204972123,0.2169488730550814,0.2177560533796038,0.21709232971447856,-0.0006833537269902065,0.0007761286446690274,-0.0029415852913068363,0.00011539546566718961,-0.14245306167121097,-0.14078681020640227,-0.14503122343937402,-0.1415411513678566,0.19761434197425842,0.19766388833522797,0.197366401553154,0.1978127360343933,0.0010805196949477125,0.000830068110026061,0.0023338321525451233,7.76588222719532e-05
4,pre_label_token,19,0.2175261436056356,0.21707071576799666,0.21841450378674418,0.217093211262166,-0.0018826660576097831,0.00021494505527686059,-0.005974278458379612,0.00011133523027340164,-0.14382228405201034,-0.1414274982996666,-0.14849356702781047,-0.1415457868285539,0.19738413393497467,0.1977754831314087,0.1965642124414444,0.19781270623207092,0.00224419684846792,0.00026596828461911137,0.006388812790942833,7.780946984181636e-05
4,pre_label_token,20,0.21729884107573694,0.21710614917658957,0.21769325993642086,0.21709711411420038,-0.0008357552776835734,5.174573918487191e-05,-0.002652371033083689,9.335946084809699e-05,-0.14262705439083065,-0.14161381853537125,-0.14470103535984258,-0.1415663092772781,0.1976595918337504,0.19781138002872467,0.19735504686832428,0.19781234860420227,0.0008517864680167575,8.451328670133762e-05,0.0023912288766685386,7.961724068039633e-05
4,pre_label_token,21,0.21754222089836914,0.21710837388238988,0.2184195895154937,0.21709869929722378,-0.001956714908197784,4.149918150009313e-05,-0.005997702325478915,8.605841938547076e-05,-0.14390682361765053,-0.1416255167525493,-0.14852030942197936,-0.14157464467842296,0.19737917681535086,0.19781138002872467,0.19651377201080322,0.19781237840652466,0.002269254560924231,8.451328670133762e-05,0.006643783802960823,7.946659311053317e-05
4,pre_label_token,22,0.21749087208125437,0.21711041586739677,0.2182616898993484,0.21710051047701795,-0.001720212348380934,3.209419987881823e-05,-0.005270447726234417,7.771648121279728e-05,-0.14363681505545203,-0.14163625416514658,-0.14769002255808106,-0.1415841684431285,0.19737374285856882,0.19781148433685303,0.19649754464626312,0.19781219959259033,0.002296722634498575,8.398602020676105e-05,0.006725811404759252,8.037047852971213e-05
4,pre_label_token,23,0.2174824925697818,0.2171115362343668,0.21823407822296398,0.21710186325201467,-0.0016816179654013756,2.693400980557925e-05,-0.005143273771454515,7.148586544480917e-05,-0.14359275289449558,-0.14164214541428755,-0.1475448315009278,-0.1415912817682714,0.1973718802134196,0.19781163334846497,0.19649191200733185,0.19781209528446198,0.0023061381076159293,8.323278235744525e-05,0.006754283795466054,8.08977450242887e-05
4,pre_label_token,24,0.2174610714952485,0.21711222223874901,0.2181684045230641,0.21710258772393234,-0.0015829567060808476,2.377440844458789e-05,-0.0048407936168628485,6.814909017571757e-05,-0.1434801140089188,-0.14164575264552104,-0.14719949810708166,-0.1415950912741537,0.19736717641353607,0.19781166315078735,0.19647787511348724,0.19781199097633362,0.0023299153157283112,8.308213478758208e-05,0.006825238800878486,8.142501151886528e-05
4,pre_label_token,25,0.21725531399083073,0.21711275437298944,0.2175499363105838,0.21710325128891889,-0.000635278079178995,2.1323502715997478e-05,-0.00199225058051411,6.509284026112727e-05,-0.14239817500718366,-0.1416485507781604,-0.1439473937315483,-0.14159858051184226,0.19765782356262207,0.19781184196472168,0.19734953343868256,0.19781209528446198,0.0008607248904961562,8.21782493682921e-05,0.0024190986770958878,8.08977450242887e-05
4,pre_label_token,26,0.2171609632775229,0.21711409111984636,0.21726535668894023,0.21710344202378218,-0.00020071723685273954,1.5166709409819568e-05,-0.000681532772934812,6.42143529667738e-05,-0.1419020486721657,-0.14165557982219945,-0.1424509827373226,-0.141599583456975,0.19776469469070435,0.19781184196472168,0.1976701021194458,0.19781213998794556,0.0003205027049147935,8.21782493682921e-05,0.0007986580917065389,8.067177366954947e-05
4,pre_label_token,27,0.21711755586939366,0.21711615874987691,0.217133270391897,0.21710323846640708,-7.912460622631438e-07,5.643611849737162e-06,-7.31692482669466e-05,6.515189823042e-05,-0.14167379858742554,-0.14166645208456274,-0.14175643059075438,-0.14159851308695948,0.1978120654821396,0.1978117674589157,0.19781213998794556,0.1978122889995575,8.104839259422587e-05,8.255486829300551e-05,8.067177366954947e-05,7.991853582012265e-05
4,pre_label_token,28,0.2171177540840555,0.21711788017208836,0.21713479627080323,0.21710058580927488,-1.704183838602269e-06,-2.2849205374431136e-06,-8.019714662110822e-05,7.736951564274452e-05,-0.1416748408637399,-0.1416755038750881,-0.14176445415181615,-0.14158456456431545,0.19781207541624704,0.19781194627285004,0.1978120058774948,0.1978122740983963,8.099817673756782e-05,8.165098287371553e-05,8.13496877339892e-05,7.999385960499872e-05
4,first_label_token,0,0.21707579722257556,0.21711488451276506,0.21712392278078224,0.21698858437417937,0.00019154087416758023,1.1512497555377088e-05,-3.011598860025444e-05,0.000593226113547618,-0.1414542182188745,-0.1416597517368272,-0.14170727785114123,-0.14099562506865504,0.1976554791132609,0.1978115737438202,0.1978127360343933,0.1973421275615692,0.000872575832659872,8.353407749717157e-05,7.76588222719532e-05,0.0024565345982104914
4,first_label_token,1,0.21692446006112406,0.21711450624866646,0.21712675335026588,0.21653212058443982,0.0008885700968411051,1.3254707651566555e-05,-4.315303533752868e-05,0.0026956086182092776,-0.14065843884815563,-0.14165776270278263,-0.14172216189403497,-0.13859539194764925,0.19735661149024963,0.19781167805194855,0.19781292974948883,0.19644522666931152,0.002383319879249964,8.3006811002595e-05,7.667961306778714e-05,0.00699027321367951
4,first_label_token,2,0.2169043180321445,0.21711344037737165,0.21712697453859472,0.2164725391804671,0.000981340323717587,1.8163901355006118e-05,-4.417178530902177e-05,0.0029700288551067766,-0.14055252559464523,-0.1416521580093939,-0.14172332497326456,-0.1382820938012772,0.19735092421372732,0.19781182706356049,0.1978127360343933,0.19642820954322815,0.002412068457168274,8.225357315316817e-05,7.76588222719532e-05,0.007076292976079701
4,first_label_token,3,0.21688087741199993,0.2171125460071724,0.21712721496069132,0.21640287126813615,0.0010893032132129517,2.228319471819784e-05,-4.527912223473152e-05,0.003290905567155389,-0.14042926729001612,-0.1416474551238136,-0.14172458918981845,-0.13791575755641627,0.1973531742890676,0.19781175255775452,0.1978125125169754,0.19643525779247284,0.002400694565642477,8.263019207788158e-05,7.878867904598241e-05,0.0070406648258035665
4,first_label_token,4,0.2170148352614972,0.2171104911996537,0.21712921847816274,0.21680479610667508,0.0004723196857665535,3.174723430876547e-05,-5.450692994779516e-05,0.0014397187529386901,-0.14113366066011332,-0.14163665028633354,-0.14173512432776714,-0.14002920736623925,0.19765901565551758,0.19781161844730377,0.19781234860420227,0.1973530799150467,0.0008546989877010747,8.330810614232131e-05,7.961724068039633e-05,0.0024011716162805063
4,first_label_token,5,0.21711345480269748,0.2171080212633149,0.21712857735257188,0.21710376579220556,1.809746113945465e-05,4.312327565758611e-05,-5.155403147960591e-05,6.272313924038375e-05,-0.1416522338623872,-0.14162366256827053,-0.1417317530836235,-0.14160128593526755,0.1978121648232142,0.1978115737438202,0.19781242311000824,0.1978124976158142,8.054623402794132e-05,8.353407749717157e-05,7.924062175568292e-05,7.88640028309695e-05
4,first_label_token,6,0.21710486478832255,0.21710785617347525,0.21713016734403723,0.21707657084745519,5.766137911611402e-05,4.3883647013132077e-05,-5.88772196807863e-05,0.00018797771001599628,-0.14160706480960358,-0.14162279447290338,-0.14174011376909967,-0.14145828618680767,0.19780081510543823,0.19781173765659332,0.19781222939491272,0.19777847826480865,0.00013791785022302752,8.270551586286867e-05,8.021983095984897e-05,0.00025082820384636495
4,first_label_token,7,0.21712260313060772,0.21710449827819311,0.21716484101880498,0.21709847009482505,-2.4037939253281532e-05,5.9349452740442565e-05,-0.0002185773510881006,8.711408058781345e-05,-0.14170033870694576,-0.14160513758170157,-0.14192243908049407,-0.14157343945864165,0.1978005220492681,0.1978118121623993,0.19777733087539673,0.19781242311000824,0.00013939921799347813,8.232889693815526e-05,0.0002566281352865962,7.924062175568292e-05
4,first_label_token,8,0.21716346901004055,0.21710396934958065,0.21728533416235146,0.2171011035181895,-0.00021225814836600687,6.178559397673755e-05,-0.0007735450892043527,7.498505012959455e-05,-0.14191522461802678,-0.14160235630528306,-0.1425560307048359,-0.14158728684396138,0.1977642128864924,0.19781170785427094,0.19766861200332642,0.19781231880187988,0.00032293817396115515,8.285616343273183e-05,0.0008061904702004741,7.976788825025949e-05
4,first_label_token,9,0.21710823230048856,0.21710241141439485,0.21727744831758386,0.21694483716948693,4.2151279911880245e-05,6.896113725451958e-05,-0.0007372244380452475,0.0007947171405263687,-0.14162477226946768,-0.1415941641820142,-0.14251456440187016,-0.14076558822451868,0.1977182924747467,0.19781173765659332,0.19766995310783386,0.19767318665981293,0.0005550609712143458,8.270551586286867e-05,0.0007994113295559657,0.000783066068224203
4,first_label_token,10,0.21706025740679571,0.21710053131359966,0.21713359576313435,0.21694664514365317,0.0002631142115397204,7.762051201254394e-05,-7.466784423937334e-05,0.0007863899668459906,-0.14137250487957465,-0.1415842780085632,-0.14175814149715715,-0.14077509513300357,0.19776558876037598,0.19781173765659332,0.19781199097633362,0.197673037648201,0.0003159832778184546,8.270551586286867e-05,8.142501151886528e-05,0.0007838193060736298
4,first_label_token,11,0.2169737877298136,0.21710267107025916,0.21716492276231783,0.21665376935686384,0.0006613765494453508,6.776521337492625e-05,-0.00021895384564274423,0.0021353182806038706,-0.14091781956319158,-0.14159552953589238,-0.1419228689141223,-0.13923506023956,0.19764935473601022,0.19781172275543213,0.1977771818637848,0.19735915958881378,0.0009035339082697306,8.278083964774474e-05,0.00025738137313602305,0.002370439512025424
4,first_label_token,12,0.21679665488021382,0.21710369526839057,0.21724492241354548,0.21604134695870536,0.0014772156419875875,6.304795807188235e-05,-0.0005874165165065115,0.004956015484397391,-0.13998639818435624,-0.14160091509841166,-0.14234353275835665,-0.13601474669630043,0.19732295970122019,0.19781172275543213,0.19766995310783386,0.1964872032403946,0.0025534260935701583,8.278083964774474e-05,0.0007994113295559657,0.006778086111506765
4,first_label_token,13,0.21700573394946357,0.21710438928684267,0.21725244441954028,0.2166603681420078,0.0005142385402715869,5.98514454800414e-05,-0.0006220613977849787,0.002104925573119698,-0.14108580304012527,-0.1416045644701971,-0.14238308588027104,-0.13926975876990766,0.19761269787947336,0.1978118121623993,0.19766920804977417,0.19735707342624664,0.0010888304192192926,8.232889693815526e-05,0.0008031775188028778,0.0023809848419168445
4,first_label_token,14,0.21710158222529738,0.21710539264839238,0.21752106482241335,0.21667828920508633,7.278021927337175e-05,5.523015937725084e-05,-0.0018592741802441193,0.0020223846786869837,-0.14158980403958857,-0.14160984046728187,-0.14379557817965316,-0.1393639934718307,0.19750292102495828,0.1978117674589157,0.1973436027765274,0.19735339283943176,0.0016437407428637751,8.255486829300551e-05,0.0024490775435015433,0.0023995898167967766
4,first_label_token,15,0.21709752336603585,0.2171059937036338,0.2175022734313452,0.2166843029631286,9.147452732594097e-05,5.246181706342057e-05,-0.001772724726140762,0.0019946864910551643,-0.14156846125478953,-0.14161300100866625,-0.14369676701380518,-0.13939561574189718,0.1975040336449941,0.19781173765659332,0.19734671711921692,0.19735364615917206,0.001638116566921662,8.270551586286867e-05,0.002433334872449344,0.0023983093124527732
4,first_label_token,16,0.2170907354488426,0.21710627579889377,0.21748080854656315,0.21668512200107093,0.00012273833985817126,5.116254173731516e-05,-0.0016738616854248267,0.0019909141632620253,-0.14153276820741958,-0.1416144843560896,-0.14358389775987845,-0.13939992250629074,0.19750404357910156,0.19781161844730377,0.19734829664230347,0.19735221564769745,0.001638066351065004,8.330810614232131e-05,0.0024253505512458196,0.002405540395806871
4,first_label_token,17,0.2172699348599303,0.217106048199309,0.21799339647052668,0.21671035990995519,-0.0007026189287465678,5.221082069362115e-05,-0.004034740921994073,0.0018746733150607486,-0.14247505622987763,-0.1416132875644185,-0.14627924959321215,-0.13953263153200224,0.1972099890311559,0.197811558842659,0.19646652042865753,0.19735188782215118,0.0031244808151198824,8.360940128215866e-05,0.006882635525001901,0.002407197519075588
4,first_label_token,18,0.2171134168694333,0.21710750034877233,0.21747989173696822,0.2167528585225594,1.8272174298875992e-05,4.552250566303151e-05,-0.001669639040615234,0.0016789330578488304,-0.1416520343971086,-0.14162092343240373,-0.14357907688075322,-0.13975610287816886,0.197503591577212,0.1978115290403366,0.19734907150268555,0.1973501741886139,0.0016403511725415394,8.376004885202182e-05,0.0024214337144290443,0.0024158597543435523
4,first_label_token,19,0.21728426775678533,0.21710872009020893,0.217940126947996,0.21680395623215107,-0.0007686334347523452,3.990461632730202e-05,-0.0037893919705163093,0.0014435870499319714,-0.1425504232020772,-0.1416273372243868,-0.14599914134543357,-0.1400247910364112,0.19720692932605743,0.19781163334846497,0.19646082818508148,0.19734832644462585,0.003139947298960647,8.323278235744525e-05,0.00691140921084854,0.0024251999036759564
4,first_label_token,20,0.21730112294856907,0.2171092137569139,0.2179526208829479,0.21684153420584543,-0.0008462651354816941,3.7630884506811846e-05,-0.003846936579415594,0.0012705102884636998,-0.14263905321061157,-0.14162993308237737,-0.1460648384656813,-0.14022238808377607,0.19720344742139181,0.19781163334846497,0.1964510828256607,0.19734762609004974,0.0031575479567080103,8.323278235744525e-05,0.006960670966198568,0.0024287401215680182
4,first_label_token,21,0.21729433823700375,0.21710958721257057,0.2179413130303391,0.2168321144681017,-0.0008150160874417963,3.591082114906552e-05,-0.0037948548326824927,0.0013138957492080383,-0.14260337701946227,-0.1416318968320911,-0.14600537814709913,-0.1401728560791966,0.19720503191153207,0.19781161844730377,0.19645388424396515,0.19734959304332733,0.0031495385275761567,8.330810614232131e-05,0.006946510094629987,0.0024187973819561615
4,first_label_token,22,0.21731186554211526,0.2171105184474913,0.21797676086425782,0.21684831731459675,-0.0008957434100653749,3.1621736123921274e-05,-0.003958120588990033,0.0012392686226699867,-0.14269554121560724,-0.14163679356420955,-0.146191774235797,-0.14025805584681517,0.19720248381296793,0.19781164824962616,0.19644738733768463,0.19734841585159302,0.003162418894800697,8.315745857245815e-05,0.006979351264863376,0.002424747960966256
4,first_label_token,23,0.21729833618933414,0.21711095761852103,0.2179226370418773,0.21686141390760405,-0.0008334298701398272,2.9599000673230513e-05,-0.003708836900303325,0.001178948289210613,-0.14262439953606756,-0.14163910286644787,-0.14590717380519713,-0.1403269219365577,0.19720138112703958,0.19781164824962616,0.1964457780122757,0.19734671711921692,0.003167992854886189,8.315745857245815e-05,0.006987486233636764,0.002433334872449344
4,first_label_token,24,0.21730312860312584,0.21711134389668954,0.21791989943560433,0.21687814247708362,-0.0008555027861897694,2.7819879346080434e-05,-0.0036962280238439504,0.0011018997859285617,-0.1426495995860407,-0.1416411340410444,-0.145892778592704,-0.1404148861243737,0.197199617822965,0.19781158864498138,0.19644200801849365,0.19734525680541992,0.0031769061694372582,8.345875371218447e-05,0.0070065431512262855,0.002440716603373305
4,first_label_token,25,0.21714115997656389,0.21711261973661536,0.21743932130957852,0.21687153888349772,-0.00010950712466698913,2.1943611394292795e-05,-0.0014827796255465486,0.0011323146401512885,-0.14179791655931115,-0.14164784281689013,-0.14336574455134832,-0.14038016230969497,0.19749979674816132,0.19781158864498138,0.19734309613704681,0.19734470546245575,0.0016595336297725582,8.345875371218447e-05,0.002451638552189439,0.0024435035834160512
4,first_label_token,26,0.21714171882437058,0.21711349807867483,0.21744836278322363,0.21686329561121323,-0.00011208106783178184,1.7898140492911274e-05,-0.0015244228761945866,0.0011702815322063298,-0.1418008551604563,-0.14165246142136678,-0.14341328752188298,-0.14033681653811914,0.1974997123082479,0.19781163334846497,0.19734448194503784,0.19734302163124084,0.0016599604645539297,8.323278235744525e-05,0.0024446334401901915,0.0024520151711141525
4,first_label_token,27,0.2171379196209734,0.21711431070536125,0.21744794765440356,0.21685150050315535,-9.458268365891698e-05,1.4155341684363165e-05,-0.0015225108744365556,0.0012246074817754415,-0.14178087772953551,-0.14165673447331883,-0.14341110464130002,-0.14027479407398769,0.19750036795934042,0.197811558842659,0.19734497368335724,0.197344571352005,0.001656646218016607,8.360940128215866e-05,0.0024421477552871718,0.002444181497480491
4,first_label_token,28,0.21701531824277565,0.21711440847701385,0.2174338781533121,0.21649766809800092,0.00047009516892052944,1.3705024668020371e-05,-0.0014577095175514199,0.0028542899996449878,-0.14113620033070143,-0.14165724858805073,-0.14333712268856935,-0.13841422971548423,0.19719740748405457,0.19781164824962616,0.19734442234039307,0.19643615186214447,0.0031880791975365344,8.315745857245815e-05,0.002444934735329918,0.0070361453987072275
4,last_label_token,0,0.21702306357418455,0.21711740894477907,0.21712604811211594,0.21682573366565866,0.0004344216946757425,-1.145401631319487e-07,-3.990484702254271e-05,0.0013432844712129022,-0.14117692776932586,-0.14167302601064247,-0.14171845352547718,-0.1401393037718579,0.19734074175357819,0.19781164824962616,0.19781240820884705,0.19639816880226135,0.002463539710209776,8.315745857245815e-05,7.931594554055899e-05,0.007228145726516311
4,last_label_token,1,0.217157964946843,0.2171172951449867,0.2174828681625238,0.21687373153301848,-0.00018690751501633981,4.095993149100252e-07,-0.0016833478717539485,0.001122215727390019,-0.1418862824870543,-0.14167242761480714,-0.1435947278816898,-0.14039169196466594,0.1975089559952418,0.19781194627285004,0.19735686480998993,0.19735805690288544,0.001613234609963543,8.165098287371553e-05,0.0023820393749059976,0.002376013472110916
4,last_label_token,2,0.2172507416968252,0.21711560097061286,0.21752760270062615,0.21710902141923663,-0.0006142189916031141,8.212633517135082e-06,-0.0018893863623736795,3.8516754047202006e-05,-0.1423741324176997,-0.1416635191021578,-0.14382995644180707,-0.14162892170913421,0.19765883684158325,0.19781199097633362,0.19735214114189148,0.19781237840652466,0.0008556028731203277,8.142501151886528e-05,0.0024059170147315845,7.946659311053317e-05
4,last_label_token,3,0.21746419057124802,0.21711474987639098,0.2181895792985163,0.21708824253883682,-0.001597322557128707,1.2132606233672405e-05,-0.004938320471021829,0.00013422019340203484,-0.1434965151116773,-0.14165904377555716,-0.14731084187303334,-0.14151965968644142,0.19733857115109762,0.19781173765659332,0.19642601907253265,0.19777795672416687,0.0024745118748826047,8.270551586286867e-05,0.007087365572465698,0.0002534645363192478
4,last_label_token,4,0.21747699010939825,0.2171128056630367,0.21821107143113594,0.21710709323402214,-0.0016562747142979672,2.1087270838493488e-05,-0.005037309009922719,4.739759619032391e-05,-0.14356381919163352,-0.14164882047769178,-0.14742385440483607,-0.1416187826923727,0.19734642406304678,0.19781167805194855,0.19641517102718353,0.19781242311000824,0.002434816240219795,8.3006811002595e-05,0.0071422012879011065,7.924062175568292e-05
4,last_label_token,5,0.21724358833804516,0.2171096064463383,0.21751729500393907,0.21710386356385816,-0.0005812720269440611,3.582223419484887e-05,-0.0018419111372509622,6.227282222392994e-05,-0.14233651776116787,-0.1416319979694154,-0.1437757552640888,-0.14160180004999945,0.1976573963960012,0.19781170785427094,0.1973477452993393,0.1978127360343933,0.0008628841723310835,8.285616343273183e-05,0.0024281375312885656,7.76588222719532e-05
4,last_label_token,6,0.2171154385521298,0.21711016582841633,0.2171327927533318,0.21710335707464137,8.960701129101523e-06,3.324583028141426e-05,-7.096933890804458e-05,6.460561201393489e-05,-0.1416626650536413,-0.14163493937993055,-0.14175391901386747,-0.14159913676712588,0.19781218965848288,0.19781184196472168,0.19781209528446198,0.19781263172626495,8.042069438637019e-05,8.21782493682921e-05,8.08977450242887e-05,7.818608876652977e-05
4,last_label_token,7,0.21727291929955575,0.2171036215389476,0.21761852232348017,0.2170966140362395,-0.000716364671116132,6.33875413957874e-05,-0.0023081442763974724,9.566272165328904e-05,-0.14249074937136594,-0.14160052740533513,-0.14430804100191663,-0.14156367970684602,0.19765760997931162,0.19781191647052765,0.19734817743301392,0.1978127360343933,0.0008618045314136383,8.180163044357869e-05,0.002425953141525383,7.76588222719532e-05
4,last_label_token,8,0.21730568615996204,0.21709971387847132,0.21771891137131122,0.21709843323010355,-0.0008672823903292567,8.138545755942417e-05,-0.00277051650079696,8.728387224976597e-05,-0.14266304804080346,-0.1415799796722803,-0.14483591883802682,-0.14157324561210327,0.19765591124693552,0.19781184196472168,0.19734300673007965,0.19781288504600525,0.0008703914428966527,8.21782493682921e-05,0.0024520904948991396,7.690558442252637e-05
4,last_label_token,9,0.2172831548696139,0.21709842681884767,0.21765665967925257,0.21709437811074137,-0.000763507695161314,8.731340123435682e-05,-0.0024837974417795117,0.00010596095506121284,-0.1425445712841181,-0.141573211899662,-0.1445085794597969,-0.1415519224928954,0.19765869776407877,0.19781184196472168,0.1973516196012497,0.19781263172626495,0.0008563058951130964,8.21782493682921e-05,0.0024085533472044673,7.818608876652977e-05
4,last_label_token,10,0.21716038038750654,0.21709616043988397,0.21728938287045776,0.21709559785217797,-0.00019803255999539804,9.775189731953127e-05,-0.0007921926430312087,0.00010034306572548335,-0.14189898364936523,-0.14156129455161448,-0.14257732011160273,-0.14155833628487846,0.197765052318573,0.19781173765659332,0.19767074286937714,0.19781267642974854,0.00031869493407625055,8.270551586286867e-05,0.0007954191689542034,7.796011741167952e-05
4,last_label_token,11,0.2171579360961914,0.21709877623229468,0.21727896618242024,0.21709606587385932,-0.0001867746345853479,8.570407156927029e-05,-0.0007442154251688926,9.818744984357863e-05,-0.1418861307810678,-0.14157504922772013,-0.14252254582238,-0.14156079729310322,0.1977649132410685,0.1978117674589157,0.19767029583454132,0.19781267642974854,0.0003193979560690193,8.255486829300551e-05,0.0007976788825023728,7.796011741167952e-05
4,last_label_token,12,0.21715568681391015,0.21710090156362838,0.21727025168282646,0.21709590719527558,-0.00017641488245930445,7.591521314720406e-05,-0.0007040781527396511,9.891829221453374e-05,-0.14187430333286413,-0.14158622490205608,-0.14247672218635854,-0.1415599629101778,0.19776480396588644,0.19781170785427094,0.19767017662525177,0.1978125274181366,0.00031995033049188787,8.285616343273183e-05,0.0007982814727818255,7.871335526110634e-05
4,last_label_token,13,0.217159718425334,0.21710106665346804,0.21728235132553997,0.217095737296994,-0.00019498369232695545,7.515484179154708e-05,-0.0007598067290810473,9.970081030863387e-05,-0.14189550283978694,-0.14158709299742323,-0.14254034599145804,-0.1415590695304796,0.19776490330696106,0.19781172275543213,0.19767045974731445,0.1978125274181366,0.00031944817192564035,8.278083964774474e-05,0.00079685032086807,7.871335526110634e-05
4,last_label_token,14,0.2172737303234282,0.2171013551599839,0.21762431970163554,0.21709551610866515,-0.0007201000876784583,7.382603748085081e-05,-0.002334845860796353,0.00010071956028012696,-0.14249501399520761,-0.14158861005728762,-0.14433852547708503,-0.14155790645125021,0.19765966137250265,0.19781164824962616,0.19735482335090637,0.1978125125169754,0.0008514349570203361,8.315745857245815e-05,0.0023923587334425678,7.878867904598241e-05
4,last_label_token,15,0.21716485864975874,0.21710318557354583,0.2172951321641938,0.21709625821153658,-0.0002186585557959105,6.53955123540717e-05,-0.0008186727600449917,9.730158030318847e-05,-0.14192253178970793,-0.14159823495931745,-0.14260755174345996,-0.14156180866634638,0.19776497781276703,0.19781166315078735,0.19767074286937714,0.1978125274181366,0.00031907155300096396,8.308213478758208e-05,0.0007954191689542034,7.871335526110634e-05
4,last_label_token,16,0.2171635154916459,0.21710276243065585,0.21729211887391675,0.21709566517036502,-0.0002124722335049197,6.734442534317431e-05,-0.0008047941372442136,0.00010003301138628018,-0.14191546903322716,-0.14159600993818278,-0.14259170689598522,-0.1415586902655135,0.19776509205500284,0.19781158864498138,0.19767127931118011,0.19781240820884705,0.0003184940706496923,8.345875371218447e-05,0.0007927075126963334,7.931594554055899e-05
4,last_label_token,17,0.21727265056107892,0.21710309421314913,0.21761812963405577,0.21709672783603187,-0.0007151269145082203,6.581630038582365e-05,-0.0023063356260857315,9.513858217524707e-05,-0.14248933625819574,-0.14159775455702706,-0.14430597611487883,-0.14156427810268135,0.19766108691692352,0.1978115737438202,0.19735930860042572,0.19781237840652466,0.0008442289815945673,8.353407749717157e-05,0.002369686274175997,7.946659311053317e-05
4,last_label_token,18,0.21716866319586914,0.21710430594051586,0.21730392520167247,0.21709775844541918,-0.00023618154745600842,6.023532228094375e-05,-0.0008591717625365813,9.039179788761231e-05,-0.14194253731432985,-0.14160412620845841,-0.14265378835688902,-0.14156969737764213,0.19776527086893717,0.197811558842659,0.1976720541715622,0.19781219959259033,0.00031759018523047633,8.360940128215866e-05,0.0007887906758795582,8.037047852971213e-05
4,last_label_token,19,0.21716553557152843,0.21710613475126378,0.2172905657471729,0.21709990621614858,-0.00022177632442858344,5.181217940031235e-05,-0.0007976407407050967,8.049958801903401e-05,-0.14192609126164957,-0.1416137426823778,-0.14258354005704765,-0.14158099104552324,0.19776539007822672,0.1978115439414978,0.19767245650291443,0.19781216979026794,0.0003169875949509497,8.368472506703473e-05,0.000786756933686239,8.052112609957529e-05
4,last_label_token,20,0.21716660197709456,0.21710632708894104,0.2172924811098756,0.21710099773246702,-0.0002266879788807019,5.092630985992219e-05,-0.0008064625248789259,7.547227837689796e-05,-0.14193169876440836,-0.14161475405562096,-0.14259361164892637,-0.14158673058867777,0.1977653056383133,0.19781148433685303,0.1976722776889801,0.19781215488910675,0.0003174144297322841,8.398602020676105e-05,0.000787660819105529,8.059644988456238e-05
4,last_label_token,21,0.21716961419882894,0.21710629342984752,0.21730228231734589,0.21710026684929343,-0.00024056168018382618,5.1081337029468266e-05,-0.0008516049602116382,7.883858263069143e-05,-0.14194753799314289,-0.14161457706530345,-0.14264514954377128,-0.14158288737035396,0.19776525596777597,0.19781145453453064,0.1976720690727234,0.1978122442960739,0.0003176655090154634,8.413666777673523e-05,0.0007887153520946821,8.01445071749729e-05
4,last_label_token,22,0.21717109252758723,0.21710727274918756,0.217304869259105,0.21710113557446906,-0.0002473705719018282,4.657078461922648e-05,-0.0008635199055309073,7.48374052061962e-05,-0.14195531152026394,-0.14161972664073286,-0.14265875251389049,-0.14158745540616846,0.19776509205500284,0.19781143963336945,0.19767159223556519,0.1978122442960739,0.0003184940706497663,8.42119915616113e-05,0.0007911257132127147,8.01445071749729e-05
4,last_label_token,23,0.21717156322062517,0.21710780808905594,0.2173043435361205,0.21710253803669904,-0.0002495384915272014,4.410511439822962e-05,-0.0008610985287869077,6.837793980707385e-05,-0.14195778657533928,-0.14162254162959265,-0.14265598809369262,-0.14159483000273254,0.19776498277982077,0.19781138002872467,0.19767139852046967,0.19781216979026794,0.0003190464450725979,8.451328670133762e-05,0.0007921049224168808,8.052112609957529e-05
4,last_label_token,24,0.21716930645854535,0.21710866880016166,0.2172959239542985,0.21710332662117582,-0.0002391442889190983,4.014084820469499e-05,-0.0008223195896530644,6.474587469107451e-05,-0.14194591979595397,-0.14162706752485543,-0.1426117152299773,-0.14159897663302923,0.19776481886704764,0.1978113204240799,0.1976710706949234,0.1978120654821396,0.0003198750067069378,8.481458184117496e-05,0.0007937620456854866,8.104839259415186e-05
4,last_label_token,25,0.21717011961950305,0.21710918330344833,0.21729827688521697,0.21710289866984392,-0.0002428895484762883,3.777114718395147e-05,-0.0008331567270314366,6.671693441862026e-05,-0.14195019565727604,-0.14162977294828072,-0.14262408769598411,-0.14159672632756326,0.19776485860347748,0.19781135022640228,0.19767127931118011,0.19781194627285004,0.00031967414328045357,8.46639342713118e-05,0.0007927075126963334,8.165098287371553e-05
4,last_label_token,26,0.21717145903771665,0.2171101610199744,0.21730168286491844,0.21710253322825712,-0.0002490586455261938,3.32679770198574e-05,-0.0008488440001439557,6.840008654551699e-05,-0.1419572387481661,-0.1416349140955997,-0.1426419974304971,-0.14159480471840147,0.19776463011900583,0.1978113055229187,0.19767075777053833,0.19781182706356049,0.00032082910798281183,8.488990562605103e-05,0.0007953438451692163,8.225357315316817e-05
4,last_label_token,27,0.21716673287356936,0.21709666372347278,0.21730196015173647,0.2171015747454988,-0.0002272908623179859,9.543387202204379e-05,-0.0008501211287315069,7.281466975550543e-05,-0.14193238706008762,-0.14156394097826697,-0.14264345549358914,-0.14158976470840678,0.19775237639745077,0.1977749764919281,0.19767031073570251,0.19781184196472168,0.000382770367130895,0.00026852929330700714,0.0007976035587173858,8.21782493682921e-05
4,last_label_token,28,0.2171059002061518,0.21705566534475118,0.21729766300746373,0.2169643722662405,5.289244808996211e-05,0.00028426434681827484,-0.0008303293267482026,0.0007047423241998141,-0.14161250936889544,-0.14134835834339632,-0.14262085972971672,-0.14086831003357325,0.19766744474569956,0.19766350090503693,0.1976703554391861,0.19766847789287567,0.0008120908333540214,0.0008320265284345041,0.0007973775873626465,0.0008068683842649138
5,pre_label_token,0,0.2171173656688017,0.2171173656688017,0.2171173656688017,0.2171173656688017,8.478048341142852e-08,8.478048341142852e-08,8.478048341142852e-08,8.478048341142852e-08,-0.1416727984516628,-0.1416727984516628,-0.1416727984516628,-0.1416727984516628,0.19782809913158417,0.19782809913158417,0.19782809913158417,0.19782809913158417,0.0,0.0,0.0,0.0
5,pre_label_token,1,0.21718991918056285,0.21711821836583756,0.21744367615515445,0.21700786302069655,-0.0003340824354210274,-3.842574479495653e-06,-0.0015028371883920588,0.0005044324566084724,-0.1420543081045397,-0.14167728220637388,-0.1433886437271934,-0.14109699838005185,0.19760502874851227,0.197362020611763,0.19767343997955322,0.19777962565422058,0.0011275970605344836,0.0023559773453171173,0.0007817855638803106,0.00024502827240602265
5,pre_label_token,2,0.2170577762507591,0.21723845505914768,0.21723217202835723,0.21670270166477235,0.00027454192861164906,-0.0005576291532085609,-0.0005286907482200398,0.0019099456872635479,-0.14135945816473905,-0.1423095253330584,-0.14227648714045138,-0.13949236202070736,0.19760731856028238,0.19735516607761383,0.1977793127298355,0.19768747687339783,0.001116022305582202,0.002390626286388975,0.00024661007188975237,0.0007108305584678787
5,pre_label_token,3,0.2171280708633551,0.21717690379679705,0.2172295578387605,0.21697775095450778,-4.9221241689637964e-05,-0.00027413613576743323,-0.0005166503047158155,0.0006431227154143349,-0.14172908980075002,-0.1419858690390552,-0.14226274089245594,-0.14093865947073891,0.19764047861099243,0.19736172258853912,0.1977795660495758,0.19778014719486237,0.0009484017761650273,0.002357483821015971,0.00024532956754586,0.0002423919399332508
5,pre_label_token,4,0.21720131091376982,0.21708887885598577,0.21744299495921415,0.2170720589261095,-0.00038655051970374704,0.00013128944167228873,-0.0014996997337695106,0.0002087587329859808,-0.1421142094942308,-0.14152300564625397,-0.14338506178029098,-0.14143456105614738,0.19761824111143747,0.19735749065876007,0.19768460094928741,0.19781263172626495,0.0010608099712220431,0.002378875775938538,0.0007253680489610614,7.818608876652977e-05
5,pre_label_token,5,0.21733597186433165,0.21708546165658646,0.21784928746584084,0.2170731664705677,-0.0010067723924703047,0.0001470283905079528,-0.0033710031688010123,0.00020365760088214557,-0.14282229999540533,-0.14150503691496863,-0.14552147819084205,-0.14144038488040533,0.19762815038363138,0.1976601481437683,0.19741174578666687,0.19781255722045898,0.0010107196542377128,0.0008489743800457195,0.002104621874976176,7.856270769124318e-05
5,pre_label_token,6,0.21734172596650966,0.21701256567690552,0.21794098445347376,0.21707162776914965,-0.0010332746562224566,0.00048277294634413437,-0.0037933414722173264,0.00021074455720582197,-0.1428525569115938,-0.1411217264558451,-0.1460036503844755,-0.14143229389446077,0.19762823482354483,0.1976584792137146,0.19741351902484894,0.19781270623207092,0.0010102928194563783,0.0008574106439588336,0.002095658344568485,7.780946984181636e-05
5,pre_label_token,7,0.21716779126506558,0.2169548098780528,0.21747757727358522,0.21707098664355878,-0.00023216560553925478,0.0007487848048531864,-0.001658979077145073,0.00021369745567412224,-0.14193795242229465,-0.1408180279271718,-0.14356690668939498,-0.14142892265031715,0.19771580398082733,0.1976587176322937,0.1976758986711502,0.19781279563903809,0.0005676400432991224,0.0008562054633998173,0.0007693571393653231,7.735752713222688e-05
5,pre_label_token,8,0.21715616338393265,0.21694815178879168,0.2174485118449235,0.21707182651808282,-0.00017860987032070064,0.0007794506554457126,-0.0015251094250885444,0.00020982915868072993,-0.14187680929101085,-0.14078301755674083,-0.14341407133614625,-0.14143333898014543,0.197716494401296,0.19765938818454742,0.19767756760120392,0.1978125274181366,0.0005641500412636447,0.0008528158930776186,0.000760920875452209,7.871335526110634e-05
5,pre_label_token,9,0.21708147759531057,0.21686188192928538,0.2174322849562188,0.21695026590042754,0.00016537819373922216,0.0011767926733288192,-0.001450371564857944,0.0007697134727467914,-0.1414840874419864,-0.14032938294478248,-0.14332874514687255,-0.1407941342343042,0.1977078914642334,0.19766353070735931,0.19768132269382477,0.1977788209915161,0.0006076369731016588,0.0008318758808646409,0.0007419392816475634,0.00024909575679277207
5,pre_label_token,10,0.21710390683983558,0.21684118158677046,0.21740885822712874,0.21706168070560744,6.207350157731255e-05,0.0012721343826211928,-0.0013424726548294519,0.0002565587769401967,-0.1416020276089791,-0.14022053389949707,-0.1432055598858668,-0.14137998904157345,0.19771995643774667,0.19766627252101898,0.19768105447292328,0.1978125423192978,0.0005466498152294866,0.0008180163044357869,0.0007432951097765539,7.863803147611925e-05
5,pre_label_token,11,0.2170366324630438,0.2167962707391306,0.2173782156295135,0.2169354110204873,0.0003719260593447367,0.0014789849203198369,-0.0012013388725409246,0.000838132130255298,-0.1412482773422543,-0.13998437824724008,-0.14304443127202493,-0.14071602250749793,0.1977077623208364,0.19766411185264587,0.19768035411834717,0.1977788209915161,0.0006082897792377695,0.0008289382532519207,0.0007468353276686157,0.00024909575679277207
5,pre_label_token,12,0.2170353213612105,0.21678569537250936,0.2173648802172236,0.21695538849389853,0.00037796473671221814,0.001527692980552997,-0.0011399185844020998,0.0007461198139857572,-0.14124138314798076,-0.13992876957509215,-0.1429743093938387,-0.14082107047501147,0.19770680367946625,0.19766263663768768,0.1976788192987442,0.19777895510196686,0.0006131356094021637,0.0008363953079608688,0.0007545936775172901,0.00024841784272833234
5,pre_label_token,13,0.21704880262957235,0.21680813316537553,0.21737264905657086,0.2169656256667706,0.00031587266417184196,0.001424348916411633,-0.0011757003315906456,0.0006989694076945385,-0.14131227198420956,-0.14004675469200656,-0.14301516044474827,-0.14087490081587384,0.19770723084608713,0.1976643055677414,0.19767889380455017,0.19777849316596985,0.0006109763275672734,0.0008279590440477547,0.0007542170585926877,0.00025075288006137786
5,pre_label_token,14,0.2170969217765231,0.21686272661225134,0.2173546654837472,0.21707337323357076,9.424533038859817e-05,0.0011729022295968727,-0.0010928715295572822,0.00020270529112620395,-0.14156529790403485,-0.1403338245589416,-0.14292059704652127,-0.1414414721066417,0.19771806399027506,0.19766435027122498,0.1976776421070099,0.19781219959259033,0.000556215935916704,0.0008277330726929044,0.0007605442565274956,8.037047852971213e-05
5,pre_label_token,15,0.21702294282886495,0.2168854176497259,0.21719523518025374,0.21698817565661518,0.00043497782388723927,0.0010683917705605062,-0.0003585668852199575,0.0005951085863211691,-0.1411762928516788,-0.14045314131729292,-0.14208226133723012,-0.14099347590051337,0.1977409025033315,0.19766582548618317,0.1977786123752594,0.19777826964855194,0.00044076968153379986,0.0008202760179839563,0.0002501502897819252,0.0002518827368355181
5,pre_label_token,16,0.2170898234476896,0.2170474765681419,0.2171449292607668,0.21707706451416015,0.00012693883792913585,0.00032198024250351676,-0.00012686770691150429,0.00018570397819539508,-0.14152797261262537,-0.14130529912757273,-0.14181773666550512,-0.14146088204479823,0.19779975215593973,0.19777479767799377,0.19781234860420227,0.19781211018562317,0.00014329094688203536,0.00026943317872629713,7.961724068039633e-05,8.082242123941263e-05
5,pre_label_token,17,0.21710932328253565,0.21710181035915344,0.21714240963719472,0.21708374985125886,3.712643101842309e-05,7.172947956846087e-05,-0.00011526281593132737,0.00015491262941813577,-0.14163050900325191,-0.1415910036406296,-0.14180448767602094,-0.1414960356931052,0.19781202574570975,0.19781123101711273,0.19781260192394257,0.1978122442960739,8.124925602071009e-05,8.526652455076444e-05,7.833673633639293e-05,8.01445071749729e-05
5,pre_label_token,18,0.21711149402693208,0.2171063014439174,0.21714145275725036,0.2170867278796284,2.712840895483885e-05,5.1044425798618676e-05,-0.00011085561496737562,0.00014119641603327349,-0.14164192347404803,-0.14161461920585516,-0.1417994560941367,-0.14151169512215223,0.19781202574570975,0.19781123101711273,0.1978127807378769,0.1978120654821396,8.124925602067308e-05,8.526652455076444e-05,7.743285091710295e-05,8.104839259415186e-05
5,pre_label_token,19,0.21711256577521143,0.2171090246248646,0.21714150404729762,0.21708716865347213,2.2192147015413315e-05,3.850198955490658e-05,-0.00011109184684499063,0.000139166298336324,-0.14164755907050805,-0.14162893856535508,-0.14179972579366806,-0.14151401285250098,0.1978121797243754,0.19781158864498138,0.1978127807378769,0.19781216979026794,8.047091024295423e-05,8.345875371218447e-05,7.743285091710295e-05,8.052112609957529e-05
5,pre_label_token,20,0.21711419102858429,0.21711259890003365,0.21713846350918298,0.21709151067653623,1.4706549398465127e-05,2.2039580594546138e-05,-9.708772585947933e-05,0.00011916779346032857,-0.14165610517441193,-0.1416477332514554,-0.1417837376683173,-0.14153684460346305,0.19781212011973062,0.19781172275543213,0.19781281054019928,0.19781182706356049,8.077220538271757e-05,8.278083964774474e-05,7.728220334723979e-05,8.225357315316817e-05
5,pre_label_token,21,0.2171151853075214,0.2171144613698751,0.21713737840412042,0.21709371614856882,1.0127096024029983e-05,1.3461410544368668e-05,-9.208994520193414e-05,0.00010900982272965543,-0.14166133341220463,-0.14165752671569254,-0.1417780318376043,-0.14154844168331704,0.19781216979026794,0.1978118121623993,0.19781287014484406,0.19781182706356049,8.05211260996123e-05,8.232889693815526e-05,7.698090820751347e-05,8.225357315316817e-05
5,pre_label_token,22,0.2171153819193693,0.21711501113506926,0.2171352626896706,0.21709587193336807,9.221540493764557e-06,1.0929300107931361e-05,-8.234538025697624e-05,9.908070163033855e-05,-0.14166236726040862,-0.14166041755754555,-0.1417669067319305,-0.14155977749174986,0.1978121946255366,0.19781191647052765,0.19781292974948883,0.19781173765659332,8.039558645807816e-05,8.180163044357869e-05,7.667961306778714e-05,8.270551586286867e-05
5,pre_label_token,23,0.21711571156477727,0.21711517301928096,0.21713400768632649,0.2170979539887244,7.703258531388535e-06,1.0183693244680825e-05,-7.656508150533092e-05,8.94911638548157e-05,-0.1416641006417724,-0.14166126879669183,-0.14176030752151947,-0.14157072560710593,0.19781224926312765,0.19781194627285004,0.19781304895877838,0.19781175255775452,8.011939924660687e-05,8.165098287371553e-05,7.607702278822348e-05,8.263019207788158e-05
5,pre_label_token,24,0.2171163329223291,0.21711571477040523,0.21713349158022585,0.21709979241635619,4.8414077659468075e-06,7.688494039093108e-06,-7.418799823843969e-05,8.1023727497187e-05,-0.1416673679392216,-0.14166411749799313,-0.14175759366998397,-0.1415803926496877,0.19781224926312765,0.1978120058774948,0.19781294465065002,0.1978117972612381,8.011939924664387e-05,8.13496877339892e-05,7.660428928280005e-05,8.240422072314235e-05
5,pre_label_token,25,0.21711686452229817,0.21711641680292723,0.2171337961148815,0.2171003806490858,2.3929627859982836e-06,4.455070216291546e-06,-7.559062501094616e-05,7.831444315264946e-05,-0.14167016326249068,-0.1416678090103305,-0.14175919501095224,-0.1415834857661893,0.19781231880187988,0.19781209528446198,0.19781295955181122,0.19781190156936646,7.976788825022248e-05,8.08977450242887e-05,7.652896549781296e-05,8.187695422856578e-05
5,pre_label_token,26,0.21711762585893735,0.21711782567641313,0.21713436190821545,0.2171006899921834,-1.1136041450088285e-06,-2.0339241675326747e-06,-7.819655790908264e-05,7.688966964158883e-05,-0.1416741666149112,-0.14167521731933586,-0.1417621701339089,-0.14158511239148885,0.19781244297822317,0.19781219959259033,0.19781306385993958,0.1978120654821396,7.91401900424038e-05,8.037047852971213e-05,7.600169900334741e-05,8.104839259415186e-05
5,pre_label_token,27,0.21711764829833302,0.2171191191472927,0.21713382175990514,0.2171000039878012,-1.2169555913728776e-06,-7.991396827167208e-06,-7.570874094953162e-05,8.004927100258019e-05,-0.1416742846084562,-0.14168201880439546,-0.14175932986071804,-0.14158150516025514,0.19781257212162018,0.19781240820884705,0.1978132128715515,0.19781209528446198,7.848738390625609e-05,7.931594554055899e-05,7.524846115392059e-05,8.08977450242887e-05
5,pre_label_token,28,0.21711782247078518,0.2171210970197405,0.2171347081160345,0.21709766227658056,-2.0191596752372476e-06,-1.7101088601645387e-05,-7.979112308187375e-05,9.08347326578074e-05,-0.14167520046311513,-0.14169241909257835,-0.1417639906057464,-0.14156919169102067,0.19781261185805002,0.19781255722045898,0.19781328737735748,0.19781199097633362,7.828652047977187e-05,7.856270769124318e-05,7.487184222920718e-05,8.142501151886528e-05
5,first_label_token,0,0.21719760200222668,0.21711716050861263,0.21736482091310647,0.21711082458496095,-0.0003694680020651653,1.0297079932053421e-06,-0.0011396454412939683,3.0211727105267094e-05,-0.14209470684686024,-0.14167171965353687,-0.14297399755375562,-0.14163840333328825,0.19733700652917227,0.1978129893541336,0.19638553261756897,0.1978124976158142,0.0024824208723011423,7.63783179279498e-05,0.007292020296144508,7.88640028309695e-05
5,first_label_token,1,0.21713285846870486,0.21711739612226727,0.21717319809088187,0.21710798119296545,-7.127201100110003e-05,-5.5482193950240344e-08,-0.00025706838262129494,4.3307831811945086e-05,-0.14175426456639215,-0.14167295858575968,-0.14196638324790545,-0.14162345186551129,0.19776580234368643,0.19781357049942017,0.19767127931118011,0.19781255722045898,0.0003149036369009724,7.344069031534062e-05,0.0007927075126963334,7.856270769124318e-05
5,first_label_token,2,0.21716853764210764,0.21711504479416277,0.2172839076579118,0.2171066604742483,-0.0002356032715059575,1.0774272938385288e-05,-0.0007669748901126816,4.9390802656423816e-05,-0.14194187711235182,-0.14166059454786306,-0.1425485296866167,-0.14161650710257567,0.1976569543282191,0.19781328737735748,0.19734501838684082,0.19781255722045898,0.000865118777950924,7.487184222920718e-05,0.0024419217839323215,7.856270769124318e-05
5,first_label_token,3,0.21716615105209566,0.2171149309943704,0.21727801250810383,0.2171055096538127,-0.0002246111069580762,1.1298412416427261e-05,-0.0007398229886974583,5.469125540680242e-05,-0.1419293276560274,-0.14165999615202773,-0.1425175310967164,-0.14161045571933806,0.19765696922938028,0.1978132277727127,0.19734522700309753,0.19781245291233063,0.0008650434541659738,7.51731373689335e-05,0.0024408672509431684,7.908997418581976e-05
5,first_label_token,4,0.21718086274732062,0.21710848607936828,0.2173324056032325,0.21710169655936104,-0.000292370283808685,4.098242426808785e-05,-0.0009903468947407568,7.225361904661387e-05,-0.1420066864716417,-0.14162610672027443,-0.14280354744985657,-0.14159040524479405,0.19765658179918924,0.19781267642974854,0.197344571352005,0.1978124976158142,0.00086700187257438,7.796011741167952e-05,0.002444181497480491,7.88640028309695e-05
5,first_label_token,5,0.21713063483144723,0.21710178150850185,0.21718983529996472,0.21710028768587514,-6.1030374813864086e-05,7.186235999945279e-05,-0.00033369609787148313,7.874261343043809e-05,-0.14174257196795428,-0.14159085193464316,-0.14205386703343104,-0.14158299693578869,0.19776478906472525,0.1978122442960739,0.1976698786020279,0.1978122442960739,0.00032002565427687496,8.01445071749729e-05,0.0007997879484806791,8.01445071749729e-05
5,first_label_token,6,0.21714144634599444,0.2171016645030815,0.21722297989019826,0.21709969464470358,-0.00011082608598274775,7.240126397001223e-05,-0.0004863535664318963,8.147404451364082e-05,-0.14179942238169527,-0.14159023668258697,-0.142228151927543,-0.1415798785349558,0.1977641930182775,0.19781208038330078,0.19766809046268463,0.19781240820884705,0.0003230386056743602,8.09730688092758e-05,0.0008088268026732459,7.931594554055899e-05
5,first_label_token,7,0.21704762242421383,0.2168921879359654,0.2171555158470859,0.21709516348959018,0.0003213084581020394,0.0010372091627361968,-0.0001756274428676985,0.00010234365443761995,-0.14130606608561536,-0.140488741655449,-0.14187340433442586,-0.1415560522669712,0.1977520932753881,0.19766727089881897,0.19777686893939972,0.19781213998794556,0.0003842015190447616,0.0008129696108449824,0.00025896317261975277,8.067177366954947e-05
5,first_label_token,8,0.21692772606173819,0.21642948278859883,0.21725690344802473,0.21709679194859097,0.0008735275398942995,0.0031683381339859817,-0.0006425988066314225,9.484329232833932e-05,-0.14067561252769697,-0.1380556894727054,-0.14240653288328953,-0.14156461522709596,0.19760695596536001,0.1973414123058319,0.1976672261953354,0.19781222939491272,0.001117855184349037,0.0024601501398875403,0.0008131955821997217,8.021983095984897e-05
5,first_label_token,9,0.21690780415254482,0.21646864915094455,0.2171595629523782,0.21709520035431165,0.000965283938296683,0.0029879455665626775,-0.0001942676144484068,0.00010217386277577845,-0.14057085673467581,-0.13826163877743602,-0.14189468531308203,-0.14155624611350937,0.19764346877733865,0.19734160602092743,0.19777655601501465,0.1978122442960739,0.0009332868033206099,0.0024591709306833742,0.0002605449721034825,8.01445071749729e-05
5,first_label_token,10,0.21692692892892018,0.21644291116409942,0.21724127440893348,0.21709660121372767,0.0008771989769898273,0.0031064896755691462,-0.000570614524222357,9.572177962269279e-05,-0.14067142094747834,-0.13812630018129246,-0.14232435037917956,-0.141563612281963,0.19760902722676596,0.1973469853401184,0.19766782224178314,0.1978122740983963,0.0011073851782425665,0.0024319790443204647,0.0008101826308022364,7.999385960499872e-05
5,first_label_token,11,0.21694266802790452,0.21648848397391182,0.21724150841977416,0.21709801169002757,0.0008047077803438052,0.0028965902702022817,-0.0005716923321634759,8.922540299260984e-05,-0.14075418218183292,-0.13836593664312757,-0.14232558088329217,-0.14157102901907903,0.197609414656957,0.19734790921211243,0.19766806066036224,0.1978122740983963,0.0011054267598341605,0.0024273089696542627,0.0008089774502432201,7.999385960499872e-05
5,first_label_token,12,0.21707046038630295,0.21689116053220606,0.2172230472083853,0.21709717341831752,0.00021612129316672668,0.0010419411825315361,-0.0004866636207712105,9.308631773985443e-05,-0.14142615542074935,-0.14048333923670886,-0.14222850590817804,-0.14156662111736118,0.19771614174048105,0.19766683876514435,0.19766934216022491,0.1978122442960739,0.0005659327041738585,0.0008151540006081648,0.0008024996047384381,8.01445071749729e-05
5,first_label_token,13,0.21712684417639125,0.21705221769188632,0.21723020537560728,0.21709810946168018,-4.3571362620490696e-05,0.00030014355833107853,-0.0005196327321688177,8.877508597626704e-05,-0.14172263948695543,-0.14133022947801432,-0.14226614584904107,-0.14157154313381093,0.19775288800398508,0.1977769434452057,0.19766946136951447,0.1978122591972351,0.00038018425051463317,0.00025858655369503936,0.0008018970144588744,8.006918338998581e-05
5,first_label_token,14,0.21714448367848116,0.21709878584917855,0.21723615502109048,0.21709851016517448,-0.00012481544247600063,8.565977809216196e-05,-0.0005470356299537293,8.69295244335655e-05,-0.14181539365082543,-0.14157509979638228,-0.14229743099469339,-0.14157365016140067,0.19776429732640585,0.19781194627285004,0.19766885042190552,0.19781209528446198,0.00032251133917982067,8.165098287371553e-05,0.0008049852896414578,8.08977450242887e-05
5,first_label_token,15,0.21710972184894464,0.21710086950734883,0.21712962399009897,0.21709867204938615,3.5290712470696185e-05,7.606285807060242e-05,-5.6374638228939844e-05,8.618391757042598e-05,-0.14163260479336115,-0.14158605633984878,-0.14173725663968795,-0.14157450140054673,0.1978120058774948,0.197812020778656,0.19781188666820526,0.19781211018562317,8.13496877339522e-05,8.127436394900212e-05,8.195227801344185e-05,8.082242123941263e-05
5,first_label_token,16,0.21711882155816428,0.21710165969463957,0.21715603996725644,0.21709876501259684,-6.620759788226553e-06,7.242341070845537e-05,-0.00017804143736555034,8.575574729241531e-05,-0.14168045398523899,-0.1415902113982559,-0.1418761603265133,-0.14157499023094777,0.19780044754346213,0.197812020778656,0.1977771818637848,0.19781213998794556,0.00013977583691819154,8.127436394900212e-05,0.00025738137313602305,8.067177366954947e-05
5,first_label_token,17,0.21711811204584372,0.21710292912330947,0.21715211467582637,0.2170992923383953,-3.3528854833283126e-06,6.657667174148063e-05,-0.00015996231649384463,8.332698830237906e-05,-0.14167672314171997,-0.14159688646166013,-0.14185551988424416,-0.14157776307925563,0.19780043264230093,0.1978120654821396,0.1977771669626236,0.1978120654821396,0.00013985116070310463,8.104839259415186e-05,0.00025745669692101014,8.104839259415186e-05
5,first_label_token,18,0.21711095761852106,0.21710460246110164,0.2171279185960273,0.2171003517984342,2.959900067311949e-05,5.886960673928687e-05,-4.851992830356977e-05,7.844732358364137e-05,-0.14163910286644796,-0.14160568540887497,-0.14172828913026603,-0.14158333406020285,0.19781201581160227,0.19781208038330078,0.19781194627285004,0.197812020778656,8.129947187733115e-05,8.09730688092758e-05,8.165098287371553e-05,8.127436394900212e-05
5,first_label_token,19,0.21711143953125686,0.21710612994282186,0.21712709955808496,0.2171010890928637,2.737940532456425e-05,5.1834326138866516e-05,-4.4747600510319785e-05,7.505149034514602e-05,-0.14164163691829593,-0.14161371739804696,-0.1417239823658727,-0.14158721099096816,0.19781205554803213,0.19781216979026794,0.1978120505809784,0.19781194627285004,8.109860845080992e-05,8.052112609957529e-05,8.112371637913895e-05,8.165098287371553e-05
5,first_label_token,20,0.21711236061502237,0.2171081046096417,0.21712619717381582,0.2171027800616096,2.3137074525281243e-05,4.2739398856794786e-05,-4.059139591627847e-05,6.726322063532741e-05,-0.14164648027238202,-0.14162410083000898,-0.14171923733974046,-0.14159610264739664,0.19781207541624704,0.1978122442960739,0.1978120654821396,0.19781191647052765,8.099817673756782e-05,8.01445071749729e-05,8.104839259415186e-05,8.180163044357869e-05
5,first_label_token,21,0.21710314870882433,0.21710929550042674,0.21712696011326893,0.21707319051277738,6.556530401606124e-05,3.725438995205721e-05,-4.4105345093470305e-05,0.0002035468671895968,-0.1415980411127793,-0.14163036291600584,-0.14172324912027134,-0.1414405113020607,0.19780048231283823,0.19781231880187988,0.19781211018562317,0.19777701795101166,0.00013960008141999936,7.976788825025949e-05,8.082242123941263e-05,0.00025820993477032594
5,first_label_token,22,0.21710376205230628,0.2171105953825622,0.21712676456996371,0.2170739262043929,6.27403644814691e-05,3.12673883077208e-05,-4.320471106056267e-05,0.00020015841619724917,-0.14160126626967662,-0.14163719811350672,-0.14172222089080755,-0.14144437980471558,0.19780045251051584,0.19781234860420227,0.197812020778656,0.19777698814868927,0.00013975072898986252,7.961724068039633e-05,8.127436394900212e-05,0.0002583605823401891
5,first_label_token,23,0.21710452819738735,0.2171113182516659,0.21712618274849002,0.21707608359200614,5.921165081194483e-05,2.7937995284776918e-05,-4.0524955700727006e-05,0.00019022191285178458,-0.14160529490642823,-0.14164099919127882,-0.14171916148674724,-0.1414557240412586,0.19780045251051584,0.19781237840652466,0.19781208038330078,0.1977768987417221,0.00013975072898989951,7.946659311053317e-05,8.09730688092758e-05,0.0002588125250498896
5,first_label_token,24,0.21707977166696757,0.21711217255151571,0.21712637829179524,0.21700076415759176,0.00017323536441334517,2.4003258075944167e-05,-4.142558973363464e-05,0.0005371284248977259,-0.1414751171231944,-0.14164549137409987,-0.14172018971621103,-0.14105967027927235,0.1977643519639969,0.19781234860420227,0.1978120654821396,0.1976686418056488,0.00032223515196838637,7.961724068039633e-05,8.104839259415186e-05,0.0008060398226306109
5,first_label_token,25,0.2171131155404056,0.21711340511546415,0.21714720525661435,0.21707873624913832,1.9660036578976008e-05,1.8326310770810927e-05,-0.000137350496473454,0.00017800429543957108,-0.14165044991236111,-0.14165197259096596,-0.14182970458221478,-0.14146967256390264,0.19778896868228912,0.19781242311000824,0.19777756929397583,0.1977769136428833,0.00019780025924938846,7.924062175568292e-05,0.0002554229547275799,0.0002587372012649025
5,first_label_token,26,0.21710916780957987,0.21711481238613609,0.21720947297681278,0.21700321806579076,3.784250889697175e-05,1.1844698633023398e-05,-0.00042414337795282364,0.0005258262060107155,-0.14162969147654705,-0.1416593724718611,-0.14215712824154836,-0.14107257371623172,0.19771729409694672,0.19781243801116943,0.19767048954963684,0.19766895473003387,0.0005601076648052242,7.916529797069582e-05,0.0007966996732980958,0.0008044580231468812
5,first_label_token,27,0.21707987210997678,0.21711582055612771,0.21712743134057821,0.21699636443322445,0.00017277274365338582,7.201265791789702e-06,-4.6275725467559425e-05,0.0005573926906359272,-0.14147564528477688,-0.14166467375327674,-0.14172572698471675,-0.14103653511633718,0.19776416818300882,0.19781246781349182,0.19781209528446198,0.1976679414510727,0.00032316414531593135,7.901465040083266e-05,8.08977450242887e-05,0.0008095800405226727
5,first_label_token,28,0.21707776975231008,0.21711645206483474,0.2171264504184242,0.21699040677367137,0.00018245578988037212,4.292660800486736e-06,-4.1757790811169926e-05,0.0005848324996517995,-0.14146459041335624,-0.14166799442875844,-0.14172056898117735,-0.14100520783013293,0.1977643519639969,0.19781236350536346,0.19781213998794556,0.19766855239868164,0.00032223515196838637,7.954191689540924e-05,8.067177366954947e-05,0.0008064917653402004
5,last_label_token,0,0.21723066698603266,0.21711848924139968,0.21760502662979253,0.21696848508690586,-0.0005217588190659095,-5.090174082234e-06,-0.002245985763641656,0.0006857994805261614,-0.1422685731448244,-0.14167870655702441,-0.14423707631269456,-0.14088993656475424,0.19718783597151437,0.1978134661912918,0.1963994950056076,0.19735054671764374,0.003236462175395601,7.396795680991719e-05,0.0072214419096567894,0.0024139766597200962
5,last_label_token,1,0.2172197833448565,0.21711834659095572,0.2174331697095342,0.21710783373407957,-0.0004716309068192315,-4.433154173089093e-06,-0.0014544465647441385,4.398699845953313e-05,-0.14221134346611727,-0.14167795645520265,-0.1433333974637907,-0.14162267647935844,0.1976601779460907,0.1978137195110321,0.1973542869091034,0.1978125274181366,0.0008488237324758563,7.268745246602482e-05,0.0023950703897004377,7.871335526110634e-05
5,last_label_token,2,0.21713156873772457,0.21711842352602662,0.2172463264785895,0.21702995620855764,-6.533176358247683e-05,-4.787501989067522e-06,-0.0005938833641521146,0.00040267557539375165,-0.14174748274692348,-0.14167836100449982,-0.14235091578303116,-0.14121317145323942,0.19771956404050192,0.1978134661912918,0.19767193496227264,0.19767329096794128,0.0005486333415662218,7.396795680991719e-05,0.0007893932661591219,0.0007825388017296264
5,last_label_token,3,0.21693626585460846,0.2171183209459321,0.2172361389929507,0.21645433762494257,0.0008341949322976753,-4.315038234281587e-06,-0.0005469618074920302,0.0030538616426193377,-0.14072051749968928,-0.14167782160543685,-0.14229734671358973,-0.13818638418004126,0.19730656842390695,0.1978132426738739,0.19767160713672638,0.1964348554611206,0.00263628225700289,7.509781358405743e-05,0.0007910503894277277,0.007042698567996886
5,last_label_token,4,0.21713728276955313,0.2171137240754456,0.21749740087685465,0.21680072335635914,-9.164947118041795e-05,1.6857243782864018e-05,-0.0017502826977822128,0.001458477040458095,-0.1417775289603529,-0.14165364978492745,-0.14367114555831395,-0.14000779153781728,0.19750080506006876,0.19781270623207092,0.19734324514865875,0.19734646379947662,0.0016544367203250958,7.780946984181636e-05,0.0024508853143401232,0.0024346153767933476
5,last_label_token,5,0.21711858968440892,0.2171081254462234,0.21752050383752133,0.21672713976948202,-5.552794842193324e-06,4.264342965654144e-05,-0.001856690394084426,0.0017973885799013045,-0.14167923471860697,-0.1416242103954437,-0.14379262834102735,-0.13962086541934982,0.19750511646270752,0.19781245291233063,0.19735100865364075,0.19735188782215118,0.001632643038549449,7.908997418581976e-05,0.0024116416223869397,0.002407197519075588
5,last_label_token,6,0.21725283924605,0.21710648576752478,0.21758479110333098,0.21706724086729418,-0.0006238798910916573,5.019546748896708e-05,-0.0021527849057385584,0.0002309497649746195,-0.14238516200478943,-0.1416155884385466,-0.14413067141941327,-0.14140922615640839,0.19764582316080728,0.19781234860420227,0.19734694063663483,0.19777818024158478,0.0009213856453002359,7.961724068039633e-05,0.002432205015675204,0.0002523346795451076
5,last_label_token,7,0.2170681865275407,0.2169424409625911,0.217169191055939,0.21709292756409204,0.00022659423973396078,0.0008057535985512843,-0.00023861276719494562,0.00011264188784554374,-0.14141419874152028,-0.1407529881995322,-0.14194531297200808,-0.14154429505302057,0.19775415460268655,0.19767259061336517,0.19777752459049225,0.19781234860420227,0.00037378172879487526,0.0007860790196217993,0.00025564892608243017,7.961724068039633e-05
5,last_label_token,8,0.21698907056108574,0.21659693517604794,0.21727563072653377,0.21709464578067555,0.0005909868322092985,0.002397085347565109,-0.0007288529708879832,0.00010472811995076992,-0.14099818159546382,-0.13893620787434302,-0.14250500692472312,-0.14155332998732528,0.19761222104231516,0.19735395908355713,0.19766999781131744,0.19781270623207092,0.0010912407803373252,0.0023967275129690435,0.0007991853582011155,7.780946984181636e-05
5,last_label_token,9,0.21695701428154268,0.21661510788092092,0.21716419027633027,0.2170917446873769,0.0007386317556200191,0.0023133854404834286,-0.00021558015914280304,0.00011808998551943173,-0.1408296193882855,-0.13903176578959253,-0.1419190172676883,-0.14153807510757566,0.19764691094557443,0.1973501443862915,0.19777771830558777,0.19781287014484406,0.000915887008999731,0.0024160104019134154,0.0002546697168782641,7.698090820751347e-05
5,last_label_token,10,0.2169798602577017,0.21659788724755039,0.21724786357719358,0.21709382994836118,0.0006334076794538938,0.0023927002933397112,-0.0006009629382295323,0.00010848568325150243,-0.14094975086397135,-0.1389412141718962,-0.1423589983408653,-0.1415490400791526,0.1976139098405838,0.19735631346702576,0.19767239689826965,0.197813019156456,0.001082704084710932,0.0023848263549487436,0.0007870582288259653,7.622767035808664e-05
5,last_label_token,11,0.21695435628169724,0.2166090604637851,0.2171588416860885,0.21709516669521814,0.0007508739805195027,0.002341238655284905,-0.00019094560367172164,0.00010232888994532452,-0.14081564277194025,-0.13899996652920832,-0.1418908926634206,-0.14155606912319185,0.19764913618564606,0.19735634326934814,0.19777804613113403,0.197813019156456,0.0009046386571155048,0.0023846757073788805,0.0002530125936095473,7.622767035808664e-05
5,last_label_token,12,0.217058458515242,0.2169242554352063,0.21715642624542492,0.21709469386509486,0.000271399552491743,0.0008895125636022572,-0.00017982055869270042,0.00010450665256567238,-0.14136304573038175,-0.14065736285939967,-0.14187819150110959,-0.14155358283063602,0.19775345424811044,0.19766923785209656,0.19777816534042358,0.19781295955181122,0.0003773219466869741,0.0008030268712330146,0.00025241000333009467,7.652896549781296e-05
5,last_label_token,13,0.2170947750743364,0.21694275190850265,0.21724689868317934,0.21709467463132714,0.00010413261875963364,0.000804321442794298,-0.000596518826035064,0.00010459523951966698,-0.14155400985489427,-0.14075462325294175,-0.14235392461842933,-0.14155348169331172,0.19771890342235565,0.1976708173751831,0.1976730227470398,0.19781287014484406,0.0005519726960318364,0.00079504255002949,0.0007838946298585059,7.698090820751347e-05
5,last_label_token,14,0.2171510130083528,0.21709967541093586,0.21725857999144482,0.2170947836226776,-0.0001548882526260694,8.156263146763543e-05,-0.0006503206361259117,0.00010409324678006815,-0.14184972696305756,-0.1415797773976315,-0.142415348686725,-0.1415540548048162,0.19776598612467447,0.1978120654821396,0.19767311215400696,0.1978127807378769,0.0003139746435533904,8.104839259415186e-05,0.0007834426871489164,7.743285091710295e-05
5,last_label_token,15,0.21711003119204222,0.21710217900636816,0.2171321067489496,0.21709580782080898,3.386593895978359e-05,7.003156294926871e-05,-6.780973754705322e-05,9.937599147713527e-05,-0.1416342314186605,-0.14159294210601203,-0.14175031178263398,-0.14155944036733548,0.1978124131759008,0.19781209528446198,0.19781236350536346,0.1978127807378769,7.929083761226696e-05,8.08977450242887e-05,7.954191689540924e-05,7.743285091710295e-05
5,last_label_token,16,0.21711020055605249,0.21710284737979665,0.2171328280152393,0.21709492627312155,3.308588161432535e-05,6.695316629601322e-05,-7.113174832396041e-05,0.00010343622687092324,-0.14163512198898842,-0.14159645662803189,-0.1417541044322954,-0.14155480490663797,0.19781235853830972,0.1978120505809784,0.19781231880187988,0.19781270623207092,7.956702482373827e-05,8.112371637913895e-05,7.976788825025949e-05,7.780946984181636e-05
5,last_label_token,17,0.21711064880969477,0.21710382189069474,0.21713238884420955,0.21709573569418,3.102131343542721e-05,6.246476062443662e-05,-6.91090128730476e-05,9.97081925548926e-05,-0.14163747905051868,-0.14160158091913,-0.14175179513005687,-0.14155906110236915,0.19781237343947092,0.19781213998794556,0.1978122740983963,0.19781270623207092,7.949170103878818e-05,8.067177366954947e-05,7.999385960499872e-05,7.780946984181636e-05
5,last_label_token,18,0.21711146731336575,0.2171055096538127,0.21713238083013967,0.21709651145614495,2.7251446390930134e-05,5.469125540680242e-05,-6.907210164230904e-05,9.613518540829702e-05,-0.1416417830055421,-0.14161045571933806,-0.14175175298950515,-0.14156314030778305,0.19781233370304108,0.19781216979026794,0.1978122740983963,0.19781255722045898,7.96925644652724e-05,8.052112609957529e-05,7.999385960499872e-05,7.856270769124318e-05
5,last_label_token,19,0.21711208439674698,0.21710678389092453,0.21713194646755185,0.21709752283176453,2.4409281615289657e-05,4.8822369701273516e-05,-6.707151293006142e-05,9.147698807465687e-05,-0.14164502782803026,-0.14161715606707337,-0.1417494689715979,-0.14156845844541954,0.19781237343947092,0.1978122740983963,0.1978122591972351,0.19781258702278137,7.949170103878818e-05,7.999385960499872e-05,8.006918338998581e-05,7.841206012138002e-05
5,last_label_token,20,0.21712286118365806,0.217108154296875,0.21716203769715894,0.21709839155694016,-2.522648088672715e-05,4.251054922543851e-05,-0.0002056658025357816,8.747581065016163e-05,-0.1417016956327135,-0.14162436210143015,-0.14190769831547634,-0.14157302648123404,0.19780099391937256,0.19781231880187988,0.19777807593345642,0.19781258702278137,0.00013701396480377456,7.976788825025949e-05,0.00025286194603968415,7.841206012138002e-05
5,last_label_token,21,0.21712427860548514,0.21710840273304147,0.21716592291823955,0.21709851016517448,-3.175484725019088e-05,4.13663010689902e-05,-0.00022356036725312833,8.69295244335655e-05,-0.14170914889164096,-0.14162566845853597,-0.14192812805498622,-0.14157365016140067,0.19780084490776062,0.1978122442960739,0.1977778524160385,0.19781243801116943,0.00013776720265316436,8.01445071749729e-05,0.0002539918028138244,7.916529797069582e-05
5,last_label_token,22,0.21715874444870722,0.21710920414003004,0.21726808628114333,0.2170989429249483,-0.00019049774740398373,3.767517798369813e-05,-0.0006941047381632259,8.493631796757661e-05,-0.14189038135805884,-0.14162988251371522,-0.1424653358092638,-0.14157592575119748,0.19776550928751627,0.1978122740983963,0.19767187535762787,0.19781237840652466,0.00031638500467146,7.999385960499872e-05,0.0007896945612988482,7.946659311053317e-05
5,last_label_token,23,0.21715833412832905,0.21710944937056853,0.2172655971110368,0.21709995590338185,-0.00018860789238428488,3.654569431965626e-05,-0.0006826401098602997,8.027073838778875e-05,-0.14188822376180688,-0.14163117201460018,-0.14245224695387626,-0.14158125231694418,0.19776508708794913,0.19781233370304108,0.1976706087589264,0.19781231880187988,0.00031851917857805834,7.96925644652724e-05,0.0007960970830186431,7.976788825025949e-05
5,last_label_token,24,0.2171578816005162,0.21711034694639575,0.21726254535322428,0.2171007525019285,-0.00018652363821551146,3.2411636464169113e-05,-0.0006685843131517544,7.660176204105085e-05,-0.1418858442253156,-0.14163589175640112,-0.14243619983175293,-0.1415854410877928,0.19776508212089539,0.19781233370304108,0.19767066836357117,0.1978122442960739,0.0003185442865063874,7.96925644652724e-05,0.0007957957878789168,8.01445071749729e-05
5,last_label_token,25,0.21716103273279527,0.21711131023759603,0.21727117169804933,0.21710061626274044,-0.00020103713418680633,2.7974906515626508e-05,-0.0007083155620415393,7.722925296549388e-05,-0.14190241389028121,-0.14164095705072688,-0.14248155992170464,-0.1415847246984121,0.19776505728562674,0.19781234860420227,0.19767063856124878,0.19781218469142914,0.0003186698261479585,7.961724068039633e-05,0.00079594643544878,8.044580231469922e-05
5,last_label_token,26,0.21725599839239895,0.21711197219976858,0.21755536984996635,0.21710065312746193,-0.0006384302982938017,2.4926038847183918e-05,-0.0020172763950321304,7.705946130354135e-05,-0.14240177381030686,-0.14164443786030523,-0.1439759650256649,-0.14158491854495048,0.1976595719655355,0.19781233370304108,0.19735421240329742,0.19781216979026794,0.0008518868997299996,7.96925644652724e-05,0.002395447008625151,8.052112609957529e-05
5,last_label_token,27,0.21726236690660153,0.2171130797442268,0.21757411796505713,0.21709990301052062,-0.0006677624230781257,1.982490674334869e-05,-0.0021036265284890554,8.051435251132943e-05,-0.14243526150213306,-0.14165026168456318,-0.14407454863253344,-0.1415809741893026,0.19765905539194742,0.19781231880187988,0.19735285639762878,0.19781199097633362,0.0008544981242745534,7.976788825025949e-05,0.0024023014730545356,8.142501151886528e-05
5,last_label_token,28,0.21724858430921198,0.21711325124532235,0.21757151499515823,0.21706098668715534,-0.0006042824882576495,1.903500640310085e-05,-0.002091637760708087,0.00025975528953203764,-0.14236278818115666,-0.1416511634923716,-0.14406086138131036,-0.14137633966978802,0.1976476013660431,0.1978122740983963,0.1973535120487213,0.19777701795101166,0.0009123970069641792,7.999385960499872e-05,0.002398987226517213,0.00025820993477032594
6,pre_label_token,0,0.2171173656688017,0.2171173656688017,0.2171173656688017,0.2171173656688017,8.478048341142852e-08,8.478048341142852e-08,8.478048341142852e-08,8.478048341142852e-08,-0.1416727984516628,-0.1416727984516628,-0.1416727984516628,-0.1416727984516628,0.19782809913158417,0.19782809913158417,0.19782809913158417,0.19782809913158417,0.0,0.0,0.0,0.0
6,pre_label_token,1,0.21688931035060507,0.21697348746932854,0.21741503707501067,0.21627940650747604,0.0010504627553610257,0.0006627594902279821,-0.0013709312138168173,0.0038595599896719124,-0.14047361038798453,-0.14091624069718423,-0.14323805025130043,-0.1372665402154689,0.19735959668954214,0.1976478397846222,0.19768431782722473,0.19674663245677948,0.0023682300143338755,0.0009111918264051999,0.000726799200874928,0.005466699015721499
6,pre_label_token,2,0.21670455077783068,0.21698964543703222,0.21722731870763443,0.21589668818882535,0.001901429035931379,0.0005883390665828436,-0.0005063373068157073,0.005622285348027001,-0.1395020852506914,-0.14100120447771247,-0.14225096682228466,-0.1352540844520771,0.19740320245424905,0.19764789938926697,0.19778107106685638,0.19678063690662384,0.002147807511674501,0.0009108905312654736,0.00023772186526693773,0.005294810138491091
6,pre_label_token,3,0.21671723063920392,0.21698956850196133,0.21721864267557608,0.21594348074007436,0.001843028086476295,0.0005886934143989331,-0.00046637720829445506,0.005406768053324407,-0.1395687600317408,-0.1410007999284153,-0.1422053454609118,-0.13550013470589528,0.19739918410778046,0.19764593243598938,0.19778034090995789,0.1967712789773941,0.0021681198256796597,0.0009208332708773304,0.00024141273072897373,0.005342113475432675
6,pre_label_token,4,0.21690538657479594,0.2170343014372497,0.21742368906485934,0.21625816922227875,0.0009764188262705679,0.0003826623060254608,-0.0014107805786454097,0.003957374751431653,-0.14055814433488445,-0.14123602006042235,-0.1432835451910177,-0.13715486775321328,0.19758069515228271,0.1976546049118042,0.19768399000167847,0.19740349054336548,0.0012506008013396148,0.0008769948280429318,0.0007284563241435338,0.002146351251832379
6,pre_label_token,5,0.2169010354691193,0.21707579348267628,0.21743212146919313,0.21619519145548843,0.0009964591638748816,0.00019155809940862856,-0.0014496185757484348,0.004247437967964451,-0.14053526482463008,-0.14145419855328356,-0.14332788547961606,-0.13682371044099062,0.197619358698527,0.1977730393409729,0.19768258929252625,0.1974024474620819,0.001055160687351601,0.00027832138534900075,0.0007355367599277685,0.0021516239167780338
6,pre_label_token,6,0.21683668943346382,0.2169453580840295,0.2174407734590418,0.2161239367573201,0.001292824357888615,0.0007923179105209233,-0.0014894679405770272,0.004575623103721949,-0.14019691271553106,-0.14076832736038525,-0.14337338041933334,-0.1364490303668746,0.19758233924706778,0.19766578078269958,0.19768238067626953,0.1973988562822342,0.001242290077068035,0.0008205019893388066,0.0007365912929169216,0.0021697769489483765
6,pre_label_token,7,0.21677912330093171,0.21684985441320082,0.21743904402276046,0.2160484714668338,0.0015579626506009674,0.001232189048592569,-0.0014815024969589974,0.00492320140016933,-0.13989421151325035,-0.14026613840464908,-0.14336428648825605,-0.13605220964684595,0.19758274157842,0.1976611316204071,0.19768232107162476,0.19740477204322815,0.0012402563348747158,0.0008440030102397911,0.000736892588056759,0.002139873406327597
6,pre_label_token,8,0.21668355818890053,0.21683173940963105,0.21722143798315224,0.2159974971739184,0.001998116774775719,0.0013156231948119324,-0.00047925184561581347,0.005157978975131039,-0.13939169947995053,-0.14017088390137267,-0.1422200440853778,-0.1357841704531011,0.19761372605959573,0.19766288995742798,0.19777947664260864,0.1973988115787506,0.001083633078058514,0.0008351148036169764,0.0002457815102554495,0.0021700029203031157
6,pre_label_token,9,0.21658853536226505,0.21671103629745356,0.21721639072193819,0.21583817906740332,0.0024357732389960565,0.0018715580071766436,-0.0004560051524249431,0.005891766862236469,-0.13889203895732213,-0.1395361881945738,-0.1421935039658575,-0.13494642471153506,0.19761841495831808,0.19766730070114136,0.19777937233448029,0.19740857183933258,0.0010599311937310822,0.0008128189632750082,0.00024630877675002605,0.0021206658411682122
6,pre_label_token,10,0.21682606544815194,0.21667001067089434,0.21721203908199022,0.2165961465915712,0.0013417563462555886,0.00206051398015783,-0.0004359623540719504,0.002400717412680886,-0.14014104839070218,-0.13932046228182693,-0.14217062164623306,-0.13893206124404656,0.19770745933055878,0.19766592979431152,0.19777974486351013,0.19767670333385468,0.0006098213628648782,0.0008197487514893798,0.00024442568212657,0.0007652896549786847
6,pre_label_token,11,0.21680044874089774,0.21662120177966207,0.21720757364224988,0.21657257080078124,0.0014597418653019185,0.0022853181405430023,-0.00041539541624069365,0.002509302871603447,-0.14000634752157573,-0.13906380946517705,-0.14214714093077307,-0.1388080921687771,0.19770525892575583,0.19766241312026978,0.19777949154376984,0.19767387211322784,0.0006209441751074962,0.000837525164735009,0.0002457061864704624,0.0007796011741170172
6,pre_label_token,12,0.21660664342030755,0.21664207202045857,0.21720688763786763,0.2159709706025965,0.002352371082510111,0.0021891939131565286,-0.0004122358148797023,0.005280155149253507,-0.13898725693878697,-0.13917355189016045,-0.14214353369953936,-0.13564468522666107,0.19761474430561066,0.1976601928472519,0.19777947664260864,0.19740456342697144,0.0010784859527543562,0.0008487484086908692,0.0002457815102554495,0.00214092793931675
6,pre_label_token,13,0.2166135681109602,0.21668437188412962,0.21714619548380876,0.21601013696494223,0.002320477318304611,0.0019943690544698134,-0.0001326996813861836,0.005099762581830203,-0.1390236691849077,-0.13939597815064264,-0.14182439487268872,-0.13585063453139168,0.19762110710144043,0.1976606547832489,0.19781245291233063,0.19739021360874176,0.0010463226965854815,0.0008464133713578237,7.908997418581976e-05,0.002213464744212801
6,pre_label_token,14,0.21650498440953528,0.21624134448396057,0.21714406534403313,0.2161295434006122,0.0028205925066252524,0.004034866189483788,-0.0001228886762254522,0.0045498000066174216,-0.13845270122990253,-0.13706639787877584,-0.1418131939140217,-0.13647851189691007,0.1975210060675939,0.1973620504140854,0.19781245291233063,0.19738851487636566,0.001552322775876321,0.002355826697747254,7.908997418581976e-05,0.002222051655695889
6,pre_label_token,15,0.21667719662022522,0.2167818390020803,0.21714387941761176,0.21610587144098362,0.0020274169098265884,0.001545454664839352,-0.00012203233566965288,0.004658828400310067,-0.13935824830993596,-0.13990849154156848,-0.14181221625322005,-0.13635403713501937,0.19761838018894196,0.19766105711460114,0.19781267642974854,0.1973814070224762,0.0010601069492292743,0.0008443796291643935,7.796011741167952e-05,0.00225798110111175
6,pre_label_token,16,0.21669411592456808,0.2168135634991301,0.21714602077708525,0.21612276349748885,0.0019494899192503319,0.001399337866385908,-0.00013189501655364033,0.004581026907918728,-0.13944721544288474,-0.14007530912990251,-0.14182347620865965,-0.13644286099009206,0.19762058556079865,0.19766291975975037,0.19781258702278137,0.1973862498998642,0.0010489590290583644,0.0008349641560471133,7.841206012138002e-05,0.0022335008710065996
6,pre_label_token,17,0.21664254485058185,0.216497381194299,0.2171422573698669,0.2162879959875796,0.002187016150536144,0.0028556114217095363,-0.00011456150254507413,0.003819998532443969,-0.13917603818271643,-0.13841272108373004,-0.1418036870055368,-0.13731170645888247,0.19751171271006265,0.19734689593315125,0.19781270623207092,0.19737553596496582,0.001599299709749813,0.0024324309870300542,7.780946984181636e-05,0.0022876586723775683
6,pre_label_token,18,0.2167952882141626,0.21691724312405627,0.21714268211557083,0.21632593940286077,0.0014835102372223001,0.000921809890598313,-0.00011651779778021343,0.0036452386188488006,-0.13997921181559017,-0.1406204898765795,-0.1418059204547819,-0.13751122511540914,0.19761594633261362,0.19766266644001007,0.19781267642974854,0.19737249612808228,0.0010724098341026167,0.0008362446603910056,7.796011741167952e-05,0.002303024724505165
6,pre_label_token,19,0.21680983481954796,0.21695669318447594,0.21714122034922367,0.2163315909249442,0.0014165114317272003,0.0007401106656028666,-0.00010978518927284853,0.0036192088188515825,-0.14005570253583768,-0.14082793095684365,-0.14179823401813474,-0.1375409426325347,0.1976156085729599,0.19766496121883392,0.19781263172626495,0.19736923277378082,0.0010741171732279176,0.0008246447975104321,7.818608876652977e-05,0.002319520633406791
6,pre_label_token,20,0.21685309530306265,0.21698405161625198,0.21713906135879646,0.21643617293413947,0.001217262146835633,0.0006141031057178559,-9.984130368101418e-05,0.0031375246384700572,-0.140283180043795,-0.14097179037256002,-0.14178688135348128,-0.13809086840534368,0.19761022925376892,0.1976652890443802,0.19781260192394257,0.197352796792984,0.001101309059590827,0.0008229876742418263,7.833673633639293e-05,0.002402602768194262
6,pre_label_token,21,0.2169057637703519,0.2170797203769203,0.21713815096045744,0.21649941997367794,0.0009746815376717363,0.00017347159629077513,-9.56481878562343e-05,0.002846221204580668,-0.14056012775018897,-0.14147484742366312,-0.14178209418679733,-0.13842344164010645,0.19764821728070578,0.1977754533290863,0.1978127807378769,0.1973564177751541,0.0009092836238534149,0.00026611893218897453,7.743285091710295e-05,0.002384299088454167
6,pre_label_token,22,0.21690053111698782,0.2170223476506081,0.2171356265284434,0.21654361917191192,0.000998782110669801,0.0004377190979651946,-8.402115013761424e-05,0.0026426483841818227,-0.14053261277923715,-0.14117316321336548,-0.14176881991298207,-0.13865585521136392,0.19761066635449728,0.19766490161418915,0.19781284034252167,0.197354257106781,0.0010990995618992787,0.0008249460926501584,7.713155577737663e-05,0.002395221037270301
6,pre_label_token,23,0.2169453324390059,0.21710808697868797,0.2171344548714261,0.21659345546690356,0.0007924360264595828,4.282060356453066e-05,-7.86247281869823e-05,0.0024131122040012,-0.1407681925106196,-0.14162400812079512,-0.14176265896430973,-0.13891791044675394,0.19766041139761606,0.19781148433685303,0.19781287014484406,0.19735687971115112,0.000847643659845095,8.398602020676105e-05,7.698090820751347e-05,0.0023819640511210105
6,pre_label_token,24,0.2169534496232575,0.21710882908155937,0.21713278313644793,0.2166187366517652,0.0007550498711033823,3.940262358770319e-05,-7.092504543093625e-05,0.00229667203515338,-0.14081087527084724,-0.14162791033589128,-0.14175386844520532,-0.1390508470314451,0.19765991965929666,0.1978115290403366,0.1978127807378769,0.1973554491996765,0.0008501293447481147,8.376004885202182e-05,7.743285091710295e-05,0.0023891951344752194
6,pre_label_token,25,0.21706155835747384,0.21711033412388392,0.21713234717104615,0.21694199377749146,0.0002571222883979152,3.2470694433572866e-05,-6.891707447276296e-05,0.0008078132452329356,-0.14137934569581598,-0.14163582433151833,-0.14175157599918764,-0.14075063675674193,0.19776515165964761,0.19781167805194855,0.19781288504600525,0.19767089188098907,0.000318192775509966,8.3006811002595e-05,7.690558442252637e-05,0.0007946659311047766
6,pre_label_token,26,0.21695678294205867,0.21711150257527329,0.2171323631991859,0.21662648305171678,0.0007396972598173365,2.7089036975125325e-05,-6.89908969342401e-05,0.002260993639411124,-0.1408284029310237,-0.14164196842397003,-0.1417516602802913,-0.13909158008880973,0.1976598451534907,0.19781170785427094,0.1978130340576172,0.19735479354858398,0.0008505059636727911,8.285616343273183e-05,7.615234657321057e-05,0.002392509381012431
6,pre_label_token,27,0.2169563560592694,0.21711335382541688,0.21713220772623015,0.2166235066261612,0.0007416633980473764,1.8562542648203895e-05,-6.827481905591348e-05,0.0022747024705498387,-0.1408261582442981,-0.14165170289143458,-0.14175084275358651,-0.13907592908787314,0.19765855371952057,0.1978117674589157,0.19781313836574554,0.19735075533390045,0.0008570340250341942,8.255486829300551e-05,7.5625080078634e-05,0.002412922126730943
6,pre_label_token,28,0.21695945269587327,0.2171151057010939,0.2171318535043412,0.21663139888218472,0.0007274008984459179,1.0493747583883994e-05,-6.664334265216176e-05,0.0022383522904060316,-0.1408424413535115,-0.1416609148160568,-0.14174898014119708,-0.13911742910328062,0.19765661160151163,0.19781191647052765,0.19781316816806793,0.19734475016593933,0.0008668512250045538,8.180163044357869e-05,7.547443250877084e-05,0.002443277612061312
6,first_label_token,0,0.21703395629797329,0.21712207633908057,0.21712438919964958,0.21685540335518974,0.0003842519497007461,-2.1611641011887173e-05,-3.226422223590042e-05,0.0012066317123500259,-0.14123420520732508,-0.14169756866800776,-0.14170973043125557,-0.14029531652271188,0.19735347727934519,0.19781218469142914,0.19781281054019928,0.19643543660640717,0.002399162982015405,8.044580231469922e-05,7.728220334723979e-05,0.0070397609403842765
6,first_label_token,1,0.21704749633618095,0.21712389393013065,0.21713099119042148,0.21688760388799075,0.0003218891948006952,-2.998310816937355e-05,-6.267169421247942e-05,0.0010583223867839386,-0.1413054030742671,-0.1417071261451548,-0.14174444581782408,-0.1404646372598224,0.19765901565551758,0.1978125423192978,0.19781269133090973,0.19735181331634521,0.0008546989877010747,7.863803147611925e-05,7.788479362680345e-05,0.0024075741380003013
6,first_label_token,2,0.2170267185243238,0.217122956283954,0.21713257477063092,0.21682462451838647,0.00041758771265820727,-2.5664494159416407e-05,-6.996535342884691e-05,0.0013483929855628851,-0.14119614667031435,-0.14170219570059484,-0.14175277279085874,-0.14013347151948952,0.1976576248804728,0.1978125274181366,0.19781269133090973,0.19734765589237213,0.0008617292076286883,7.871335526110634e-05,7.788479362680345e-05,0.002428589473998155
6,first_label_token,3,0.217023380931352,0.21712249627634256,0.21713306843733587,0.21681457808037766,0.0004329600099339433,-2.3545789508583326e-05,-7.223908524944811e-05,0.0013946649045598614,-0.14117859653517698,-0.1416997768329218,-0.1417553686488493,-0.14008064412375987,0.19765831033388773,0.1978125125169754,0.19781237840652466,0.19735004007816315,0.0008582643135215026,7.878867904598241e-05,7.946659311053317e-05,0.002416537668407992
6,first_label_token,4,0.2170030941148432,0.2171198981148856,0.21713406859325762,0.2167553156363864,0.0005263970997145077,-1.157916846605822e-05,-7.684560685983222e-05,0.0016676160744694135,-0.1410719219423641,-0.14168611486603,-0.1417606277897132,-0.1397690231713491,0.1976587971051534,0.1978125274181366,0.19781240820884705,0.19735145568847656,0.0008558037365468119,7.871335526110634e-05,7.931594554055899e-05,0.0024093819088387702
6,first_label_token,5,0.2166766575404576,0.21711402380165934,0.2171350591322955,0.21578088968741793,0.0020298998052885597,1.5476763748911715e-05,-8.140783499333004e-05,0.0061556304871100975,-0.13935541365548532,-0.14165522584156465,-0.14176583636191498,-0.13464517876297633,0.19736420611540476,0.1978122442960739,0.1978124976158142,0.19646787643432617,0.002344929856859449,8.01445071749729e-05,7.88640028309695e-05,0.006875781060572406
6,first_label_token,6,0.21694113680628502,0.21711474346513507,0.21713663469843503,0.21657203225528493,0.000811760286185422,1.2162135218374281e-05,-8.866458297873692e-05,0.0025117833063166284,-0.14074613052707,-0.14165901006311565,-0.1417741211943977,-0.13880526032369667,0.19766061007976532,0.1978122442960739,0.1978122740983963,0.19735731184482574,0.0008466393427125999,8.01445071749729e-05,7.999385960499872e-05,0.002379779661357828
6,first_label_token,7,0.21689917086219254,0.21710847165404248,0.2171383352840648,0.21645070564847033,0.0010050471769199227,4.1048864483639314e-05,-9.649714616566385e-05,0.003070589812441793,-0.1405254601229126,-0.1416260308672812,-0.14178306341948854,-0.13816728608196804,0.19766268134117126,0.1978120654821396,0.19781242311000824,0.19736355543136597,0.0008361693366060926,8.104839259415186e-05,7.924062175568292e-05,0.002348218995468443
6,first_label_token,8,0.2168879020113905,0.21710638479024422,0.21713722453397863,0.21642009670994863,0.001056949288996245,5.0660548997716326e-05,-9.13812495695332e-05,0.003211568567560552,-0.14046620488834916,-0.14161505746759384,-0.14177722273900994,-0.13800633445844368,0.1976615140835444,0.19781191647052765,0.1978124976158142,0.19736012816429138,0.00084206969975964,8.180163044357869e-05,7.88640028309695e-05,0.0023655434660043717
6,first_label_token,9,0.21656888432863378,0.21710605461056492,0.21714000862185695,0.2154605897534795,0.002526282037795665,5.2181291708919275e-05,-0.00010420421116785761,0.007630869032845933,-0.13878870751495165,-0.14161332127686,-0.14179186236670338,-0.13296093890129157,0.1973834385474523,0.1978120058774948,0.19781236350536346,0.1965259462594986,0.002247711958431727,8.13496877339892e-05,7.954191689540924e-05,0.0065822442706657824
6,first_label_token,10,0.21658923151780243,0.21710198987431886,0.21714078598663586,0.21552491869245258,0.002432566883409315,7.090266799736344e-05,-0.00010778460056060091,0.007334582582791183,-0.13889569956658798,-0.14159194758898974,-0.14179595000022727,-0.13329920111054694,0.19738547007242838,0.19781191647052765,0.1978122740983963,0.1965322196483612,0.0022374428157517037,8.180163044357869e-05,7.999385960499872e-05,0.006550532957206534
6,first_label_token,11,0.2169071224223332,0.21710238576937121,0.21714114181133878,0.21647783968628956,0.0009684238536678732,6.907925319321606e-05,-0.0001094234592102783,0.0029456157670206817,-0.14056727197840316,-0.1415940293322484,-0.1417978210407269,-0.13830996556223418,0.19766112168629965,0.1978118121623993,0.1978122591972351,0.19735929369926453,0.0008440532260963751,8.232889693815526e-05,8.006918338998581e-05,0.0023697615979609843
6,first_label_token,12,0.2169179499650202,0.2171029403430073,0.21713893313367827,0.21651197641837497,0.0009185543200371423,6.652499601822459e-05,-9.925072398742074e-05,0.002788388688080623,-0.1406242066732478,-0.1415969454584325,-0.1417862071046525,-0.13848946745665836,0.19765997429688772,0.1978118121623993,0.1978122740983963,0.19735583662986755,0.0008498531575366434,8.232889693815526e-05,7.999385960499872e-05,0.0023872367160667762
6,first_label_token,13,0.21664764821028512,0.21710361673050568,0.2171384474810432,0.2157008804193064,0.002163511078729141,6.340968813423054e-05,-9.701390339778015e-05,0.006524137451450973,-0.13920287328609918,-0.14160050212100406,-0.14178365338721366,-0.13422446435007984,0.19737539192040762,0.19781173765659332,0.19781240820884705,0.19650202989578247,0.002288386802298666,8.270551586286867e-05,7.931594554055899e-05,0.0067031389454925705
6,first_label_token,14,0.21667382857378792,0.2171039244707893,0.21713712996795398,0.21578043128262048,0.0020429294697795752,6.199229686942864e-05,-9.094569704548583e-05,0.006157741809514783,-0.1393405380407018,-0.14160212031819297,-0.1417767254804987,-0.1346427683234137,0.1973695158958435,0.1978117972612381,0.1978125423192978,0.19648420810699463,0.0023180894814929243,8.240422072314235e-05,7.863803147611925e-05,0.006793226192279511
6,first_label_token,15,0.2166766580747289,0.2171050945249926,0.21713613462047415,0.21578874507871995,0.002029897344539918,5.660325716505543e-05,-8.636132217354486e-05,0.006119450098628243,-0.1393554164648553,-0.14160827283875488,-0.14177149162396585,-0.1346864849318452,0.1973667194445928,0.19781190156936646,0.19781264662742615,0.19647561013698578,0.0023322252451331016,8.187695422856578e-05,7.811076498154268e-05,0.006836688016189196
6,first_label_token,16,0.21669254196124252,0.21710588471228334,0.21713560889748967,0.2158361322739545,0.0019567392849898133,5.29638098030194e-05,-8.393994542976735e-05,0.005901193990596187,-0.13943893903851232,-0.141612427897162,-0.1417687272037682,-0.13493566201460672,0.19736723601818085,0.1978118121623993,0.1978127807378769,0.19647711515426636,0.0023296140205885476,8.232889693815526e-05,7.743285091710295e-05,0.006829080313910385
6,first_label_token,17,0.21670129279128644,0.21710640402401196,0.21713588938993567,0.2158615849599117,0.001916434681647372,5.0571962043610696e-05,-8.523183850961402e-05,0.0057839639214081195,-0.13948495371170186,-0.14161515860491836,-0.1417702021230809,-0.1350695004071063,0.19736519952615103,0.19781172275543213,0.19781279563903809,0.19647108018398285,0.002339908271196863,8.278083964774474e-05,7.735752713222688e-05,0.006859586446810617
6,first_label_token,18,0.21670261831844553,0.2171083498401802,0.21713561851437352,0.2158638866007829,0.0019103295640643763,4.16099151926419e-05,-8.398423890665363e-05,0.00577336301590714,-0.1394919237589686,-0.14162539033089394,-0.14176877777243013,-0.13508160317358175,0.19736650586128235,0.19781182706356049,0.19781288504600525,0.1964748054742813,0.00233330488605051,8.225357315316817e-05,7.690558442252637e-05,0.006840755500575835
6,first_label_token,19,0.21671882650765384,0.21710932274826433,0.21713388907809217,0.21591326769660502,0.0018356778300392025,3.712889176721301e-05,-7.601879528862376e-05,0.005545923393639018,-0.13957715162028816,-0.14163050619388184,-0.14175968384135285,-0.1353412648256298,0.1973611960808436,0.19781184196472168,0.19781289994716644,0.1964588463306427,0.002360145261417109,8.21782493682921e-05,7.68302606376503e-05,0.006921427274245384
6,first_label_token,20,0.2167578731932226,0.2171100279864143,0.21713299791352086,0.21603059367973262,0.0016558364703299633,3.388070345211602e-05,-7.191426641783849e-05,0.005005542973955612,-0.13978247162611188,-0.14163421456243985,-0.1417549978119934,-0.13595820250390234,0.19736164808273315,0.19781190156936646,0.19781288504600525,0.19646015763282776,0.0023578604399406102,8.187695422856578e-05,7.690558442252637e-05,0.006914798781170739
6,first_label_token,21,0.21676483474859673,0.21711002317797237,0.21713403333135012,0.21605044773646764,0.0016237729144625106,3.3902850190559164e-05,-7.668319744413843e-05,0.004914099090641111,-0.1398190777187708,-0.14163418927810878,-0.14176044237128527,-0.1360626015069184,0.1973621348539988,0.19781188666820526,0.19781285524368286,0.19646166265010834,0.00235539986296592,8.195227801344185e-05,7.705623199238953e-05,0.006907191078891928
6,first_label_token,22,0.21677738264495253,0.21711073803300618,0.21713333771008403,0.21608807219176734,0.0015659797699421052,3.061036839846487e-05,-7.347930260603874e-05,0.0047408082440338895,-0.13988505858540057,-0.1416379482153287,-0.1417567845713894,-0.1362604429694836,0.1973587473233541,0.19781184196472168,0.1978127807378769,0.19645161926746368,0.002372523470075364,8.21782493682921e-05,7.743285091710295e-05,0.006957959309940698
6,first_label_token,23,0.216790468018262,0.21711098807198662,0.2171330251613585,0.2161273908214409,0.0015057111122058024,2.9458737995868844e-05,-7.203976460279371e-05,0.004559714363224332,-0.13995386567837084,-0.14163926300054475,-0.14175514108986942,-0.13646719294469833,0.19735505680243173,0.19781184196472168,0.19781284034252167,0.19644048810005188,0.0023911786608119177,8.21782493682921e-05,7.713155577737663e-05,0.007014226177290084
6,first_label_token,24,0.21680167916776086,0.2171116003469259,0.21713323673280346,0.21616020042355322,0.001454074760991686,2.663871995878253e-05,-7.301422109717848e-05,0.004408599784113454,-0.1400128175009613,-0.14164248253870193,-0.14175625360043687,-0.13663971636374517,0.1973533829053243,0.19781194627285004,0.19781285524368286,0.19643534719944,0.0023996400326533607,8.165098287371553e-05,7.705623199238953e-05,0.007040212883093977
6,first_label_token,25,0.21679261151482077,0.21711223506126084,0.21713384740492878,0.2161317520782727,0.0014958385883270993,2.3715350475184138e-05,-7.582685688833912e-05,0.004539627271394453,-0.13996513687129078,-0.14164582007040405,-0.14175946471048362,-0.1364901258329847,0.19735499223073324,0.1978120505809784,0.19781292974948883,0.19643999636173248,0.002391505063879973,8.112371637913895e-05,7.667961306778714e-05,0.0070167118621929925
6,first_label_token,26,0.21679908047203256,0.21711240976798435,0.21713419521556182,0.21615063643255153,0.001466043842782816,2.291068564264087e-05,-7.742880430727794e-05,0.004452649647013085,-0.1399991527246994,-0.14164673873443312,-0.14176129361043155,-0.1365894258292335,0.19735296567281088,0.1978120654821396,0.19781287014484406,0.19643396139144897,0.00240174909863163,8.104839259415186e-05,7.698090820751347e-05,0.0070472179950932246
6,first_label_token,27,0.21659828795104466,0.21711227673442424,0.2171347642145237,0.2155478229041861,0.0023908547317970466,2.3523412074788475e-05,-8.00495016979319e-05,0.0072290902850142835,-0.13894332119948602,-0.14164603920127328,-0.14176428558960907,-0.13341963880757568,0.19658694167931876,0.19781208038330078,0.1978127658367157,0.19413597881793976,0.006273918910982797,8.09730688092758e-05,7.750817470209004e-05,0.018663275489437026
6,first_label_token,28,0.2167444571059625,0.21711204913483947,0.21713472734980221,0.2159865948332458,0.0017176283315260739,2.4571691031094467e-05,-7.987971003586836e-05,0.005208193013582996,-0.13971192553303768,-0.1416448424096024,-0.1417640917430707,-0.13572684244643995,0.19735056658585867,0.19781216979026794,0.19781272113323212,0.19642680883407593,0.002413876228006817,8.052112609957529e-05,7.773414605694029e-05,0.007083373411863936
6,last_label_token,0,0.21709242054060396,0.21711976347851153,0.21712280081099822,0.21703469733230207,0.00011497713838415358,-1.0959059787873926e-05,-2.4948416280867747e-05,0.0003808388912212024,-0.14154162896077693,-0.14168540690475995,-0.14170137817388984,-0.14123810180368102,0.19766240815321603,0.19781243801116943,0.19781245291233063,0.19736233353614807,0.0008375502726633011,7.916529797069582e-05,7.908997418581976e-05,0.0023543955458333876
6,last_label_token,1,0.21709481888458507,0.2171206979190602,0.21713068665576582,0.21703307207892922,0.00010393083736437436,-1.5262909305091554e-05,-6.126906743997296e-05,0.0003883244888381876,-0.14155424022324392,-0.14169032049309904,-0.1417428444768558,-0.1412295556997769,0.19776802261670431,0.1978125423192978,0.19781267642974854,0.1976788491010666,0.00030368039294507526,7.863803147611925e-05,7.796011741167952e-05,0.000754443029947427
6,last_label_token,2,0.21701590487269126,0.2171194990142053,0.2171312139815643,0.2167970016223042,0.00046739326682206556,-9.740989169726433e-06,-6.369782643012023e-05,0.0014756186160660434,-0.1411392850190928,-0.1416840162665507,-0.1417456173251639,-0.1399882214655639,0.19766369462013245,0.19781242311000824,0.1978127360343933,0.1973659247159958,0.000831047319230264,7.924062175568292e-05,7.76588222719532e-05,0.002336242513663156
6,last_label_token,3,0.21683998054483022,0.2171180869350914,0.21713144158114905,0.21627041311825024,0.0012776661457517546,-3.2372302933847408e-06,-6.474610538620418e-05,0.003900981772934853,-0.14021421843546808,-0.14167659110132425,-0.14174681411683476,-0.1372192500882452,0.1973696450392405,0.19781231880187988,0.1978125423192978,0.19648407399654388,0.0023174366753567766,7.976788825025949e-05,7.863803147611925e-05,0.006793904106343951
6,last_label_token,4,0.21698806292536546,0.2171149181718586,0.2171328280152393,0.2167164425889985,0.0005956278043017423,1.1357470385719992e-05,-7.113174832396041e-05,0.0018466576908434673,-0.14099288312341826,-0.14165992872714495,-0.1417541044322954,-0.1395646162108144,0.19766107698281607,0.19781209528446198,0.19781245291233063,0.19735868275165558,0.0008442791974511884,8.08977450242887e-05,7.908997418581976e-05,0.0023728498731434566
6,last_label_token,5,0.21693945438588033,0.21710838991052964,0.21713244494269876,0.2165775283044126,0.000819509183915712,4.142535903839395e-05,-6.936739148910576e-05,0.002486469584197848,-0.1407372838205633,-0.14162560103365296,-0.14175209011391954,-0.13883416031411744,0.1976625621318817,0.1978120058774948,0.19781255722045898,0.19736312329769135,0.0008367719268856192,8.13496877339892e-05,7.856270769124318e-05,0.0023504033852316253
6,last_label_token,6,0.21705450383888905,0.21710908873742368,0.21713429138440044,0.2169201313948431,0.0002896140145431936,3.820669970799884e-05,-7.787173907747302e-05,0.0009085070829990549,-0.14134225077275628,-0.14162927568976946,-0.14176179929705301,-0.14063567733144633,0.19776691993077597,0.19781197607517242,0.1978125125169754,0.19767627120018005,0.0003092543530305673,8.150033530385237e-05,7.878867904598241e-05,0.0007674740447418671
6,last_label_token,7,0.2170756278585653,0.21706937100706983,0.21713506554355141,0.21702244702507467,0.00019232093151292742,0.0002211387598139991,-8.14373639779209e-05,0.0004372613987027041,-0.14145332764854657,-0.1414204271150754,-0.14176587007435648,-0.1411736857562078,0.19778970877329508,0.1977769434452057,0.1978125125169754,0.19777967035770416,0.0001940591779307684,0.00025858655369503936,7.878867904598241e-05,0.0002448023010512834
6,last_label_token,8,0.21701413857168847,0.2171003886631557,0.2171334595239463,0.21680856752796335,0.000475528502102011,7.827753192168885e-05,-7.404035331504133e-05,0.0014223483276993854,-0.14112999724147732,-0.14158352790674122,-0.1417574251077769,-0.1400490387099138,0.19776704410711923,0.1978117674589157,0.1978125274181366,0.19767683744430542,0.0003086266548227856,8.255486829300551e-05,7.871335526110634e-05,0.000764611740914245
6,last_label_token,9,0.21683759395481825,0.21709946704511882,0.21713482191582686,0.21627849290350906,0.00128865831029971,8.252232346983579e-05,-8.031526255991572e-05,0.0038637678699892097,-0.14020166897914357,-0.1415786817432847,-0.14176458900158173,-0.13726173619256432,0.19766474763552347,0.19781188666820526,0.19781240820884705,0.19736994802951813,0.0008257244384278772,8.195227801344185e-05,7.931594554055899e-05,0.002315905091729631
6,last_label_token,10,0.21685159400063736,0.2170960530513475,0.2171354662470457,0.2163232627035189,0.001224176850748789,9.824650781298239e-05,-8.32829255204004e-05,0.003657566969953785,-0.1402752857137588,-0.14156072986822044,-0.14176797710194622,-0.13749715017110975,0.1976660986741384,0.1978117674589157,0.1978122889995575,0.19737423956394196,0.0008188950819268218,8.255486829300551e-05,7.991853582012265e-05,0.0022942118416673374
6,last_label_token,11,0.21680584808691541,0.21692402943843553,0.2171354101485565,0.21635810467375427,0.0014348735387020861,0.0008905534603123044,-8.302454690456429e-05,0.003497091702698518,-0.1400347390160049,-0.14065617449583923,-0.14176768211808355,-0.13768036043409193,0.19761748115221658,0.19766931235790253,0.1978122889995575,0.19737084209918976,0.0010646514842539423,0.0008026502523083012,7.991853582012265e-05,0.002311385664633403
6,last_label_token,12,0.2168561737744414,0.21705466358601547,0.21713423528591125,0.21637962245139755,0.0012030833126907374,0.00028887825067480666,-7.761336046163692e-05,0.0033979850478590423,-0.14029936763442427,-0.14134309077442198,-0.14176150431319057,-0.13779350781566024,0.19765137135982513,0.19777648150920868,0.19781219959259033,0.1973654329776764,0.0008933400893746946,0.0002609215910281959,8.037047852971213e-05,0.0023387281985661756
6,last_label_token,13,0.21682168068338173,0.2169451272788168,0.21713502226757403,0.21638489250375442,0.0013619517110295225,0.0007933809539695247,-8.12380433312665e-05,0.003373712222450309,-0.14011799189013022,-0.1407671137124935,-0.14176564251537682,-0.13782121944252035,0.19761428236961365,0.19766762852668762,0.1978122740983963,0.19736294448375702,0.0010808209900874388,0.0008111618400064025,7.999385960499872e-05,0.0023513072706509153
6,last_label_token,14,0.21682173357624301,0.21695098235827534,0.21713507035199334,0.2163791480184603,0.0013617080969059077,0.0007664136087085494,-8.145951071636404e-05,0.003400170192725538,-0.1401182700177721,-0.1407979015996348,-0.14176589535868755,-0.13779101309499397,0.1976140042146047,0.19766809046268463,0.19781246781349182,0.19736145436763763,0.0010822270340729763,0.0008088268026732459,7.901465040083266e-05,0.0023588396491448504
6,last_label_token,15,0.21687751898244648,0.21710020273673433,0.21713445006298418,0.21639790414762097,0.0011047714796890151,7.913387247748815e-05,-7.860258144831711e-05,0.0033137831480378743,-0.14041160758944415,-0.14158255024593958,-0.14176263367997866,-0.13788963884241423,0.19766185681025186,0.19781173765659332,0.19781258702278137,0.19736124575138092,0.0008403372527060841,8.270551586286867e-05,7.841206012138002e-05,0.0023598941821340036
6,last_label_token,16,0.21687897487180907,0.2171004655982266,0.2171342240662134,0.21640223495098723,0.001098065939417377,7.792318410548837e-05,-7.756168473838088e-05,0.003293836318885024,-0.1404192631230201,-0.1415839324560384,-0.141761445316418,-0.13791241159660395,0.19766283531983694,0.19781166315078735,0.19781263172626495,0.1973642110824585,0.0008353909908284107,8.308213478758208e-05,7.818608876652977e-05,0.0023449047489311203
6,last_label_token,17,0.21686936813910132,0.21706912417371735,0.2171351152307847,0.21640386501280198,0.0011423126622149098,0.00022227562572418869,-8.166621360916615e-05,0.0032863285745297066,-0.14036874783889886,-0.14141912918608024,-0.14176613134577742,-0.1379209829848389,0.1976514756679535,0.19777627289295197,0.19781267642974854,0.19736547768115997,0.000892812822880118,0.00026197612401734904,7.796011741167952e-05,0.0023385022272113254
6,last_label_token,18,0.2168813705444336,0.21710370809090238,0.21713488923401392,0.21640551430838448,0.0010870319421411405,6.29889001024786e-05,-8.062531689922992e-05,0.0032787322432201726,-0.14043186033863653,-0.14160098252329445,-0.14176494298221698,-0.13792965551039815,0.19766248762607574,0.19781166315078735,0.1978127360343933,0.19736306369304657,0.0008371485458103326,8.308213478758208e-05,7.76588222719532e-05,0.0023507046803714626
6,last_label_token,19,0.21688945193250642,0.21710517146006353,0.21713381534864923,0.21642936898880646,0.0010498106569492756,5.6248909348743936e-05,-7.567921196494076e-05,0.0031688622734640237,-0.1404743548710663,-0.14160867738805227,-0.14175929614827654,-0.13805509107687008,0.19766171276569366,0.19781170785427094,0.1978127807378769,0.19736064970493317,0.0008410653826271078,8.285616343273183e-05,7.743285091710295e-05,0.002362907133531489
6,last_label_token,20,0.21690069193265685,0.21710599851207574,0.2171337400163923,0.21646233726950254,0.0009980414253040193,5.243967032475538e-05,-7.5332246394888e-05,0.0030170168519821905,-0.14053345839964324,-0.14161302629299755,-0.14175890002708957,-0.13822844887884256,0.19766142964363098,0.19781170785427094,0.19781281054019928,0.19735977053642273,0.0008424965345409744,8.285616343273183e-05,7.728220334723979e-05,0.0023673512368429517
6,last_label_token,21,0.21689891174059958,0.2171063863930582,0.21713510240827288,0.2164552464204676,0.0010062406400508002,5.065316675145759e-05,-8.16071556397624e-05,0.0030496759090407055,-0.14052409757840456,-0.14161506589570427,-0.14176606392089464,-0.13819116291861477,0.19766166806221008,0.19781164824962616,0.19781264662742615,0.19736070930957794,0.0008412913539819211,8.315745857245815e-05,7.811076498154268e-05,0.0023626058383917625
6,last_label_token,22,0.2169050430383335,0.2171072631323037,0.21713511362797072,0.21647275235472607,0.0009780010876997796,4.6615078096334805e-05,-8.165883136301844e-05,0.002969047016366022,-0.14055633790989752,-0.1416196760720705,-0.14176612291766721,-0.13828321473995486,0.1976609726746877,0.19781166315078735,0.19781264662742615,0.1973586082458496,0.000844806463945765,8.308213478758208e-05,7.811076498154268e-05,0.00237322649206817
6,last_label_token,23,0.21704134366759398,0.21710766704142595,0.2171354101485565,0.21688095381279954,0.0003502271771007222,4.475475206122681e-05,-8.302454690456429e-05,0.0010889513261455042,-0.14127305036796933,-0.1416217999558811,-0.14176768211808355,-0.14042966902994336,0.19776480893294016,0.19781166315078735,0.19781270623207092,0.19767005741596222,0.00031992522256359585,8.308213478758208e-05,7.780946984181636e-05,0.0007988840630613891
6,last_label_token,24,0.21691005717472533,0.21710831778390066,0.21713522582494912,0.21648662791532627,0.0009549069609296282,4.175756011604026e-05,-8.21755885949127e-05,0.0029051389112677573,-0.14058270384847038,-0.14162522176868686,-0.14176671288539233,-0.13835617689133195,0.19765987495581308,0.19781170785427094,0.19781269133090973,0.1973552256822586,0.0008503553161029279,8.285616343273183e-05,7.788479362680345e-05,0.0023903249912492486
6,last_label_token,25,0.21690167926606677,0.2171089829517012,0.21713548868644136,0.21646056616005777,0.000993493961663039,3.869392795530224e-05,-8.338627696691248e-05,0.003025174234000727,-0.14053865011562436,-0.14162871943448585,-0.14176809509549115,-0.13821913581689604,0.19765948752562204,0.1978118121623993,0.1978127807378769,0.19735386967658997,0.0008523137345113341,8.232889693815526e-05,7.743285091710295e-05,0.002397179455678744
6,last_label_token,26,0.21690514348134274,0.21710954874503513,0.217136216363987,0.21646966533500608,0.0009775384669397091,3.6087995057054734e-05,-8.673781672841052e-05,0.002983265222490483,-0.14055686607148007,-0.1416316945574425,-0.1417719214575941,-0.1382669821994036,0.19765876233577728,0.19781188666820526,0.19781272113323212,0.19735167920589447,0.0008559794920450411,8.195227801344185e-05,7.773414605694029e-05,0.002408252052064741
6,last_label_token,27,0.21690049906070827,0.21711005843987985,0.21713646480015347,0.21645497394209148,0.0009989297555932364,3.374044077486538e-05,-8.788206488485883e-05,0.0030509308908897026,-0.14053244421703007,-0.1416343746965365,-0.14177322781469992,-0.1381897301398538,0.19765826066335043,0.19781185686588287,0.19781264662742615,0.19735027849674225,0.0008585153928046078,8.210292558330501e-05,7.811076498154268e-05,0.0024153324878489757
6,last_label_token,28,0.21662734055719457,0.2171105969853762,0.21713690877962513,0.21563451590658236,0.0022570441377099217,3.126000606157309e-05,-8.992694707399274e-05,0.006829799354142185,-0.13909608912785174,-0.14163720654161716,-0.1417755624012691,-0.13387549844066893,0.1973740061124166,0.19781184196472168,0.19781260192394257,0.1964975744485855,0.002295391914298025,8.21782493682921e-05,7.833673633639293e-05,0.006725660757189389
7,pre_label_token,0,0.2171173656688017,0.2171173656688017,0.2171173656688017,0.2171173656688017,8.478048341142852e-08,8.478048341142852e-08,8.478048341142852e-08,8.478048341142852e-08,-0.1416727984516628,-0.1416727984516628,-0.1416727984516628,-0.1416727984516628,0.19782809913158417,0.19782809913158417,0.19782809913158417,0.19782809913158417,0.0,0.0,0.0,0.0
7,pre_label_token,1,0.21690875462123327,0.2168273444937057,0.21726751407655348,0.21663140529344063,0.0009609062663174331,0.0013358653138114684,-0.0006914692762804986,0.0022383227614213297,-0.14057585460411878,-0.14014777402276857,-0.14246232697386563,-0.13911746281572213,0.19672104716300964,0.1973581463098526,0.19768311083316803,0.1951218843460083,0.005596029954461512,0.0023755615294012156,0.0007329004274549966,0.013679627906528324
7,pre_label_token,2,0.21663724968747267,0.21664148699335692,0.2172793396380769,0.2159909224309841,0.0022114046311348945,0.0021918884330086597,-0.0007459354885266389,0.005188260948922663,-0.13914819451546068,-0.1391704756298795,-0.14252450957209373,-0.1357495983444088,0.1972879966100057,0.19736367464065552,0.19768622517585754,0.19681409001350403,0.002730160800964998,0.0023476164051889903,0.0007171577564026865,0.005125708241303317
7,pre_label_token,3,0.2168563629064907,0.21670392461183693,0.2172969850171514,0.21656817909048384,0.0012022122076426056,0.001904313033435301,-0.0008272066366181718,0.002529530226110688,-0.14030036215144662,-0.1394987926689113,-0.14261729463903494,-0.13878499914639364,0.19680914282798767,0.19735285639762878,0.19768625497817993,0.1953883171081543,0.005150715737903044,0.0024023014730545356,0.0007170071088328234,0.012332838631821774
7,pre_label_token,4,0.2166945796720788,0.21689670466575303,0.21721156625186697,0.2159754680986164,0.0019473539893583396,0.001016405993027547,-0.0004337845914514915,0.005259440566498963,-0.13944965397614859,-0.14051249207044036,-0.14216813535367723,-0.13566833450432814,0.197294682264328,0.1973457932472229,0.19777989387512207,0.19675835967063904,0.0026963655294557722,0.0024380049471155463,0.00024367244427714319,0.005407419196974628
7,pre_label_token,5,0.21688022773806784,0.21699191502162388,0.21737097411596473,0.21627779407661502,0.0010922954836607806,0.0005778858060052627,-0.0011679858843425261,0.003866986529319605,-0.14042585109595063,-0.14101313868198084,-0.14300635306942322,-0.13725806153644782,0.1975832333167394,0.19765710830688477,0.1976807713508606,0.19741182029247284,0.001237770649971696,0.0008643404321732051,0.0007447262616903094,0.0021042452560515734
7,pre_label_token,6,0.21685444006398946,0.21693148252342928,0.2174124389135537,0.2162193987549854,0.0012110684422986056,0.0008562260156192991,-0.0013589645927742922,0.0041359439040508095,-0.14029025122838604,-0.14069536520900816,-0.14322438828440842,-0.13695100019174156,0.19758369525273642,0.19765596091747284,0.19768069684505463,0.19741442799568176,0.0012354356126386135,0.0008701403636135474,0.0007451028806150228,0.00209106359368727
7,pre_label_token,7,0.2170027698121485,0.2168544657090131,0.2174423249829717,0.21671151874446068,0.0005278907741896507,0.001210950326359872,-0.0014966139548702184,0.0018693359510792984,-0.14107021665470146,-0.1402903860781517,-0.14338153883016092,-0.1395387250557918,0.1976714233557383,0.1976572424173355,0.1976781189441681,0.19767890870571136,0.0007919793827753097,0.0008636625181087654,0.000758133895409463,0.0007541417348077006
7,pre_label_token,8,0.2169962116316253,0.21688221843302752,0.2174154073250394,0.21669100913680903,0.0005580964647707113,0.0010831267339168615,-0.0013726365126822682,0.0019637991730775406,-0.14103573163648297,-0.14043631880901652,-0.1432399971447933,-0.1394308789556391,0.19767234226067862,0.197660893201828,0.1976805180311203,0.19767561554908752,0.0007873344160374366,0.0008452081907988074,0.0007460067660343128,0.0007707882912791897
7,pre_label_token,9,0.21662073429225207,0.21677329279795415,0.21721567586690438,0.21587323421189766,0.00228747129567608,0.00158481680142053,-0.0004527126706328488,0.005730309756240559,-0.13906135126632244,-0.1398635528571348,-0.14218974502863735,-0.13513075591319512,0.19761860370635986,0.19766265153884888,0.19777905941009521,0.1974141001701355,0.0010589770924552082,0.0008363199841759927,0.00024789057623375577,0.002092720716955876
7,pre_label_token,10,0.21682619313899876,0.21668629205527426,0.21720552204035912,0.21658676532136292,0.001341168227310674,0.00198552512355743,-0.00040594614114253247,0.0024439256995171244,-0.14014171983016066,-0.13940607502685265,-0.14213635294951366,-0.13888273151411568,0.19770660003026327,0.1976621299982071,0.1977785974740982,0.1976790726184845,0.0006141650344630248,0.0008389563166488756,0.0002502256135668013,0.0007533131731733977
7,pre_label_token,11,0.2168572033152861,0.2166363884420956,0.2173520625138483,0.21658315898991432,0.0011983414499005713,0.002215371358077145,-0.001080882761776314,0.002460535753400883,-0.14030478129064475,-0.13914366581082782,-0.1429069097952984,-0.13886376826580804,0.19767290353775024,0.1976584494113922,0.19768139719963074,0.19767886400222778,0.0007844972201380696,0.0008575612915286968,0.000741562662722961,0.0007543677061625509
7,pre_label_token,12,0.21688894758037494,0.216666245660862,0.2173503459000788,0.216650251180184,0.001052133603744269,0.0020778548764123217,-0.0010729763761276878,0.002151522310948173,-0.14047170282567337,-0.13930066465059388,-0.14289788328910413,-0.13921656053732212,0.19767127931118011,0.19765810668468475,0.19767849147319794,0.19767723977565765,0.0007927075126963704,0.0008592937385822896,0.0007562508007860069,0.0007625779987208148
7,pre_label_token,13,0.21694048926943824,0.21672002327542345,0.21737366684344636,0.21672777768944493,0.000814742713638276,0.001830165752898516,-0.0011803880579090986,0.0017944504459254107,-0.14074272557048503,-0.13958344460935623,-0.14302051229482626,-0.13962421980727258,0.19767140845457712,0.19766105711460114,0.19767560064792633,0.19767756760120392,0.0007920547065602598,0.0008443796291643935,0.0007708636150641768,0.000760920875452209
7,pre_label_token,14,0.21697642222172073,0.21678822301015133,0.21733918871198382,0.216801854943027,0.0006492425974897742,0.0015160511783420816,-0.00102158856053447,0.001453265174661711,-0.14093167256725145,-0.13994206070512805,-0.14283921521289566,-0.1400137417837306,0.19767134884993234,0.19766144454479218,0.19767720997333527,0.19767539203166962,0.0007923560016999861,0.0008424212107560614,0.0007627286462906779,0.0007719181480532189
7,pre_label_token,15,0.21698505444353033,0.21680259704589844,0.2173355695580234,0.21681699672666918,0.0006094842803639292,0.0014498471946846614,-0.0010049194486814184,0.0013835250950885447,-0.14097706356027442,-0.14001764399882677,-0.14282018453970524,-0.1400933621422913,0.19767197966575623,0.19766110181808472,0.19767805933952332,0.19767677783966064,0.0007891672948042716,0.0008441536578096542,0.0007584351905491893,0.0007649130360539713
7,pre_label_token,16,0.21702142175840064,0.2170182091849191,0.21719886875953995,0.21684718733074285,0.00044198357550306877,0.0004567800575775438,-0.0003753024372885605,0.001244473106220223,-0.14116829457494826,-0.14115140183241892,-0.14210136786341376,-0.14025211402901205,0.19774305820465088,0.19777348637580872,0.19777855277061462,0.1976771354675293,0.00042987284064595804,0.0002760616718008313,0.00025045158492165154,0.0007631052652153913
7,pre_label_token,17,0.21704585398612572,0.21709384437368698,0.21714037406344375,0.21690334352124638,0.00032945353637684843,0.00010841924303606199,-0.00010588736329486537,0.0009858287293893486,-0.14129676707051933,-0.1415491159321458,-0.14179378397586517,-0.14054740130354704,0.1977654993534088,0.19781091809272766,0.19781231880187988,0.1976732611656189,0.0003164352205280811,8.684832403449416e-05,7.976788825025949e-05,0.0007826894492994896
7,pre_label_token,18,0.2170678739788152,0.21709691857089516,0.21718723874132173,0.2169194646242286,0.00022803377773727984,9.42600948808936e-05,-0.00032173685907510574,0.0009115780974060517,-0.1414125552600003,-0.1415652810478143,-0.14204021349464968,-0.1406321712375369,0.19775436321894327,0.1978110522031784,0.19777852296829224,0.1976735144853592,0.0003727271958057221,8.617040997005443e-05,0.0002506022324915147,0.0007814089449555972
7,pre_label_token,19,0.21709610060149545,0.2171001642691989,0.21713936108501017,0.21704877645027737,9.802750117667476e-05,7.931104638558839e-05,-0.00010122178371485546,0.00031599324085929137,-0.14156097990216096,-0.141582347971291,-0.14178845741011825,-0.1413121343250736,0.1978004276752472,0.19781123101711273,0.19781231880187988,0.19777773320674896,0.00013987626863143365,8.526652455076444e-05,7.976788825025949e-05,0.00025459439309327703
7,pre_label_token,20,0.21706613759700658,0.2171037914372292,0.2171375835643095,0.21695703778948103,0.0002360312110887275,6.260502330168727e-05,-9.303487271172806e-05,0.0007385234826762233,-0.14140342480711135,-0.14160142078503313,-0.14177911063573023,-0.14082974300057072,0.19776471455891928,0.19781138002872467,0.19781219959259033,0.1976705640554428,0.0003204022732015144,8.451328670133762e-05,8.037047852971213e-05,0.0007963230543734934
7,pre_label_token,21,0.21711497854451842,0.21710605781619288,0.21713691358806705,0.21710196422929523,1.1079405780045626e-05,5.2166527216512826e-05,-8.994909381243588e-05,7.102078393605993e-05,-0.14166024618596826,-0.14161333813308064,-0.14177558768560017,-0.14159181273922394,0.1978117972612381,0.19781140983104706,0.19781213998794556,0.19781184196472168,8.240422072310534e-05,8.436263913147446e-05,8.067177366954947e-05,8.21782493682921e-05
7,pre_label_token,22,0.21711472476563867,0.2171069553920201,0.2171346648400571,0.21710255406483883,1.2248261423652984e-05,4.8032469360914654e-05,-7.959180243521935e-05,6.830411734526365e-05,-0.14165891173516157,-0.1416180578748818,-0.14176376304676674,-0.1415949142838362,0.19781184693177542,0.19781148433685303,0.19781213998794556,0.19781191647052765,8.215314143996307e-05,8.398602020676105e-05,8.067177366954947e-05,8.180163044357869e-05
7,pre_label_token,23,0.21711481238613609,0.2171077455793108,0.21713272543514475,0.2171039661439527,1.1844698633060405e-05,4.4393021998989646e-05,-7.065928456895243e-05,6.1800358469144e-05,-0.1416593724718612,-0.1416222129332887,-0.14175356503323244,-0.14160233944906242,0.197811891635259,0.19781149923801422,0.19781216979026794,0.1978120058774948,8.192717008514983e-05,8.391069642188498e-05,8.052112609957529e-05,8.13496877339892e-05
7,pre_label_token,24,0.2171151885131494,0.21710829374169102,0.2171324000639074,0.2171048717338498,1.0112331531660542e-05,4.186829380858903e-05,-6.916068859630364e-05,5.762938938269624e-05,-0.1416613502684254,-0.1416250953470315,-0.14175185412682967,-0.14160710133141508,0.19781184196472168,0.19781149923801422,0.19781211018562317,0.19781191647052765,8.21782493682921e-05,8.391069642188498e-05,8.082242123941263e-05,8.180163044357869e-05
7,pre_label_token,25,0.2171154006188657,0.21710912079370323,0.21713163231601235,0.21710544874688156,9.13541428841184e-06,3.805905478460048e-05,-6.562459268066867e-05,5.497178076130371e-05,-0.14166246558836293,-0.14162944425197677,-0.1417478170619677,-0.14161013545114431,0.19781193137168884,0.19781164824962616,0.19781219959259033,0.19781194627285004,8.172630665862861e-05,8.315745857245815e-05,8.037047852971213e-05,8.165098287371553e-05
7,pre_label_token,26,0.2171161705038461,0.21711068353733096,0.21713121237875033,0.21710661559545694,5.589475377802226e-06,3.086136476826429e-05,-6.369044418397252e-05,4.9597505549114906e-05,-0.1416665138907053,-0.1416376616595767,-0.14174560889705368,-0.14161627111548558,0.1978120505809784,0.19781188666820526,0.19781234860420227,0.19781191647052765,8.112371637913895e-05,8.195227801344185e-05,7.961724068039633e-05,8.180163044357869e-05
7,pre_label_token,27,0.21711674911969184,0.21711327689034599,0.21713092868067638,0.21710604178805312,2.9244845102619856e-06,1.8916890464404368e-05,-6.238378661183042e-05,5.2240349678212006e-05,-0.14166955643854492,-0.1416512983421374,-0.14174411712152013,-0.1416132538519772,0.1978120356798172,0.19781182706356049,0.19781234860420227,0.19781193137168884,8.119904016405204e-05,8.225357315316817e-05,7.961724068039633e-05,8.17263066585916e-05
7,pre_label_token,28,0.21711730262478526,0.21711607059510815,0.21713153294154575,0.21710430433770186,3.7514883281334715e-07,6.049635389193675e-06,-6.516689341795612e-05,6.0242704527202484e-05,-0.1416724669459887,-0.14166598853849277,-0.14174729451912538,-0.14160411778034798,0.19781213998794556,0.19781208038330078,0.1978122740983963,0.1978120654821396,8.067177366947546e-05,8.09730688092758e-05,7.999385960499872e-05,8.104839259415186e-05
7,first_label_token,0,0.21711940872235125,0.21711646328453257,0.2171237785275243,0.21711798435499688,-9.325122635332287e-06,4.240985077341719e-06,-2.945158644496182e-05,-2.7647665383767617e-06,-0.14168354148300036,-0.1416680534255308,-0.1417065193212088,-0.1416760517022615,0.1978119115034739,0.19781218469142914,0.19781219959259033,0.19781135022640228,8.182673837190772e-05,8.044580231469922e-05,8.037047852971213e-05,8.46639342713118e-05
7,first_label_token,1,0.2171831670595484,0.21711679186139787,0.21712919764158103,0.21730351167566636,-0.0003029834930531698,2.7276246123975056e-06,-5.441096074743079e-05,-0.000857267143024476,-0.14201880328496777,-0.14166978118815443,-0.1417350147623324,-0.1426516139044165,0.19733437399069467,0.19781255722045898,0.19781209528446198,0.19637846946716309,0.0024957280743070167,7.856270769124318e-05,8.08977450242887e-05,0.007327723770205519
7,first_label_token,2,0.21716029490409447,0.21711655624774323,0.21725006584359818,0.21711426262094194,-0.00019763884019959507,3.812814799553088e-06,-0.000611106144467799,1.4376809069460705e-05,-0.14189853415014606,-0.14166854225593162,-0.14237057856449842,-0.1416564816300081,0.19760477542877197,0.1978125274181366,0.19766925275325775,0.19733254611492157,0.00112887756487845,7.871335526110634e-05,0.0008029515474480275,0.002504967791926216
7,first_label_token,3,0.21724704400497993,0.2171170354891224,0.21751595184582623,0.21710814467999115,-0.0005971881496877144,1.6055231945033555e-06,-0.0018357248149600824,4.255484270243581e-05,-0.14235468876710175,-0.14167106226092896,-0.14376869250760826,-0.141624311532768,0.1974940299987793,0.19781242311000824,0.1973399668931961,0.19732969999313354,0.001688683934543948,7.924062175568292e-05,0.002467456547026625,0.0025193546348495355
7,first_label_token,4,0.21725608120445447,0.21711509448139607,0.21755927270200073,0.21709387642996653,-0.0006388117143459882,1.0545423307029012e-05,-0.002035252164457546,0.0001082715981125526,-0.1424022092626754,-0.14166085581928423,-0.1439964874743891,-0.1415492844943529,0.19749339918295541,0.19781209528446198,0.1973353624343872,0.1973327398300171,0.0016918726414396623,8.08977450242887e-05,0.0024907315965727594,0.002503988582721939
7,first_label_token,5,0.21727312499401616,0.21711141442050452,0.2175787500974511,0.21712921046409286,-0.0007173120593747159,2.7495060514581837e-05,-0.002124961219921895,-5.4470018716834545e-05,-0.142491830978862,-0.14164150487790028,-0.14409890587147056,-0.1417350821872152,0.19718495508035025,0.19781213998794556,0.19733527302742004,0.19640745222568512,0.0032510247738171127,8.067177366954947e-05,0.002491183539282349,0.00718121900849944
7,first_label_token,6,0.21730671623507802,0.21711212927553833,0.21757996503044577,0.21722805439924994,-0.0008720267138681755,2.4202578722598567e-05,-0.002130556962519181,-0.0005097257578079439,-0.14266846450639403,-0.14164526381512021,-0.14410529437912256,-0.14225483532493932,0.19718564053376517,0.1978122889995575,0.19733111560344696,0.19641351699829102,0.003247559879709927,7.991853582012265e-05,0.0025121988752803137,0.007150562228029345
7,first_label_token,7,0.21729830520159724,0.2171083786908318,0.21769181740384141,0.2170947195101185,-0.0008332871467138606,4.147703476153897e-05,-0.002645727011530097,0.00010438853662697589,-0.14262423659260062,-0.14162554203688038,-0.1446934500605197,-0.1415537176804018,0.1976041446129481,0.19781245291233063,0.19733239710330963,0.19766758382320404,0.0011320662717742014,7.908997418581976e-05,0.0025057210297755317,0.0008113878113612527
7,first_label_token,8,0.21757210803632976,0.21710555453260405,0.2184904322904699,0.21712033728591534,-0.0020943691917911047,5.448455251411133e-05,-0.006323990223970677,-1.360190391674898e-05,-0.14406397978214316,-0.14161069170642793,-0.14889282347173327,-0.14168842416826832,0.19735673566659293,0.19781231880187988,0.19644613564014435,0.19781175255775452,0.0023826921810421084,7.976788825025949e-05,0.006985678462798184,8.263019207788158e-05
7,first_label_token,9,0.21731889655276174,0.21710396454113873,0.21773530334985558,0.2171174217672909,-0.0009281268632667835,6.180774071518069e-05,-0.0028460147323829954,-1.7359813253570167e-07,-0.14273251252638164,-0.141602331020952,-0.14492211312266745,-0.14167309343552548,0.19765562812487283,0.19781215488910675,0.19734293222427368,0.1978117972612381,0.0008718225948105193,8.059644988456238e-05,0.002452467113823853,8.240422072314235e-05
7,first_label_token,10,0.21713440625273547,0.21710056497269317,0.21718600297174534,0.21711665081376788,-7.840080005305783e-05,7.746548484299787e-05,-0.0003160451472776771,3.3772622755057213e-06,-0.1417624033116288,-0.14158445499888073,-0.14203371542156273,-0.14166903951444287,0.19780014952023825,0.197812020778656,0.197776660323143,0.1978117674589157,0.0001412823126169712,8.127436394900212e-05,0.0002600177056089059,8.255486829300551e-05
7,first_label_token,11,0.21711830491779235,0.21710088393267463,0.21713782879484803,0.2171162020258543,-4.241215772582407e-06,7.599641785505096e-05,-9.416435637588094e-05,5.444291203082763e-06,-0.14167773732433328,-0.14158613219284222,-0.1417804001366152,-0.1416666796435424,0.19781191647052765,0.19781197607517242,0.19781188666820526,0.19781188666820526,8.180163044357869e-05,8.150033530385237e-05,8.195227801344185e-05,8.195227801344185e-05
7,first_label_token,12,0.2171168837560659,0.2171015442920332,0.2171357595620035,0.21711334741416097,2.3043758320036765e-06,7.295493243275608e-05,-8.463387656965082e-05,1.859207163290577e-05,-0.14167026439981498,-0.1415896045743099,-0.1417695194461419,-0.14165166917899308,0.19781187176704407,0.1978118121623993,0.19781194627285004,0.19781185686588287,8.202760179839193e-05,8.232889693815526e-05,8.165098287371553e-05,8.210292558330501e-05
7,first_label_token,13,0.21711742443864754,0.21710229120334656,0.21713676292355322,0.2171132191890428,-1.8590187622624654e-07,6.951480571737445e-05,-8.92551626725524e-05,1.918265132649921e-05,-0.14167310748237597,-0.14159353207373715,-0.14177479544322646,-0.1416509949301643,0.1978119264046351,0.19781184196472168,0.19781209528446198,0.19781184196472168,8.175141458695763e-05,8.21782493682921e-05,8.08977450242887e-05,8.21782493682921e-05
7,first_label_token,14,0.21710733686174666,0.21707358480501576,0.21713602883475167,0.21711239694547252,4.6275494772466765e-05,0.00020173083463159713,-8.587409392624146e-05,2.2969743612044624e-05,-0.1416200637651471,-0.14144258461720915,-0.14177093536868202,-0.1416466713095501,0.19780034323533377,0.19777700304985046,0.19781213998794556,0.19781188666820526,0.0001403031034127681,0.00025828525855531304,8.067177366954947e-05,8.195227801344185e-05
7,first_label_token,15,0.217117108684294,0.21710429632363198,0.2171349950197364,0.21711203470951368,1.2684006194252362e-06,6.027961575794105e-05,-8.111254514631128e-05,2.4638131246645933e-05,-0.14167144714463534,-0.14160407563979627,-0.1417654992375006,-0.14164476655660918,0.19781193633874258,0.19781182706356049,0.19781216979026794,0.1978118121623993,8.170119873029957e-05,8.225357315316817e-05,8.052112609957529e-05,8.232889693815526e-05
7,first_label_token,16,0.21710927786947298,0.21708097858589237,0.2171352771149964,0.2171115779075302,3.733559465994111e-05,0.0001676765330469454,-8.241182047230566e-05,2.6742071405183587e-05,-0.14163027020679175,-0.14148146349029478,-0.1417669825849237,-0.14164236454515677,0.1978001743555069,0.19777655601501465,0.19781219959259033,0.1978117674589157,0.00014115677297540005,0.0002605449721034825,8.037047852971213e-05,8.255486829300551e-05
7,first_label_token,17,0.2170849386049586,0.21700869648396467,0.21713457989091633,0.21711153943999476,0.00014943746350826181,0.0005005936885997819,-7.920054338828031e-05,2.6919245313283824e-05,-0.14150228654162147,-0.14110138099743863,-0.14176331635691763,-0.1416421622705082,0.19776387015978494,0.19766765832901,0.19781219959259033,0.19781175255775452,0.000324670621014711,0.0008110111924365393,8.037047852971213e-05,8.263019207788158e-05
7,first_label_token,18,0.2170867690185205,0.21701327251786945,0.21713398684974478,0.21711304768794726,0.0001410069383814827,0.00047951737578288967,-7.64691123051886e-05,1.997255166674705e-05,-0.14151191144365138,-0.1411254432525133,-0.14176019795608474,-0.1416500931223561,0.19776369134585062,0.19766704738140106,0.1978122591972351,0.1978117674589157,0.000325574506434001,0.0008140994676190116,8.006918338998581e-05,8.255486829300551e-05
7,first_label_token,19,0.21711064560406682,0.21708506095309218,0.21713292097844997,0.21711395488065832,3.103607792772264e-05,0.00014887395205054332,-7.155991860163802e-05,1.5794200334262598e-05,-0.1416374621942981,-0.1415029298873789,-0.14175459326269624,-0.1416548634328192,0.19780014952023825,0.19777639210224152,0.19781237840652466,0.19781167805194855,0.0001412823126169712,0.0002613735337377854,7.946659311053317e-05,8.3006811002595e-05
7,first_label_token,20,0.21711212286428241,0.2170896674404625,0.21713180541992189,0.2171148957324629,2.423210770718942e-05,0.00012765737655640041,-6.642187526706422e-05,1.1460821832232071e-05,-0.14164523010267885,-0.14152715227655044,-0.14174872729788635,-0.1416598107335998,0.19780021905899048,0.19777654111385345,0.19781246781349182,0.19781164824962616,0.0001409308016205498,0.00026062029588835856,7.901465040083266e-05,8.315745857245815e-05
7,first_label_token,21,0.2171129985349853,0.2170911853052989,0.21713264850007385,0.21711516179958312,2.019894054931341e-05,0.00012066638943286634,-7.030493675275196e-05,1.0235368967825842e-05,-0.141649834660305,-0.1415351336970605,-0.14175316048393505,-0.14166120979991947,0.19780021905899048,0.19777649641036987,0.1978124976158142,0.19781166315078735,0.0001409308016205868,0.0002608462672432088,7.88640028309695e-05,8.308213478758208e-05
7,first_label_token,22,0.2171191693687973,0.21710956958161684,0.21713256194811908,0.21711537657665606,-8.222707207202381e-06,3.599202585680139e-05,-6.990629545944316e-05,9.246147981034625e-06,-0.14168228288518683,-0.14163180412287724,-0.14175270536597573,-0.14166233916670756,0.19781199594338736,0.19781175255775452,0.1978125274181366,0.19781170785427094,8.139990359057325e-05,8.263019207788158e-05,7.871335526110634e-05,8.285616343273183e-05
7,first_label_token,23,0.217119216384674,0.21711010652429918,0.21713171566233916,0.21711582696738363,-8.43925309490512e-06,3.3518973389656814e-05,-6.600846948146e-05,7.171736807087825e-06,-0.14168253010975737,-0.14163462753984746,-0.14174825532370638,-0.14166470746571824,0.19781207044919333,0.1978117972612381,0.19781261682510376,0.1978117972612381,8.102328466589685e-05,8.240422072314235e-05,7.826141255140584e-05,8.240422072314235e-05
7,first_label_token,24,0.21711918486266577,0.21711052966718913,0.21713116589714498,0.21711585902366318,-8.294068920185657e-06,3.1570060400776256e-05,-6.347635904502269e-05,7.024091883689465e-06,-0.14168236435692028,-0.14163685256098213,-0.14174536448185315,-0.14166487602792555,0.19781209031740823,0.1978118121623993,0.19781261682510376,0.19781184196472168,8.092285295261774e-05,8.232889693815526e-05,7.826141255140584e-05,8.21782493682921e-05
7,first_label_token,25,0.21712003221698836,0.21711141121487657,0.21713221093185808,0.2171164745042304,-1.219681639567464e-05,2.7509825006988287e-05,-6.828958354820891e-05,4.189309354196702e-06,-0.14168682001792998,-0.14164148802167942,-0.14175085960980716,-0.14166811242230337,0.197812149922053,0.19781194627285004,0.19781258702278137,0.19781191647052765,8.062155781289142e-05,8.165098287371553e-05,7.841206012138002e-05,8.180163044357869e-05
7,first_label_token,26,0.2171199723785999,0.2171119994476062,0.21713199775759914,0.21711591993059431,-1.1921212538679171e-05,2.48005406622287e-05,-6.730774480745438e-05,6.743566529188172e-06,-0.14168650536847668,-0.14164458113818124,-0.1417497386711295,-0.1416651962961193,0.1978121300538381,0.19781193137168884,0.19781260192394257,0.19781185686588287,8.072198952609651e-05,8.17263066585916e-05,7.833673633639293e-05,8.210292558330501e-05
7,first_label_token,27,0.21712022508893694,0.21711303165980747,0.21713171726515312,0.21711592634185023,-1.308514668485472e-05,2.0046374128557254e-05,-6.601585172760771e-05,6.714037544486295e-06,-0.1416878342005432,-0.14165000884125245,-0.1417482637518166,-0.14166523000856057,0.19781216979026794,0.19781197607517242,0.19781255722045898,0.19781197607517242,8.05211260996493e-05,8.150033530385237e-05,7.856270769124318e-05,8.150033530385237e-05
7,first_label_token,28,0.21712052908932125,0.21711417927461513,0.21713114506056327,0.2171162629327854,-1.448531270853426e-05,1.4760685870363055e-05,-6.338038984465832e-05,5.163765848692492e-06,-0.14168943273214127,-0.14165604336826942,-0.14174525491641843,-0.14166699991173592,0.19781222442785898,0.1978120654821396,0.19781261682510376,0.19781199097633362,8.024493888814099e-05,8.104839259415186e-05,7.826141255140584e-05,8.142501151886528e-05
7,last_label_token,0,0.21719303398239176,0.21711658509839482,0.21734339609867384,0.21711912075010667,-0.0003484286004790116,3.679934368450155e-06,-0.00104096695673217,-7.998779073314921e-06,-0.14207068673233722,-0.14166869396191806,-0.14286133900258768,-0.1416820272325059,0.19765824576218924,0.19781231880187988,0.19735078513622284,0.19781163334846497,0.0008585907165895948,7.976788825025949e-05,0.00241277147916108,8.323278235744525e-05
7,last_label_token,1,0.21712130271420094,0.21711602251068884,0.21712863024543314,0.21711925538648078,-1.8048476860192213e-05,6.271102774291215e-06,-5.179764560314659e-05,-8.61888775172126e-06,-0.1416935007000745,-0.14166573569518204,-0.14173203121126532,-0.14168273519377617,0.1978122889995575,0.19781270623207092,0.19781242311000824,0.19781173765659332,7.991853582012265e-05,7.780946984181636e-05,7.924062175568292e-05,8.270551586286867e-05
7,last_label_token,2,0.21716177910983728,0.217115802925174,0.21725373949323382,0.21711579491110408,-0.00020447480015358307,7.282470499525573e-06,-0.000628026252690761,7.319381730486185e-06,-0.14190633858033844,-0.1416645810440631,-0.14238989579344108,-0.14166453890351116,0.19776558379332224,0.19781260192394257,0.19767233729362488,0.1978118121623993,0.0003160083857467466,7.833673633639293e-05,0.0007873595239656916,8.232889693815526e-05
7,last_label_token,3,0.21715801997678955,0.2171165514393013,0.2172414282790753,0.21711608021199202,-0.00018716097213496616,3.834961537996229e-06,-0.00057132321985498,6.005341912085349e-06,-0.1418865718521766,-0.14166851697160054,-0.14232515947777413,-0.14166603910715514,0.19776524603366852,0.19781260192394257,0.19767150282859802,0.19781163334846497,0.00031771572487204747,7.833673633639293e-05,0.0007915776559223042,8.323278235744525e-05
7,last_label_token,4,0.2172669627085453,0.21711380421614446,0.21757126816180575,0.2171158157476858,-0.0006889297835977285,1.6488131474368117e-05,-0.0020905008947977866,7.223412530232842e-06,-0.1424594277039021,-0.14165407119044526,-0.1440595634523152,-0.1416646484689459,0.19765601555506387,0.1978122740983963,0.19734418392181396,0.19781158864498138,0.0008698641764020391,7.999385960499872e-05,0.002446139915888934,8.345875371218447e-05
7,last_label_token,5,0.21753051127372336,0.21710942212273093,0.21847587393111542,0.21700623776732372,-0.001902782678424586,3.667119250450046e-05,-0.006256937282003605,0.0005119180542253465,-0.14384525065273843,-0.14163102873672417,-0.1488162709453431,-0.14108845227614797,0.19687715669473013,0.19781208038330078,0.19643241167068481,0.19638697803020477,0.004806912875513862,8.09730688092758e-05,0.007055051668726886,0.007284713889005423
7,last_label_token,6,0.21725938620687532,0.21710892845602597,0.21763698193205505,0.21703224823254497,-0.0006540339059495729,3.894492432499064e-05,-0.00239316560554359,0.0003921189633698807,-0.14241958802623547,-0.1416284328787336,-0.14440510754892033,-0.1412252236510525,0.1974945863087972,0.19781218469142914,0.1973385512828827,0.19733302295207977,0.00168587184657291,8.044580231469922e-05,0.002474612306595847,0.0025025574308081833
7,last_label_token,7,0.21756990950982444,0.21710021876487412,0.218522767459645,0.2170867423049542,-0.0020842432107938125,7.906005001578897e-05,-0.006472919658214948,0.00014112997581772202,-0.14405241922410092,-0.14158263452704323,-0.14906285217011406,-0.14151177097514545,0.197345236937205,0.19781216979026794,0.1964472085237503,0.19777633249759674,0.0024408170350865843,8.052112609957529e-05,0.006980255150282666,0.0002616748288775117
7,last_label_token,8,0.21757175648579744,0.21709745070513556,0.21850502110328995,0.21711279764896682,-0.0020927500191310067,9.18091891524142e-05,-0.006391183428614777,2.1124182069343078e-05,-0.14406213121660447,-0.14156807918045322,-0.14896953613222008,-0.14164877833714007,0.19735721747080484,0.19781199097633362,0.1964477151632309,0.19781194627285004,0.0023802567119957465,8.142501151886528e-05,0.006977694141594659,8.165098287371553e-05
7,last_label_token,9,0.21754196444813276,0.21709751000925273,0.21841978345598492,0.21710859987916065,-0.001955533748810486,9.15360460439496e-05,-0.005998595577265453,4.045828479004587e-05,-0.14390547511999316,-0.14156839102053675,-0.14852132922333272,-0.14162670511610997,0.19736959536870322,0.19781199097633362,0.1964849829673767,0.1978118121623993,0.002317687754639882,8.142501151886528e-05,0.006789309355462625,8.232889693815526e-05
7,last_label_token,10,0.21727573116954302,0.21709483010428293,0.21762421231309906,0.21710815109124704,-0.0007293155916479795,0.00010387916164111832,-0.002334351250302902,4.252531371784496e-05,-0.1425055350863056,-0.1415542992200165,-0.14433796079369077,-0.1416243452452095,0.19765791793664297,0.19781173765659332,0.19735002517700195,0.19781199097633362,0.0008602478398582006,8.270551586286867e-05,0.002416612992192868,8.142501151886528e-05
7,last_label_token,11,0.21725963784866975,0.21709517791491598,0.21757500111555853,0.21710873451553472,-0.0006551929185983537,0.00010227721422206848,-0.00210769414612888,3.9838176111750556e-05,-0.1424209112395618,-0.14155612811996443,-0.14407919252134094,-0.14162741307738003,0.1976598252852758,0.1978118121623993,0.1973554790019989,0.19781218469142914,0.0008506063953860332,8.232889693815526e-05,0.002389044486905245,8.044580231469922e-05
7,last_label_token,12,0.21724486578078497,0.21709638323102678,0.21753122986865644,0.2171069842426717,-0.0005871556771419595,9.672576510189046e-05,-0.0019060923854576917,4.789958892992274e-05,-0.142343234965124,-0.14156246605895428,-0.14384902925554943,-0.14161820958086824,0.19765876730283102,0.19781164824962616,0.19735263288021088,0.197812020778656,0.000855954384116675,8.315745857245815e-05,0.0024034313298285648,8.127436394900212e-05
7,last_label_token,13,0.21726002252402424,0.2170984364357315,0.21757507805062942,0.21710655308571183,-0.000656964657679282,8.726910775747054e-05,-0.0021080484939450805,4.988541314976391e-05,-0.14242293398604797,-0.14157326246832413,-0.1440795970706381,-0.14161594241918163,0.19765934844811758,0.19781175255775452,0.19735440611839294,0.19781188666820526,0.0008530167565040658,8.263019207788158e-05,0.002394467799420874,8.195227801344185e-05
7,last_label_token,14,0.21725983926895953,0.21709864800717651,0.21757516620539818,0.21710570359430392,-0.0006561206208671363,8.629465126286373e-05,-0.002108454517484537,5.3798003620264545e-05,-0.14242197037209703,-0.14157437497889158,-0.14408006061670808,-0.14161147552069142,0.19765959680080414,0.1978117674589157,0.19735509157180786,0.19781193137168884,0.0008517613600884285,8.255486829300551e-05,0.0023910029053136883,8.17263066585916e-05
7,last_label_token,15,0.2172499744832015,0.2171001290072914,0.21754291117692193,0.21710688326539113,-0.0006106853564361581,7.94734558013932e-05,-0.0019598941955485394,4.8364670438671986e-05,-0.14237009816220794,-0.14158216255286304,-0.1439104533238451,-0.1416176786099157,0.197660431265831,0.19781184196472168,0.19735753536224365,0.19781191647052765,0.0008475432281318529,8.21782493682921e-05,0.002378649804583688,8.180163044357869e-05
7,last_label_token,16,0.21724884930778954,0.21710088232986066,0.2175406832654937,0.2171049823280142,-0.0006055030196244019,7.600380010119867e-05,-0.0019496328733714652,5.7120014397060714e-05,-0.1423641816287359,-0.14158612376473179,-0.1438987382504462,-0.14160768287102976,0.19766094783941904,0.19781166315078735,0.1973593384027481,0.19781184196472168,0.0008449320035873361,8.308213478758208e-05,0.002369535626606134,8.21782493682921e-05
7,last_label_token,17,0.21724702797684015,0.21710095926493156,0.21753539077374115,0.21710473389184776,-0.0005971143272260152,7.56494522849982e-05,-0.001925256696516442,5.8264262553398005e-05,-0.14235460448599815,-0.14158652831402896,-0.14387090863004115,-0.14160637651392438,0.19766094287236533,0.19781166315078735,0.19735939800739288,0.1978117674589157,0.0008449571115156651,8.308213478758208e-05,0.0023692343314664077,8.255486829300551e-05
7,last_label_token,18,0.21724527984106243,0.21710101055497882,0.2175288336617606,0.21710599530644778,-0.0005890627574026327,7.541322040760523e-05,-0.001895055927432665,5.245443481716183e-05,-0.14234541222696664,-0.14158679801356056,-0.14383642923056272,-0.14161300943677668,0.197661022345225,0.19781163334846497,0.19735963642597198,0.1978117972612381,0.0008445553846626597,8.323278235744525e-05,0.0023680291509073914,8.240422072314235e-05
7,last_label_token,19,0.21724098429960362,0.2171018472238749,0.21751373996253776,0.21710736571239825,-0.0005692783376656241,7.155968790650835e-05,-0.0018255373152447074,4.6142614341326826e-05,-0.14232282489120482,-0.14159119748716797,-0.14375706171531277,-0.14162021547113368,0.1976615438858668,0.19781170785427094,0.19736118614673615,0.19781173765659332,0.0008419190521897768,8.285616343273183e-05,0.00236019547727373,8.270551586286867e-05
7,last_label_token,20,0.21715605011841163,0.21710311344691685,0.21725668386250985,0.21710835304580817,-0.00017808819159130054,6.572771343182904e-05,-0.0006415874389060772,4.159515070034647e-05,-0.1418762137045455,-0.14159785569435135,-0.14240537823217037,-0.1416254071871148,0.19776536524295807,0.1978117674589157,0.19767262041568756,0.19781170785427094,0.0003171131345925578,8.255486829300551e-05,0.0007859283720519361,8.285616343273183e-05
7,last_label_token,21,0.21715935405228984,0.21710416809851382,0.21726532623547465,0.2171085678228811,-0.00019330546169752752,6.087019545153449e-05,-0.0006813925102575613,4.060592971344423e-05,-0.14189358684936523,-0.1416034013909675,-0.1424508226032255,-0.14162653655390267,0.197765385111173,0.19781182706356049,0.19767256081104279,0.1978117674589157,0.0003170127028792787,8.225357315316817e-05,0.0007862296671916624,8.255486829300551e-05
7,last_label_token,22,0.21715892877231457,0.21710494225766477,0.2172625806151318,0.2171092634441472,-0.0001913467057135613,5.7304570551308665e-05,-0.0006687467225674482,3.740203487545557e-05,-0.14189135059075011,-0.14160747216827096,-0.14243638525018087,-0.14163019435379853,0.1977651665608088,0.19781184196472168,0.19767186045646667,0.1978117972612381,0.0003181174517250529,8.21782493682921e-05,0.0007897698850837243,8.240422072314235e-05
7,last_label_token,23,0.21715742052436213,0.2171058318194221,0.2172563072012252,0.21711012255243894,-0.00018440001206713555,5.320742392656008e-05,-0.0006398526110560354,3.3445150928068657e-05,-0.14188341973890237,-0.1416121497695202,-0.142403397626236,-0.1416347118209509,0.1977653205394745,0.19781185686588287,0.19767236709594727,0.19781173765659332,0.00031733910594733405,8.210292558330501e-05,0.0007872088763958285,8.270551586286867e-05
7,last_label_token,24,0.21715525886257822,0.21710629022421957,0.21724956897126527,0.21710991739224986,-0.0001744438227318327,5.109610152176369e-05,-0.0006088176481551244,3.439007843786257e-05,-0.14187205302739833,-0.1416145602090828,-0.14236796585028721,-0.14163363302282495,0.19776508708794913,0.1978118121623993,0.19767171144485474,0.19781173765659332,0.00031851917857805834,8.232889693815526e-05,0.0007905231229331511,8.270551586286867e-05
7,last_label_token,25,0.2171587652852889,0.21710653064631613,0.21725963624585576,0.21711012896369486,-0.00019059371660416305,4.998876459627599e-05,-0.000655185536352132,3.341562194336678e-05,-0.1418904909234934,-0.14161582442563647,-0.14242090281145137,-0.1416347455333924,0.19776530067125955,0.19781191647052765,0.1976722776889801,0.19781170785427094,0.00031743953766061317,8.180163044357869e-05,0.000787660819105529,8.285616343273183e-05
7,last_label_token,26,0.21724176754136715,0.21710711887904577,0.2175087263604172,0.21710945738463844,-0.0005728857952943534,4.7279480251627426e-05,-0.0018024456492233831,3.650878308869565e-05,-0.1423269434278002,-0.1416189175421383,-0.1437306985861102,-0.14163121415515212,0.19766128559907278,0.19781188666820526,0.1973603069782257,0.19781166315078735,0.0008432246644620353,8.195227801344185e-05,0.0023646395805850817,8.308213478758208e-05
7,last_label_token,27,0.2172444939279423,0.21710854217785747,0.21751590055577896,0.21710903905019038,-0.0005854429960303609,4.072404565225174e-05,-0.0018354885830826895,3.843554933935511e-05,-0.1423412796435207,-0.1416264017041371,-0.14376842280807667,-0.1416290144183483,0.1976607789595922,0.19781190156936646,0.19735877215862274,0.19781166315078735,0.000845785673150005,8.187695422856578e-05,0.002372397930433867,8.308213478758208e-05
7,last_label_token,28,0.21724779732754917,0.2171092490188214,0.21752534433573234,0.21710879862809382,-0.000600657805387835,3.7468475091007036e-05,-0.0018789847775193547,3.9542886264842814e-05,-0.1423586499789704,-0.1416301185008053,-0.1438180812343115,-0.1416277502017944,0.197660893201828,0.19781188666820526,0.19735923409461975,0.197811558842659,0.0008452081907987704,8.195227801344185e-05,0.0023700628931007106,8.360940128215866e-05
8,pre_label_token,0,0.2171173656688017,0.2171173656688017,0.2171173656688017,0.2171173656688017,8.478048341142852e-08,8.478048341142852e-08,8.478048341142852e-08,8.478048341142852e-08,-0.1416727984516628,-0.1416727984516628,-0.1416727984516628,-0.1416727984516628,0.19782809913158417,0.19782809913158417,0.19782809913158417,0.19782809913158417,0.0,0.0,0.0,0.0
8,pre_label_token,1,0.21681709877249242,0.21704493931361607,0.21714049427449203,0.2162658627293691,0.0013830550920823637,0.00033366633819154057,-0.0001064410317574982,0.003921939969813049,-0.1400938987319842,-0.14129195742887446,-0.141794416084142,-0.1371953226829361,0.1974006543556849,0.1976580172777176,0.19781263172626495,0.1967313140630722,0.0021606878788990405,0.0008597456812919901,7.818608876652977e-05,0.005544131866638602
8,pre_label_token,2,0.21675042171104283,0.2170382379483776,0.21722089302640002,0.21599213415835083,0.0016901565327767099,0.00036453150943049906,-0.00047674188191804134,0.005182679970817672,-0.1397432893410533,-0.14125671949946383,-0.14221717852785587,-0.13575596999584016,0.1969557652870814,0.1976492702960968,0.19778113067150116,0.19543689489364624,0.0044095548020331625,0.0009039607430511021,0.0002374205701272114,0.012087283092921175
8,pre_label_token,3,0.21673956424916155,0.21703960995714203,0.21715408132857636,0.21602500146176634,0.0017401638683359755,0.00035821230670862736,-0.0001690203325452888,0.005031299630844588,-0.13968619732148194,-0.14126393396193104,-0.1418658611756547,-0.1359287968268601,0.1969672292470932,0.197645902633667,0.19781270623207092,0.1954430788755417,0.004351605703486842,0.0009209839184471935,7.780946984181636e-05,0.012056023722171516
8,pre_label_token,4,0.21686119806198847,0.21703448896648503,0.21724097628553374,0.21630812893394663,0.001179942431694873,0.00038179858322340277,-0.0005692414264346635,0.0037272701382958795,-0.1403257869510294,-0.14123700614933443,-0.14232278275065302,-0.13741757195310078,0.1976184050242106,0.19765177369117737,0.19777974486351013,0.19742369651794434,0.0010599814095877402,0.0008913063471813754,0.00024442568212657,0.0020442121994552753
8,pre_label_token,5,0.21695785095043876,0.21700066798875312,0.21746264385576008,0.21641024100680312,0.0007347782231190333,0.000537571359668032,-0.0015901986895741071,0.003256961999263175,-0.14083401886189284,-0.1410591645926509,-0.14348838198518088,-0.13795451000784675,0.19758747021357217,0.19766360521316528,0.19767723977565765,0.19742156565189362,0.0012163535871207627,0.0008314992619399275,0.0007625779987208148,0.002054983500701546
8,pre_label_token,6,0.21691092269427303,0.21693103052988774,0.21750205064020237,0.21629968691272897,0.0009509205479975394,0.0008583078090393936,-0.001771698593922899,0.003766152428876124,-0.14058725502806424,-0.14069298848188705,-0.14369559550646516,-0.1373731810958405,0.19758429626623789,0.1976621448993683,0.19767756760120392,0.19741317629814148,0.0012323975533127252,0.0008388809928638885,0.000760920875452209,0.002097390791622078
8,pre_label_token,7,0.2171901606712021,0.21683467095639525,0.2180180541607512,0.21671775689645975,-0.0003351946938439469,0.0013021210665660199,-0.004148309397081551,0.0018406042489836905,-0.1420555779398339,-0.14018629891521917,-0.14640890764297376,-0.13957152726130873,0.19758500655492148,0.197659432888031,0.19741661846637726,0.19767896831035614,0.0012288071195640053,0.0008525899217227684,0.002079990997301273,0.0007538404396679743
8,pre_label_token,8,0.21699066589526436,0.21682398659842356,0.2174473273653944,0.21670068372197512,0.0005836390365208111,0.001351331119538779,-0.0015196539451685087,0.001919239935192163,-0.14100657037464112,-0.14013011713156676,-0.14340784296259113,-0.13948175102976546,0.19767212371031442,0.19766075909137726,0.1976773589849472,0.19767825305461884,0.0007884391648832109,0.0008458861048632471,0.0007619754084413621,0.0007574559813450232
8,pre_label_token,9,0.21690466637704886,0.21671439579554966,0.21742699727290818,0.21657260606268874,0.0009797359155498582,0.0018560848192032964,-0.001426017534741364,0.0025091404621876423,-0.14055435730396323,-0.13955385351388605,-0.14330094081079858,-0.13880827758720504,0.19767585893472037,0.19766364991664886,0.19768187403678894,0.19768205285072327,0.0007695580027918444,0.0008312732905850773,0.0007391523016048174,0.0007382484161856384
8,pre_label_token,10,0.21699968653232773,0.216662527132435,0.21739817547197102,0.2169383569925773,0.0005420917550731005,0.0020949816875280858,-0.0012932699841026185,0.0008245635617938341,-0.14105400377974106,-0.13928111143456112,-0.1431493865303246,-0.14073151337433742,0.19770899911721548,0.19766686856746674,0.19768045842647552,0.19777967035770416,0.0006020379050878747,0.0008150033530383016,0.0007463080611740391,0.0002448023010512834
8,pre_label_token,11,0.2170104793473786,0.21660400198287322,0.2173647487864775,0.2170626872727851,0.0004923821701093475,0.0023645370241991426,-0.001139313240216211,0.0002519227263451107,-0.14111075586552788,-0.13897336741291544,-0.1429736182887893,-0.14138528189487887,0.19771788020928702,0.1976625919342041,0.19767853617668152,0.1978125125169754,0.000557144929264286,0.0008366212793157191,0.0007560248294311567,7.878867904598241e-05
8,pre_label_token,12,0.21698490965600106,0.21663146139192982,0.2173524632173426,0.21697080435873078,0.0006101511432680118,0.0022380643828054936,-0.0010827283233190155,0.0006751173703175573,-0.14097630222097202,-0.13911775779958457,-0.14290901682288815,-0.14090213204044333,0.1977062871058782,0.19766183197498322,0.1976773589849472,0.19777967035770416,0.0006157468339467546,0.0008404627923476182,0.0007619754084413621,0.0002448023010512834
8,pre_label_token,13,0.2169997810983524,0.21667352724476022,0.21733999492741432,0.21698582112288275,0.0005416562025489421,0.0020443173320595642,-0.0010253018303583161,0.000605953105945578,-0.14105450103825223,-0.13933895355595438,-0.1428434545524062,-0.1409810950063961,0.19770642618338266,0.19766443967819214,0.19767522811889648,0.1977796107530594,0.0006150438119539858,0.0008272811299833149,0.0007727467096876328,0.00024510359619100974
8,pre_label_token,14,0.217060471115326,0.21675237767836628,0.2173490460179433,0.21707998964966846,0.00026212991205028696,0.0016811477316999168,-0.0010669893744832404,0.0001722313789341845,-0.1413736286276225,-0.1397535744450613,-0.14289104809160302,-0.14147626334620322,0.1977187842130661,0.19766773283481598,0.1976756602525711,0.19781295955181122,0.0005525752863113261,0.0008106345735118259,0.0007705623199243394,7.652896549781296e-05
8,pre_label_token,15,0.21718678461069485,0.2167783961576574,0.21770066012855338,0.21708129754587382,-0.0003196452226601106,0.0015613117296136014,-0.0026864548636529317,0.0001662074660589985,-0.14203782553004793,-0.13989038796051756,-0.14473994794536993,-0.14148314068425627,0.19762428104877472,0.19766750931739807,0.19739235937595367,0.1978129744529724,0.001030278730393519,0.0008117644302859661,0.002202618119181654,7.645364171293689e-05
8,pre_label_token,16,0.21720198249282627,0.2167852369677119,0.2177391885709362,0.21708152193983063,-0.00038964368084918693,0.0015298043029576824,-0.002863909297100342,0.00016517395159509896,-0.1421177408724712,-0.13992635913552953,-0.14494254286217756,-0.1414843206197065,0.19762380421161652,0.19766750931739807,0.1973908692598343,0.1978130340576172,0.0010326890915115887,0.0008117644302859661,0.0022101504976755892,7.615234657321057e-05
8,pre_label_token,17,0.2172171889232988,0.21684982876817718,0.2177139105917025,0.21708782741001675,-0.0004596815110177917,0.0012323071645312655,-0.0027474838927448175,0.00013613219516017683,-0.14219770116481634,-0.1402660035548835,-0.14480962313370704,-0.14151747680585847,0.19761765003204346,0.1976676881313324,0.19737215340137482,0.19781310856342316,0.0010637978146913103,0.0008108605448666761,0.002304757171558758,7.577572764849716e-05
8,pre_label_token,18,0.2173024094739214,0.21709322889311974,0.21772500366723838,0.2170889958614061,-0.0008521906184079479,0.00011125402556555475,-0.0027985764184912387,0.0001307505377018403,-0.14264581817385977,-0.14154587953776798,-0.14486795408550113,-0.14152362089831017,0.19766639669736227,0.19781143963336945,0.19737479090690613,0.19781295955181122,0.0008173886062280052,8.42119915616113e-05,0.0022914248616245914,7.652896549781296e-05
8,pre_label_token,19,0.21717866742644323,0.217098192808007,0.21734842412612018,0.21708938534520253,-0.00028225906730379907,8.83912091753647e-05,-0.0010641250629692678,0.00012895665188250582,-0.1419951427698202,-0.1415719813955496,-0.1428877779847837,-0.14152566892912732,0.1977661450703939,0.19781170785427094,0.1976737380027771,0.1978129893541336,0.0003131711898473795,8.285616343273183e-05,0.000780279088181457,7.63783179279498e-05
8,pre_label_token,20,0.21717451132980048,0.21710226235269497,0.2173278391862116,0.21709343245049484,-0.00026311690298352897,6.964768614836636e-05,-0.0009693148754008618,0.00011031648030190855,-0.1419732886796595,-0.1415933803677507,-0.14277953576344427,-0.1415469499077835,0.19776544471581778,0.1978118121623993,0.19767189025878906,0.19781263172626495,0.0003167114077395154,8.232889693815526e-05,0.0007896192375138611,7.818608876652977e-05
8,pre_label_token,21,0.21716872196571502,0.21710371129653033,0.2173071356380687,0.21709531896254597,-0.0002364522298155721,6.297413561018317e-05,-0.0008739584016159707,0.00010162757655907129,-0.1419428463450431,-0.1416009993795153,-0.142670669861938,-0.141556869793676,0.197765385111173,0.19781173765659332,0.1976718306541443,0.19781258702278137,0.0003170127028793157,8.270551586286867e-05,0.0007899205326536984,7.841206012138002e-05
8,pre_label_token,22,0.21726178882502709,0.21710524679232043,0.21758358418440618,0.21709653549835461,-0.0006650998929592274,5.590194377891322e-05,-0.0021472260743722327,9.602445171563723e-05,-0.14243222176366346,-0.14160907350923901,-0.14412432505231298,-0.14156326672943842,0.19766160349051157,0.19781164824962616,0.19736091792583466,0.1978122442960739,0.0008416177570500135,8.315745857245815e-05,0.0023615513054026094,8.01445071749729e-05
8,pre_label_token,23,0.2172607421875,0.2171066524601784,0.2175775976742015,0.21709797642812007,-0.0006602792862098564,4.9427713887273406e-05,-0.0021196533849252575,8.938781240841465e-05,-0.1424267182075992,-0.14161646496202396,-0.14409284606012251,-0.1415708436006511,0.19766191641489664,0.197811558842659,0.1973620504140854,0.19781213998794556,0.0008400359575663208,8.360940128215866e-05,0.002355826697747254,8.067177366954947e-05
8,pre_label_token,24,0.21725400182045473,0.21710788342131285,0.2175548825945173,0.21709923944553408,-0.0006292344803140448,4.375814882828788e-05,-0.002015032192196342,8.357060242591974e-05,-0.14239127519416975,-0.1416229377507794,-0.14397340288011584,-0.14157748495161404,0.19766088823477426,0.1978115290403366,0.19735904037952423,0.19781209528446198,0.0008452332987270624,8.376004885202182e-05,0.0023710421023048767,8.08977450242887e-05
8,pre_label_token,25,0.21742803963626467,0.21710827450792328,0.21807581316523192,0.21710003123563879,-0.0014308184555009336,4.195688076269466e-05,-0.0044143360200832316,7.9923772817736e-05,-0.14330642189190193,-0.14162499420970698,-0.1467126230278677,-0.14158164843813115,0.19737858573595682,0.1978115290403366,0.1965121179819107,0.19781211018562317,0.0022722424043934986,8.376004885202182e-05,0.006652144743089061,8.082242123941263e-05
8,pre_label_token,26,0.2174298331851051,0.2171105200503053,0.21807747368051225,0.21710150582449778,-0.0014390791889657601,3.161435387766254e-05,-0.0044219840271157995,7.313210634085632e-05,-0.14331585294739368,-0.14163680199231998,-0.14672135455019952,-0.14158940229966155,0.19737798472245535,0.19781158864498138,0.19651012122631073,0.1978122442960739,0.0022752804637193127,8.345875371218447e-05,0.006662238130270781,8.01445071749729e-05
8,pre_label_token,27,0.21744734125644885,0.21711309897799452,0.2181275600144843,0.21710136477686778,-0.0015197179246352333,1.9736319789354084e-05,-0.004652671837698907,7.378174400385351e-05,-0.1434079160062142,-0.14165036282188748,-0.14698472457080536,-0.14158866062594977,0.19737381239732107,0.19781163334846497,0.19649739563465118,0.19781240820884705,0.002296371123502191,8.323278235744525e-05,0.006726564642608568,7.931594554055899e-05
8,pre_label_token,28,0.21745692180986165,0.21711445656143316,0.21815658216716863,0.21709972670098313,-0.0015638440707453165,1.3483557282922831e-05,-0.0047863421691090036,8.132639959013144e-05,-0.14345829363119958,-0.14165750143136147,-0.1471373323650742,-0.1415800470971631,0.19737686216831207,0.19781182706356049,0.1965063065290451,0.19781245291233063,0.002280954855518047,8.225357315316817e-05,0.006681521019215153,7.908997418581976e-05
8,first_label_token,0,0.21758502030572968,0.21711384108086593,0.21852649079651393,0.21711472903980927,-0.002153840566940938,1.6318339812415594e-05,-0.006490068616069156,1.2228575433925748e-05,-0.14413187663919466,-0.14165426503698364,-0.14908243067047788,-0.14165893421012243,0.196518674492836,0.19781120121479034,0.1939317137002945,0.19781310856342316,0.006619002277715946,8.54171721206276e-05,0.019695813933378714,7.577572764849716e-05
8,first_label_token,1,0.2174224148277475,0.21711381223021436,0.21804161552621537,0.2171118167268128,-0.0014049116929398069,1.6451220243407505e-05,-0.0042568284157886715,2.56421167258436e-05,-0.1432768448432824,-0.1416541133309972,-0.14653280086524978,-0.14164362033360023,0.197331041097641,0.19781190156936646,0.19636790454387665,0.19781331717967987,0.002512575494205027,8.187695422856578e-05,0.007381128333727172,7.472119465934401e-05
8,first_label_token,2,0.21744404800799713,0.21711278642926898,0.21810815154003496,0.2171112060546875,-0.0015045498695035835,2.1175857792599118e-05,-0.0045632802188200206,2.8454752516671178e-05,-0.14339059904879678,-0.1416487193403675,-0.14688266858246912,-0.1416404092235537,0.19733014702796936,0.19781158864498138,0.19636568427085876,0.19781316816806793,0.002517094921301329,8.345875371218447e-05,0.007392351577683032,7.547443250877084e-05
8,first_label_token,3,0.21741972210026592,0.21711332176913734,0.2180362172487403,0.21710962728292,-0.0013925095193731973,1.8710187571713277e-05,-0.004231965010686123,3.572626499481757e-05,-0.14326268561787936,-0.14165153432922728,-0.1465044149895609,-0.1416321075348499,0.19733493526776633,0.19781163334846497,0.19638006389141083,0.19781310856342316,0.0024928908784076498,8.323278235744525e-05,0.007319664125217007,7.577572764849716e-05
8,first_label_token,4,0.21744757419874686,0.21711070277109867,0.21812257205738741,0.21710944776775457,-0.0015207908110787722,3.077277781426968e-05,-0.004629698287616391,3.655307656580398e-05,-0.1434091408915863,-0.14163776279690077,-0.14695849629136837,-0.14163116358648975,0.19734127819538116,0.19781148433685303,0.19639915227890015,0.19781319797039032,0.00246082805395198,8.398602020676105e-05,0.007223174356710382,7.532378493879666e-05
8,first_label_token,5,0.21712188293286064,0.21700570242745534,0.21725066689883962,0.21710927947228695,-2.0720849973917172e-05,0.0005143837244463434,-0.0006138744867818513,3.732821241375639e-05,-0.14169655167602446,-0.14108563728728818,-0.14237373910588302,-0.14163027863490218,0.19771429896354675,0.19766268134117126,0.1976669728755951,0.1978132426738739,0.0005752477455779706,0.0008361693366061296,0.000814476086543725,7.509781358405743e-05
8,first_label_token,6,0.21712492934795988,0.21699660806094898,0.21726960735160764,0.21710857263132305,-3.475203919541444e-05,0.0005562705892180331,-0.0007011104897791665,4.058378297489007e-05,-0.14171257070444665,-0.1410378161891117,-0.14247333408599427,-0.14162656183823397,0.1977144032716751,0.1976643204689026,0.19766587018966675,0.197813019156456,0.0005747204790833941,0.0008278837202628786,0.0008200500466292171,7.622767035808664e-05
8,first_label_token,7,0.21723700825239764,0.2169646303192908,0.2176435727031291,0.21710282173477302,-0.0005509654456652413,0.0007035537825663685,-0.002423521401796913,6.707128223482073e-05,-0.14230191755877444,-0.140869666959341,-0.14443976393871627,-0.1415963217782661,0.19760469595591226,0.19766421616077423,0.19733688235282898,0.1978129893541336,0.0011292792917314554,0.0008284109867574552,0.002483048570508961,7.63783179279498e-05
8,first_label_token,8,0.21708134616456445,0.21696021456678374,0.21718153272356305,0.21710229120334656,0.00016598353792518505,0.0007238918707661579,-0.0002954560627079772,6.951480571737445e-05,-0.141483396336937,-0.14084644751530218,-0.14201020942177167,-0.14159353207373715,0.1977511097987493,0.19766457378864288,0.19777578115463257,0.1978129744529724,0.00038917288885068996,0.0008266032159188752,0.0002644618089202577,7.645364171293689e-05
8,first_label_token,9,0.2171223552287126,0.21695164111481996,0.21731572030973034,0.21709970426158745,-2.289615184551212e-05,0.0007633795055324022,-0.000913497712105471,8.14297510365325e-05,-0.14169903515921023,-0.14080136555299227,-0.14271581082102047,-0.14157992910361794,0.1977147956689199,0.19766469299793243,0.19766709208488464,0.19781260192394257,0.000572736952746622,0.0008260006256393115,0.0008138734962641614,7.833673633639293e-05
8,first_label_token,10,0.21707438674627566,0.21694197935216566,0.21718083870511096,0.21710034218155036,0.00019803725079762616,0.0008078796854484871,-0.00029225955011624727,7.849161706063867e-05,-0.1414468014817587,-0.1407505609037487,-0.14200656004998646,-0.14158328349154092,0.1977516363064448,0.1976662427186966,0.19777613878250122,0.1978125274181366,0.00038651144844955204,0.0008181669520057611,0.0002626540380817888,7.871335526110634e-05
8,first_label_token,11,0.21722540013930378,0.21695324873723904,0.2176203719708098,0.21710257970986246,-0.0004975007581494717,0.0007559751126233749,-0.002316663388478357,6.818600140656716e-05,-0.1422408783741851,-0.1408098189476823,-0.14431776704127097,-0.141595049133602,0.19760781526565552,0.19766592979431152,0.19734500348567963,0.1978125125169754,0.0011135115127508903,0.0008197487514893798,0.0024419971077173086,7.878867904598241e-05
8,first_label_token,12,0.21724852393655217,0.21706516682600774,0.21757846319374918,0.21710194178989956,-0.0006040044236518272,0.00024050239151929276,-0.0021236397978572352,7.112413538246098e-05,-0.14236247072233313,-0.14139832018160403,-0.14409739723971637,-0.141591694745679,0.1976421574751536,0.19777576625347137,0.19733799993991852,0.19781270623207092,0.0009399152963952181,0.0002645371327052448,0.002477399286638593,7.780946984181636e-05
8,first_label_token,13,0.21745248468650158,0.21707177843366351,0.21818398708055,0.21710168854529116,-0.0015434075525965578,0.00021005062606582747,-0.004912563814132964,7.229053027746346e-05,-0.14343496181235604,-0.1414330861368347,-0.1472814361959911,-0.14159036310424233,0.19734627505143484,0.19777587056159973,0.1964500993490219,0.19781285524368286,0.0024355694780691848,0.00026400986621066824,0.006965642336004496,7.705623199238953e-05
8,first_label_token,14,0.21725984621448677,0.21707278660365514,0.21760410501175567,0.2171026470280495,-0.0006561526106005541,0.00020540719322448275,-0.00224174097209362,6.787594706747502e-05,-0.14242200689390846,-0.14143838741825032,-0.14423223014923825,-0.1415954031142368,0.19764208793640137,0.1977759599685669,0.1973375678062439,0.1978127360343933,0.0009402668073915654,0.00026355792350096774,0.0024795836764017753,7.76588222719532e-05
8,first_label_token,15,0.21727005881087788,0.21710337630840912,0.21760474293171858,0.21710205719250592,-0.0007031898224505451,6.451702505971824e-05,-0.0022446791060695137,7.059261365816027e-05,-0.14247570800374545,-0.1415992379044504,-0.144235584537161,-0.141592301569625,0.19765457014242807,0.19781149923801422,0.1973394900560379,0.19781272113323212,0.0008771705835411611,8.391069642188498e-05,0.002469866908144658,7.773414605694029e-05
8,first_label_token,16,0.21725668653386646,0.2170728459077723,0.21759521099699644,0.2171020026968307,-0.0006415997426496567,0.0002051340501162402,-0.00220077688809317,7.084361002795969e-05,-0.14240539227902102,-0.14143869925833363,-0.14418546256485665,-0.14159201501387275,0.1976433495680491,0.19777566194534302,0.19734157621860504,0.19781281054019928,0.0009338893936000995,0.0002650643991998214,0.0024593215782532374,7.728220334723979e-05
8,first_label_token,17,0.2171587503256918,0.21707673433448085,0.21729739052908761,0.21710212611350693,-0.0001905248156399697,0.00018722472090659803,-0.0008290743448993165,7.027517707280939e-05,-0.1418904122611301,-0.14145914585406438,-0.14261942695095575,-0.14159266397837023,0.19775204360485077,0.19777579605579376,0.19766755402088165,0.1978127807378769,0.0003844525983278668,0.00026438648513538165,0.0008115384589311159,7.743285091710295e-05
8,first_label_token,18,0.2171338148143779,0.2170021409747981,0.21729594158525226,0.21710336188308332,-7.567675121611384e-05,0.0005307870754373001,-0.0008224007943609113,6.45834652752697e-05,-0.14175929333890638,-0.14106691002607064,-0.14261180793919137,-0.14159916205145717,0.19771543641885123,0.19766531884670258,0.19766828417778015,0.19781270623207092,0.0005694980299942864,0.0008228370266719631,0.0008078475934690799,7.780946984181636e-05
8,first_label_token,19,0.21715876207966098,0.21708392616079636,0.21728782974371388,0.21710453033447266,-0.00019057895211186762,0.00015410058233922275,-0.0007850392464918698,5.9201807817044205e-05,-0.14189047406727276,-0.14149696278524493,-0.14256915327266473,-0.14160530614390865,0.19775247077147165,0.1977759450674057,0.19766879081726074,0.19781267642974854,0.00038229331649293946,0.00026363324728595483,0.0008052865847811841,7.796011741167952e-05
8,first_label_token,20,0.21712861849146395,0.21710710285090598,0.21717267397071133,0.2171060786527746,-5.174350913128567e-05,4.7353302713326606e-05,-0.0002546543881234431,5.207055801625948e-05,-0.14173196940512267,-0.14161883326103464,-0.14196362725581801,-0.14161344769851536,0.19780038793881735,0.1978115737438202,0.19777700304985046,0.19781258702278137,0.00014007713205795488,8.353407749717157e-05,0.00025828525855531304,7.841206012138002e-05
8,first_label_token,21,0.2171684313221138,0.217106541866014,0.21729260292373787,0.21710614917658957,-0.0002351135825100492,4.993708887290893e-05,-0.0008070235755879285,5.174573918487191e-05,-0.14194131804769813,-0.14161588342240927,-0.14259425218531385,-0.14161381853537125,0.19776418805122375,0.197811558842659,0.19766847789287567,0.1978125274181366,0.0003230637136027263,8.360940128215866e-05,0.0008068683842649138,7.871335526110634e-05
8,first_label_token,22,0.2171696296926974,0.21710707880869634,0.21729473466632745,0.21710707560306838,-0.00024063304189684645,4.7464036405875376e-05,-0.0008168419629945856,4.74788008981708e-05,-0.1419476194648764,-0.1416187068393795,-0.14260546157209109,-0.14161868998315863,0.1977640688419342,0.19781158864498138,0.19766809046268463,0.1978125274181366,0.00032366630388217893,8.345875371218447e-05,0.0008088268026732459,7.871335526110634e-05
8,first_label_token,23,0.21716739376719926,0.21710713490718553,0.21728758771880335,0.2171074586756089,-0.00023033480848892265,4.7205657789928246e-05,-0.0007839245273202344,4.5714444063538195e-05,-0.1419358622509256,-0.14161900182324194,-0.14256788062800063,-0.14162070430153428,0.19776412844657898,0.19781172275543213,0.1976681649684906,0.1978124976158142,0.0003233650087424526,8.278083964774474e-05,0.0008084501837486435,7.88640028309695e-05
8,first_label_token,24,0.2171665677837297,0.21710692974699644,0.21728531973702567,0.21710745386716698,-0.0002265304909623289,4.815058529983318e-05,-0.0007734786489888013,4.5736590801981336e-05,-0.1419315189647207,-0.141617923025116,-0.1425559548518427,-0.14162067901720343,0.19776400923728943,0.19781163334846497,0.1976679414510727,0.19781245291233063,0.00032396759902197925,8.323278235744525e-05,0.0008095800405226727,7.908997418581976e-05
8,first_label_token,25,0.21716846978964924,0.21710789944945263,0.21728985249495306,0.21710765742454208,-0.00023529075641807543,4.36843263665887e-05,-0.0007943556411591501,4.4799045538335136e-05,-0.14194152032234655,-0.14162302203188304,-0.1425797895479377,-0.14162174938721894,0.19776410361131033,0.19781167805194855,0.1976681649684906,0.19781246781349182,0.00032349054838402375,8.3006811002595e-05,0.0008084501837486435,7.901465040083266e-05
8,first_label_token,26,0.21716854565617752,0.21710851493001987,0.217289576810949,0.21710754522756368,-0.0002356401827368071,4.0849543836984914e-05,-0.0007930858948177466,4.531580277034042e-05,-0.14194191925290367,-0.1416262584262611,-0.1425783399129561,-0.14162115941949383,0.19776421785354614,0.19781172275543213,0.1976684331893921,0.1978124976158142,0.0003229130660327891,8.278083964774474e-05,0.000807094355619653,7.88640028309695e-05
8,first_label_token,27,0.21716957733410747,0.21710929550042674,0.21729214291612642,0.21710729358576927,-0.00024039188852194768,3.725438995205721e-05,-0.0008049048709368734,4.647481541897314e-05,-0.14194734414660473,-0.14163036291600584,-0.1425918333176408,-0.14161983620616758,0.1977643370628357,0.19781170785427094,0.19766880571842194,0.1978124976158142,0.00032231047575329946,8.285616343273183e-05,0.000805211260996197,7.88640028309695e-05
8,first_label_token,28,0.21713023679930954,0.21711026199725494,0.21717487463430196,0.2171055737663718,-5.919711701477907e-05,3.280289551121918e-05,-0.0002647902121155621,5.43959655600057e-05,-0.14174047898721512,-0.141635445066552,-0.14197519905134093,-0.14161079284375244,0.19780037303765616,0.19781173765659332,0.19777703285217285,0.19781234860420227,0.00014015245584290495,8.270551586286867e-05,0.0002581346109854499,7.961724068039633e-05
8,last_label_token,0,0.21733741012274047,0.2171130781414128,0.21778480145109802,0.21711435077571067,-0.0010133967280339846,1.9832288989607427e-05,-0.0030739932586216767,1.3970785530115215e-05,-0.14282986281976737,-0.14165025325645275,-0.14518239002677147,-0.14165694517607785,0.197336678703626,0.19781094789505005,0.19638606905937195,0.197813019156456,0.0024840779955698222,8.6697676464631e-05,0.007289308639886749,7.622767035808664e-05
8,last_label_token,1,0.2175130844116211,0.21711462325408679,0.21831285332431313,0.21711177665646336,-0.0018225179765610038,1.2715803681229154e-05,-0.005506096406244332,2.582667288009155e-05,-0.14375361461817607,-0.14165837795483882,-0.14795905626884798,-0.14164340963084143,0.19734702010949454,0.19781166315078735,0.19641636312007904,0.1978130340576172,0.0024318032888222727,8.308213478758208e-05,0.007136175385106025,7.615234657321057e-05
8,last_label_token,2,0.2174873870293967,0.2171119000731396,0.21824076676569065,0.2171094942493599,-0.0017041608844574618,2.525823992494125e-05,-0.005174079884724181,3.633899142685415e-05,-0.1436184895341616,-0.1416440585953389,-0.14758000200545562,-0.14163140800169027,0.19734548032283783,0.19781145453453064,0.19641202688217163,0.19781295955181122,0.002439586746599276,8.413666777673523e-05,0.00715809460652328,7.652896549781296e-05
8,last_label_token,3,0.21724033622848551,0.2171110024973124,0.21750155857631137,0.21710844761183282,-0.000566293449464017,2.9392297780317378e-05,-0.0017694322443486676,4.1159598176299106e-05,-0.14231941712524962,-0.14163933885353797,-0.14369300807658503,-0.14162590444562584,0.1976546049118042,0.19781163334846497,0.19733932614326477,0.19781285524368286,0.0008769948280429318,8.323278235744525e-05,0.0024706954697789607,7.705623199238953e-05
8,last_label_token,4,0.21711659097537941,0.21710794753387194,0.21713088861032695,0.21711093678193935,3.652866132464183e-06,4.346285898149116e-05,-6.219923045747144e-05,2.9694969873372834e-05,-0.1416687248649894,-0.14162327487519377,-0.1417439064187611,-0.14163899330101337,0.19781206051508585,0.19781148433685303,0.19781199097633362,0.19781270623207092,8.10735005224809e-05,8.398602020676105e-05,8.142501151886528e-05,7.780946984181636e-05
8,last_label_token,5,0.21696810842562123,0.21666623444116417,0.21712974580396124,0.2171083450317383,0.0006875343083762401,0.0020779065521355777,-5.693568893794243e-05,4.163206193108504e-05,-0.14088795595881978,-0.1393006056538213,-0.1417378971760752,-0.14162536504656287,0.19764753679434457,0.19731757044792175,0.19781211018562317,0.19781292974948883,0.0009127234100323086,0.002580668195789726,8.082242123941263e-05,7.667961306778714e-05
8,last_label_token,6,0.21696954668403004,0.21667103807465368,0.21713172367640904,0.21710587830102746,0.00068090997281256,0.0020557819603624905,-6.604538071242061e-05,5.2993338787610256e-05,-0.14089551878318182,-0.13932586470056685,-0.1417482974642581,-0.1416123941847205,0.19764921565850577,0.19732286036014557,0.19781199097633362,0.19781279563903809,0.0009042369302624994,0.002553928252136406,8.142501151886528e-05,7.735752713222688e-05
8,last_label_token,7,0.217046115244804,0.21690526850083294,0.21713443884328634,0.21709863839029264,0.00032825023025107036,0.0009769626517385221,-7.855090572528312e-05,8.633894473997206e-05,-0.1412981408525078,-0.14055752346408812,-0.14176257468320608,-0.1415743244102292,0.1977625091870626,0.19766268134117126,0.19781182706356049,0.197813019156456,0.00033155019337246144,0.0008361693366061296,8.225357315316817e-05,7.622767035808664e-05
8,last_label_token,8,0.21709249800994615,0.21704514607661912,0.21713483954678062,0.21709750840643874,0.00011462032981931121,0.0003327140284354879,-8.039646726776262e-05,9.154342829020834e-05,-0.14154203631944431,-0.14129304465511083,-0.14176468171079581,-0.14156838259242632,0.1978000650803248,0.1977752298116684,0.19781193137168884,0.1978130340576172,0.00014170914739826865,0.00026724878896300375,8.17263066585916e-05,7.615234657321057e-05
8,last_label_token,9,0.21709247663909315,0.21704682903129513,0.21713568903818853,0.21709491184779575,0.00011471875976824346,0.0003249626699565189,-8.430905773826325e-05,0.00010350266708647471,-0.14154192394463946,-0.1413018941709876,-0.14176914860928602,-0.14155472905364475,0.19779995580514273,0.1977749913930893,0.197812020778656,0.19781285524368286,0.00014226152182113724,0.00026845396952202005,8.127436394900212e-05,7.705623199238953e-05
8,last_label_token,10,0.21704378315046724,0.21690231772030102,0.21713434588007566,0.21709468585102498,0.0003389913984291522,0.0009905533669383182,-7.812273544738346e-05,0.00010454356379652197,-0.14128587795193562,-0.14054200731291733,-0.14176208585280525,-0.1415535406900843,0.19776312510172525,0.19766457378864288,0.197812020778656,0.1978127807378769,0.0003284368102616601,0.0008266032159188752,8.127436394900212e-05,7.743285091710295e-05
8,last_label_token,11,0.2170471522654472,0.2169109697101497,0.21713399486381466,0.21709649222237723,0.0003234739169786967,0.0009507040021097257,-7.650602353592717e-05,9.622377236229163e-05,-0.1413035938399101,-0.14058750225263483,-0.14176024009663668,-0.14156303917045876,0.1977627674738566,0.19766351580619812,0.19781193137168884,0.19781285524368286,0.000330244581100166,0.000831951204649517,8.17263066585916e-05,7.705623199238953e-05
8,last_label_token,12,0.21709202678263692,0.21692132709407005,0.21725843092974495,0.21709632232409565,0.00011679071019340033,0.0009029999273557632,-0.0006496340872319539,9.700629045639175e-05,-0.1415395584549987,-0.14064196470177404,-0.1424145648724615,-0.14156214579076054,0.19771495461463928,0.19766300916671753,0.19766898453235626,0.19781287014484406,0.000571933499040648,0.0008345122133374128,0.000804307375577018,7.698090820751347e-05
8,last_label_token,13,0.217196127947639,0.21694561934270779,0.2175473125041032,0.21709545199610605,-0.00036267879633685346,0.0007911146043951822,-0.0019801658435327774,0.0001010148501270347,-0.14208695579470013,-0.14076970114237386,-0.14393359691489072,-0.14155756932683583,0.19760831197102866,0.197662815451622,0.19734926521778107,0.19781285524368286,0.0011110007199196155,0.0008354914225416898,0.0024204545052247672,7.705623199238953e-05
8,last_label_token,14,0.21720692129696118,0.21694783282881022,0.2175767289490259,0.21709620211304737,-0.00041239084204932236,0.0007809197224336595,-0.002115652207500762,9.75599589191356e-05,-0.142143710689857,-0.14078134036277934,-0.14408827802430801,-0.1415615136824837,0.19760758181413016,0.19766221940517426,0.19734762609004974,0.19781289994716644,0.0011146915853816146,0.0008385043739391751,0.0024287401215680182,7.68302606376503e-05
8,last_label_token,15,0.2172097967452362,0.21695863419220227,0.21757479755818343,0.21709595848532284,-0.0004256345916792877,0.000731170765490341,-0.002106756600865234,9.868206033702975e-05,-0.14215883071984092,-0.14083813739848816,-0.14407812215132543,-0.14156023260970918,0.19760816792647043,0.19766277074813843,0.19734880328178406,0.19781292974948883,0.0011117288498407134,0.0008357173938964291,0.0024227895425579238,7.667961306778714e-05
8,last_label_token,16,0.21721122592103248,0.2169528079633953,0.21758526233064027,0.21709560746906184,-0.0004322170945146124,0.0007580052303203244,-0.0021549552861126475,0.00010029877224848605,-0.14216634578491102,-0.14080750121733354,-0.1441331492838589,-0.1415583868535406,0.19760791460673013,0.19766166806221008,0.1973492056131363,0.19781287014484406,0.0011130093541846797,0.0008412913539819211,0.0024207558003646046,7.698090820751347e-05
8,last_label_token,17,0.21721476440002271,0.21695404052734374,0.2175945634601497,0.2170956892125747,-0.0004485146333104891,0.0007523282830151912,-0.00219779446064039,9.992227769373141e-05,-0.14218495224321334,-0.1408139824341994,-0.14418205760827174,-0.14155881668716885,0.19760740300019583,0.1976611614227295,0.19734816253185272,0.19781288504600525,0.0011155954708008675,0.0008438523626698169,0.0024260284653102593,7.690558442252637e-05
8,last_label_token,18,0.21721811107560698,0.21696412863851594,0.21759345912131942,0.21709674546698562,-0.00046392876331458055,0.0007058644256178193,-0.00219270809302885,9.505737746728915e-05,-0.1422025501376427,-0.1408670289607985,-0.1441762506402342,-0.14156437081189543,0.19760720431804657,0.19766031205654144,0.19734852015972137,0.1978127807378769,0.0011165997879334366,0.0008481458184114166,0.0024242206944717903,7.743285091710295e-05
8,last_label_token,19,0.21712454627541936,0.21698274852848853,0.21729237852978106,0.21709851176798844,-3.29876823606338e-05,0.0006201048718545987,-0.0008059900611239179,8.692214218741778e-05,-0.14171055638607077,-0.14096493831883805,-0.1425930722498634,-0.14157365858951088,0.19771414995193481,0.19766119122505188,0.19766847789287567,0.1978127807378769,0.0005760009834273235,0.0008437017150999537,0.0008068683842649138,7.743285091710295e-05
8,last_label_token,20,0.2171256623682188,0.21698808109059053,0.21728962970381024,0.21709927631025555,-3.812818644407153e-05,0.0005955441388452165,-0.0007933295089415093,8.340081076407824e-05,-0.14171642516025082,-0.14099297864200233,-0.1425786180405979,-0.1415776787981522,0.19771406054496765,0.19766131043434143,0.1976681649684906,0.19781270623207092,0.000576452926136987,0.0008430991248205011,0.0008084501837486435,7.780946984181636e-05
8,last_label_token,21,0.21712417709393325,0.2169829472774217,0.21729028525472688,0.21709929874965123,-3.1287304992688725e-05,0.0006191894733295067,-0.00079634884762525,8.329745931767718e-05,-0.1417086151113182,-0.1409659834045227,-0.14258206513773475,-0.14157779679169713,0.19771401584148407,0.19766110181808472,0.1976681798696518,0.1978127658367157,0.0005766788974918002,0.0008441536578096542,0.0008083748599636564,7.750817470209004e-05
8,last_label_token,22,0.21712770809312495,0.21699238144049124,0.21729049842898585,0.21710024440989775,-4.755039330635776e-05,0.0005757375723696168,-0.0007973306863657825,7.894193407709249e-05,-0.14172718223843886,-0.14101559126209517,-0.1425831860764124,-0.14158276937680903,0.19771372278531393,0.19766083359718323,0.19766762852668762,0.19781270623207092,0.0005781602652622508,0.0008455094859385337,0.0008111618400064025,7.780946984181636e-05
8,last_label_token,23,0.21715376130005226,0.21707690904120439,0.2172832072282038,0.21710116763074858,-0.00016754634405979907,0.00018642005607383272,-0.0007637488485361388,7.468976028290886e-05,-0.14186417836295293,-0.14146006451809345,-0.14254484660238975,-0.14158762396837554,0.1977517008781433,0.19777455925941467,0.1976678967475891,0.19781264662742615,0.0003861850453814597,0.00027063835928531343,0.000809806011877523,7.811076498154268e-05
8,last_label_token,24,0.21715270237428466,0.21707699559315913,0.21728008975501822,0.21710102177467666,-0.0001626691400897773,0.00018602141478074596,-0.000749390379734427,7.536154468434919e-05,-0.14185861019137577,-0.14146051963605277,-0.1425284539277416,-0.1415868570103329,0.19775144259134927,0.1977744996547699,0.1976672261953354,0.19781260192394257,0.0003874906576537181,0.00027093965442503976,0.0008131955821997217,7.833673633639293e-05
8,last_label_token,25,0.2172469430276994,0.21707863206622982,0.21756070241206835,0.21710149460479994,-0.0005967230681789651,0.00017848414144061575,-0.0020418371280415126,7.318378206400133e-05,-0.14235415779614913,-0.14146912473672923,-0.14400400534882918,-0.14158934330288897,0.19764422376950583,0.19777444005012512,0.19734567403793335,0.19781255722045898,0.0009294703982170397,0.0002712409495647661,0.00243860753739511,7.856270769124318e-05
8,last_label_token,26,0.21725665501185829,0.21710633350019695,0.21756221226283481,0.217101419272543,-0.0006414545584749742,5.0896780875220315e-05,-0.002048791203934197,7.35307476340541e-05,-0.14240522652618384,-0.14161478776806247,-0.14401194462878708,-0.141588947181702,0.19765607019265494,0.197811096906662,0.19734451174736023,0.19781260192394257,0.0008695879891906418,8.594443861520418e-05,0.0024444827926203283,7.833673633639293e-05
8,last_label_token,27,0.21725030626569475,0.2170844486781529,0.2175645780162651,0.21710189210266626,-0.0006122134813934718,0.00015169397008774066,-0.002059687399281973,7.135298501381726e-05,-0.1423718427810523,-0.14149971034922193,-0.14402438451967714,-0.14159143347425784,0.1976440946261088,0.19777461886405945,0.19734510779380798,0.19781255722045898,0.0009301232043531504,0.0002703370641454761,0.002441469841222732,7.856270769124318e-05
8,last_label_token,28,0.21716484796433222,0.21710735769832837,0.21728566915047268,0.2171015170441956,-0.00021860934082144437,4.6179525572176416e-05,-0.0007750879786541098,7.308043061760028e-05,-0.14192247560230564,-0.14162017333058197,-0.14255779217990106,-0.1415894612964339,0.19776377578576407,0.1978110522031784,0.19766782224178314,0.19781245291233063,0.00032514767165270353,8.617040997005443e-05,0.0008101826308022364,7.908997418581976e-05
9,pre_label_token,0,0.2171173656688017,0.2171173656688017,0.2171173656688017,0.2171173656688017,8.478048341142852e-08,8.478048341142852e-08,8.478048341142852e-08,8.478048341142852e-08,-0.1416727984516628,-0.1416727984516628,-0.1416727984516628,-0.1416727984516628,0.19782809913158417,0.19782809913158417,0.19782809913158417,0.19782809913158417,0.0,0.0,0.0,0.0
9,pre_label_token,1,0.21717681029931504,0.21701676665233965,0.21761070379689962,0.21690296044870586,-0.00027370550474089167,0.0004634240791310251,-0.0022721336795776814,0.0009875930862239812,-0.1419853773992843,-0.14114381653309582,-0.1442669286795859,-0.14054538698517116,0.19758279621601105,0.19765666127204895,0.1974075585603714,0.1976841688156128,0.0012399801476632073,0.0008666001457213746,0.0021257878585440038,0.0007275524387242438
9,pre_label_token,2,0.216909943374933,0.21697838887447068,0.2173765342776515,0.21637490697267678,0.0009554311004076332,0.000640184581438441,-0.0011935948963082144,0.003419703616092673,-0.14058210545263491,-0.1409420138586619,-0.14303559018425838,-0.13776871231498444,0.19750441114107767,0.1973811388015747,0.1976824402809143,0.19744965434074402,0.001636208364369877,0.0022593369292406296,0.0007362899977771953,0.001912998166091806
9,pre_label_token,3,0.21680544150643655,0.21700909879027294,0.21737604061094654,0.2160311851180902,0.0014367461684806997,0.0004987407448109327,-0.0011913211644876132,0.005002818925118779,-0.1400326010853438,-0.1411034964531388,-0.14303299432626781,-0.1359613124766248,0.19731528560320535,0.19737598299980164,0.1976819634437561,0.19688791036605835,0.0025922178428136413,0.002285398958829399,0.0007387003588952279,0.004752554210716298
9,pre_label_token,4,0.21707839004131926,0.21704166957310267,0.21743524375082063,0.21675825680003447,0.00017959886061239919,0.00034872612037950557,-0.0014639991912888117,0.0016540696527465037,-0.141467852092065,-0.14127476408374218,-0.14334430343859506,-0.13978448875385774,0.19757688542207083,0.1973651796579361,0.19768039882183075,0.19768507778644562,0.0012698585823556208,0.002340008702910068,0.0007466093563137655,0.0007229576878430288
9,pre_label_token,5,0.21718796855595265,0.2170347374026515,0.21776292624593782,0.21676624201926864,-0.0003250982418314674,0.00038065433506695445,-0.0029732403628861537,0.001617291302324797,-0.142044051094233,-0.14123831250644003,-0.14506736317659308,-0.13982647759966582,0.19759039084116617,0.19765852391719818,0.19742617011070251,0.19768647849559784,0.0012015901252727668,0.0008571846726040944,0.0020317084511554118,0.0007158772520587942
9,pre_label_token,6,0.2173128277647729,0.21696004627131615,0.21790174115605715,0.21707669586694542,-0.0009001752185164488,0.0007246670066141103,-0.0036125945569780438,0.00018740189481458724,-0.14270060089119263,-0.1408455625637144,-0.1457972965304477,-0.1414589435794158,0.19763033588727316,0.19765816628932953,0.19742010533809662,0.1978127360343933,0.0009996721657800078,0.0008589924434425633,0.002062365231625507,7.76588222719532e-05
9,pre_label_token,7,0.2171347871881907,0.21686400726061908,0.21746630949132584,0.2170740448126272,-8.015531389293784e-05,0.001167003814906642,-0.0016070818865661085,0.00019961212998065303,-0.14176440639252416,-0.14034055861911843,-0.14350765707357183,-0.1414450034848822,0.19771558543046316,0.19765688478946686,0.19767722487449646,0.19781264662742615,0.0005687447921448966,0.0008654702889473453,0.0007626533225058019,7.811076498154268e-05
9,pre_label_token,8,0.21711779094877695,0.21684784448447347,0.21743564926275685,0.21706987909910058,-1.8739755005917995e-06,0.0012414463852903346,-0.0014658668995699564,0.00021879858777784644,-0.14167503471027812,-0.1402555695542591,-0.1433464357505161,-0.1414230988260592,0.1977165291706721,0.1976599395275116,0.19767723977565765,0.19781240820884705,0.0005639742857654154,0.0008500289130348726,0.0007625779987208148,7.931594554055899e-05
9,pre_label_token,9,0.21707866519105198,0.21674828889991055,0.21743188745835249,0.21705581921489298,0.00017833157501974858,0.0016999798416810208,-0.00144854076780776,0.0002835556511859849,-0.14146929891767668,-0.1397320743355357,-0.14332665497550368,-0.14134916744199066,0.1977189232905706,0.197662815451622,0.19768133759498596,0.19781261682510376,0.0005518722643185944,0.0008354914225416898,0.0007418639578626873,7.826141255140584e-05
9,pre_label_token,10,0.21705147024630164,0.21667785484249852,0.2174181994269876,0.21705835646941882,0.0003035861457952871,0.0020243852673992313,-0.0013854963855113311,0.0002718695554979611,-0.14132629916921693,-0.13936170945392345,-0.14325467891303845,-0.14136250914068893,0.19771953423817953,0.19766435027122498,0.1976817101240158,0.1978125423192978,0.000548783989136085,0.0008277330726929044,0.0007399808632392313,7.863803147611925e-05
9,pre_label_token,11,0.2170361900863861,0.2166347952450023,0.2174128668648856,0.21706090814927045,0.00037396355928779695,0.002222709310770732,-0.0013609356525017269,0.0002601170195943858,-0.14124595118379527,-0.13913528826913102,-0.1432266385898744,-0.14137592669238042,0.19771778086821237,0.1976594626903534,0.19768153131008148,0.19781234860420227,0.0005576470878305706,0.0008524392741529052,0.0007408847486584103,7.961724068039633e-05
9,pre_label_token,12,0.21695195045791751,0.21667553877630152,0.21721128415660698,0.21696902844084412,0.0007619547320214896,0.002035052613115651,-0.0004324853161254971,0.0006832968990743149,-0.14080299217829154,-0.13934953083445478,-0.1421666520062541,-0.14089279369416574,0.1977390299240748,0.19765925407409668,0.197778582572937,0.19777925312519073,0.0004502353705077751,0.0008534938071420584,0.0002503009373517884,0.0002469113670294787
9,pre_label_token,13,0.21706419284938097,0.21673060825892856,0.21738886312276376,0.21707310716645056,0.0002449883364423015,0.0017814133991882475,-0.0012503791338518422,0.00020393074399049915,-0.14139319869987585,-0.1396391038501663,-0.14310041920913918,-0.14144007304032202,0.1977174033721288,0.19766080379486084,0.19767914712429047,0.1978122591972351,0.0005595552903823556,0.0008456601335083969,0.0007529365542486843,8.006918338998581e-05
9,pre_label_token,14,0.21708575817717224,0.21683887513745734,0.21733931693710198,0.2170790824569574,0.00014566267496640695,0.0012827574348606152,-0.0010221791402280633,0.00017640973026666895,-0.1415065961153851,-0.14020840584869076,-0.14283988946172443,-0.14147149303574014,0.19771761198838553,0.1976650059223175,0.19767536222934723,0.19781246781349182,0.0005585007573932396,0.0008244188261556928,0.0007720687956231931,7.901465040083266e-05
9,pre_label_token,15,0.21709195198465128,0.21685569506733357,0.21733938906373096,0.21708077182288932,0.00011713521501470019,0.0012052881435470342,-0.0010225113413058207,0.00016862884280288704,-0.14153916514318202,-0.14029685043879714,-0.14284026872669053,-0.1414803762640584,0.19771766165892282,0.1976655125617981,0.19767484068870544,0.19781263172626495,0.0005582496781100602,0.000821857817467686,0.0007747051280959649,7.818608876652977e-05
9,pre_label_token,16,0.2171088942626611,0.21688260951963792,0.21736095011735163,0.2170831231509938,3.910241224340064e-05,0.0010813254658513793,-0.001121817316791951,0.00015779908767077355,-0.1416282530790459,-0.1404383752679439,-0.14295364366723873,-0.14149274030195502,0.19771780570348105,0.19766561686992645,0.1976751685142517,0.19781263172626495,0.0005575215481889995,0.0008213305509731095,0.0007730480048273591,7.818608876652977e-05
9,pre_label_token,17,0.2171199419251343,0.21694622039794922,0.21732474896086365,0.21708885641659006,-1.1780949861391518e-05,0.0007883462620811299,-0.0009550819047841053,0.0001313927931188008,-0.1416863452343798,-0.14077286168375847,-0.14276328636667213,-0.14152288765270882,0.19771721959114075,0.19766482710838318,0.19767412543296814,0.19781270623207092,0.0005604842837299376,0.0008253227115748718,0.0007783206697731249,7.780946984181636e-05
9,pre_label_token,18,0.217129527286989,0.21697045013684185,0.21732735353357652,0.21709077819054867,-5.592924270995484e-05,0.0006767488467210869,-0.0009670780548112212,0.00012254147996026976,-0.1417367481436962,-0.14090026942805411,-0.14277698204600542,-0.14153299295702904,0.19771834214528403,0.19766750931739807,0.1976747363805771,0.1978127807378769,0.0005548098919312036,0.0008117644302859661,0.0007752323945905415,7.743285091710295e-05
9,pre_label_token,19,0.2171616583645177,0.21707672151196905,0.2173169015836315,0.21709135199795251,-0.0002039186709420493,0.00018728377887589076,-0.0009189384275332113,0.00011989863583117266,-0.1419057036626914,-0.1414590784291816,-0.14272202233835496,-0.14153601022053763,0.19775471091270447,0.19777612388134003,0.19767522811889648,0.1978127807378769,0.0003709696408238002,0.00026272936186666485,0.0007727467096876328,7.743285091710295e-05
9,pre_label_token,20,0.21712724487988555,0.21710857423413701,0.21717739265506006,0.21709576775045955,-4.541692416308122e-05,4.057640072874236e-05,-0.00027638772084936925,9.956054763138322e-05,-0.1417247465145451,-0.14162657026634418,-0.14198843961271468,-0.14155922966457646,0.19780083994070688,0.19781167805194855,0.19777806103229523,0.1978127807378769,0.00013779231058145638,8.3006811002595e-05,0.00025293726982467124,7.743285091710295e-05
9,pre_label_token,21,0.21711470286051435,0.21711058576567835,0.2171344067870068,0.21709911602885784,1.234915212130113e-05,3.1311681784718104e-05,-7.840326080188476e-05,8.413903538107004e-05,-0.1416587965509867,-0.1416371475448448,-0.141762406120999,-0.14157683598711635,0.19781229893366495,0.1978118121623993,0.1978122740983963,0.19781281054019928,7.986831996346459e-05,8.232889693815526e-05,7.999385960499872e-05,7.728220334723979e-05
9,pre_label_token,22,0.21711472957408062,0.21711192732097723,0.21713219490371832,0.2171000664975463,1.2226114685135828e-05,2.513274173998603e-05,-6.821576108650973e-05,7.976136340193118e-05,-0.1416589370194926,-0.14164420187321514,-0.1417507753287035,-0.1415818338565591,0.19781231880187988,0.19781173765659332,0.19781243801116943,0.1978127807378769,7.976788825022248e-05,8.270551586286867e-05,7.916529797069582e-05,7.743285091710295e-05
9,pre_label_token,23,0.2171151842389788,0.21711208599956094,0.21713149767963827,0.21710196903773715,1.01320175214988e-05,2.4401899369141944e-05,-6.500448400226233e-05,7.099863719761679e-05,-0.14166132779346433,-0.14164503625614056,-0.14174710910069743,-0.14159183802355502,0.1978123039007187,0.19781173765659332,0.19781243801116943,0.1978127360343933,7.984321203517257e-05,8.270551586286867e-05,7.916529797069582e-05,7.76588222719532e-05
9,pre_label_token,24,0.21711534131474855,0.21711218056558562,0.2171305840756713,0.21710325930298877,9.408557396691405e-06,2.3966346844983555e-05,-6.079660368518702e-05,6.505592903027768e-05,-0.14166215374827953,-0.1416455335146518,-0.14174230507779284,-0.14159862265239398,0.19781222939491272,0.19781166315078735,0.19781234860420227,0.19781267642974854,8.021983095988598e-05,8.308213478758208e-05,7.961724068039633e-05,7.796011741167952e-05
9,pre_label_token,25,0.21711606258103824,0.21711306692171498,0.21713016574122324,0.2171049550801766,6.086546620043265e-06,1.9883964712752444e-05,-5.886983743441654e-05,5.724551258179389e-05,-0.14166594639794106,-0.14165019425968017,-0.14174010534098924,-0.14160753959315375,0.1978122591972351,0.19781173765659332,0.19781240820884705,0.19781263172626495,8.006918338998581e-05,8.270551586286867e-05,7.931594554055899e-05,7.818608876652977e-05
9,pre_label_token,26,0.21711669622683058,0.21711437321510635,0.21712992531912667,0.2171057901462587,3.1680986339877037e-06,1.386743408382518e-05,-5.776250050892884e-05,5.339936232706677e-05,-0.14166927831090295,-0.1416570631696228,-0.14173884112443536,-0.14161193063865074,0.19781229396661124,0.1978118121623993,0.19781242311000824,0.19781264662742615,7.989342789179361e-05,8.232889693815526e-05,7.924062175568292e-05,7.811076498154268e-05
9,pre_label_token,27,0.21711719951041938,0.2171163126200187,0.2171307940443023,0.2171044918669372,8.50073336389201e-07,4.934916217447238e-06,-6.176367793342408e-05,5.937898172514444e-05,-0.14167192473755566,-0.1416672611831571,-0.14174340916024986,-0.14160510386926006,0.19781229893366495,0.19781182706356049,0.19781245291233063,0.19781261682510376,7.986831996346459e-05,8.225357315316817e-05,7.908997418581976e-05,7.826141255140584e-05
9,pre_label_token,28,0.2171185293117491,0.21711753877271123,0.21713228946974297,0.21710575969279314,-5.27473023648195e-06,-7.125021030951473e-07,-6.86513136105571e-05,5.353962500420639e-05,-0.14167891725978352,-0.14167370868758167,-0.14175127258721476,-0.1416117705045541,0.19781233370304108,0.19781199097633362,0.19781245291233063,0.19781255722045898,7.969256446530941e-05,8.142501151886528e-05,7.908997418581976e-05,7.856270769124318e-05
9,first_label_token,0,0.21706684710932714,0.2171197234081621,0.2171427269943622,0.2169380909254571,0.00023276333678379224,-1.0774503633514954e-05,-0.00011672450067323759,0.0008257890146581293,-0.14140715565063036,-0.14168519620200093,-0.14180615644187222,-0.14073011430801796,0.1976108600695928,0.1978113055229187,0.19767731428146362,0.19734396040439606,0.0010981203526951127,8.488990562605103e-05,0.0007622013797962124,0.0024472697726630743
9,first_label_token,1,0.2170927517888259,0.2171191191472927,0.21733979137003923,0.21681934484914572,0.00011345147417559283,-7.991396827167208e-06,-0.00102436428509467,0.0013727101044486156,-0.14154337077025114,-0.14168201880439546,-0.1428423841823907,-0.14010570932396726,0.1975130488475164,0.19781215488910675,0.1973675638437271,0.19735942780971527,0.0015925456770336706,8.059644988456238e-05,0.002327956897319905,0.0023690836838965446
9,first_label_token,2,0.21704222200965348,0.21711641680292723,0.21722916034089418,0.21678108888513903,0.00034618170619922967,4.455070216291546e-06,-0.0005148195076656314,0.001548909556047029,-0.14127766897244606,-0.1416678090103305,-0.14226065072108707,-0.1399045471859206,0.19761431217193604,0.19781193137168884,0.1976771354675293,0.19735386967658997,0.0010806703425175757,8.17263066585916e-05,0.0007631052652153913,0.002397179455678744
9,first_label_token,3,0.217175269995083,0.21711735284628988,0.21741228664622586,0.21699617049273323,-0.00026661116617095654,1.4383845270415918e-07,-0.001358263279388039,0.0005582859424224651,-0.14197727798522938,-0.14167273102678002,-0.14322358761392429,-0.14103551531498382,0.19761675596237183,0.19781199097633362,0.19736507534980774,0.19767320156097412,0.0010683172417876123,8.142501151886528e-05,0.0023405359694046446,0.0007829907444393269
9,first_label_token,4,0.2172129313151042,0.2171108967115899,0.2174239150616301,0.21710398217209248,-0.00044007180444009347,2.9879526027731806e-05,-0.001411821475355346,6.17265360073338e-05,-0.14217531329433286,-0.14163878259825413,-0.14328473355457838,-0.14160242373016607,0.19766226907571158,0.19781158864498138,0.1973627507686615,0.19781246781349182,0.0008382532946560698,8.345875371218447e-05,0.0023522864798551923,7.901465040083266e-05
9,first_label_token,5,0.21707249115161198,0.21698274852848853,0.2171299445528944,0.2171047803734531,0.00020676798726870782,0.0006201048718545987,-5.7851087462923445e-05,5.805017741444818e-05,-0.14143683383657413,-0.14096493831883805,-0.14173894226175965,-0.14160662092912468,0.19776381055514017,0.19766592979431152,0.19781279563903809,0.19781270623207092,0.00032497191615447435,0.0008197487514893798,7.735752713222688e-05,7.780946984181636e-05
9,first_label_token,6,0.21706904510156114,0.21697066651672875,0.21713319666245404,0.2171032721255006,0.0002226398165353268,0.000675752243488148,-7.282966494304155e-05,6.499687106087393e-05,-0.14141871339930248,-0.14090140722295263,-0.14175604289767785,-0.141598690077277,0.19776344299316406,0.1976650357246399,0.19781258702278137,0.19781270623207092,0.00032682990284963836,0.0008242681785857187,7.841206012138002e-05,7.780946984181636e-05
9,first_label_token,7,0.2170425324212937,0.21688796932957755,0.21713641351010618,0.21710321442419742,0.0003447520111909593,0.001056639234657042,-8.764583300724382e-05,6.52626319230798e-05,-0.14127930121648555,-0.1404665588689844,-0.1417729581151681,-0.1415983866653041,0.19776391486326853,0.19766643643379211,0.19781237840652466,0.19781292974948883,0.00032444464965993475,0.000817187742801484,7.946659311053317e-05,7.667961306778714e-05
9,first_label_token,8,0.21688721333565164,0.21641967677268661,0.2171377678879169,0.21710419534635142,0.001060121194100853,0.0032135027160572482,-9.388383102137965e-05,6.0744697266690295e-05,-0.14046258361026495,-0.13800412629352965,-0.14178007986842167,-0.1416035446688435,0.19765579203764597,0.1973419487476349,0.1978124976158142,0.19781292974948883,0.0008709940331761793,0.0024574384836297813,7.88640028309695e-05,7.667961306778714e-05
9,first_label_token,9,0.21703478067862889,0.21686942797748981,0.21713519056304162,0.21709972349535517,0.0003804550144204111,0.0011420370583579142,-8.201317917921891e-05,8.134116408253789e-05,-0.1412385400654196,-0.14036906248835224,-0.1417665274669644,-0.14158003024094223,0.19776352246602377,0.19766521453857422,0.19781267642974854,0.19781267642974854,0.00032642817599663293,0.0008233642931665397,7.796011741167952e-05,7.796011741167952e-05
9,first_label_token,10,0.21689991403360662,0.21646497389849495,0.21713546464423172,0.21709930355809315,0.0010016242754454785,0.003004873057031676,-8.327554327447473e-05,8.327531257923404e-05,-0.14052936795674906,-0.13824231312038315,-0.1417679686738358,-0.1415778220760282,0.19765795270601907,0.19734826683998108,0.19781270623207092,0.19781288504600525,0.0008600720843600085,0.0024255011988156827,7.780946984181636e-05,7.690558442252637e-05
9,first_label_token,11,0.2170434422853614,0.21689458254004726,0.21713480909331506,0.2171009352227219,0.0003405613561148583,0.001026180086957429,-8.025620459051197e-05,7.576018597765799e-05,-0.1412840855737992,-0.14050133325232506,-0.14176452157669894,-0.1415864018923736,0.1977639098962148,0.19766615331172943,0.1978127807378769,0.19781279563903809,0.00032446975758822677,0.0008186188947153505,7.743285091710295e-05,7.735752713222688e-05
9,first_label_token,12,0.21704992353081368,0.21691786341306543,0.21713230710069673,0.21709960007867893,0.0003107100133498501,0.000918952961330266,-6.873251831840399e-05,8.190959703768819e-05,-0.14131816604272052,-0.1406237515552884,-0.14175136529642862,-0.14157938127644454,0.19776382048924765,0.19766579568386078,0.19781285524368286,0.19781281054019928,0.0003249217002978533,0.0008204266655539305,7.705623199238953e-05,7.728220334723979e-05
9,first_label_token,13,0.21705852743624307,0.21694384182200713,0.21713304920356816,0.2170986912831539,0.00027108211590631814,0.0007993015153981986,-7.21504982954535e-05,8.609533061620933e-05,-0.14136340813912737,-0.14076035436798584,-0.141755267511525,-0.14157460253787124,0.19776415824890137,0.19766677916049957,0.19781295955181122,0.1978127360343933,0.0003232143611725524,0.0008154552957478911,7.652896549781296e-05,7.76588222719532e-05
9,first_label_token,14,0.2170687394983628,0.2169745853969029,0.21713308446547563,0.21709854863270991,0.00022404736480515405,0.0006577026516011442,-7.231290771114729e-05,8.675235052546526e-05,-0.14141710643959401,-0.14092201395278003,-0.14175545292995273,-0.14157385243604925,0.1977637509504954,0.197665736079216,0.19781281054019928,0.19781270623207092,0.00032527321129423764,0.0008207279606936568,7.728220334723979e-05,7.780946984181636e-05
9,first_label_token,15,0.21707281171440743,0.2169873389877191,0.21713225420783547,0.21709884194766774,0.0002052915380346132,0.000598962118822155,-6.848890419464126e-05,8.540139947632586e-05,-0.1414385194586459,-0.14098907642690595,-0.14175108716878682,-0.14157539478024495,0.19776393473148346,0.19766630232334137,0.19781285524368286,0.19781264662742615,0.00032434421794661866,0.0008178656568659237,7.705623199238953e-05,7.811076498154268e-05
9,first_label_token,16,0.2170769934560738,0.21699861638686235,0.21713250905525786,0.2170998549261013,0.00018603125777564658,0.0005470206347663042,-6.966268133590248e-05,8.0735819896538e-05,-0.14146050839857235,-0.14104837661139147,-0.14175242723833392,-0.14158072134599164,0.1977637310822805,0.197665736079216,0.1978127807378769,0.19781267642974854,0.0003253736430074798,0.0008207279606936568,7.743285091710295e-05,7.796011741167952e-05
9,first_label_token,17,0.21707933837292245,0.2170052985183331,0.21713272703795874,0.2170999895624754,0.00017523103162812395,0.0005162440504813404,-7.066666681510014e-05,8.011571121813166e-05,-0.14147283872402752,-0.1410835134034778,-0.14175357346134287,-0.14158142930726192,0.1977636069059372,0.19766539335250854,0.19781279563903809,0.19781263172626495,0.00032600134121533547,0.0008224604077472497,7.735752713222688e-05,7.818608876652977e-05
9,first_label_token,18,0.2171057506101806,0.21708389089888885,0.21713181984524768,0.21710154108640525,5.35814577325248e-05,0.00015426299175502756,-6.648831548261569e-05,7.296969692516253e-05,-0.14161172274526193,-0.14149677736681698,-0.14174880315087957,-0.14158958771808927,0.19780041774113974,0.19777590036392212,0.19781285524368286,0.1978124976158142,0.0001399264844880547,0.0002638592186408051,7.705623199238953e-05,7.88640028309695e-05
9,first_label_token,19,0.2171134414459143,0.21710714772969736,0.21713065459948627,0.21710252200855928,1.815897985757431e-05,4.714659982052449e-05,-6.11214225165746e-05,6.845176226877303e-05,-0.14165216362813418,-0.14161906924812495,-0.14174267591464873,-0.1415947457216289,0.1978122889995575,0.197811558842659,0.1978127807378769,0.1978125274181366,7.991853582012265e-05,8.360940128215866e-05,7.743285091710295e-05,7.871335526110634e-05
9,first_label_token,20,0.21711432887058632,0.21710955836191898,0.21712998462324382,0.21710344362659614,1.4071676227800367e-05,3.604370158005743e-05,-5.803564361728242e-05,6.420697072062609e-05,-0.14165682999190285,-0.14163174512610444,-0.14173915296451867,-0.14159959188508542,0.19781232376893362,0.19781158864498138,0.1978127658367157,0.19781261682510376,7.974278032189346e-05,8.345875371218447e-05,7.750817470209004e-05,7.826141255140584e-05
9,first_label_token,21,0.2171147295740806,0.21711009851022928,0.21713116749995898,0.21710292271205356,1.2226114685209843e-05,3.3555884620617427e-05,-6.34837412911704e-05,6.660620072618251e-05,-0.1416589370194926,-0.14163458539929552,-0.14174537290996359,-0.14159685274921863,0.19781228403250375,0.19781158864498138,0.19781264662742615,0.19781261682510376,7.994364374837766e-05,8.345875371218447e-05,7.811076498154268e-05,7.826141255140584e-05
9,first_label_token,22,0.2171151516484279,0.21711123650815306,0.21713101362981715,0.21710320480731354,1.0282123193613065e-05,2.8314489839531554e-05,-6.277504565876946e-05,6.53069254000771e-05,-0.14166115642188704,-0.14164056935765035,-0.14174456381136902,-0.14159833609664174,0.1978122591972351,0.19781158864498138,0.19781260192394257,0.19781258702278137,8.006918338998581e-05,8.345875371218447e-05,7.833673633639293e-05,7.841206012138002e-05
9,first_label_token,23,0.21711532047816684,0.2171117894789752,0.2171303500648306,0.21710382189069474,9.504526596981755e-06,2.5767614910576775e-05,-5.971879574406813e-05,6.246476062443662e-05,-0.1416620441828449,-0.14164347705572422,-0.14174107457368046,-0.14160158091913,0.1978122740983963,0.19781170785427094,0.19781255722045898,0.19781255722045898,7.999385960507273e-05,8.285616343273183e-05,7.856270769124318e-05,7.856270769124318e-05
9,first_label_token,24,0.2171154754168513,0.2171114224345744,0.21713027793820164,0.21710472587777788,8.790909467149e-06,2.7458149283732247e-05,-5.9386594666532844e-05,5.8301173784247595e-05,-0.1416628589001796,-0.141641547018452,-0.14174069530871436,-0.14160633437337244,0.19781228403250375,0.19781172275543213,0.19781260192394257,0.1978125274181366,7.994364374841467e-05,8.278083964774474e-05,7.833673633639293e-05,7.871335526110634e-05
9,first_label_token,25,0.21711584085843808,0.21711292106564306,0.21713033403669085,0.2171042674729804,7.107757340215255e-06,2.055574911419278e-05,-5.9644973282590996e-05,6.0412496189043985e-05,-0.1416647805093414,-0.14164942730163754,-0.1417409902925768,-0.14160392393380983,0.19781237343947092,0.1978118121623993,0.1978127807378769,0.1978125274181366,7.949170103878818e-05,8.232889693815526e-05,7.743285091710295e-05,7.871335526110634e-05
9,first_label_token,26,0.21711560097061286,0.21711280085459478,0.21713014490464155,0.21710385715260225,8.212633517135082e-06,2.110941757704765e-05,-5.877386823427422e-05,6.230235120863181e-05,-0.14166351910215771,-0.1416487951933607,-0.14173999577555452,-0.14160176633755794,0.19781236350536346,0.1978117674589157,0.1978127360343933,0.19781258702278137,7.954191689544625e-05,8.255486829300551e-05,7.76588222719532e-05,7.841206012138002e-05
9,first_label_token,27,0.21711651991729308,0.21711445175299124,0.2171310456860967,0.21710406231279133,3.980145712678684e-06,1.3505704021365972e-05,-6.292269058216782e-05,6.13574236988379e-05,-0.14166835121876353,-0.1416574761470304,-0.14174473237357632,-0.14160284513568389,0.1978123684724172,0.1978117674589157,0.19781270623207092,0.19781263172626495,7.951680896711721e-05,8.255486829300551e-05,7.780946984181636e-05,7.818608876652977e-05
9,first_label_token,28,0.21711634627911222,0.21711499670974346,0.21713084533434956,0.21710319679324366,4.779889047864157e-06,1.0995740323482828e-05,-6.199990981081704e-05,6.534383663092669e-05,-0.1416674381734746,-0.14166034170455233,-0.14174367885978145,-0.14159829395609003,0.1978123883406321,0.1978117674589157,0.19781272113323212,0.19781267642974854,7.941637725387511e-05,8.255486829300551e-05,7.773414605694029e-05,7.796011741167952e-05
9,last_label_token,0,0.21712290873380602,0.21711770706817884,0.2173291566993008,0.2169218624339384,-2.5445487523108785e-05,-1.4876379510475601e-06,-0.0009753830817531561,0.0009005342571348773,-0.14170194566665417,-0.14167459363916945,-0.14278646367015924,-0.14064477969063383,0.19721096257368723,0.19781115651130676,0.19647318124771118,0.19734854996204376,0.003119559661170501,8.564314347547786e-05,0.00684896579313421,0.002424070046901816
9,last_label_token,1,0.21732195205047353,0.2171170707510299,0.21774080581023914,0.2171079795901515,-0.0009421998852165251,1.4431137788095683e-06,-0.0028713579834864777,4.33152140580928e-05,-0.1427485793140959,-0.1416712476793569,-0.14495104682552973,-0.14162344343740108,0.19737614691257477,0.19781231880187988,0.1965031772851944,0.19781294465065002,0.0022845703971951328,7.976788825025949e-05,0.006697339014052339,7.660428928280005e-05
9,last_label_token,2,0.21722282334869983,0.217116642799698,0.21744547771806477,0.2171063495283367,-0.00048563256705595287,3.414173506244289e-06,-0.001511134833087624,5.0822958413521135e-05,-0.14222732878209796,-0.14166899737389094,-0.143398116923237,-0.1416148720491659,0.19766336182753244,0.1978122442960739,0.1973651647567749,0.19781267642974854,0.0008327295504272358,8.01445071749729e-05,0.002340084026695055,7.796011741167952e-05
9,last_label_token,3,0.21734979079217134,0.21711701304972672,0.2178256475624918,0.21710671176429555,-0.0010704196582038694,1.708874640904412e-06,-0.0032621224200315435,4.915457077903085e-05,-0.14289496435354967,-0.1416709442673838,-0.1453971719911582,-0.14161677680210705,0.19736657540003458,0.19781231880187988,0.1964748203754425,0.19781258702278137,0.0023329533750541995,7.976788825025949e-05,0.006840680176790959,7.841206012138002e-05
9,last_label_token,4,0.2172785932610349,0.21711038220830325,0.21761761352795514,0.21710778404684627,-0.0007424978225598622,3.2249227048364304e-05,-0.0023039585428188403,4.421584809088941e-05,-0.14252058488203656,-0.14163607717482907,-0.14430326226334333,-0.14162241520793728,0.19736304382483164,0.19781184196472168,0.19646459817886353,0.19781269133090973,0.002350805112084705,8.21782493682921e-05,0.006892352293259019,7.788479362680345e-05
9,last_label_token,5,0.21727560721859543,0.21710193377582968,0.2176184357715254,0.21710645210843127,-0.0007287446979441873,7.116104661331057e-05,-0.0023077456351043857,5.0350494658513156e-05,-0.1425048833124379,-0.1415916526051273,-0.1443075858839573,-0.1416154114482291,0.19736911356449127,0.19781161844730377,0.19648291170597076,0.19781281054019928,0.0023201232236862435,8.330810614232131e-05,0.006799779361569169,7.728220334723979e-05
9,last_label_token,6,0.21734928270014062,0.21710054734173942,0.2178421693689683,0.2171051313897141,-0.0010680794861679017,7.754668955084476e-05,-0.003338218613557542,5.6433465502991886e-05,-0.14289229264256598,-0.14158436228966664,-0.14548404895273803,-0.14160846668529325,0.19736636678377786,0.19781164824962616,0.1964745968580246,0.19781285524368286,0.0023340079080432785,8.315745857245815e-05,0.006841810033564988,7.705623199238953e-05
9,last_label_token,7,0.2174056429822906,0.21709134879232456,0.21802336268064354,0.21710221747390362,-0.0013276638690112863,0.00011991340032346809,-0.0041727593963984955,6.985438904116847e-05,-0.14318865309648676,-0.141535993364317,-0.14643682154448245,-0.14159314438066084,0.19737493495146433,0.19781173765659332,0.19649989902973175,0.19781316816806793,0.0022906967317034934,8.270551586286867e-05,0.006713910246738841,7.547443250877084e-05
9,last_label_token,8,0.21722310864958774,0.2170271865460051,0.2175394474959173,0.21710269190684087,-0.0004869466068743167,0.0004154320967764136,-0.0019439411615740365,6.76692441746729e-05,-0.14222882898574185,-0.14119860767853898,-0.14389224017735947,-0.1415956391013271,0.19765076537926993,0.19777590036392212,0.19736316800117493,0.1978132277727127,0.0008964032566288749,0.0002638592186408051,0.002350177413876886,7.51731373689335e-05
9,last_label_token,9,0.21714671746689396,0.21708908882461675,0.21725327948562237,0.2170977840904428,-0.00013510383288891278,0.00013032236742405168,-0.0006259075480397058,9.027368194891583e-05,-0.14182713962729557,-0.14152410972871077,-0.14238747692576803,-0.14156983222740793,0.197766383488973,0.1978115439414978,0.19767466187477112,0.19781294465065002,0.0003119660092883632,8.368472506703473e-05,0.0007756090135152549,7.660428928280005e-05
9,last_label_token,10,0.21706936299299995,0.21686353122486787,0.21724672077082785,0.21709783698330407,0.0002211756710448117,0.0011691963420192852,-0.0005956993967100033,9.00300678251531e-05,-0.14142038497452356,-0.14033805547034173,-0.14235298909817917,-0.14157011035504974,0.19771799941857657,0.19766727089881897,0.19767364859580994,0.19781307876110077,0.0005565423389848334,0.0008129696108449824,0.0007807310308911575,7.592637521836032e-05
9,last_label_token,11,0.21707425638407218,0.21688185619706868,0.21724270251618713,0.21709821043896074,0.00019863767348619424,0.0010847951215514628,-0.0005771921055603979,8.83100044675178e-05,-0.14144611599544943,-0.14043441405607537,-0.14233185982550944,-0.14157207410476347,0.19771797955036163,0.1976672261953354,0.19767364859580994,0.19781306385993958,0.0005566427706980755,0.0008131955821997217,0.0007807310308911575,7.600169900334741e-05
9,last_label_token,12,0.21713680085681733,0.2169096650195723,0.21740451460125065,0.21709622294962908,-8.942987583189972e-05,0.0009567131504926163,-0.0013224667677071977,9.746398971888226e-05,-0.14177499490850506,-0.14058064177080265,-0.14318271970679408,-0.14156162324791843,0.19761492808659872,0.19766579568386078,0.19736596941947937,0.197813019156456,0.0010775569594067742,0.0008204266655539305,0.0023360165423083057,7.622767035808664e-05
9,last_label_token,13,0.21713069039566513,0.21705497292911305,0.2172412808201894,0.21709581743769285,-6.12862926810213e-05,0.0002874534771639681,-0.0005706440532071699,9.933169800013797e-05,-0.14174286414244666,-0.14134471739972132,-0.14232438409162107,-0.14155949093599762,0.19775407512982687,0.19777579605579376,0.197673499584198,0.19781292974948883,0.0003741834556478807,0.00026438648513538165,0.0007814842687404733,7.667961306778714e-05
9,last_label_token,14,0.21719950080251826,0.21706082961138556,0.21744309914212268,0.21709457365404658,-0.00037821350302846835,0.00026047874965684503,-0.0015001795797706663,0.00010506032102841623,-0.14210469134826545,-0.1413755137149728,-0.14338560960746438,-0.14155295072235918,0.19765098889668783,0.19777576625347137,0.19736431539058685,0.19781288504600525,0.0008952733998547716,0.0002645371327052448,0.0023443774824365438,7.690558442252637e-05
9,last_label_token,15,0.21720695602459736,0.2171012718136571,0.21742469723485097,0.21709489902528395,-0.00041255079071633727,7.420991428175316e-05,-0.0014154240114865324,0.00010356172505576744,-0.14214389329891483,-0.14158817179554894,-0.14328884647243356,-0.14155466162876196,0.19766317307949066,0.197811558842659,0.19736510515213013,0.19781285524368286,0.0008336836517031099,8.360940128215866e-05,0.0023403853218347814,7.705623199238953e-05
9,last_label_token,16,0.21720624758081944,0.21710208924878546,0.2174214900040827,0.21709516348959018,-0.00040928783790901885,7.044496873476191e-05,-0.0014006521368994385,0.00010234365443761995,-0.14214016807413624,-0.14159247013183207,-0.14327198182360545,-0.1415560522669712,0.19766183694203696,0.19781145453453064,0.19736126065254211,0.19781279563903809,0.0008404376844193262,8.413666777673523e-05,0.0023598188583490165,7.735752713222688e-05
9,last_label_token,17,0.2172081928627164,0.217102682289957,0.21742687065060398,0.21709502564758815,-0.00041824742401130877,6.771353765167021e-05,-0.0014254343372939182,0.00010297852760832171,-0.14215039699074175,-0.14159558853266474,-0.14330027499008025,-0.1415553274494803,0.19766143957773843,0.19781148433685303,0.1973600536584854,0.1978127807378769,0.0008424463186843164,8.398602020676105e-05,0.002365920084929085,7.743285091710295e-05
9,last_label_token,18,0.21720192906569366,0.21710353178136488,0.21740662711007255,0.21709562830564355,-0.00038939760597681933,6.380094718139162e-05,-0.0013321965681600823,0.0001002028030482327,-0.14211745993545918,-0.14160005543115495,-0.14319382795624724,-0.14155849641897533,0.19766156872113547,0.1978115290403366,0.1973605751991272,0.19781260192394257,0.0008417935125482057,8.376004885202182e-05,0.0023632837524562023,7.833673633639293e-05
9,last_label_token,19,0.21719615412693397,0.21710417450976974,0.21738708720487707,0.21709720066615512,-0.0003627993730243399,6.0840666466832616e-05,-0.0012421996050948625,9.296081955501023e-05,-0.14208709345383594,-0.141603435103409,-0.1430910808628616,-0.1415667643952372,0.19766029715538025,0.1978115737438202,0.1973566859960556,0.19781263172626495,0.0008482211421963296,8.353407749717157e-05,0.0023829432603252876,7.818608876652977e-05
9,last_label_token,20,0.21719844080820805,0.2171057468702813,0.2173913490872423,0.2170982264671005,-0.00037333137756094076,5.3598682973610146e-05,-0.001261828997662251,8.823618200581862e-05,-0.14209911755794793,-0.14161170307967108,-0.14311349120830585,-0.1415721583858669,0.1976602723201116,0.1978115290403366,0.1973566710948944,0.19781261682510376,0.0008483466818378638,8.376004885202182e-05,0.0023830185841101637,7.826141255140584e-05
9,last_label_token,21,0.21722040951085023,0.21710631266361524,0.21745684327197676,0.2170980725969587,-0.0004745149043231163,5.099275007547366e-05,-0.0015634823406829312,8.894487763810854e-05,-0.14221463604789744,-0.14161467820262774,-0.14345788065379206,-0.14157134928727255,0.19765999913215637,0.19781148433685303,0.1973559856414795,0.1978125274181366,0.0008497276178950722,8.398602020676105e-05,0.0023864834782173494,7.871335526110634e-05
9,last_label_token,22,0.21722104796508446,0.21710793310854615,0.21745640890938894,0.2170988018773183,-0.0004774554990476891,4.3529299197042626e-05,-0.0015614817519706836,8.55859556305738e-05,-0.14221799324519036,-0.14162319902220055,-0.14345559663588459,-0.14157518407748593,0.19766046106815338,0.19781145453453064,0.19735746085643768,0.19781246781349182,0.0008473925805619897,8.413666777673523e-05,0.0023790264235084013,7.901465040083266e-05
9,last_label_token,23,0.21721887187797484,0.21710887556316472,0.21744777615330801,0.21709996391745173,-0.00046743286949687174,3.918853844875336e-05,-0.0015217209740963078,8.023382715693916e-05,-0.1422065506806931,-0.14162815475109158,-0.1434102028334916,-0.14158129445749612,0.19766010840733847,0.19781140983104706,0.19735649228096008,0.19781242311000824,0.0008491752434722036,8.436263913147446e-05,0.0023839224695294536,7.924062175568292e-05
9,last_label_token,24,0.21721890126289775,0.21710884831532712,0.21744676477768843,0.21710109069567768,-0.0004675682106766906,3.931403663359756e-05,-0.0015170627767626677,7.504410809899831e-05,-0.1422067051960497,-0.14162801147321558,-0.1434048846958551,-0.14158721941907837,0.1976593186457952,0.19781145453453064,0.19735412299633026,0.19781237840652466,0.000853167404074003,8.413666777673523e-05,0.0023958989513347406,7.946659311053317e-05
9,last_label_token,25,0.21722309582707597,0.21711061461632994,0.21745784823634043,0.21710082462855748,-0.00048688754890494995,3.117880135361517e-05,-0.0015681110090317585,7.626956096329351e-05,-0.14222876156085906,-0.14163729925083124,-0.14346316507898704,-0.1415858203527589,0.19766025245189667,0.19781145453453064,0.1973569244146347,0.19781237840652466,0.0008484471135511799,8.413666777673523e-05,0.0023817380797662713,7.946659311053317e-05
9,last_label_token,26,0.21722538090553603,0.21711035335765166,0.21746565554322314,0.21710013381573331,-0.000497412171195403,3.238210747946724e-05,-0.0016040699301285155,7.945130906283904e-05,-0.14224077723686065,-0.14163592546884263,-0.1435042184045452,-0.14158218783719412,0.19765977561473846,0.19781138002872467,0.19735552370548248,0.19781242311000824,0.0008508574746691755,8.451328670133762e-05,0.002388818515550506,7.924062175568292e-05
9,last_label_token,27,0.21723458800329212,0.21711182954932462,0.21749268539813385,0.21709924906241793,-0.00053981825394774,2.5583058756328825e-05,-0.001728564129548582,8.352630894903346e-05,-0.14228919111213237,-0.14164368775848324,-0.14364635005763793,-0.14157753552027597,0.19765935838222504,0.1978113204240799,0.1973543018102646,0.19781245291233063,0.0008529665406474818,8.481458184117496e-05,0.0023949950659154506,7.908997418581976e-05
9,last_label_token,28,0.21723814678459274,0.21711159714129794,0.21750447890337776,0.21709836430910254,-0.0005562093011950431,2.6653484451077958e-05,-0.001782882696871324,8.760130883511685e-05,-0.14230790432649934,-0.1416424656824813,-0.14370836409365895,-0.1415728832033578,0.1976593335469564,0.1978113055229187,0.19735433161258698,0.19781236350536346,0.000853092080289016,8.488990562605103e-05,0.0023948444183455875,7.954191689540924e-05
10,pre_label_token,0,0.2171173656688017,0.2171173656688017,0.2171173656688017,0.2171173656688017,8.478048341142852e-08,8.478048341142852e-08,8.478048341142852e-08,8.478048341142852e-08,-0.1416727984516628,-0.1416727984516628,-0.1416727984516628,-0.1416727984516628,0.19782809913158417,0.19782809913158417,0.19782809913158417,0.19782809913158417,0.0,0.0,0.0,0.0
10,pre_label_token,1,0.21708166298746065,0.21694225984461168,0.21779941911456965,0.2165033100032005,0.00016452431393210176,0.0008065877923685294,-0.00314131934369688,0.002828304493124656,-0.14148506229341806,-0.14075203582306162,-0.14525925439324494,-0.13844389666394763,0.19739305476347604,0.1973692923784256,0.197394460439682,0.19741541147232056,0.00219910300921781,0.0023192193382669535,0.0021919974655052465,0.0020860922238812307
10,pre_label_token,2,0.21669473621357724,0.2168849560393005,0.21744321935317096,0.21575603324826023,0.0019466329899823591,0.001070517857457598,-0.0015007332482332991,0.006270114360722778,-0.13945047712159364,-0.14045071402150944,-0.14338624171574121,-0.13451447562753027,0.19731141130129495,0.1973894238471985,0.197678342461586,0.1968664675951004,0.0026118020268977396,0.002217456904814563,0.0007570040386353227,0.004860945137243333
10,pre_label_token,3,0.216728123897264,0.2169610945116572,0.21743663339053884,0.21578664378959592,0.0017928558807525456,0.0007198390176185177,-0.0014703995987186413,0.00612912822335776,-0.13962604027911016,-0.14085107454788925,-0.14335161061027635,-0.13467543567916485,0.19730620086193085,0.19738039374351501,0.19768336415290833,0.1968548446893692,0.002638140243698054,0.0022631031184875416,0.0007316199231109932,0.004919697689495628
10,pre_label_token,4,0.2169101346440676,0.21702866434049206,0.21746757731718175,0.21623416227452896,0.0009545501523647119,0.00040862566580712745,-0.0016129212432869355,0.004067946034573944,-0.1405831112071377,-0.14120637839629002,-0.14351432370886563,-0.13702863151625744,0.19749918580055237,0.19738253951072693,0.19768327474594116,0.197431743144989,0.0016626219049551045,0.002252256493456395,0.0007320718658205827,0.0020035373555883362
10,pre_label_token,5,0.21706824529738653,0.21700216822263574,0.21745972032306574,0.2167428473464581,0.00022632355737450816,0.0005306615772523449,-0.0015767334725589333,0.0017250425674301129,-0.14141450777223338,-0.14106705330394687,-0.1434730091118861,-0.13970346090086716,0.1976757049560547,0.19766704738140106,0.197678804397583,0.19768126308918,0.0007703363485695632,0.0008140994676190116,0.0007546690013022772,0.0007422405767874007
10,pre_label_token,6,0.21720303554160925,0.2169233514481232,0.21794807209688075,0.21673768307982372,-0.0003944938165831857,0.0008936761504424462,-0.003825985764783546,0.0017488281645915427,-0.14212327814097692,-0.14065260940515745,-0.14604091948848263,-0.13967630552929067,0.19758903483549753,0.19765982031822205,0.19742392003536224,0.19768336415290833,0.0012084445897021883,0.0008506315033143252,0.002043082342681246,0.0007316199231109932
10,pre_label_token,7,0.2168679646083287,0.21643569048713235,0.21745016274332,0.2167180405945337,0.0011487770491115379,0.0031397466945674024,-0.001532713138644226,0.0018392975914114373,-0.14036136762359464,-0.1380883315441257,-0.14342275228981616,-0.13957301903684205,0.19758020838101706,0.19737966358661652,0.19767779111862183,0.1976831704378128,0.0012530613783142686,0.0022667939839495777,0.0007597910186780688,0.0007325991323151593
10,pre_label_token,8,0.21686255030271384,0.21646056936568572,0.2174335271370511,0.21669355440540475,0.0011737142766756377,0.0030251594695083206,-0.0014560928056401856,0.0019520761661587782,-0.1403328974668022,-0.13821915267311669,-0.14333527693240078,-0.13944426279488908,0.1975785493850708,0.1973801851272583,0.1976771354675293,0.1976783275604248,0.0012614474263707987,0.002264157651476695,0.0007631052652153913,0.0007570793624203098
10,pre_label_token,9,0.2169181353571702,0.2166990360292066,0.2174654696168018,0.21658990042550222,0.0009177004402301329,0.0019268288842555492,-0.0016032135895727162,0.0024294860260075657,-0.1406251815246793,-0.13947308693231641,-0.14350324074374377,-0.13889921689797768,0.1976745824019114,0.19766198098659515,0.19768071174621582,0.19768105447292328,0.0007760107403682973,0.0008397095544981914,0.0007450275568301468,0.0007432951097765539
10,pre_label_token,10,0.21693225561403762,0.21663276608250723,0.2172270526405142,0.2169369481190914,0.0008526653122163571,0.002232055234422603,-0.0005051118539511901,0.0008310525561776583,-0.14069943036757127,-0.13912461828141676,-0.14224956775596498,-0.14072410506533206,0.1977419356505076,0.19766680896282196,0.19777928292751312,0.19777971506118774,0.00043554723244469223,0.000815304648178028,0.00024676071945961553,0.00024457632969643317
10,pre_label_token,11,0.21697449403650618,0.2166392142031373,0.21722180182192505,0.21706246608445626,0.0006581234396328961,0.002202356458078536,-0.00048092761549645147,0.0002529414763166038,-0.14092153355048972,-0.1391585245693907,-0.14222195726642917,-0.14138411881564927,0.19775286813577017,0.19766686856746674,0.1977793127298355,0.19781242311000824,0.0003802846822279123,0.0008150033530383016,0.00024661007188975237,7.924062175568292e-05
10,pre_label_token,12,0.21696971765085427,0.21668818658139524,0.21714927609227286,0.21707169027889475,0.0006801225332210651,0.0019767993085839652,-0.00014688835852605386,0.00021045664960528399,-0.1408964177816201,-0.13941603705329686,-0.1418405937007987,-0.14143262259076472,0.1977642277876536,0.19766755402088165,0.1978124976158142,0.19781263172626495,0.00032286285017620503,0.0008115384589311159,7.88640028309695e-05,7.818608876652977e-05
10,pre_label_token,13,0.2170041883025183,0.21672004250919116,0.21721634584314684,0.21707617655521683,0.0005213574863287181,0.0018300771659445214,-0.000455798449532141,0.0001897937425737739,-0.14107767553236905,-0.1395835457466803,-0.1421932679787674,-0.14145621287165944,0.19775429864724478,0.19767117500305176,0.19777911901474,0.19781260192394257,0.0003730535988737775,0.00079323477919091,0.00024758928109402945,7.833673633639293e-05
10,pre_label_token,14,0.21710295850823239,0.21708126548959428,0.21714442437436401,0.2170831856607389,6.644133056162478e-05,0.00016635511098239686,-0.00012454229936764705,0.00015751118007012455,-0.14159704097701672,-0.14148297212204897,-0.1418150818107422,-0.14149306899825898,0.19781221946080527,0.1978115439414978,0.19781243801116943,0.19781267642974854,8.027004681647003e-05,8.368472506703473e-05,7.916529797069582e-05,7.796011741167952e-05
10,pre_label_token,15,0.21710404895600818,0.21708420024198644,0.2171435748829561,0.217084371743082,6.141894241695756e-05,0.00015283821824418897,-0.00012062970889714641,0.0001520483179038301,-0.1416027749014308,-0.1414984039921161,-0.14181061491225178,-0.14149930579992454,0.19781233867009482,0.19781173765659332,0.19781260192394257,0.19781267642974854,7.966745653698037e-05,8.270551586286867e-05,7.833673633639293e-05,7.796011741167952e-05
10,pre_label_token,16,0.21710598515529256,0.21708533823991022,0.21714585248161763,0.21708676474434987,5.250118904298606e-05,0.0001475968234631031,-0.00013111988070546587,0.00014102662437132096,-0.14161295605874438,-0.14150438795047093,-0.14182259125707186,-0.14151188896869038,0.1978122889995575,0.19781170785427094,0.19781245291233063,0.19781270623207092,7.991853582012265e-05,8.285616343273183e-05,7.908997418581976e-05,7.780946984181636e-05
10,pre_label_token,17,0.21710882854728805,0.2170927544601825,0.21714130369555049,0.21709242748613117,3.9405084336419094e-05,0.00011343917043205032,-0.00011016906607363985,0.00011494514865084682,-0.1416279075265212,-0.14154338481710171,-0.14179867227987342,-0.1415416654825885,0.19781227906545004,0.1978118121623993,0.19781260192394257,0.19781242311000824,7.996875167674371e-05,8.232889693815526e-05,7.833673633639293e-05,7.924062175568292e-05
10,pre_label_token,18,0.21711002050661574,0.21709661563905347,0.21714027308616318,0.21709317279463056,3.391515393417569e-05,9.565533940714133e-05,-0.0001054222817860051,0.00011151240418139086,-0.14163417523125812,-0.14156368813495623,-0.14179325300491263,-0.14154558455390553,0.197812353571256,0.19781191647052765,0.19781263172626495,0.1978125125169754,7.95921327520303e-05,8.180163044357869e-05,7.818608876652977e-05,7.878867904598241e-05
10,pre_label_token,19,0.2171112536048355,0.21710147056259027,0.21713926331335756,0.21709302693855861,2.8235745880363556e-05,7.32945157565501e-05,-0.00010077146669851267,0.00011218418858305323,-0.14164065925749422,-0.1415892168812336,-0.14178794329538635,-0.14154481759586268,0.19781240820884705,0.19781209528446198,0.19781270623207092,0.19781242311000824,7.9315945540596e-05,8.08977450242887e-05,7.780946984181636e-05,7.924062175568292e-05
10,pre_label_token,20,0.2171131101976924,0.21710532853583328,0.21713717644955932,0.21709682560768448,1.9684644066135053e-05,5.552544922404756e-05,-9.115978218443566e-05,9.468826515879325e-05,-0.14165042181865997,-0.14160950334286748,-0.1417769698956992,-0.14156479221741325,0.19781227906545004,0.1978122442960739,0.19781261682510376,0.19781197607517242,7.996875167674371e-05,8.01445071749729e-05,7.826141255140584e-05,8.150033530385237e-05
10,pre_label_token,21,0.2171138506977498,0.2171074955403304,0.21713577719295726,0.21709827935996176,1.627404633530727e-05,4.554465240147465e-05,-8.471508127771976e-05,8.799256788216692e-05,-0.1416543156056458,-0.14162089814807266,-0.14176961215535577,-0.14157243651350893,0.19781228403250375,0.1978122442960739,0.1978127658367157,0.19781184196472168,7.994364374845168e-05,8.01445071749729e-05,7.750817470209004e-05,8.21782493682921e-05
10,pre_label_token,22,0.2171138485606645,0.21710911277963335,0.21713286167433282,0.21709957122802734,1.6283889330207895e-05,3.809596601545007e-05,-7.128677549350648e-05,8.20424774686801e-05,-0.14165430436816528,-0.14162940211142483,-0.14175428142261293,-0.1415792295704581,0.19781229893366495,0.19781222939491272,0.19781285524368286,0.1978118121623993,7.986831996346459e-05,8.021983095984897e-05,7.705623199238953e-05,8.232889693815526e-05
10,pre_label_token,23,0.21711460776021832,0.21711003760329817,0.21713220131497424,0.21710158436238264,1.2787165394138414e-05,3.38364099750077e-05,-6.824529007110058e-05,7.277037627850813e-05,-0.14165829648310532,-0.141634265131102,-0.141750809041145,-0.14158981527706893,0.19781223436196646,0.19781213998794556,0.19781292974948883,0.19781163334846497,8.019472303159396e-05,8.067177366954947e-05,7.667961306778714e-05,8.323278235744525e-05
10,pre_label_token,24,0.21711466118735093,0.21711045914337415,0.21713071230078945,0.21710281211788915,1.25410905217338e-05,3.189487923216383e-05,-6.138718337878046e-05,6.711557571181803e-05,-0.14165857742011725,-0.14163648172412624,-0.1417429793266216,-0.14159627120960394,0.1978121946255366,0.19781209528446198,0.19781285524368286,0.19781163334846497,8.039558645804117e-05,8.08977450242887e-05,7.705623199238953e-05,8.323278235744525e-05
10,pre_label_token,25,0.21711457036122553,0.21711075245833197,0.21712955506909795,0.21710340355624672,1.295941780484385e-05,3.054392818302443e-05,-5.605720164347794e-05,6.439152687498506e-05,-0.14165809982719693,-0.14163802406832193,-0.1417368942309425,-0.1415993811823264,0.19781221946080527,0.19781209528446198,0.19781285524368286,0.19781170785427094,8.027004681647003e-05,8.08977450242887e-05,7.705623199238953e-05,8.285616343273183e-05
10,pre_label_token,26,0.21711535306871774,0.21711230879070378,0.2171291800106273,0.2171045704048221,9.354420924793475e-06,2.3375767151390114e-05,-5.432975603980594e-05,5.9017251662796255e-05,-0.14166221555442227,-0.14164620776348058,-0.14173492205311855,-0.14160551684666767,0.19781226416428885,0.19781213998794556,0.1978129893541336,0.19781166315078735,8.004407546169379e-05,8.067177366954947e-05,7.63783179279498e-05,8.308213478758208e-05
10,pre_label_token,27,0.21711559723071358,0.21711311821176224,0.21712951339593456,0.21710416008444394,8.22985875818342e-06,1.9647732835359477e-05,-5.58652632431933e-05,6.090710668238408e-05,-0.14166349943656695,-0.14165046395921177,-0.14173667510007326,-0.14160335925041578,0.19781226913134256,0.19781213998794556,0.1978130340576172,0.19781163334846497,8.001896753340176e-05,8.067177366954947e-05,7.615234657321057e-05,8.323278235744525e-05
10,pre_label_token,28,0.2171164248169971,0.21711463767941258,0.2171308549512334,0.21710378182034532,4.418158985478963e-06,1.2649363465677688e-05,-6.204420328792537e-05,6.264931677868457e-05,-0.14166785115088212,-0.14165845380783204,-0.14174372942844338,-0.14160137021637098,0.1978123039007187,0.19781216979026794,0.19781310856342316,0.19781163334846497,7.984321203517257e-05,8.052112609957529e-05,7.577572764849716e-05,8.323278235744525e-05
10,first_label_token,0,0.21709648420830738,0.2170590248428473,0.21712137590937253,0.2171090518727022,9.62606835931042e-05,0.0002687911588447056,-1.8385599435344346e-05,3.837649136995136e-05,-0.14156299702990696,-0.14136602366270878,-0.14169388558378082,-0.1416290818432313,0.19765485326449075,0.19733907282352448,0.19781331717967987,0.19781216979026794,0.0008757394316272945,0.002471975974122964,7.472119465934401e-05,8.052112609957529e-05
10,first_label_token,1,0.2170577372489523,0.21696728618205094,0.21712753712630073,0.2170783884385053,0.0002747215632685022,0.0006913214006618595,-4.676295371486283e-05,0.0001796062428585099,-0.1413592530807203,-0.14088363233820567,-0.14172628324000058,-0.1414678436639547,0.19764597713947296,0.19734513759613037,0.19781288504600525,0.19777990877628326,0.0009206072995225542,0.002441319193652869,7.690558442252637e-05,0.00024359712049226712
10,first_label_token,2,0.21711473651960786,0.21711202990107176,0.21712867512422449,0.21710350453352728,1.2194124951755056e-05,2.4660277985089074e-05,-5.2004348495948705e-05,6.39264453661248e-05,-0.14165897354130416,-0.1416447412722781,-0.1417322671983554,-0.14159991215327894,0.19781247278054556,0.197812020778656,0.1978127807378769,0.19781261682510376,7.898954247250363e-05,8.127436394900212e-05,7.743285091710295e-05,7.826141255140584e-05
10,first_label_token,3,0.21710453193728663,0.21711306211327305,0.21712860780603746,0.2170719258925494,5.9194425570822475e-05,1.9906111451195585e-05,-5.169429415685656e-05,0.0002093714594181284,-0.14160531457201908,-0.14165016897534932,-0.14173191321772038,-0.14143386152298754,0.19780129194259644,0.19781194627285004,0.1978127807378769,0.19777914881706238,0.0001355074891049579,8.165098287371553e-05,7.743285091710295e-05,0.00024743863352405526
10,first_label_token,4,0.2171151318803889,0.21711102173108013,0.21713033243387686,0.21710404147620962,1.0373170896397591e-05,2.930371082632277e-05,-5.963759103622124e-05,6.145339289909124e-05,-0.1416610524751926,-0.14163943999086226,-0.14174098186446638,-0.14160273557024916,0.1978124131759008,0.197812020778656,0.19781270623207092,0.1978125125169754,7.929083761226696e-05,8.127436394900212e-05,7.780946984181636e-05,7.878867904598241e-05
10,first_label_token,5,0.2170229107725854,0.21682996990300027,0.21713357652936663,0.21710518588538932,0.00043512546881067465,0.0013237731945842102,-7.457925728537873e-05,5.618246913319247e-05,-0.1411761242894717,-0.14016157926753658,-0.14175804035983308,-0.1416087532410455,0.19765643775463104,0.19734400510787964,0.19781285524368286,0.19781245291233063,0.0008677300024954778,0.002447043801308224,7.705623199238953e-05,7.908997418581976e-05
10,first_label_token,6,0.21711627201539796,0.21710567474365233,0.21713643594950188,0.21710670535303966,5.121933120411093e-06,5.393088405136748e-05,-8.77491844537559e-05,4.91840997636217e-05,-0.141667047671028,-0.14161132381470498,-0.14177307610871326,-0.14161674308966576,0.19781228403250375,0.19781190156936646,0.1978125274181366,0.19781242311000824,7.994364374845168e-05,8.187695422856578e-05,7.871335526110634e-05,7.924062175568292e-05
10,first_label_token,7,0.2170712965209277,0.21696868223302504,0.21714091741738198,0.21710428991237607,0.00021227022141445673,0.000684891464247217,-0.00010838994474648977,6.030914474264293e-05,-0.14143055208498656,-0.14089097322232824,-0.14179664110527668,-0.14160404192735476,0.19776449104150137,0.19766877591609955,0.19781219959259033,0.1978124976158142,0.0003215321299755806,0.0008053619085660602,8.037047852971213e-05,7.88640028309695e-05
10,first_label_token,8,0.21707406297785226,0.21697114415529395,0.21714456061355206,0.21710648416471082,0.00019952846452409023,0.000673552334129357,-0.0001251697902922011,5.0202849735114796e-05,-0.14144509900346613,-0.14090391879983954,-0.1418157982001227,-0.14161558001043617,0.19776418308417001,0.19766780734062195,0.1978122442960739,0.1978124976158142,0.0003230888215310183,0.0008102579545871125,8.01445071749729e-05,7.88640028309695e-05
10,first_label_token,9,0.21701274679488494,0.21678882246257877,0.21714544696968144,0.21710397095239464,0.0004819387525267412,0.001513290218274288,-0.00012925217242454323,6.177821173047882e-05,-0.14112267883231566,-0.13994521281840222,-0.14182045894515127,-0.1416023647333935,0.19765693446000418,0.19734600186347961,0.19781237840652466,0.19781242311000824,0.0008652192096642031,0.002436950414126393,7.946659311053317e-05,7.924062175568292e-05
10,first_label_token,10,0.21699141761501964,0.21672543277259634,0.21714440514059627,0.2171044149318663,0.0005801767630668753,0.0018052506720729333,-0.00012445371241365244,5.9733329541344915e-05,-0.14101052315839935,-0.13961188948181746,-0.1418149806734177,-0.1416046993199629,0.19765674571196237,0.19734518229961395,0.19781258702278137,0.19781246781349182,0.0008661733109400771,0.0024410932222980186,7.841206012138002e-05,7.901465040083266e-05
10,first_label_token,11,0.21700697345893924,0.21677147520690404,0.2171434482606519,0.21710599690926174,0.0005085296032331099,0.0015931882685780163,-0.00012004651144970069,5.244705257101412e-05,-0.14109232077880277,-0.13985399537998777,-0.14180994909153344,-0.14161301786488711,0.19765646755695343,0.19734424352645874,0.19781255722045898,0.19781260192394257,0.0008675793549256147,0.0024458386207492078,7.856270769124318e-05,7.833673633639293e-05
10,first_label_token,12,0.2170757544808695,0.21698278379039604,0.21714022500174388,0.2171042546504686,0.0001917377340654447,0.0006199424624389049,-0.00010520081440090756,6.0471554158336716e-05,-0.141453993469265,-0.140965123737266,-0.1417930001616019,-0.14160385650892704,0.19776353240013123,0.19766543805599213,0.19781255722045898,0.19781260192394257,0.00032637796014001186,0.0008222344363923995,7.856270769124318e-05,7.833673633639293e-05
10,first_label_token,13,0.2170816966465541,0.21699989222678817,0.21714078919226382,0.2171044085206104,0.0001643692867625557,0.0005411443668145166,-0.00010779936505289633,5.976285852604679e-05,-0.1414852392837355,-0.141055085387237,-0.14179596685644813,-0.14160466560752138,0.1977634479602178,0.19766516983509064,0.19781255722045898,0.19781261682510376,0.0003268047949213093,0.0008235902645212789,7.856270769124318e-05,7.826141255140584e-05
10,first_label_token,14,0.21711008408490348,0.21708617010036435,0.2171403772690717,0.21710370488527442,3.362232483613189e-05,0.0001437654377006714,-0.0001059021277871608,6.300366459488504e-05,-0.14163450954630238,-0.14150876213974728,-0.14179380083208604,-0.1416009656670738,0.19780027866363525,0.19777566194534302,0.19781261682510376,0.19781255722045898,0.00014062950648082348,0.0002650643991998214,7.826141255140584e-05,7.856270769124318e-05
10,first_label_token,15,0.21710986556793124,0.21708795563513492,0.21713815897452732,0.2171034820941316,3.462877106404546e-05,0.0001355416154665834,-9.568509908697287e-05,6.402979681252585e-05,-0.1416333605139235,-0.14151815105468724,-0.14178213632734926,-0.141599794159734,0.19780036807060242,0.19777587056159973,0.1978127360343933,0.1978124976158142,0.00014017756377119697,0.00026400986621066824,7.76588222719532e-05,7.88640028309695e-05
10,first_label_token,16,0.21709305685775285,0.21703768818318342,0.21713784642580178,0.2171036359642734,0.00011204638665451849,0.0003670636198670474,-9.424556108372784e-05,6.332110118023593e-05,-0.1415449749205894,-0.1412538286576106,-0.14178049284582928,-0.14160060325832835,0.19776358207066855,0.19766560196876526,0.19781269133090973,0.19781245291233063,0.0003261268808569066,0.0008214058747580966,7.788479362680345e-05,7.908997418581976e-05
10,first_label_token,17,0.21709636827142967,0.21704846229873787,0.21713762203184497,0.21710302048370617,9.679466606612082e-05,0.0003174401611085731,-9.321204661993931e-05,6.615588370972869e-05,-0.141562387396591,-0.14131048241544342,-0.14177931291037904,-0.14159736686395052,0.19776354730129242,0.19766554236412048,0.19781267642974854,0.19781242311000824,0.0003263026363550618,0.0008217071698978229,7.796011741167952e-05,7.924062175568292e-05
10,first_label_token,18,0.2170993714105515,0.21705646835455372,0.21713743450260964,0.2171042113744912,8.296279749127795e-05,0.00028056584148683505,-9.23483238179923e-05,6.0670874804991115e-05,-0.14157817886603344,-0.141352580826686,-0.14177832682146696,-0.14160362894994738,0.1977635622024536,0.19766539335250854,0.19781284034252167,0.19781245291233063,0.0003262273125701487,0.0008224604077472497,7.713155577737663e-05,7.908997418581976e-05
10,first_label_token,19,0.2170997448662082,0.21705835967504677,0.21713586695054,0.21710500797303786,8.124273413353163e-05,0.00027185479100555465,-8.512848706310194e-05,5.7001898458142186e-05,-0.14158014261574717,-0.1413625259969098,-0.14177008412953596,-0.14160781772079578,0.19776334861914316,0.19766482710838318,0.19781287014484406,0.19781234860420227,0.00032730695348759387,0.0008253227115748718,7.698090820751347e-05,7.961724068039633e-05
10,first_label_token,20,0.21710374228426724,0.21707054907534304,0.21713499341692244,0.2171056843605362,6.283141218421662e-05,0.00021571280887855426,-8.110516290016356e-05,5.388659057425915e-05,-0.14160116232298225,-0.14142662177618925,-0.14176549080939038,-0.14161137438336713,0.19776330391565958,0.1976647824048996,0.1978127807378769,0.19781234860420227,0.0003275329248424071,0.0008255486829297221,7.743285091710295e-05,7.961724068039633e-05
10,first_label_token,21,0.2171053076992516,0.21707444070767956,0.21713558806090796,0.21710589432916721,5.56214184242639e-05,0.00019778871517650565,-8.384397622962503e-05,5.2919516325911076e-05,-0.14160939377743276,-0.14144708522814065,-0.14176861763833348,-0.14161247846582414,0.19776334861914316,0.19766514003276825,0.19781258702278137,0.19781231880187988,0.00032730695348759387,0.0008237409120911421,7.841206012138002e-05,7.976788825025949e-05
10,first_label_token,22,0.21710612032593798,0.2170768000498539,0.2171350110478762,0.21710654988008388,5.1878619615826814e-05,0.00018692204881354257,-8.11863676082325e-05,4.990017764217036e-05,-0.14161366682938473,-0.14145949140658898,-0.14176558351860424,-0.141615925562961,0.19776323437690735,0.19766482710838318,0.19781255722045898,0.19781231880187988,0.0003278844358387915,0.0008253227115748718,7.856270769124318e-05,7.976788825025949e-05
10,first_label_token,23,0.2171071071250766,0.21708037592783697,0.21713423368309726,0.21710671176429555,4.733361672359937e-05,0.00017045225760703442,-7.760597821526716e-05,4.915457077903085e-05,-0.14161885573599564,-0.14147829452079974,-0.14176149588508014,-0.14161677680210705,0.1977629562218984,0.1976640373468399,0.19781258702278137,0.1978122442960739,0.000329290479824329,0.0008293148721766341,7.841206012138002e-05,8.01445071749729e-05
10,first_label_token,24,0.21710906042104341,0.2170863784661814,0.21713410706079306,0.2171066957361558,3.8337119390385865e-05,0.00014280574569836002,-7.702278076782143e-05,4.9228393240619006e-05,-0.1416291267931531,-0.14150985779409386,-0.1417608300643618,-0.14161669252100362,0.19776292145252228,0.19766394793987274,0.19781255722045898,0.1978122591972351,0.00032946623532252123,0.0008297668148863346,7.856270769124318e-05,8.006918338998581e-05
10,first_label_token,25,0.21711493152864172,0.21710319038198775,0.21713487320587416,0.2171067309980633,1.1295951667637342e-05,6.537336561562856e-05,-8.055149443753074e-05,4.90659838248142e-05,-0.1416599989613978,-0.14159826024364852,-0.14176485870111333,-0.14161687793943156,0.1977628767490387,0.19766385853290558,0.19781260192394257,0.19781216979026794,0.00032969220667729743,0.0008302187575959241,7.833673633639293e-05,8.052112609957529e-05
10,first_label_token,26,0.21711858380742433,0.21711501113506926,0.21713467125131303,0.21710606903589072,-5.525726606244359e-06,1.0929300107931361e-05,-7.962133142003225e-05,5.211485149336781e-05,-0.1416792038155356,-0.14166041755754555,-0.14176379675920803,-0.1416133971298532,0.1977626085281372,0.1976630985736847,0.19781258702278137,0.19781213998794556,0.00033104803480625095,0.0008340602706278233,7.841206012138002e-05,8.067177366954947e-05
10,first_label_token,27,0.2171201946354714,0.21712011930321445,0.21713452058679916,0.21710594401640051,-1.294488400764108e-05,-1.2597918437551314e-05,-7.892740027992673e-05,5.26906666945548e-05,-0.14168767406644642,-0.1416872779452596,-0.14176300451683432,-0.1416127397372453,0.19776220619678497,0.19766192138195038,0.19781255722045898,0.19781213998794556,0.0003330817769996071,0.0008400108496380287,7.856270769124318e-05,8.067177366954947e-05
10,first_label_token,28,0.21711605777259635,0.21710933877640412,0.21713409584109522,0.21710473870028968,6.108693358523413e-06,3.705506930540281e-05,-7.697110504478744e-05,5.8242115814954865e-05,-0.14166592111360998,-0.1416305904749855,-0.14176077106758922,-0.14160640179825523,0.1977620522181193,0.19766144454479218,0.19781269133090973,0.197812020778656,0.000333860122777289,0.0008424212107560614,7.788479362680345e-05,8.127436394900212e-05
10,last_label_token,0,0.21711729407644406,0.2171153316978647,0.21712428181111312,0.21711226872035436,4.145208123048268e-07,9.452850873725716e-06,-3.17696117424493e-05,2.3560323305638065e-05,-0.14167242199606692,-0.14166210317961747,-0.14170916574786174,-0.14164599706072156,0.19781261185805002,0.19781194627285004,0.19781333208084106,0.19781255722045898,7.828652047977187e-05,8.165098287371553e-05,7.464587087435692e-05,7.856270769124318e-05
10,last_label_token,1,0.21711682445194877,0.217112502731195,0.21713211476301947,0.21710585586163175,2.577518940283241e-06,2.248251536485224e-05,-6.784664877801383e-05,5.309669023401131e-05,-0.14166995255973172,-0.14164722756483394,-0.1417503539231857,-0.14161227619117556,0.19781270126501718,0.19781216979026794,0.19781319797039032,0.1978127360343933,7.783457777010838e-05,8.052112609957529e-05,7.532378493879666e-05,7.76588222719532e-05
10,last_label_token,2,0.21711704243464966,0.2171138234499122,0.21713272543514475,0.21710457841889197,1.573533461048567e-06,1.6399544520151466e-05,-7.065928456895243e-05,5.8980340431946665e-05,-0.14167109878274053,-0.14165417232776978,-0.14175356503323244,-0.14160555898721938,0.19781261682510376,0.19781219959259033,0.19781304895877838,0.19781260192394257,7.826141255144285e-05,8.037047852971213e-05,7.607702278822348e-05,7.833673633639293e-05
10,last_label_token,3,0.21715798257779673,0.21711446617831703,0.21725399754628413,0.21710548400878907,-0.0001869887197242607,1.3439263805814505e-05,-0.0006292147943240955,5.48093713454989e-05,-0.14188637519626823,-0.1416575520000236,-0.14239125271920883,-0.14161032086957226,0.19776778916517893,0.19781219959259033,0.19767853617668152,0.19781263172626495,0.00030486046557579954,8.037047852971213e-05,0.0007560248294311567,7.818608876652977e-05
10,last_label_token,4,0.21711799878032267,0.21711191289565143,0.21713351241680753,0.21710857102850906,-2.8312067539652355e-06,2.5199181955537497e-05,-7.428396743858201e-05,4.0591165221148806e-05,-0.14167612755525463,-0.14164412602022192,-0.14175770323541848,-0.14162655341012353,0.19781254728635153,0.1978122740983963,0.19781285524368286,0.1978125125169754,7.861292354779022e-05,7.999385960499872e-05,7.705623199238953e-05,7.878867904598241e-05
10,last_label_token,5,0.21711645633900534,0.21710625496231206,0.2171356473650251,0.2171074666896788,4.272974810796508e-06,5.12585109375685e-05,-8.411711933775656e-05,4.567753283257758e-05,-0.1416680169037193,-0.14161437479065486,-0.1417689294784168,-0.14162074644208622,0.19781253238519034,0.19781216979026794,0.1978129893541336,0.19781243801116943,7.868824733274031e-05,8.052112609957529e-05,7.63783179279498e-05,7.916529797069582e-05
10,last_label_token,6,0.2171715509323847,0.2171037481612518,0.21730463685107831,0.2171062677848239,-0.00024948189430658757,6.280434394823065e-05,-0.0008624494798361582,5.119945296816475e-05,-0.14195772195982648,-0.14160119322605347,-0.1426575304378883,-0.14161444221553765,0.19776677588621774,0.19781219959259033,0.19767571985721588,0.19781240820884705,0.00030998248295162806,8.037047852971213e-05,0.0007702610247846131,7.931594554055899e-05
10,last_label_token,7,0.21717222678561168,0.21709548886082752,0.21731999661742138,0.2171011948785862,-0.0002525947414417917,0.00010084505846508218,-0.000933193544888411,7.456426209795364e-05,-0.1419612758130279,-0.14155776317337398,-0.14273829701945795,-0.14158776724625177,0.19776634871959686,0.1978120058774948,0.19767451286315918,0.1978125274181366,0.00031214176478659245,8.13496877339892e-05,0.0007763622513646817,7.871335526110634e-05
10,last_label_token,8,0.2171282615982184,0.21709387162152458,0.2171891348702567,0.2171017783028739,-5.009972898395443e-05,0.00010829374485121779,-0.0003304700562949403,7.187712449185923e-05,-0.1417300927458828,-0.14154925921002182,-0.1420501839492041,-0.14159083507842252,0.19780118266741434,0.19781182706356049,0.19777899980545044,0.19781272113323212,0.0001360598635278635,8.225357315316817e-05,0.0002481918713734821,7.773414605694029e-05
10,last_label_token,9,0.21711182260379738,0.21709567639006286,0.2171404542041426,0.2170993372171867,2.5615048489783614e-05,9.998133566313516e-05,-0.00010625647560336127,8.312028540957694e-05,-0.14164365123667175,-0.14155874926228607,-0.1417942053813832,-0.14157799906634594,0.19781243801116943,0.19781208038330078,0.19781255722045898,0.19781267642974854,7.916529797073284e-05,8.09730688092758e-05,7.856270769124318e-05,7.796011741167952e-05
10,last_label_token,10,0.21711141495477584,0.21709396779036322,0.21714028751148898,0.2170999895624754,2.7492599765828924e-05,0.00010785081008091169,-0.00010548872200155657,8.011571121813166e-05,-0.14164150768727043,-0.1415497648966435,-0.14179332885790585,-0.14158142930726192,0.1978124976158142,0.19781209528446198,0.19781261682510376,0.1978127807378769,7.886400283093249e-05,8.08977450242887e-05,7.826141255140584e-05,7.743285091710295e-05
10,last_label_token,11,0.21711267957500383,0.21709628065093226,0.2171404189422351,0.21710133913184415,2.1668007537297324e-05,9.719822885678742e-05,-0.00010609406618744543,7.389985994255e-05,-0.1416481574663436,-0.1415619266598913,-0.14179401996295526,-0.1415885257761842,0.19781245291233063,0.19781199097633362,0.19781258702278137,0.1978127807378769,7.908997418578274e-05,8.142501151886528e-05,7.841206012138002e-05,7.743285091710295e-05
10,last_label_token,12,0.21711194922610155,0.21709771837506975,0.21713788168770926,0.2171002476155257,2.5031851042374893e-05,9.057635404186026e-05,-9.440797049942162e-05,7.892716958468604e-05,-0.14164431705739,-0.14156948667488334,-0.141780678264257,-0.14158278623302967,0.1978123982747396,0.19781194627285004,0.1978125274181366,0.19781272113323212,7.936616139725405e-05,8.165098287371553e-05,7.871335526110634e-05,7.773414605694029e-05
10,last_label_token,13,0.21717388890370604,0.2171000023849872,0.217321987312381,0.21709967701374983,-0.00026025013072065545,8.005665324883893e-05,-0.0009423622946322929,8.155524922148771e-05,-0.1419700157634701,-0.1415814967321447,-0.14274876473252363,-0.14157978582574193,0.19776682058970133,0.19781199097633362,0.19767586886882782,0.19781260192394257,0.00030975651159681483,8.142501151886528e-05,0.0007695077869351863,7.833673633639293e-05
10,last_label_token,14,0.21711295899890717,0.2171016580918256,0.21713871194534942,0.21709850695954652,2.0381035954845455e-05,7.243079295460308e-05,-9.823197401592765e-05,8.694428892586092e-05,-0.14164962676691606,-0.14159020297014546,-0.1417850440254229,-0.1415736333051798,0.19781235853830972,0.1978120505809784,0.1978124976158142,0.1978125274181366,7.956702482373827e-05,8.112371637913895e-05,7.88640028309695e-05,7.871335526110634e-05
10,last_label_token,15,0.21711338641596775,0.2171035878798541,0.21713761562058906,0.2170989557474601,1.8412436976163644e-05,6.354256856533347e-05,-9.318251763512642e-05,8.487725999828388e-05,-0.14165187426301182,-0.14160035041501762,-0.14177927919793754,-0.14157599317608027,0.1978123883406321,0.19781209528446198,0.19781261682510376,0.19781245291233063,7.94163772538381e-05,8.08977450242887e-05,7.826141255140584e-05,7.908997418581976e-05
10,last_label_token,16,0.21711359157615684,0.2171044934697512,0.2171376332515428,0.21709864800717651,1.7467509466184694e-05,5.9371599478885706e-05,-9.326372234319535e-05,8.629465126286373e-05,-0.14165295306113782,-0.1416051122973705,-0.1417793719071514,-0.14157437497889158,0.1978122740983963,0.19781190156936646,0.19781255722045898,0.19781236350536346,7.999385960507273e-05,8.187695422856578e-05,7.856270769124318e-05,7.954191689540924e-05
10,last_label_token,17,0.21711438336626154,0.2171066604742483,0.21713797465091994,0.2170985149736164,1.3820679857963944e-05,4.9390802656423816e-05,-9.483614077754332e-05,8.690737769501133e-05,-0.1416571165476551,-0.14161650710257567,-0.14178116709465782,-0.14157367544573174,0.19781228403250375,0.19781190156936646,0.19781261682510376,0.19781233370304108,7.994364374841467e-05,8.187695422856578e-05,7.826141255140584e-05,7.96925644652724e-05
10,last_label_token,18,0.21711459921187715,0.217107032327091,0.21713761081214714,0.21709915449639328,1.2826537373740917e-05,4.76781215448252e-05,-9.316037089668328e-05,8.396186147308082e-05,-0.14165825153318345,-0.14161846242417897,-0.14177925391360646,-0.14157703826176493,0.1978123039007187,0.19781188666820526,0.19781267642974854,0.19781234860420227,7.984321203517257e-05,8.195227801344185e-05,7.796011741167952e-05,7.961724068039633e-05
10,last_label_token,19,0.21711486581326866,0.2171075099656562,0.21713644556638573,0.21710064190776407,1.1598623760692798e-05,4.5478212185923184e-05,-8.779347793064218e-05,7.71111370267974e-05,-0.14165965340887307,-0.14162097400106588,-0.1417731266773754,-0.1415848595481779,0.19781231383482614,0.19781199097633362,0.19781263172626495,0.19781231880187988,7.979299617855151e-05,8.142501151886528e-05,7.818608876652977e-05,7.976788825025949e-05
10,last_label_token,20,0.21711531566972495,0.2171088627406529,0.21713554638774454,0.21710153788077732,9.526673335424896e-06,3.9247596418046093e-05,-8.365203782911834e-05,7.298446141734694e-05,-0.14166201889851382,-0.1416280873262088,-0.14176839850746403,-0.14158957086186863,0.19781223436196646,0.19781191647052765,0.19781261682510376,0.19781216979026794,8.019472303151994e-05,8.180163044357869e-05,7.826141255140584e-05,8.052112609957529e-05
10,last_label_token,21,0.2171163249082592,0.21710995906541328,0.2171365176930147,0.21710249796634962,4.8783189967963976e-06,3.4198140037466906e-05,-8.812567900839952e-05,6.85624959613218e-05,-0.1416673257986698,-0.1416338521536944,-0.1417735059423415,-0.14159461929997352,0.19781218469142914,0.19781199097633362,0.19781255722045898,0.1978120058774948,8.044580231469922e-05,8.142501151886528e-05,7.856270769124318e-05,8.13496877339892e-05
10,last_label_token,22,0.2171170349548511,0.21711111629710478,0.2171364407579438,0.21710354780950467,1.60798394321926e-06,2.8868158302275404e-05,-8.777133119219904e-05,6.372712471958142e-05,-0.1416710594515588,-0.14163993724937352,-0.14177310139304433,-0.1416001397122586,0.197812149922053,0.19781199097633362,0.1978125423192978,0.19781191647052765,8.06215578128544e-05,8.142501151886528e-05,7.863803147611925e-05,8.180163044357869e-05
10,last_label_token,23,0.21711708784771233,0.21711139999517873,0.21713592465184317,0.2171039388961151,1.3643698195675569e-06,2.7561500730133304e-05,-8.539424792530781e-05,6.192585665387718e-05,-0.1416713375792007,-0.14164142902490706,-0.14177038754150884,-0.1416021961711862,0.1978121151526769,0.19781191647052765,0.1978125423192978,0.19781188666820526,8.07973133110466e-05,8.180163044357869e-05,7.863803147611925e-05,8.195227801344185e-05
10,last_label_token,24,0.21711672668029613,0.217110890300334,0.21713526429248456,0.21710402544806987,3.02783595670005e-06,2.990905501232266e-05,-8.235276250290191e-05,6.15272153606794e-05,-0.14166943844499982,-0.14163874888581285,-0.14176691516004092,-0.14160265128914573,0.197812020778656,0.1978117972612381,0.1978125274181366,0.19781173765659332,8.127436394903913e-05,8.240422072314235e-05,7.871335526110634e-05,8.270551586286867e-05
10,last_label_token,25,0.21711744260387258,0.21711282169117646,0.21713581566049273,0.21710369045994862,-2.6956733278904466e-07,2.101344837690533e-05,-8.489225518570898e-05,6.307010481043651e-05,-0.14167320300096006,-0.1416489047587952,-0.14176981443000436,-0.1416008898140806,0.19781200091044107,0.1978118121623993,0.19781255722045898,0.19781163334846497,8.137479566228123e-05,8.232889693815526e-05,7.856270769124318e-05,8.323278235744525e-05
10,last_label_token,26,0.21711728018538956,0.21711341954078994,0.21713562332281544,0.21710279769256335,4.785002791773962e-07,1.825987055525946e-05,-8.400638564509677e-05,6.71820159273695e-05,-0.1416723489524437,-0.14165204844395918,-0.1417688030567612,-0.14159619535661072,0.1978119413057963,0.1978117674589157,0.1978124976158142,0.197811558842659,8.167609080204456e-05,8.255486829300551e-05,7.88640028309695e-05,8.360940128215866e-05
10,last_label_token,27,0.2171170419003783,0.21711420812526672,0.21713551272865103,0.2171014048472172,1.5759942097644715e-06,1.4627805439260122e-05,-8.349701065957227e-05,7.359718784960556e-05,-0.14167109597337038,-0.14165619507425586,-0.14176822151714652,-0.1415888713287088,0.19781186183293661,0.19781166315078735,0.19781246781349182,0.19781145453453064,8.207781765505e-05,8.308213478758208e-05,7.901465040083266e-05,8.413666777673523e-05
10,last_label_token,28,0.21707168814180947,0.21711438283199022,0.21713495014094505,0.2169657314524931,0.00021046649260007358,1.3823140606716855e-05,-8.090584225373121e-05,0.0006984821794472351,-0.1414326113532843,-0.14165711373828493,-0.1417652632504105,-0.14087545707115745,0.19776304066181183,0.19781163334846497,0.19781245291233063,0.1976650357246399,0.00032886364504299454,8.323278235744525e-05,7.908997418581976e-05,0.0008242681785857187
10,last_prompt_token,0,0.2171173656688017,0.2171173656688017,0.2171173656688017,0.2171173656688017,8.478048341142852e-08,8.478048341142852e-08,8.478048341142852e-08,8.478048341142852e-08,-0.1416727984516628,-0.1416727984516628,-0.1416727984516628,-0.1416727984516628,0.19782809913158417,0.19782809913158417,0.19782809913158417,0.19782809913158417,0.0,0.0,0.0,0.0
10,last_prompt_token,1,0.2168161541807885,0.21687702531574152,0.21729204995291573,0.21627938727370832,0.0013874056958255536,0.0011070452115096163,-0.0008044767006589737,0.003859648576626018,-0.14008893176561274,-0.1404090117314536,-0.14259134448723976,-0.13726643907814484,0.19748649994532266,0.1973741501569748,0.19767923653125763,0.1974061131477356,0.0017267475538663701,0.002294663784376927,0.0007524846115390948,0.0021330942656830887
10,last_prompt_token,2,0.21650972499900842,0.21691899820536126,0.21731110099984818,0.21529907579181576,0.002798758283201456,0.0009137263310415866,-0.0008922220786420354,0.008374770597204817,-0.13847762877097414,-0.14062971865742258,-0.14269152100696592,-0.13211164664853392,0.19730369249979654,0.19739125669002533,0.19768169522285461,0.1968381255865097,0.002650819747496073,0.002208192079267146,0.0007400561870241074,0.0050042109761969655
10,last_prompt_token,3,0.21656223799334187,0.21699269559203077,0.2173029538964023,0.21539106449159254,0.002556893751916108,0.000574290652120113,-0.0008546981213570781,0.007951088724985289,-0.13875375895066333,-0.1410172431717256,-0.14264868092201155,-0.13259535275825285,0.19730307161808014,0.19737763702869415,0.19767986238002777,0.1968517154455185,0.0026539582385352403,0.0022770380187012718,0.0007493210125716354,0.004935515684332814
10,last_prompt_token,4,0.21680766941786478,0.21697449563932017,0.21736949311584985,0.21607901949842437,0.0014264848463036255,0.0006581160573867484,-0.0011611646888809446,0.0047825031704050724,-0.14004431615874272,-0.14092154197860007,-0.14299856549545176,-0.13621284100217634,0.19748821357885996,0.19736477732658386,0.1976800411939621,0.19741982221603394,0.0017180853185984057,0.0023420424451034982,0.0007484171271523454,0.0020637963835393736
10,last_prompt_token,5,0.2168327935269567,0.21699555821779395,0.21739223864899965,0.21611058371407646,0.0013107681375803908,0.0005611059604596624,-0.0012659261442871106,0.00463712459656862,-0.14017642678861875,-0.14103229577682663,-0.14311816880955508,-0.13637881577947453,0.1975862979888916,0.19765932857990265,0.197684645652771,0.19741491973400116,0.0012222790582026022,0.000853117188217345,0.0007251420776062112,0.0020885779087842504
10,last_prompt_token,6,0.21677135713294104,0.21675901493104566,0.2174265116202731,0.21612854484750443,0.0015937320940458966,0.001650577850307755,-0.0014237807141517234,0.004554399145981658,-0.1398533745091913,-0.13978847525005755,-0.14329838709335974,-0.1364732611841566,0.1974914868672689,0.19737842679023743,0.19768451154232025,0.19741152226924896,0.0017015391938401587,0.0022730458580995094,0.0007258199916706509,0.002105751731750316
10,last_prompt_token,7,0.21670768160779938,0.2165913060933602,0.2174541120769597,0.21607762665307823,0.0018870090484116215,0.002423011796115926,-0.0015509029932083696,0.0047889183423273085,-0.1395185481595925,-0.13890660835076263,-0.14344351915374043,-0.1362055169742744,0.19749334951241812,0.1973785161972046,0.1976848691701889,0.19741666316986084,0.0016921237207228046,0.002272593915389809,0.000724012220832182,0.002079765025946423
10,last_prompt_token,8,0.21670388614430147,0.2166304884838457,0.2174420877665031,0.21603908218255563,0.0019044902073434382,0.0022425454062309225,-0.0014955213824370261,0.004966446598236418,-0.13949859039426257,-0.13911264193659667,-0.1433802914698279,-0.13600283777636313,0.19749190906683603,0.19738227128982544,0.19768403470516205,0.19740942120552063,0.0016994050199335604,0.0022536123215852744,0.0007282303527886835,0.0021163723854267236
10,last_prompt_token,9,0.21685404310039447,0.21674309898825253,0.2172331080717199,0.21658592224121093,0.0012128967786001477,0.001723883554781258,-0.0005330019799836272,0.002447808761002812,-0.1402881638663871,-0.1397047841141934,-0.1422814091569009,-0.13887829832806697,0.19770669440428415,0.19766069948673248,0.19777894020080566,0.19768044352531433,0.0006136879838250694,0.0008461874000029734,0.0002484931665132084,0.0007463833849590262
10,last_prompt_token,10,0.21694518604866264,0.2166685408904773,0.21723453778178753,0.21693247947372307,0.00079311027160985,0.0020672834998961553,-0.0005395869435678158,0.0008516342585012104,-0.14076742274320683,-0.13931273370462782,-0.14228892703134122,-0.14070060749365143,0.1977402518192927,0.19766220450401306,0.19777917861938477,0.19777937233448029,0.00044405882014279346,0.0008385796977241622,0.0002472879859541921,0.00024630877675002605
10,last_prompt_token,11,0.21686844865814978,0.2161783426749606,0.21747840592841142,0.21694859737107733,0.001146547610768082,0.004325040139709135,-0.0016627956984152092,0.0007773983910103199,-0.14036391291292305,-0.1367351141448978,-0.14357126402245068,-0.14078536057142066,0.19761701921621957,0.19738775491714478,0.19768385589122772,0.19777944684028625,0.001066986521587025,0.0022258931687277883,0.0007291342382079735,0.00024593215782531264
10,last_prompt_token,12,0.21683502304119892,0.21620424094320345,0.21723507312165588,0.21706575505873738,0.0013004994331571689,0.004205757806085564,-0.0005420526137887016,0.0002377931071746442,-0.14018815029012802,-0.13687129555207722,-0.142291742020201,-0.14140141329810585,0.19765537977218628,0.19737446308135986,0.19777917861938477,0.1978124976158142,0.0008730779912261196,0.002293081984893197,0.0002472879859541921,7.88640028309695e-05
10,last_prompt_token,13,0.21693164333909834,0.2162634344661937,0.21746243709275703,0.2170690584583443,0.0008554853302534804,0.003933124072761474,-0.0015892463798181655,0.00022257829781713312,-0.14069621082941422,-0.13718255409574232,-0.14348729475894473,-0.14141878363355564,0.19762223958969116,0.1973758339881897,0.19767829775810242,0.19781258702278137,0.0010405980889301263,0.0022861521966788256,0.000757230009990173,7.841206012138002e-05
10,last_prompt_token,14,0.2169568315607493,0.21636581581179834,0.2174262663897346,0.21707841248071494,0.000739473331683486,0.0034615757163720673,-0.0014226512304875705,0.00017949550916596113,-0.14082865858370455,-0.13772090807302861,-0.143297097592475,-0.14146797008561007,0.1976181169350942,0.19736582040786743,0.19767554104328156,0.1978129893541336,0.0010614376694298617,0.0023367697801577325,0.0007711649102039031,7.63783179279498e-05
10,last_prompt_token,15,0.21697256264566375,0.21641025062368696,0.21742709344174682,0.21708034387155742,0.0006670190462683875,0.0032569177057862886,-0.001426460469511559,0.00017059990253043278,-0.1409113776775072,-0.1379545605765089,-0.14330144649742005,-0.14147812595859266,0.19761697947978973,0.19736312329769135,0.19767484068870544,0.1978129744529724,0.001067187385013509,0.0023504033852316253,0.0007747051280959649,7.645364171293689e-05
10,last_prompt_token,16,0.21698454154305766,0.2164335058516815,0.2174378980107668,0.21708222076672465,0.000611846599138488,0.003149808696097822,-0.001476224190947173,0.00016195529226481487,-0.14097436656495957,-0.13807684402970644,-0.1433582603893495,-0.1414879952758228,0.1976194828748703,0.19736914336681366,0.19767634570598602,0.19781295955181122,0.0010545329891437822,0.0023199725761163803,0.0007670974258171537,7.652896549781296e-05
10,last_prompt_token,17,0.21700797040923303,0.21652755897586085,0.2174069252334723,0.21708942701836595,0.0005039378461149472,0.0027166184908106183,-0.0013335696659477758,0.00012876471348199914,-0.14109756306344598,-0.13857140554556757,-0.1431953955847738,-0.14152588805999655,0.19761310517787933,0.19735285639762878,0.19767352938652039,0.19781292974948883,0.0010867715690976443,0.0024023014730545356,0.0007813336211706101,7.667961306778714e-05
10,last_prompt_token,18,0.21696878534739092,0.21660556632931494,0.2172106446338301,0.2170901450790277,0.0006844165397436042,0.0023573319519366587,-0.0004295397999034556,0.00012545746719760942,-0.14089151543076137,-0.1389815932486258,-0.14216328919022092,-0.14152966385343735,0.19764802853266397,0.19735361635684967,0.19777773320674896,0.1978127360343933,0.0009102377251292889,0.0023984599600226364,0.00025459439309327703,7.76588222719532e-05
10,last_prompt_token,19,0.2169851094734769,0.2167206595925724,0.21714546139500723,0.21708920743285107,0.0006092308232453769,0.00182723500116877,-0.0001293186126400947,0.00012977608120745554,-0.1409773529253969,-0.13958679056916878,-0.1418205347981445,-0.1415247334088774,0.1976606845855713,0.1973572075366974,0.1978122889995575,0.19781255722045898,0.0008462627237879236,0.0023803069278524047,7.991853582012265e-05,7.856270769124318e-05
10,last_prompt_token,20,0.21701970835025905,0.21682193980497472,0.2171425170257312,0.21709466822007123,0.00044987519665939946,0.001360758247898608,-0.00011575742642477849,0.00010462476850436886,-0.14115928492497445,-0.1401193544346382,-0.14180505235941498,-0.14155344798087022,0.197658841808637,0.19735193252563477,0.19781213998794556,0.19781245291233063,0.0008555777651920357,0.0024069715477207376,8.067177366954947e-05,7.908997418581976e-05
10,last_prompt_token,21,0.21703974886768673,0.2168815805130646,0.21714089016954438,0.21709677592045118,0.00035757251204045676,0.0010860648678927554,-0.00010826444656153456,9.491711479014953e-05,-0.1412646643981621,-0.14043296442109354,-0.14179649782740067,-0.14156453094599208,0.1976581613222758,0.19734977185726166,0.19781219959259033,0.1978125125169754,0.0008590175513708553,0.0024178934965368715,8.037047852971213e-05,7.878867904598241e-05
10,last_prompt_token,22,0.21705605482854765,0.21693246023995535,0.21713817660548107,0.21709752764020648,0.0002824704609987923,0.0008517228454553161,-9.576630379504181e-05,9.145484133610271e-05,-0.14135040637421362,-0.14070050635632714,-0.14178222903656312,-0.14156848372975062,0.19765633841355643,0.19734448194503784,0.19781219959259033,0.19781233370304108,0.0008682321610617253,0.0024446334401901915,8.037047852971213e-05,7.96925644652724e-05
10,last_prompt_token,23,0.21706257400726403,0.21695213958996684,0.21713632535533745,0.21709925707648783,0.0002524444050744738,0.0007610836269733579,-8.723980946800935e-05,8.348939771807284e-05,-0.14138468630841347,-0.1408039866953139,-0.14177249456909857,-0.1415775776608279,0.19765670597553253,0.1973455399274826,0.1978122591972351,0.19781231880187988,0.0008663741743665984,0.0024392854514595497,8.006918338998581e-05,7.976788825025949e-05
10,last_prompt_token,24,0.21706943618817154,0.2169735740212833,0.2171348539721064,0.21709988057112495,0.00022083854846973358,0.0006623608489347843,-8.046290748331408e-05,8.061770395773049e-05,-0.14142076985823002,-0.14091669581514354,-0.14176475756378903,-0.14158085619575744,0.1976561297972997,0.19734391570091248,0.1978122442960739,0.19781222939491272,0.0008692866940508784,0.0024474957440178136,8.01445071749729e-05,8.021983095984897e-05
10,last_prompt_token,25,0.21707880196451138,0.21700187651049188,0.21713386343306854,0.21710066594997374,0.00017770162334655262,0.0005320051460554476,-7.59006793500383e-05,7.700040333424862e-05,-0.14147001811642732,-0.14106551938786138,-0.14175954899158727,-0.14158498596983327,0.19765700896581015,0.19734646379947662,0.1978122889995575,0.1978122740983963,0.0008648425907394897,0.0024346153767933476,7.991853582012265e-05,7.999385960499872e-05
10,last_prompt_token,26,0.21711031595865884,0.21709563471689947,0.21713348997741186,0.21710182318166524,3.255435989009866e-05,0.00010017327406353083,-7.418061599229198e-05,7.167042159905712e-05,-0.14163572881293426,-0.14155853013141684,-0.14175758524187354,-0.14159107106551239,0.19776433209578195,0.19766829907894135,0.19781243801116943,0.1978122591972351,0.00032233558368162846,0.0008077722696842038,7.916529797069582e-05,8.006918338998581e-05
10,last_prompt_token,27,0.21711145876502455,0.21709909198664817,0.2171338377880449,0.2171014465203806,2.7290818370569642e-05,8.424976907372983e-05,-7.57825634112308e-05,7.34052494492099e-05,-0.14164173805562008,-0.14157670956546076,-0.14175941414182147,-0.14158909045957802,0.19765726228555044,0.19734694063663483,0.1978124976158142,0.19781234860420227,0.0008635620863955232,0.002432205015675204,7.88640028309695e-05,7.961724068039633e-05
10,last_prompt_token,28,0.21712911750088218,0.2171529625644203,0.21713532039097377,0.2170990695472525,-5.4041848439045914e-05,-0.00016386752471819754,-8.261114111896006e-05,8.435312052001986e-05,-0.14173459335681451,-0.14185997835462416,-0.1417672101439036,-0.14157659157191582,0.19765872259934744,0.197351336479187,0.19781245291233063,0.19781237840652466,0.0008561803554715622,0.002409984499118334,7.908997418581976e-05,7.946659311053317e-05
