icl_example_index,token_role,layer,test_mse,test_mse_seed0,test_mse_seed1,test_mse_seed2,test_r2,test_r2_seed0,test_r2_seed1,test_r2_seed2,test_r2_testmean_baseline,test_r2_testmean_baseline_seed0,test_r2_testmean_baseline_seed1,test_r2_testmean_baseline_seed2,train_mse,train_mse_seed0,train_mse_seed1,train_mse_seed2,train_r2,train_r2_seed0,train_r2_seed1,train_r2_seed2
1,pre_label_token,0,0.2171173635317164,0.21711736246317376,0.2171173656688017,0.21711736246317376,9.462347827504658e-08,9.954497570685561e-08,8.478048341142852e-08,9.954497570685561e-08,-0.1416727872141824,-0.14167278159544217,-0.1416727984516628,-0.14167278159544217,0.19782808919747671,0.19782809913158417,0.19782806932926178,0.19782809913158417,5.021585662105347e-08,0.0,1.506475698631604e-07,0.0
1,pre_label_token,1,0.2177280960296716,0.21785998304351037,0.21732481307342272,0.2179994919720818,-0.0028128192321027847,-0.0034202648974968053,-0.000955377194630902,-0.004062815604180647,-0.14488421471975346,-0.1455777189712668,-0.1427636234910865,-0.1463113016969071,0.19515745341777802,0.19437193870544434,0.1967453509569168,0.1943550705909729,0.013499830031879267,0.01747052335493038,0.005473176861226281,0.017555789879481143
1,pre_label_token,2,0.21832816019779497,0.21741107652167313,0.2174030239842519,0.2201703800874598,-0.005576596857172822,-0.0013526896835294178,-0.0013156012787685079,-0.01406149960922054,-0.14803954472277572,-0.14321722439060358,-0.14317488156416025,-0.15772652821356337,0.19312327106793722,0.19653922319412231,0.1964392066001892,0.18639138340950012,0.023782405453522355,0.00651513077828525,0.007020704022794755,0.05781138155948706
1,pre_label_token,3,0.2179199159980154,0.21804975301277738,0.21745625503924715,0.21825373994202174,-0.0036963043070543655,-0.0042943080795962985,-0.0015607730563382827,-0.0052338317852285154,-0.14589286568317772,-0.146575590381542,-0.14345478753729024,-0.14764821913070092,0.19464227557182312,0.19377939403057098,0.19643057882785797,0.1937168538570404,0.016103999248569905,0.02046577366302349,0.007064316494274414,0.020781907588411808
1,pre_label_token,4,0.21836462902421713,0.21792574169255105,0.21738082661348232,0.21978731876661797,-0.0057445651042911106,-0.003723136311135633,-0.0012133645515528535,-0.012297194450184845,-0.14823130951777216,-0.14592349905496227,-0.14305816066379973,-0.15571226883455447,0.19278007249037424,0.1942215859889984,0.196586474776268,0.18753215670585632,0.025517237760305494,0.018230540344963297,0.006276279056244172,0.05204489387970901
1,pre_label_token,5,0.21853100004650297,0.21889829715760817,0.21731458551743452,0.21938011746446626,-0.006510837335295561,-0.00820253564249529,-0.0009082710818166806,-0.010421705281574711,-0.14910614175428752,-0.1510375078585462,-0.1427098437188863,-0.1535710736854301,0.1911633958419164,0.1886609047651291,0.19670474529266357,0.18812453746795654,0.03368936626760377,0.04633919249437657,0.0056784341751845435,0.0490504721332502
1,pre_label_token,6,0.21907003119546156,0.21768714359828403,0.21725782666887555,0.22226512331922516,-0.008993508869186298,-0.0026242003816967507,-0.0006468509804256062,-0.02370947524543654,-0.15194054055232256,-0.14466887369071313,-0.14241138747485627,-0.16874136049139832,0.18786306182543436,0.1944390833377838,0.19667038321495056,0.17247971892356873,0.050372203695500405,0.017131114379996037,0.005852130823253532,0.12813336588325164
1,pre_label_token,7,0.21898569913805366,0.21765720784163275,0.21724013641100973,0.22205975316151852,-0.008605091986923533,-0.0024863221699698013,-0.0005653731294414932,-0.022763580661359306,-0.15149709552578824,-0.1445114618735397,-0.14231836642082496,-0.16766145828300005,0.1878454883893331,0.19443893432617188,0.19670337438583374,0.17239415645599365,0.05046103554587156,0.017131867617845353,0.005685363963398915,0.1285658750563704
1,pre_label_token,8,0.2189507567248091,0.21764132235230518,0.21725001295073693,0.22196093487138507,-0.008444154098908271,-0.002413156728173549,-0.0006108625303442583,-0.022308443038207004,-0.15131335710122343,-0.14442793087177241,-0.1423703004368564,-0.1671418399950415,0.1878353257973989,0.1944834440946579,0.19671815633773804,0.17230437695980072,0.05051240636719989,0.01690687547223302,0.005610642768739682,0.12901970086062697
1,pre_label_token,9,0.218990233498795,0.21764881550764836,0.21723779630260306,0.22208408868613363,-0.008625976361339882,-0.002447668729020691,-0.0005545950500323027,-0.022875665304966653,-0.15152093864999347,-0.14446733228770015,-0.14230606137970092,-0.16778942228257931,0.1881646066904068,0.19460555911064148,0.19678249955177307,0.17310576140880585,0.04884792647554966,0.016289597054659266,0.005285394665373699,0.12496878770661601
1,pre_label_token,10,0.2189922113712428,0.21762499608913388,0.21723015248274602,0.22212148554184857,-0.008635086053114286,-0.002337961168680236,-0.0005193891180450549,-0.023047907872617568,-0.1515313389381764,-0.14434208213965638,-0.14226586772139926,-0.16798606695347362,0.18811781207720438,0.19474433362483978,0.19680266082286835,0.17280644178390503,0.04908446826818591,0.015588106645523792,0.005183481584351446,0.1264818165746825
1,pre_label_token,11,0.22094634454123444,0.21727761340742352,0.21722870995016658,0.2283327102661133,-0.017635439379527496,-0.0007379848094009045,-0.0005127450964914626,-0.05165558823269012,-0.16180679837855472,-0.14251543249723708,-0.14225828242207617,-0.2006466802163509,0.18063053985436758,0.1968599110841751,0.1968127340078354,0.14821897447109222,0.08693183300405542,0.004894087602616448,0.005132562705732813,0.250768848703817
1,pre_label_token,12,0.22093630772010953,0.21727565957718536,0.2172290529523577,0.22830421063078551,-0.017589211754007666,-0.0007289858513190861,-0.0005143248971721803,-0.05152432451353173,-0.16175402155148721,-0.14250515863070956,-0.14226008603769302,-0.20049681998605906,0.18062076965967813,0.19687412679195404,0.1967945098876953,0.14819367229938507,0.08698122029904694,0.004822228711784726,0.005224683694712962,0.25089674849064314
1,pre_label_token,13,0.22080581141453162,0.2172629380426487,0.21722271702870602,0.2279317791722402,-0.01698817141754098,-0.0006703929634634953,-0.0004851428780601186,-0.049808978411099325,-0.16106783009039524,-0.14243826471879095,-0.1422267697174442,-0.19853845583495056,0.18050908545653024,0.19690892100334167,0.19680914282798767,0.1478091925382614,0.08754577206716359,0.0046463476739525555,0.005150715737903044,0.2528402527896352
1,pre_label_token,14,0.22066574417242482,0.21725247166737788,0.2172151068679425,0.2275296539819541,-0.016343049228441098,-0.0006221868959699339,-0.00045009197324219485,-0.047956868816111164,-0.16033131157297995,-0.14238322915814705,-0.14218675304946005,-0.1964239525113327,0.18077571193377176,0.19695016741752625,0.19685067236423492,0.14852629601955414,0.08619800358325287,0.0044378514372418465,0.004940788349278469,0.24921537096323831
1,pre_label_token,15,0.2206204657461129,0.2172546050127815,0.2172073604679909,0.2273994317575663,-0.016134505695620877,-0.0006320126656229608,-0.00041441357750016117,-0.04735709084373951,-0.1600932230740809,-0.14239444697303494,-0.14214601999209542,-0.19573920225711228,0.1809619963169098,0.19697555899620056,0.1968580037355423,0.1490524262189865,0.08525635583980407,0.004309499707705999,0.004903729047088579,0.24655583876461762
1,pre_label_token,16,0.22058807982116188,0.21725724805302982,0.21720197501302768,0.22730501639742812,-0.015985342490247634,-0.0006441859895580659,-0.0003896092303670162,-0.04692223225081782,-0.1599229274855387,-0.14240834492701682,-0.14211770154128955,-0.19524273598830977,0.18086321651935577,0.1969742327928543,0.1968551129102707,0.14876030385494232,0.08575567721016371,0.004316203524565632,0.0049183418613667484,0.24803248624455876
1,pre_label_token,17,0.22055450567678245,0.21725216072146633,0.21720126015799388,0.2272100961508871,-0.015830706579713416,-0.0006207547402128366,-0.000386316748575144,-0.04648504825035227,-0.15974638385785042,-0.1423815941047375,-0.1421139426040694,-0.19474361486474434,0.1810553918282191,0.197005495429039,0.19689048826694489,0.1492701917886734,0.08478425146373574,0.004158174223763966,0.0047395231959218576,0.24545505697152137
1,pre_label_token,18,0.22059862473431754,0.21724985266933922,0.21719898736777427,0.22734703416583918,-0.016033910287803693,-0.0006101243057272665,-0.00037584872350526766,-0.04711575783417854,-0.1599783760235899,-0.14236945762582054,-0.14210199154358039,-0.19546367890136884,0.1811008503039678,0.19701291620731354,0.1968967318534851,0.14939290285110474,0.08455446370381565,0.004120662978864376,0.004707962530032583,0.24483476560255002
1,pre_label_token,19,0.22043902560108516,0.21723914907759978,0.21719123135093882,0.22688669637471687,-0.015298828046869625,-0.0005608256658002908,-0.0003401260342859036,-0.04499553244052268,-0.159139152553341,-0.14231317470484384,-0.1420612079175536,-0.19304307503762552,0.18144906560579935,0.1970502734184265,0.19693954288959503,0.15035738050937653,0.08279427238943642,0.003931826250022641,0.004491557295903226,0.23995943362238337
1,pre_label_token,20,0.21999955003668947,0.2172253632745823,0.2171840972259265,0.22558918960955965,-0.013274689969369499,-0.0004973309664875192,-0.0003072676565807342,-0.03901947128504024,-0.15682824897402936,-0.1422406845276467,-0.14202369439834595,-0.18622036799609543,0.18180346488952637,0.1971239447593689,0.1970212459564209,0.1512652039527893,0.08100282170430761,0.003559425457285048,0.00407855698308357,0.23537048267255423
1,pre_label_token,21,0.21992671603248234,0.21721660549901112,0.217183361534311,0.22538018106412486,-0.012939230860385361,-0.0004569943734116233,-0.0003038792055887196,-0.03805681900215574,-0.15644526440183962,-0.1421946333326456,-0.1420198258956913,-0.185121333977182,0.1817199488480886,0.1971307247877121,0.19704215228557587,0.15098696947097778,0.08142498641096152,0.003525153135137904,0.003972877712814404,0.23677692838493225
1,pre_label_token,22,0.2198102790768407,0.21721435675100118,0.21717821329581638,0.22503826718370454,-0.012402945126577839,-0.0004466370820344068,-0.00028016743088876694,-0.036482030866810344,-0.15583300151544596,-0.14218280869381195,-0.14199275480521845,-0.18332344104730747,0.18205766379833221,0.197160005569458,0.19707603752613068,0.15193694829940796,0.07971787325703587,0.0033771418977330825,0.0038015914258634487,0.23197488644751108
1,pre_label_token,23,0.21972827964804087,0.21720926781662372,0.21717885281859325,0.2247967183089056,-0.012025271873241797,-0.00042319845044302973,-0.0002831129471108085,-0.035369504222171555,-0.15540182219885393,-0.14215604944342264,-0.14199611762125164,-0.18205329953188754,0.18219171464443207,0.19717858731746674,0.1970943957567215,0.15230216085910797,0.07904026048772601,0.0032832131379143537,0.003708792522818749,0.23012877580244495
1,pre_label_token,24,0.21964480883600998,0.21720467094613724,0.21717784625141562,0.2245519093104771,-0.01164082171792121,-0.0004020261684258841,-0.0002784768965158335,-0.03424196208882191,-0.1549629058769523,-0.14213187762291302,-0.14199082476794644,-0.18076601523999747,0.18235012392203012,0.19719600677490234,0.19711147248744965,0.1527428925037384,0.0782395184379695,0.003195159633320843,0.0036224714652788315,0.22790092421530883
1,pre_label_token,25,0.21967408797320198,0.21720626895167247,0.21717716986391725,0.22463882510401623,-0.011775675669467208,-0.0004093862678580251,-0.00027536158863172844,-0.03464227915191187,-0.15511686497824875,-0.1421402804489409,-0.14198726810537488,-0.18122304638043052,0.1823765387137731,0.19719412922859192,0.1971086859703064,0.15282680094242096,0.07810599447520124,0.0032046504302231105,0.0036365570130624247,0.2274767759823182
1,pre_label_token,26,0.21967423169218858,0.21720607340836726,0.2171749980509782,0.22464162361722032,-0.011776337610873785,-0.0004084856338251175,-0.0002653586450707124,-0.034655168553725524,-0.15511762069881088,-0.1421392522194771,-0.1419758480158384,-0.18123776186111717,0.1823677122592926,0.19719354808330536,0.19711051881313324,0.1527990698814392,0.07815061126381333,0.0032075880578357197,0.0036272921875148967,0.22761695354608935
1,pre_label_token,27,0.21961466257645637,0.21720045233974938,0.21716807870303884,0.2244754566865809,-0.01150197397119701,-0.00038259609650515003,-0.0002334894883524452,-0.033889836328733436,-0.15480438716795172,-0.14210969483644842,-0.14193946386341905,-0.18036400280398768,0.1825471818447113,0.19719691574573517,0.19712361693382263,0.1533210128545761,0.07724341159800989,0.003190564882439517,0.003561082580553654,0.22497858733103648
1,pre_label_token,28,0.21970408677386968,0.21719817954952977,0.21715454614462973,0.2247595346274496,-0.01191384424954367,-0.0003721280714352737,-0.00017116118393456503,-0.03519824349326117,-0.15527460830109643,-0.14209774377595963,-0.14186830532765882,-0.18185777579967088,0.18262743949890137,0.1971910148859024,0.1971268355846405,0.1535644680261612,0.07683771769232928,0.0032203931012753095,0.0035448126430068783,0.22374794733270564
1,first_label_token,0,0.21713923606552,0.21714572105087152,0.21711403021291525,0.21715795693277312,-0.00010064596851363146,-0.000130514536519577,1.544723476420984e-05,-0.00018687060378552722,-0.14178780001751026,-0.14182190015202245,-0.14165525955400593,-0.14188624034650243,0.1973541627327601,0.19736500084400177,0.19736166298389435,0.19733582437038422,0.0023956980879082193,0.002340912588329358,0.0023577851161556973,0.002488396559239603
1,first_label_token,1,0.21739498480361383,0.2171642575945173,0.2171410071749647,0.21787968964135948,-0.0012785743927259396,-0.0002158902134818952,-0.000108803350532094,-0.0035110296141638297,-0.14313260897197,-0.14191937124832332,-0.14179711307945686,-0.14568134258812981,0.19554145137468973,0.19730006158351898,0.19729319214820862,0.1920311003923416,0.01155876120193359,0.002669173643092826,0.0027038979079496706,0.029303212054758276
1,first_label_token,2,0.2209008053905156,0.21717166419790573,0.21711845878793412,0.2284122931857069,-0.017425695001330215,-0.00025000357303595067,-4.949911404983354e-06,-0.05202213151954971,-0.16156733890703726,-0.14195831754629196,-0.14167854642292776,-0.20106515275189207,0.1829629341761271,0.19724604487419128,0.19722643494606018,0.15441632270812988,0.07514182778235956,0.002942222363496172,0.0030413484644756794,0.21944191251910683
1,first_label_token,3,0.2205697201213249,0.2171684024714622,0.21710716215502315,0.22743359573748934,-0.015900781321112833,-0.00023498070207894628,4.7080159604973026e-05,-0.04751444342086453,-0.1598263862907474,-0.1419411663417116,-0.14161914510111817,-0.19591884742941246,0.18231795728206635,0.19720447063446045,0.1971893161535263,0.15256008505821228,0.07840211738172416,0.0031523757234754868,0.003228980012758398,0.2288249964089386
1,first_label_token,4,0.22100677490234374,0.2171757273313378,0.21693333858201483,0.2289112587936786,-0.01791376974614667,-0.00026871756707835814,0.0008476773745538235,-0.05432026904591547,-0.1621245606140469,-0.14197968280605178,-0.14070512496080378,-0.20368887407528513,0.17930377026398978,0.19716103374958038,0.19114276766777039,0.14960750937461853,0.09363851216744017,0.003371944556572304,0.03379363949388747,0.2437499524518607
1,first_label_token,5,0.22110058546734124,0.21718839276738527,0.21684001473819509,0.22927334889644335,-0.018345842771513448,-0.0003270520763178908,0.0012775086578333816,-0.05598798489605583,-0.16261784667587387,-0.14204628173410794,-0.1402143982351558,-0.20559286005835786,0.17834552129109701,0.19711501896381378,0.1906338930130005,0.14728765189647675,0.09848235880550238,0.00360454440446345,0.03636594674954896,0.2554765852624947
1,first_label_token,6,0.2213715368960084,0.21719654467927307,0.21706057957240513,0.22985748643634699,-0.0195937918006532,-0.0003645981803412912,0.00026163038005944106,-0.05867840760167775,-0.16404259625708786,-0.14208914710339338,-0.14137419892975678,-0.20866444273811346,0.17931038637955984,0.19708329439163208,0.19541151821613312,0.1454363465309143,0.09360506840692728,0.003764908742598161,0.012215559498672035,0.26483473697951165
1,first_label_token,7,0.22217041731548579,0.21961590262020336,0.21676417919768004,0.2301311701285739,-0.023273278005209324,-0.011507685368984388,0.0016267922531463253,-0.059938940899789905,-0.1682433659252509,-0.15481090771599937,-0.13981563062163382,-0.21010355943811954,0.17015302181243896,0.176701620221138,0.19014804065227509,0.1436094045639038,0.13989457231117244,0.10679210386788385,0.03882187875747989,0.2740697343081536
1,first_label_token,8,0.2216569291443384,0.21797701571168018,0.21692385152608407,0.23006992019525097,-0.02090825240704086,-0.003959294366131072,0.0008913728896372541,-0.05965683574462877,-0.1655432803032657,-0.1461931143053441,-0.1406552389755893,-0.20978148762886373,0.17394429941972098,0.19012437760829926,0.1898868978023529,0.14182162284851074,0.12073006724882407,0.038941492927962784,0.04014192808853312,0.2831067807299763
1,first_label_token,9,0.22306887575892173,0.2202306699352104,0.2171022190767176,0.23187373826483718,-0.027411401017602238,-0.01433918279892521,6.984700679502076e-05,-0.06796486726067652,-0.1729677488056823,-0.15804355158471384,-0.14159315280877105,-0.219266542023562,0.17125376065572104,0.17572225630283356,0.19698341190814972,0.1410556137561798,0.1343304545335968,0.11174268430920442,0.004269804073043337,0.2869788752185426
1,first_label_token,10,0.22213470234590418,0.2181887698774578,0.2168093064252068,0.23140603073504792,-0.023108781874539835,-0.004934592436705687,0.0014189451122148533,-0.06581069829912867,-0.16805556515149322,-0.14730658567730193,-0.14005292406878933,-0.21680718570838842,0.17361984153588614,0.1899077147245407,0.18970325589179993,0.14124855399131775,0.1223701673420825,0.040036700760973654,0.04107021841411951,0.28600358285115435
1,first_label_token,11,0.2219041979279505,0.21811117605000985,0.21684351688673517,0.23075790084710643,-0.022047123827513615,-0.004577210517343833,0.0012613784499507785,-0.06282553941514779,-0.1668434989351865,-0.14689857242671644,-0.14023281365629003,-0.21339911072255302,0.1735967149337133,0.18996430933475494,0.1896960735321045,0.1411297619342804,0.12248706985630757,0.03975062102577587,0.04110652447845997,0.28660406406468686
1,first_label_token,12,0.22143381743871862,0.21739322117396764,0.21701704073352973,0.22989119040865857,-0.01988064374010186,-0.0012704514611896478,0.00046216171503599135,-0.05883364147415193,-0.1643700873413044,-0.14312333524120513,-0.14114525773996722,-0.20884166904274082,0.17736012736956278,0.1953083574771881,0.19523413479328156,0.1415378898382187,0.10346342027179485,0.012737026061803602,0.013112213834584052,0.2845410209189969
1,first_label_token,13,0.22261044478216094,0.2201196766701065,0.21699096134730747,0.23072069632906875,-0.025299958036140713,-0.013827969633861681,0.000582278242476808,-0.06265418271703727,-0.17055717158389613,-0.15745991337046927,-0.14100812395631723,-0.21320347742490187,0.1690585861603419,0.17596398293972015,0.18980742990970612,0.14140434563159943,0.14542682812771912,0.11052078186992653,0.04054362983361204,0.2852160726796188
1,first_label_token,14,0.22259552846101818,0.22027129966671727,0.2170575791046399,0.23045770661169743,-0.02523125639252895,-0.014526315357102249,0.0002754499448905934,-0.0614429037653752,-0.17047873677952596,-0.15825719575420227,-0.14135842150716504,-0.21182059307721057,0.1692813883225123,0.1760840117931366,0.1898232102394104,0.14193694293498993,0.14430058689531353,0.10991404878224409,0.04046386194536178,0.2825238499583347
1,first_label_token,15,0.22167553621179917,0.21809483696432674,0.21711821195458164,0.22981355971648915,-0.02099395290283475,-0.004501955899881338,-3.813045494682754e-06,-0.058476089763128236,-0.16564112223642238,-0.14681265626971762,-0.14167724849393237,-0.20843346194561718,0.17425228158632913,0.19022038578987122,0.18998584151268005,0.14255061745643616,0.11917325015377978,0.03845618178160182,0.03964177815653924,0.27942179052319827
1,first_label_token,16,0.2216520656724604,0.21799864889192982,0.2171447689793691,0.22981277914608225,-0.020885852211410743,-0.00405893254269496,-0.00012612948229429044,-0.058472494609242975,-0.16551770660706663,-0.1463068685108584,-0.14181689385446927,-0.2084293574558722,0.17456331352392832,0.19035407900810242,0.19012710452079773,0.14320875704288483,0.1176010167907513,0.03778037678313051,0.03892770867531903,0.27609496491380436
1,first_label_token,17,0.22150596437000092,0.21740863543598593,0.21728097771396157,0.2298282799600553,-0.020212938326227652,-0.001341446522611811,-0.0007534801441129169,-0.058543888311958225,-0.16474945906352034,-0.143204388378527,-0.14253312310088062,-0.2085108657111534,0.17648694415887198,0.19540390372276306,0.19021251797676086,0.14384441077709198,0.10787726852956951,0.012254049952775792,0.03849595274004958,0.27288180289588315
1,first_label_token,18,0.22136645009871625,0.21720294471548385,0.21730654419971113,0.22958986138095375,-0.019570363012056724,-0.0003940754893001497,-0.0008712343527792488,-0.057445779194090774,-0.16401584824417884,-0.1421228005480566,-0.14266755988921553,-0.2072571842952644,0.1771764556566874,0.19706106185913086,0.19022434949874878,0.14424395561218262,0.10439186124495103,0.0038772918297269587,0.03843614565480813,0.270862146250318
1,first_label_token,19,0.22128462537663993,0.21719824366208887,0.21731375365698036,0.22934187881085052,-0.019193494423553226,-0.00037242336128207043,-0.0009044396960542489,-0.05630362021332336,-0.1635855875916159,-0.142098080900374,-0.14270546952960994,-0.20595321234486375,0.1777132898569107,0.19708701968193054,0.19047103822231293,0.14558181166648865,0.10167822146081591,0.0037460777963634895,0.037189160395145526,0.26409942619093874
1,first_label_token,20,0.22144025113402296,0.21719691973774374,0.2178206660166508,0.2293031676476743,-0.019910276076230415,-0.00036632562594518525,-0.0032391783989336176,-0.05612532420381244,-0.16440391777628513,-0.14209111928121754,-0.14537097742416272,-0.2057496566234751,0.173364927371343,0.19709831476211548,0.17716631293296814,0.1458301544189453,0.1236587313310313,0.0036889823673799116,0.10444313163456609,0.2628440799911479
1,first_label_token,21,0.22123004047810532,0.2171950412397625,0.21730961038284943,0.22918546981170398,-0.01894208710871803,-0.0003576736334331976,-0.0008853565897033455,-0.05558323110301755,-0.16329856267460272,-0.14208124153587676,-0.1426836828643323,-0.20513076362359906,0.1780420889457067,0.19711098074913025,0.19066138565540314,0.14635390043258667,0.10001617703821204,0.003624957150181851,0.03622697436633682,0.2601965995981175
1,first_label_token,22,0.2214041306525051,0.21719508932418183,0.21769344906847016,0.22932385356486346,-0.01974391223727993,-0.00035789510081851716,-0.002653242138131784,-0.05622059947288949,-0.16421398469060663,-0.1420814943791875,-0.1447020298768651,-0.2058584298157673,0.17376853028933206,0.19711770117282867,0.17757587134838104,0.1466120183467865,0.1216185615080344,0.0035909861231744333,0.10237285740552193,0.25889184099540685
1,first_label_token,23,0.2213080147067372,0.21719366442255614,0.21764669338194262,0.2290836863157128,-0.01930122108117116,-0.0003513322839727717,-0.0024378946350909203,-0.05511443632444979,-0.16370857619671342,-0.14207400178907847,-0.14445617346958506,-0.20459555333147672,0.17399004101753235,0.19712430238723755,0.17779184877872467,0.14705397188663483,0.12049884833699016,0.003557617686446468,0.10128111446661836,0.2566578128579057
1,first_label_token,24,0.22134743217660602,0.2171954002700934,0.21761969718612542,0.22922719907359917,-0.019482770200494565,-0.0003593272565756145,-0.002313555462840622,-0.05577542788206746,-0.1639158459054002,-0.14208312943259727,-0.14431421880680984,-0.2053501894767935,0.17410114407539368,0.19712792336940765,0.17784227430820465,0.14733323454856873,0.11993723419648612,0.0035393140067063733,0.10102621877838525,0.25524616980436676
1,first_label_token,25,0.22133862738515817,0.21719801445969011,0.2176080335088137,0.2292098341869707,-0.01944221706153108,-0.0003713677000796167,-0.002259834857457621,-0.055695448627056,-0.1638695474858285,-0.14209687568059248,-0.14425288744772802,-0.20525887932916498,0.17414279778798422,0.1971302628517151,0.17776808142662048,0.14753004908561707,0.11972667910965377,0.0035274881724709495,0.10140125590359583,0.25425129325289453
1,first_label_token,26,0.22147405928924302,0.21719943615568785,0.21759074716007007,0.22963199455197117,-0.020065989794705603,-0.0003779157524328447,-0.002180217332508283,-0.057639836299175684,-0.16458169190808566,-0.14210435141448086,-0.14416199027750687,-0.20747873403226924,0.17408652106920877,0.19712918996810913,0.17768800258636475,0.14744237065315247,0.12001115193743946,0.0035329114849865784,0.10180604592385711,0.2546944984034747
1,first_label_token,27,0.22151349545860824,0.21719943134724592,0.2176800046648298,0.229661050363749,-0.02024762504023429,-0.00037789360569440156,-0.0025913198572533602,-0.057773661657755104,-0.16478905994472667,-0.14210432613014978,-0.1446313348871746,-0.2076315188168556,0.1741457680861155,0.19712844491004944,0.17766495048999786,0.14764390885829926,0.11971166456852263,0.0035366776742334904,0.10192257181915754,0.25367574421217687
1,first_label_token,28,0.22187200861484727,0.21803364793793495,0.2176737168255974,0.22990866108100955,-0.021898866177670673,-0.004220131270074923,-0.002562359305526174,-0.05891410795741092,-0.16667423719484833,-0.14649090472865578,-0.1445982714102363,-0.20893353544565296,0.17216821014881134,0.19109313189983368,0.17757995426654816,0.14783154428005219,0.12970800960739812,0.034044543021518714,0.10235221868844868,0.2527272671122269
1,last_label_token,0,0.2171438254562079,0.2171516995470063,0.21711505280823268,0.21716472401338466,-0.00012178380004864338,-0.00015805031473581366,1.0737361707424675e-05,-0.00021803844711754117,-0.14181193250683802,-0.1418533370036612,-0.141660636688415,-0.14192182382843788,0.19730481008688608,0.19731232523918152,0.1973121166229248,0.19728998839855194,0.0026451704636257047,0.0026071821680881957,0.002608236701077349,0.00272009252171157
1,last_label_token,1,0.21835355357963496,0.21717637166255663,0.21736189417478416,0.22052239490156414,-0.00569355378325261,-0.0002716852300388428,-0.001126165459786277,-0.01568281065993271,-0.14817307127519194,-0.14198307090641604,-0.14295860782423997,-0.1595775350949198,0.18922812740008035,0.1972091645002365,0.1916930228471756,0.17878219485282898,0.04347194240482277,0.003128648731219763,0.031012158087450725,0.09627502039579783
1,last_label_token,2,0.2187657423046123,0.21718702075862084,0.21723370912696133,0.22187649702825465,-0.007592014041196767,-0.0003207328735959081,-0.0005357703222974575,-0.021919538927696935,-0.15034049189438323,-0.14203906727164073,-0.1422845696982855,-0.1666978387132234,0.1882784366607666,0.1971469521522522,0.19102555513381958,0.17666280269622803,0.04827252808240179,0.003443125533339475,0.03438613638621635,0.10698832232764954
1,last_label_token,3,0.21866360939517407,0.2171835218157087,0.21736912927707705,0.2214381770927365,-0.00712160993296392,-0.0003046174302057114,-0.0011594889190003066,-0.019900723449685742,-0.14980344427420267,-0.14202066870672736,-0.14299665231440017,-0.16439301180148047,0.1838023066520691,0.19712640345096588,0.17796970903873444,0.17631080746650696,0.07089888919261116,0.0035469970327701716,0.10038204976958831,0.10876762077547497
1,last_label_token,4,0.2186434390498143,0.21718637963302997,0.2166815124639944,0.22206242505241844,-0.007028709286405088,-0.00031777997512771883,0.0020075389816379685,-0.022775886865725514,-0.149697382124076,-0.1420356960274971,-0.13938094240176246,-0.16767550794296837,0.1832576592763265,0.19711090624332428,0.1768423169851303,0.1758197546005249,0.07365202374798252,0.0036253337691065646,0.10608089669049137,0.11124984078434963
1,last_label_token,5,0.21839140349743413,0.21718701755299288,0.21595670395538585,0.22203048898392364,-0.005867883065821237,-0.00032071810910361265,0.005345864522417476,-0.022628795610777575,-0.14837209829194764,-0.1420390504154201,-0.13556966661635617,-0.16750757784406667,0.18238704403241476,0.1970638483762741,0.1752525418996811,0.17484474182128906,0.07805289120681931,0.0038632062819433655,0.11411704065804662,0.11617842668046796
1,last_label_token,6,0.2218591764861462,0.2171925921400054,0.21644072652864857,0.23194421078978467,-0.021839763914829297,-0.0003463935612846303,0.003116551677099566,-0.06828944986030283,-0.1666067617433149,-0.14206836338324824,-0.13811481266687342,-0.21963710917982304,0.1708624909321467,0.19702431559562683,0.17451916635036469,0.1410439908504486,0.1363082813705926,0.00406304028338611,0.11782417605759676,0.2870376277707949
1,last_label_token,7,0.21832577253924032,0.2171796638424657,0.21564024436373672,0.2221574094115185,-0.0055655997711274345,-0.00028684836367309785,0.006803415206328656,-0.023213366156037862,-0.14802698964771097,-0.14200038224509326,-0.13390562050709165,-0.16817496619094796,0.1810237020254135,0.19696731865406036,0.17344719171524048,0.1726565957069397,0.08494444004637232,0.0043511537607772155,0.12324289382231224,0.12723927255602752
1,last_label_token,8,0.22145205051625141,0.21718392572483095,0.21610361788453175,0.23106860793939157,-0.01996462171178918,-0.00030647775624048634,0.004669207838425837,-0.06425659521755289,-0.16446596271537736,-0.14202279259053774,-0.13634218721185487,-0.21503290834373945,0.16856196522712708,0.19692640006542206,0.172355517745018,0.13640397787094116,0.14793719412423256,0.004557992874219319,0.1287611896307168,0.31049239986776156
1,last_label_token,9,0.22217920287316587,0.2171960301759864,0.21630270020300602,0.23303887824050518,-0.023313742557218704,-0.0003622284793205477,0.003752273806075457,-0.07333127299841102,-0.16828956320749824,-0.1420864416799681,-0.13738902594331526,-0.2253932219992114,0.16776645183563232,0.1968776434659958,0.17179621756076813,0.13462549448013306,0.15195842970697768,0.004804452298539208,0.1315883925746114,0.3194824442477824
1,last_label_token,10,0.2217738373272893,0.21720234686587037,0.21555556289288177,0.2325636022231158,-0.02144670852122262,-0.00039132191147861484,0.00719344141825673,-0.07114224507044598,-0.16615802105410493,-0.14211965686289263,-0.13346033815249903,-0.22289406814692314,0.16749443610509238,0.19686461985111237,0.1712237447500229,0.13439494371414185,0.15333344029310791,0.004870285286575737,0.13448218174439186,0.32064785384835615
1,last_label_token,11,0.2218321241918398,0.21720239495028967,0.21587414140460873,0.23241983622062107,-0.02171516636396294,-0.0003915433788637124,0.005726131404908075,-0.07048008711793319,-0.1664645120966771,-0.14211990970620336,-0.1351355262236582,-0.22213810036016968,0.1670206735531489,0.1968536227941513,0.1706954687833786,0.1335129290819168,0.1557282596035252,0.004925874239860573,0.1371525605680438,0.32510634400267124
1,last_label_token,12,0.2216501652693548,0.21719744866635618,0.21576318179859835,0.2319898653431099,-0.020877099328201254,-0.00036876176718148024,0.006237189542802168,-0.06849972576022445,-0.16550771367755104,-0.14209390055763582,-0.13455206499973094,-0.2198771754752864,0.16680453717708588,0.1968521624803543,0.1707146018743515,0.13284684717655182,0.15682080599613488,0.004933255970784645,0.13705584482818234,0.3284733171894376
1,last_label_token,13,0.2218631584103368,0.21720281809317965,0.21598076219318293,0.23240589494464778,-0.02185810387506563,-0.00039349229185270396,0.005235057007397681,-0.07041587634074187,-0.16662769997881655,-0.14212213472733826,-0.1356961725528436,-0.22206479265626777,0.16668067375818887,0.1968364715576172,0.17041370272636414,0.13279184699058533,0.1574469224044748,0.005012571916325204,0.13857685801745234,0.3287513372796469
1,last_label_token,14,0.22182231764165627,0.21720837344642446,0.2160719238409475,0.23218665563759683,-0.021669999321142813,-0.000419079157079727,0.004815184374202142,-0.06940610318055085,-0.16641294610813104,-0.14215134655784212,-0.1361755297576175,-0.22091196200893348,0.16652007400989532,0.1968306452035904,0.1700430065393448,0.1326865702867508,0.15825873705061733,0.0050420235162362825,0.14045068781537595,0.32928349982023974
1,last_label_token,15,0.22172603286614936,0.2172045138703675,0.2162716360653148,0.2317019486627659,-0.021226530568437523,-0.00040130270830118775,0.003895349119106717,-0.0671736381161181,-0.16590664985328005,-0.14213105166809803,-0.13722568073644892,-0.21836321715529317,0.16665235658486685,0.19684377312660217,0.1702183187007904,0.13289497792720795,0.15759006270378692,0.004975663261705177,0.13956450348557048,0.3282300213640851
1,last_label_token,16,0.2217375768666842,0.2171944321704512,0.21618838911296942,0.23182990931663192,-0.02127969996610653,-0.00035486837988862874,0.004278768220712159,-0.06776299973914313,-0.16596735191345516,-0.14207803885394044,-0.13678794154062768,-0.2190360753457974,0.16680466632048288,0.19685454666614532,0.170451819896698,0.13310763239860535,0.15682015318999867,0.0049212041651943705,0.13838417977557882,0.32715507562922286
1,last_label_token,17,0.22203853083591837,0.21719844882227793,0.21665206396279216,0.23226507972268498,-0.022665834800563944,-0.00037336828879186434,0.0021431729905292407,-0.06976730910342921,-0.16754986448310763,-0.14209915969849973,-0.13922609273013808,-0.2213243410206851,0.1667833129564921,0.1968560665845871,0.1703336089849472,0.13316026329994202,0.15692809217381606,0.004913521139130683,0.1389817233614986,0.32688903202081887
1,last_label_token,18,0.2219294807156261,0.21719042032706637,0.21656766939563912,0.2320303524241728,-0.022163571378607694,-0.0003363906177236142,0.002531877780392877,-0.06868620129849234,-0.16697644394798808,-0.142056943293712,-0.13878231900729965,-0.22009006954295263,0.16674954195817313,0.19686095416545868,0.17020876705646515,0.13317890465259552,0.15709880097841578,0.004888814937670682,0.13961278603171623,0.3267948019658604
1,last_label_token,19,0.22199755329377846,0.2171884536743164,0.2166428349599117,0.23216137124710723,-0.022477100294967894,-0.0003273326016723921,0.0021856799639792257,-0.06928964824721051,-0.16733439141367157,-0.14204660200230168,-0.13917756367069156,-0.22077900856802146,0.1670081466436386,0.19687330722808838,0.17044328153133392,0.13370785117149353,0.15579158179873046,0.004826371519956352,0.13842734030434878,0.32412103357188626
1,last_label_token,20,0.22251403498716382,0.2171869245897822,0.21789518885251855,0.2324599915191907,-0.024855913468234087,-0.000320289938825713,-0.00358241593463271,-0.07066503453124384,-0.17005021793643715,-0.14203856158501926,-0.14576284241530058,-0.22234924980899162,0.15471896529197693,0.19688421487808228,0.13376452028751373,0.13350816071033478,0.21791208644699891,0.004771234509381217,0.3238345772177639,0.3251304476138517
1,last_label_token,21,0.22245634971212605,0.21718357631138394,0.21801001765146977,0.23217545517352448,-0.02459022642855631,-0.0003048684265753998,-0.004111294814782562,-0.06935451604431098,-0.1697468902446196,-0.14202095526247938,-0.14636664909763408,-0.22085306637374535,0.1550827423731486,0.19690153002738953,0.1342240422964096,0.13412265479564667,0.21607323199321518,0.004683708271282172,0.32151174233781976,0.32202424537054364
1,last_label_token,22,0.22222376644444397,0.2171800276812385,0.21736702959076698,0.23212424206132648,-0.023518993608246868,-0.00028852413355373585,-0.0011498181765168258,-0.06911863851467004,-0.16852389276917737,-0.14200229542614484,-0.14298561148983002,-0.22058377139155727,0.15506039063135782,0.1969100683927536,0.1340310275554657,0.1342400759458542,0.21618621767062352,0.004640547742512324,0.3224874113241326,0.3214306939452256
1,last_label_token,23,0.2221552210361684,0.21717908041817802,0.21729910874567113,0.231987473944656,-0.02320328692926643,-0.00028416122606711447,-0.0008369881127940904,-0.06848871144893809,-0.16816345901093807,-0.14199731441292274,-0.14262846188526068,-0.21986460073463077,0.1552266130844752,0.1969180703163147,0.1341973841190338,0.1345643848180771,0.21534598084963072,0.004600098870000124,0.3216464965890754,0.3197913470898166
1,last_label_token,24,0.22213345589090128,0.21717896020712973,0.21718187732856814,0.23203953013700598,-0.023103040947767866,-0.0002836075576042596,-0.0002970432456346206,-0.06872847204006471,-0.16804901089100413,-0.14199668230464568,-0.14201202146549896,-0.22013832890286777,0.15535240372021994,0.1969231814146042,0.13426513969898224,0.13486889004707336,0.21471012256510533,0.004574262811766094,0.3213039993389585,0.3182521055445914
1,last_label_token,25,0.22198702066886322,0.21717956927644105,0.21686600116120666,0.23191549156894203,-0.02242858909463256,-0.0002864128111490505,0.0011578203006704646,-0.0681571747734191,-0.167279007491133,-0.14199988498658223,-0.14035104318840497,-0.21948609429841182,0.1555116375287374,0.19693085551261902,0.1342543363571167,0.13534972071647644,0.21390521259924886,0.004535471062522611,0.32135860908303915,0.3158215576521848
1,last_label_token,26,0.22210791772153196,0.21718031137931246,0.21683893604438845,0.23230450574089498,-0.022985417158783956,-0.0002898307911261,0.001282476909506225,-0.069948897594732,-0.16791472299928537,-0.14200378720167817,-0.14020872611688429,-0.22153165567929367,0.15559945007165274,0.19693538546562195,0.13433973491191864,0.1355232298374176,0.2134613295346042,0.0045125726319011905,0.3209269284715546,0.31494448750035686
1,last_label_token,27,0.22212024870372957,0.21718035305247588,0.21705247574493663,0.2321279173137761,-0.023042211239322635,-0.00029002272952638464,0.0002989550166976329,-0.06913556600513915,-0.16797956326164667,-0.14200400633254762,-0.14133158640378207,-0.22060309704861036,0.15582985679308572,0.1969437450170517,0.13452930748462677,0.13601651787757874,0.21229664806395152,0.004470315988550522,0.31996865927956264,0.31245096892374136
1,last_label_token,28,0.22219557722075645,0.21719104061607553,0.2171212236420447,0.23227446740414917,-0.02338915958409693,-0.00033924754699166115,-1.7684286049091114e-05,-0.06981054691925004,-0.16837566478292496,-0.1420602049724209,-0.14169308491329669,-0.22137370446305726,0.15597944458325705,0.19693709909915924,0.1346317082643509,0.136369526386261,0.21154049769487873,0.004503910396633226,0.31945103422946286,0.31066654845854014
2,pre_label_token,0,0.2171173635317164,0.21711736246317376,0.2171173656688017,0.21711736246317376,9.462347827504658e-08,9.954497570685561e-08,8.478048341142852e-08,9.954497570685561e-08,-0.1416727872141824,-0.14167278159544217,-0.1416727984516628,-0.14167278159544217,0.19782808919747671,0.19782809913158417,0.19782806932926178,0.19782809913158417,5.021585662105347e-08,0.0,1.506475698631604e-07,0.0
2,pre_label_token,1,0.218347166365936,0.2178640702191521,0.21731230791877298,0.21986512095988298,-0.005664135532263008,-0.0034390896252316505,-0.0008977809100083611,-0.012655536061549011,-0.14813948525541173,-0.14559921065268222,-0.1426978673740662,-0.15612137773948676,0.1929425448179245,0.19440051913261414,0.19673311710357666,0.1876939982175827,0.024695957425189003,0.01732605233541773,0.005535017688661048,0.051226802251488235
2,pre_label_token,2,0.21862415826621176,0.21749618434104598,0.21739670248592602,0.22097958797166328,-0.006939905786470968,-0.0017446795729387787,-0.0012864856998719976,-0.017788552086602127,-0.14959599757519837,-0.14366474862255152,-0.14314164109690464,-0.16198160300613895,0.19301232198874155,0.19653351604938507,0.1965072900056839,0.1859961599111557,0.024343241248248715,0.006543979787916876,0.006676549649409225,0.059809194307420044
2,pre_label_token,3,0.21886431536420722,0.21819174149457146,0.2173627837365415,0.22103842086150866,-0.008046022180684917,-0.0049482791211059585,-0.0011302626064111365,-0.018059524814537653,-0.15085882068145665,-0.14732221139390744,-0.1429632854254892,-0.16229096522497333,0.1920261929432551,0.19378945231437683,0.1964622288942337,0.18582689762115479,0.029328018687931483,0.020414930108189844,0.006904328775064306,0.0606647971805403
2,pre_label_token,4,0.21847064768900726,0.21744514753838548,0.2172993411536978,0.22066745437493845,-0.0062328662379901685,-0.001509614090376532,-0.0008380585384888395,-0.016350926085105133,-0.14878878968683287,-0.14339638073250294,-0.14262968396126263,-0.16034030436673308,0.19311092297236124,0.19656012952327728,0.1964975744485855,0.18627506494522095,0.023844823763308393,0.006409451508016084,0.006725660757189389,0.05839935902471971
2,pre_label_token,5,0.2185091542262657,0.21733929129207835,0.21725268003319492,0.22093549135352383,-0.006410219780739856,-0.0010220610242894779,-0.0006231465879720233,-0.017585451729958068,-0.14899126941946564,-0.14283975461195864,-0.14238432481249386,-0.16174972883394445,0.1931648850440979,0.19666440784931183,0.19651053845882416,0.18631970882415771,0.02357205123011652,0.005882335661014038,0.006660129064292586,0.058173688965042936
2,pre_label_token,6,0.21853417789234833,0.21737173064416196,0.21723907053971492,0.22099173249316817,-0.006525473868702984,-0.001171470304534905,-0.0005604639357379426,-0.017844487365836104,-0.1491228518877592,-0.14301033113751282,-0.14231276172743623,-0.16204546279832854,0.19291347761948904,0.1965818852186203,0.1964074969291687,0.1857510507106781,0.024842889021676307,0.006299478782005319,0.00718099303714459,0.06104819524587901
2,pre_label_token,7,0.2186131923472514,0.21734886810559184,0.21722726902040113,0.22126343991576122,-0.006889398918920782,-0.0010661699451584017,-0.00050610845718424,-0.019095918354419705,-0.14953833525349278,-0.1428901125713531,-0.1422507055508635,-0.16347418763826171,0.19280432164669037,0.19655553996562958,0.19638442993164062,0.1854729950428009,0.025394660854281697,0.006432651233777231,0.00729759425623,0.062453737072837856
2,pre_label_token,8,0.21854617121506806,0.2173408668582179,0.21746435245545973,0.22083329433152657,-0.006580712756048508,-0.0010293177722751068,-0.0015980681639919947,-0.017114752331878424,-0.14918591662820488,-0.14284803944444158,-0.14349736635082344,-0.1612123440893496,0.19188267489274344,0.19657838344573975,0.1934288889169693,0.18564075231552124,0.030053487168605786,0.006317179871465961,0.022237539732354983,0.061605741901996414
2,pre_label_token,9,0.220423204758588,0.21732645916337726,0.21722707828553786,0.2267160768268489,-0.015225960355668958,-0.0009629587614481405,-0.0005052299698899976,-0.04420969233566874,-0.15905596148535825,-0.14277227916042512,-0.14224970260573078,-0.19214590268991882,0.18513565758864084,0.1965576410293579,0.19337685406208038,0.16547247767448425,0.06415894202421173,0.006422030580100824,0.022500570389361485,0.16355422510317286
2,pre_label_token,10,0.22414651865384827,0.21728026446174173,0.21714133575183003,0.23801795574797302,-0.03237481239763588,-0.0007501950445669703,-0.00011031671099703821,-0.09626392543734363,-0.17863434104620857,-0.14252937259177068,-0.1417988408420805,-0.2515748097047745,0.1731951634089152,0.19658565521240234,0.1933995485305786,0.12960028648376465,0.12451687010491123,0.006280421864415797,0.02238585226489964,0.34488433618541825
2,pre_label_token,11,0.22439838965066006,0.21726727846289884,0.21727601860751625,0.23865187188156511,-0.03353488070761294,-0.000690384086093454,-0.000730639474461281,-0.09918361856228408,-0.17995875959233998,-0.1424610880416428,-0.14250704652743007,-0.25490814420794705,0.17055203517278036,0.19660507142543793,0.1849823296070099,0.13006870448589325,0.13787760221393677,0.006182274972640567,0.06493399866330407,0.3425165330058657
2,pre_label_token,12,0.224287430578921,0.21727319124366054,0.21714573227056935,0.23844336822253315,-0.03302382503046745,-0.0007176171922163022,-0.00013056621224283305,-0.09822329168694321,-0.17937530117778286,-0.14249217934075675,-0.14182195914879503,-0.25381176504379677,0.17023373146851858,0.1965848058462143,0.18497665226459503,0.1291397362947464,0.1394865935840154,0.006284715320157397,0.06496269702536583,0.34721236840652303
2,pre_label_token,13,0.22423113708068676,0.21726925473253267,0.21727834749622504,0.2381458090133026,-0.03276454824121459,-0.0006994863956215625,-0.0007413658781469934,-0.09685279244987521,-0.17907929189512725,-0.1424714799017155,-0.14251929257178153,-0.2522471032118847,0.16953231890996298,0.19657254219055176,0.18480995297431946,0.1272144615650177,0.14303215946487172,0.006346706795162027,0.06580534420747663,0.3569444273919765
2,pre_label_token,14,0.2244109631920395,0.21726292522013688,0.21730899169665424,0.2386609726593274,-0.033592791968072,-0.0006703339054940916,-0.0008825070426816684,-0.09922553495604025,-0.18002487530873554,-0.14243819729390794,-0.14268042961373362,-0.254955999018565,0.17006979882717133,0.1966048926115036,0.18514026701450348,0.1284642368555069,0.1403152556500559,0.006183178858059746,0.06413564186673726,0.3506269462253707
2,pre_label_token,15,0.2241724756919369,0.2172661228340213,0.21750407018581358,0.2377472340559759,-0.03249436541361902,-0.0006850614866042992,-0.001781000224097884,-0.09501703453015486,-0.17877083148410114,-0.14245501137407413,-0.1437062149255175,-0.2501512681527118,0.1702376753091812,0.19660909473896027,0.1852443665266037,0.12885956466197968,0.1394666578889349,0.006161937550707042,0.0636094299051545,0.34862860621094316
2,pre_label_token,16,0.22400633013215052,0.21727198272192177,0.21741120955523321,0.23733579811929656,-0.03172913161857586,-0.0007120509786038287,-0.0013533024099614543,-0.0931220414671623,-0.17789718480177621,-0.14248582454554626,-0.1432179239237632,-0.2479878059360192,0.1703417400519053,0.19662244617938995,0.18535317480564117,0.12904959917068481,0.13894062168285037,0.0060944474394017956,0.06305941562753115,0.3476680019816182
2,pre_label_token,17,0.22357360401741264,0.21725494801497258,0.21763466586585806,0.23583119817140724,-0.029736080179699902,-0.0006335924663032344,-0.0023824982598272815,-0.08619214981296919,-0.17562177199518594,-0.14239625058865157,-0.14439292892945166,-0.24007613646745463,0.17160903414090475,0.19672803580760956,0.18620528280735016,0.13189378380775452,0.1325345848530849,0.005560703099325215,0.05875210030958833,0.33329095115034113
2,pre_label_token,18,0.22329498419240743,0.2172518882430902,0.21766028524446887,0.23497277908966321,-0.028452812024131486,-0.0006194997583637285,-0.002500496082617154,-0.08223844023141358,-0.17415669952464471,-0.1423801613259763,-0.1445276438454286,-0.2355622934025292,0.17159724235534668,0.19673492014408112,0.18632999062538147,0.13172681629657745,0.13259419107489978,0.005525903510683383,0.05812171555343515,0.3341349541605808
2,pre_label_token,19,0.22339240162312482,0.21725113972896287,0.21783557699508027,0.23509048814533137,-0.02890149756413063,-0.0006160522494020881,-0.0033078554350580713,-0.08278058500793173,-0.1746689516441494,-0.14237622539843886,-0.14544938413483166,-0.23618124539917762,0.1720052808523178,0.19676662981510162,0.1867094784975052,0.13253973424434662,0.13053159987191942,0.005365614496333548,0.05620344472239758,0.33002574039702715
2,pre_label_token,20,0.22324733146432404,0.21724161260268268,0.21897770697329225,0.23352267481699712,-0.028233332923983962,-0.0005721721781644096,-0.008568281646768483,-0.075559544947019,-0.17390612618493395,-0.14232612871046557,-0.1514550701581685,-0.22793717968616778,0.1667985419432322,0.196823388338089,0.16964782774448395,0.13392440974712372,0.15685111126560858,0.00507870619950157,0.14244827459195408,0.3230263530053701
2,pre_label_token,21,0.22295460794486252,0.217226578207577,0.21886124330408432,0.23277600232292625,-0.026885105923612224,-0.0005029267090848055,-0.008031872875524648,-0.07212051818622722,-0.17236689196197444,-0.14224707303529893,-0.15084266680326874,-0.22401093604735567,0.1673621485630671,0.19685515761375427,0.17039726674556732,0.13483402132987976,0.1540021397478667,0.004918115890011898,0.13865994015223992,0.31842836320134826
2,pre_label_token,22,0.22254191540202506,0.21722030319085642,0.21878730068687632,0.23161814232834246,-0.024984325179621864,-0.00047402521532724506,-0.007691307712939244,-0.06678764261059911,-0.17019682210676038,-0.14221407698324362,-0.150453852788081,-0.21792253654895655,0.1679607778787613,0.1968778669834137,0.17111147940158844,0.13589298725128174,0.15097613222759018,0.004803322441765068,0.13504967114012112,0.31307540310088433
2,pre_label_token,23,0.22243690864712584,0.2172160605422589,0.21888029595383074,0.2312143694452879,-0.024500684704005165,-0.00045448440971362913,-0.008119625635753858,-0.064927944066548,-0.16964466288470623,-0.14219176777512366,-0.1509428517511051,-0.21579936912788988,0.16833826899528503,0.19689419865608215,0.17152190208435059,0.13659870624542236,0.1490679547837345,0.004720767573472173,0.1329750281315506,0.30950806864618075
2,pre_label_token,24,0.22220650841208067,0.21721174897266035,0.21874280657087053,0.23066496969271108,-0.02343950650297999,-0.0004346261675149954,-0.0074863765592450005,-0.062397516782179974,-0.16843314449557276,-0.142169096158258,-0.15021988844451717,-0.21291044888394306,0.16870255768299103,0.19691473245620728,0.1718595176935196,0.13733342289924622,0.14722651421333457,0.004616971397826464,0.1312684171361912,0.3057941541059861
2,pre_label_token,25,0.22232564130083185,0.21721528478029395,0.21887183950728728,0.23088979961491432,-0.02398820917484638,-0.0004509114025672556,-0.008080676904958173,-0.06343303921701371,-0.1690595834635901,-0.14218768856970976,-0.15089838504085162,-0.21409267678020893,0.16901373863220215,0.19692830741405487,0.17200326919555664,0.13810963928699493,0.14565352761245667,0.004548351429747077,0.13054176858288613,0.30187046282473684
2,pre_label_token,26,0.22222495786950036,0.21720622247006713,0.218775186618837,0.2306934645195969,-0.023524481077900356,-0.0004091721827190753,-0.007635512696382296,-0.0625287583545997,-0.16853015766454416,-0.1421400360337406,-0.15039015312998805,-0.21306028382990383,0.16925459106763205,0.1969444453716278,0.17224957048892975,0.13856975734233856,0.1444360441685619,0.004466775770658349,0.12929674174163208,0.29954461499339524
2,pre_label_token,27,0.2220237261774827,0.21720069276184595,0.2186234049436425,0.2302470808269597,-0.022597647453435288,-0.00038370343343063773,-0.006936436130770662,-0.06047280279610456,-0.16747201683709237,-0.1421109590530023,-0.14959203636332963,-0.2107130550949452,0.16972245772679648,0.19696766138076782,0.17274686694145203,0.13945284485816956,0.14207102796905205,0.004349421313723623,0.12678296106686804,0.2950807015265645
2,pre_label_token,28,0.2221584624603015,0.21720400417552274,0.21883879268870635,0.23043259051667542,-0.023218216291771936,-0.00039895515401888737,-0.007928469753414102,-0.061327223967882816,-0.1681805034594539,-0.14212837152900382,-0.15072461426147155,-0.21168852458788634,0.1697850078344345,0.19696089625358582,0.17274881899356842,0.1396453082561493,0.14175484382780712,0.004383618312085891,0.12677309365104106,0.2941078195202944
2,first_label_token,0,0.21713957639635442,0.21714415189598787,0.21711535574007435,0.21715922155300107,-0.0001022134654504366,-0.00012328731751853894,9.342117181287968e-06,-0.00019269519601405882,-0.1417895895862765,-0.14181364903198102,-0.14166222960127284,-0.1418928901255756,0.19735336800416312,0.19736434519290924,0.19735941290855408,0.197336345911026,0.0023997153564382736,0.0023442268348666806,0.0023691590076814206,0.00248576022676672
2,first_label_token,1,0.21802580269778807,0.21716641498213055,0.21714670037021155,0.2197642927410222,-0.00418399763581867,-0.00022582671682735977,-0.0001350250889298188,-0.012191141101698832,-0.1464496519378189,-0.14193071548486658,-0.14182704972745186,-0.15559119060113824,0.19202475249767303,0.1972981095314026,0.1972881704568863,0.18148797750473022,0.0293352999871422,0.0026790410589198066,0.002729282023474,0.0825975768790328
2,first_label_token,2,0.22083910987490699,0.2171717010626272,0.2171289540138565,0.22821667454823727,-0.017141537581733868,-0.0002501733646980142,-5.3288859329647664e-05,-0.05112115052117394,-0.1612429240831017,-0.1419585113928301,-0.14173373368955788,-0.2000365271669171,0.18328315019607544,0.19726568460464478,0.19724443554878235,0.1553393304347992,0.07352316985988046,0.0028429456149468013,0.0029503573322695598,0.21477620663242503
2,first_label_token,3,0.22063111965061902,0.2171676042701016,0.21712031003807772,0.2276054446436778,-0.016183575485916386,-0.00023130434348606066,-1.3476405731793761e-05,-0.048305945708531306,-0.16014924472363648,-0.14193696914275278,-0.1416882808903921,-0.1968224841377646,0.1827725370724996,0.19723671674728394,0.19721974432468414,0.1538611501455307,0.07610426489045148,0.002989375052867893,0.003075168843913234,0.22224825077457333
2,first_label_token,4,0.22121540304659462,0.21717483135832458,0.21710293713737935,0.2293684406440799,-0.018874669975939968,-0.0002645908914689077,6.653976051063104e-05,-0.05642595879686163,-0.16322159436143488,-0.14197497149236105,-0.14159692860221185,-0.20609288298973172,0.1816950092713038,0.19719596207141876,0.19716760516166687,0.1507214605808258,0.0815510533190208,0.0031953856046755824,0.003338726767414202,0.2381190475849726
2,first_label_token,5,0.22187318721739183,0.21718659120447495,0.21709561388031776,0.2313373565673828,-0.02190429458935465,-0.0003187544316221036,0.00010026924326378417,-0.06549439857970563,-0.16668043466533233,-0.14203680853806455,-0.1415584205659821,-0.21644607489195034,0.18058151006698608,0.19714857637882233,0.1970933973789215,0.14750255644321442,0.08717967336443251,0.0034349152407811,0.0037138392164096645,0.2543902656361068
2,first_label_token,6,0.22222603335767901,0.21719350894960035,0.21691103542552276,0.23257355569791394,-0.023529434565080793,-0.00035061620609422306,0.0009504013300167813,-0.07118808881916494,-0.16853581292659503,-0.1420731842623737,-0.14058784780515943,-0.22294640671225197,0.17758066455523172,0.19712099432945251,0.1905381828546524,0.14508281648159027,0.10234862825469997,0.0035743395667029443,0.036849751420211185,0.26662179377718576
2,first_label_token,7,0.22226206889005604,0.2172145394717946,0.21682638440813337,0.23274528279024012,-0.023695407144984304,-0.00044747865809791065,0.0013402872792677156,-0.07197903005612272,-0.16872529932242442,-0.14218376949839295,-0.14014272558466367,-0.22384940288421662,0.1765011747678121,0.19708259403705597,0.1899893581867218,0.1424315720796585,0.10780533431495291,0.0037684489604903337,0.039624001743293724,0.28002355224107467
2,first_label_token,8,0.22241956085717976,0.21723050189619306,0.2167955350475151,0.23323264562783122,-0.024420784192952755,-0.0005209984477103635,0.0014823733713120735,-0.07422372750245998,-0.16955344263692154,-0.1422677050494574,-0.13998050974458542,-0.22641211311672182,0.17570415635903677,0.19703339040279388,0.18952131271362305,0.14055776596069336,0.11183417759997678,0.004017168098358392,0.0419899218282227,0.2894954428733493
2,first_label_token,9,0.2224696482596945,0.2172340553347804,0.21693870159758238,0.23323618784672073,-0.02465147692503337,-0.0005373648874704706,0.0008229763788671907,-0.07424004226649683,-0.1698168182762676,-0.14228639017012323,-0.14073332541806471,-0.22643073924061485,0.17505459487438202,0.1969904899597168,0.18917128443717957,0.1390020102262497,0.11511764181717425,0.0042340252751973395,0.04375927753643616,0.29735962263988924
2,first_label_token,10,0.22226657600295976,0.2172370221434521,0.21689085279192244,0.2326718530735048,-0.023716166021215845,-0.0005510294251320769,0.001043358573796227,-0.07164082721231169,-0.16874899916875372,-0.14230199060239745,-0.14048172103951995,-0.22346328586434372,0.1748949239651362,0.196976900100708,0.18900318443775177,0.13870468735694885,0.11592476128072231,0.004302720567061602,0.044609005154331305,0.298862558120774
2,first_label_token,11,0.22227811840068057,0.21722888145126215,0.21695006875430836,0.23265540499647125,-0.023769328036638598,-0.0005135349968319325,0.0007706214890257357,-0.07156507060210959,-0.1688096928008184,-0.1422591842298846,-0.1407930975767302,-0.22337679659584042,0.17445172369480133,0.1969570368528366,0.18879015743732452,0.13760797679424286,0.11816509150823,0.004403127172385002,0.04568583398381698,0.304406313368488
2,first_label_token,12,0.22208538162274186,0.21722721292191194,0.21693373928550913,0.23209519266080456,-0.0228816203168775,-0.0005058500785684039,0.000845831813011122,-0.06898484268507521,-0.16779622095826893,-0.14225041056700105,-0.14070723198839352,-0.2204310203194122,0.17482471466064453,0.19697843492031097,0.1891106218099594,0.1383850872516632,0.11627966184742577,0.004294962217212817,0.04406592066492221,0.3004781026601423
2,first_label_token,13,0.22223070823177904,0.21723384055770745,0.21706085846203715,0.2323974256755925,-0.02355096611641146,-0.0005363756664835684,0.0002603458692257421,-0.07037686855197656,-0.16856039491514174,-0.14228526080333492,-0.14137566542095925,-0.22202025852113105,0.17453990379969278,0.19695889949798584,0.18884862959384918,0.13781218230724335,0.11771935045689023,0.004393711699267722,0.04539026345171693,0.30337407621968604
2,first_label_token,14,0.2221325342728644,0.21723478461514,0.21718430398892954,0.2319785142145237,-0.023098796156219903,-0.0005407238094781164,-0.00030821996633689785,-0.0684474446928447,-0.16804416472754782,-0.1422902249603366,-0.14202478162458232,-0.21981748759772457,0.17482238511244455,0.196963369846344,0.18899646401405334,0.13850732147693634,0.11629143746580457,0.004371114563786027,0.04464297618133872,0.299860221652289
2,first_label_token,15,0.22207489013671874,0.21722923887877904,0.21726471556334936,0.23173071596802783,-0.02283329859419377,-0.0005151812377277576,-0.0006785798744666227,-0.06730613467038693,-0.16774105335722958,-0.14226106369849467,-0.14244761149317897,-0.21851448488001513,0.174751544992129,0.19696348905563354,0.1890503615140915,0.138240784406662,0.11664952673940383,0.0043705119735064635,0.04437053005121494,0.3012075381934901
2,first_label_token,16,0.22213759489086163,0.21722054201013902,0.21738485127937893,0.23180739138306689,-0.023122104368128966,-0.00047512517000658505,-0.0012319013716870497,-0.06765928656269327,-0.16807077508132093,-0.14221533277168708,-0.14307932364891074,-0.21891766882336494,0.1749658981959025,0.19697071611881256,0.18910622596740723,0.13882075250148773,0.11556599409305857,0.00433397993781115,0.04408814118147919,0.29827586115988536
2,first_label_token,17,0.22198616957464137,0.21721305847167968,0.21760885414956999,0.23113659610267448,-0.022424669121916024,-0.0004406574626363291,-0.0022636145674967967,-0.06456973533561494,-0.16727453216453236,-0.14217598192442127,-0.14425720264023179,-0.21539041192894404,0.17525670429070792,0.1969781070947647,0.18920515477657318,0.13958685100078583,0.1140960002141204,0.004296619340481533,0.04358806657327019,0.2944033147286095
2,first_label_token,18,0.22224471201749743,0.2172054322827764,0.21899734465014034,0.23053135911957556,-0.023615464801203467,-0.00040553273535692824,-0.008658728926849824,-0.06178213274140365,-0.16863403131534774,-0.1421358809753337,-0.15155833136628605,-0.2122078816044235,0.17023421823978424,0.1969854235649109,0.1737901270389557,0.13992710411548615,0.13948413300704074,0.004259635362076519,0.12150939223572965,0.292683371423316
2,first_label_token,19,0.22194494466487769,0.21719485050489923,0.21893350296661634,0.22970648052311746,-0.02223479528966103,-0.00035679514613895513,-0.008364686679631195,-0.057982904043212935,-0.16705775835673098,-0.14208023859074403,-0.15122263130257996,-0.20787040517686894,0.1710698902606964,0.19701756536960602,0.1745978742837906,0.14159423112869263,0.1352598998238855,0.004097161957963502,0.11742631582554985,0.28425622168814313
2,first_label_token,20,0.22195609383890277,0.21719449788582426,0.21898553671957063,0.22968824691131334,-0.022286146194023287,-0.00035517105198157317,-0.00860434391931153,-0.057898923610776754,-0.1671163842923875,-0.14207838440646503,-0.1514962414772718,-0.2077745269934257,0.1710423876841863,0.19701774418354034,0.17457392811775208,0.14153549075126648,0.13539892242295426,0.004096258072544212,0.1175473611479465,0.28455314804837206
2,first_label_token,21,0.22232748293409163,0.2171925248218184,0.21914427781305393,0.23064564616740252,-0.023996691375696377,-0.00034608350694553813,-0.009335474197795568,-0.062308516422348026,-0.16906926736239258,-0.14206800940261322,-0.1523309530991086,-0.21280883958545593,0.17093557119369507,0.19701336324214935,0.1744338721036911,0.14135947823524475,0.1359388684213242,0.004118403265316206,0.11825532940258676,0.2854428725960696
2,first_label_token,22,0.22217595770913345,0.21718812349463712,0.2191885074647535,0.23015124216800978,-0.023298795969472152,-0.00032581185896130016,-0.009539187280871664,-0.060031388768583493,-0.16827249909339156,-0.1420448658115676,-0.15256352680446295,-0.2102091046641441,0.17132208744684854,0.19702786207199097,0.17479969561100006,0.14213870465755463,0.13398506987172387,0.004045113222570729,0.11640613048233817,0.2815039659102627
2,first_label_token,23,0.22206187742430958,0.2171809332711356,0.21924706947903674,0.22975762952275636,-0.022773364598284013,-0.00029269510264029464,-0.009808912409204673,-0.058218486283007076,-0.16767262833859556,-0.1420070573084975,-0.15287146467264678,-0.20813936303464242,0.17173159619172415,0.19704285264015198,0.1751619130373001,0.14299002289772034,0.13191504672196286,0.0039693374949222315,0.11457515991804468,0.27720064275292167
2,first_label_token,24,0.22203947489335088,0.21717687975458738,0.2193312444606749,0.22961030046479042,-0.02267018294355842,-0.0002740254020749955,-0.010196605831342742,-0.05753991759725752,-0.16755482864010904,-0.14198574261739982,-0.15331408374436606,-0.2073646595585612,0.17197145521640778,0.1970549076795578,0.1753734052181244,0.14348605275154114,0.13070258486373063,0.0039084005529067545,0.11350608943840768,0.2746932645998774
2,first_label_token,25,0.22205880109001608,0.21717764109122653,0.21948417855911895,0.22951458361970276,-0.022759195607133947,-0.0002775319690060396,-0.010900990231950791,-0.057099064620445006,-0.16765645198544665,-0.14198974596982028,-0.1541182603223723,-0.20686134966414738,0.17208878695964813,0.19706188142299652,0.17535698413848877,0.1438474953174591,0.13010948538112213,0.0038731490215553332,0.11358909624941027,0.2728662108724008
2,first_label_token,26,0.2221058682567265,0.21717235020228795,0.2197012444504169,0.22944401011747473,-0.022975977726680547,-0.000253163174396942,-0.011900753066334646,-0.05677401693931006,-0.16790394625550653,-0.14196192477752567,-0.1552596624520599,-0.206490251536934,0.17212593058745065,0.1970640867948532,0.1753935068845749,0.1439201980829239,0.1299217282931979,0.003862001101384349,0.11340447765252515,0.27249870612568416
2,first_label_token,27,0.22207414643103332,0.21717179723146582,0.21981724009794348,0.22923340196369074,-0.022829873231970648,-0.00025061629946798725,-0.012435006221696465,-0.05580399717474749,-0.16773714271402299,-0.14195901707945158,-0.1558696047987349,-0.2053828062638825,0.1722616453965505,0.19706499576568604,0.17546330392360687,0.14425663650035858,0.12923570436790324,0.003857406350503134,0.11305166104387165,0.27079804570933497
2,first_label_token,28,0.22231363408705765,0.2171795356173475,0.21996164081477318,0.22979972582905234,-0.02393290630803409,-0.0002862577839795044,-0.013100087543692629,-0.058412373596430145,-0.16899644567952143,-0.1419997079962645,-0.1566289101171905,-0.20836071892510932,0.1722841958204905,0.1970539689064026,0.17540693283081055,0.14439168572425842,0.12912171437336248,0.003913145951357833,0.1133366109222953,0.2701153862464343
2,last_label_token,0,0.21714482240650165,0.21715210986738445,0.21711637993820576,0.21716597741391477,-0.00012637555716665805,-0.00015994016975540148,4.624861878244069e-06,-0.00022381136362281673,-0.14181717479148123,-0.1418554945999131,-0.14166761516379212,-0.14192841461073846,0.19731046756108603,0.19731925427913666,0.19731444120407104,0.19729770720005035,0.002616572533277258,0.0025721566080916247,0.002596486190626912,0.002681074801113237
2,last_label_token,1,0.21839562103527932,0.21717959492146469,0.2173925431836553,0.22061472500071805,-0.005887308216244651,-0.000286530927087858,-0.001267328771059395,-0.016108064950586698,-0.1483942754596721,-0.1420000198363478,-0.14311977015052335,-0.16006303639214514,0.18932095170021057,0.19721360504627228,0.19168926775455475,0.1790599822998047,0.04300272544051046,0.0031062022433080427,0.03103113968125537,0.09487083439696797
2,last_label_token,2,0.2187533466755843,0.2171836115732914,0.21729287540211398,0.2217835530513475,-0.007534922210062541,-0.0003050308359910936,-0.0008082785574368145,-0.021491457236759715,-0.1502753116982376,-0.14202114068090732,-0.14259568496407482,-0.16620910944973066,0.18858671685059866,0.19717155396938324,0.1912083774805069,0.17738021910190582,0.046714204511658676,0.00331876596440539,0.033461988868801695,0.10336185870176895
2,last_label_token,3,0.2215810316283496,0.21717696470372816,0.21758619035993304,0.22997993982138754,-0.020558683364876096,-0.0002744166611219345,-0.0021592296066454963,-0.05924240382686086,-0.16514418680280993,-0.1419861893072487,-0.1441380291597567,-0.20930834194142434,0.1751671532789866,0.19716665148735046,0.17886854708194733,0.14946626126766205,0.11454867105367457,0.003343547489650378,0.0958385190620773,0.24446394660929605
2,last_label_token,4,0.22181402361359584,0.21717779976981028,0.21670977328003954,0.23155449779093767,-0.021631798657959094,-0.0002782628113768837,0.0018773752171591385,-0.06649450837965953,-0.16636933344639382,-0.14199058035274592,-0.13952954684361085,-0.21758787314282468,0.17432011663913727,0.19715578854084015,0.17807386815547943,0.14773069322109222,0.11883035117680989,0.0033984585288707736,0.09985553651286583,0.25323705848869305
2,last_label_token,5,0.2187558406541327,0.21718514546626755,0.21653655236508665,0.222545824131044,-0.007546408985103836,-0.00031209564557621583,0.002675196707547789,-0.025002328017283082,-0.15028842583795599,-0.1420292063825208,-0.1386186956727915,-0.17021737545855564,0.18302359183629355,0.1971084028482437,0.17639374732971191,0.175568625330925,0.07483520976180187,0.0036379881649762913,0.10834836858850538,0.11251927253192395
2,last_label_token,6,0.22248305900424134,0.21719061907599954,0.21643449478790538,0.2338240631488191,-0.02471324417874221,-0.0003373060162488173,0.003145253850210694,-0.07694768037018851,-0.16988733627564057,-0.14205798837939643,-0.13808204417379777,-0.2295219762737275,0.17158258457978567,0.19707246124744415,0.1753712147474289,0.14230407774448395,0.1326682845713513,0.0038196691342488043,0.11351716203479367,0.28066802254501144
2,last_label_token,7,0.21883322825284898,0.2172049402188854,0.21621275348823613,0.22308199105142545,-0.007902841055458576,-0.00040326638578247476,0.004166550696673821,-0.027471807477267074,-0.1506953546716753,-0.14213329354545334,-0.13691605724619338,-0.1730367132233792,0.18116173148155212,0.19702014327049255,0.17376388609409332,0.1727011650800705,0.08424671582648384,0.004084130943169062,0.12164203742100699,0.12701397911527545
2,last_label_token,8,0.22246393369359463,0.21721436636788505,0.2160857384946166,0.23409169621828224,-0.024625156756686677,-0.0004466813755115151,0.004751556794458156,-0.07818034568900667,-0.16978676925346795,-0.14218285926247431,-0.13624817164080105,-0.2309292768571285,0.16871040066083273,0.19695761799812317,0.17229177057743073,0.13688181340694427,0.14718686879452844,0.004400189544772393,0.1290834247826852,0.3080769920561277
2,last_label_token,9,0.2226670032789727,0.21721428783000016,0.21652101308357816,0.23426570892333984,-0.02556045535676051,-0.0004463196454491669,0.002746767584171139,-0.0789818140090035,-0.17085457431413129,-0.1421824462850667,-0.13853698514286195,-0.23184429151446517,0.16751056412855783,0.19690249860286713,0.17105203866958618,0.13457715511322021,0.1532519148498758,0.004678812225261231,0.13535013771824222,0.31972679460612397
2,last_label_token,10,0.2225293541488861,0.21721593231714073,0.21650192036348231,0.23387020976603531,-0.024926470516383376,-0.0004538938300200357,0.0028347049005544855,-0.07716022261968458,-0.17013077100587756,-0.1421910935262949,-0.13843658949226656,-0.2297646299990712,0.16710304220517477,0.19688375294208527,0.17047721147537231,0.1339481621980667,0.15531189482831162,0.0047735695467142625,0.13825582804604297,0.3229062868921776
2,last_label_token,11,0.22272357513256769,0.21721028400068523,0.21696940349931476,0.23399103789770304,-0.02582101419609839,-0.000427878794515113,0.0006815694534705319,-0.07771673324725059,-0.1711520472786193,-0.14216139286538998,-0.14089476587198968,-0.2303999830984782,0.16638024151325226,0.19685688614845276,0.169686958193779,0.13259688019752502,0.15896557544848344,0.004909378330958947,0.14225047433270466,0.3297368736817867
2,last_label_token,12,0.22270237952053382,0.2172124622248802,0.2170099226366572,0.233884753700064,-0.02572339137273923,-0.00043791126706094197,0.0004949462702793506,-0.0772272091214361,-0.17104059394723303,-0.14217284666736796,-0.1411078285018632,-0.22984110667246793,0.1664176086584727,0.1968587040901184,0.16994993388652802,0.13244418799877167,0.1587766885037852,0.004900188829196517,0.140921160176104,0.33050871650605507
2,last_label_token,13,0.22290711442963415,0.217221173518846,0.21729235128194344,0.234207818488113,-0.026666360126584188,-0.00047803377499766597,-0.0008058645629389627,-0.07871518204181593,-0.17211715581455925,-0.14221865344716855,-0.1425929289719874,-0.23153988502452183,0.1661544293165207,0.1968463957309723,0.16946232318878174,0.13215456902980804,0.16010703208544672,0.004962406275555997,0.14338598039065775,0.33197270959012637
2,last_label_token,14,0.22288467449968272,0.21722311292375837,0.2175029963004489,0.2339279142748408,-0.026563006219448033,-0.00048696629286415494,-0.0017760541191635948,-0.07742599824631635,-0.17199915946016428,-0.14222885146070285,-0.14370056809157705,-0.2300680588282129,0.16622202595074972,0.1968449056148529,0.1694028526544571,0.13241831958293915,0.1597653382890358,0.004969938654049821,0.14368659761634872,0.33063947859670884
2,last_label_token,15,0.22291824971260477,0.2172179614796358,0.21776445533047203,0.23377233232770647,-0.026717647051479682,-0.00046323975367190684,-0.0029802830257328328,-0.07670941837503431,-0.1721757087065927,-0.14220176351400915,-0.1450754035938755,-0.2292499590118935,0.16598749657471976,0.19684068858623505,0.1692589372396469,0.13186286389827728,0.16095085934018827,0.0049912552851875125,0.1444140747312881,0.3334472480040892
2,last_label_token,16,0.22310102500167547,0.21721404099664768,0.21809147426060269,0.23399755974777606,-0.027559474111290932,-0.0004451827795388663,-0.004486467947415473,-0.07774677160691845,-0.17313679984326158,-0.14218114835607132,-0.14679497409418474,-0.23043427707952868,0.16608072817325592,0.19684314727783203,0.16929122805595398,0.13210780918598175,0.1604795835257542,0.004978826860672636,0.14425084808932553,0.3322090756272644
2,last_label_token,17,0.22324499990425858,0.21720799678513983,0.2187022457603647,0.23382475716727122,-0.028222594216554524,-0.00041734432922968523,-0.0072995614376534235,-0.07695087688278046,-0.17389386609373184,-0.14214936595190775,-0.15000660668377463,-0.22952562564551315,0.1660188933213552,0.19683831930160522,0.16907696425914764,0.13214139640331268,0.16079215212532214,0.0050032317669927995,0.14533392879296125,0.3320392958160123
2,last_label_token,18,0.22306725691680482,0.21719790546833967,0.21873684730850348,0.23326701797357127,-0.027403944948970027,-0.0003708657073400179,-0.0074589293679829805,-0.07438203977158708,-0.17295923641421992,-0.142096302569088,-0.15018855273020293,-0.2265928539433688,0.1659225126107534,0.1968328058719635,0.16899290680885315,0.13194182515144348,0.16127934636630656,0.005031101567420149,0.1457588302638012,0.3330481072676983
2,last_label_token,19,0.2229011947033452,0.2171915118433848,0.21866668893509553,0.23284538333155527,-0.026639095030727738,-0.0003414179273657503,-0.0071357936886062845,-0.07244007347621118,-0.1720860279936336,-0.1420626828368663,-0.1498196374835723,-0.2243757636604622,0.1661738802989324,0.19684067368507385,0.16925033926963806,0.13243062794208527,0.16000870943817322,0.0049913306089725,0.14445753655519777,0.33057726115034936
2,last_label_token,20,0.2244333074874237,0.21719387278837315,0.2232511664639,0.23285488320999786,-0.03369570540118675,-0.00035229197597486106,-0.028250996178321275,-0.07248382804926412,-0.18014236878587905,-0.14207509744342506,-0.1739262918436526,-0.22442571707055947,0.15343562761942545,0.19683779776096344,0.13151249289512634,0.13195659220218658,0.22439922188521524,0.005005868099465682,0.33521833615935626,0.3329734613968238
2,last_label_token,21,0.22486998988132853,0.21719181798085446,0.22344711688386293,0.23397103477926814,-0.03570697868436038,-0.00034282793638440445,-0.029153505301654503,-0.07762460281504224,-0.18243858497820523,-0.142064292605945,-0.17495666204747184,-0.23029480028119886,0.1530598650376002,0.1968279778957367,0.13088135421276093,0.13147026300430298,0.22629866177001803,0.005055506473740312,0.3384086750704409,0.3354318037658729
2,last_label_token,22,0.22471685917103656,0.21718761700542033,0.22342812674386162,0.2335348337638278,-0.03500168872822199,-0.0003234790691712952,-0.029066040449025943,-0.07561554666646875,-0.18163337455199477,-0.14204220252869426,-0.17485680579593943,-0.2280011153313506,0.1531441311041514,0.19683541357517242,0.13085825741291046,0.13173872232437134,0.22587270576618887,0.005017919905055845,0.3385254269370961,0.33407477045641465
2,last_label_token,23,0.22478679528757306,0.21718283260569854,0.22361550210904674,0.23356205114797385,-0.03532380073612984,-0.00030144306435242463,-0.029929054555346557,-0.07574090458869054,-0.1820011211006555,-0.142017044619273,-0.17584208560933812,-0.2281442330733554,0.15320591628551483,0.19683973491191864,0.13077408075332642,0.13200393319129944,0.2255603882459041,0.004996076007423578,0.3389509309982156,0.33273415773207315
2,last_label_token,24,0.22469511219099456,0.21717553499366055,0.22360201282661502,0.2333077887527081,-0.03490152641218006,-0.00026783169753774594,-0.02986692557157533,-0.07456982196742712,-0.18151902195064484,-0.14197867143280862,-0.17577115463255755,-0.22680723978656836,0.15318562587102255,0.19684146344661713,0.13066735863685608,0.13204805552959442,0.22566295413306256,0.004987338448370737,0.33949039994594765,0.33251112400486926
2,last_label_token,25,0.22477311527027802,0.2171782613802357,0.2238829797055541,0.23325810472504432,-0.035260793265064296,-0.0002803888982738645,-0.03116100379628617,-0.07434098710063286,-0.18192918717874207,-0.14199300764852918,-0.17724856866603433,-0.2265459852216627,0.15328594545523325,0.1968492567539215,0.13063691556453705,0.1323716640472412,0.2251558493049259,0.0049479441088476905,0.3396442864385777,0.3308753173673523
2,last_label_token,26,0.2249257565880356,0.21717100704417508,0.22430404214298025,0.2333022205769515,-0.03596382917537196,-0.00024697685210606224,-0.03310033462977913,-0.07454417604423069,-0.18273182422192305,-0.14195486202104468,-0.1794626501135428,-0.2267779605311817,0.15327556927998862,0.19685079157352448,0.1306522637605667,0.13232365250587463,0.2252082997671717,0.004940185758999016,0.3395667029400907,0.3311180106024253
2,last_label_token,27,0.22490822554302484,0.2171699059109728,0.22449235675715598,0.2330624139609457,-0.03588308462750733,-0.0002419052489870399,-0.033967674732355624,-0.07343967390117934,-0.18263964036018732,-0.14194907190922823,-0.18045286879961187,-0.22551698037172185,0.1534115970134735,0.19685211777687073,0.1307126134634018,0.132670059800148,0.22452069404239328,0.004933481942139384,0.3392616416110884,0.32936695857395204
2,last_label_token,28,0.22527560867181343,0.2171801398782169,0.224990038511132,0.23365664762609145,-0.037575179115251434,-0.00028904089078585216,-0.03625989907953886,-0.07617659737542959,-0.1845714587730353,-0.14200288539386996,-0.1830698392066077,-0.22864165171862827,0.1531375696261724,0.19683502614498138,0.1301129162311554,0.13246476650238037,0.2259058733394903,0.0050198783234642885,0.3422930473359521,0.3304046943590545
3,pre_label_token,0,0.2171173635317164,0.21711736246317376,0.2171173656688017,0.21711736246317376,9.462347827504658e-08,9.954497570685561e-08,8.478048341142852e-08,9.954497570685561e-08,-0.1416727872141824,-0.14167278159544217,-0.1416727984516628,-0.14167278159544217,0.19782808919747671,0.19782809913158417,0.19782806932926178,0.19782809913158417,5.021585662105347e-08,0.0,1.506475698631604e-07,0.0
3,pre_label_token,1,0.22030742388813437,0.2180084869641216,0.2173856671116933,0.22552811758858818,-0.014692696421293968,-0.0041042447696897355,-0.0012356589349877822,-0.038738185559204386,-0.15844714850547148,-0.14635860025224146,-0.14308361355708343,-0.18589923170708955,0.18770033617814383,0.19418467581272125,0.19667907059192657,0.17223726212978363,0.05119476453496089,0.018417117360256863,0.005808217056634257,0.12935895918799156
3,pre_label_token,2,0.2186842076918658,0.21752092858322528,0.21743915942536682,0.22109253506700532,-0.00721648163925015,-0.0018586466893195652,-0.0014820340186834091,-0.018308764209747475,-0.14991175672979526,-0.14379486179027245,-0.14336489331220204,-0.16257551508691126,0.19277944167455038,0.19649000465869904,0.1964486837387085,0.1853996366262436,0.02552042646720128,0.006763925239938295,0.006972798095573718,0.06282455606609183
3,pre_label_token,3,0.21865639406092027,0.21748324482380843,0.21740662069881664,0.22107931666013572,-0.007088377521452749,-0.0016850826996039903,-0.0013321670391752694,-0.018247882825578987,-0.14976550373073697,-0.14359670848762418,-0.14319379424380574,-0.162506008460781,0.1927145073811213,0.19643689692020416,0.19640935957431793,0.18529726564884186,0.02584866241403642,0.0070323792094603155,0.007171577564027309,0.06334203046862164
3,pre_label_token,4,0.21853654685140658,0.21746109393464416,0.21730623325379958,0.220842313365776,-0.006536384828543129,-0.0015830600575272857,-0.0008698021970221514,-0.01715629223107995,-0.1491353086348696,-0.14348023200246374,-0.14266592483580598,-0.1612597690663391,0.19281775255997977,0.1965251863002777,0.19644369184970856,0.185484379529953,0.02532676901612348,0.006586085783697682,0.006998031563528184,0.06239618970114458
3,pre_label_token,5,0.21876331030153762,0.21735732294932134,0.21740259923854796,0.22153000871674353,-0.00758081271300733,-0.0011051112937079388,-0.0013136449835333686,-0.020323681861780685,-0.15032770364159864,-0.14293457085349637,-0.14317264811491515,-0.1648758919563844,0.1916467696428299,0.1965797245502472,0.19337379932403564,0.18498678505420685,0.031245963115900926,0.006310400730821453,0.022516011765273958,0.06491147685160736
3,pre_label_token,6,0.21873586638634945,0.21735869014964385,0.21736246958500197,0.22148643942440258,-0.007454411433326591,-0.0011114083496914784,-0.0011288156861615217,-0.020123010264126773,-0.15018339472666323,-0.14294176003163273,-0.142961633515859,-0.16464679063249799,0.1914422263701757,0.1965191513299942,0.19315263628959656,0.18465489149093628,0.03227990760382815,0.006616591916597914,0.023633967381336274,0.06658916351355026
3,pre_label_token,7,0.22173842849517736,0.2173259654966723,0.2172389807821322,0.23065033920672762,-0.02128362239957175,-0.0009606850296275393,-0.0005600505299525604,-0.062330131639135145,-0.1659718300494258,-0.14276968330243456,-0.14231228975325605,-0.2128335170925868,0.18447153270244598,0.19647513329982758,0.19305741786956787,0.1638820469379425,0.06751602268722275,0.006839098377307229,0.02411528636709548,0.17159368331726554
3,pre_label_token,8,0.22118536257276347,0.2173025612069779,0.21716246244286289,0.22909106406844965,-0.018736309457463,-0.0008528894710453372,-0.0002076220977709209,-0.05514841680357274,-0.16306363190771803,-0.14264661603497375,-0.14190993176472144,-0.20463434792345891,0.1845058153072993,0.19648583233356476,0.19304414093494415,0.16398747265338898,0.06734272776600674,0.006785015899721136,0.0241823998594759,0.17106076753882316
3,pre_label_token,9,0.22077376742322907,0.2173233336761218,0.2169826892243714,0.22801527936919397,-0.016840583091350725,-0.0009485633814154681,0.0006203780149629523,-0.05019356390759966,-0.16089933249872956,-0.14275584434522526,-0.14096462647875474,-0.1989775266722087,0.18072776993115744,0.19645406305789948,0.1836918592453003,0.16203738749027252,0.08644034530732947,0.006945606209210808,0.07145718908657783,0.18091824062619977
3,pre_label_token,10,0.22467432262516826,0.2173116459566004,0.21693332575950303,0.23977799615940126,-0.034805773757850766,-0.0008947320423400296,0.0008477364325231163,-0.10437032566373539,-0.18140970374054954,-0.14269438656448807,-0.140705057535921,-0.26082966712123956,0.17096317807833353,0.19643786549568176,0.19296464323997498,0.12348702549934387,0.1357993185557608,0.007027483163439263,0.024584252252124683,0.3757862202517185
3,pre_label_token,11,0.22468299224597066,0.21727695304806494,0.2169867523578035,0.23978527133204355,-0.03484570432738717,-0.0007349433239787206,0.0006016640209205448,-0.10440383367910333,-0.1814552913894809,-0.14251196011576917,-0.14098599173851478,-0.2608679223141588,0.1708187684416771,0.19641521573066711,0.19284945726394653,0.12319163233041763,0.13652929390956736,0.007141975316546367,0.025166505109701975,0.37727940130245374
3,pre_label_token,12,0.22507273409546924,0.2172975107401359,0.21695910541951155,0.24096158612676027,-0.03664077868846153,-0.0008296280133619494,0.0007290003851162519,-0.1098217084371389,-0.1835046791324657,-0.1426200590592328,-0.1408406152629338,-0.26705336307523053,0.1705568383137385,0.19639360904693604,0.1928868293762207,0.12239007651805878,0.13785332284725815,0.007251194804707595,0.024977593057075365,0.3813311806799915
3,pre_label_token,13,0.22463140728092998,0.2173146127652721,0.21721295589158515,0.2393666531859326,-0.03460811411663456,-0.0009083965800016358,-0.0004401849988813211,-0.10247576077102072,-0.18118404108568945,-0.1427099869967623,-0.1421754425253583,-0.2586666937349478,0.16662502785523733,0.1963798999786377,0.1834012269973755,0.12009395658969879,0.1577282065253648,0.007320492686851421,0.07292630418802504,0.3929378227012179
3,pre_label_token,14,0.22450712027669953,0.21728749635840663,0.21764650905833524,0.23858735541335674,-0.03403567260183241,-0.0007835037392884825,-0.0024370456767812687,-0.0988864683894275,-0.18053050012412797,-0.14256740022571024,-0.14445520423689384,-0.2545688959097798,0.16777705401182175,0.19646106660366058,0.18424339592456818,0.12262669950723648,0.1519048368339937,0.006910204030289524,0.06866922983463641,0.38013507663705515
3,pre_label_token,15,0.2241408398839272,0.2172877592198989,0.21785922651531317,0.23727553391656955,-0.032348657099453636,-0.0007847144276604823,-0.0034167804773044264,-0.09284447639339599,-0.17860448025120693,-0.14256878243580906,-0.14557374090317765,-0.2476709174146341,0.1676819697022438,0.19646669924259186,0.1843559294939041,0.12222328037023544,0.15238547790568846,0.006881731639582611,0.06810038461077828,0.3821743174667045
3,pre_label_token,16,0.22442921977751062,0.21729862469585,0.21786728866961824,0.2381217459670636,-0.03367687821270319,-0.0008347586744505975,-0.0034539131755422225,-0.09674196278811675,-0.1801208742950937,-0.14262591659593205,-0.1456161342982829,-0.2521205719910662,0.16738218069076538,0.19646425545215607,0.18428723514080048,0.1213950514793396,0.1539008794729806,0.0068940847403126115,0.06844762725934639,0.38636092641928277
3,pre_label_token,17,0.223737881230373,0.21727377306513426,0.2181000525210084,0.23583981810497637,-0.03049270873645697,-0.0007202969475763599,-0.004525977728920161,-0.08623185153287438,-0.17648559431020247,-0.14249523874481707,-0.1468400813408255,-0.24012146284496483,0.16921852032343546,0.1966140866279602,0.18548576533794403,0.12555570900440216,0.1446183779439705,0.006136704082752464,0.06238918458914533,0.36532924516001375
3,pre_label_token,18,0.22340388685381382,0.21726333874614298,0.21803716771742876,0.2349111540978696,-0.028954396279440076,-0.0006722385250061969,-0.004236342682665262,-0.08195460763064877,-0.17472934467361126,-0.14244037174638047,-0.14650941285900387,-0.23523824941544946,0.16904891033967337,0.19660314917564392,0.1854996532201767,0.12504392862319946,0.14547573837207275,0.006191991740897684,0.062318982821582325,0.3679162405537383
3,pre_label_token,19,0.2236557054920357,0.21726069089745273,0.2181961652611484,0.2355102603175059,-0.03011422343604216,-0.0006600430543324265,-0.0049686541205367085,-0.08471397313325735,-0.17605348790147102,-0.14242644850806774,-0.1473454729784982,-0.2383885422178471,0.16939076284567514,0.19663049280643463,0.18578292429447174,0.12575887143611908,0.14374771031386244,0.0060537725955348565,0.06088707766989487,0.36430228067615755
3,pre_label_token,20,0.22377053001681632,0.2172469483704126,0.2199832675837669,0.23408137409626936,-0.030643082630202063,-0.0005967476756660872,-0.013199696191271704,-0.0781328040236684,-0.17665727210884352,-0.14235418588985027,-0.15674263061026328,-0.23087499982641702,0.16353961825370789,0.1966833472251892,0.16699495911598206,0.1269405484199524,0.17332462389516012,0.005786599130356729,0.15585824334840137,0.35832902920672227
3,pre_label_token,21,0.2234218773721647,0.21722868109951501,0.21980418357528558,0.23323276744169347,-0.029037257071206895,-0.0005126122160605817,-0.01237487044439134,-0.07422428855316876,-0.17482394459364992,-0.14225813071608973,-0.15580094941175116,-0.22641275365310887,0.164172833164533,0.19671599566936493,0.16773760318756104,0.12806490063667297,0.17012378987004062,0.005621564717555816,0.15210425655461923,0.3526455483379468
3,pre_label_token,22,0.2228777786596816,0.21721980311289554,0.21971126364058807,0.2317022692255613,-0.026531245335673564,-0.00047172195452183097,-0.011946899487146556,-0.0671751145653523,-0.17196289892003006,-0.14221144741281155,-0.15531234656991355,-0.2183649027773651,0.16487403710683188,0.1967410445213318,0.1684403121471405,0.12944075465202332,0.16657927852217344,0.005494945435073562,0.14855213750447327,0.34569075262697346
3,pre_label_token,23,0.22270356667141955,0.2172148680486599,0.21972676445456113,0.2311690675110376,-0.025728859156402883,-0.00044899201856285487,-0.012018293189862028,-0.06471929226078377,-0.17104683636763887,-0.1421854972610166,-0.15539385482519474,-0.2155611570167053,0.1653407613436381,0.19675834476947784,0.16887052357196808,0.13039341568946838,0.16422003714617564,0.005407494520759615,0.14637746450950395,0.3408751524082634
3,pre_label_token,24,0.22239930876830713,0.2172144128494904,0.21952303237273912,0.23046048108269188,-0.024327507051839243,-0.0004468954606504649,-0.01107994326137085,-0.06145568243349642,-0.16944695065316648,-0.14218310367767462,-0.15432256614558293,-0.21183518213624186,0.1657328506310781,0.19677911698818207,0.1691705584526062,0.13124887645244598,0.1622380675010081,0.005302493164554778,0.1448608200997603,0.33655088923870924
3,pre_label_token,25,0.2224173201232397,0.21721490170775343,0.21951548953016264,0.2305215691318031,-0.024410463812806277,-0.00044914704573240094,-0.01104520241089224,-0.061737041981794194,-0.1695416601386397,-0.1421856742513341,-0.1542829034582338,-0.21215640270635117,0.1660145322481791,0.19679223001003265,0.16915984451770782,0.13209152221679688,0.16081419688638088,0.005236208233808659,0.1449149779011314,0.3322914045242026
3,pre_label_token,26,0.222289407553793,0.21720542587152047,0.21926939828055245,0.23039339850930607,-0.023821323657166344,-0.00040550320637211534,-0.009911754480606216,-0.061146713284520704,-0.16886905479144634,-0.1421358472628922,-0.15298887667805672,-0.21148244043339015,0.16628271341323853,0.19680984318256378,0.16931942105293274,0.13271887600421906,0.15945856962090824,0.0051471755200109826,0.14410833548822133,0.3291201978544924
3,pre_label_token,27,0.22195015274176078,0.21719534737723215,0.2191772941781693,0.22947781666988085,-0.02225878266821783,-0.00035908364245185176,-0.009487541086662388,-0.056929723275539246,-0.16708514409665706,-0.14208285130495524,-0.1525045637443918,-0.2066680172406241,0.16683856149514517,0.19683896005153656,0.16982518136501312,0.1338515430688858,0.1566488166871912,0.004999992844240464,0.14155177090361204,0.32339468631372104
3,pre_label_token,28,0.2220097966554786,0.21719030332164604,0.21978565504570968,0.22905343159908007,-0.02253349081271594,-0.0003358517137532768,-0.01228953167865976,-0.05497508904573478,-0.1673987709393332,-0.1420563280416558,-0.155703520456002,-0.2044364643203418,0.16697680950164795,0.19683502614498138,0.16977350413799286,0.1343218982219696,0.15594998771845683,0.0050198783234642885,0.14181299378977985,0.3210170910421264
3,first_label_token,0,0.21713971049845718,0.21714221729951746,0.21711646328453257,0.21716045091132155,-0.00010283111338016404,-0.0001143769463909372,4.240985077341719e-06,-0.00019835737882689664,-0.14179029473817653,-0.141803476302778,-0.1416680534255308,-0.14189935448622082,0.19735086957613626,0.19736209511756897,0.19735662639141083,0.19733388721942902,0.0024123446443797083,0.002355600726392404,0.002383244555465014,0.0024981886512817075
3,first_label_token,1,0.21807174842898588,0.21716707373867516,0.21715040767894073,0.21989776386934168,-0.00439561464379475,-0.00022886082000361796,-0.00015210022432232684,-0.012805882887058306,-0.14669124933999753,-0.14193417943822406,-0.14184654394671203,-0.15629302463505645,0.1919571856657664,0.19729401171207428,0.1972837895154953,0.18129375576972961,0.02967684313598329,0.002699755099778045,0.002751427216246105,0.08357934709192572
3,first_label_token,2,0.22082459105163058,0.21716711541183856,0.2171304782899488,0.22817617945310448,-0.017074666735172366,-0.0002290527584039026,-6.030937543788362e-05,-0.05093463807167531,-0.1611665794501005,-0.1419343985690933,-0.14174174882250923,-0.19982359095869895,0.1832534670829773,0.19726647436618805,0.1972479671239853,0.15524595975875854,0.0736732148394786,0.002838953454345039,0.0029325055952390544,0.21524818546885172
3,first_label_token,3,0.22060680977102753,0.21716386650790687,0.21712192246893874,0.22753464033623702,-0.016071608958247847,-0.00021408894541630197,-2.0902945379486226e-05,-0.047979834983947756,-0.16002141557382274,-0.14191731478939573,-0.1416967595694132,-0.19645017236265927,0.18273804088433585,0.1972387284040451,0.19722023606300354,0.15375515818595886,0.07627863945258491,0.002979206341901186,0.0030726831590102144,0.22278402885684334
3,first_label_token,4,0.22119949191224342,0.21717329265690652,0.2170975612993,0.22932762178052374,-0.018801386418205095,-0.0002575039351453423,9.129981416655664e-05,-0.0562379551336365,-0.16313792850990202,-0.1419668805064167,-0.14156866072006813,-0.20587824430322121,0.1816485474507014,0.19719211757183075,0.1971668303012848,0.15058669447898865,0.08178591288046011,0.0032148191411898175,0.003342643604231088,0.23880027589595942
3,first_label_token,5,0.22194989094881115,0.21718789749786632,0.2169699067829036,0.23169186856566357,-0.022257576901343296,-0.0003247709622511419,0.0006792514281729334,-0.06712721116995168,-0.16708376750529844,-0.14204367744800694,-0.1408974122986424,-0.218310212769246,0.1799616515636444,0.19713620841503143,0.19550280272960663,0.14724594354629517,0.09031299217031856,0.003497433982280418,0.011754125992136655,0.2556874165365386
3,first_label_token,6,0.22222101120721727,0.21719817474108785,0.21618240420557872,0.23328245467498523,-0.023506303527079792,-0.00037210592469683057,0.004306333527912987,-0.07445313818445554,-0.16850940484747046,-0.14209771849162856,-0.13675647097654742,-0.2266740250742354,0.17282734314600626,0.19710418581962585,0.1767193228006363,0.14465852081775665,0.12637616241234165,0.0036593047961139824,0.10670261921137658,0.2687665632295344
3,first_label_token,7,0.2223260174278452,0.21723332765723477,0.2160422429317186,0.23370248169458213,-0.02398994154194774,-0.0005340133477089726,0.004951888808788163,-0.07638770008692242,-0.16906156126015448,-0.1422825638080203,-0.13601945800999116,-0.228882661962452,0.17115975419680277,0.19704937934875488,0.1749826818704605,0.14144720137119293,0.13480564718484758,0.00393634567711898,0.1154811544032891,0.2849994414741347
3,first_label_token,8,0.2225333526354878,0.2172468169396665,0.2165747506277902,0.2337784903390067,-0.024944886759830125,-0.0005961423314801984,0.0024992630168113594,-0.07673778096482153,-0.17015179633185284,-0.14235349478480086,-0.13881955439886529,-0.2292823398118924,0.17521020770072937,0.19699345529079437,0.1892421394586563,0.13939502835273743,0.1143310355310579,0.004219035841994456,0.04340111293905202,0.29537295781212725
3,first_label_token,9,0.22249585854239154,0.2172493221379128,0.21660604236506614,0.23363221112419577,-0.024772196335911472,-0.0006076807822448238,0.0023551394248240154,-0.0760640476503136,-0.16995464035559685,-0.14236666792129182,-0.1389840963974025,-0.22851315674809625,0.17433980107307434,0.19694234430789948,0.18863356113433838,0.13744349777698517,0.11873084845690567,0.004477396424334756,0.046477411639739286,0.30523773730664294
3,first_label_token,10,0.22249708629789808,0.2172615419916746,0.21643412614069066,0.23379559076132894,-0.024777851136478124,-0.0006639630270490748,0.0031469517668297753,-0.07681654214921507,-0.1699610962881318,-0.14243092383466838,-0.13808010570841533,-0.22937225932131167,0.1740016688903173,0.1969180405139923,0.18833908438682556,0.13674788177013397,0.12044007067680958,0.004600249517569988,0.047965960277700725,0.30875400223515803
3,first_label_token,11,0.2223165533455814,0.21724949203619437,0.21608872774268398,0.23361144025786584,-0.023946351839059465,-0.0006084633003389239,0.004737788905350149,-0.07596838112218962,-0.16901179607785513,-0.14236756130099004,-0.13626389006662043,-0.22840393686595495,0.1678579499324163,0.19689710438251495,0.170989990234375,0.1356867551803589,0.15149591655952485,0.004706079435409016,0.13566378595872752,0.314117884284438
3,first_label_token,12,0.22215069575803956,0.21724453934100496,0.21655627499107552,0.23265127294203813,-0.023182444387578178,-0.0005856521596718789,0.0025843581684192873,-0.07154603917148195,-0.16813966364602462,-0.14234151843998077,-0.13872240357075794,-0.22335506892733514,0.17406808833281198,0.19692830741405487,0.18851464986801147,0.13676130771636963,0.1201043274594088,0.004548351429747077,0.04707849544355125,0.30868613550492807
3,first_label_token,13,0.22225012365175564,0.2172458344146985,0.2164920630575228,0.23301247348304557,-0.023640389725023952,-0.0005916170145776611,0.002880105714503478,-0.07320965787499767,-0.16866248742528947,-0.1423483283531508,-0.13838475661355898,-0.22525437730915865,0.16812161604563394,0.1969117969274521,0.17129935324192047,0.1361536979675293,0.15016311240088864,0.004631810183459373,0.13409998885961216,0.3117575381595944
3,first_label_token,14,0.22213972129073797,0.21724301185928474,0.21701273878081506,0.23216341323211415,-0.023131898148048575,-0.0005786168790713475,0.0004819756637576278,-0.06929905322883201,-0.16808195637439724,-0.1423334864508088,-0.14112263669176395,-0.22078974598061896,0.16848547259966531,0.19691768288612366,0.17171242833137512,0.1368263065814972,0.148323856220252,0.0046020572884085675,0.1320119382173225,0.3083575731550249
3,first_label_token,15,0.2219594982157902,0.21723520294958804,0.21717941220067127,0.23146387949711134,-0.02230182608488951,-0.0005426505757284428,-0.0002856893510243541,-0.06607713832791573,-0.16713428559878984,-0.1422924246971402,-0.1419990590317668,-0.21711137306746253,0.16847991446654,0.1969214528799057,0.17196404933929443,0.13655424118041992,0.1483519519920342,0.004583000370819046,0.13074002078484526,0.30973283482043823
3,first_label_token,16,0.22204138651615432,0.2172302117868632,0.21712946691432922,0.23176448084727055,-0.022678987502491088,-0.0005196622611534085,-5.565117810424347e-05,-0.06746164906821561,-0.1675648805663971,-0.14226617956148258,-0.14173643068487274,-0.218692031452836,0.17424741884072623,0.1969277262687683,0.18857677280902863,0.1372377574443817,0.11919783081559814,0.0045512890573596865,0.04676447058414124,0.30627773280529347
3,first_label_token,17,0.21905850749723718,0.21721975983691816,0.2182207139600225,0.22173504869477087,-0.008940432979968937,-0.0004715226338753986,-0.005081720602884587,-0.021268055703146826,-0.15187994524821202,-0.1422112198538319,-0.14747455791675534,-0.16595405797404883,0.1805331806341807,0.19694417715072632,0.17250297963619232,0.17215238511562347,0.08742397350691748,0.004468131598787228,0.12801578545496206,0.12978800346700314
3,first_label_token,18,0.21910502917292404,0.21721429584407004,0.21869875483152246,0.22140203684317966,-0.009154702675068757,-0.0004463565566799055,-0.007283482905493965,-0.019734268563032398,-0.15212457115137967,-0.14218248842561843,-0.14998825025941276,-0.16420297476910783,0.18061001598834991,0.19694927334785461,0.17256960272789001,0.17231117188930511,0.0870355789638445,0.004442370864338185,0.1276790128125005,0.12898535321469484
3,first_label_token,19,0.21899496607419824,0.21720361950016823,0.2187406555945132,0.22104062312791328,-0.008647773673532791,-0.00039718341493810705,-0.007476469584884127,-0.018069668020776142,-0.15154582405051328,-0.14212634878251773,-0.15020857792041564,-0.16230254544860645,0.18122396369775137,0.19698528945446014,0.17337630689144135,0.1733102947473526,0.08393213859265092,0.004260313276140959,0.12360120906726635,0.12393489343454545
3,first_label_token,20,0.22181539241673232,0.21720385831945083,0.21892332189223346,0.22931899703851266,-0.02163810309618867,-0.00039828336961744704,-0.008317794651955923,-0.05619823126699264,-0.1663765310526403,-0.14212760457096119,-0.15116909594558003,-0.20583289264137972,0.17015957832336426,0.1969834864139557,0.17346227169036865,0.14003297686576843,0.1398614298457994,0.004269427454118624,0.12316666615195415,0.29214819593132546
3,first_label_token,21,0.22229152967949875,0.21719936563187286,0.21926234750186696,0.23041287590475643,-0.02383109775109619,-0.0003775909336014571,-0.00987927997970206,-0.06123642233998505,-0.1688802136095616,-0.1421039805776252,-0.15295180142058795,-0.21158485883047162,0.16985664268334708,0.19697387516498566,0.17319776117801666,0.13939829170703888,0.14139273728567778,0.0043180112954041006,0.12450373865840358,0.2953564619032256
3,first_label_token,22,0.22212131457502435,0.21719392407842042,0.21939836550159614,0.22977165414505646,-0.02304712043302611,-0.00035252820785247607,-0.010505752154226444,-0.05828308093699941,-0.16798516795503526,-0.14207536714295643,-0.15366702772186636,-0.208213109000283,0.1702828307946523,0.19699056446552277,0.17362508177757263,0.1402328461408615,0.1392384017126419,0.004233648656272626,0.12234367847771233,0.29113787800394075
3,first_label_token,23,0.2219836542252399,0.2171888896397182,0.2194179919587464,0.22934408107725512,-0.02241308391692572,-0.0003293405726307874,-0.01059614775858475,-0.056313763419561624,-0.1672613056500091,-0.14204889444831914,-0.15377022993321132,-0.20596479256849687,0.1707594394683838,0.1970086544752121,0.17408640682697296,0.1411832571029663,0.13682919555930131,0.004142205581356917,0.12001172941979066,0.2863336516767564
3,first_label_token,24,0.22196360729655631,0.21718630910921496,0.21954000136431526,0.22916451141613872,-0.022320751703322077,-0.0003174551562961092,-0.0111580991015785,-0.05548670085209162,-0.16715589246437998,-0.14203532519064122,-0.1544117945499528,-0.2050205576525459,0.17106744150320688,0.19702346622943878,0.17437832057476044,0.14180053770542145,0.1352722780325438,0.00406733373912771,0.11853613647283878,0.28321336388566487
3,first_label_token,25,0.2192873316318715,0.21718225398985277,0.21977675461969456,0.22090298628606717,-0.009994351972259766,-0.00029877807348466234,-0.012248538065674941,-0.017435739777619697,-0.15308317599549262,-0.14201400207143333,-0.1556567191591789,-0.16157880675586567,0.18187815944353738,0.19703295826911926,0.1743375062942505,0.17426401376724243,0.08062524867833747,0.004019352488121575,0.1187424483197862,0.11911394522710461
3,first_label_token,26,0.22200623947699197,0.2171776507081104,0.2200084606138598,0.22883260710900571,-0.022517107147714748,-0.0002775762624829259,-0.01331573033658029,-0.053958014844081026,-0.16738006615307666,-0.14198979653848265,-0.15687510364888468,-0.20327529827186264,0.17123161753018698,0.19703622162342072,0.17438989877700806,0.14226873219013214,0.1344423856780159,0.00400285657922006,0.11847760989194123,0.28084669056288636
3,first_label_token,27,0.21933448054209478,0.21717629953592765,0.2201524606271952,0.22067468146316144,-0.010211510586360939,-0.0002713530289610855,-0.013978966097033751,-0.01638421263308798,-0.1533311000991806,-0.14198269164144994,-0.15763230193975053,-0.16037830671634135,0.18202724556128183,0.1970420479774475,0.1745367795228958,0.1745029091835022,0.07987163421002437,0.003973404979308981,0.11773514334379909,0.11790635430696506
3,first_label_token,28,0.21944281367026788,0.21717906599285222,0.22031637880982471,0.2208329962081268,-0.010710471683530379,-0.000284094785851563,-0.014733941030648845,-0.01711337923409073,-0.15390075045959964,-0.14199723855992952,-0.15849423635804682,-0.1612107764608226,0.1820338616768519,0.1970340758562088,0.17455123364925385,0.17451627552509308,0.0798381904495115,0.004013703204251207,0.11766207927240835,0.11783878887187493
3,last_label_token,0,0.21714238559498508,0.21715068496575876,0.21711128138694444,0.217165190432252,-0.0001151520822387786,-0.00015337735290987808,2.810778694672944e-05,-0.00022018668075318715,-0.14180436125436557,-0.14184800200980408,-0.14164080534474044,-0.1419242764085522,0.19694494207700095,0.19732028245925903,0.19621743261814117,0.1972971111536026,0.004464264977827037,0.002566959266930846,0.008141747914039543,0.002684087752510722
3,last_label_token,1,0.21844939223858487,0.21718192541298745,0.21741528871680507,0.2207509625859621,-0.006134967810773828,-0.00029726471301971813,-0.001372090226465561,-0.016735548492836205,-0.1486770217059931,-0.1420122743088097,-0.14323937346462667,-0.16077941734454293,0.18917535245418549,0.19720564782619476,0.19159896671772003,0.17872144281864166,0.043738714143147894,0.0031464251444653923,0.03148760181798471,0.09658211546699358
3,last_label_token,2,0.2187568408100545,0.2171815150926093,0.2172927824389033,0.22179622489865086,-0.007551015506714294,-0.0002953748580001303,-0.0008078503871589149,-0.021549821274983838,-0.15029368497881998,-0.1420101167125578,-0.142595196133674,-0.1662757420902281,0.18852641681830087,0.1971697062253952,0.1912163496017456,0.17719319462776184,0.04701901476137793,0.0033281061137379053,0.03342169064385947,0.10430724752653642
3,last_label_token,3,0.2185883920065829,0.21717514070142216,0.21718345610033565,0.2214065792179909,-0.006775173423924086,-0.0002660156649798573,-0.000304314758112767,-0.019755189848679633,-0.14940792710190923,-0.1419765981176604,-0.14202032315420254,-0.16422686003386477,0.18850263953208923,0.19716525077819824,0.19114968180656433,0.17719298601150513,0.04713920641421199,0.0033506279254346127,0.03375868925767578,0.10430830205952557
3,last_label_token,4,0.2217325766213468,0.21717543722200794,0.21651627516546168,0.2315060174765707,-0.02125666981880307,-0.00026738138052140314,0.002768589503851282,-0.06627121757973908,-0.1659410590185053,-0.14197815731807673,-0.13851207164864077,-0.21733294808879844,0.17418842514355978,0.19715090095996857,0.1780104637145996,0.14740391075611115,0.11949603768017107,0.0034231647303306634,0.10017603921778062,0.2548889090924019
3,last_label_token,5,0.2186382229588613,0.21718794718509962,0.21598644256591798,0.22274027912556624,-0.007004684996617365,-0.00032499981188238714,0.005208894326969249,-0.025897949504938955,-0.14966995424359789,-0.1420439387194281,-0.13572604177595582,-0.17123988223540976,0.18287307024002075,0.19709403812885284,0.1762554794549942,0.1752696931362152,0.07559608042139743,0.003710600293657329,0.10904729798895285,0.1140303429815821
3,last_label_token,6,0.21875272852366043,0.217193323023179,0.21587780223173253,0.22318706031606977,-0.007532075123789357,-0.00034975986553842375,0.0057092703546546275,-0.027955735860484277,-0.15027206125700907,-0.14207220660157205,-0.13515477602771786,-0.17358920114173726,0.18208464980125427,0.19705691933631897,0.17505869269371033,0.17413833737373352,0.07958146188251163,0.0038982318419399364,0.11509692777631608,0.11974922602927884
3,last_label_token,7,0.21876697433428938,0.21722341425278607,0.21567038207494912,0.22340712667513293,-0.007597688527753148,-0.0004883541551441439,0.006664606831583986,-0.028969318259699284,-0.15034697030187916,-0.14223043594545026,-0.13406409426617039,-0.17474638069401682,0.18074152370293936,0.19698898494243622,0.17321833968162537,0.17201724648475647,0.0863708214538309,0.004241632977476151,0.12439971651140302,0.13047111487261354
3,last_label_token,8,0.22269620013838054,0.2172303720682609,0.2163041667777951,0.23455406156908565,-0.025694930353003038,-0.0005204004857704003,0.0037455190508295377,-0.08030990962406825,-0.17100810077242926,-0.14226702237251843,-0.1373967376642935,-0.23336054228047587,0.17387090623378754,0.19692479074001312,0.18850581347942352,0.13618211448192596,0.12110106199757624,0.004566127842992707,0.04712316244801995,0.31161389570171605
3,last_label_token,9,0.22244920917585786,0.21722874681488807,0.2156986204515986,0.23442026026108687,-0.02455733852186659,-0.0005129148881535261,0.006534546418551446,-0.07969364709599769,-0.16970934301297072,-0.14225847626861454,-0.13421258071447384,-0.2326569720558238,0.16680125892162323,0.19686293601989746,0.17005214095115662,0.1334886997938156,0.1568373772288214,0.004878796874273839,0.1404045143352085,0.3252288204769819
3,last_label_token,10,0.22260695118196205,0.21723517570175044,0.21623932654116335,0.23434635130297235,-0.025283867200237713,-0.0005425250775437096,0.004044160437412403,-0.07935323696058183,-0.17053880111268382,-0.1422922814192642,-0.13705578688783393,-0.23226833503095334,0.17233135799566904,0.19683431088924408,0.18743889033794403,0.13272087275981903,0.12888331459403105,0.0050234938651413374,0.05251634544964123,0.3291101044673106
3,last_label_token,11,0.222451094085095,0.2172213931043609,0.21602654497162635,0.2341053441792977,-0.024566020043363206,-0.0004790451427232334,0.005024190527782357,-0.07824320551514874,-0.16971925447075278,-0.14221980809828771,-0.13593691309713574,-0.23100104221683493,0.16557617982228598,0.19680924713611603,0.16849489510059357,0.13142439723014832,0.16303002177585513,0.005150188471408468,0.1482762264802423,0.3356636503759146
3,last_label_token,12,0.2223032104534929,0.21722208872562698,0.21609432957753413,0.23359321305731764,-0.023884897100438323,-0.00048224903756111104,0.004711987954984176,-0.07588443021873803,-0.16894163486848726,-0.14222346589818358,-0.13629334631232481,-0.22830809239495342,0.16574611266454062,0.1968187838792801,0.16892817616462708,0.13149137794971466,0.16217102933241256,0.0051019812490475935,0.14608603678557552,0.3353250699626146
3,last_label_token,13,0.22253409740971583,0.21722722253879578,0.21647103734377052,0.23390403234658122,-0.024948317043550678,-0.0005058943720452902,0.0029769460197685005,-0.07731600277837525,-0.17015571259379966,-0.14225046113566298,-0.1382741966618708,-0.2299424799838652,0.16547966996828714,0.1968088299036026,0.16849389672279358,0.13113628327846527,0.16351786882297573,0.005152297537386774,0.14828127317383322,0.3371200357577072
3,last_label_token,14,0.22247480184090238,0.21722679779309184,0.21684337263347722,0.23335423509613806,-0.024675213307220334,-0.0005039380768101509,0.0012620428521061822,-0.07478374469695703,-0.16984391746044167,-0.14224822768641787,-0.14023205512635784,-0.22705146956854927,0.16560239096482596,0.19680967926979065,0.16856081783771515,0.13143667578697205,0.16289752723814774,0.0051480040816452854,0.1479429940556729,0.335601583577125
3,last_label_token,15,0.2223415636548809,0.21721932066588842,0.21713056163627562,0.23267480866247867,-0.024061544408304547,-0.00046949989842470785,-6.0693252238674944e-05,-0.07165444007425026,-0.1691433083118956,-0.14220891055159357,-0.1417421870842479,-0.22347882729984536,0.1653852810462316,0.19680744409561157,0.1685381680727005,0.1308102309703827,0.1639949947847067,0.005159302649386133,0.1480574862087799,0.33876819549595405
3,last_label_token,16,0.2225752480557653,0.21721662633559283,0.2174087828948718,0.2331003349368312,-0.025137848831733162,-0.00045709034261198767,-0.0013421256892593991,-0.0736143304633281,-0.1703720958991545,-0.14219474289808032,-0.14320516376467984,-0.22571638103470337,0.1653951108455658,0.19680465757846832,0.16846086084842682,0.13091981410980225,0.16394530619457534,0.005173388197169615,0.14844826600504257,0.3382142643815138
3,last_label_token,17,0.22272777343664515,0.21720810737930427,0.2180841830598206,0.23289102987081062,-0.025840350759567848,-0.0004178537042156538,-0.00445288610958583,-0.07265031246490206,-0.17117412330901946,-0.14214994749152265,-0.14675663462016186,-0.22461578781537384,0.16539925336837769,0.19680730998516083,0.16833104193210602,0.1310594081878662,0.16392436618236236,0.005159980563450572,0.14910448681942978,0.3375086311642067
3,last_label_token,18,0.22259757365165303,0.2171989280636571,0.218444192710043,0.23214960018125902,-0.025240676138642486,-0.00037557558039669203,-0.0061110198041967045,-0.06923543303133406,-0.1704894910483438,-0.14210167970349707,-0.14864968091598874,-0.2207171125255456,0.1652343918879827,0.19679997861385345,0.16813987493515015,0.13076332211494446,0.1647577234309974,0.005197039865640463,0.15007081565641023,0.33900531477094153
3,last_label_token,19,0.22247226512064786,0.2171927812720547,0.21851519256078897,0.2317088215290999,-0.024663529672281026,-0.000347264666332725,-0.0064380311628129405,-0.06720529318769741,-0.1698305785711136,-0.14206935790027075,-0.14902302092055786,-0.21839935689251222,0.16548207898934683,0.1968107968568802,0.16836430132389069,0.1312711387872696,0.16350569147774394,0.005142354797774806,0.14893636413144629,0.3364383555040107
3,last_label_token,20,0.2225262003452504,0.21719650941736557,0.2184660326532957,0.23191605896508993,-0.024911944716668428,-0.0003644357709253754,-0.006211610290516534,-0.06815978808856338,-0.17011418729406125,-0.14208896168496543,-0.1487645223477394,-0.2194890778494789,0.16511157155036926,0.1968035101890564,0.16799989342689514,0.13053131103515625,0.16537856717439167,0.005179188128609957,0.15077840729212577,0.34017810610243926
3,last_label_token,21,0.2248548619887408,0.21719018631622572,0.22407078141925715,0.23330361823073956,-0.035637302584254016,-0.0003353128097827174,-0.03202598158008807,-0.07455061336289126,-0.18235903766326764,-0.1420557127895996,-0.17823609035678878,-0.2267853098434145,0.15166129171848297,0.19678352773189545,0.1288161277770996,0.12938421964645386,0.23336830114509477,0.005280197324212921,0.34884817504404,0.3459765310670314
3,last_label_token,22,0.22479839966076764,0.21718596610702387,0.22438791900121866,0.23282131387406035,-0.035377248198404564,-0.0003158753556158356,-0.0334866549541295,-0.07232921428546835,-0.182062140619654,-0.14203352157502458,-0.1799037015567353,-0.22424919872720217,0.15169919033845267,0.19678866863250732,0.12875376641750336,0.1295551359653473,0.23317672765206698,0.005254210618409028,0.349163405084009,0.3451125672537829
3,last_label_token,23,0.22489269053568695,0.21718442900841978,0.22461683609906366,0.23287680649957737,-0.035811533436873745,-0.00030879578153819587,-0.034541002116698305,-0.07258480241238474,-0.18255795230521862,-0.14202543901719045,-0.18110742113441658,-0.22454099676404882,0.1517878621816635,0.1967930942773819,0.12872232496738434,0.1298481673002243,0.23272850091582423,0.005231839454282183,0.34932233827022996,0.34363132502296057
3,last_label_token,24,0.22480324657023454,0.21717981610979353,0.22458641789540523,0.23264350570550485,-0.03539957211082423,-0.0002875496770593511,-0.03440090184887379,-0.07151026480653955,-0.18208762722537938,-0.1420011829155774,-0.18094747245602494,-0.2233142263045358,0.1517792542775472,0.19679322838783264,0.12862318754196167,0.1299213469028473,0.23277201295559058,0.005231161540217744,0.3498234674114281,0.3432614099151259
3,last_label_token,25,0.22496500202253755,0.21717988983923647,0.22523118027118075,0.23248393595719538,-0.03614458593360633,-0.00028788926038325613,-0.03737055063365036,-0.07077531790678537,-0.18293818931343134,-0.14200157060865393,-0.1843378399819966,-0.22247515734964352,0.15186561147371927,0.19680087268352509,0.12861263751983643,0.13018332421779633,0.23233548651394167,0.005192520438544124,0.3498767966511648,0.34193714245211615
3,last_label_token,26,0.22515971079593947,0.217172207551844,0.2257750214648848,0.23253190337108964,-0.03704137627690588,-0.0002525061544877971,-0.03987537628829885,-0.070996246387931,-0.18396203054109236,-0.14196117467570368,-0.1871975315392187,-0.22272738540835468,0.1518214543660482,0.19680055975914001,0.12857268750667572,0.1300911158323288,0.23255869599664378,0.005194102238027853,0.35007873971858583,0.3424032460333176
3,last_label_token,27,0.22512453918029615,0.2171732798343947,0.22613328725350004,0.2320670504529937,-0.036879382727688315,-0.00025744487717593856,-0.04152547809907614,-0.06885522520681286,-0.1837770868967464,-0.1419668130815337,-0.18908140805097506,-0.22028303955773043,0.1520157257715861,0.19680555164813995,0.12871241569519043,0.13052920997142792,0.23157667470446774,0.005168868770073276,0.3493724285872143,0.34018872675611567
3,last_label_token,28,0.2256210791964491,0.21718178596817145,0.22697280755563945,0.23270864406553637,-0.03916634845484938,-0.00029662245760286865,-0.04539214361603494,-0.07181027929091033,-0.18638805367979638,-0.14201154106320857,-0.19349587526665846,-0.22365674470952213,0.15173888206481934,0.19679129123687744,0.12811042368412018,0.1303149312734604,0.2329760901969182,0.005240953632259737,0.3524154341749586,0.34127188278353626
4,pre_label_token,0,0.2171173635317164,0.21711736246317376,0.2171173656688017,0.21711736246317376,9.462347827504658e-08,9.954497570685561e-08,8.478048341142852e-08,9.954497570685561e-08,-0.1416727872141824,-0.14167278159544217,-0.1416727984516628,-0.14167278159544217,0.19782808919747671,0.19782809913158417,0.19782806932926178,0.19782809913158417,5.021585662105347e-08,0.0,1.506475698631604e-07,0.0
4,pre_label_token,1,0.2205502250949208,0.2180547954655495,0.21740414114559398,0.22619173867361886,-0.0158109910609406,-0.004317532626048948,-0.0013207467043494514,-0.041794693852423404,-0.15972387518445186,-0.14660210521673123,-0.14318075595708035,-0.189388764379544,0.18700827161471048,0.1940566599369049,0.19662463665008545,0.1703435182571411,0.0546930772947322,0.01906422399666652,0.0060833748430157986,0.13893163304451428
4,pre_label_token,2,0.21870789888526213,0.21753327666210528,0.21745033264160157,0.22114008735207952,-0.007325598619896938,-0.0019155195138174097,-0.0015334956567383262,-0.018527780689135076,-0.15003633262901048,-0.14385979195247778,-0.14342364566951415,-0.16282556026503947,0.1926404039065043,0.1964661329984665,0.1964094191789627,0.18504565954208374,0.026223247596537307,0.006884593943410344,0.007171276268887583,0.06461387257731399
4,pre_label_token,3,0.21862330289781928,0.21749774548185974,0.21741483512044954,0.22095732809114857,-0.006935966127764592,-0.0017518698807088562,-0.0013700010507993188,-0.017686027451785602,-0.14959149977363687,-0.14367295760204124,-0.14323698830939513,-0.16186455340947425,0.19262447456518808,0.19642238318920135,0.19637669622898102,0.1850743442773819,0.026303768722636917,0.00710574457599078,0.007336687300613209,0.06446887429130677
4,pre_label_token,4,0.21857140912395234,0.2174692234071363,0.2172955264564322,0.22094947750828847,-0.006696953604249749,-0.001620502810104174,-0.0008204887926028803,-0.01764986921004219,-0.1493186256539163,-0.14352297937820424,-0.1426096250586084,-0.16182327252493622,0.19267707069714865,0.19650039076805115,0.19640003144741058,0.1851307898759842,0.026037900869731123,0.0067114245618359325,0.0072187302533990305,0.0641835477939584
4,pre_label_token,5,0.21882968923958745,0.2173635482788086,0.21736074655997653,0.22176477287997717,-0.007886541055914057,-0.001133783937834476,-0.0011208797715283048,-0.02140495945837939,-0.15067674540400286,-0.14296730563413051,-0.142952573297223,-0.16611035728065504,0.19125549991925558,0.1964947134256363,0.1930810511112213,0.18419073522090912,0.033223789952896765,0.006740122923897585,0.023995822844182446,0.06893542409061026
4,pre_label_token,6,0.21875057220458985,0.2173471450805664,0.21728680073714057,0.22161777079606257,-0.007522143541941399,-0.0010582340305251847,-0.0007802998444506049,-0.020727896750848407,-0.1502607226392063,-0.1428810523527173,-0.1425637424258146,-0.16533737313908703,0.1911588261524836,0.19645024836063385,0.19294458627700806,0.18408164381980896,0.033712465561651674,0.006964889098155069,0.02468563806665236,0.0694868695201476
4,pre_label_token,7,0.2188358819785238,0.2173027006517939,0.21709564914222526,0.22210929614155234,-0.007915063594368332,-0.0008535317264621867,0.00010010683384797936,-0.02299176589049079,-0.1507093088130597,-0.14264734928057488,-0.14155860598441006,-0.16792197117419416,0.19095734258492789,0.19641269743442535,0.19285446405410767,0.1836048662662506,0.0347309435657381,0.00715470503620097,0.025141196317962522,0.07189692934305081
4,pre_label_token,8,0.2185739175278266,0.21727040074452633,0.21702780042375838,0.22142355141519499,-0.006708506819506706,-0.0007047647016336089,0.0004126046964930685,-0.019833360453379578,-0.14933181564662804,-0.14247750600062203,-0.1412018356448066,-0.1643161052944555,0.19101223846276602,0.19641484320163727,0.19283604621887207,0.1837858259677887,0.034453450742023405,0.007143858411169823,0.025234296516146948,0.07098219729875344
4,pre_label_token,9,0.22096665807130958,0.21731562894933365,0.21699769316601153,0.2285866520985836,-0.017728999506744336,-0.0009130769240739411,0.0005512728085604879,-0.052825194404719555,-0.16191361343987362,-0.14271533041873008,-0.14104352201982473,-0.20198198788106603,0.18304990231990814,0.19636200368404388,0.19263337552547455,0.160154327750206,0.07470221306552816,0.007410956552562964,0.026258775315100125,0.19043690732892138
4,pre_label_token,10,0.22031409479990727,0.21733069219509094,0.21681172186587036,0.2267998703387605,-0.014723421329855713,-0.0009824552735846481,0.001407820067235832,-0.04459562878321832,-0.15848222630078532,-0.14279453779988316,-0.1400656252311001,-0.19258651587137265,0.18259497980276743,0.19633162021636963,0.19262829422950745,0.15882502496242523,0.07700179800385447,0.0075645417500532774,0.02628446072576429,0.19715639153574582
4,pre_label_token,11,0.22531317489153865,0.21730103532807166,0.2169258967167189,0.24171259262982536,-0.03774820174024773,-0.0008458615726909535,0.0008819531435235728,-0.11328069679157582,-0.18476899401425748,-0.14263859247391197,-0.1406659932444072,-0.2710023963244532,0.1697003518541654,0.19630901515483856,0.1925269514322281,0.12026508897542953,0.14218277080400885,0.00767880793180542,0.026796737787133318,0.39207276669308777
4,pre_label_token,12,0.2257009468826593,0.21732942917767692,0.21690811670127036,0.24286529476903065,-0.03953420332077858,-0.0009766380636020422,0.000963844400293401,-0.1185898162990271,-0.18680802360961116,-0.1427878964489202,-0.14057250021619594,-0.27706367416371736,0.16961342841386795,0.1963014453649521,0.19263257086277008,0.11990626901388168,0.14262215954948543,0.007717072414554438,0.026262842799486763,0.3938865634344151
4,pre_label_token,13,0.22501377458331964,0.2173523510203642,0.21716593574075138,0.2405230369888434,-0.03636922276307838,-0.0010822115660871212,-0.0002236194252225321,-0.10780183729792547,-0.18319465109291286,-0.14290842685516303,-0.14192819547986923,-0.2647473309437063,0.16559400906165442,0.19628508388996124,0.18274207413196564,0.11775486916303635,0.1629398968671758,0.0077997779304171955,0.07625825181479473,0.4047616608563155
4,pre_label_token,14,0.2245443632622727,0.21731127410375772,0.21760319621623064,0.2387186194668297,-0.03420720647385115,-0.000893019361228431,-0.0022375552385149877,-0.09949104482181004,-0.1807263356964278,-0.14269243124288478,-0.14422745141066473,-0.25525912443573384,0.16704172641038895,0.19639436900615692,0.18382307887077332,0.1209077313542366,0.15562183964937082,0.0072473532916758066,0.07079388783640639,0.38882427782003026
4,pre_label_token,15,0.22401449433227882,0.2173063166001264,0.21777795262697364,0.23695921376973642,-0.0317667343198198,-0.0008701860738229428,-0.003042448920734797,-0.09138756796490166,-0.17794011478657437,-0.14266636309754466,-0.14514637671120778,-0.2460076045509707,0.16680741806825003,0.19639629125595093,0.18387587368488312,0.12015008926391602,0.15680624339771335,0.007237636523418689,0.0705270156663681,0.3926540780033533
4,pre_label_token,16,0.22438409682415447,0.21731130616003727,0.2177227436995306,0.23811824061289555,-0.033469050757761444,-0.0008931670061518293,-0.002788167451390766,-0.09672581781574174,-0.17988360332289935,-0.14269259980509208,-0.1448560704498949,-0.2521021397137111,0.16647485395272574,0.19639228284358978,0.1837344765663147,0.1192978024482727,0.15848731962997845,0.007257898621567227,0.07124176306165275,0.3969622972067154
4,pre_label_token,17,0.2235226697948466,0.2172755585999048,0.21802381787981306,0.23526863290482208,-0.029501487160892514,-0.0007285207698102258,-0.004174855954310885,-0.08360108475855643,-0.17535394350420033,-0.14250462765975702,-0.14643921512782443,-0.23711798772501957,0.1685274988412857,0.19656120240688324,0.185054212808609,0.12396708130836487,0.14811141803879613,0.006404028195500455,0.06457063672475916,0.37335958919612877
4,pre_label_token,18,0.22324757509204854,0.21726232576770943,0.21793573844332656,0.23454466106510963,-0.028234455025401894,-0.000667572945426409,-0.003769179380501253,-0.08026661275027802,-0.17390740725770848,-0.14243504518063377,-0.14597606517927098,-0.2333111114132207,0.16831873854001364,0.19654856622219086,0.18506845831871033,0.12333919107913971,0.149166679157861,0.0064679027651286525,0.06449862718635757,0.3765335075220968
4,pre_label_token,19,0.223533120676249,0.21726170868432823,0.2181086548236238,0.23522899852079504,-0.029549621866673165,-0.0006647307806506575,-0.004565598244117508,-0.08341853657525133,-0.1754088975931106,-0.1424318003581455,-0.14688531500912205,-0.2369095774120642,0.16855329275131226,0.19657358527183533,0.18530742824077606,0.12377886474132538,0.147981032567067,0.006341434130216261,0.06329065964729341,0.3743110039236913
4,pre_label_token,20,0.22363025975160575,0.21724714711934578,0.2198915754045759,0.2337520567308955,-0.0299970253565874,-0.0005976630741912903,-0.012777380034593833,-0.07661603296097708,-0.17591968603078287,-0.1423552309755347,-0.15626048370096068,-0.22914334341585318,0.16232372572024664,0.1966211199760437,0.16564832627773285,0.12470173090696335,0.17947083132877914,0.006101151256261428,0.16266532911710962,0.36964601361296634
4,pre_label_token,21,0.22325491865142053,0.21722883176402885,0.21977312745166425,0.23276279673856848,-0.028268278016606585,-0.0005133061472006872,-0.012231832042590929,-0.07205969586002814,-0.17394602205000287,-0.14225892295846343,-0.15563764634543653,-0.22394149684610865,0.16293147703011832,0.19665268063545227,0.16631555557250977,0.12582619488239288,0.1763987130981559,0.005941615479760909,0.15929255599890302,0.3639619678158038
4,pre_label_token,22,0.22266458730403782,0.21721727868088153,0.2197336533490349,0.23104282988219702,-0.02554932785103281,-0.00046009491680343295,-0.012050022083902823,-0.06413786655239218,-0.1708418703424502,-0.1421981731389963,-0.15543007884351723,-0.2148973590448371,0.1636186639467875,0.1966797560453415,0.16698671877384186,0.1271895170211792,0.1729250563239879,0.0058047521625270715,0.1558998974014726,0.3570705194079641
4,pre_label_token,23,0.22245935231697658,0.2172131145701689,0.21974560713567654,0.23041933524508437,-0.02460405583638255,-0.00044091584125238725,-0.012105078875842779,-0.06126617279205249,-0.16976267890469207,-0.14217627690828394,-0.1554929356905741,-0.21161882411521815,0.16410784920056662,0.19669820368289948,0.1674036830663681,0.12822166085243225,0.17045227689615894,0.005711501316772782,0.15379218725131383,0.3518531421203902
4,pre_label_token,24,0.22216676557097448,0.2172140666416713,0.21955052383807527,0.22973570623317685,-0.023256458787683936,-0.0004453008954774518,-0.011206563547687898,-0.058117511919886455,-0.1682241638804832,-0.14218128320583712,-0.15446712509445915,-0.2080240833411533,0.1644811530907949,0.1967187076807022,0.16765765845775604,0.1290670931339264,0.16856526543587103,0.005607855788696936,0.15250836866081618,0.34757957185809996
4,pre_label_token,25,0.22211775151955315,0.2172120262594784,0.2195447408852457,0.2295964874139353,-0.023030709699788893,-0.00043590329610254663,-0.011179928403504569,-0.05747629739975957,-0.1679664322657075,-0.14217055422135028,-0.15443671647228419,-0.20729202610348807,0.16470039387543997,0.19672991335391998,0.167507603764534,0.1298636645078659,0.1674570265880658,0.005551212302422837,0.15326687917515036,0.3435529882866242
4,pre_label_token,26,0.2219913349098184,0.21720181473162994,0.21929315518932183,0.22947903480850348,-0.022448459640574958,-0.0003888710057500244,-0.010021174133346022,-0.05693533378262883,-0.16730169315484908,-0.14211685873025348,-0.15311379812979675,-0.20667442260449698,0.1649422695239385,0.19674502313137054,0.1676173359155655,0.13046444952487946,0.16623437091093848,0.005474833984494887,0.1527121948228607,0.34051608392545984
4,pre_label_token,27,0.22160606971975802,0.21718763463637408,0.21923057652321182,0.22839999799968816,-0.020674003893054776,-0.0003235602738791421,-0.009732949096109555,-0.051965502309175626,-0.16527584512409677,-0.14204229523790812,-0.1527847394170534,-0.20100050071732878,0.16549002130826315,0.19677503407001495,0.1680743396282196,0.13162069022655487,0.16346554390037152,0.005323131881628029,0.1504020896625713,0.33467141015691526
4,pre_label_token,28,0.2215358306713799,0.21717292561250576,0.21990187669000705,0.22753268971162685,-0.02035049664062072,-0.00025581340077218684,-0.012824825730731737,-0.04797085079035823,-0.16490650566257817,-0.14196495046914448,-0.15631465116623744,-0.1964399153523526,0.16560458640257517,0.1967722773551941,0.16792860627174377,0.13211287558078766,0.1628864295338334,0.005337066781841759,0.1511387562792732,0.33218346554038525
4,first_label_token,0,0.2171395384630903,0.21714338254527885,0.2171169377174698,0.2171582951265223,-0.00010203875229112629,-0.00011974383935675625,2.0558402109571716e-06,-0.00018842825772757976,-0.14178939012099803,-0.14180960353900884,-0.14167054814619706,-0.14188801867778822,0.19734948873519897,0.19735850393772125,0.19735723733901978,0.1973327249288559,0.002419324648450738,0.0023737537585627466,0.0023801562802825416,0.002504063906506926
4,first_label_token,1,0.2180336949538116,0.217166102433405,0.2171491879375041,0.2197857944905257,-0.004220347815962515,-0.00022438717882433679,-0.0001464823349863753,-0.012290173934076831,-0.14649115195322615,-0.1419290720033466,-0.14184013015472874,-0.15570425370160312,0.19190216064453125,0.19728830456733704,0.1972825527191162,0.1811356246471405,0.029954988765834096,0.0027286041094095603,0.002757679090396037,0.0843786830976967
4,first_label_token,2,0.22072188273197466,0.2171677020417542,0.2171312780941234,0.2278666680600463,-0.016601612400564274,-0.00023175466050240345,-6.399311627691695e-05,-0.0495090894249135,-0.16062650613830107,-0.14193748325748468,-0.14174595444957827,-0.19819608070784023,0.1831085036198298,0.1972597986459732,0.1972469985485077,0.15481871366500854,0.074405989727292,0.0028726985099976066,0.0029374016412601067,0.21740786903061826
4,first_label_token,3,0.22052039458972064,0.21716495321578339,0.21712418403946052,0.22727204651391808,-0.015673597616712016,-0.00021909410831999487,-3.1319294726106506e-05,-0.04677037944708995,-0.15956701681319196,-0.14192302904821918,-0.14170865163312985,-0.19506936975822686,0.18261226018269858,0.1972336620092392,0.19722095131874084,0.15338216722011566,0.07691444752125369,0.003004816428780366,0.0030690676173331655,0.22466945851764752
4,first_label_token,4,0.22099279622737766,0.21717242553454488,0.21709518112054393,0.22871078202704423,-0.017849386716544718,-0.0002535101399669948,0.00010226244972977305,-0.05339691245939693,-0.1620510562542367,-0.1419623208987124,-0.1415561449761853,-0.20263470288781238,0.1814038852850596,0.19718436896800995,0.19716595113277435,0.14986133575439453,0.08302265410537098,0.003253987509358014,0.00334708770754244,0.2424668870992125
4,first_label_token,5,0.2217030869812525,0.21719026805973854,0.21706136174562599,0.23085763113839286,-0.02112084633226008,-0.000335689304337361,0.0002580278439281436,-0.06328487753637102,-0.16578599302538177,-0.14205614262322785,-0.14137831184761196,-0.2139235246053055,0.1802001198132833,0.19712357223033905,0.19707626104354858,0.14640052616596222,0.0891075605320139,0.003561308551908504,0.0038004615690893084,0.25996091147504385
4,first_label_token,6,0.22209203757491766,0.21719951950201466,0.21657777674057904,0.23249881648215928,-0.022912276324474973,-0.000378299629233636,0.0024853253360415106,-0.0708438546802328,-0.1678312200912193,-0.14210478967621953,-0.13883546667122282,-0.2225534039262156,0.17698048055171967,0.19708560407161713,0.19027140736579895,0.14358443021774292,0.10538249455653836,0.0037532335559327112,0.03819827314197122,0.27419597697171116
4,first_label_token,7,0.22226399119828597,0.21723994247051848,0.2164651037264271,0.23308692739791229,-0.023704260918891478,-0.0005644798776547333,0.003004275095091824,-0.07355257797411152,-0.16873540743611484,-0.14231734661947137,-0.13824299579732213,-0.22564587989155105,0.17558745543162027,0.19702184200286865,0.18950988352298737,0.14023064076900482,0.11242408837568951,0.004075544031685974,0.04204769517127083,0.29114902592411174
4,first_label_token,8,0.22219593518254468,0.2172504152570452,0.21644678356266822,0.23289060672792067,-0.023390808285741655,-0.0006127154741331076,0.0030886541688212032,-0.07264836355191306,-0.1683775470609051,-0.14237241589255656,-0.13814666249591956,-0.22461356279423916,0.17473637561003366,0.196965292096138,0.18906478583812714,0.13817904889583588,0.11672620635247155,0.00436139779552891,0.044297616627394065,0.3015196046344917
4,first_label_token,9,0.2221092934701957,0.21725206294981372,0.21651925960508714,0.2325565578556862,-0.02299175358674706,-0.0006203044231964938,0.002754843761481718,-0.07110980009852641,-0.16792195712734345,-0.1423810799900056,-0.13852776479012907,-0.22285702660189566,0.17375381787618002,0.1969085931777954,0.18835841119289398,0.13599444925785065,0.12169293119169737,0.004648004797221161,0.047868265328635085,0.31256252344923585
4,first_label_token,10,0.2222189131237212,0.2172690078991802,0.21631605484906366,0.23307167662291967,-0.023496640166842536,-0.0006983495297112619,0.0036907649309825263,-0.07348233590179887,-0.1684983724510106,-0.1424701819727201,-0.13745924895882577,-0.2255656864214859,0.17332608004411063,0.19687874615192413,0.18796013295650482,0.1351393610239029,0.12385510043836685,0.004798878338453716,0.04988151945248043,0.31688490352416643
4,first_label_token,11,0.22218242559780257,0.2172600000846286,0.2164429127669134,0.2328443639418658,-0.02332858579351893,-0.000656861306232992,0.0031064822933229985,-0.0724353783676468,-0.16830650932805993,-0.14242281599250295,-0.1381263086094029,-0.224370403382274,0.17297551035881042,0.19686420261859894,0.18776389956474304,0.1342984288930893,0.1256271929107664,0.004872394352554044,0.05087345837634005,0.3211357260034051
4,first_label_token,12,0.22188186538653545,0.21725413699110016,0.21647762971765855,0.2319138294508477,-0.021944264530870727,-0.0006298570497411671,0.002946582841269141,-0.06814951938414016,-0.16672606726418557,-0.14239198596481017,-0.13830886147977695,-0.21947735434796956,0.17357248067855835,0.1969040483236313,0.1882074922323227,0.13560590147972107,0.12260957143854645,0.004670978551627569,0.048631144622495626,0.31452659114151615
4,first_label_token,13,0.22205531496961575,0.2172533548178793,0.2163818423487559,0.2325307477422121,-0.022743139221713005,-0.0006262545136097586,0.0033877606369128177,-0.07099092378844207,-0.16763812084541607,-0.142387873046955,-0.13780518074850745,-0.22272130874078577,0.1675268510977427,0.19689024984836578,0.17060381174087524,0.13508649170398712,0.1531695859529377,0.004740728376480985,0.13761587716920265,0.31715215231312943
4,first_label_token,14,0.21873621900542442,0.2172473074007435,0.2169643225790072,0.2219970270365226,-0.007456035527484158,-0.0005984012988082821,0.0007049711738310593,-0.02247467645747525,-0.1501852489109421,-0.14235607378657056,-0.1408680487621521,-0.16733162418410363,0.17959404488404593,0.19689689576625824,0.17101047933101654,0.17087475955486298,0.0921712048368315,0.0047071339683981694,0.13556021575443666,0.13624626478765967
4,first_label_token,15,0.22166493894005357,0.2172388253091764,0.2170924322945731,0.23066355921641118,-0.02094514395190376,-0.0005593344520737897,0.00011492300191229265,-0.06239102040554978,-0.1655853983800993,-0.14231147222655127,-0.14154169076691958,-0.21290303214682704,0.1679368962844213,0.1969025731086731,0.17130017280578613,0.13560794293880463,0.15109685114691884,0.004678435606336517,0.13409584605144054,0.3145162717829795
4,first_label_token,16,0.21868874739532043,0.2172335280089819,0.21703856492242893,0.22179414925455046,-0.007237390621153843,-0.0005349361284803233,0.0003630255312118136,-0.021540261266193017,-0.14993562794770185,-0.14228361732181516,-0.14125843883397704,-0.16626482768731332,0.1854708194732666,0.19690856337547302,0.18832069635391235,0.17118319869041443,0.06246473434543898,0.0046481554447911355,0.04805890982831529,0.1346871377632105
4,first_label_token,17,0.21889491789147297,0.21722155659138656,0.218033994145754,0.2214292029372784,-0.00818697140681901,-0.0004797981318325206,-0.004221725835247714,-0.019859390253376796,-0.1510197385925395,-0.14222066776554443,-0.14649272520049306,-0.16434582281158105,0.1802360713481903,0.19692780077457428,0.1719743013381958,0.17180611193180084,0.08892582934688482,0.004550912438435084,0.13068819802080733,0.13153837758141207
4,first_label_token,18,0.21897246523731562,0.21721662312996487,0.2185603919149447,0.2211403806670373,-0.00854413924104199,-0.0004570755781194702,-0.00664621050482217,-0.018529131640184326,-0.15142750742792463,-0.14219472604185945,-0.14926069363267924,-0.16282710260923516,0.1802903115749359,0.19693058729171753,0.17203225195407867,0.17190809547901154,0.08865165076970742,0.004536826890651491,0.13039526382118016,0.1310228615972906
4,first_label_token,19,0.21887784257990306,0.2172057336118041,0.21860901487975562,0.22081877924814947,-0.008108325877615563,-0.00040692059763691724,-0.006870158324651765,-0.017047898710558007,-0.1509299511235159,-0.1421374654600811,-0.14951636878852748,-0.1611360191219391,0.18087906142075857,0.19696590304374695,0.17279741168022156,0.1728738695383072,0.0856755829188454,0.004358309520346437,0.12652746278835547,0.12614097644783429
4,first_label_token,20,0.21854317502147344,0.21720758806757567,0.21757991534321247,0.22084202165363215,-0.006566912877206936,-0.0004154618564562451,-0.002130328112887714,-0.017154948662276848,-0.14917016168057384,-0.14214721678376652,-0.1441050331077014,-0.16125823515025361,0.18621182441711426,0.19695986807346344,0.18887019157409668,0.17280541360378265,0.058719033168000125,0.004388815653246669,0.04528126993491044,0.12648701391584327
4,first_label_token,21,0.2220722903724478,0.217203496083492,0.21921152707909336,0.22980184795475808,-0.022821324590905245,-0.00039661498198295675,-0.009645211100372864,-0.058422147690359916,-0.16772738296222736,-0.14212569981802003,-0.15268457132543767,-0.2083718777432244,0.16923238833745322,0.1969459503889084,0.1724856197834015,0.13826559484004974,0.14454827660812075,0.004459168068379538,0.12810353766441585,0.30108212409156687
4,first_label_token,22,0.21916553005784833,0.21719627380371093,0.21934373999844078,0.2209565763713933,-0.00943335786051939,-0.0003633505807383308,-0.010254157822488175,-0.017682565178331666,-0.15244270422372752,-0.14208772275274262,-0.153379789292724,-0.16186060062571594,0.180887833237648,0.19696161150932312,0.17291301488876343,0.17278887331485748,0.08563124231744472,0.004380002770408842,0.12594310086479987,0.12657062331712543
4,first_label_token,23,0.21911389166567505,0.21718999397854846,0.21933754031397715,0.22081414070449956,-0.00919552157489445,-0.0003344269402423272,-0.010225603294300667,-0.017026534490140355,-0.15217117298292418,-0.14205470141635668,-0.15334718936185565,-0.16111162817056024,0.18121645351250967,0.1969810128211975,0.17338721454143524,0.17328113317489624,0.0839701017802601,0.0042819312024184875,0.1235460720566911,0.1240823020816707
4,first_label_token,24,0.21912951536205302,0.21718729964825287,0.21946259827173056,0.22073864816617564,-0.009267481249816134,-0.00032201738442960703,-0.010801595669510666,-0.01667883069550813,-0.15225332739333286,-0.1420405337628432,-0.15400478424450004,-0.16071466417265534,0.18142169713974,0.19699588418006897,0.173703134059906,0.173566073179245,0.08293261707444073,0.004206758065049443,0.12194913249220263,0.12264196066607014
4,first_label_token,25,0.21919057188915606,0.21718273964248785,0.2197503674931887,0.22063860853179162,-0.009548695613939154,-0.00030101489407430293,-0.012127004146969211,-0.01621806780077395,-0.15257438221060515,-0.14201655578887196,-0.15551796717834,-0.1601886236646035,0.18141849835713705,0.19700542092323303,0.17362292110919952,0.17362715303897858,0.08294878658027427,0.004158550842688569,0.12235460042652846,0.12233320847160578
4,first_label_token,26,0.21922565962420124,0.217177326939687,0.21995440250685236,0.22054524942606438,-0.009710302825607142,-0.0002760850487564248,-0.013066749319986526,-0.015788074108078476,-0.15275888478384236,-0.14198809406018986,-0.15659084877080964,-0.15969771152052759,0.18144499758879343,0.1970086544752121,0.17367374897003174,0.17365258932113647,0.08281483578272471,0.004142205581356917,0.12209767099610203,0.1222046307707152
4,first_label_token,27,0.21920568482214664,0.217174522015227,0.2201164437943146,0.22032608865689832,-0.009618302813081256,-0.0002631661179581801,-0.01381307964333578,-0.014778662677949805,-0.15265385086317948,-0.14197334486706192,-0.15744291387187537,-0.15854529385060112,0.18157266080379486,0.19701677560806274,0.17381851375102997,0.17388269305229187,0.08216951180922534,0.0041011541185652645,0.12136590042542117,0.1210414808836896
4,first_label_token,28,0.21926732584208,0.2171759869872021,0.2202385429574662,0.2203874475815717,-0.009902209236307913,-0.0002699134909580625,-0.014375444392115133,-0.015061269825850543,-0.1529779791313627,-0.14198104815992996,-0.15808495046279702,-0.15886793877136118,0.18163872758547464,0.19701328873634338,0.17393934726715088,0.1739635467529297,0.08183555125473481,0.0041187798842409196,0.12075509985335209,0.12063277402661143
4,last_label_token,0,0.21714279110692128,0.21714919915720193,0.21711209882207277,0.21716707534148913,-0.00011701979051988627,-0.00014653401070963135,2.434284139973819e-05,-0.00022886820224976567,-0.14180649356628638,-0.14184018915150132,-0.14164510368102357,-0.14193418786633427,0.19730866452058157,0.1973160058259964,0.1973133087158203,0.19729667901992798,0.0026256867112548488,0.0025885771932082635,0.0026022107982822673,0.0026862721422740155
4,last_label_token,1,0.21843410353032813,0.21718102302871833,0.21737784377667083,0.2207434437855953,-0.006064551025301901,-0.00029310850842589886,-0.001199626191429548,-0.016700918376050256,-0.1485966287706495,-0.14200752928267768,-0.14304247595042163,-0.16073988107884918,0.189163605372111,0.1972028762102127,0.19161345064640045,0.17867448925971985,0.04379809439360801,0.0031604353684639985,0.03141438709902422,0.0968194607133358
4,last_label_token,2,0.2217187913526006,0.21717940098097344,0.2171541710861591,0.23082280199066932,-0.02119317758023905,-0.00028563767530109807,-0.00016943373833089304,-0.06312446132708516,-0.16586857165067856,-0.14199900003499444,-0.14186633314983488,-0.21374038176720633,0.18064375718434653,0.19716516137123108,0.1956644505262375,0.14910165965557098,0.08686502080681464,0.0033510798681442022,0.010937013573120047,0.2463069689791797
4,last_label_token,3,0.22142511683017932,0.21717331669911616,0.21714931776543625,0.22995271602598558,-0.019840570447139456,-0.00025761466883778006,-0.0001470802969263385,-0.05911701637565425,-0.164324336748906,-0.14196700692807185,-0.14184081283166794,-0.20916519048697824,0.17903413871924082,0.19716040790081024,0.19114188849925995,0.14880011975765228,0.09500147094798021,0.0033751081555396523,0.033798083597198825,0.24783122109120215
4,last_label_token,4,0.22175195090243127,0.217170032533277,0.21677221730977547,0.2313136028642414,-0.021345903949763916,-0.00024248844643448564,0.0015897702886010778,-0.06538499369145834,-0.16604293520715388,-0.14194973772994657,-0.13985789759508394,-0.21632117029643116,0.17829842368761697,0.19714325666427612,0.19088369607925415,0.14686831831932068,0.09872043218176574,0.0034618058320042833,0.03510321881883416,0.2575962718944588
4,last_label_token,5,0.2187481327217166,0.21718569202583377,0.21647655583229386,0.22258215030702222,-0.007510907763269829,-0.00031461299152057975,0.002951528946203319,-0.025169639244492226,-0.15024789505523994,-0.14203208036815318,-0.1383032146458365,-0.17040839015173015,0.18739251295725504,0.19708240032196045,0.1901516169309616,0.17494352161884308,0.052750778176299175,0.0037694281696945,0.038803801049094644,0.11567910531010839
4,last_label_token,6,0.22222940781537223,0.21719175547110933,0.21548516249456326,0.23401130548044413,-0.023544976654018446,-0.0003425400287835334,0.007517691816805283,-0.07781008175007709,-0.16855355690827065,-0.14206396390964082,-0.1330901502612043,-0.2305065565539668,0.17098520199457803,0.19704189896583557,0.17479883134365082,0.14111487567424774,0.1356879900016212,0.003974158217158297,0.11641049926186453,0.2866793125258408
4,last_label_token,7,0.22222264661174526,0.21722392875607274,0.2152983705536658,0.2341456405254973,-0.02351383587892238,-0.0004907238561648875,0.008378018785519914,-0.07842880256612217,-0.16851800432940656,-0.14223314136887555,-0.1321079382799759,-0.2312129333393682,0.1691433091958364,0.19696688652038574,0.1728697270154953,0.1375933140516281,0.14499856219448518,0.004353338150540509,0.12616191646004726,0.3044804319728678
4,last_label_token,8,0.22243873906068776,0.21722673207771878,0.21611412433015198,0.23397536077419248,-0.024509115229131868,-0.0005036354047172065,0.004620817214778028,-0.07764452749745643,-0.16965428778673605,-0.14224788213389328,-0.13639743347525735,-0.2303175477510575,0.17357025543848673,0.196905255317688,0.188386008143425,0.13541950285434723,0.12262081979043064,0.004664877325047501,0.04772876567892825,0.31546881636731616
4,last_label_token,9,0.2220809370195832,0.2172265285203437,0.21528624526592863,0.23373003727247735,-0.022861149348246568,-0.0005026978594535603,0.008433865477800118,-0.07651461566308626,-0.16777284980824358,-0.14224681176387777,-0.1320441796251106,-0.22902755803574237,0.16627942522366843,0.19684024155139923,0.16950258612632751,0.1324954479932785,0.15947519106945132,0.004993514998735682,0.14318245552375297,0.33024960268586534
4,last_label_token,10,0.22234177736341118,0.21723478301232602,0.21603184868307673,0.2337587003948308,-0.02406252870779387,-0.0005407164272317466,0.004999762675204078,-0.07664663237135394,-0.16914443205994348,-0.14229021653222618,-0.13596480171431335,-0.22917827793329093,0.17187637587388357,0.1968071162700653,0.18715453147888184,0.13166747987270355,0.1311832008274971,0.0051609597726547385,0.05395374923762919,0.33443489347220734
4,last_label_token,11,0.22210109293961725,0.2172241707809833,0.2156758428621693,0.23340326517569918,-0.022953983554589812,-0.0004918385753367449,0.00663945551888101,-0.0750095676073137,-0.16787883610537713,-0.14223441401353987,-0.1340928088381632,-0.2273092854644283,0.16516309479872385,0.19679000973701477,0.16798797249794006,0.13071130216121674,0.16511812263400147,0.005247431477764519,0.1508386663200768,0.33926827010416305
4,last_label_token,12,0.22194756366291632,0.2172251228524857,0.2157821126344825,0.23283545550178078,-0.022246857879903697,-0.0004962236295620315,0.006149997833281962,-0.07239434784343102,-0.16707152988905727,-0.14223942031109282,-0.13465160941118004,-0.22432355994489894,0.16547591984272003,0.19680674374103546,0.16857077181339264,0.131050243973732,0.16353682530885197,0.0051628428672781945,0.14789267776733372,0.337554955291944
4,last_label_token,13,0.22226647075150863,0.2172278957206662,0.21621091185497637,0.23336060467888328,-0.02371568125371733,-0.0005089949154370998,0.004175032897523745,-0.07481308174323864,-0.16874844572284017,-0.1422540009420139,-0.13690637334739097,-0.22708496287911561,0.16526136795679727,0.196799635887146,0.16824017465114594,0.13074429333209991,0.1646213622723298,0.0051987723126940555,0.14956381125998686,0.33910150324430843
4,last_label_token,14,0.22223506147454097,0.217224962571088,0.2166137903678317,0.23286643148470326,-0.02357101629701071,-0.0004954854049448176,0.002319453646835612,-0.07253701713292293,-0.1685832856628767,-0.14223857750005697,-0.13902483788287756,-0.22448644160569553,0.1654000679651896,0.19680336117744446,0.16833151876926422,0.13106532394886017,0.16392024848211897,0.005179941366459273,0.14910207645831175,0.3374787276215859
4,last_label_token,15,0.22198286350367782,0.21721804803159056,0.21682997150581423,0.2319005709736287,-0.022409442008814895,-0.00046363839496521564,0.0013237658123380625,-0.06808845344381753,-0.16725714778223208,-0.1422022186319687,-0.1401615876956468,-0.21940763701908073,0.16522291799386343,0.19680126011371613,0.16836152970790863,0.13050596415996552,0.16481572274540032,0.005190562020135681,0.148950374355445,0.34030623186062026
4,last_label_token,16,0.22219936039601387,0.21721440002697856,0.21709188733782087,0.2322917938232422,-0.023406584145808096,-0.0004468364026810612,0.00011743296561028682,-0.06989034900035351,-0.16839555793274216,-0.14218303625279183,-0.14153882520939742,-0.2214648123360372,0.16524597009023032,0.19679711759090424,0.16827550530433655,0.13066528737545013,0.16469919685009993,0.005211502032348658,0.14938521856589693,0.3395008699520542
4,last_label_token,17,0.22231270285213697,0.2172049402188854,0.21770290567093536,0.23203026266659008,-0.023928617223009024,-0.00040326638578247476,-0.002696797390537853,-0.06868578789270674,-0.16899154894740284,-0.14213329354545334,-0.1447517557279827,-0.22008959756877244,0.16527515649795532,0.196803480386734,0.16820473968982697,0.130817249417305,0.16455166266333301,0.00517933877617982,0.14974293122057147,0.3387327179932478
4,last_label_token,18,0.222266117063891,0.21719606223226595,0.21813026716729172,0.2314720217921153,-0.023714052238062333,-0.00036237612424394605,-0.004665140451481031,-0.06611464013846202,-0.16874658591982095,-0.1420866102421754,-0.14699895964920162,-0.21715418786808582,0.16509495178858438,0.19679464399814606,0.16800497472286224,0.13048523664474487,0.16546257830252678,0.005224005780648522,0.1507527218814616,0.34041100724547024
4,last_label_token,19,0.2221427815968917,0.21719086430653806,0.21820105063815076,0.23103642984598624,-0.023145993316736835,-0.00033843549991297017,-0.004991155206864439,-0.0641083892434331,-0.1680980484464424,-0.1420592778802814,-0.147371161858872,-0.21486370560017387,0.16533109545707703,0.196804016828537,0.1681993156671524,0.1309899538755417,0.16426889717467263,0.0051766271199220615,0.14977034907828923,0.3378597153258066
4,last_label_token,20,0.2222262134071158,0.21719594362403163,0.21815323228595637,0.2313294643113593,-0.02353026383740057,-0.0003618298380272389,-0.004770913274612543,-0.06545804839956193,-0.16853675968432533,-0.14208598656200877,-0.1471197176144241,-0.21640457487654308,0.16492622097333273,0.19679254293441772,0.16782361268997192,0.13016250729560852,0.16631549462731762,0.005234626434324929,0.1516694876679523,0.3420423697796756
4,last_label_token,21,0.2227670546673259,0.2171907184504661,0.21840058655298056,0.23270985899853106,-0.026021272387966626,-0.0003377637155113078,-0.005910178414880951,-0.07181587503350761,-0.17138067662832568,-0.14205851092223876,-0.14842038574556393,-0.22366313321717435,0.16421703000863394,0.19676731526851654,0.16705898940563202,0.12882478535175323,0.169900379523912,0.005362149602226363,0.15553457704451912,0.34880441192499045
4,last_label_token,22,0.22266074642747724,0.2171853458180147,0.21852541049989332,0.2322714829645237,-0.02553163752845955,-0.00031301842634778865,-0.006485092982150276,-0.06979680117688059,-0.17082167378066018,-0.14203025989631568,-0.14907675012409594,-0.22135801132156896,0.1642435739437739,0.19676853716373444,0.16708113253116608,0.1288810521364212,0.16976620275500762,0.005355973051861418,0.15542264590010002,0.3485199893130614
4,last_label_token,23,0.22454196171266358,0.21718367248022255,0.22403915469385996,0.23240305796390823,-0.034196145408338895,-0.0003053113613455949,-0.03188031509865108,-0.07040280976502,-0.18071370757774,-0.14202146094910084,-0.17806978688318664,-0.22204987490093253,0.15138154725233713,0.19677212834358215,0.1282075196504593,0.12916499376296997,0.23478237966768,0.005337820019691186,0.3519246243922971,0.34708469459105173
4,last_label_token,24,0.22446901070303613,0.2171798177126075,0.224013615455948,0.2322135989405528,-0.03386014739538427,-0.0002875570593054988,-0.0317626863881697,-0.0695301987386776,-0.1803301077534941,-0.14200119134368783,-0.17793549337272752,-0.2210536385440669,0.15137191116809845,0.19677037000656128,0.12815041840076447,0.1291949450969696,0.23483108904860708,0.00534670822631389,0.3522132651361828,0.3469332937833246
4,last_label_token,25,0.2246815406307787,0.21717905797878234,0.22491992822214335,0.23194563569141036,-0.03483901847310541,-0.00028405787462082444,-0.03593698486754704,-0.06829601267714835,-0.18144765833086582,-0.14199719641937758,-0.1827011768032878,-0.21964460176993206,0.15142866969108582,0.19677673280239105,0.1281331479549408,0.1293761283159256,0.23454418075177505,0.005314544970145052,0.35230056540292687,0.3460174318822532
4,last_label_token,26,0.22480558400728456,0.2171708098980559,0.22538083661504152,0.23186510550875625,-0.03541033788648962,-0.0002460688358270069,-0.0380598383408397,-0.06792510648280214,-0.18209991821965285,-0.14195382536347068,-0.18512478107431884,-0.219221148221169,0.15136595567067465,0.19677551090717316,0.12805649638175964,0.12926585972309113,0.23486119345465437,0.005320721520509997,0.35268803095265233,0.34657482789080074
4,last_label_token,27,0.2247372122371898,0.21717082111775374,0.22589432532046022,0.23114649027335543,-0.03509543095084414,-0.00024612051155026293,-0.04042486639975662,-0.06461530594122555,-0.18174039750670232,-0.14195388436024303,-0.18782486950567434,-0.21544243865418955,0.1516021341085434,0.196782648563385,0.12827470898628235,0.12974904477596283,0.23366733657130198,0.005284641427524273,0.3515849894460079,0.34413237884037373
4,last_label_token,28,0.22511566119367668,0.21717881114542986,0.22662868018911667,0.23153949224648354,-0.03683849246614971,-0.00028292100871052384,-0.0438071605987278,-0.06642539579101081,-0.18373040359346837,-0.1419958984903824,-0.19168634311637822,-0.21750896917364448,0.15140396853288016,0.1967708021402359,0.1278412640094757,0.12959983944892883,0.23466904247927536,0.0053445238365507075,0.353776007702309,0.3448865958989664
5,pre_label_token,0,0.2171173635317164,0.21711736246317376,0.2171173656688017,0.21711736246317376,9.462347827504658e-08,9.954497570685561e-08,8.478048341142852e-08,9.954497570685561e-08,-0.1416727872141824,-0.14167278159544217,-0.1416727984516628,-0.14167278159544217,0.19782808919747671,0.19782809913158417,0.19782806932926178,0.19782809913158417,5.021585662105347e-08,0.0,1.506475698631604e-07,0.0
5,pre_label_token,1,0.22067652256214987,0.21812504359654017,0.21741893031016118,0.22648559377974822,-0.01639269237318926,-0.004641081711211248,-0.0013888626897651246,-0.043148132718591414,-0.1603879878057736,-0.14697149243754182,-0.14325852213136225,-0.19093394884841675,0.18620351950327554,0.19386890530586243,0.1965562403202057,0.16818541288375854,0.05876101362413936,0.02001330368689591,0.006429111015885058,0.14984062616963711
5,pre_label_token,2,0.21871785022297494,0.21754306344424976,0.21746318079844243,0.2211473064262326,-0.007371432525621113,-0.0019605955089347926,-0.0015926717420413627,-0.018561030325887184,-0.1500886599568588,-0.14391125399432925,-0.1434912054021511,-0.16286352047409602,0.1924500068028768,0.19643665850162506,0.19635677337646484,0.18455658853054047,0.027185684704629193,0.007033584390019332,0.007437395201076447,0.0670860745227918
5,pre_label_token,3,0.21865484360553303,0.21750778230298468,0.21742915626333542,0.22102759225027901,-0.007081236428657212,-0.0017980975062288351,-0.0014359614203331983,-0.0180096503594096,-0.14975735093864975,-0.14372573442910874,-0.14331229347545205,-0.1622340249113885,0.19251195092995962,0.19640856981277466,0.19634214043617249,0.1847851425409317,0.026872563730638437,0.007175569724629072,0.007511363157886364,0.06593075830939987
5,pre_label_token,4,0.2186308980989857,0.21747574365439534,0.217297925868956,0.22111902477360573,-0.006970948131618027,-0.0016505337875258874,-0.0008315400151202024,-0.01843077059220799,-0.14963143777925766,-0.1435572649311443,-0.14262224193981576,-0.1627148064668129,0.19255070388317108,0.19647008180618286,0.1963660717010498,0.18481595814228058,0.026676671673940795,0.006864633140401533,0.007390393159274589,0.06577498872214627
5,pre_label_token,5,0.21886007966113694,0.2173643977702165,0.21733713711009306,0.2218787041031012,-0.008026513364804902,-0.0011376965283047547,-0.0010121392854363087,-0.021929704280673645,-0.1508365479951482,-0.14297177253262072,-0.14282842723163625,-0.1667094442211876,0.1909616639216741,0.19643063843250275,0.19288182258605957,0.18357253074645996,0.034709099668105835,0.007064015199134577,0.025002901848814818,0.0720603819563681
5,pre_label_token,6,0.21874288778011206,0.2173382158038997,0.2172463745630088,0.22164407297342764,-0.0074867505930510765,-0.001017107537109041,-0.0005941048315372122,-0.020849039410506975,-0.15022031546877548,-0.14283409934990776,-0.1423511686263419,-0.16547567843007682,0.19092786312103271,0.1964063197374344,0.1927928328514099,0.18358443677425385,0.03487995912027542,0.007186943616154795,0.025452735492469514,0.07200019825220194
5,pre_label_token,7,0.21881257813183871,0.2172921861921038,0.2170082172425855,0.22213733096082672,-0.00780773065654609,-0.0008051041915835278,0.0005028009802047206,-0.02312088875825946,-0.1505867697071812,-0.14259206087662046,-0.1410988609924413,-0.16806938725248188,0.1907117466131846,0.19636103510856628,0.1926896721124649,0.18308453261852264,0.0359724050811718,0.007415852598583905,0.025974202055601192,0.07452716058933029
5,pre_label_token,8,0.21853409347747887,0.217254146607984,0.21693524593064764,0.22141288789380498,-0.006525085070404724,-0.0006299013432180534,0.0008388925016108439,-0.01978424636960696,-0.14912240800728016,-0.1423920365334721,-0.14071515441213078,-0.1642600330762376,0.19076854487260184,0.19636555016040802,0.19266223907470703,0.18327784538269043,0.03568529592091326,0.0073930294917474715,0.02611287314367361,0.0735499851273187
5,pre_label_token,9,0.22094922212659476,0.2173062172256598,0.21682781411820098,0.22871363503592354,-0.017648692972152435,-0.0008697283745604523,0.001333702315683638,-0.05341005285758049,-0.16182192964601913,-0.14266584055470233,-0.14015024345910376,-0.20264970492425127,0.1790248602628708,0.1962963491678238,0.18220455944538116,0.1585736721754074,0.09504837255806879,0.007742833149003481,0.0789753313851087,0.19842695314009418
5,pre_label_token,10,0.22030349752816167,0.21733770610905495,0.21669941429330522,0.2268733721821248,-0.014674612378924793,-0.0010147599828267406,0.0019250866741592487,-0.04493416382810689,-0.1584265024444622,-0.14283141921081355,-0.13947507596636122,-0.19297301215621188,0.18196258942286173,0.1962612271308899,0.1923537254333496,0.1572728157043457,0.08019846411287401,0.007920371310104368,0.02767237678704737,0.2050026442414703
5,pre_label_token,11,0.2252636538166292,0.21732818699684464,0.21650855601334773,0.24195421843969522,-0.03752011740181412,-0.0009709168228200227,0.0028041424014084715,-0.11439357778403081,-0.18450859630723823,-0.14278136466339197,-0.13847148186915237,-0.2722729423891703,0.16528483976920447,0.1962423026561737,0.1818656176328659,0.11774659901857376,0.16450271475708692,0.00801603251697669,0.08068864619732763,0.40480346555695645
5,pre_label_token,12,0.22564951739057437,0.21735733737464713,0.2165116654724634,0.24307954932461265,-0.03929732918790448,-0.0011051777339234903,0.0027898208438377203,-0.11957663067362767,-0.18653759083252455,-0.1429346467064898,-0.13848783240324858,-0.2781902933878353,0.1654838596781095,0.19625245034694672,0.18229380249977112,0.11790532618761063,0.16349669028544375,0.007964737019433343,0.07852421723711,0.4040011165997879
5,pre_label_token,13,0.22511456914308692,0.21738450507155987,0.2170291996803604,0.24093000267734047,-0.03683346269575886,-0.0012303068065142586,0.0004061599955862416,-0.10967624127634856,-0.1837246612409437,-0.14307750317707324,-0.1412091933851498,-0.26688728716060806,0.1647751380999883,0.1962377429008484,0.18223673105239868,0.11585094034671783,0.16707920248281258,0.008039081595167974,0.07881270733342582,0.4143858185198439
5,pre_label_token,14,0.22458598193000345,0.21733771412312483,0.21747020432929032,0.23895002733759518,-0.03439889387791532,-0.0010147968940577012,-0.0016250207447605636,-0.10055686399492769,-0.1809451800100074,-0.14283146135136549,-0.14352813738174386,-0.25647594129691287,0.1662893866499265,0.19635717570781708,0.1833566427230835,0.11915434151887894,0.15942483711921976,0.007435361458883127,0.07315167295256209,0.3976874769462141
5,pre_label_token,15,0.22401051935361546,0.21732797382258567,0.21766605537478664,0.2370375288634741,-0.031748426349316926,-0.0009699349840792681,-0.0025270721688310793,-0.09174827189504042,-0.1779192130728843,-0.14278024372471432,-0.14455798504272077,-0.24641941045121785,0.16610224296649298,0.19636400043964386,0.1834682673215866,0.11847446113824844,0.16037082853426668,0.007400863165381133,0.07258742247958516,0.40112419995783377
5,pre_label_token,16,0.2244175886907497,0.21733280149828485,0.21759574313123686,0.23832422144272747,-0.03362330771299223,-0.0009921703095447931,-0.0022032277938217604,-0.09767452503561014,-0.18005971430758913,-0.14280562919311524,-0.1441882606974958,-0.25318525303215633,0.16576461990674338,0.1963532269001007,0.1833149939775467,0.1176256388425827,0.16207747719151855,0.007455322261891939,0.07336220293146611,0.4054149063811976
5,pre_label_token,17,0.2235058648245675,0.2172908815015264,0.21788622110831637,0.2353404918638598,-0.02942408677054309,-0.0007990950432006372,-0.003541112267308577,-0.08393205300112005,-0.1752655775764572,-0.14258520039478828,-0.14571568713784244,-0.23749584519674083,0.16792550683021545,0.19652825593948364,0.18471406400203705,0.12253420054912567,0.15115442362654044,0.006570569084000222,0.06629005276355815,0.380602649032063
5,pre_label_token,18,0.2232507096619165,0.21727377466794823,0.21780955851578912,0.23466879580201222,-0.028248892238162664,-0.0007203043298225076,-0.003188019432971645,-0.08083835295169384,-0.17392388983220042,-0.1424952471729275,-0.14531257061937541,-0.23396385170429834,0.16773956020673117,0.19651852548122406,0.18475627899169922,0.1219438761472702,0.152094364030864,0.006619755515565373,0.06607666048082639,0.38358667609620023
5,pre_label_token,19,0.22352147730124763,0.2172720933160862,0.21797937665666853,0.23531296193098822,-0.029495994769741667,-0.0007125603535895753,-0.003970168414740405,-0.08380525554089502,-0.17534767299009335,-0.14248640608516117,-0.14620552891190264,-0.23735108397321625,0.16793537884950638,0.1965440809726715,0.18497787415981293,0.1222841814160347,0.15110452161901847,0.006490575224395223,0.06495652047500078,0.3818664691576594
5,pre_label_token,20,0.22363670840650715,0.21725653640362394,0.21970707548766577,0.2339465133282317,-0.03002672659368022,-0.0006409082722582671,-0.011927609677903073,-0.07751166183087932,-0.1759535951281269,-0.1424046028460173,-0.1552903239175456,-0.23016585862081773,0.16152571886777878,0.1965898871421814,0.16482877731323242,0.12315849214792252,0.1835046710915373,0.00625902990949323,0.166808061964961,0.3774469214001577
5,pre_label_token,21,0.2232637768700009,0.2172372962246422,0.21963579995291574,0.23291823443244486,-0.028309077230442403,-0.0005522917892271106,-0.011599328572945433,-0.07277561132915467,-0.17399260140658646,-0.14230343180926885,-0.15491553427799487,-0.22475883813249564,0.16213719050089517,0.1966211348772049,0.16548970341682434,0.12430073320865631,0.1804137470226077,0.006101075932476441,0.16346715080778362,0.37167301432756306
5,pre_label_token,22,0.2226839984498438,0.21722416436972738,0.21964139858213794,0.2311864323976661,-0.0256387317736555,-0.000491809046351932,-0.01162511475881911,-0.06479927151579545,-0.17094394037763694,-0.14223438030109836,-0.1549449736674786,-0.21565246716433384,0.16286539534727731,0.1966492384672165,0.16622474789619446,0.12572219967842102,0.17673274897643135,0.005959015274081825,0.15975157914432025,0.364487652510892
5,pre_label_token,23,0.22246238163539345,0.21721973739752248,0.21966577738273044,0.23050163012592734,-0.024618008281644805,-0.00047141928242888653,-0.01173739872307289,-0.06164520683943264,-0.16977860803327038,-0.14221110186028696,-0.15507316522603776,-0.21205155701348644,0.1633660395940145,0.19666653871536255,0.1666644960641861,0.1267670840024948,0.17420204555798438,0.005871564359767767,0.15752869892699006,0.35920587338719534
5,pre_label_token,24,0.22218975793747675,0.21722105971905364,0.21951010247238545,0.22983811162099116,-0.023362357109000403,-0.000477509635519624,-0.01102039068151317,-0.05858917100996841,-0.1683450651235819,-0.142218055051333,-0.15425457657931774,-0.20856256374009496,0.16372481981913248,0.19668689370155334,0.16691552102565765,0.12757204473018646,0.17238844968008357,0.005768672069541347,0.15625979444591032,0.355136882524799
5,pre_label_token,25,0.22205106377267705,0.2172178428714015,0.21953252423711184,0.2294028242095178,-0.022723559044120083,-0.0004626934674554217,-0.011123660923192835,-0.05658432274171199,-0.16761576668737418,-0.14220113983384275,-0.1543724774151285,-0.20627368281315128,0.16392700374126434,0.19669654965400696,0.16666743159294128,0.1284170299768448,0.171366431458105,0.0057198622569009094,0.15751386014135715,0.35086557197605694
5,pre_label_token,26,0.22192243047121193,0.21720776437711314,0.2192487556393407,0.22931077139718192,-0.02213109933845218,-0.0004162739035349361,-0.009816678532176049,-0.056160345579645554,-0.16693937149988933,-0.1421481438759058,-0.1528803310447444,-0.20578963957901775,0.16417832672595978,0.1967109888792038,0.16676822304725647,0.12905576825141907,0.17009602050132652,0.005646873509295269,0.15700437006003076,0.3476368179346535
5,pre_label_token,27,0.22155163975990785,0.2171934352201574,0.21922963567140724,0.22823184838815896,-0.020423310195349487,-0.00035027662277054006,-0.009728615717607525,-0.051191038245670395,-0.1649896349244183,-0.14207279656929717,-0.1527797921162728,-0.20011631608768488,0.1647288054227829,0.19673967361450195,0.16719700396060944,0.1302497386932373,0.16731340923811575,0.005501875223287933,0.15483692814841554,0.34160142434264373
5,pre_label_token,28,0.2191354730216061,0.21717545004451977,0.2199491292488675,0.22028183977143104,-0.009294921058832006,-0.0002674404384908069,-0.013042461730085497,-0.014574861007919715,-0.15228465467953697,-0.14197822474295974,-0.15656312028772867,-0.15831261900792248,0.1774666706720988,0.19673608243465424,0.167050302028656,0.16861362755298615,0.1029248552094821,0.005520028255458165,0.1555784908111385,0.14767604656184963
5,first_label_token,0,0.21713921042049633,0.2171401176132074,0.21711780964827337,0.2171597040000082,-0.00010052785257489798,-0.00010470620390745644,-1.9601017058334946e-06,-0.00019491725211140398,-0.14178766516774455,-0.14179243547820763,-0.14167513303823243,-0.14189542698679358,0.19735338787237802,0.1973610520362854,0.19736248254776,0.19733662903308868,0.0023996149247250687,0.0023608733913381696,0.002353642307984072,0.0024843290748529645
5,first_label_token,1,0.2180470528054972,0.217166523973481,0.21715096545820475,0.21982366898480585,-0.004281871455547703,-0.0002263287095669586,-0.0001546692459895027,-0.012464616411086649,-0.1465613918249574,-0.14193128859637083,-0.14184947692911676,-0.15590340994938456,0.1919344663619995,0.19728581607341766,0.19728344678878784,0.18123413622379303,0.029791686800086703,0.002741183181494411,0.002753159663299698,0.083880717555466
5,first_label_token,2,0.22077119650960972,0.2171692808135217,0.21713264048600397,0.22801166822930344,-0.016828741968493155,-0.0002390261729803278,-7.026802552179134e-05,-0.050176931706977346,-0.16088581380971392,-0.14194578494618826,-0.14175311834338333,-0.1989585381395702,0.18318086365858713,0.19725795090198517,0.19724899530410767,0.15503564476966858,0.07404021742762897,0.0028820386593300107,0.0029273082540782758,0.21631130536947862
5,first_label_token,3,0.22064166937221666,0.21716743918026196,0.21712646965219193,0.2276310992841961,-0.016232165430210888,-0.00023054397213040367,-4.184637776538658e-05,-0.04842410594073687,-0.16020471854601884,-0.14193610104738585,-0.14172067011850142,-0.19695738447216926,0.18266116082668304,0.1972300410270691,0.19722141325473785,0.1535320281982422,0.0766672599670127,0.0030231201085204606,0.00306673258000012,0.22391192721251751
5,first_label_token,4,0.22117783468978414,0.21717547889517136,0.21709275285736854,0.22926527231681246,-0.018701637507948732,-0.00026757331892190983,0.00011344655267819803,-0.055950785757602484,-0.1630240478827322,-0.14197837644894618,-0.14154337638899128,-0.20555039081025916,0.18138187130292258,0.19717629253864288,0.19716177880764008,0.14980754256248474,0.08313393244365397,0.0032948130007949272,0.0033681783673252808,0.2427388059628417
5,first_label_token,5,0.2220072941285889,0.21719494186529592,0.21705453215526935,0.23177240836520155,-0.022521964665694966,-0.00035721593417070707,0.00028948359486080655,-0.067498161657775,-0.16738561184969272,-0.14208071899303443,-0.14134239966937256,-0.2187337168866712,0.18012274305025736,0.19710911810398102,0.19706691801548004,0.14619219303131104,0.08949869183927302,0.0036343726232992424,0.0038476895822460166,0.2610140133122738
5,first_label_token,6,0.2223271730567227,0.21720425581731717,0.21652058833787421,0.23325667501497668,-0.02399526414143675,-0.00040011416666785315,0.0027487238794062785,-0.07433440213704867,-0.16906763792772325,-0.14212969474233028,-0.13853475169361684,-0.2265384673472226,0.17691179613272348,0.19707101583480835,0.1901712268590927,0.1434931457042694,0.10572968698924982,0.003826975541387778,0.038704674948115136,0.27465741047824654
5,first_label_token,7,0.22264597809949174,0.21725845657476858,0.21639758198201156,0.2342818957416951,-0.02546361751224413,-0.0006497522031707614,0.0033152669795181167,-0.07905636731307975,-0.1707440171718131,-0.1424146997222273,-0.1378879447922321,-0.23192940700097986,0.17554000516732535,0.19700197875499725,0.1893698275089264,0.14024820923805237,0.11266394441486312,0.0041759506370094845,0.042755663425911083,0.2910602191816688
5,first_label_token,8,0.22264538398977754,0.21727008018173088,0.21636868805444542,0.23429738373315634,-0.025460881159663534,-0.0007032882523994033,0.0034483467312343974,-0.07912770195782559,-0.17074089315223998,-0.1424758203785501,-0.1377360112467918,-0.23201084783137804,0.17466916143894196,0.1969408392906189,0.1889386922121048,0.13812795281410217,0.11706596683840238,0.004485004126613568,0.0449350064955466,0.301777889893047
5,first_label_token,9,0.2225157879313835,0.21726881556150293,0.21648345274083755,0.23379509549181002,-0.024863987184795988,-0.0006974636601708717,0.002919763140931453,-0.07681426103514855,-0.17005943547979965,-0.14246917059947717,-0.13833948080471092,-0.2293696550352109,0.17367400725682577,0.19688457250595093,0.18817859888076782,0.13595885038375854,0.1220963653838298,0.004769426738542637,0.048777197441492115,0.31274247197145466
5,first_label_token,10,0.22263046179165027,0.21728280331908154,0.21626508215896223,0.234343499896907,-0.025392152447815824,-0.0007618885225011418,0.003925535123698087,-0.07934010394464441,-0.17066242744479854,-0.14254272271857937,-0.13719121819319136,-0.23225334142262488,0.1732364445924759,0.19685544073581696,0.18776418268680573,0.135089710354805,0.12430819811270229,0.004916684738098032,0.050872027224426186,0.31713588237558266
5,first_label_token,11,0.2223141395077318,0.21727151950868237,0.21582515620383896,0.23384574281067408,-0.023935234176326592,-0.0007099175094604782,0.005951747612372049,-0.07704753263189135,-0.16899910334365456,-0.14248338882165257,-0.13487794631486882,-0.22963597489444232,0.16695385674635568,0.1968427449464798,0.16968180239200592,0.13433702290058136,0.15606601145519097,0.004980860602865955,0.14227653636229354,0.32094063740041345
5,first_label_token,12,0.22196493175517276,0.21726439500055394,0.21581683599648355,0.23281356426848082,-0.02232685189940768,-0.0006771034252326391,0.005990068852243402,-0.0722935211252338,-0.16716285689290666,-0.14244592587110727,-0.13483419599399582,-0.2242084488136169,0.16782681147257486,0.19688889384269714,0.17087779939174652,0.13571374118328094,0.15165331816211872,0.004747582840910369,0.13623089873553207,0.31398147290991374
5,first_label_token,13,0.22227505061472833,0.2172598221722771,0.21633685777167314,0.2332284719002347,-0.023755198417468204,-0.0006560418769079313,0.0035949507579351447,-0.07420450413343183,-0.1687935613975914,-0.14242188047225302,-0.13756863740317415,-0.2263901663173471,0.1674758344888687,0.1968785524368286,0.17035847902297974,0.1351904720067978,0.15342746948463992,0.004799857547657882,0.13885600796443576,0.31662654294182613
5,first_label_token,14,0.218824528178581,0.21725224246497915,0.21702083299139968,0.22220050907936417,-0.007862770223244886,-0.0006211312347674802,0.00044469532059643324,-0.02341187475556361,-0.15064960688864715,-0.14238202393836574,-0.14116519864907628,-0.16840159807849941,0.17949349681536356,0.19688518345355988,0.1707259863615036,0.17086932063102722,0.09267946462967051,0.004766338463360165,0.13699829745648906,0.1362737579691623
5,first_label_token,15,0.21874439175389396,0.21724181455724378,0.2171816561402393,0.22180970456419874,-0.007493677600707738,-0.0005731023411819081,-0.0002960244956631275,-0.021611905965278178,-0.15022822384566226,-0.14232719065237065,-0.14201085838626937,-0.16634662249834675,0.17959275345007578,0.19689413905143738,0.1710231900215149,0.17086093127727509,0.09217773289819282,0.0047210688686118996,0.13549596456588375,0.13631616526008283
5,first_label_token,16,0.21888458187840568,0.21723608770290342,0.21745467787029363,0.22196298006201992,-0.008139365762013906,-0.0005467255756146372,-0.001553508926106506,-0.022317862784320575,-0.15096538851820504,-0.14229707701405836,-0.1434464942766971,-0.16715259426385964,0.1797818144162496,0.19690188765525818,0.17125509679317474,0.17118845880031586,0.09122204982281712,0.004681900500443703,0.1343237005008806,0.13466054846712705
5,first_label_token,17,0.21897221252697854,0.21722314658285188,0.21808818849194953,0.22160530250613428,-0.008542975306895814,-0.000487121320033701,-0.004471334342766031,-0.020670470257887708,-0.15142617859585808,-0.14222902845102037,-0.14677769646794903,-0.16527181086860487,0.1801636815071106,0.19692371785640717,0.17175376415252686,0.17181356251239777,0.08929175229411772,0.0045715511555083355,0.1318029900379022,0.13150071568894262
5,first_label_token,18,0.2190879827120057,0.21721824357489578,0.21867134030125723,0.2213743642598641,-0.009076190026296338,-0.0004645390289979012,-0.0071572169669931185,-0.019606814082897994,-0.15203493538834248,-0.1422032468614325,-0.14984409585983394,-0.16405746344376104,0.18021015326182047,0.19692611694335938,0.17180487513542175,0.1718994677066803,0.08905684251682174,0.004559424026133185,0.1315446294555619,0.13106647406877014
5,first_label_token,19,0.21898787148526402,0.2172079567147904,0.21872248288964022,0.22103317485136145,-0.008615097391233265,-0.0004171597730755483,-0.007392769677802669,-0.01803536272282158,-0.15150851842469457,-0.14214915524914895,-0.15011302000516613,-0.1622633800197686,0.18079700072606406,0.19696040451526642,0.1725967824459076,0.17283381521701813,0.08609039100250364,0.00438610399698891,0.12754162222877208,0.1263434467817499
5,first_label_token,20,0.21907400991402423,0.21720857860661355,0.2189778928997136,0.22103555823574547,-0.00901183406493041,-0.00042002408458974294,-0.008569137987324282,-0.018046340122877202,-0.1519614619316035,-0.14215242535596828,-0.15145604781896993,-0.1622759126198723,0.18079753716786703,0.19695696234703064,0.1726822704076767,0.17275337874889374,0.0860876793462458,0.004403503791309715,0.1271094896745779,0.12675004457284977
5,first_label_token,21,0.2222550672643325,0.21720315788974282,0.2193978349701697,0.23016420893308495,-0.02366315903296264,-0.0003950573280409042,-0.010503308630744002,-0.060091111140103015,-0.16868848252700652,-0.14212392148673425,-0.15366423801733764,-0.21027728807694768,0.16916726529598236,0.19694297015666962,0.17235343158245087,0.1382053941488266,0.14487746665623183,0.004474232825367297,0.12877173496060834,0.3013864321827199
5,first_label_token,22,0.2192846330274053,0.2171959612549854,0.21953309003044577,0.22112484779678473,-0.009981922730457246,-0.0003619110427350858,-0.011126266856090972,-0.018457590292545678,-0.15306898586701823,-0.14208607927122263,-0.15437545253808516,-0.1627454257917469,0.18084609508514404,0.1969599425792694,0.1728048026561737,0.172773540019989,0.0858422242390584,0.004388439034321956,0.12649010219102574,0.12664813149182752
5,first_label_token,23,0.2192319618887594,0.21718974073394007,0.2195247409724388,0.2209814039598994,-0.009739329817549805,-0.00033326054534743577,-0.011087812735788738,-0.017796916171513244,-0.15279202411377368,-0.14205336977491978,-0.1543315505112257,-0.16199115205517556,0.18117611606915793,0.19697989523410797,0.17328095436096191,0.17326749861240387,0.08417400326608952,0.004287580486288856,0.12408320596709,0.1241512233448897
5,first_label_token,24,0.21923927125476653,0.21718600778018726,0.2196277698548902,0.2209040361292222,-0.009772995320836086,-0.0003160672940161202,-0.011562343519630813,-0.017440575148861326,-0.15283045910638035,-0.1420337407058938,-0.1548733094450967,-0.16158432716815052,0.181400994459788,0.1969953030347824,0.17363320291042328,0.17357447743415833,0.08303726691964912,0.004209695692662052,0.12230262701492067,0.12259947805136462
5,first_label_token,25,0.2193118771251176,0.21718034664121996,0.21993026092272847,0.22082502381140445,-0.010107403690115424,-0.0002899932005417938,-0.01295555792816594,-0.01707665994163854,-0.15321224407752906,-0.1420039726201061,-0.15646390457258352,-0.16116885503989753,0.1813888450463613,0.19700407981872559,0.17353245615959167,0.1736299991607666,0.08309868091230259,0.004165329983333077,0.12281189112489221,0.12231882162868246
5,first_label_token,26,0.2193609873453776,0.21717517916895762,0.2201676569065126,0.2207401259606626,-0.010333595712780733,-0.00026619283888806855,-0.014048957172976717,-0.016685637126477415,-0.15347048137892627,-0.14197680039230898,-0.15771220885406345,-0.16072243489040638,0.18140052258968353,0.19700704514980316,0.17355918884277344,0.173635333776474,0.08303965217283886,0.004150340550130305,0.12267676025471186,0.1222918557136744
5,first_label_token,27,0.21934934824454685,0.2171729015702961,0.22036136498972148,0.22051377817362297,-0.010279988301839035,-0.0002557026670797491,-0.01494113853391732,-0.015643123704520034,-0.15340927925087003,-0.1419648240474891,-0.15873078813149055,-0.15953222557363045,0.18152839442094168,0.19701528549194336,0.17370396852493286,0.1738659292459488,0.08239327366635034,0.004108686497059089,0.12194491436024613,0.12112622014174579
5,first_label_token,28,0.21939867911886435,0.21717394179656727,0.22049309546206178,0.220529000097964,-0.010507196613727047,-0.0002604937448442701,-0.015547863199935286,-0.015713232896401585,-0.15366867682212662,-0.14197029389111204,-0.1594234692375589,-0.15961226733770895,0.1815793514251709,0.19701211154460907,0.17379577457904816,0.17393016815185547,0.08213569142978779,0.004124730463251014,0.12148084452123786,0.1208014993048745
5,last_label_token,0,0.21714237704664385,0.21714911901650308,0.2171133394000911,0.2171646727233374,-0.00011511271025917609,-0.00014616489840113545,1.862898286375536e-05,-0.0002178022152401482,-0.1418043163044437,-0.14183976774598328,-0.14165162703844136,-0.1419215541289065,0.19731107850869498,0.19731637835502625,0.19731846451759338,0.19729839265346527,0.0026134842580947484,0.0025866940985848075,0.002576148768693387,0.002677609907006051
5,last_label_token,1,0.21833373585335014,0.21718003729812238,0.21719973588190158,0.22062143438002643,-0.005602277230851345,-0.0002885684270308442,-0.000379296232466686,-0.016138967033056506,-0.14806886330934424,-0.142002345994807,-0.14210592747111805,-0.1600983164621077,0.1905678908030192,0.19720102846622467,0.1957986205816269,0.17870402336120605,0.0366995809009714,0.0031697755177964027,0.010258798213530707,0.09667016897158709
5,last_label_token,2,0.22162647140460187,0.21718106951032365,0.21712927778227992,0.23056906692120208,-0.020767970043810886,-0.00029332259356462664,-5.478007305614874e-05,-0.061955807464811885,-0.16538312373148534,-0.14200777369787798,-0.14173543616785045,-0.21240616132872758,0.1811487078666687,0.19716595113277435,0.19714052975177765,0.1491396427154541,0.0843125488145204,0.00334708770754244,0.0034755900846481502,0.2461149686513706
5,last_label_token,3,0.2213897539454014,0.21717528335186614,0.217127586813534,0.22986639167080405,-0.019677695949878855,-0.0002666726848890022,-4.6991803346108085e-05,-0.05871942336140146,-0.16413838735005726,-0.14197734821948238,-0.14172654451142175,-0.20871126931926764,0.18053607642650604,0.19716060161590576,0.19565698504447937,0.148790642619133,0.08740933558471105,0.003374128946335486,0.010974750789374488,0.24787912701842318
5,last_label_token,4,0.22172213642537095,0.21717133081259848,0.21678934658274931,0.23120573188076501,-0.02120858432799703,-0.0002484680658325633,0.0015108762237764362,-0.06488816114193496,-0.1658861611169975,-0.14195656449933725,-0.13994796881048965,-0.2157539500411656,0.17828195790449777,0.1971399188041687,0.19089895486831665,0.146807000041008,0.09880366496412314,0.0034786783598306226,0.03502608726305678,0.25790622926948203
5,last_label_token,5,0.2222927707917884,0.21718888483127627,0.21646329735507483,0.23322613018901409,-0.023836814070381,-0.0003293184258923443,0.0030125948865260543,-0.07419371867177671,-0.16888673977634946,-0.1420488691639883,-0.13823349731694745,-0.22637785284811263,0.17694181203842163,0.19707521796226501,0.19014008343219757,0.1436101347208023,0.10557795977845467,0.003805734234035074,0.03886210165863724,0.2740660434426917
5,last_label_token,6,0.2223023037950532,0.21719310504047812,0.21552325817717224,0.2341905481675092,-0.0238807212098547,-0.00034875588005944813,0.0073422305898238616,-0.07863563833932852,-0.16893686736739433,-0.14207106037856332,-0.1332904695882151,-0.23144907213540455,0.17094087104002634,0.19703425467014313,0.17475177347660065,0.14103658497333527,0.13591207826181428,0.004012799318831917,0.11664837177470144,0.2870750636919095
5,last_label_token,7,0.21865242015079958,0.2172360123706465,0.2152424932527943,0.22347875482895796,-0.007070074472447378,-0.0005463786100445844,0.0086353786515172,-0.02929922345881475,-0.14974460763578712,-0.1422966808928714,-0.1318141174966434,-0.17512302451784656,0.18033085763454437,0.19695238769054413,0.17266611754894257,0.17137406766414642,0.0884466947508888,0.004426628193285986,0.12719114065745163,0.1337223154019288
5,last_label_token,8,0.22272773336629573,0.21724012038286994,0.21606975523363642,0.23487332448238085,-0.02584016620341349,-0.000565299306979572,0.004825172553270862,-0.08178037185653175,-0.1711739126062605,-0.1423182821397213,-0.13616412652430188,-0.23503932915475834,0.1734696477651596,0.1968856155872345,0.18828293681144714,0.13524039089679718,0.12312938087840937,0.004764154073596871,0.04824978029935023,0.316374208262281
5,last_label_token,9,0.22230276593974993,0.2172375414551807,0.21532382804806494,0.23434692831600415,-0.023882849757500435,-0.0005534212728912635,0.008260766569593181,-0.07935589456920322,-0.16893929747254774,-0.14230472131015381,-0.1322418019568068,-0.23227136915068258,0.16608324646949768,0.196819007396698,0.16916640102863312,0.13226433098316193,0.16046685380609957,0.005100851392273564,0.14488183543575828,0.33141787459026684
5,last_label_token,10,0.22254252286852239,0.21724641142773027,0.21600307015811696,0.23437808701972,-0.024987123050920473,-0.0005942746231990537,0.005132310905196058,-0.07949940543475842,-0.17020001636058635,-0.14235136247288005,-0.13581347499281904,-0.23243521161605996,0.17176790535449982,0.19678528606891632,0.18699783086776733,0.1315205991268158,0.1317315077659952,0.005271309117590106,0.05474585416004607,0.3351773600203495
5,last_label_token,11,0.22224321285215745,0.217234433598879,0.21564077329234915,0.23385443166524422,-0.023608559940285323,-0.0005391070975666601,0.006800979065092472,-0.07708755178838178,-0.1686261482227919,-0.14228837920416781,-0.13390840178350993,-0.22968166368069798,0.16502216955025992,0.19677062332630157,0.1676396131515503,0.13065627217292786,0.16583048477609644,0.0053454277219699975,0.15259958576437715,0.3395464408419422
5,last_label_token,12,0.22205989527769113,0.21723364982284418,0.21572321563207802,0.23322282037815126,-0.022764235220519735,-0.0005354971791893259,0.006421265851064506,-0.07417847433343439,-0.16766220557545175,-0.14228425785820242,-0.13434191006793128,-0.22636044880022155,0.16543038686116537,0.19679367542266846,0.16834492981433868,0.13115255534648895,0.16376698968769676,0.005228901826669574,0.14903428505186678,0.33703778218455394
5,last_label_token,13,0.22236074185838886,0.217235065107586,0.21617822727235425,0.23366893319522633,-0.024149875444483698,-0.000542015702557741,0.004325571661433436,-0.07623318229232678,-0.16924415346171026,-0.1422916998796493,-0.13673450732095205,-0.22870625318452942,0.1652535398801168,0.19679081439971924,0.16809497773647308,0.13087482750415802,0.16466093236735102,0.005243363993377881,0.150297766220431,0.3384416668882442
5,last_label_token,14,0.21886721004624995,0.2172313113172515,0.2166416408634987,0.2227286779579996,-0.008059354517268913,-0.0005247264820265052,0.0021911797373763697,-0.025844516807156603,-0.150874041848765,-0.14227196124518882,-0.13917128472847407,-0.17117887957263211,0.17779317498207092,0.19679492712020874,0.16813504695892334,0.1684495508670807,0.1012744106497588,0.005222574628734766,0.1500952205627304,0.14850543675781125
5,last_label_token,15,0.22205243952134077,0.21722307766185087,0.21686978380219274,0.23206445709997867,-0.022729895472083077,-0.0004868038834482391,0.0011403981997080148,-0.068843280732509,-0.16762300081543216,-0.1422286660422749,-0.14037093352885188,-0.22026940287516972,0.1651835193236669,0.19679535925388336,0.16815729439258575,0.13059790432453156,0.16501487883277857,0.005220390238971473,0.14998276215181672,0.33984148410754755
5,last_label_token,16,0.22228464826482353,0.21721922129142185,0.21709428194190275,0.23254044156114595,-0.02379940330753738,-0.0004690421991619953,0.00010640388983140792,-0.07103557161328156,-0.16884402892242067,-0.14220838800875146,-0.14155141680627392,-0.22277228195223664,0.16519691050052643,0.19679194688796997,0.1680973470211029,0.1307014375925064,0.16494718785804693,0.005237639385722526,0.15028578973862572,0.33931813444979253
5,last_label_token,17,0.22239897858862787,0.21720910913803998,0.21769056079768334,0.2322972658301602,-0.02432598630912815,-0.00042246760807218564,-0.002639939330532526,-0.06991555198877974,-0.16944521446243255,-0.142155215060497,-0.14468684242199825,-0.2214935859048024,0.16524186233679453,0.19680069386959076,0.1680467426776886,0.13087815046310425,0.16471996110681475,0.005193424323963414,0.150541589312278,0.3384248696842028
5,last_label_token,18,0.2224113950542375,0.21720010933755826,0.21816519729229583,0.23186887853285845,-0.02438317410946252,-0.0003810162958244323,-0.0048260217422757545,-0.06794248429028737,-0.16951050422401295,-0.14210789122083156,-0.14718263345825355,-0.21924098799295377,0.16505335768063864,0.19679157435894012,0.16782847046852112,0.13054002821445465,0.16567283209421943,0.005239522480345982,0.15164493211406216,0.3401340416882501
5,last_label_token,19,0.22229319820884896,0.21719536981662782,0.218247407223998,0.23143681758592108,-0.02383878266935972,-0.0003591869938981418,-0.005204664530608749,-0.06595249648357226,-0.1688889872724452,-0.1420829692985004,-0.14761491966667273,-0.2169690728521625,0.1652806301911672,0.19680006802082062,0.16801868379116058,0.13102313876152039,0.16452399372633217,0.005196587922930762,0.1506834239993179,0.3376919692567478
5,last_label_token,20,0.22234682836452455,0.21720023115142054,0.21825218200683594,0.2315880719353171,-0.024085792626225972,-0.0003815773465334349,-0.005226656241950733,-0.06664914429019375,-0.16917099184505466,-0.14210853175721905,-0.14764002700743184,-0.21776441677051306,0.1648277590672175,0.19678692519664764,0.16758720576763153,0.13010914623737335,0.16681320909026517,0.005263023501246855,0.152864499516007,0.34231210425354164
5,last_label_token,21,0.22281628403009154,0.2171930986292222,0.21857281212045365,0.23268294134059875,-0.026248013157597283,-0.00034872635107463523,-0.006703415530397772,-0.07169189759131944,-0.17163954041925966,-0.1420710266661218,-0.14932600305985044,-0.22352159153180673,0.16408837338288626,0.19675995409488678,0.16678889095783234,0.12871627509593964,0.170550725083074,0.005399359551986227,0.1568998959703206,0.3493529197269152
5,last_label_token,22,0.22459078770057828,0.21718741024241728,0.2243530850450532,0.2322318678142644,-0.034421028312683344,-0.0003225267594153536,-0.033326216598105196,-0.06961434158052948,-0.18097045029423361,-0.1420411153024579,-0.17972053343430505,-0.22114970214593788,0.151066521803538,0.1967603862285614,0.12771238386631012,0.1287267953157425,0.23637479980507206,0.005397175162222934,0.354427483118245,0.34929974113474827
5,last_label_token,23,0.22465465502912588,0.21718599976611738,0.2244255530734022,0.23235241224785813,-0.03471518867584078,-0.00031603038278538165,-0.03365999009421361,-0.07016954555052335,-0.18130628520770534,-0.1420336985653421,-0.18010159358796263,-0.22178356346981132,0.1511379579703013,0.19676341116428375,0.12767735123634338,0.1289731115102768,0.23601369758007526,0.005381884433880324,0.3546045693366362,0.34805463896970923
5,last_label_token,24,0.22456409657368806,0.21718165934586725,0.22439061333151425,0.2321200170436827,-0.034298094227954046,-0.0002960392601554229,-0.03349906450994222,-0.06909917891376449,-0.18083009978179665,-0.14201087524249023,-0.17991786921024855,-0.22056155489265117,0.15113316973050436,0.1967603862285614,0.12764091789722443,0.12899820506572723,0.23603790162296898,0.005397175162222934,0.35478873599081173,0.34792779371587224
5,last_label_token,25,0.22481411792317027,0.21717925993334344,0.2253531976908195,0.2319098961453478,-0.03544964342585022,-0.0002849880376381009,-0.037932538887874845,-0.06813140335203771,-0.18214479228857386,-0.14199825836128288,-0.1849794467392898,-0.21945667176514894,0.15116270383199057,0.19676552712917328,0.12757381796836853,0.12914876639842987,0.23588860988122018,0.00537118845641904,0.35512791899439133,0.34716672219285016
5,last_label_token,26,0.2249388403585311,0.217171082376432,0.22578770292907202,0.23185773577008928,-0.036024090450862044,-0.000247323817676115,-0.03993378462000008,-0.06789116291490993,-0.1828006228867828,-0.14195525814223164,-0.1872642147483783,-0.21918239576973853,0.15108937521775564,0.1967635452747345,0.12748309969902039,0.12902148067951202,0.2362592782269042,0.005381206519815884,0.355586490197099,0.3478101379637978
5,last_label_token,27,0.22488442215265012,0.21717078745866022,0.22633098474069804,0.2311514942585921,-0.035773450889628654,-0.00024596548438071686,-0.042436033870735246,-0.06463835331376999,-0.18251447449324698,-0.14195370736992552,-0.19012096489508523,-0.2154687512147302,0.15133617321650186,0.1967712640762329,0.1277199238538742,0.1295173317193985,0.2350117405928188,0.005342188799217551,0.35438936928306597,0.3453036636961728
5,last_label_token,28,0.22522759103641454,0.2171771378076377,0.2270665513367212,0.23143908396488477,-0.03735401932372562,-0.0002752139437083301,-0.045823909047811195,-0.06596293497965733,-0.18431896663353267,-0.14198709954316757,-0.19398881015722047,-0.21698099020021,0.15115894377231598,0.19676049053668976,0.12730342149734497,0.1294129192829132,0.23590761658295303,0.005396647895728357,0.35649474439589157,0.3458314574572392
6,pre_label_token,0,0.2171173635317164,0.21711736246317376,0.2171173656688017,0.21711736246317376,9.462347827504658e-08,9.954497570685561e-08,8.478048341142852e-08,9.954497570685561e-08,-0.1416727872141824,-0.14167278159544217,-0.1416727984516628,-0.14167278159544217,0.19782808919747671,0.19782809913158417,0.19782806932926178,0.19782809913158417,5.021585662105347e-08,0.0,1.506475698631604e-07,0.0
6,pre_label_token,1,0.2203850706084436,0.21741711432192506,0.21739590749019333,0.22634219001321232,-0.01505032195477951,-0.001380498604853786,-0.0012828241057714074,-0.04248764315371334,-0.15885543988369885,-0.14324897308232543,-0.14313746075416667,-0.19017988581460443,0.18679033716519675,0.1965145617723465,0.19658638536930084,0.16727006435394287,0.05579471275739112,0.006639791642359061,0.006276730998953872,0.15446761563086042
6,pre_label_token,2,0.2186882270150492,0.21752888815743582,0.2174629660213695,0.22107282686634225,-0.007234993851897187,-0.0018953069238025755,-0.0015916825210544605,-0.018217992110834524,-0.14993289162120527,-0.14383671578631496,-0.143490076035363,-0.16247188304193783,0.19229747851689658,0.19640813767910004,0.1963464617729187,0.18413783609867096,0.0279566989672632,0.007177754114392254,0.007489519260254096,0.06920282352714324
6,pre_label_token,3,0.21863484956971072,0.21749960314325925,0.2174386000432888,0.22096634552258404,-0.006989147829177107,-0.0017604259040204795,-0.0014794576147698635,-0.01772755996874098,-0.1496522158806625,-0.14368272578194707,-0.14336195190168688,-0.16191196995835355,0.19238331417242685,0.19637762010097504,0.1963321715593338,0.18444015085697174,0.02752280885808715,0.007332017225947007,0.007561754770010531,0.0676746545783039
6,pre_label_token,4,0.2186468615919268,0.21747608825940043,0.21730359021355125,0.22116090630282875,-0.007044472842727838,-0.0016521209704525308,-0.0008576288730868242,-0.018623668684644157,-0.1497153789490623,-0.14355907697487136,-0.1426520268818241,-0.1629350329904915,0.19240387777487436,0.19643159210681915,0.1963449865579605,0.18443505465984344,0.02741886203487154,0.0070591944768985115,0.007496976314963044,0.06770041531275306
6,pre_label_token,5,0.21886354975339747,0.21736325175822283,0.21728845804679295,0.2219389394551766,-0.008042495927764145,-0.0011324182222929302,-0.0007879330869908774,-0.022207136474008626,-0.15085479485407527,-0.14296574643371418,-0.14257245709192556,-0.16702618103658606,0.19070818523565927,0.1963757574558258,0.1927352249622345,0.18301357328891754,0.035990407465772166,0.0073414326990643985,0.02574393724504309,0.074885852453209
6,pre_label_token,6,0.2187241503504478,0.21733429692372555,0.2171838936685514,0.22165426045906644,-0.007400449674568765,-0.0009990579452221482,-0.000306330111317088,-0.02089596096716706,-0.15012178804930962,-0.14281349262008036,-0.14202262402833044,-0.16552924749951803,0.19074166317780814,0.1963624656200409,0.19270026683807373,0.18316225707530975,0.03582118002894293,0.007408621515229807,0.025920646844509676,0.07413427172708931
6,pre_label_token,7,0.22180161355924208,0.21728662122197512,0.21691798682974167,0.2312002326260094,-0.021574640386609317,-0.0007794730328793964,0.0009183845283752268,-0.06486283265532378,-0.16630407739725483,-0.14256279847745423,-0.14062440051978609,-0.21572503319452419,0.1830256630976995,0.19631759822368622,0.19257517158985138,0.16018421947956085,0.07482473975569533,0.007635421431680722,0.026552990019071188,0.19028580781633408
6,pre_label_token,8,0.21847749491031765,0.21724511475122277,0.2168677386115579,0.22131963136817226,-0.006264403193630641,-0.0005883023860471237,0.0011498179458216962,-0.019354725140666496,-0.14882479457428613,-0.1423445441315998,-0.14036017926003397,-0.16376966033122464,0.1905792554219564,0.19631817936897278,0.19253212213516235,0.182887464761734,0.0366421339609914,0.007632483804068113,0.02677060043375956,0.07552331764514653
6,pre_label_token,9,0.22093424917269155,0.21730271347430574,0.21674047518177192,0.22875955886199695,-0.017579730489175938,-0.0008535907844315904,0.0017359682917624797,-0.0536215689748587,-0.16174319704841622,-0.14264741670545789,-0.13969098729753582,-0.20289118714225496,0.17845938603083292,0.19623799622058868,0.18172675371170044,0.15741340816020966,0.09790678465685636,0.00803780109082397,0.0813905885491728,0.20429196433057228
6,pre_label_token,10,0.22030741640833576,0.21735161052030674,0.21663076256503577,0.22693987613966485,-0.014692661970811835,-0.0010788009683562194,0.0022412830421357777,-0.04524046798621506,-0.15844710917428984,-0.1429045330681773,-0.13911408314346807,-0.19332271131122414,0.18148475885391235,0.19619955122470856,0.1921473890542984,0.1561073362827301,0.08261384681657961,0.00823213645596621,0.028715385237095603,0.21089401875667702
6,pre_label_token,11,0.22520055851014723,0.21735104953541476,0.2163349520258543,0.24191567396917263,-0.03722951282056208,-0.001076217182196526,0.0036037282486319766,-0.1142160495281217,-0.18417682093358936,-0.1429015832295517,-0.13755861637995737,-0.27207026319125904,0.1644269029299418,0.19617754220962524,0.1813092678785324,0.11579389870166779,0.168839494228905,0.008343389686320868,0.08350093503180434,0.41467415796858986
6,pre_label_token,12,0.22563879670215256,0.21737863556677553,0.2163734516175855,0.24316430292209656,-0.03924795180401849,-0.0012032730210376208,0.003426406695615669,-0.1199669890866335,-0.18648121801170384,-0.14304663943693896,-0.13776105959077856,-0.278635955007394,0.1648256555199623,0.19620490074157715,0.1818874329328537,0.11638463288545609,0.16682384229790573,0.008205095217173164,0.08057837217617725,0.4116880595003668
6,pre_label_token,13,0.2251062521413595,0.21740190682290983,0.21683596442727482,0.24108088517389378,-0.03679515622037995,-0.0013104558531877863,0.0012961635939063854,-0.11037117640185845,-0.18368092777629133,-0.14316900717124015,-0.14019310040027877,-0.2676806757573551,0.16418416301409403,0.19619214534759521,0.1818549633026123,0.11450538039207458,0.17006651868555878,0.008269572377080814,0.08074250270355898,0.42118748097603653
6,pre_label_token,14,0.2244884576450209,0.21734832795728154,0.21723520775802996,0.23888183721975118,-0.033949716188171365,-0.0010636821281988507,-0.0005426727224668859,-0.10024279371384837,-0.18043236601647875,-0.14288727229816223,-0.14229244998147106,-0.256117375769803,0.16578569014867148,0.19632241129875183,0.18298929929733276,0.11804535984992981,0.161970969359615,0.007611091849145435,0.07500855489887448,0.4032932613308251
6,pre_label_token,15,0.22389597959545146,0.21733745607007451,0.21745246117856323,0.23689802153771664,-0.03122087873422652,-0.0010136083524241446,-0.0015432992796526879,-0.09110572857060273,-0.17731692625978548,-0.14283010442559774,-0.14343483820007075,-0.245685836153688,0.16558693846066794,0.19632819294929504,0.18309907615184784,0.1173335462808609,0.1629756380031293,0.007581866220589206,0.07445364457522996,0.40689140321356876
6,pre_label_token,16,0.2243235820481757,0.21733663542931822,0.21737419577205883,0.2382599149431501,-0.03319033159284405,-0.001009828642384969,-0.0011828241991453936,-0.09737834193700179,-0.1795653972069283,-0.14282578923309397,-0.14302329357124477,-0.2528471088164461,0.16525933146476746,0.19631759822368622,0.18294759094715118,0.11651280522346497,0.1646316565229381,0.007635421431680722,0.07521938617291823,0.41104016196421533
6,pre_label_token,17,0.22332700253868634,0.21728950788994797,0.21768565458409928,0.2350058451420119,-0.028600282234382934,-0.0007927684582325067,-0.0026173422750044306,-0.08239073596991187,-0.17432506226654465,-0.14257797750421064,-0.14466104397618973,-0.23573616531923358,0.16753394405047098,0.19650298357009888,0.18440431356430054,0.12169453501701355,0.15313373183130674,0.006698318223256505,0.06785580828108184,0.3848470689895819
6,pre_label_token,18,0.22315072078330844,0.21726914574118222,0.2176352877576812,0.2345477288510619,-0.027788363114557235,-0.0006989844028819636,-0.002385362571341476,-0.08028074236944827,-0.1733981162143099,-0.14247090679021102,-0.144396199036271,-0.23332724281644768,0.16734829545021057,0.19649244844913483,0.18446360528469086,0.12108883261680603,0.15407216575993146,0.006751572139208295,0.06755609494081016,0.38790883019977596
6,pre_label_token,19,0.22342422496036987,0.21726368335114807,0.21781763990386194,0.23519135162609967,-0.029048069601098032,-0.0006738257079328402,-0.0032252407181636578,-0.0832451423771976,-0.1748362889659556,-0.14244218379010776,-0.14535506515180496,-0.23671161795595408,0.16758242497841516,0.19652307033538818,0.1847199648618698,0.12150423973798752,0.15288866589700822,0.006596781761158965,0.06626022454472236,0.38580899138514335
6,pre_label_token,20,0.22344124631053594,0.217248533553436,0.21933180223993895,0.23374340313823283,-0.029126466594680434,-0.0006040487171288245,-0.01019917485301014,-0.07657617621390234,-0.1749257926885972,-0.14236252129099514,-0.153317016726771,-0.22909784004802547,0.16112215568621954,0.19657261669635773,0.16430620849132538,0.1224876418709755,0.18554464005110768,0.006346330176237314,0.16944959177898133,0.3808379981981044
6,pre_label_token,21,0.22310502081692052,0.21722930779978006,0.21938059510303146,0.23270515954795004,-0.027577878050994098,-0.0005154986743132195,-0.010423905190933613,-0.07179423028773546,-0.1731578111223863,-0.1422614261072399,-0.15357358526231701,-0.22363842199760198,0.16171367963155112,0.19660216569900513,0.16491809487342834,0.12362077832221985,0.18255454942228289,0.006196963110703613,0.1663565711980376,0.37511011395810745
6,pre_label_token,22,0.2225193557952966,0.21721568388097426,0.21941046514430967,0.23093191836060595,-0.024880420064771498,-0.0004527495818635874,-0.01056148073056784,-0.06362702988188307,-0.17007819645345856,-0.14218978716918929,-0.15373065152696586,-0.21431415066422055,0.1624254435300827,0.19662943482398987,0.16565074026584625,0.12499615550041199,0.1789566586188224,0.006059120584265498,0.1626531266639495,0.36815772860825224
6,pre_label_token,23,0.2222831523051115,0.21721163677568195,0.2194657878715451,0.23017203226810745,-0.02379251321111157,-0.0004341094102831011,-0.010816286339390135,-0.06012714388366147,-0.16883616268608562,-0.1421685061905329,-0.15402155618411428,-0.2103184256836097,0.16289225220680237,0.1966456025838852,0.16605567932128906,0.12597547471523285,0.1765969904080433,0.005977394277606907,0.16060620280823645,0.3632073741382865
6,pre_label_token,24,0.222033294442655,0.21721388872931985,0.21935954214144154,0.22952645245720357,-0.022641717002324757,-0.0004444814661526131,-0.010326939387483636,-0.05715373015333802,-0.16752232984656498,-0.14218034768558718,-0.1534628820327526,-0.20692375982135514,0.16321798662344614,0.1966652274131775,0.16626304388046265,0.1267256885766983,0.17495043757720843,0.005878192852842412,0.15955799701702744,0.3594151228617555
6,pre_label_token,25,0.22187499358874407,0.21720957235127938,0.219392832587747,0.2290225758272059,-0.021912614380788915,-0.00042460107721531415,-0.010480268640445711,-0.05483297342470572,-0.1666899331457067,-0.1421576507843907,-0.1536379338849072,-0.20427421476782226,0.16335403422514597,0.19667145609855652,0.16594114899635315,0.12744949758052826,0.1742627314207168,0.005846707510738014,0.1611851414192763,0.35575634533213607
6,pre_label_token,26,0.22171672585965538,0.21719959643708558,0.21911696426006927,0.2288336168818113,-0.02118366432567398,-0.00037865397705005854,-0.00920967334080336,-0.05396266565916852,-0.165857710625796,-0.14210519422551693,-0.15218732967048232,-0.2032806079813887,0.16357439259688059,0.19668401777744293,0.16598844528198242,0.12805071473121643,0.1731488432890412,0.00578320956003453,0.1609460637258805,0.35271725658120856
6,pre_label_token,27,0.22128520773238494,0.2171844482421875,0.21911739060858718,0.22755378434638016,-0.01919617663966185,-0.0003088843684921905,-0.009211637018284646,-0.04806800853220872,-0.1635886498050462,-0.14202554015451474,-0.15218957154783763,-0.19655083771278625,0.16411503156026205,0.1967109888792038,0.16638079285621643,0.1292533129453659,0.1704159708318184,0.005646873509295269,0.1589627884684407,0.34663825051771924
6,pre_label_token,28,0.21898766205090436,0.21716619058817374,0.21979162232214663,0.22000517324239266,-0.008614132777733596,-0.00022479320236357125,-0.01231701578115274,-0.013300589349684477,-0.15150741715160762,-0.14192953554941612,-0.15573489831086818,-0.15685781759453854,0.17700445652008057,0.19670400023460388,0.16617166996002197,0.16813769936561584,0.10526129858657178,0.005682200364431567,0.1600198824662724,0.15008181292901135
6,first_label_token,0,0.217137572878883,0.21714397718926437,0.21711290022906135,0.21715584121832326,-9.298565773729894e-05,-0.00012248265268599567,2.065171831444612e-05,-0.00017712603884034728,-0.14177905444832786,-0.14181273036795194,-0.14164931773620304,-0.14187511524082863,0.1973496675491333,0.19735565781593323,0.19735904037952423,0.19733430445194244,0.002418420763031448,0.002388140601486066,0.0023710421023048767,0.0024960795853034012
6,first_label_token,1,0.2174171511866465,0.21716789918787338,0.21714935142452976,0.21793420294753643,-0.0013806683965156274,-0.00023266267678123675,-0.00014723532409588458,-0.003762107188669761,-0.14324916692886372,-0.14193851991505868,-0.14184098982198545,-0.14596799104954705,0.19550075630346933,0.19728384912014008,0.1972818523645401,0.19193656742572784,0.011764470458601553,0.0027511259211062677,0.0027612193082880987,0.029781066146410295
6,first_label_token,2,0.22067314009038674,0.2171695260440602,0.21712825999540442,0.2277216342316956,-0.016377113373020686,-0.00024015565664448069,-5.009234673769569e-05,-0.048841092115679885,-0.1603702016835462,-0.14194707444707322,-0.14173008431777245,-0.19743344628579296,0.18319963912169138,0.19725333154201508,0.19725054502487183,0.15509504079818726,0.073945309458606,0.002905389032661021,0.0029194745804446143,0.21601106476271237
6,first_label_token,3,0.2205273839272037,0.2171685787809997,0.21711901977282613,0.22729455322778525,-0.015705789131512955,-0.00023579274915763726,-7.5336975646767e-06,-0.04687404094781655,-0.15960376899309706,-0.1419420934338511,-0.14168149626155335,-0.19518771728388673,0.18269372483094534,0.19722828269004822,0.1972227543592453,0.15363013744354248,0.07650265238899305,0.0030320083151432753,0.0030599534393556116,0.22341599541248025
6,first_label_token,4,0.2210836394494321,0.21717503171007171,0.21708157643550585,0.2289943102027188,-0.01826779274350106,-0.00026551367224025846,0.00016492295522529954,-0.05470278751348823,-0.16252873907441914,-0.14197602500615591,-0.14148460717545874,-0.2041255850416428,0.18133120238780975,0.19717209041118622,0.19716063141822815,0.1496608853340149,0.08339005842037435,0.0033160543081476312,0.003373978298765623,0.2434801426542098
6,first_label_token,5,0.2218928243599686,0.21719196063129842,0.21703780358578978,0.2314487088628176,-0.021994739408687458,-0.00034348495629354936,0.0003665320981427467,-0.06600726536791157,-0.16678369306407967,-0.142065042707767,-0.14125443548155658,-0.2170316010029154,0.18002612392107645,0.19710463285446167,0.19706468284130096,0.14590905606746674,0.0899870912608165,0.003657045082565813,0.003858988149986864,0.2624452405498968
6,first_label_token,6,0.22225343292834712,0.21720301523929886,0.21633688341669677,0.23322040012904577,-0.02365563160261741,-0.0003944003081317593,0.0035948326419964483,-0.07416732714171692,-0.1686798886638107,-0.14212317138491248,-0.13756877225293995,-0.2263477223535797,0.17673558493455252,0.19706445932388306,0.19012726843357086,0.1430150270462036,0.10662041585407996,0.003860118006760893,0.038926880113684725,0.27707424944179426
6,first_label_token,7,0.2226289396526433,0.21725404563070344,0.21616579424433346,0.23446697908289293,-0.025385141774702524,-0.0006294362617091931,0.004382835744978331,-0.07990882480737671,-0.1706544235493277,-0.14239150556251956,-0.13666913046889784,-0.23290263461656568,0.1752958446741104,0.1969933807849884,0.18930214643478394,0.1395920068025589,0.1138981497390144,0.00421941246091917,0.043097784057103294,0.2943772526990207
6,first_label_token,8,0.2226604611265893,0.21726204367244945,0.21613088816153903,0.23458845154577945,-0.02553032348864111,-0.0006662736701004146,0.004543606302080283,-0.0804683030979032,-0.1708201735770163,-0.14243356183321065,-0.13648558308150127,-0.23354137581633694,0.1743823637564977,0.19693128764629364,0.18886402249336243,0.13735178112983704,0.11851569861919198,0.004533286672759318,0.04531245398187511,0.3057013552029415
6,first_label_token,9,0.22249997724004153,0.21726069730870864,0.21632845742361886,0.23391077698779708,-0.024791166247821,-0.0006600725833170173,0.0036336411101149935,-0.07734706727026097,-0.16997629778984913,-0.14242648222050902,-0.1375244656767829,-0.22997794547225547,0.1733467976252238,0.19687402248382568,0.18811509013175964,0.13505128026008606,0.12375037526937353,0.004822755978279303,0.049098227412901374,0.3173301424169399
6,first_label_token,10,0.22254054232471798,0.21727182404333803,0.21610840068143958,0.2342414022493763,-0.02497800105540245,-0.0007113201362329846,0.004647179215852892,-0.07886986224582726,-0.1701896020255528,-0.14248499016262062,-0.1363673366931657,-0.23171647922087213,0.17296539743741354,0.19684384763240814,0.18772995471954346,0.134322389960289,0.12567831265281157,0.004975286642780463,0.051045045958430735,0.3210146053572235
6,first_label_token,11,0.22209640791436205,0.21726402955896715,0.21549144392253972,0.23353375026157924,-0.02293240524903332,-0.0006754202731056314,0.007488760794063021,-0.07561055626805735,-0.16785420073879806,-0.14244400426194526,-0.1331231800257009,-0.227995417928748,0.1667135755221049,0.1968327909708023,0.16960608959197998,0.1337018460035324,0.15728060748732986,0.005031176891205136,0.1426592565135678,0.32415138905721663
6,first_label_token,12,0.22178311174323243,0.21726000970151244,0.21548898841152672,0.23260033711665817,-0.021489424658313976,-0.0006569055997098783,0.00750007039519629,-0.07131143877042834,-0.1662067889100117,-0.1424228665611651,-0.13311026816063087,-0.2230872320082391,0.16766855120658875,0.19688189029693604,0.17081893980503082,0.13530482351779938,0.1524533069740259,0.004782985019831654,0.13652842768604057,0.31604850821620545
6,first_label_token,13,0.22213749337930974,0.21725465470001476,0.21608401546959116,0.23307380996832328,-0.02312163682587154,-0.000632241515254206,0.004759492709091484,-0.0734921616714519,-0.16807024130099832,-0.14239470824445588,-0.13623911142216527,-0.22557690423637378,0.16733649373054504,0.196873739361763,0.1703028529882431,0.13483288884162903,0.15413182219760305,0.004824187130193169,0.13913719165361238,0.3184340878090036
6,first_label_token,14,0.21873504147142256,0.21724624152944869,0.2167997776961126,0.22215910518870635,-0.00745061203729754,-0.0005934921051049535,0.0014628325656986796,-0.023221176572486346,-0.1501790570591984,-0.14235046909318205,-0.1400028189527054,-0.16818388313170773,0.17944003144900003,0.19688206911087036,0.17065668106079102,0.17078134417533875,0.09294972637003103,0.004782081134412364,0.13734862838023953,0.1367184695954412
6,first_label_token,15,0.2186620119239102,0.21723589857085412,0.21699274207363609,0.22175739512724035,-0.007114252294280569,-0.0005458544705665425,0.0005740765669812742,-0.02137097897925644,-0.14979504425754495,-0.14229608249703585,-0.1410174875869259,-0.16607156268867307,0.17953152457873026,0.1968913972377777,0.17094215750694275,0.17076101899147034,0.09248723833050654,0.004734928445040643,0.1359055753083812,0.13682121123809776
6,first_label_token,16,0.21879444656585778,0.2172301188236525,0.21724255666011522,0.22191066421380565,-0.007724220227116237,-0.0005192340908755089,-0.0005765203211589576,-0.022076906269314245,-0.150491428113431,-0.14226569073108175,-0.1423310928674668,-0.16687750074174446,0.17972753942012787,0.1968991905450821,0.1711852252483368,0.17109820246696472,0.09149640415549269,0.004695534105517596,0.1346768937284588,0.13511678463250165
6,first_label_token,17,0.218893817292542,0.2172180672653583,0.21791470471550436,0.22154867989676338,-0.008181902264448556,-0.00046372698191921025,-0.00367230216400527,-0.020409677647421187,-0.15101395129009298,-0.14220231976929298,-0.14586546308703063,-0.16497407101395534,0.18011458218097687,0.19692286849021912,0.17168459296226501,0.17173628509044647,0.0895399441654912,0.004575844611249824,0.13215264304758834,0.13189134483763543
6,first_label_token,18,0.21902694595294173,0.2172132267671473,0.21852722488531545,0.22134038620636243,-0.008795066709876101,-0.0004414325984842815,-0.0064934496848152445,-0.01945031784632878,-0.1517139845177645,-0.14217686687600906,-0.1490862907450221,-0.1638787959322623,0.18014021714528403,0.19692362844944,0.17168599367141724,0.1718110293149948,0.08941036214746804,0.004572003098217925,0.132145562611804,0.1315135207323822
6,first_label_token,19,0.2189318258889249,0.21720477352623177,0.21858019147600447,0.22101051266453847,-0.00835696238938799,-0.00040249863218067006,-0.006737403391766872,-0.017930985144216427,-0.15121381268977427,-0.142132417021976,-0.14936480607994285,-0.16214421496740394,0.18069873750209808,0.19695739448070526,0.17242710292339325,0.17271171510219574,0.08658710114831865,0.004401319401546533,0.12839933416787064,0.1269606498755388
6,first_label_token,20,0.21900420362541992,0.2172053248942399,0.21881583398129759,0.22099145200072218,-0.00869032001896238,-0.0004050381248634771,-0.007822726459267182,-0.01784319547275648,-0.15159439805988173,-0.14213531629193943,-0.15060389000869012,-0.16204398787901564,0.18072361747423807,0.19695541262626648,0.17253704369068146,0.1726783961057663,0.08646133553539907,0.004411337464943377,0.12784359528259182,0.127129073858662
6,first_label_token,21,0.21927380227909035,0.21720017505293132,0.21929402231168346,0.22132720947265624,-0.009932038432334256,-0.0003813189679175988,-0.01002516792852437,-0.0193896284005608,-0.15301203431595298,-0.14210823677335638,-0.15311835773750082,-0.1638095084370017,0.18048061430454254,0.19694159924983978,0.17223986983299255,0.1722603738307953,0.08768969071225345,0.0044811626135816685,0.12934577752562726,0.1292421319975514
6,first_label_token,22,0.2192372132416199,0.217194303945333,0.21943820825144023,0.22107912752808642,-0.009763516516753112,-0.00035427780019481325,-0.010689260029533632,-0.018247011720530892,-0.15281963741267957,-0.14207736460511167,-0.15387653368916832,-0.1625050139437587,0.18078496555487314,0.19695749878883362,0.1726912558078766,0.17270614206790924,0.08615122751280586,0.004400792135051956,0.12706406943225979,0.12698882097110586
6,first_label_token,23,0.21918956799333503,0.21718825171975528,0.21945027744068818,0.22093017481956162,-0.009544071867087686,-0.0003264024386548936,-0.010744848343197777,-0.017560964819410385,-0.1525691034041504,-0.14204554006039638,-0.15393999736017094,-0.16172177279188382,0.1811131238937378,0.19697749614715576,0.17317232489585876,0.17318955063819885,0.08449242201295433,0.004299707615664006,0.12463231635929417,0.12454524206390483
6,first_label_token,24,0.21919754519849932,0.21718592283104649,0.21955577465666443,0.22085093810778705,-0.009580813306278468,-0.0003156760349691812,-0.011230747786142636,-0.017196016097723588,-0.15261105010940676,-0.14203329401604492,-0.15449473558399496,-0.16130512072818037,0.18131403625011444,0.19699083268642426,0.1734989583492279,0.17345231771469116,0.08347683142062394,0.004232292828143747,0.12298121899343473,0.12321698244029333
6,first_label_token,25,0.21928255310913428,0.21717937854157776,0.21991536116399685,0.22075291962182822,-0.009972343035676623,-0.00028553432385480804,-0.01288693256776452,-0.01674456221541054,-0.15305804898914252,-0.1419988820414495,-0.15638555685868694,-0.1607897080672911,0.18127116560935974,0.19699856638908386,0.1733570396900177,0.17345789074897766,0.08369353794989294,0.004193199783760426,0.12369860272119226,0.12318881134472615
6,first_label_token,26,0.219316482009674,0.21717343691016447,0.2200920938443737,0.2206839152744838,-0.010128612883363308,-0.00025816833730063493,-0.013700928559512882,-0.016426741753276408,-0.15323645803859018,-0.1419676390363489,-0.15731487401930266,-0.16042686106011894,0.1812833547592163,0.1970021277666092,0.17338505387306213,0.1734628826379776,0.083631923093813,0.004175197399160058,0.12355699400550724,0.12316357787677168
6,first_label_token,27,0.21929776701940543,0.21717016236120915,0.2202913412526876,0.22043179744431954,-0.010042415316327435,-0.0002430864083742268,-0.014618622963218808,-0.015265536577389271,-0.15313804861266936,-0.14195042040688577,-0.15836258084612997,-0.15910114458499236,0.18138555685679117,0.19701045751571655,0.17348267138004303,0.17366354167461395,0.08311530236084579,0.004133091403379252,0.12306354789037288,0.12214926778878521
6,first_label_token,28,0.21930504967184627,0.2171699331588104,0.22034410909444344,0.220401106762285,-0.010075957782177625,-0.00024203074717177309,-0.014861661271645232,-0.015124181327715869,-0.15317634313677017,-0.14194921518710424,-0.15864005109536627,-0.15893976312783997,0.1814740002155304,0.19700878858566284,0.17365531623363495,0.1737578958272934,0.08266823058930543,0.004141527667292477,0.12219084651807144,0.12167231758255237
6,last_label_token,0,0.2171413710137375,0.21715073625580603,0.21711343076048778,0.21715994602491875,-0.00011047912041280601,-0.00015361358478727105,1.8208194832114444e-05,-0.00019603197128326144,-0.14179902626050836,-0.14184827170933545,-0.14165210744073176,-0.1418966996314579,0.19730261961619058,0.19730646908283234,0.19730976223945618,0.19729162752628326,0.002656243060011665,0.002636784415569138,0.0026201378590976487,0.002711806905368208
6,last_label_token,1,0.2183920590483508,0.21718186290324235,0.21739414920326042,0.2206001650385496,-0.005870902404504941,-0.0002969768054190691,-0.0012747257817222746,-0.01604100462637348,-0.14837554538908448,-0.14201194561250574,-0.14312821511710294,-0.15998647543764477,0.18911964197953543,0.1971951276063919,0.19155724346637726,0.1786065548658371,0.04402032466710589,0.003199603736632195,0.03169850841581345,0.09716286184887202
6,last_label_token,2,0.21864717414065238,0.2171819510580111,0.21715260994534533,0.22160696141860065,-0.007045912380731156,-0.00029738282895852564,-0.00016224343056059354,-0.02067811088267435,-0.14971702243058238,-0.1420124091585755,-0.14185812417034516,-0.1652805339628265,0.18994559347629547,0.19715571403503418,0.19565492868423462,0.17702613770961761,0.03984522769965911,0.003398835147795487,0.010985145471696045,0.1051517024794858
6,last_label_token,3,0.21855987153467346,0.21717730289747736,0.21712663634484555,0.22137567536169742,-0.006643813735565551,-0.00027597431506398706,-4.261413136696923e-05,-0.019612852760265698,-0.14925795730618274,-0.14198796763853472,-0.14172154664197878,-0.16406435763803473,0.18841693798700967,0.1971520185470581,0.19110524654388428,0.17699354887008667,0.04757241860932356,0.0034175154464602953,0.0339833047843634,0.10531643559714698
6,last_label_token,4,0.22164773540336546,0.2171703050116531,0.21670383645706817,0.23106906474137506,-0.02086590784300668,-0.0002437434282833717,0.0019047190569747574,-0.06425869915771143,-0.1654949366622469,-0.14195117050870754,-0.13949832912284132,-0.21503531035519186,0.17812389135360718,0.1971299946308136,0.1908017247915268,0.14643995463848114,0.09960267456682607,0.003528844000599829,0.035517574959782694,0.2597616047400957
6,last_label_token,5,0.21873591767639675,0.21718748397186022,0.21633906644933365,0.22268120260799631,-0.007454647665204095,-0.00032286634273925863,0.003584778022712176,-0.025625854675585202,-0.15018366442619469,-0.14204150299553442,-0.13758025133924878,-0.17092923894380085,0.18721638123194376,0.19706538319587708,0.1900402456521988,0.17454351484775543,0.053641105314276315,0.003855447932094691,0.039366771017727564,0.11770109699300668
6,last_label_token,6,0.22221498195530653,0.21719499475815718,0.2150364515160312,0.23441349959173122,-0.023478533977734955,-0.0003574595482944698,0.009584366396740096,-0.07966250878165049,-0.16847770110567026,-0.14208099712067646,-0.13073068391000442,-0.23262142228632987,0.17064775029818216,0.19702421128749847,0.17445975542068481,0.14045928418636322,0.13739377243534626,0.004063567549880687,0.118124491988148,0.2899932577680101
6,last_label_token,7,0.21847559717856868,0.21723496252749147,0.21462134834097213,0.22357048066724247,-0.0062556626141647325,-0.0005415432388029551,0.011496250038970923,-0.029721694642662166,-0.14881481569162114,-0.14229116048058632,-0.12854793817681065,-0.17560534841746644,0.1801184962193171,0.1969424933195114,0.1723824441432953,0.17103055119514465,0.08952015911798057,0.0044766431864853296,0.1286250795513324,0.135458754616124
6,last_label_token,8,0.22264708243832199,0.21723538567038142,0.21580044722356717,0.23490541442101742,-0.025468703879855597,-0.0005434921517919467,0.006065552319337031,-0.08192817180711187,-0.17074982413985032,-0.142293385501721,-0.13474801856557583,-0.23520806835225416,0.17324729760487875,0.19687624275684357,0.1881769299507141,0.13468872010707855,0.12425333728933852,0.004811532734323443,0.04878563370540523,0.3191628454282869
6,last_label_token,9,0.22204264632794035,0.21723132413976332,0.21489924102270302,0.23399737382135471,-0.022684789947981027,-0.0005247855399956869,0.010216330962415254,-0.07774591526636265,-0.1675715050611392,-0.1422720286700716,-0.13000918709461895,-0.23043329941872703,0.16585863629976907,0.1968112289905548,0.16899652779102325,0.1317681521177292,0.1616022343244111,0.005140170408011624,0.14574052658406111,0.3339260059811605
6,last_label_token,10,0.22232443010773648,0.217238714715012,0.21584051917581,0.23389405643238742,-0.023982630657490216,-0.0005588250770882652,0.00588098878282739,-0.07727005567820977,-0.16905321462152897,-0.1423108906869366,-0.1349587297526591,-0.2298900234249912,0.1716152181228002,0.1967785507440567,0.18694615364074707,0.1311209499835968,0.13250332548233523,0.005305355468382511,0.05500707704621388,0.3371975439324093
6,last_label_token,11,0.22186245370645816,0.2172294600671079,0.2152641136105321,0.2330937874417345,-0.02185485814749936,-0.0005161999876994727,0.008535799532922828,-0.07358417398772144,-0.16662399441962875,-0.14226222677772404,-0.1319278042772749,-0.22568195220388731,0.16489200790723166,0.1967662125825882,0.16755183041095734,0.13035798072814941,0.16648843803753718,0.005367723562311855,0.15304331818145178,0.3410542723688479
6,last_label_token,12,0.22173460845519846,0.21723149083241694,0.21533973757960215,0.23263259695357635,-0.021266028046198593,-0.0005255532935974916,0.00818749039410449,-0.07146002123910278,-0.16595174305307028,-0.14227290519354874,-0.13232545938022922,-0.22325686458543292,0.16535243888696036,0.196791872382164,0.16826976835727692,0.13099567592144012,0.16416100840671186,0.005238016004647128,0.1494142182230983,0.3378307909923901
6,last_label_token,13,0.22206835279277726,0.2172321111214261,0.215845850135098,0.2331270971218077,-0.022803188872812925,-0.0005284102228655385,0.005856435432064266,-0.0737375918276375,-0.1677066779044456,-0.14227616687225764,-0.13498676164771295,-0.22585710519336621,0.16518106063206991,0.19679094851016998,0.16803495585918427,0.13071727752685547,0.1650273072572935,0.00524268607931333,0.1506011704261646,0.33923806526640254
6,last_label_token,14,0.21870373156892153,0.21722708629960774,0.21634931484190356,0.22253479356525324,-0.007306404779853522,-0.0005052668811209582,0.0035375759406977014,-0.02495152339913731,-0.15001441954207725,-0.1422497447462827,-0.1376341406768835,-0.1701593732030655,0.17777627209822336,0.1967962086200714,0.1680898368358612,0.1684427708387375,0.10135985292980776,0.005216096783229984,0.1503237529262349,0.1485397090799584
6,last_label_token,15,0.22178414716106168,0.2172194136290991,0.21662588199647534,0.23150714585761062,-0.021494193589340238,-0.0004699280687026075,0.0022637619817251764,-0.06627641468104328,-0.16621223346930356,-0.1422093993819944,-0.13908841954742512,-0.21733888147849112,0.16512534519036612,0.19679635763168335,0.16811580955982208,0.1304638683795929,0.16530894288917983,0.0052153435453805574,0.15019246356908644,0.34051902155307245
6,last_label_token,16,0.22201886484268998,0.2172147270010299,0.21682925504796646,0.23201261247907365,-0.022575257100800068,-0.0004483423808998577,0.0013270656763761934,-0.06860449459787654,-0.1674464543783738,-0.14218475558730503,-0.14015782033031643,-0.21999678721749993,0.16512907048066458,0.1967926323413849,0.16805176436901093,0.1305428147315979,0.16529011194294518,0.00523417449161534,0.15051620519675368,0.34011995614046653
6,last_label_token,17,0.22217027092514252,0.21720449303378578,0.21748666683164966,0.23181965290999212,-0.02327260376005902,-0.00040120673910104543,-0.0017008437951782085,-0.0677157607458978,-0.16824259615783813,-0.1421309421026633,-0.14361470250324038,-0.21898214386761072,0.16517627239227295,0.19680187106132507,0.16800744831562042,0.13071949779987335,0.16505151130018722,0.005187473744953208,0.15074021813316174,0.3392268420224467
6,last_label_token,18,0.22220482118323404,0.21719566954284156,0.21802585185075007,0.2313929421561105,-0.023431735458511183,-0.0003605674739322051,-0.004184224024701422,-0.06575041487689992,-0.16842427250473505,-0.1420845453551376,-0.14644991039987,-0.21673836175919758,0.1649822344382604,0.19679133594036102,0.16777347028255463,0.13038189709186554,0.1660323525197325,0.005240727660904998,0.15192295220427143,0.3409333776940211
6,last_label_token,19,0.22211655314896958,0.21719232927851317,0.21814057806960674,0.23101675209878875,-0.0230251902404021,-0.00034518287291285255,-0.004712630441096044,-0.0640177574071974,-0.16796013084852915,-0.14206698117314942,-0.14705317768314052,-0.21476023368929753,0.16518517831961313,0.19679932296276093,0.16794493794441223,0.13081127405166626,0.1650064927847221,0.005200354112177785,0.1510562014109802,0.3387629228310083
6,last_label_token,20,0.2221568158360756,0.2171956455006319,0.21817164701573988,0.23110315499185513,-0.023210632264205982,-0.0003604567402395453,-0.004855727900865858,-0.06441571215151254,-0.16817184498074508,-0.142084418933482,-0.1472165481743377,-0.2152145678344155,0.16475369036197662,0.19678710401058197,0.16755345463752747,0.12992051243782043,0.16718761851726785,0.005262119615827565,0.15303510788889352,0.3432656280470825
6,last_label_token,21,0.22264353968516118,0.2171886716570173,0.21861534118652343,0.23212660621194278,-0.025452386655069992,-0.00032833658715158975,-0.0068992960502867184,-0.06912952732777167,-0.170731195206587,-0.1420477482253104,-0.14954963454011394,-0.22059620285433668,0.16404526432355246,0.19675880670547485,0.16680853068828583,0.12856845557689667,0.17076863679290202,0.005405159483426458,0.15680061922177124,0.3501001316735084
6,last_label_token,22,0.22252330138903706,0.21718396900080833,0.21871708140653723,0.23166885375976562,-0.024898592694094706,-0.00030667707688714074,-0.0073678915082080465,-0.06702120949718893,-0.17009894365179212,-0.1420230201495174,-0.15008461727325662,-0.21818919353260235,0.1640334278345108,0.19675764441490173,0.16679219901561737,0.1285504400730133,0.17082846898607182,0.005411034738651677,0.15688317409006425,0.3501911981294995
6,last_label_token,23,0.22449027363325702,0.21718199753961642,0.2244488115070247,0.2318400118531299,-0.033958080273082634,-0.00029759691409747546,-0.03376711386839437,-0.06780953003675605,-0.18044191506551552,-0.1420126535737758,-0.18022389389738103,-0.2190891977253897,0.15107043087482452,0.19676074385643005,0.12767253816127777,0.12877801060676575,0.2363550398654898,0.005395367391384465,0.3546288989191715,0.3490408532859135
6,last_label_token,24,0.22442770351548824,0.21717923909676176,0.22440428693755335,0.2316995845121496,-0.03366989460782591,-0.00028489206843795856,-0.0335620424520231,-0.06716274930301669,-0.18011290130269417,-0.14199814879584816,-0.17998976941972056,-0.21835078569251376,0.1510427345832189,0.19675591588020325,0.12762261927127838,0.12874966859817505,0.23649504167376278,0.005419772297704628,0.3548812335987166,0.34918411912486713
6,last_label_token,25,0.22470669572760746,0.21717687654895942,0.22544215546936547,0.23150105516449743,-0.0349548779052545,-0.000274010637582478,-0.03834226093258586,-0.06624836214559515,-0.18157993190420876,-0.14198572576117918,-0.1854472152923199,-0.21730685465912725,0.15103404223918915,0.19675928354263306,0.12751254439353943,0.12883029878139496,0.23653898054831046,0.005402749122308426,0.35543765039805986,0.3487765421245631
6,last_label_token,26,0.22481504274683506,0.2171686412907448,0.2257508798807609,0.23152560706899947,-0.03545390298189055,-0.00023608065675828627,-0.03976418489647804,-0.06636144339243533,-0.1821496553082509,-0.14194242213015507,-0.18707058734099258,-0.21743595645360503,0.15095513065656027,0.19675667583942413,0.1274062991142273,0.12870241701602936,0.23693787020541823,0.005415930784672729,0.35597470898467376,0.3494229708469082
6,last_label_token,27,0.22475541539552835,0.21716842010241597,0.22628140649875672,0.2308164195854123,-0.035179271120603005,-0.00023506190678679317,-0.04220768623218807,-0.06309506522283415,-0.18183611555604862,-0.14194125905092547,-0.18986026658546318,-0.2137068210317572,0.15117734173933664,0.19676442444324493,0.1276087611913681,0.1291588395833969,0.2358146168164819,0.0053767624165045325,0.35495128471870974,0.3471158033142314
6,last_label_token,28,0.22506296067010786,0.2171742190833853,0.2269913521133551,0.23102331081358324,-0.03659576421206238,-0.00026177087343182137,-0.045477556204228,-0.06404796555852732,-0.1834532873248671,-0.14197175195420408,-0.19359338850351104,-0.21479472151688617,0.15105008085568747,0.19675417244434357,0.127314031124115,0.12908203899860382,0.23645790704778794,0.005428585180542456,0.35644111386101507,0.3475040221018063
7,pre_label_token,0,0.2171173635317164,0.21711736246317376,0.2171173656688017,0.21711736246317376,9.462347827504658e-08,9.954497570685561e-08,8.478048341142852e-08,9.954497570685561e-08,-0.1416727872141824,-0.14167278159544217,-0.1416727984516628,-0.14167278159544217,0.19782808919747671,0.19782809913158417,0.19782806932926178,0.19782809913158417,5.021585662105347e-08,0.0,1.506475698631604e-07,0.0
7,pre_label_token,1,0.22025410200701376,0.2173899065546629,0.21738932793881713,0.22598307152756122,-0.014447106316441157,-0.0012551849761088807,-0.0012525199852413404,-0.04083361398797325,-0.15816676493942117,-0.14310590590898298,-0.1431028633611433,-0.18829152554813722,0.1864900936683019,0.19651468098163605,0.19656361639499664,0.166391983628273,0.057312411700123876,0.006639189052079497,0.006391825742340429,0.1589062203059517
7,pre_label_token,2,0.21864331670168066,0.21753471759187074,0.21747050245269006,0.22092473006048122,-0.007028145774947407,-0.0019221561531248543,-0.0016263938425482571,-0.01753588732916911,-0.14969673877831857,-0.14386736882369044,-0.14352970501027063,-0.16169314250099465,0.19219505786895752,0.19635294377803802,0.1963133066892624,0.18391892313957214,0.02847442444907618,0.0074567534138056946,0.007657114681743127,0.07030940525167972
7,pre_label_token,3,0.21860868897424693,0.2175125779224043,0.21744348061184923,0.22087000838848722,-0.006868657267930252,-0.0018201851867709617,-0.0015019365543591512,-0.017283850062660644,-0.14951465507275433,-0.14375095133530258,-0.1433876154977296,-0.16140539838523082,0.1922964851061503,0.19632549583911896,0.1963050365447998,0.18425892293453217,0.027961720552925784,0.007595499825663099,0.007698919382384095,0.06859074245073016
7,pre_label_token,4,0.21862889565005691,0.21748256042224018,0.21729925941018496,0.22110486711774555,-0.0069617252454022465,-0.0016819304804891466,-0.0008376820439339738,-0.01836556321178362,-0.14962090826004917,-0.14359310968450067,-0.14262925412763416,-0.1626403609680127,0.19234904646873474,0.19640538096427917,0.19632521271705627,0.18431654572486877,0.02769602845551818,0.007191689014605984,0.0075969309775769656,0.06829946537437159
7,pre_label_token,5,0.2188327634367956,0.21736729245225922,0.21723302632820707,0.22189797152992055,-0.007900700204069189,-0.0011510288648888256,-0.0005326254854289836,-0.022018446261889757,-0.15069291051967118,-0.14298699369992884,-0.14228097932327266,-0.16681075853581206,0.19055995841821036,0.19633358716964722,0.1926351636648178,0.18271112442016602,0.036739678262487176,0.00755459901044131,0.026249736460907447,0.07641469931611278
7,pre_label_token,6,0.218673739713781,0.21733291529807724,0.2170958334658326,0.2215924703774332,-0.007168268189510403,-0.0009926944490230571,9.925787553843879e-05,-0.020611367995046592,-0.14985671274104115,-0.14280622758895078,-0.14155957521710105,-0.16520433541707158,0.190622478723526,0.19632893800735474,0.19260795414447784,0.18293054401874542,0.03642364476881207,0.007578100031342183,0.026387277692205724,0.07530555658288829
7,pre_label_token,7,0.2217680324693354,0.21728824326972,0.2168440121562541,0.23117184198203208,-0.021419972486341605,-0.0007869438660039751,0.0012590973358841406,-0.06473207092890498,-0.16612749724775502,-0.14257132772513748,-0.1402354179423908,-0.21557574607573682,0.18277441461881003,0.19628497958183289,0.19246478378772736,0.1595734804868698,0.07609477409354919,0.007800305196911772,0.02711098861789818,0.1933730284658376
7,pre_label_token,8,0.21845395331289255,0.217243624134224,0.21681893132313962,0.22129930448131402,-0.006155975222626564,-0.0005814368971084338,0.00137461472396061,-0.019261103494731868,-0.14870100529870448,-0.14233670598896575,-0.14010353487149474,-0.16366277503565296,0.19044177730878195,0.19629153609275818,0.19242724776268005,0.1826065480709076,0.037337071200837145,0.007767162731538768,0.027300729232159093,0.07694332163881357
7,pre_label_token,9,0.22093960096856124,0.21730449580344832,0.2167062903652672,0.2288080167369682,-0.017604379809139387,-0.000861799842173161,0.001893416838087636,-0.05384475642333264,-0.16177133850890457,-0.14265678876417676,-0.1395112325598009,-0.20314599420273605,0.17802742620309195,0.19619552791118622,0.18133898079395294,0.15654776990413666,0.1000902956425919,0.008252473877899735,0.08335073940463633,0.20866767364523964
7,pre_label_token,10,0.22009243791510744,0.21736223717697528,0.21591941609102136,0.2269956604773257,-0.013702513281690809,-0.0011277452604669946,0.005517605097328904,-0.045497399681934336,-0.15731668325365966,-0.14296041143985683,-0.13537359505696633,-0.19361604326415582,0.17751690248648325,0.196152001619339,0.18108776211738586,0.15531094372272491,0.10267093873045326,0.00847249465370603,0.08462062309492024,0.2149196984427335
7,pre_label_token,11,0.22517579877409952,0.21736399546390822,0.2163295842018448,0.24183381665654544,-0.03711547434246831,-0.0011358435845159054,0.0036284513910570526,-0.11383903083394609,-0.18404662629413493,-0.14296965707692055,-0.13753039063836536,-0.2716398311671189,0.1638285219669342,0.1961328089237213,0.18084682524204254,0.11450593173503876,0.1718642463527658,0.008569511688707232,0.08583853337359637,0.4211846939959938
7,pre_label_token,12,0.22554457100833494,0.21738740295923056,0.21639628530550403,0.24285002476027032,-0.03881396677689349,-0.001243653907590403,0.0033212392166701576,-0.11851948563976022,-0.1859857490692939,-0.14309274120060222,-0.13788112645095163,-0.2769833795563279,0.1643889918923378,0.1961747705936432,0.18154948949813843,0.11544271558523178,0.16903113049175358,0.008357399910319474,0.08228664029480526,0.41644935127013605
7,pre_label_token,13,0.22504680163386157,0.2174099834025407,0.21683683635807838,0.24089358514096557,-0.036521338866919696,-0.001347654991641134,0.0012921476519897057,-0.10950850926110767,-0.18336831792559857,-0.14321147641933862,-0.1401976852923139,-0.26669579206514316,0.16379156212011972,0.19617053866386414,0.1815400868654251,0.11366406083106995,0.1720510744473425,0.008378791865242152,0.08233416960310169,0.42544026187368367
7,pre_label_token,14,0.22449068395363514,0.21735597658558053,0.21725429566968388,0.2388617796056411,-0.03395997012810222,-0.0010989102069247636,-0.0006305878921117891,-0.10015041228527011,-0.1804440726617674,-0.14292749124079496,-0.1423928203477356,-0.2560119063967716,0.16548125942548117,0.19630874693393707,0.18272589147090912,0.11740913987159729,0.16350983428591562,0.007680163759934411,0.07634005344523842,0.40650928565257405
7,pre_label_token,15,0.2238692788516774,0.21734288159538717,0.21748218536376954,0.23678276959587546,-0.031097900356020336,-0.0010385972557114265,-0.0016802030348854746,-0.0905749007774641,-0.1771765251786864,-0.14285863357916262,-0.14359113750667696,-0.2450798044502196,0.1652995397647222,0.19631725549697876,0.1828470379114151,0.1167343258857727,0.16442840784324478,0.007637153878734315,0.07572767107368561,0.40992039857731444
7,pre_label_token,16,0.22422713111428652,0.21734049179974724,0.21738031050738166,0.2379605910357307,-0.03274609754728567,-0.0010275903266712128,-0.0012109874682859623,-0.09599971484689984,-0.17905822723797007,-0.14284606726661742,-0.143055446812264,-0.2512731676350288,0.1650209128856659,0.19630667567253113,0.1827065497636795,0.11604951322078705,0.16583683708195954,0.007690633766040844,0.07643782371808894,0.41338205376174886
7,pre_label_token,17,0.22389253033977263,0.21729499592500576,0.21955213306330834,0.2348304620310038,-0.03120499214046757,-0.0008180452691204376,-0.011213975322843295,-0.08158295582943897,-0.17729878896629314,-0.1426068353540797,-0.1544755869172596,-0.23481394462754013,0.15996128072341284,0.19649533927440643,0.16208741068840027,0.1213010922074318,0.1914127395167683,0.006736959324930125,0.18066537868016008,0.38683588054521467
7,pre_label_token,18,0.22368858454942034,0.2172719586797121,0.2194299040722246,0.23436389089632434,-0.03026565791248707,-0.0007119402449111689,-0.010651012612123978,-0.07943402088042606,-0.17622637653863352,-0.1424856981238909,-0.15383286764939874,-0.23236056384261095,0.1597303499778112,0.19648483395576477,0.1620204895734787,0.12068572640419006,0.192580069873858,0.006790062593312052,0.1810036577983204,0.3899464892299416
7,pre_label_token,19,0.224141882781555,0.2172683251004259,0.21993920462472097,0.2352181186195181,-0.03235346048096188,-0.0006952046928425659,-0.012996750861797413,-0.08336842588824567,-0.17860996414168037,-0.14246659159770703,-0.1565109334283863,-0.23685236739894777,0.1599806770682335,0.19651147723197937,0.1624738872051239,0.1209566667675972,0.19131469305670623,0.006655383665841397,0.1787117809939862,0.3885769145102911
7,pre_label_token,20,0.22353899605801794,0.21725526056369815,0.2194828209756803,0.23387890663467537,-0.029576682720385678,-0.0006350320043067015,-0.01089473746944436,-0.07720027868740598,-0.17543979223631637,-0.14239789407017178,-0.15411112171289854,-0.2298103609258788,0.16079495350519815,0.19656094908714294,0.16382452845573425,0.12199938297271729,0.18719861227475898,0.006405308699844459,0.17188443312712942,0.38330609499730306
7,pre_label_token,21,0.22319107109091196,0.21723535040847394,0.21952432103517677,0.23281354182908515,-0.02797420870115186,-0.0005433297423762529,-0.011085878587292042,-0.07229341777378728,-0.17361029108322557,-0.14229320008329327,-0.15432934234631146,-0.22420833082007197,0.16142990191777548,0.1965923309326172,0.16445855796337128,0.12323881685733795,0.18398901558265823,0.00624667680876323,0.16867948140176658,0.3770408885374449
7,pre_label_token,22,0.22260603437236712,0.21722114787382238,0.21958311064904476,0.23101384459423419,-0.02527964455542812,-0.0004779156590590805,-0.011356651994581135,-0.06400436601264414,-0.17053398023355845,-0.14221851859740275,-0.15463847700616618,-0.2147449450971064,0.16220023731390634,0.1966210901737213,0.1652599722146988,0.12471964955329895,0.1800950520885315,0.006101301903831291,0.16462841760018576,0.3695554367615774
7,pre_label_token,23,0.22238583444547255,0.21721753673393185,0.2195922354690167,0.230347731133469,-0.024265446969032285,-0.00046128345843676755,-0.011398679122030186,-0.0609363783266299,-0.16937609833874911,-0.14219953006476405,-0.15468645823843952,-0.21124230671304378,0.1626776804526647,0.19663846492767334,0.1656785011291504,0.12571607530117035,0.1776816278032343,0.00601347437059252,0.16251279845260846,0.3645186105865019
7,pre_label_token,24,0.2221402769329167,0.2172196460371258,0.21948586311660895,0.22971532164501543,-0.023134457326720998,-0.00047099849439735664,-0.010908748972676019,-0.05802362451308962,-0.1680848781193216,-0.14221062145799657,-0.15412711826635972,-0.20791689463360852,0.1630088190237681,0.19665861129760742,0.16589072346687317,0.12647712230682373,0.176007757546395,0.005911636613355253,0.16144003710750943,0.36067159891832035
7,pre_label_token,25,0.22194510815190335,0.2172146372434472,0.21952522021381796,0.22909546699844488,-0.02223554827877039,-0.00044792897511425345,-0.011090020027393788,-0.05516869583380313,-0.16705861802398747,-0.14218428361312485,-0.15433407051622283,-0.20465749994261473,0.1631197581688563,0.19666323065757751,0.16550220549106598,0.12719383835792542,0.17544697196752532,0.005888286240024243,0.16340395415221987,0.3570486755103318
7,pre_label_token,26,0.22178691201517228,0.21720543388559038,0.2192222018201812,0.22893310033974526,-0.02150692796398442,-0.00040554011760307596,-0.009694376859868736,-0.05442086691448145,-0.16622677195967275,-0.14213588940344413,-0.15274070254042815,-0.203803723935146,0.16334167619546255,0.19667638838291168,0.16555002331733704,0.12779861688613892,0.17432519994635942,0.005821775337923163,0.16316224012635117,0.35399158437480394
7,pre_label_token,27,0.2213618826131527,0.21719009976427095,0.21925932299189207,0.22763622508329504,-0.019549326071219397,-0.0003349141684896306,-0.009865349681178248,-0.04844771436399031,-0.16399183093902603,-0.1420552576716403,-0.15293589757634063,-0.19698433756909717,0.16385173300902048,0.19670195877552032,0.16590654850006104,0.1289466917514801,0.1717469170037594,0.005692519722968137,0.16136004324790432,0.34818818804040574
7,pre_label_token,28,0.2183535915128991,0.21716911732649602,0.21992817726455816,0.21796347994764312,-0.005693728496412032,-0.00023827318387104057,-0.012945961008144158,-0.0038969512972208964,-0.14817327074047046,-0.14194492527893154,-0.1564529480291168,-0.146121938913363,0.18313496808211008,0.19669277966022491,0.16566096246242523,0.18705116212368011,0.07427221468524059,0.005738919174490431,0.16260145454748143,0.05447627033374991
7,first_label_token,0,0.21714054396172533,0.2171439130767053,0.2171188033929392,0.21715891541553145,-0.00010666988138889148,-0.000122187362839421,-6.537094331626747e-06,-0.0001912851869956267,-0.14179467735556325,-0.14181239324353778,-0.14168035846665483,-0.14189128035649712,0.19734748701254526,0.19735409319400787,0.19735316932201385,0.19733519852161407,0.002429443143560824,0.002396049598904604,0.002400719673570806,0.0024915601582070623
7,first_label_token,1,0.2180535222969803,0.21716917342498523,0.21715486670742515,0.21983652675853055,-0.004311668661840813,-0.00023853156248709873,-0.00017263763316877068,-0.012523836789866571,-0.14659541048773614,-0.14194522026279421,-0.14186999094973052,-0.15597102025068366,0.19189898173014322,0.1972787082195282,0.19727253913879395,0.18114569783210754,0.029971057839954424,0.002777112626910272,0.0028082966738749437,0.08432776421907806
7,first_label_token,2,0.2208377004671497,0.21717215465898274,0.21713095272288602,0.22820999401958048,-0.01713504612660118,-0.00025226254036425644,-6.249452030426816e-05,-0.051090381319135014,-0.16123551296472605,-0.14196089654806188,-0.14174424354317527,-0.200001398802941,0.18307828903198242,0.19724877178668976,0.19724011421203613,0.15474598109722137,0.07455872125521963,0.002928438110852305,0.0029722012299018274,0.21777552442490478
7,first_label_token,3,0.22069861040729769,0.21717071693484521,0.21712304604153673,0.2278020682455111,-0.01649442464691675,-0.00024564066554910724,-2.6077899945020633e-05,-0.04921155537525612,-0.16050413278525974,-0.14195333653306985,-0.1417026676747748,-0.19785639414793454,0.18259055415789285,0.19722384214401245,0.19721388816833496,0.15333393216133118,0.07702416916798123,0.0030544548030549956,0.003104771091394176,0.22491328160949453
7,first_label_token,4,0.2212961773912446,0.2171793480881122,0.217088439684956,0.22962074440066554,-0.01924670073245301,-0.0002853940611775574,0.00013331217712309051,-0.057588020313304566,-0.16364633179234267,-0.14199872190735263,-0.14152069634401543,-0.20741957712565995,0.18123518427213034,0.19716475903987885,0.19715216755867004,0.1493886262178421,0.08387541978259194,0.0033531136103375214,0.0034167622086108684,0.24485638352882744
7,first_label_token,5,0.22208123354016898,0.21719855460800042,0.21688272492224428,0.23216242109026228,-0.022862515063788152,-0.00037385551703916775,0.0010807939441270786,-0.06929448361845236,-0.16777440900866,-0.14209971595378335,-0.14043898209188987,-0.22078452898030676,0.17934166391690573,0.19709141552448273,0.19539283215999603,0.1455407440662384,0.09344696378234067,0.0037238572798065084,0.01231001552498534,0.26430701854223015
7,first_label_token,6,0.22247594678435337,0.21720953388374392,0.21635640569093847,0.23386190077837776,-0.024680486691734838,-0.00042442390330732493,0.0035049168836392974,-0.07712195305553649,-0.169849937940608,-0.1421574485097421,-0.1376714266371113,-0.22972093867497057,0.17662226657072702,0.1970520317554474,0.1900070160627365,0.1428077518939972,0.10719322813061156,0.003922938043399937,0.0395347430581412,0.2781220032902936
7,first_label_token,7,0.22247555462920032,0.2172658359303194,0.21499861228365857,0.23516221567362297,-0.024678680502171813,-0.0006837400645398617,0.009758646464334109,-0.08311094790630968,-0.16984787586294017,-0.14245350274231972,-0.13053171308065115,-0.23655841176584969,0.17000876367092133,0.19697758555412292,0.173675537109375,0.13937316834926605,0.1406237818731655,0.004299255672954416,0.12208863214190946,0.2954834578046326
7,first_label_token,8,0.2229080461988262,0.21728227919891102,0.21607292399686925,0.23536893540069836,-0.02667065167235816,-0.000759474528003512,0.0048105778525916465,-0.08406305834166261,-0.17212205535604785,-0.14253996672649194,-0.1361807888984814,-0.23764541044317022,0.1742436687151591,0.19691362977027893,0.1886705756187439,0.13714680075645447,0.11921678730147445,0.004622545357911845,0.046290307357951255,0.30673750918856024
7,first_label_token,9,0.22266823958282042,0.2172750473022461,0.21630383339248785,0.23442583805372735,-0.02556614952930673,-0.0007261658332819998,0.003747054558033036,-0.07971933731267122,-0.170861075196588,-0.14250193909255238,-0.1373949846173388,-0.23268630187987283,0.17318560183048248,0.19685888290405273,0.18791164457798004,0.13478627800941467,0.12456520286691364,0.004899284943777227,0.05012662304867144,0.31866970060829225
7,first_label_token,10,0.22275076633741875,0.2172877255608054,0.21610067191244173,0.23486390153900916,-0.02594625154163288,-0.0007845594004909362,0.004682776406887301,-0.08173697163129501,-0.17129502736148824,-0.14256860544549155,-0.13632669634501493,-0.23498978029395823,0.1727521816889445,0.19683052599430084,0.18750622868537903,0.13391979038715363,0.12675609558357315,0.005042626106515846,0.052175957265502504,0.3230497033787011
7,first_label_token,11,0.22228725176899375,0.21727937650279838,0.2155231620083336,0.2340592167958492,-0.023811394536067065,-0.0007461052801884804,0.007342673524594168,-0.07803075185260688,-0.1688577189830136,-0.14252470341863188,-0.13328996390159342,-0.2307584896288155,0.1664620041847229,0.19682194292545319,0.16914421319961548,0.13341985642910004,0.15855227384052403,0.005086012606640544,0.14499399255153222,0.3255768163633993
7,first_label_token,12,0.22194745734292254,0.21727222955527425,0.21556427899528952,0.2330058634782038,-0.022246368190907712,-0.0007131878445141293,0.0071532967635813405,-0.07317921349179035,-0.1670709708244035,-0.14248712247454143,-0.1335061702166307,-0.22521961978203842,0.16749070088068643,0.19687536358833313,0.17045752704143524,0.13513921201229095,0.15335232145519925,0.0048159768376347944,0.1383553307659472,0.31688565676201574
7,first_label_token,13,0.2222655539419137,0.2172663600504899,0.21621192964185185,0.23331837213339926,-0.023711458608907738,-0.0006861540590374915,0.004170345171205514,-0.07461856693889124,-0.16874362484371486,-0.14245625873440715,-0.13691172519746897,-0.22686289059926845,0.167213906844457,0.19687014818191528,0.16998277604579926,0.13478879630565643,0.15475148586836662,0.004842340162363401,0.14075514655409882,0.31865697088863765
7,first_label_token,14,0.21882056762524346,0.21725422674868286,0.21697537718700763,0.2222320989400399,-0.007844528692957561,-0.0006302704555265493,0.0006540558219928494,-0.02355737144533898,-0.15062878102795038,-0.14239245793899014,-0.14092617743929758,-0.1685677077055634,0.17931788166364035,0.19687879085540771,0.1703130006790161,0.1707618534564972,0.09356718054310305,0.004798652367098866,0.13908589615606903,0.13681699310614126
7,first_label_token,15,0.21874535237373757,0.2172428676060268,0.21717058390128513,0.22182260561390083,-0.007498102026912627,-0.0005779524769160549,-0.00024502793911707066,-0.021671325664704755,-0.15023327509313736,-0.1423327279208766,-0.14195263699991,-0.1664144603586255,0.17943331599235535,0.19689001142978668,0.17064952850341797,0.1707604080438614,0.0929836722891102,0.004741933557040001,0.13738478379701025,0.13682429951328035
7,first_label_token,16,0.21890996671190446,0.21723595306652935,0.21747637035466041,0.2220175767145237,-0.008256283316114166,-0.0005461054669362309,-0.0016534202457785252,-0.02256932423562774,-0.15109887012069936,-0.14229636905278809,-0.1435605603222947,-0.16743968098701534,0.17963269849618277,0.1968996226787567,0.17089231312274933,0.17110615968704224,0.0919758149387001,0.0046933497157544135,0.1361575333690016,0.1350765617313443
7,first_label_token,17,0.2189934679774009,0.2172242268794725,0.21806165070092978,0.22169452635180048,-0.008640873734112006,-0.000492096953952581,-0.004349106492920196,-0.02108141775546324,-0.1515379465766978,-0.14223470899740231,-0.1466381522447362,-0.16574097848795488,0.1800380696853002,0.19692362844944,0.17141462862491608,0.1717759519815445,0.08992670669322382,0.004572003098217925,0.13351728405932528,0.13169083292212824
7,first_label_token,18,0.2191388800698502,0.21722054681858094,0.2186797117986599,0.22151638159230977,-0.009310613253441883,-0.0004751473167450282,-0.007195774438741864,-0.020260918004838757,-0.15230257003278988,-0.14221535805601815,-0.14988811588023854,-0.16480423616211293,0.18006818989912668,0.1969241201877594,0.17142139375209808,0.17185905575752258,0.08977445221593412,0.004569517413314905,0.13348308706096312,0.13127075217352435
7,first_label_token,19,0.21904887939367643,0.21721203587636226,0.21872755259024998,0.22120704971441701,-0.008896087827222473,-0.0004359475895794329,-0.007416119722440051,-0.018836196169647934,-0.1518293175892861,-0.14217060479001242,-0.1501396781182316,-0.16317766985961435,0.1806214600801468,0.19695691764354706,0.17216365039348602,0.1727438122034073,0.0869777302970115,0.0044037297626645655,0.12973105868558943,0.1267984024427805
7,first_label_token,20,0.21914374995298413,0.21721230995755236,0.2190130762693261,0.22120586363207392,-0.009333042978056705,-0.00043720995367468873,-0.008731185673013675,-0.01883073330748175,-0.15232817744143046,-0.14217204599688382,-0.15164105326945876,-0.1631714330579488,0.1806677927573522,0.19695524871349335,0.17229676246643066,0.17275136709213257,0.08674352354170829,0.00441216602657768,0.12905819131473073,0.12676021328381648
7,first_label_token,21,0.21942024444665562,0.21720702708268366,0.2194625181310317,0.22159118812625148,-0.010606522275202904,-0.00041287807029655177,-0.01080122655720217,-0.02060546219810999,-0.15378207423763568,-0.1421442669451407,-0.154004362838982,-0.16519759292878433,0.18039107819398245,0.1969423145055771,0.17194609344005585,0.1722848266363144,0.08814228622802263,0.0044775470719046195,0.13083078594569653,0.12911852566646675
7,first_label_token,22,0.21938383065018,0.21720014459946577,0.21961506274567932,0.2213362846053949,-0.010438807485203242,-0.00038117870524034814,-0.011503817071990996,-0.019431426678378383,-0.15359059880776157,-0.1421080766392595,-0.1548064913861713,-0.16385722839785388,0.1807092477877935,0.19695891439914703,0.17241783440113068,0.17275099456310272,0.08653397277200843,0.0043936363754827346,0.12844618556210263,0.12676209637843994
7,first_label_token,23,0.2193169703336657,0.21719486332741103,0.21957651987797072,0.2211795277956153,-0.010130862007696603,-0.0003568542041083589,-0.011326296198328034,-0.018709435620653414,-0.1532390258028795,-0.14208030601562682,-0.15460382061637046,-0.16303295077664126,0.18105596800645193,0.1969784051179886,0.17292535305023193,0.17326414585113525,0.08478133894405142,0.00429511286478268,0.12588073277087053,0.12416817119650103
7,first_label_token,24,0.2193319619870653,0.21719192536939091,0.21972580276617482,0.22107815782563026,-0.010199910616878341,-0.00034332254687763353,-0.012013863842159633,-0.01824254546159776,-0.15331785672843665,-0.14206485728933904,-0.1553887979589792,-0.16249991493699167,0.1812912623087565,0.19699402153491974,0.17331363260746002,0.17356613278388977,0.08359195127193879,0.004216173538166834,0.1239180209067191,0.12264165937093041
7,first_label_token,25,0.21941467413381366,0.21718383917287618,0.2200828391964696,0.22097734403209526,-0.010580866509011614,-0.0003060791149473996,-0.013658303470124089,-0.017778216941963354,-0.1537527837447683,-0.1420223374725782,-0.15726621011009034,-0.16196980365163638,0.18123352030913034,0.1970013678073883,0.17313891649246216,0.1735602766275406,0.0838838309385768,0.004179038912191957,0.1248011922851271,0.12267126161841135
7,first_label_token,26,0.21945965229964057,0.21717895059024586,0.22028391060708952,0.2209160957015863,-0.010788027101049202,-0.00028356326412715127,-0.014584398869972093,-0.017496119169048363,-0.15398929337766032,-0.14199663173598354,-0.1583235081265062,-0.16164774027049122,0.18125258882840475,0.19700540602207184,0.17316599190235138,0.17358636856079102,0.08378744160178338,0.004158626166473556,0.12466432896789315,0.12253936967098344
7,first_label_token,27,0.2194302534856716,0.21717494676093094,0.22048341606845376,0.22063239762763015,-0.010652621941789286,-0.0002651224131933194,-0.015503281815311576,-0.016189461596862964,-0.1538347049774571,-0.14197557831630703,-0.15937257187910148,-0.1601559647369628,0.18135932584603628,0.19701440632343292,0.1732669174671173,0.1737966537475586,0.08324789733026645,0.00411313060037044,0.12415416097250243,0.12147640041792651
7,first_label_token,28,0.2194243177312429,0.21717458131934414,0.22049214178774537,0.22060623008663915,-0.010625283023470988,-0.00026343926106631166,-0.015543470763463851,-0.016068939045882802,-0.15380349287542786,-0.14197365670714523,-0.1594184545118953,-0.16001836740724307,0.18144524594148,0.1970137357711792,0.1734384149312973,0.1738835871219635,0.08281358038630908,0.00411652017069275,0.12328725953164121,0.12103696145659326
7,last_label_token,0,0.21714334674910005,0.2171498563109326,0.2171143764207343,0.21716580751563322,-0.00011957896919242057,-0.00014956073163974182,1.3852669591418731e-05,-0.00022302884552893865,-0.14180941531121083,-0.1418436446767486,-0.14165708002584343,-0.14192752123104047,0.1973124990860621,0.19732002913951874,0.19731469452381134,0.19730277359485626,0.0026063033905972346,0.0025682397712748495,0.0025952056862829087,0.002655464714233946
7,last_label_token,1,0.2184492041750782,0.21718316759381975,0.21744378835213285,0.2207206565792821,-0.006134101627223239,-0.0003029859538019597,-0.001503353945623953,-0.016595964982243805,-0.14867603280771102,-0.14201880609433792,-0.14338923369491852,-0.16062005863387663,0.18916553258895874,0.19719812273979187,0.19155721366405487,0.17874126136302948,0.0437883525174226,0.0031844636558594486,0.03169865906338343,0.09648193483302492
7,last_label_token,2,0.21874637390051235,0.2171815856164243,0.2172753422200179,0.22178219386509487,-0.007502806978472091,-0.0002956996768317399,-0.0007275241665773979,-0.021485197092007136,-0.15023864660880615,-0.1420104875494137,-0.1425034898648585,-0.16620196241214624,0.18850780030091605,0.19715970754623413,0.19118812680244446,0.17717556655406952,0.04711311927669485,0.003378648373431825,0.03356435389253365,0.10439635556411908
7,last_label_token,3,0.21861147359639654,0.2171755862837078,0.2171460672586906,0.22151276724679128,-0.006881482690277367,-0.00026806792941536095,-0.00013210910169259016,-0.02024427103972415,-0.149529297509818,-0.14197894113234022,-0.14182372062386017,-0.16478523077325358,0.18849791089693704,0.1971586048603058,0.1911264806985855,0.17720864713191986,0.0471631091619659,0.003384222333517317,0.03387596839082563,0.10422913676155476
7,last_label_token,4,0.22175148875773454,0.21716824539569246,0.216750151369752,0.23133606950775915,-0.021343775402117997,-0.0002342572419542499,0.0016914016716308433,-0.06548847063603058,-0.1660405051020004,-0.1419403403868964,-0.13974186779977282,-0.21643930711933201,0.17828933397928873,0.19713591039180756,0.19084540009498596,0.1468866914510727,0.0987663796905784,0.0034989404579791605,0.03529680094612697,0.2575033976676291
7,last_label_token,5,0.21874695839334268,0.21718587154099922,0.2163764472769088,0.22267855636212006,-0.007505499037575543,-0.0003154398030917882,0.00341260927752296,-0.025613666587157802,-0.15024172005971695,-0.14203302431651332,-0.13777681172903922,-0.17091532413359833,0.18723799784978232,0.19706402719020844,0.19001097977161407,0.17463898658752441,0.05353183561025839,0.0038623023965241865,0.0395147069313474,0.11721849750290358
7,last_label_token,6,0.22222986622016971,0.217193323023179,0.21518759046282088,0.23430868517450926,-0.023547087976423204,-0.00034975986553842375,0.00888825011184291,-0.0791797541755741,-0.16855596734783332,-0.14207220660157205,-0.131525421004409,-0.23207027443751893,0.17074166735013327,0.197021946310997,0.17444868385791779,0.14075437188148499,0.13691903172680506,0.004075016765191397,0.11818045756035755,0.2885016208548662
7,last_label_token,7,0.2185089918077827,0.21723831561433168,0.21468176481102694,0.22360689499798944,-0.006409471713127927,-0.0005569868977917114,0.011217983651818697,-0.029889411893410767,-0.1489904153709493,-0.14230879208745728,-0.12886562736867968,-0.17579682665671093,0.18008812268575033,0.19693487882614136,0.1722596287727356,0.17106986045837402,0.08967369409961423,0.004515133640589086,0.12924589818679832,0.13526005047145528
7,last_label_token,8,0.22274369632496552,0.2172476311691669,0.21574748704413407,0.23523597076159566,-0.02591368845377473,-0.0005998925125350052,0.006309476497303956,-0.08345064934609314,-0.17125785096669519,-0.14235777626486334,-0.1344695369430966,-0.23694623969212558,0.1732849677403768,0.19686803221702576,0.18808576464653015,0.13490110635757446,0.12406291876101312,0.004853036139824796,0.049246464621661046,0.31808925552155354
7,last_label_token,9,0.2221044887681635,0.21724162061675256,0.21494825347131039,0.2341235922164276,-0.022969624073476507,-0.0005722090893953702,0.009990589256766325,-0.07832725238780047,-0.16789669246185754,-0.1423261708510173,-0.13026691028128434,-0.23109699625327096,0.16582575937112173,0.19680415093898773,0.16879716515541077,0.13187596201896667,0.16176842370191447,0.005175949205857622,0.14674828350275781,0.33338103839712796
7,last_label_token,10,0.22235056719526192,0.21724947761086857,0.21585394915412454,0.23394827482079258,-0.0241030129457932,-0.0006083968601233725,0.005819132942164518,-0.07751977491942075,-0.16919065181715184,-0.14236748544799682,-0.13502934888935636,-0.23017512111410232,0.17159192264080048,0.1967715173959732,0.18685458600521088,0.13114966452121735,0.13262108166612296,0.005340908294873659,0.05546994170466313,0.3370523949988321
7,last_label_token,11,0.22194601320752913,0.2172388269119904,0.21536956274208902,0.23322964996850792,-0.022239716787108083,-0.0005593418343201595,0.008050121557363177,-0.07420993008436727,-0.1670633770969702,-0.1423114806546617,-0.13248228965778797,-0.22639636097846094,0.16485985616842905,0.19676074385643005,0.16738933324813843,0.1304294914007187,0.16665096165750692,0.005395367391384465,0.15386472405620988,0.34069279352492643
7,last_label_token,12,0.221820186433338,0.217238923080829,0.21542453605587744,0.2327971001633075,-0.021660183394484833,-0.0005597847690903546,0.007796925278205857,-0.07221769069257,-0.16640173953072387,-0.14231198634128317,-0.13277135698687825,-0.22412187526401017,0.16538887222607931,0.19679059088230133,0.16818541288375854,0.13119061291217804,0.16397684175253638,0.00524449385015191,0.14984062616963711,0.33684540523782014
7,last_label_token,13,0.22210161652551644,0.21723762319869355,0.21593309610831637,0.23313413026953947,-0.022956395088338948,-0.0005537977674461292,0.0054545976262633245,-0.07376998512383404,-0.1678815892880945,-0.14230515114378228,-0.13544552897887985,-0.22589408774162134,0.1652530332406362,0.19679130613803864,0.1679803431034088,0.13098745048046112,0.16466349337603892,0.005240878308474861,0.15087723209796555,0.33787236972167634
7,last_label_token,14,0.222090470022848,0.21723016690807181,0.21648342709581392,0.23255781606465828,-0.02290505648772016,-0.0005194555582606064,0.0029198812568702603,-0.07111559516177013,-0.1678229773992884,-0.14226594357439248,-0.13833934595494535,-0.22286364266852732,0.16537682712078094,0.19679808616638184,0.16801674664020538,0.13131564855575562,0.16403772847869533,0.005206605986327717,0.15069321609135988,0.33621336335839835
7,last_label_token,15,0.2218372697589778,0.21722199736523026,0.21676304280257025,0.23152676910913292,-0.021738865834919092,-0.0004818282495293591,0.0016320262656811524,-0.06636679552090907,-0.16649156914029928,-0.14222298549589296,-0.13980965509138943,-0.21744206683361544,0.16521746416886648,0.19679999351501465,0.16806241869926453,0.13078998029232025,0.1648432912506879,0.0051969645418554755,0.15046234869052233,0.3388705605196859
7,last_label_token,16,0.22211326470895976,0.21721537133224872,0.2169966833932059,0.23212773940142464,-0.02301004433200889,-0.00045131004386034235,0.0005559236236479803,-0.06913474657581431,-0.16794283917544273,-0.1421881436876693,-0.14103821231029845,-0.22060216152836043,0.16521430015563965,0.1967972368001938,0.16798384487628937,0.1308618187904358,0.1648592850010233,0.005210899442069206,0.1508595310085049,0.3385074245524957
7,last_label_token,17,0.22225333622523716,0.21720553806849888,0.21753951481410436,0.23201495579310827,-0.02365518620709846,-0.00040601996360423165,-0.0019442512159131287,-0.06861528744177803,-0.16867938016781894,-0.1421364372306173,-0.1438925941579947,-0.22000910911484484,0.16527934869130453,0.19680677354335785,0.16795718669891357,0.13107408583164215,0.1645304715718369,0.005162692219708331,0.15099428525976044,0.33743443723604194
7,last_label_token,18,0.2223239102617365,0.21719858185583804,0.21808140698601217,0.23169174194335937,-0.023980236348982203,-0.00037398101522412297,-0.004440100059218244,-0.06712662797250424,-0.16905048110440246,-0.14209985923165958,-0.14674203713302014,-0.21830954694852767,0.16507243116696677,0.19679521024227142,0.1677100658416748,0.13071201741695404,0.16557641764949768,0.0052211434768209,0.15224345490918623,0.3392646545624859
7,last_label_token,19,0.22223325670600272,0.21719619526582606,0.21817333477885784,0.23133024007332426,-0.023562703887822705,-0.0003629888506762047,-0.0048635014060833814,-0.06546162140670853,-0.1685737956106126,-0.14208730977533524,-0.14722542297454577,-0.21640865408195675,0.16526456673940024,0.19680236279964447,0.16787171363830566,0.13111962378025055,0.16460519276649624,0.0051849880600501885,0.15142634249016973,0.3372042477492688
7,last_label_token,20,0.22226893107096354,0.21719955476392216,0.2182226693930746,0.23138456905589383,-0.023727013001589043,-0.00037846203864955186,-0.0050907269432125535,-0.06571185002290503,-0.16876138287224104,-0.14210497509464748,-0.14748484021139308,-0.21669433331068255,0.16483337680498758,0.19678863883018494,0.16747158765792847,0.13023990392684937,0.16678481202334325,0.005254361265978891,0.15344893676334748,0.34165113804070335
7,last_label_token,21,0.222770066354789,0.21719220425902294,0.21859422892081637,0.23252376588452764,-0.026035143628521034,-0.0003446070577113325,-0.006802057103728387,-0.07095876672412338,-0.17139651304769007,-0.14206632378054151,-0.14943861947046622,-0.22268459589206246,0.16402929524580637,0.19675974547863007,0.16665422916412354,0.12867391109466553,0.17084935878242816,0.005400414084975269,0.15758059701481297,0.34956706524749626
7,last_label_token,22,0.2246255393789596,0.21718681720124575,0.2245818114080349,0.23210798952759815,-0.034581087713404214,-0.0003197953283322619,-0.034379685273379534,-0.06904378253850085,-0.18115318577366554,-0.14203799690162522,-0.1809232500668536,-0.22049831035251777,0.15097894767920175,0.19675885140895844,0.12753361463546753,0.12864437699317932,0.23681747768915765,0.005404933512071608,0.3553311425661563,0.3497163569892451
7,last_label_token,23,0.22465384400525346,0.21718528491108358,0.2245148394288135,0.2322614076758633,-0.03471145325927849,-0.00031273790099328735,-0.03407122549938979,-0.0697503963774524,-0.18130202058386366,-0.14202993962812194,-0.18057108990361637,-0.22130503221985265,0.15106930832068124,0.19676131010055542,0.12753425538539886,0.12891235947608948,0.23636071425728852,0.0053925050875567315,0.35532790364340394,0.34836173404090487
7,last_label_token,24,0.22455555571227515,0.21718234855587742,0.22444938210880055,0.23203493647214746,-0.03425875669885999,-0.0002992136260087097,-0.03376974194803117,-0.06870731452254009,-0.18078518919106412,-0.14201449932994437,-0.18022689430466876,-0.22011417393857924,0.15105271339416504,0.19675737619400024,0.12753629684448242,0.12886446714401245,0.23644459984578206,0.005412390566780556,0.35531758428486737,0.3486038246856983
7,last_label_token,25,0.22484871519713842,0.21717868772875362,0.22553702602867318,0.23183043183398847,-0.03560899167019005,-0.00028235257575537354,-0.038779216083420165,-0.06776540635139461,-0.18232671586004115,-0.14199524952588471,-0.18594607514446437,-0.2190388229097744,0.15103328227996826,0.19676026701927185,0.12740136682987213,0.1289382129907608,0.23654282206134233,0.005397777752502497,0.3559996411574885,0.348231047274036
7,last_label_token,26,0.22492922507748217,0.21717129394787701,0.22582145338298895,0.23179492790158054,-0.03597980435608498,-0.0002482982741707218,-0.04008923257761321,-0.06760188221647101,-0.18275006265273977,-0.1419563706527991,-0.18744168546820617,-0.21885213183721408,0.15095201631387076,0.19675828516483307,0.1272990107536316,0.12879875302314758,0.23695361287647046,0.005407795815899341,0.35651704023623343,0.34893600257727864
7,last_label_token,27,0.22482911171365516,0.21717042522270139,0.22637172987481124,0.23094518004345294,-0.035518701878026894,-0.00024429709674622657,-0.04262369795063625,-0.06368811058669821,-0.1822236344516114,-0.1419518026169846,-0.1903352158885192,-0.21438388484933046,0.15115568041801453,0.19676613807678223,0.1274622231721878,0.12923868000507355,0.23592411249185466,0.005368100181236568,0.3556920188197983,0.34671221847452915
7,last_label_token,28,0.22510714063457415,0.2171749627890707,0.22702025886343308,0.23112620025121866,-0.03679924844550716,-0.0002651962356550186,-0.04561069501391368,-0.06452185408695277,-0.18368559975880028,-0.14197566259741046,-0.19374538947383413,-0.21533574720515625,0.15102685491243997,0.196756049990654,0.12717305123806,0.12915146350860596,0.2365753117205793,0.005419094383640188,0.3571537521903215,0.34715308858777616
8,pre_label_token,0,0.2171173635317164,0.21711736246317376,0.2171173656688017,0.21711736246317376,9.462347827504658e-08,9.954497570685561e-08,8.478048341142852e-08,9.954497570685561e-08,-0.1416727872141824,-0.14167278159544217,-0.1416727984516628,-0.14167278159544217,0.19782808919747671,0.19782809913158417,0.19782806932926178,0.19782809913158417,5.021585662105347e-08,0.0,1.506475698631604e-07,0.0
8,pre_label_token,1,0.2201584727824235,0.21737189893962958,0.21739243258949087,0.2257110868181501,-0.014006656902419534,-0.0011722454403828575,-0.0012668193960736485,-0.0395809058708021,-0.15766391578170694,-0.1430112160891006,-0.14311918861090844,-0.18686134264511178,0.18646189073721567,0.19651541113853455,0.19655147194862366,0.16631878912448883,0.05745497451708478,0.006635498186617572,0.0064532146270654955,0.15927621073757126
8,pre_label_token,2,0.21864923215379903,0.21753353952359752,0.21748199302609228,0.22093216391170725,-0.00705539118481413,-0.0019167302021894095,-0.0016793171653448624,-0.01757012618690812,-0.14972784412428322,-0.1438611741625766,-0.1435901261334338,-0.1617322320768393,0.19215943912665048,0.19636112451553345,0.19629698991775513,0.1838202029466629,0.028654473403008345,0.007415400655874316,0.007739594226251145,0.07080842532689957
8,pre_label_token,3,0.21864628885306567,0.21752325907474807,0.21745228967746766,0.2209633178069812,-0.00704183492009632,-0.0018693804752516474,-0.00154250937931244,-0.017713614905724873,-0.14971236730429416,-0.14380711626273457,-0.14343393639226232,-0.1618960492578856,0.19225001335144043,0.1963319033384323,0.19629648327827454,0.18412165343761444,0.028196630330221756,0.007563110598139411,0.007742155234939041,0.06928462515758682
8,pre_label_token,4,0.21868247825558443,0.21748837062290738,0.21730945490989365,0.22124960923395237,-0.00720851619563212,-0.0017086911228574309,-0.0008846405118247969,-0.01903221695221413,-0.14990266279871797,-0.14362366158455186,-0.1426828653376273,-0.16340146147397472,0.19230730334917703,0.19640642404556274,0.19631652534008026,0.18419896066188812,0.027907035485060166,0.0071864163496602185,0.00764084474419624,0.06889384536132404
8,pre_label_token,5,0.21887745363037792,0.2173730946388565,0.21721586179332572,0.22204340445895154,-0.008106534452544834,-0.0011777525960261492,-0.0004535690111886481,-0.022688281750419703,-0.15092790590206864,-0.1430175034594281,-0.142190722689439,-0.16757549155733886,0.19043205678462982,0.1963154822587967,0.19255517423152924,0.18242551386356354,0.03738620741654556,0.007646117409142006,0.026654074538459138,0.07785843030203554
8,pre_label_token,6,0.21873301444601279,0.21733610008944984,0.21707658366996702,0.2217863595786215,-0.0074412759566405695,-0.001007362972163861,0.0001879186520464815,-0.02150438354980433,-0.15016839830896456,-0.14282297424423396,-0.14145835361169068,-0.16622386707096903,0.19054292142391205,0.19631503522396088,0.19255885481834412,0.18275487422943115,0.03682579845660061,0.007648377122690175,0.026635469563579317,0.07619354868353234
8,pre_label_token,7,0.21878786220603963,0.21728601535829176,0.21679613930838448,0.22228143195144268,-0.007693893959847653,-0.0007766825438269009,0.0014795902645057257,-0.023784589600221784,-0.1504568054360765,-0.14255961265173855,-0.13998368714219067,-0.16882711651430027,0.19030460715293884,0.19626794755458832,0.19239921867847443,0.18224665522575378,0.038030451749127524,0.00788640028309695,0.027442413271629107,0.07876254169265651
8,pre_label_token,8,0.21850416947479676,0.21723927249427602,0.2167832799318458,0.22148995599826846,-0.006387260995149487,-0.0005613940987554411,0.0015388180255320183,-0.02013920691222504,-0.1489650579962493,-0.1423138236693413,-0.13991606841278115,-0.16466528190662544,0.19032042225201926,0.19626154005527496,0.19233325123786926,0.1823664754629135,0.03795050810537907,0.007918789510620639,0.027775871667553353,0.07815686313796322
8,pre_label_token,9,0.2210983810638513,0.2173084419314601,0.21659046782165015,0.22939623343844373,-0.01833568972228024,-0.000879974932245231,0.0024268727108631705,-0.05655396694545867,-0.16260625521476024,-0.1426775387718806,-0.13890220044904478,-0.20623902642335534,0.17765462398529053,0.19615399837493896,0.18097832798957825,0.15583154559135437,0.10197477120212013,0.0084624012665242,0.08517380097151106,0.21228811136832515
8,pre_label_token,10,0.22021807609152058,0.21736974475764426,0.21572476395037996,0.22755971956653756,-0.014281178030014718,-0.0011623237015296883,0.006414134601263832,-0.0480953449897783,-0.1579773291122538,-0.142999888708778,-0.134350051622538,-0.19658204700544535,0.17713517447312674,0.1961115449666977,0.18064366281032562,0.15465031564235687,0.1046005332371599,0.008676998729814978,0.08686549785745257,0.21825910312421215
8,pre_label_token,11,0.22547448903572662,0.21737841117281873,0.21611472538539342,0.24293033054896762,-0.03849118298458424,-0.0012022395065738323,0.004618048872463976,-0.11888935831964287,-0.18561723556259047,-0.14304545950148873,-0.13640059401664195,-0.2774056531696407,0.1633609483639399,0.19609180092811584,0.1804087907075882,0.11358225345611572,0.1742277811845052,0.008776802744859036,0.0880527513556586,0.4258537894529979
8,pre_label_token,12,0.22574153868090205,0.21739948657380434,0.2162205623979328,0.243604567070969,-0.039721161165796236,-0.001299308661470322,0.004130584393331027,-0.1219947592292494,-0.18702146831382085,-0.1431562807245983,-0.13695711899986196,-0.28095100521700234,0.16402452190717062,0.1961471289396286,0.18121254444122314,0.1147138923406601,0.17087348750153689,0.008497125531381045,0.08398986171984235,0.4201334752533873
8,pre_label_token,13,0.22523652725860852,0.2174175743295365,0.21666128334878873,0.24163072409750033,-0.037395177806875214,-0.001382617309504841,0.002100710310556364,-0.11290362642167717,-0.1843659561581538,-0.14325139194999847,-0.13927457122092246,-0.27057190530354047,0.16352418810129166,0.196149542927742,0.18126235902309418,0.11316066235303879,0.17340262167446432,0.008484923078221018,0.08373805430679182,0.42798488763838016
8,pre_label_token,14,0.22010224660237632,0.2173551559448242,0.2170787731138598,0.2258728107484449,-0.01374769016750584,-0.001095130496885366,0.00017783450377750754,-0.04032577450940966,-0.1573682604796863,-0.1429231760482912,-0.14146986641044101,-0.18771173898032667,0.1790075053771337,0.196291983127594,0.1824670284986496,0.15826350450515747,0.09513609965959424,0.007764903017990599,0.07764857823719595,0.19999481772359617
8,pre_label_token,15,0.2239812733412457,0.21734041165904838,0.21730824638815488,0.23729516197653377,-0.031613724964191826,-0.0010272212143627169,-0.0008790742982123234,-0.09293487938000045,-0.17776542815253524,-0.14284564586109938,-0.1426765105424168,-0.2477741280540895,0.16507357358932495,0.1963048130273819,0.18262891471385956,0.1162869930267334,0.1655706428259857,0.007700049239158235,0.07683026063762033,0.4121816186011785
8,pre_label_token,16,0.22430620807893473,0.21734034594367532,0.21719604139568424,0.23838223689744453,-0.03311031050510412,-0.0010269185422697724,-0.0003622801550435817,-0.097941732817999,-0.17947403930000774,-0.14284530030857479,-0.14208650067674067,-0.2534903169147078,0.1648364414771398,0.196293905377388,0.1825050264596939,0.11571039259433746,0.16676932043157414,0.007755186249733481,0.07745650258560188,0.4150962724593871
8,pre_label_token,17,0.22385010278525472,0.21729326809153837,0.21912339955818752,0.2351336407060383,-0.031009579162835903,-0.0008100872077485555,-0.009239313059177912,-0.08297933722158124,-0.17707569126635225,-0.14259774985111262,-0.15222116853357326,-0.23640815541437088,0.15971901516119638,0.19648034870624542,0.16169629991054535,0.1209803968667984,0.19263736616626817,0.006812735052578622,0.18264240206344995,0.38845696138277597
8,pre_label_token,18,0.22368594364625735,0.21727006255077716,0.21906610857538816,0.23472165981260668,-0.030253494431546752,-0.0007032070476915564,-0.008975442052058247,-0.08108183419489046,-0.17621248982213214,-0.14247572766933625,-0.1519199141569041,-0.2342418276401561,0.15952468663454056,0.19647248089313507,0.161717027425766,0.12038455158472061,0.1936196761996198,0.0068525060110263825,0.18253762667859996,0.39146889590923306
8,pre_label_token,19,0.22411600588416516,0.21726563397575827,0.21960291662136044,0.23547946705537684,-0.032234276577287314,-0.0006828099015223632,-0.011447874410510428,-0.08457214541982916,-0.17847389510930575,-0.14245244080041441,-0.15474262316587128,-0.23822662136163153,0.15981276581684747,0.19649966061115265,0.16221998631954193,0.12071865051984787,0.1921634665733254,0.0067151154272978575,0.17999522296555914,0.3897800613271192
8,pre_label_token,20,0.22352512744294495,0.21725159011969045,0.2191875089116457,0.2341362832974987,-0.029512806605020685,-0.0006181266605760349,-0.009534588141507205,-0.07838570501297881,-0.17536686660675063,-0.14237859369744976,-0.15255827609170924,-0.23116373003109292,0.16066519170999527,0.19654963910579681,0.16361643373966217,0.12182950228452682,0.18785454434797055,0.006462479452613024,0.17293632978380036,0.3841648238074983
8,pre_label_token,21,0.2231408949993572,0.2172316687447684,0.21927117900688106,0.232919837246422,-0.027743107484783074,-0.0005263727229223303,-0.00991995615610164,-0.07278299357532525,-0.17334644908843955,-0.14227384071379867,-0.15299824030866538,-0.2247672662428546,0.16129013895988464,0.19658146798610687,0.16426311433315277,0.12302583456039429,0.18469550246952793,0.006301587847983625,0.16966742816502445,0.3781174913955757
8,pre_label_token,22,0.22257423774868834,0.2172181858735926,0.21935406051763967,0.23115046685483276,-0.025133195555896954,-0.0004642732681359174,-0.010301692105580296,-0.06463362129397465,-0.17036678338025824,-0.14220294344945938,-0.15343405789532505,-0.21546334879599027,0.1620604693889618,0.1966109722852707,0.1650688499212265,0.12450158596038818,0.1808015640833295,0.0061524467538047745,0.16559452046581136,0.3706577250303724
8,pre_label_token,23,0.22234501237628843,0.2172143551481872,0.21943901446687072,0.2303816675138073,-0.024077428541314783,-0.00044662969978825906,-0.010692973299357478,-0.06109268262479861,-0.16916144279601797,-0.14218280026570174,-0.15388077302867886,-0.2114207550936733,0.16249180336793265,0.19662757217884064,0.16543857753276825,0.12540926039218903,0.17862121669656142,0.0060685360573828895,0.1637255867139087,0.3660695273183927
8,pre_label_token,24,0.22211604826256673,0.21721758642116515,0.219388202058167,0.22974235630836806,-0.023022864832858387,-0.0004615123080680128,-0.01045894133125902,-0.05814814085924813,-0.16795747599376595,-0.1421997913361852,-0.1536135850740803,-0.20805905157103233,0.16282294193903604,0.1966467946767807,0.1656578779220581,0.12616415321826935,0.1769473464397221,0.005971368374811714,0.16261704657096376,0.3622536243733908
8,pre_label_token,25,0.22188457841632747,0.2172127138666746,0.2194490496851817,0.22899197169712612,-0.021956760212888726,-0.0004390702797096857,-0.010739193542631087,-0.054692016816325406,-0.16674033324565318,-0.1421741698806942,-0.15393354142763616,-0.2041132884286292,0.1629054695367813,0.19664959609508514,0.165204718708992,0.12686209380626678,0.1765301782108025,0.005957207503243245,0.16490771819473893,0.3587256089344253
8,pre_label_token,26,0.21909704929640314,0.21720193814830618,0.2191382127649644,0.2209509969759388,-0.009117948932134393,-0.0003894394387049527,-0.009307539778286245,-0.017656867579411983,-0.15208261039927273,-0.14211750769475118,-0.15229906112951053,-0.1618312623735565,0.17623904844125113,0.19666090607643127,0.16524089872837067,0.16681534051895142,0.10913035501581207,0.00590003675047468,0.1647248320449074,0.15676619625205412
8,pre_label_token,27,0.21894353765065597,0.21718705281490036,0.2191906183707614,0.22045294176630614,-0.008410904462156163,-0.00032088051851930643,-0.009548909699078179,-0.015362923168871001,-0.15127539689216696,-0.1420392358338478,-0.15257462662580568,-0.1592123282168474,0.17657504479090372,0.19668537378311157,0.16556216776371002,0.1674775928258896,0.10743192920508275,0.005776355095605146,0.163100851241626,0.1534185812780171
8,pre_label_token,28,0.21806347737459242,0.21716595818014706,0.219826954753459,0.2171975191901712,-0.004357519792805927,-0.00022372277666882212,-0.01247975001573609,-0.0003690865860128678,-0.1466477574811754,-0.14192831347341417,-0.15592068757562028,-0.1420942713944917,0.18621197839577994,0.1966744363307953,0.16529226303100586,0.19666923582553864,0.05871825482222245,0.005831642753750255,0.1644651909582232,0.005857930754693874
8,first_label_token,0,0.21714062517096686,0.21714238719779905,0.21711816867860426,0.21716131963649718,-0.00010704391519481919,-0.00011515946448503733,-3.6137248480283546e-06,-0.00020235855625139187,-0.14179510437982143,-0.141804369682476,-0.1416770209349527,-0.14190392252203554,0.19734740753968558,0.19735372066497803,0.19735832512378693,0.19733017683029175,0.0024298448704138296,0.00239793269352806,0.0023746576439819256,0.002516944273731503
8,first_label_token,1,0.2181385366188712,0.21716916701372932,0.217156281992167,0.22009016085071725,-0.004703227920223633,-0.00023850203350228583,-0.0001791561565374078,-0.013692025570631206,-0.14704244307991332,-0.1419451865503527,-0.1418774329711774,-0.15730470971820987,0.19177739322185516,0.1972673088312149,0.19727152585983276,0.18079334497451782,0.03058567481712704,0.0028347353223884264,0.0028134186912507353,0.08610887043774196
8,first_label_token,2,0.22091085129425303,0.21717180845116366,0.21713269017323727,0.22842805525835821,-0.017471964459578437,-0.0002506679751912433,-7.049687515325864e-05,-0.05209472852839081,-0.1616201634933967,-0.14195907607622416,-0.1417533796148045,-0.20114803478916143,0.18278721968332926,0.1972375363111496,0.19723735749721527,0.15388676524162292,0.07603004585435842,0.0029852322446962676,0.0029861361301155576,0.22211876918826345
8,first_label_token,3,0.22074210490165305,0.21717009023458017,0.21712503994212431,0.22793118452825467,-0.016694751739749176,-0.00024275420729646946,-3.526141418119799e-05,-0.049806239597769864,-0.1607328407973294,-0.14195004114191945,-0.14171315224406134,-0.19853532900600745,0.18233409523963928,0.19721320271492004,0.19721226394176483,0.15257681906223297,0.0783205417226354,0.003108235985501362,0.003112981383952551,0.22874040779845228
8,first_label_token,4,0.22122540674289737,0.21717908202099198,0.21708570207868302,0.22941143612901704,-0.018920745035039006,-0.0002841686083132622,0.0001459210535824651,-0.05662398755038622,-0.16327419700755508,-0.14199732284103295,-0.14150630113152252,-0.20631896705010977,0.18097369372844696,0.19715307652950287,0.1971452683210373,0.14862273633480072,0.0851972266686271,0.0034121674577296535,0.0034516371210375763,0.24872787542711405
8,first_label_token,5,0.22207068381857134,0.21719763940121947,0.2170327931892972,0.23198161886519744,-0.02281392511949361,-0.0003696402544757227,0.00038960899967188656,-0.068461744103677,-0.16771893518627756,-0.14209490350276854,-0.14122808920857444,-0.2198338128474897,0.1795836091041565,0.19707494974136353,0.19703710079193115,0.1446387767791748,0.09222395659421696,0.0038070900621639536,0.003998412475908597,0.26886636724457835
8,first_label_token,6,0.2224630692425896,0.21720930948978712,0.21628634508918312,0.2338935531487986,-0.024621175265251944,-0.00042339038884331437,0.0038276022459997616,-0.07726773765291228,-0.1697822236926144,-0.14215626857429187,-0.13730302550521278,-0.2298873769983385,0.17633766929308572,0.1970389187335968,0.18989185988903046,0.14208222925662994,0.10863183709915851,0.003989222974146056,0.040116845268148515,0.28178944305518094
8,first_label_token,7,0.22284557492125268,0.21726713100401293,0.21609861229648109,0.235170981463264,-0.02638292124561518,-0.0006897049194456439,0.004692262593216423,-0.08315132141061632,-0.17179356132669868,-0.14246031265548975,-0.1363158662232038,-0.23660450510140252,0.1749474803606669,0.19696436822414398,0.1890251487493515,0.13885292410850525,0.11565909429124295,0.004366067870195112,0.044497977895331386,0.29811323710820237
8,first_label_token,8,0.22296140815029628,0.2172811363925453,0.2160425795226538,0.23556050853568966,-0.026916426333365107,-0.000754210986483761,0.004950338537092258,-0.08494540655070382,-0.17240264962485727,-0.14253395748380604,-0.1360212279131665,-0.23865276347759923,0.17399420837561289,0.1969003528356552,0.18855448067188263,0.13652779161930084,0.12047778278513561,0.0046896588502923775,0.04687715496640976,0.3098665345387047
8,first_label_token,9,0.2226721173241025,0.2172746674353335,0.2162825175694057,0.23445916696756827,-0.025584009643541943,-0.0007244162409394406,0.0038452310498549025,-0.07987284373954129,-0.17088146560491646,-0.14249994163039736,-0.13728289917767578,-0.23286155600667624,0.1729738861322403,0.19684641063213348,0.18781571090221405,0.13425953686237335,0.1256354032033247,0.00496233095177101,0.05061155757610769,0.3213323210820954
8,first_label_token,10,0.21885614154719504,0.2172861740368755,0.2160712250140535,0.2232110255906562,-0.008008375185963904,-0.000777413386197745,0.004818403033532426,-0.028066115205226394,-0.15081584012799643,-0.1425604470346642,-0.13617185510150098,-0.1737152182478241,0.18439380327860513,0.19681744277477264,0.1874120533466339,0.16895191371440887,0.06790893665739206,0.005108760389692102,0.052652003586316054,0.14596604599616803
8,first_label_token,11,0.22225672831388418,0.2172796073080111,0.21545156430797416,0.23403901332566718,-0.023670809500744034,-0.0007471683236370819,0.0076724384610321605,-0.07793769863962718,-0.1686972168587085,-0.14252591706652362,-0.13291348021186056,-0.2306522532977413,0.166252002120018,0.19681191444396973,0.1689211130142212,0.1330229789018631,0.15961381194166713,0.005136705513904438,0.14612174025963653,0.3275829900514604
8,first_label_token,12,0.22190624632421327,0.21727334671661633,0.2154884354407046,0.2329569568153189,-0.022056558338119443,-0.0007183332700948508,0.007502617270125134,-0.07295395901438861,-0.16685427006022505,-0.14249299686746153,-0.133107360462557,-0.22496245285065664,0.16725232700506845,0.19686610996723175,0.17022468149662018,0.13466618955135345,0.15455727604286598,0.004862752908081913,0.13953234022940164,0.3192767349911144
8,first_label_token,13,0.22223442248603542,0.21726745156680835,0.21604697924702107,0.23338883664427684,-0.02356807324153735,-0.0006911813686796275,0.004930074271354168,-0.07494311262728659,-0.1685799256562135,-0.14246199827756145,-0.13604436307610168,-0.22723341561497734,0.16702546179294586,0.19686347246170044,0.16981305181980133,0.13439986109733582,0.15570405556063158,0.00487608521801608,0.14161308446455223,0.3206229969993264
8,first_label_token,14,0.21877637216690873,0.2172543661934989,0.21687619666091534,0.22219855364631205,-0.007640973097799801,-0.0006309127109433987,0.0011108618327796416,-0.023402868415235645,-0.15039638712228368,-0.14239319118459148,-0.1404046543983981,-0.16839131578386146,0.17917371292908987,0.19687141478061676,0.17013737559318542,0.1705123484134674,0.09429593816238635,0.004835937640643606,0.13997366228535824,0.1380782145611572
8,first_label_token,15,0.2187246899644868,0.2172410932909541,0.21710667329676012,0.22182630330574613,-0.007402935030779527,-0.0005697803304052229,4.933174468702006e-05,-0.021688356506620377,-0.15012462551313047,-0.1423233980027092,-0.14161657452745868,-0.16643390400922353,0.17931301395098367,0.19688500463962555,0.17050254344940186,0.17055149376392365,0.09359178631284977,0.004767242348779455,0.13812777761164696,0.1378803389781229
8,first_label_token,16,0.21888107972986556,0.2172347349279067,0.2173942549889829,0.22201424927270713,-0.008123235554131266,-0.0005404949598466491,-0.001275213009969578,-0.02255399869257757,-0.15094697309707072,-0.14228996368891544,-0.14312877137238655,-0.16742218422991018,0.17950076858202615,0.19689442217350006,0.17073626816272736,0.17087161540985107,0.09264270662262035,0.004719637716698033,0.13694632404488127,0.13626215810628173
8,first_label_token,17,0.2189609410048199,0.21722193485548516,0.21800435971813042,0.2216565284408441,-0.008491060891075838,-0.0004815403419287101,-0.004085235485800531,-0.02090640684549827,-0.15136690931444408,-0.142222656799589,-0.14633689786806725,-0.16554117327567597,0.17991692821184793,0.1969197392463684,0.17129330337047577,0.17153774201869965,0.09053906395684834,0.00459166260608701,0.13413057031629738,0.1328949589481606
8,first_label_token,18,0.21910600528663612,0.2172181297751034,0.2186509829609334,0.2214489031238716,-0.009159198462986703,-0.00046401488951985925,-0.0070634550583812405,-0.019950125441059008,-0.1521297038705883,-0.14220264846559694,-0.14973705043016539,-0.16444941271600255,0.17995930711428323,0.19692206382751465,0.17132622003555298,0.1716296374797821,0.09032484311248223,0.0045799120956364625,0.13396418007536748,0.13243043716644276
8,first_label_token,19,0.21901301536239495,0.21720855135877593,0.21872004821520893,0.2211104465132,-0.008730905147659248,-0.0004198985864047877,-0.007381556045869653,-0.018391260810703303,-0.15164073300126502,-0.14215228207809205,-0.15010021770553106,-0.16266969922017194,0.18051869173844656,0.19695541262626648,0.1720607578754425,0.17253990471363068,0.08749721333380638,0.004411337464943377,0.13025116942059212,0.12782913311588362
8,first_label_token,20,0.21906920147209274,0.2172065606638163,0.21896978105817522,0.2210312626942867,-0.008989687326418657,-0.0004107298366609058,-0.008531776439455019,-0.018026555703140046,-0.15193617760052666,-0.14214181436502615,-0.1514133931524435,-0.1622533252841103,0.18056309719880423,0.1969534456729889,0.1721872240304947,0.17254862189292908,0.08727274845468862,0.0044212802045553445,0.12961189645781612,0.12778506870169437
8,first_label_token,21,0.21936119624546593,0.21720482962472099,0.219418580191476,0.2214601789202009,-0.010334557865531538,-0.0004027570107967282,-0.010598857042929177,-0.02000205954286871,-0.153471579842643,-0.14213271200583866,-0.15377332304971292,-0.16450870447237742,0.18030229210853577,0.1969394087791443,0.1718490719795227,0.1721183955669403,0.08859109044661655,0.0044922352099676655,0.13132121910943328,0.12995981702044868
8,first_label_token,22,0.2193152024298489,0.2171969149293018,0.21956194228484852,0.22118675007539637,-0.01012271939017051,-0.00036630347920652007,-0.011259154669406968,-0.01874270002189804,-0.15322972959715364,-0.14209109399688624,-0.154527166952656,-0.16307092784191868,0.1806341608365377,0.19695638120174408,0.1723492294549942,0.17259687185287476,0.08691352932431524,0.0044064414189223244,0.12879297626796105,0.12754117028606238
8,first_label_token,23,0.21924526203914182,0.21719059984223182,0.21951948213977973,0.22102570413541392,-0.009800587696272864,-0.0003372174292948227,-0.011063591586103039,-0.018000954073420727,-0.15286196057353188,-0.14205788724207213,-0.15430389788113796,-0.16222409659738557,0.18098655343055725,0.1969771683216095,0.17287054657936096,0.1731119453907013,0.08513222224222487,0.0043013647389326115,0.12615777365187564,0.12493752833586635
8,first_label_token,24,0.21925553180256477,0.21718783338530726,0.2196437018258231,0.22093506019656398,-0.009847888208236233,-0.00032447567240434516,-0.011635723046566016,-0.017583465905738338,-0.1529159622859717,-0.14204334032359278,-0.1549570848620645,-0.16174746167225784,0.1812264770269394,0.19699214398860931,0.17327618598937988,0.17341110110282898,0.08391943398092457,0.0042256643350691014,0.12410730957827043,0.12342532802943418
8,first_label_token,25,0.21931135247067576,0.21717968788467534,0.2199591067658753,0.22079526276147665,-0.010104987234868931,-0.00028695909736575764,-0.013088416212497123,-0.01693958639474391,-0.15320948527607148,-0.14200050866674863,-0.15661558527471287,-0.16101236188675294,0.18113947411378226,0.1969982534646988,0.1730504184961319,0.17336975038051605,0.08435922445325417,0.004194781583244156,0.12524854024387888,0.12363435153263946
8,first_label_token,26,0.2193607004416757,0.21717448995894745,0.2201603128128693,0.22074729855321035,-0.010332274290716148,-0.0002630184730345597,-0.01401513172102331,-0.016718672678090574,-0.153468972747172,-0.14197317630485462,-0.157673591252399,-0.16076015068426242,0.18114636341730753,0.1970028132200241,0.17306384444236755,0.17337243258953094,0.08432439975668408,0.004171732505052872,0.12518067351364892,0.12362079325135045
8,first_label_token,27,0.21934622329156273,0.21717174754423255,0.22036698605833935,0.22049993627211628,-0.010265595382555151,-0.00025038744983696404,-0.014967028071237287,-0.015579370626591205,-0.15339284724504024,-0.14195875580803063,-0.15876034551451923,-0.15945944041257087,0.1812468965848287,0.19701063632965088,0.17316623032093048,0.17356382310390472,0.08381621528763002,0.004132187517959962,0.12466312378733413,0.12265333455759597
8,first_label_token,28,0.21934555010969234,0.21717042842832934,0.2204092939360803,0.22045692796466732,-0.010262494839163564,-0.000244311861238522,-0.015161889841154963,-0.015381282815097208,-0.15338930743868948,-0.14195181947320523,-0.15898281391555336,-0.1592332889273098,0.1813474496205648,0.19701063632965088,0.1733449101448059,0.17368680238723755,0.08330793038686268,0.004132187517959962,0.12375991628213245,0.12203168736049563
8,last_label_token,0,0.21714253893085553,0.21714827914197907,0.2171126149281734,0.21716672272241416,-0.00011585831712242663,-0.00014229660140796518,2.1965758132846958e-05,-0.00022724410809216167,-0.14180516754359,-0.14183535141615544,-0.14164781753255906,-0.1419323336820555,0.19730594754219055,0.19731232523918152,0.19731293618679047,0.19729258120059967,0.0026394207480420206,0.0026071821680881957,0.0026040938929057234,0.002706986183132143
8,last_label_token,1,0.21838666504504634,0.2171799459377257,0.21721040421173352,0.22076964498567983,-0.00584605868539249,-0.0002881476389993143,-0.0004284324629779679,-0.016821595954200186,-0.1483471819883567,-0.1420018655925166,-0.14216202497366703,-0.16087765539888643,0.1904839277267456,0.19719140231609344,0.1957768201828003,0.17848356068134308,0.03712400532117344,0.0032184346828668664,0.010368996910896211,0.09778458436975723
8,last_label_token,2,0.22162006175150725,0.21718084191073891,0.21712905018269515,0.2305502931610877,-0.02073844844137492,-0.0002922743146085427,-5.3731794099842745e-05,-0.061869339215416375,-0.16534941971815997,-0.1420065769062071,-0.14173423937617935,-0.21230744287209347,0.1809322088956833,0.19715218245983124,0.19713430106639862,0.14851014316082,0.08540692808589685,0.0034166868848259924,0.0035070754267525484,0.24929702194611203
8,last_label_token,3,0.22134088948995126,0.21717450117864529,0.21711451586555033,0.22973365142565816,-0.019452635871626416,-0.00026307014875781576,1.3210414174569252e-05,-0.058108047880296,-0.16388144235891508,-0.1419732353016272,-0.14165781327144478,-0.20801327850367324,0.18039305011431375,0.19715145230293274,0.19564010202884674,0.1483875960111618,0.08813231838048237,0.0034203777502879174,0.011060092637710128,0.24991648475344908
8,last_label_token,4,0.2215519004843148,0.2171701431274414,0.21670300940505596,0.23078254892044708,-0.02042451104072655,-0.00024299782142001014,0.001908528295998746,-0.06293906359675838,-0.16499100589703666,-0.14195031926956125,-0.13949398021789627,-0.2135287182036525,0.17806888123353323,0.1971273124217987,0.19081710278987885,0.14626222848892212,0.099880744872892,0.0035424022818888456,0.035439840813725865,0.2606599915230613
8,last_label_token,5,0.218672783368108,0.21718843604336266,0.2163024052852342,0.22252750877572708,-0.007163863449295278,-0.0003272513969645452,0.003753632139370966,-0.024917971090292257,-0.14985168396852697,-0.1420465092930876,-0.13738747517100913,-0.17012106744148414,0.18712327380975088,0.19705432653427124,0.1899920552968979,0.1743234395980835,0.05411175343050253,0.003911338180519364,0.03961036813821972,0.11881355397276849
8,last_label_token,6,0.21841232556254922,0.2171935682537175,0.2149728935305812,0.22307051490334903,-0.005964245985834005,-0.00035088934920257664,0.009877101986386583,-0.02741895059468602,-0.1484821132258328,-0.1420734961024568,-0.1303964756218321,-0.17297636795320948,0.18154642979303995,0.19701752066612244,0.174386128783226,0.17323563992977142,0.08230210677864598,0.004097387929318241,0.11849666680953075,0.12431226559708897
8,last_label_token,7,0.2184172563526143,0.21723850474638098,0.21450542001163259,0.2235078442998293,-0.005986956235803291,-0.0005578580028398061,0.01203019313999365,-0.029433203844563716,-0.14850804090266698,-0.14230978660447957,-0.1279383498107709,-0.17527598629275043,0.18004571398099264,0.1969318687915802,0.17223872244358063,0.17096655070781708,0.0898880655915502,0.004530349045146709,0.1293515774570675,0.1357822702724364
8,last_label_token,8,0.222697150607069,0.2172418562304072,0.21570453323236033,0.23514506235843946,-0.025699308024982142,-0.0005732942795824147,0.0065073133124283755,-0.08303194310779238,-0.17101309864187209,-0.1423274097832401,-0.13424367201358778,-0.23646821412878838,0.17317027350266775,0.19686536490917206,0.18804901838302612,0.13459643721580505,0.1246426859336874,0.004866519097328825,0.0494322130753202,0.3196293256284132
8,last_label_token,9,0.22205634718181702,0.21723559563901243,0.21494835444859095,0.2339850914578478,-0.02274789338824686,-0.0005444592260401837,0.009990124175257575,-0.07768934511395797,-0.16764354854848715,-0.142294489584178,-0.13026744125223688,-0.23036871480904653,0.16579664250214896,0.19680269062519073,0.16883763670921326,0.13174960017204285,0.16191560637768498,0.005183330936781583,0.146543704102864,0.3340197840934094
8,last_label_token,10,0.21874113002745044,0.21724379884094752,0.2158587784326377,0.22312081280876608,-0.007478654729750733,-0.0005822415619411991,0.005796890234452734,-0.027650612861763735,-0.15021107264108183,-0.14233762465299504,-0.13505474278586793,-0.17324085048438254,0.183818851908048,0.19677115976810455,0.18686367571353912,0.1678217202425003,0.0708152546834007,0.0053427160657121275,0.05542399419585042,0.15167905378863955
8,last_label_token,11,0.22186447912905397,0.21723642108821067,0.21537874846899208,0.23297826782995915,-0.02186418684591011,-0.0005482610828180245,0.008007813904559846,-0.07305211335947215,-0.16663464474175224,-0.14229883006101285,-0.13253059115825483,-0.22507451300598902,0.16490312417348227,0.19676364958286285,0.16744236648082733,0.1305033564567566,0.1664322464939728,0.005380679253321308,0.15359664670561257,0.34031941352298456
8,last_label_token,12,0.2217347708736815,0.21723877081350118,0.21543718866941308,0.23252835313813025,-0.021266776113810597,-0.0005590834557041013,0.0077386498269357284,-0.07097989471266342,-0.16595259710158672,-0.14231118567079903,-0.1328378884900514,-0.22270871714390972,0.16542337834835052,0.1967935860157013,0.16824504733085632,0.13123150169849396,0.16380241697454634,0.005229353769379164,0.14953918038231184,0.336638716771948
8,last_label_token,13,0.22204196887189934,0.2172374917679474,0.2158890075042468,0.2329994073435038,-0.022681669718599678,-0.0005531924232600183,0.005657661071676423,-0.07314947780421543,-0.16756794277982748,-0.14230446003873265,-0.13521369694723706,-0.22518567135351275,0.1653562237819036,0.19679783284664154,0.16811688244342804,0.13115395605564117,0.1641418761653374,0.005207886490671609,0.15018704025657093,0.3370307017487697
8,last_label_token,14,0.2187088600393771,0.21722806882457574,0.21647469817089435,0.22242381312266118,-0.007330025506850579,-0.0005097921980234954,0.0029600849695149423,-0.024440369292043185,-0.15004138668585573,-0.14225491117793276,-0.13829344646593067,-0.16957580241370374,0.17786499361197153,0.19680315256118774,0.16813971102237701,0.16865211725234985,0.10091137511428183,0.005180995899448426,0.15007164421804453,0.14748148522535254
8,last_label_token,15,0.22177004827504732,0.21721826601429145,0.2167629145774521,0.23132896423339844,-0.021429256891275433,-0.0004646423804444133,0.0016326168453748569,-0.06545574513875674,-0.16613809700121643,-0.14220336485497742,-0.13980898084256088,-0.216401945306111,0.16531804203987122,0.19680656492710114,0.1682107001543045,0.130936861038208,0.16433488081027905,0.0051637467526974845,0.14971280170659595,0.33812809397154375
8,last_label_token,16,0.22202446828035413,0.21721153579840138,0.21698449559572364,0.23187737344693737,-0.022601065433412264,-0.00043364432877424086,0.000612058223528722,-0.06798161019499127,-0.16747591905218862,-0.14216797521958036,-0.14097412495912942,-0.21928565697785607,0.1652835706869761,0.19680222868919373,0.16811345517635345,0.13093502819538116,0.16450912983277088,0.005185665974114628,0.15020436472710685,0.33813735879709117
8,last_label_token,17,0.22217452746479452,0.21720198943835348,0.21756256167628185,0.23175903127974823,-0.023292208545139248,-0.0003896756705825677,-0.0020504005335995057,-0.06743654943123567,-0.16826497840958132,-0.14211777739428277,-0.14401378195684544,-0.21866337587761575,0.16533339520295462,0.19681279361248016,0.16809874773025513,0.13108864426612854,0.16425727220386374,0.005132261410593086,0.15027870930284148,0.3373608458981566
8,last_label_token,18,0.22223045552144197,0.21719351856648422,0.21814893514168363,0.23134891285615808,-0.02354980218226525,-0.0003506604995713314,-0.004751121472629238,-0.06554762457459518,-0.16855906608307528,-0.14207323483103584,-0.1470971218505519,-0.2165068415676381,0.16513545314470926,0.19680261611938477,0.16787463426589966,0.13072910904884338,0.16525784825506304,0.005183707555706296,0.1514115790283217,0.3391782581811611
8,last_label_token,19,0.22213242741859926,0.21719037063983307,0.2182559934984736,0.23095091811749113,-0.023098304006475168,-0.000336161768092369,-0.005244211223344397,-0.06371453902798874,-0.16804360285352385,-0.14205668202229083,-0.14766006905386542,-0.21441405748441533,0.16531268755594888,0.19680896401405334,0.16800861060619354,0.1311204880475998,0.1643619471570004,0.005151619623322334,0.15073434287793652,0.33719987896974235
8,last_label_token,20,0.222166026673731,0.21719258412593553,0.2183014060268883,0.23100408986836923,-0.023253055572199404,-0.0003463566500538917,-0.005453372404094159,-0.06395943766245016,-0.16822027852160773,-0.14206832124269653,-0.14789886270466468,-0.214693651617462,0.1648762176434199,0.1967945396900177,0.16761840879917145,0.13021570444107056,0.16656825614164406,0.005224533047143098,0.15270677151034506,0.341773463867444
8,last_label_token,21,0.22273382940212216,0.21719039147641478,0.218598463555344,0.23241263317460772,-0.02586824334634878,-0.0003362577372925113,-0.0068215609981110426,-0.07044691130364278,-0.1712059675193256,-0.14205679158772555,-0.1494608865380347,-0.22210022443221655,0.16407393415768942,0.19676341116428375,0.1667843908071518,0.1286740005016327,0.17062371383067973,0.005381884433880324,0.15692264375337217,0.34956661330478667
8,last_label_token,22,0.22262262883974393,0.21718381352785254,0.21873800774582294,0.23194606524555622,-0.025356075410780443,-0.0003059609990085921,-0.007464274114210578,-0.06829799111912216,-0.1706212392694745,-0.14202220262281262,-0.1501946546821027,-0.21964686050350823,0.16405954460302988,0.1967611312866211,0.16677984595298767,0.1286376565694809,0.17069645149900234,0.0053934089729760215,0.15694561750777847,0.3497503280162525
8,last_label_token,23,0.2246199348727528,0.21718235336431935,0.22455892803288308,0.232118523221056,-0.034555274459294516,-0.00029923577274715285,-0.03427428894480289,-0.0690922986603335,-0.18112371548111042,-0.14201452461427544,-0.18080292193525915,-0.2205536998937967,0.1511379728714625,0.19676417112350464,0.127735897898674,0.12891384959220886,0.23601362225629038,0.005378042920848536,0.35430862218561154,0.34835420166241104
8,last_label_token,24,0.22458168371718804,0.21717989304486443,0.2245994471702255,0.2319657109364742,-0.03437909715443466,-0.00028790402487555156,-0.03446091212799396,-0.06838847531043446,-0.18092257862739491,-0.14200158746487457,-0.18101598456513268,-0.2197501638521775,0.15114178756872812,0.19676044583320618,0.12776358425617218,0.12890133261680603,0.235994339367346,0.005396873867083207,0.3541686705931951,0.3484174736417597
8,last_label_token,25,0.22484096879718685,0.21717653034114037,0.22569870187454866,0.2316476741758715,-0.03557331327444779,-0.0002724160724096869,-0.03952386325464241,-0.06692366049629128,-0.1822859828026766,-0.14198390528934168,-0.18679621863636853,-0.2180778244823196,0.15107024212678274,0.1967616081237793,0.12753111124038696,0.12891800701618195,0.23635599396676568,0.005390998611857989,0.355343796962026,0.3483331863264131
8,last_label_token,26,0.22496033890240663,0.21716896185354023,0.22603384546872948,0.23167820938495026,-0.03612310851874745,-0.0002375571059924919,-0.041067468782163496,-0.06706429966808636,-0.182913669131027,-0.14194410775222677,-0.18855851122808698,-0.21823838841276721,0.15099496642748514,0.19676002860069275,0.1274394392967224,0.12878543138504028,0.23673650462034843,0.0053989829330615136,0.3558071888869698,0.3490033420410139
8,last_label_token,27,0.2249139593428924,0.2171685226825105,0.22664332990886785,0.23093002543729893,-0.03590949338280799,-0.0002355343705415791,-0.043874634328726625,-0.06361831144915575,-0.18266979052031126,-0.14194179844998844,-0.19176337604505855,-0.21430419706588677,0.15122526387373605,0.19676761329174042,0.12765030562877655,0.12925787270069122,0.2355723755241186,0.00536064312652762,0.3547412820063003,0.34661520143952795
8,last_label_token,28,0.2252190181187221,0.2171737350335642,0.2273355980881122,0.2311477212344899,-0.037314534149708235,-0.0002595414350883285,-0.047063085507751845,-0.06462097550628454,-0.18427388748059306,-0.14196920666487567,-0.19540354433395812,-0.21544891144294542,0.15114299456278482,0.19675913453102112,0.1274033933877945,0.12926645576953888,0.23598823814076597,0.0054035023601578525,0.3559893971227369,0.34657181493940314
9,pre_label_token,0,0.2171173635317164,0.21711736246317376,0.2171173656688017,0.21711736246317376,9.462347827504658e-08,9.954497570685561e-08,8.478048341142852e-08,9.954497570685561e-08,-0.1416727872141824,-0.14167278159544217,-0.1416727984516628,-0.14167278159544217,0.19782808919747671,0.19782809913158417,0.19782806932926178,0.19782809913158417,5.021585662105347e-08,0.0,1.506475698631604e-07,0.0
9,pre_label_token,1,0.22004644570230436,0.2173746333402746,0.21738747508585954,0.22537722868077895,-0.013490682188575928,-0.0011848395523499367,-0.0012439861086681603,-0.038043220904709685,-0.15707484143628073,-0.14302559444537288,-0.14309312046556832,-0.185105809397901,0.1863150695959727,0.19650131464004517,0.19653630256652832,0.1659075915813446,0.058197139770087225,0.0067067544871697304,0.006529894240133283,0.16135477058295866
9,pre_label_token,2,0.21860471078995566,0.217548170009581,0.21748578368114824,0.22078017867913768,-0.006850334532935154,-0.0019841153452342386,-0.0016967761775381618,-0.01687011207603306,-0.14949373650284362,-0.14393810595393286,-0.14361005861443266,-0.16093304494016536,0.19206119080384573,0.19630374014377594,0.1962781399488449,0.18360169231891632,0.02915110822503845,0.007705472551673864,0.007834878814198754,0.07191297330924273
9,pre_label_token,3,0.2188971794619948,0.2184189868574383,0.21744910809172302,0.22082344343682297,-0.00819738775616563,-0.005994926600918715,-0.0015278556206639315,-0.017069381046914245,-0.15103163065625594,-0.14851714045248454,-0.1434172065931998,-0.16116054492308352,0.19118153552214304,0.19323007762432098,0.19628788530826569,0.18402664363384247,0.033597672113404885,0.02324250967100905,0.007785617058848726,0.06976488961035687
9,pre_label_token,4,0.21862220710733024,0.217490290794052,0.21729773673690667,0.22107859379103204,-0.006930919132132655,-0.0017175350537697032,-0.0008306689100721076,-0.018244553432556154,-0.1495857377555215,-0.14363375846076187,-0.14262124742279325,-0.16250220738300936,0.19227434198061624,0.19638819992542267,0.19631142914295197,0.18412339687347412,0.02807365169734492,0.007278537338640478,0.007666605478645394,0.06927581227474888
9,pre_label_token,5,0.21881826972427154,0.2173712578140387,0.21715809477477516,0.22192545658400079,-0.007833945012697704,-0.0011692925419146682,-0.000187505476956229,-0.022145037019222213,-0.15061669792706578,-0.143007844844957,-0.14188696516399335,-0.166955283772247,0.19032834966977438,0.19628532230854034,0.1924917995929718,0.18220792710781097,0.03791043585179162,0.007798572749858179,0.02697442659580407,0.07895830820971261
9,pre_label_token,6,0.2186510834039426,0.21732759395567308,0.21700005571381384,0.22162560054234096,-0.007063917679141089,-0.000968185391736931,0.0005403913777051184,-0.020763959023391454,-0.14973757859174777,-0.1427782462625593,-0.1410559450544937,-0.16537854445819034,0.1904706209897995,0.19629469513893127,0.19250886142253876,0.18260830640792847,0.03719126946112387,0.007751194089131719,0.026888180862049138,0.07693443343219075
9,pre_label_token,7,0.21871164145589875,0.2172781343219661,0.21671689137691208,0.22213989866881811,-0.0073428361647051394,-0.0007403840394064609,0.0018445906619157793,-0.023132715116624736,-0.1500560122666985,-0.14251817163310387,-0.13956697608171487,-0.1680828890852768,0.1902195413907369,0.1962483823299408,0.19232214987277985,0.18208809196949005,0.03846045012941505,0.007985300412721608,0.027831987887332765,0.07956406208819078
9,pre_label_token,8,0.2184248948297581,0.21723381972112576,0.21672581263950894,0.22131505212863956,-0.006022137560303453,-0.0005362796972834261,0.0018035010797304851,-0.01933363406335742,-0.1485482064672675,-0.14228515123790042,-0.1396138869439727,-0.16374558121992933,0.19024071097373962,0.1962423473596573,0.19226066768169403,0.18221911787986755,0.03835344013894526,0.00801580654562184,0.02814277382399044,0.0789017400472235
9,pre_label_token,9,0.220943827589019,0.21730383384127577,0.2164661760089778,0.22906147291680343,-0.017623846792291082,-0.0008587509745048294,0.0029993363724037936,-0.055012125774772214,-0.16179356343592102,-0.14265330795459863,-0.13824863420315214,-0.20447874815001232,0.1774363766113917,0.19612807035446167,0.18074524402618408,0.15543581545352936,0.10307798846426275,0.008593464652317806,0.08635201561552452,0.21428848512494592
9,pre_label_token,10,0.22004163779464422,0.21736401630048993,0.21560983737977613,0.2271510597036666,-0.013468537910813075,-0.0011359395537162698,0.006943463798429916,-0.046213137977152874,-0.15704955991457403,-0.14296976664235528,-0.1337457308254726,-0.19443318227589423,0.1769058108329773,0.19608473777770996,0.18036727607250214,0.1542654186487198,0.10575994204286694,0.008812506218920046,0.0882626034204983,0.2202047164891825
9,pre_label_token,11,0.22516379316313928,0.21738147735595703,0.21601297554849577,0.24209692658496504,-0.03706017885790228,-0.001216361743498151,0.005086688623862079,-0.11505086345407078,-0.18398349693817653,-0.14306158247660528,-0.13586556071483735,-0.273023347623087,0.16302911937236786,0.1960657387971878,0.1801290661096573,0.11289255321025848,0.17590514144338,0.00890854404471697,0.08946672944653067,0.4293401508388923
9,pre_label_token,12,0.22546552342860973,0.21739811296222591,0.21611122323685333,0.24288723408674995,-0.03844988916025497,-0.0012929820765021915,0.00463417908034669,-0.11869086448460942,-0.18557009152261292,-0.14314905783402065,-0.13638217859550772,-0.27717903813831035,0.16378695766131082,0.1961292177438736,0.18098539113998413,0.11424626410007477,0.17207434949688857,0.008587664720877575,0.08513809749745005,0.42249728627233807
9,pre_label_token,13,0.2250575661325321,0.2174158849636046,0.21654409681047712,0.24121271662351465,-0.03657091803220106,-0.0013748364220409481,0.0026404484748230317,-0.11097836614938528,-0.18342492111476916,-0.1432425087216802,-0.13865836678825105,-0.2683738878343762,0.1632482334971428,0.19613385200500488,0.18104737997055054,0.11256346851587296,0.17479754284774673,0.008564239023761577,0.08482475055210448,0.43100363896737415
9,pre_label_token,14,0.2199477828851267,0.21734985864462972,0.216923856334526,0.2255696336762244,-0.013036260643302175,-0.0010707321732916775,0.0008913507428987,-0.038929400499513545,-0.15655604067502712,-0.14289532114355485,-0.14065526425992037,-0.18611753662160613,0.17889302472273508,0.1962835043668747,0.18226417899131775,0.15813139081001282,0.09571478719135103,0.00780776225162072,0.07867396092156842,0.20066263840086396
9,pre_label_token,15,0.2237464520109802,0.21733599911216928,0.21716051502388065,0.2367428418968906,-0.030532184067479557,-0.0010068978906552228,-0.00019865266867369336,-0.09039100164310976,-0.1765306622256618,-0.14282244327328142,-0.1418996916106352,-0.24486985179306875,0.1648864025870959,0.19629813730716705,0.1824335753917694,0.11592749506235123,0.16651677233463835,0.007733794294810803,0.07781768013438362,0.41399884257472064
9,pre_label_token,16,0.22399246365416284,0.21733431134905135,0.2170446988915195,0.23759838072191766,-0.03166526534620584,-0.0009991243854376997,0.00033477367511702827,-0.09433144532829685,-0.17782427040969107,-0.14281356847307358,-0.14129069321232057,-0.24936854954367904,0.16460482527812323,0.19628490507602692,0.18229663372039795,0.1152329370379448,0.1679401156827711,0.0078006818158364855,0.07850990571797167,0.4175097595145051
9,pre_label_token,17,0.22346151709890502,0.21728661320790524,0.21875948865874476,0.234338449430065,-0.029219829861999225,-0.0007794361216486578,-0.007563210977387991,-0.07931684248696103,-0.17503238300030644,-0.14256275633690252,-0.15030760821713285,-0.23222678444688394,0.15943210075298944,0.19647395610809326,0.16130107641220093,0.12052126973867416,0.19408768798337314,0.006845048956317434,0.18464021481138282,0.39077780018241914
9,pre_label_token,18,0.22335394049892907,0.21726186255447003,0.2187325229163931,0.23406743602592403,-0.02872435318502246,-0.0006654394762830584,-0.007439012067814943,-0.07806860801096938,-0.17446671070797684,-0.14243260945674008,-0.1501658136884545,-0.23080170897873598,0.15926612416903177,0.19646666944026947,0.16136495769023895,0.11996674537658691,0.19492668196191443,0.006881882287152474,0.18431730174535,0.3935808618532408
9,pre_label_token,19,0.22377570817450518,0.21725523972711644,0.2192812366645877,0.23479064813181133,-0.030666932206830404,-0.0006349360351063371,-0.009966279750821982,-0.08139958083456289,-0.17668450052404316,-0.14239778450473706,-0.15305112670116783,-0.2346045903662246,0.15956544876098633,0.19649481773376465,0.1618892252445221,0.12031230330467224,0.19341362798591957,0.006739595657403008,0.1816671850198467,0.39183410328050905
9,pre_label_token,20,0.22325020263842843,0.21724382288315716,0.21890560438653,0.2336011806455981,-0.028246556987624166,-0.0005823522956336369,-0.008236191302786855,-0.075921127364452,-0.17392122373995686,-0.1423377510746504,-0.1510759316136725,-0.22834998853154764,0.16039827714363733,0.19654403626918793,0.1632838249206543,0.1213669702410698,0.18920376909172346,0.006490801195750073,0.1746176319874203,0.386502874092
9,pre_label_token,21,0.22294757266004547,0.2172241355190758,0.21908654445359688,0.23253203800746372,-0.02685270278442098,-0.0004916761659208291,-0.009069565690732695,-0.07099686649660941,-0.17232989817623903,-0.14223422859511192,-0.15202737256398047,-0.22272809336962474,0.16100056966145834,0.19657398760318756,0.16386722028255463,0.12256050109863281,0.18615924447431617,0.006339400388022942,0.17166863048327963,0.3804697025516459
9,pre_label_token,22,0.2223962858611462,0.2172108465883912,0.21919127873011998,0.23078673226492746,-0.02431358413556158,-0.0004304699629209541,-0.009551951184500362,-0.06295833125926342,-0.1694310552370296,-0.142164351132126,-0.1525780990072736,-0.21355071557168914,0.16172568748394647,0.19660122692584991,0.16462025046348572,0.12395558506250381,0.18249385100558635,0.006201708509154691,0.16786214301139524,0.3734177014962091
9,pre_label_token,23,0.22216596362971455,0.21720779803620668,0.219253714745786,0.23003637810715105,-0.02325276520385004,-0.0004164289307047042,-0.009839519201827462,-0.05950234747901795,-0.16821994701593365,-0.14214832086622353,-0.15290640761819474,-0.20960511256338266,0.16217923412720361,0.19661745429039001,0.16503244638442993,0.12488780170679092,0.18020122096340277,0.006119680907356373,0.16577853647241692,0.36870544551043505
9,pre_label_token,24,0.22194167599290693,0.21721152457870355,0.21923118398970917,0.22938231941030807,-0.02221974042897057,-0.0004335926530509848,-0.00973574696740842,-0.0564898816664523,-0.16704057063033892,-0.14216791622280778,-0.1527879336708795,-0.20616586199732945,0.16248421370983124,0.19663462042808533,0.16520941257476807,0.12560860812664032,0.17865958161102358,0.006032907907106755,0.1648839912024832,0.36506184572348077
9,pre_label_token,25,0.22170734993216037,0.2172067850577731,0.2193043460365103,0.22861091870219769,-0.02114048064632505,-0.00041176335112491635,-0.010072716976108786,-0.05293696161174144,-0.1658084089895664,-0.1421429943004766,-0.1531726431963225,-0.20210958947190005,0.1625510255495707,0.19663678109645844,0.1647660881280899,0.12625020742416382,0.17832185486728613,0.006021985958290621,0.16712494912819875,0.36181862951536903
9,pre_label_token,26,0.22153826320872586,0.21719759772805608,0.21901698713543036,0.2284002047626912,-0.020361700429558944,-0.00036944831607543804,-0.00874919835366983,-0.05196645461893157,-0.1649192967247329,-0.14209468437189932,-0.15166161785873444,-0.20100158794356493,0.16273881494998932,0.19664660096168518,0.16478678584098816,0.12678305804729462,0.17737259942155856,0.005972347584015991,0.16702032439091874,0.3591251262897409
9,pre_label_token,27,0.21883208384366928,0.21718218026040984,0.21907539688238575,0.22023867438821232,-0.007897570131692863,-0.00029843849016097934,-0.009018222168616585,-0.014376049736301022,-0.15068933700087914,-0.1420136143783568,-0.15196875505643415,-0.15808564156784644,0.1763329158226649,0.1966695785522461,0.16510659456253052,0.16722257435321808,0.10865586538655399,0.005856198307640281,0.16540372531856118,0.15470767253346052
9,pre_label_token,28,0.21802099372158534,0.2171595004426331,0.2197142721224232,0.21718920859969965,-0.004161848436558424,-0.00019397970684775778,-0.011960755963208891,-0.0003308096396186233,-0.14642436479737198,-0.14189435661677807,-0.15532816613305722,-0.14205057164228063,0.18603879710038504,0.1966569721698761,0.1647978276014328,0.1966615915298462,0.059593667850781684,0.005919922229698504,0.16696450946627905,0.005896571856367494
9,first_label_token,0,0.2171375167803938,0.2171423759781012,0.21711168850169463,0.21715848586138556,-9.272727912138883e-05,-0.0001151077887617813,2.623269641943704e-05,-0.0001893067450218222,-0.14177875946446536,-0.14180431068570343,-0.14164294608477168,-0.14188902162292094,0.19734419882297516,0.1973501294851303,0.19735229015350342,0.19733017683029175,0.002446064592103984,0.0024160857256982915,0.0024051637768821577,0.002516944273731503
9,first_label_token,1,0.21743002178288307,0.21716661373106372,0.21714938989206523,0.21797406172552028,-0.001439947833265176,-0.00022674211535256283,-0.00014741249800409584,-0.0039456888864388695,-0.14331684465504582,-0.141931760570551,-0.14184119209663404,-0.14617758129795244,0.19546191891034445,0.1972731500864029,0.1972699612379074,0.19184264540672302,0.011960789350080492,0.0028052083986923604,0.002821327688669273,0.030255831962879842
9,first_label_token,2,0.22075689673757684,0.21717234058540408,0.21712457512607095,0.22797377450125558,-0.016762880028908356,-0.0002531188809198337,-3.3120562791699726e-05,-0.050002400643013534,-0.1608106210184618,-0.1419618742088633,-0.14171070809205744,-0.1987592807544647,0.18286928037802377,0.1972457319498062,0.19723725318908691,0.15412485599517822,0.07561523777070023,0.0029438041629799017,0.002986663396610134,0.22091524575251065
9,first_label_token,3,0.2206159639759224,0.21717085477684725,0.21711504960260472,0.22756198754831522,-0.016113771426876533,-0.000246275538719809,1.0752126199720102e-05,-0.04810579086810951,-0.16006955132145273,-0.14195406135056055,-0.14166061983219436,-0.1965939727816033,0.18240883946418762,0.1972229778766632,0.19721092283725739,0.15279261767864227,0.07794271761738214,0.0030588235825814714,0.0031197605245970594,0.2276495687449679
9,first_label_token,4,0.22106604001769167,0.21718038831438338,0.21707235063825334,0.22894538110043822,-0.018186733219799838,-0.00029018513894230047,0.0002074151641829891,-0.0544774296846402,-0.1624361956133081,-0.14200419175097556,-0.14143609497223264,-0.20386830011671608,0.18098109463850656,0.19716261327266693,0.19714131951332092,0.14863935112953186,0.08515981585544082,0.003363960235368779,0.003471597924046388,0.2486438894069073
9,first_label_token,5,0.2216370414285099,0.21720145089285714,0.21622500539827746,0.23148466799439502,-0.020816653496556814,-0.0003871952358691644,0.0041101208069462825,-0.06617288606074756,-0.16543870430993227,-0.14211494554920212,-0.13698048172177701,-0.2172206856588177,0.17731217046578726,0.1970846801996231,0.1902572363615036,0.14459459483623505,0.10370583731965637,0.0037579036305989133,0.03826990606144809,0.2690897022669221
9,first_label_token,6,0.22178263196758197,0.21720984002121357,0.21475417193244487,0.23338388394908743,-0.021487214905960356,-0.0004258339123259791,0.010884490681064452,-0.07492030148661954,-0.1662042660956442,-0.14215905827882058,-0.12924636725414373,-0.2272073727539683,0.17148500680923462,0.1970464587211609,0.17534875869750977,0.1420598030090332,0.13316152982305915,0.003951109138967013,0.1136306749786965,0.2819028053515139
9,first_label_token,7,0.22209782533618916,0.21727485656738282,0.21445001554088433,0.23456860390030035,-0.022938933615396857,-0.0007252873459877573,0.012285375243370589,-0.0803768887435734,-0.16786165399772549,-0.14250093614741988,-0.12764701531999423,-0.23343701052576238,0.1696511705716451,0.19696873426437378,0.17318086326122284,0.13880391418933868,0.14243137695619948,0.004343998001207994,0.12458915583052421,0.29836097703686626
9,first_label_token,8,0.22217695893359787,0.2172925500308766,0.2143239413990694,0.23491438537084755,-0.02330340741257993,-0.0008067799614641658,0.012866047962652893,-0.08196949023892852,-0.16827776385299575,-0.14259397405767182,-0.1269840770153825,-0.23525524048593294,0.1684010128180186,0.19690163433551788,0.1719377189874649,0.136363685131073,0.14875079143328537,0.0046831810047877065,0.13087311791283218,0.3106960753822362
9,first_label_token,9,0.22211758429262818,0.2172814024596655,0.21505381960828765,0.2340175308099314,-0.02302993948543845,-0.0007554364393480562,0.009504372377236114,-0.0778387543942034,-0.16796555293286008,-0.14253535655012572,-0.13082201091385381,-0.23053929133460072,0.16702153782049814,0.19684743881225586,0.17009782791137695,0.13411934673786163,0.15572389082399876,0.0049571336106102315,0.14017357161058597,0.3220409672508001
9,first_label_token,10,0.21832242693219864,0.21728996469193146,0.2146670205252511,0.2230102955794134,-0.0055501905626207755,-0.0007948723983910444,0.011285892934341457,-0.02714159222381274,-0.1480093973720217,-0.14258037951566283,-0.12878809718148787,-0.17265971541891445,0.17836005489031473,0.1968206763267517,0.16924138367176056,0.16901810467243195,0.09840889300725868,0.005092415128360339,0.14450280614994604,0.14563145774346964
9,first_label_token,11,0.22194965907505582,0.21728268951928917,0.21507397659686434,0.23349231110901392,-0.0222565089363973,-0.0007613643830230998,0.009411533249395365,-0.07541969567556417,-0.16708254823866656,-0.14254212432274382,-0.1309280028297275,-0.22777751756352838,0.16620990633964539,0.1968151479959488,0.168843612074852,0.13297095894813538,0.15982660163411935,0.0051203602525726755,0.1465134992651035,0.3278459453846819
9,first_label_token,12,0.22157163272718758,0.2172733899925937,0.2151750452378217,0.23226646295114725,-0.02051539387333201,-0.0007185325907415052,0.008946030952619699,-0.06977367998187423,-0.16509476436366524,-0.1424932244264414,-0.13145945418462968,-0.22133161447992467,0.16730267802874246,0.1968703269958496,0.17017796635627747,0.13485974073410034,0.15430275697355758,0.004841436276944111,0.13976848029518485,0.3182983543485438
9,first_label_token,13,0.2185175636569325,0.2172661869465804,0.21585072749803047,0.22243577652618665,-0.006448951965648024,-0.000685356776451318,0.005833971256967274,-0.024495470377460027,-0.14903548890514876,-0.1424553484984885,-0.13501240838753503,-0.16963870982942275,0.1789252112309138,0.19686780869960785,0.1697925478219986,0.17011527717113495,0.09555208781588316,0.004854165996598825,0.14171672999262808,0.1400853674584226
9,first_label_token,14,0.2186474054801364,0.2172512439118714,0.2167446024277631,0.2219463701007747,-0.007046977884928474,-0.0006165320954032438,0.0017169590078731645,-0.02224136056725534,-0.1497182388878442,-0.14237677322561226,-0.13971268968171024,-0.16706525375621006,0.17923499643802643,0.19687697291374207,0.1701110452413559,0.17071697115898132,0.09398615654286124,0.004807841868861407,0.14010675941334527,0.13704386834637705
9,first_label_token,15,0.21859919497278893,0.21723806557535125,0.21698260908367253,0.221576910259343,-0.006824929763113552,-0.0005558352673891154,0.0006207471272714482,-0.02053970114922299,-0.14946473256572843,-0.14230747730224125,-0.14096420507323693,-0.16512251532170708,0.17938114205996195,0.19689027965068817,0.1704740971326828,0.1707790493965149,0.09324740596810936,0.004740577728911011,0.13827157071709528,0.13673006945832178
9,first_label_token,16,0.21873907308284643,0.21723141229453208,0.21722537449428014,0.22176043245972704,-0.007469180847165191,-0.0005251915635351434,-0.0004973826422107752,-0.021384968335749654,-0.15020025656612127,-0.14227249221614136,-0.1422407435244193,-0.16608753395780318,0.1795627474784851,0.19689778983592987,0.17069096863269806,0.1710994839668274,0.09232940989313132,0.0047026145413018305,0.13717530835109526,0.13511030678699687
9,first_label_token,17,0.21882354405079904,0.21721903536500048,0.21783761737727317,0.22141397941012342,-0.007858237524096165,-0.000468185858606196,-0.0033172530344331985,-0.019789273679249098,-0.15064443202888675,-0.1422074103479496,-0.1454601131193185,-0.16426577261939213,0.17997601131598154,0.19692249596118927,0.1712484508752823,0.17175708711147308,0.09024040514956581,0.00457772770587328,0.1343572949089633,0.13178619283386084
9,first_label_token,18,0.21896977304410534,0.21721341109075465,0.21844725729036732,0.22124865075119404,-0.008531739528224206,-0.00044228155679371106,-0.006125134658874654,-0.019027802369004254,-0.1514133510118918,-0.14217783610870027,-0.14866579546299508,-0.16339642146398003,0.1800000717242559,0.19692274928092957,0.17125503718852997,0.1718224287033081,0.09011878234481785,0.004576447201529277,0.13432400179602033,0.13145589803690394
9,first_label_token,19,0.21800576271463176,0.21720359706077255,0.21852356566100561,0.2182901254221171,-0.004091697411948481,-0.00039708006349159497,-0.006476596016807834,-0.005401416155546013,-0.14634427527400126,-0.14212623078897257,-0.14906704936907267,-0.14783954566395852,0.1859411100546519,0.19695565104484558,0.17199893295764923,0.18886874616146088,0.060087465476912426,0.0044101322843843604,0.13056368780430339,0.045288576342049525
9,first_label_token,20,0.21898093931481286,0.21720231961803277,0.21883807462804458,0.2209024236983612,-0.008583169176545743,-0.0003911964132936596,-0.007925162507129713,-0.017433148609213855,-0.15147206684739234,-0.14211951358501662,-0.15072083846803075,-0.16157584848912965,0.18061012029647827,0.1969517320394516,0.17213715612888336,0.17274147272109985,0.08703505169734993,0.004429942439823309,0.12986498437521066,0.12681022827701582
9,first_label_token,21,0.21925697166378758,0.21720143165908942,0.2192751619996143,0.22129432133265903,-0.009854519926046098,-0.00038710664891516977,-0.00993830103783555,-0.019238152091387573,-0.1529235335384441,-0.14211484441187783,-0.15301918416290738,-0.16363657204054705,0.18031995991865793,0.19693271815776825,0.17176374793052673,0.17226341366767883,0.0885017815456074,0.00452605558940522,0.13175252310199315,0.12922676594542382
9,first_label_token,22,0.2192268408981024,0.21719383432083772,0.2194462784198152,0.22104040995365432,-0.009715743541034882,-0.00035211480206687185,-0.010726429639002388,-0.018068686182035387,-0.15276509630117693,-0.14207489516877647,-0.1539189692248255,-0.1623014245099288,0.18063920736312866,0.19694994390010834,0.1722428947687149,0.17272478342056274,0.08688801966914932,0.004438981294015876,0.12933048679728465,0.1268945909161474
9,first_label_token,23,0.21916089311701245,0.21718697748264346,0.2194279742841961,0.22086772758419773,-0.009412001022348035,-0.0003205335529492537,-0.01064212438773482,-0.01727334512636003,-0.15241832170045924,-0.14203883971266107,-0.1538227202045266,-0.1613934051841901,0.18097887933254242,0.19696898758411407,0.17276209592819214,0.17320555448532104,0.08517101399146838,0.004342717496864101,0.12670598015866052,0.12446434431888054
9,first_label_token,24,0.2191639833423604,0.21718410684281036,0.21954962145380613,0.22075822173046464,-0.009426233992964791,-0.0003073119500578425,-0.011202407343093856,-0.016768982685742673,-0.15243457109723133,-0.14202374496700831,-0.15446238006832713,-0.1608175882563585,0.18122646709283194,0.19698327779769897,0.17318402230739594,0.17351210117340088,0.08391948419678119,0.004270481987107777,0.12457318718811716,0.12291478341511863
9,first_label_token,25,0.21923360156745805,0.21717532342221557,0.2199038305202452,0.22062165075991333,-0.009746881855382231,-0.00026685724104336117,-0.012833824688813777,-0.016139963636289556,-0.15280064607067087,-0.1419775589222414,-0.15632492503276496,-0.16009945425700622,0.18111089368661246,0.19698892533779144,0.17292562127113342,0.17341813445091248,0.08450369547276686,0.004241934272615877,0.12587937694274165,0.12338977520294303
9,first_label_token,26,0.21928049990442955,0.21716952283843224,0.2201046871537922,0.2205672897210642,-0.00996288637833224,-0.00024014089215218526,-0.013758930867674879,-0.015889587375169656,-0.15304725257977272,-0.14194705759085235,-0.15738109368239273,-0.15981360646607312,0.18112222850322723,0.19699272513389587,0.17293356359004974,0.17344039678573608,0.08444639918035672,0.004222726707456492,0.1258392293653693,0.12327724146824437
9,first_label_token,27,0.21927769070579894,0.2171663893371069,0.22032032974627838,0.22034635303401146,-0.009949947761543973,-0.0002257086008887743,-0.014752138267459136,-0.014871996416284006,-0.15303248091168364,-0.14193058063510078,-0.1585150116500813,-0.15865185044986885,0.18121335407098135,0.1970018744468689,0.17302173376083374,0.1736164540052414,0.08398576912752735,0.004176477903504061,0.1253935385298861,0.12238729094919187
9,first_label_token,28,0.21926348923969,0.21716520165194983,0.22032180112950941,0.2203034649376108,-0.009884538599724232,-0.00022023835647622114,-0.01475891516944361,-0.014674462273252864,-0.15295780504453357,-0.1419243354053248,-0.15852274865539084,-0.15842633107288506,0.1813115527232488,0.1970033049583435,0.1732051819562912,0.1737261712551117,0.08348938538478039,0.004169246820149963,0.124466227413504,0.12183268192068719
9,last_label_token,0,0.21714087307286198,0.21714785760190305,0.2171102940535345,0.2171644675631483,-0.00010818570260247758,-0.00014035507066489927,3.2655250587820817e-05,-0.0002168572877303543,-0.14179640792755688,-0.14183313482313098,-0.14163561362875932,-0.14192047533078034,0.19730191429456076,0.19730737805366516,0.1973084807395935,0.19728988409042358,0.0026598083858321298,0.002632189664687923,0.0026266157046024308,0.0027206197882060357
9,last_label_token,1,0.2184159078517882,0.21718009820505352,0.21737522638144613,0.2206923989688649,-0.005980745306025215,-0.00028884895238534547,-0.0011875709834330284,-0.01646581598225727,-0.14850095005248506,-0.14200266626300073,-0.14302871284620555,-0.16047147104824888,0.18903379638989767,0.19718821346759796,0.19149835407733917,0.17841482162475586,0.04445426499213856,0.003234553972843779,0.03199618801389181,0.09813205298968009
9,last_label_token,2,0.21862828390938893,0.2171836901111763,0.21713282641242532,0.22156833520456523,-0.006958907688113876,-0.0003053925660534418,-7.112436607759065e-05,-0.020500206132210597,-0.14961769153126228,-0.14202155365831493,-0.14175409600418498,-0.16507742493128696,0.18987602492173514,0.1971518099308014,0.19563975930213928,0.1768365055322647,0.04019688934361021,0.0034185699794494484,0.011061825084763721,0.10611027296661746
9,last_label_token,3,0.21850999356651837,0.21717610399262244,0.217052660068544,0.22130121663838875,-0.0064140856169844955,-0.0002704523949283999,0.00029810605838809234,-0.01926991051441318,-0.1489956829399235,-0.14198166341198615,-0.1413325556364733,-0.16367282977131103,0.1883990466594696,0.19715330004692078,0.19109191000461578,0.17695192992687225,0.04766285736710677,0.0034110376009555132,0.03405071957188366,0.10552681492848115
9,last_label_token,4,0.21847574730881122,0.21717208413516773,0.21661407887434758,0.22164107891691834,-0.006256354084556011,-0.0002519377215326468,0.0023181248425250267,-0.020835249374660414,-0.14881560512462477,-0.141960525711206,-0.13902635494274196,-0.16545993471992637,0.1879866768916448,0.19712843000888824,0.19075122475624084,0.1760803759098053,0.04974734268357606,0.0035367529980184775,0.03577284726694052,0.10993242778576917
9,last_label_token,5,0.21860209980598685,0.21719613756452288,0.21616964260069263,0.22244051925274505,-0.006838308853923262,-0.0003627230898139988,0.004365110971922825,-0.024517314443878613,-0.1494800071110689,-0.14208700636336236,-0.13668936636186957,-0.16966364860797478,0.18707950909932455,0.19705381989479065,0.18989990651607513,0.17428480088710785,0.05433297938686791,0.003913899189207259,0.040076170424281576,0.1190088685471149
9,last_label_token,6,0.21824809589973684,0.21719910757882255,0.21454484282421465,0.22300033729617336,-0.00520783643571332,-0.0003764023919679005,0.011848619413183048,-0.027095726328355108,-0.14761854094475693,-0.14210262365185744,-0.12814564761315883,-0.17260735156925455,0.18143430352210999,0.1970151960849762,0.17412535846233368,0.17316235601902008,0.08286889315238248,0.004109138439768678,0.11981483304596052,0.12468270797141823
9,last_label_token,7,0.2182302998561485,0.21724551545471704,0.2141037580345859,0.2233416260791426,-0.005125871356481866,-0.0005901479475898253,0.01388016926583846,-0.028667635387694235,-0.1475249636354418,-0.14234665115918932,-0.12582628221104675,-0.17440195753608934,0.1798800230026245,0.19692692160606384,0.17183268070220947,0.17088046669960022,0.0907256158642135,0.004555356541746436,0.13140407527286602,0.13621741577802804
9,last_label_token,8,0.22194115294127906,0.21725237549853926,0.21366876554088432,0.23490231778441356,-0.02221733135597026,-0.0006217439611997388,0.015883659200799483,-0.08191390930751052,-0.16703782025699185,-0.14238272347152559,-0.12353895205640919,-0.23519178524304074,0.16719916462898254,0.19685721397399902,0.17052540183067322,0.1342148780822754,0.15482600619959944,0.004907721207690341,0.13801223092555082,0.3215580664655572
9,last_label_token,9,0.22185743957006632,0.21724343179654673,0.21444238294072512,0.23388650397292707,-0.021831764020729172,-0.0005805510275680437,0.012320529499634802,-0.07723527053425427,-0.1665976284810559,-0.14233569461572282,-0.12760688065846493,-0.22985031016897994,0.1655620982249578,0.1967959851026535,0.1684538722038269,0.13143643736839294,0.16310120275262233,0.0052172266400040135,0.14848359286017898,0.335602788757684
9,last_label_token,10,0.21818267170454608,0.21724928046474937,0.2142701878267176,0.22302854682217124,-0.0049065054507755335,-0.0006074888438443171,0.013113626352474261,-0.027225653860956545,-0.1472745195267565,-0.14236644879042237,-0.1267014234782755,-0.17275568631157157,0.1773939182360967,0.19676512479782104,0.16769735515117645,0.1677192747592926,0.10329261103548186,0.00537322219861236,0.15230770609773914,0.15219690481009407
9,last_label_token,11,0.22167654919023275,0.2172410420009068,0.21497288070806936,0.23281572486172203,-0.020998618482414393,-0.0005695440985276079,0.009877161044355987,-0.07230347239307156,-0.16564644880216917,-0.14232312830317762,-0.1303964081969491,-0.2242198099063808,0.1647049884001414,0.19675765931606293,0.16715659201145172,0.13020071387290955,0.16743380175437636,0.0054109594148668005,0.15504120625316975,0.3418492395950925
9,last_label_token,12,0.22152103028711487,0.21724066694243616,0.21508110431062075,0.23224131960828764,-0.02028232897948205,-0.0005678166529239359,0.009378704400674898,-0.06965787468619711,-0.1648286804915239,-0.14232115612535368,-0.13096548263649366,-0.22119940271272442,0.16526706020037332,0.19678895175457,0.16793739795684814,0.13107483088970184,0.16459258858648315,0.005252779466495161,0.15109431524615924,0.337430671046795
9,last_label_token,13,0.22180540581711203,0.2172386345743131,0.21561416978595638,0.2325634130910665,-0.021592106781048837,-0.0005584559647795473,0.006923509587030918,-0.07114137396539788,-0.16632401830636398,-0.14231046928141855,-0.13376851200777273,-0.22289307362990063,0.16521760324637094,0.19679424166679382,0.16785050928592682,0.1310080587863922,0.16484258822869516,0.005226039522841952,0.15153352823613764,0.3377681969271059
9,last_label_token,14,0.21857377861728186,0.21722732832451827,0.21623044374610195,0.2222635637812254,-0.006707867024838536,-0.0005063816002925936,0.004085072845689597,-0.02370229231991261,-0.14933108521039692,-0.1422510173909468,-0.13700907830022468,-0.16873315994001925,0.1777757704257965,0.19680006802082062,0.16788838803768158,0.16863885521888733,0.10136238883056736,0.005196587922930762,0.15134205517482313,0.1475485233939482
9,last_label_token,15,0.221565403657801,0.21721788294175093,0.21653569806523684,0.23094262996641526,-0.020486704003964646,-0.0004628780236097807,0.0026791314447566217,-0.06367636543304078,-0.16506200991744038,-0.14220135053660177,-0.13861420348997022,-0.2143704757257492,0.16519868870576224,0.19680336117744446,0.16793842613697052,0.1308542788028717,0.16493819921971084,0.005179941366459273,0.15108911790499846,0.33854553838767476
9,last_label_token,16,0.2218098947647907,0.217211072585162,0.21674044793393432,0.23147816377527575,-0.021612781991823777,-0.00043151085963111235,0.0017360937899473239,-0.06614292890578755,-0.16634762263410927,-0.14216553949568667,-0.1396908440196598,-0.2171864843869813,0.1651454915603002,0.19679787755012512,0.16783317923545837,0.13080541789531708,0.16520710513194256,0.00520766051931687,0.15162112979802156,0.3387925250784892
9,last_label_token,17,0.22199274057767637,0.21720237571652196,0.21733334966066506,0.23144249635584213,-0.022454933870466487,-0.00039145479190971777,-0.0009946950377353048,-0.06597865178175444,-0.1673090846076338,-0.14211980856887907,-0.14280851160685826,-0.21699893364716405,0.1651896039644877,0.19680814445018768,0.16781426966190338,0.13094639778137207,0.16498412162059525,0.00515576243149396,0.1517167156811089,0.3380798867491829
9,last_label_token,18,0.21902166895505762,0.2171935057439724,0.2179161552621537,0.22195534585904675,-0.008770761894733988,-0.00035060144160192763,-0.003678983096789601,-0.022282701145810435,-0.15168623636909281,-0.14207316740615283,-0.14587309052690545,-0.16711245117422013,0.17760108908017477,0.1967965066432953,0.16757440567016602,0.168432354927063,0.10224538445347713,0.005214590307531242,0.1529292026472695,0.14859236040563062
9,last_label_token,19,0.21901383974305053,0.2171901238064806,0.21805036528771665,0.22180103013495436,-0.008734702082939583,-0.0003350249021820684,-0.004297128097633607,-0.021571953249003073,-0.15164506785935958,-0.14205538409329543,-0.14657880991969918,-0.1663010095650841,0.1777524302403132,0.1968015730381012,0.16769789159297943,0.168757826089859,0.10148037098570988,0.005188980220651951,0.15230499444148127,0.1469471382949964
9,last_label_token,20,0.22209260603960823,0.21719175386829537,0.21811608546922187,0.23096997878130746,-0.02291489456111691,-0.00034253264653760773,-0.004599822337364223,-0.06380232869944891,-0.16783420926102668,-0.1420639554815306,-0.14692438772874583,-0.21451428457280364,0.16472666958967844,0.19678577780723572,0.1673232913017273,0.13007093966007233,0.1673242056472903,0.0052688234326871974,0.15419855907105884,0.34250523443812486
9,last_label_token,21,0.22267803063913552,0.217192269974396,0.21840741934896518,0.23243440259404544,-0.025611245210413875,-0.00034490972980449897,-0.0059416489303061315,-0.070547176971131,-0.17091255971340055,-0.1420666693330661,-0.1484563147800242,-0.22221469502711133,0.16394017140070596,0.19674843549728394,0.16648168861865997,0.128590390086174,0.1712998703401474,0.005457584837743945,0.15845277112061984,0.34998925506207845
9,last_label_token,22,0.2225858517387668,0.21718615043063125,0.21854883562616942,0.23202256915949973,-0.025186687311648637,-0.0003167243139252651,-0.00659298450993262,-0.06865035311108802,-0.17042785346791897,-0.1420344908077158,-0.14919992695699147,-0.22004914263904962,0.16392314434051514,0.19674669206142426,0.16647420823574066,0.1285485327243805,0.17138594031840418,0.005466397720581773,0.15849058366065916,0.35020083957397163
9,last_label_token,23,0.2245567471373315,0.21718422545104468,0.2243250854876863,0.23216093047326353,-0.034264244168513404,-0.00030785823627454967,-0.033197256139751996,-0.06928761812951367,-0.1807914540864309,-0.14202436864717471,-0.17957330277444505,-0.22077669083767293,0.15088858207066855,0.19674858450889587,0.12713494896888733,0.1287822127342224,0.23727426622895517,0.005456831599894518,0.3573463551084102,0.3490196119785608
9,last_label_token,24,0.22450725918724423,0.21718265469334708,0.22434777011390494,0.2319913527544807,-0.03403631239650062,-0.0003006236350273639,-0.03330173706980366,-0.06850657648467084,-0.18053123056035916,-0.14201610909902307,-0.17969258582035486,-0.2198849967616996,0.15092648565769196,0.19674478471279144,0.12722717225551605,0.12880750000476837,0.237082667627999,0.005476039165053903,0.3568801762034236,0.3488917875155195
9,last_label_token,25,0.2248057245206432,0.21717869253719554,0.2255298486276835,0.2317086323970506,-0.03541098506340382,-0.0002823747224938167,-0.03874615838506834,-0.06720442208264932,-0.18210065708399426,-0.1419952748102158,-0.18590833406627705,-0.21839836237548993,0.1508440226316452,0.19674527645111084,0.12702539563179016,0.1287613958120346,0.2374995094538506,0.005473553480150994,0.35790013557528055,0.34912483930612026
9,last_label_token,26,0.22493512343291808,0.2171708595852892,0.22590118215865448,0.2317333285548106,-0.03600697102199257,-0.0002462976854584742,-0.04045644764887424,-0.067318167731645,-0.18278107809886057,-0.14195408663489184,-0.18786092496178974,-0.21852822269990013,0.1507615198691686,0.19674311578273773,0.1269254982471466,0.12861594557762146,0.2379165521431286,0.005484475428967017,0.3584051062295105,0.3498600747709083
9,last_label_token,27,0.2249373780579126,0.21716997162634585,0.22662036158457524,0.23102180096281677,-0.03601735538160581,-0.00024220792107998435,-0.04376884674110282,-0.06404101148263464,-0.18279293364076551,-0.14194941746175305,-0.19164260122361543,-0.21478678223692804,0.1509580761194229,0.19675089418888092,0.1271183043718338,0.12900502979755402,0.23692298120392866,0.005445156413228958,0.3574304917761868,0.34789329542237024
9,last_label_token,28,0.22522444684966272,0.217174239919967,0.2273160822251264,0.23118301840389477,-0.03733953781748781,-0.0002618668426319637,-0.046973199278379285,-0.0647835473314522,-0.18430243349037867,-0.1419718615196388,-0.19530092366222784,-0.21563451528926936,0.1508773366610209,0.19674356281757355,0.1268707811832428,0.1290176659822464,0.23733111057865564,0.005482215715418959,0.3586816951678059,0.34782942085274204
10,pre_label_token,0,0.2171173635317164,0.21711736246317376,0.2171173656688017,0.21711736246317376,9.462347827504658e-08,9.954497570685561e-08,8.478048341142852e-08,9.954497570685561e-08,-0.1416727872141824,-0.14167278159544217,-0.1416727984516628,-0.14167278159544217,0.19782808919747671,0.19782809913158417,0.19782806932926178,0.19782809913158417,5.021585662105347e-08,0.0,1.506475698631604e-07,0.0
10,pre_label_token,1,0.22029738332711016,0.21736829901943688,0.21740201260863232,0.22612183835326122,-0.014646451570532903,-0.0011556649154838006,-0.0013109430814348677,-0.04147274671468004,-0.15839435201281304,-0.14299228655323426,-0.14316956342652376,-0.1890212060586811,0.18576212227344513,0.19642826914787292,0.1964593380689621,0.16439875960350037,0.06099222967366946,0.007075991680939864,0.0069189415893423645,0.16898175575072616
10,pre_label_token,2,0.2186602669937604,0.21753745519814371,0.21749802757711972,0.22094531820601776,-0.00710621548894963,-0.0019347650295840069,-0.0017531691560350726,-0.01763071228122981,-0.14978586885473422,-0.14388176403618336,-0.14367444094946435,-0.16180140157855494,0.19190033276875815,0.1962709277868271,0.19623862206935883,0.1831914484500885,0.02996422848345326,0.007871335526109191,0.008034637491856511,0.07398671243239408
10,pre_label_token,3,0.21866398712500137,0.21752971360663406,0.21746403349547827,0.22099821427289176,-0.007123349682311393,-0.0018991087805804163,-0.0015965990970039368,-0.017874341169349828,-0.14980543049887726,-0.1438410562631498,-0.14349568915686217,-0.16207954607661978,0.19206509490807852,0.19626887142658234,0.196259543299675,0.1836668699979782,0.02913137339338449,0.007881730208430748,0.00792888289780247,0.07158350707392025
10,pre_label_token,4,0.21865418378044577,0.21748056331602464,0.21730140237247242,0.22118058565284024,-0.007078197403983595,-0.0016727322017606738,-0.000847552107064109,-0.018714307903126004,-0.149753881366552,-0.1435826082589935,-0.1426405225111842,-0.16303851332947827,0.19220643242200217,0.19637534022331238,0.19629068672657013,0.18395327031612396,0.028416927293239563,0.007343541765042705,0.007771456187280257,0.07013578392739572
10,pre_label_token,5,0.21880492790072573,0.217366747495507,0.2171317461158047,0.22191629009086544,-0.00777249519557414,-0.0011485189011908314,-6.614873215871064e-05,-0.022102817953372877,-0.15054654233643805,-0.1429841281424069,-0.14174841545780303,-0.1669070834091042,0.1902246574560801,0.19626641273498535,0.19240118563175201,0.182006374001503,0.03843458896325269,0.007894158632945625,0.02743247053201714,0.07997713772479531
10,pre_label_token,6,0.21864333219554913,0.21732160584265445,0.21694510483942112,0.2216632859045718,-0.007028217136660427,-0.000940605320043808,0.0007934843054159257,-0.0209375303953534,-0.14969682025005207,-0.1427467588422584,-0.14076699571894857,-0.16557670618894926,0.19038169085979462,0.19627882540225983,0.19242742657661438,0.18243882060050964,0.03764080180963888,0.007831413920091568,0.027299825346739914,0.07779116616208515
10,pre_label_token,7,0.21867625025474058,0.21727168780415,0.2166392703016265,0.22211779265844522,-0.007179831247762151,-0.0007106926453084306,0.002202098079462589,-0.02303089917744061,-0.1498699139712333,-0.14248427377324013,-0.13915881955325315,-0.16796664858720667,0.19014587004979452,0.19623315334320068,0.19224272668361664,0.18196173012256622,0.03883285092215268,0.008062281320929121,0.028233463661056835,0.08020280778447209
10,pre_label_token,8,0.21839117589784937,0.21723019896435136,0.21665254160135733,0.22129078712783942,-0.005866834786864968,-0.0005196032031840048,0.0021409730811705607,-0.01922187423858146,-0.14837090150027676,-0.14226611213659957,-0.139228604307025,-0.16361798805720573,0.19015141328175864,0.19621975719928741,0.19216544926166534,0.18206903338432312,0.03880483047415543,0.008129997403589106,0.028624092809749646,0.07966040120912754
10,pre_label_token,9,0.22091097577947194,0.21730908305705093,0.216294493795443,0.2291293504859219,-0.017472537814030947,-0.0008829278307131982,0.0037900709064686566,-0.055324756517848295,-0.16162081807663461,-0.142680910016024,-0.13734587401827758,-0.20483567019560223,0.1771945059299469,0.1961030811071396,0.18045783042907715,0.15502260625362396,0.10430061903346177,0.008719782639660223,0.08780486077942495,0.21637721368130014
10,pre_label_token,10,0.2200316442494967,0.2173767378350266,0.2154138757401154,0.22730431917334806,-0.01342250960593975,-0.0011945324415718606,0.007846024597486179,-0.04691902097373357,-0.15699701064648627,-0.1430366605542741,-0.132715301624881,-0.1952390697603037,0.17669137318929037,0.19606217741966248,0.18007047474384308,0.15394146740436554,0.10684390152399352,0.00892654642931745,0.08976290256891017,0.22184225557375292
10,pre_label_token,11,0.219904125438017,0.21739394244025737,0.21581750757553997,0.22650092629825366,-0.012835183022109028,-0.001273773471966333,0.005986975691097962,-0.04321875128545871,-0.156326475805071,-0.1431271278908668,-0.1348377273722361,-0.19101457215211015,0.1765026350816091,0.1960456371307373,0.17982809245586395,0.153634175658226,0.10779795258402887,0.009010155830599498,0.09098811925472539,0.22339558266676174
10,pre_label_token,12,0.22535279698732522,0.2174055644444057,0.21597779217888327,0.24267503433868665,-0.03793069332633222,-0.0013273021389490491,0.005248736309551694,-0.1177135141495993,-0.18497733971169997,-0.14318824011907916,-0.13568055526434852,-0.27606322375167225,0.16359511017799377,0.19611622393131256,0.18076415359973907,0.11390495300292969,0.17304411812004786,0.008653347061344241,0.08625642973243708,0.4242225775663623
10,pre_label_token,13,0.2200592805023621,0.21741881330474083,0.21638810935140657,0.22637091885093882,-0.013549796755160881,-0.0013883237857945652,0.003358896054386107,-0.042619962534074185,-0.15714233093466481,-0.14325790687930584,-0.13783813466001082,-0.1903309512646778,0.17732974390188852,0.19612513482570648,0.1808810532093048,0.1549830436706543,0.10361700546928516,0.008608303437950826,0.08566551463959193,0.21657719833031275
10,pre_label_token,14,0.21986428001681632,0.2173486180666114,0.21679967511601808,0.2254445468678194,-0.012651662843058223,-0.0010650183147558057,0.0014633050294535765,-0.03835327524387244,-0.15611695579091842,-0.14288879778613706,-0.14000227955364264,-0.18545979003297552,0.17883463700612387,0.19627982378005981,0.18213561177253723,0.15808847546577454,0.09600993088866978,0.007826367226500652,0.07932385453802082,0.2008795709014879
10,pre_label_token,15,0.2235638145639115,0.21733337049724674,0.21708626306357504,0.23627181013091272,-0.029690991880839013,-0.000994791006935447,0.00014333726742266073,-0.08822152190300425,-0.17557029590648385,-0.14280862117229276,-0.1415092509701481,-0.24239301557701065,0.16480150322119394,0.1962956190109253,0.18231211602687836,0.1157967746257782,0.16694592959932744,0.007746524014465517,0.07843164430542016,0.4146596204780967
10,pre_label_token,16,0.22416601902296562,0.21733038124917936,0.2180300111530208,0.23713766466669675,-0.032464627265295386,-0.0009810231178275508,-0.004203380953513802,-0.0922094777245448,-0.17873688024620527,-0.14279290274647338,-0.14647178134625127,-0.24694595664589114,0.1563103049993515,0.19627982378005981,0.15758579969406128,0.11506529152393341,0.209868033482025,0.007826367226500652,0.20342054346261484,0.41835718975695957
10,pre_label_token,17,0.22327787735882929,0.2172837105117926,0.21866925664308692,0.2338806649216083,-0.028374021310753356,-0.0007660668738336263,-0.007147620046971337,-0.07720837701145511,-0.17406674630278407,-0.14254749302904246,-0.14983313931636721,-0.22981960656294254,0.15927166491746902,0.19646844267845154,0.16096201539039612,0.12038453668355942,0.19489867406788133,0.006872918756744784,0.1863541322138813,0.39146897123301794
10,pre_label_token,18,0.22325318921513918,0.21725854312672335,0.21868057250976564,0.23382045200892856,-0.028260312572988482,-0.0006501508444638482,-0.007199738704935399,-0.0769310481695662,-0.17393692811892572,-0.14241515484018685,-0.14989264177550132,-0.22950298774108902,0.1590697020292282,0.19646039605140686,0.1609841287136078,0.11976458132266998,0.19591957498704995,0.006913593600611723,0.18624235171703207,0.3946027796435061
10,pre_label_token,19,0.22369675783216122,0.2172517840601817,0.21921731964880678,0.2346211697874951,-0.030303302446459474,-0.0006190199123627949,-0.009671890538033079,-0.08061899688898255,-0.17626935428272375,-0.14237961349880313,-0.15271503051627477,-0.23371341883309338,0.15940603613853455,0.19648875296115875,0.1615455150604248,0.12018384039402008,0.1942194418371953,0.006770252437873103,0.18340460344324605,0.39248346963046676
10,pre_label_token,20,0.22314481868797323,0.21724132569898078,0.21884249518899357,0.23335063517594537,-0.027761179223408632,-0.000570850756099972,-0.007945522742067945,-0.07476716417205798,-0.17336708110259824,-0.14232462007871138,-0.15074408319640042,-0.22703254003268292,0.16026068478822708,0.19653822481632233,0.16299717128276825,0.12124665826559067,0.1898992838139204,0.006520177471876165,0.17606663563828884,0.3871110383315962
10,pre_label_token,21,0.22289333557214389,0.2172218963879497,0.21904863149178128,0.23240947883670068,-0.026602897417004872,-0.0004813631680207209,-0.008894946039814666,-0.07043238304317923,-0.1720447021591737,-0.14222245452494042,-0.15182801404155044,-0.22208363791103025,0.1608408788839976,0.1965671181678772,0.16358256340026855,0.12237295508384705,0.1869664643695775,0.006374124652879787,0.17310754074696644,0.38141772770888627
10,pre_label_token,22,0.2223542232139438,0.21720869240640592,0.2191781853427406,0.2306757918926848,-0.024119851849308132,-0.0004205482240677849,-0.009491645615533173,-0.062447361708323434,-0.16920987633688048,-0.1421530237518036,-0.15250924977375147,-0.21296735548508638,0.16158745934565863,0.19659434258937836,0.16438768804073334,0.12378034740686417,0.18319257954260737,0.006236508097796523,0.1690377213229357,0.3743035092070899
10,pre_label_token,23,0.22215310532171853,0.21720580092999114,0.21927405605797007,0.2299794589771944,-0.023193542364321324,-0.00040723065197623143,-0.009933207287977863,-0.05924018915300988,-0.16815233390526427,-0.14213781944071613,-0.15301336876675986,-0.20930581350831678,0.16202349215745926,0.196608766913414,0.16480302810668945,0.12465868145227432,0.18098848005565524,0.0061635946739756475,0.16693822146533532,0.3698636240276547
10,pre_label_token,24,0.22194089809385667,0.2172095579259536,0.2192780951491925,0.22933504120642398,-0.022216157578829183,-0.0004245346369999847,-0.009951810548327611,-0.056272127551159956,-0.1670364801874448,-0.14215757493139747,-0.15303460760486431,-0.20591725802607264,0.16232901811599731,0.19662560522556305,0.16499054431915283,0.12537090480327606,0.17944407883116165,0.006078478796994746,0.16599034695566495,0.36626341074082525
10,pre_label_token,25,0.22170501944063759,0.2172048632838145,0.2194091251918248,0.22850106984627347,-0.02112974686039304,-0.0004029120379662743,-0.010555309172769256,-0.05243101937044359,-0.1657961545171045,-0.14213288899615617,-0.15372360562670573,-0.2015319689284516,0.16236248115698496,0.19662608206272125,0.16448213160037994,0.1259792298078537,0.17927492671811732,0.006076068435876714,0.1685603191739934,0.3631883925444819
10,pre_label_token,26,0.21904178533901353,0.21719521274085807,0.2191266292283515,0.22080351404783105,-0.008863414005671736,-0.00035846353377366746,-0.00925418828521174,-0.0169775901980298,-0.15179201477283746,-0.14208214334368519,-0.15223815117594652,-0.1610557497988807,0.17584231992562613,0.19663523137569427,0.16447626054286957,0.16641546785831451,0.11113577546602386,0.0060298196319242825,0.1685899967452592,0.1587875100208881
10,pre_label_token,27,0.21888843344039277,0.21717892494522223,0.21923117757845326,0.2202551977975028,-0.008157105299561781,-0.0002834451481885658,-0.009735717438423608,-0.014452153312073168,-0.1509856412673974,-0.14199649688621774,-0.152787899958438,-0.15817252695753647,0.17615548272927603,0.19665731489658356,0.1647522747516632,0.1670568585395813,0.10955277080174912,0.0059181897826449115,0.16719477427683704,0.1555453483457654
10,pre_label_token,28,0.21806196645528328,0.2171569199121299,0.21983670947932396,0.217192269974396,-0.004350560795415959,-0.00018209429051330162,-0.012524678365930075,-0.00034490972980449897,-0.14663981258247705,-0.14188078735910037,-0.15597198105526466,-0.1420666693330661,0.18591085573037466,0.19664327800273895,0.16443508863449097,0.19665420055389404,0.06024039786826659,0.005989144788057343,0.16879811636304531,0.0059339324536971105
10,first_label_token,0,0.21713641564719147,0.2171395005298262,0.21711503197165097,0.21715471444009732,-8.765567600218145e-05,-0.00010186403913170494,1.0833330907678018e-05,-0.00017193631978251744,-0.14177296935264874,-0.1417891906557196,-0.14166052712298027,-0.14186919027924638,0.19735447069009146,0.19736380875110626,0.19736088812351227,0.19733871519565582,0.002394141396352819,0.0023469384911244395,0.0023617019529724725,0.002473783744961544
10,first_label_token,1,0.2180351471032749,0.21716523531104337,0.2171545413361878,0.21978566466259356,-0.004227036130992993,-0.00022039338364598926,-0.0001711390371961219,-0.012289575972136868,-0.1464987878212114,-0.1419245123956423,-0.14186828004332774,-0.15570357102466414,0.19191349546114603,0.1972833126783371,0.19727349281311035,0.18118368089199066,0.029897692473423925,0.0027538375773641377,0.0028034759516387675,0.08413576389126887
10,first_label_token,2,0.22071055991976865,0.21717082752900965,0.217127937829795,0.2278329144005014,-0.016549461752866906,-0.00024615004053507583,-4.860851525756438e-05,-0.04935362670280807,-0.16056696715735552,-0.14195391807268454,-0.14172839026759032,-0.1980185931317917,0.18302902579307556,0.19725096225738525,0.19723905622959137,0.15459705889225006,0.07480774168822746,0.002917365514466308,0.0029775492186324692,0.2185283103315836
10,first_label_token,3,0.2205431021896063,0.21716926799100988,0.2171182920952805,0.22734174648252856,-0.015778184358958763,-0.0002389671150111461,-4.182157803178654e-06,-0.04709140380406196,-0.15968642066201685,-0.14194571752130547,-0.1416776698994504,-0.19543587456529465,0.18255293865998587,0.19722752273082733,0.19721294939517975,0.1532183438539505,0.07721431150909523,0.0030358498281751745,0.0031095164898453653,0.22549756820926514
10,first_label_token,4,0.22104399758560653,0.21718287267604797,0.21708039836723264,0.22886872171353892,-0.01808521010971383,-0.00030162762050656156,0.00017034890616063336,-0.05412435161479556,-0.16232028943028212,-0.1420172553220318,-0.1414784125143449,-0.2034652004544697,0.1810937225818634,0.19716298580169678,0.19714413583278656,0.14897404611110687,0.08459049358094473,0.003362077140745323,0.0034573617286929315,0.24695204187339592
10,first_label_token,5,0.2215865869815944,0.2172029960055311,0.21628794309471835,0.2312688218445337,-0.020584270230103157,-0.00039431172117754265,0.0038202421465677316,-0.06517874111569966,-0.165173398633314,-0.14212307024758797,-0.13731142833124066,-0.21608569732111338,0.17737617592016855,0.1970851868391037,0.1902661919593811,0.14477714896202087,0.10338229655541571,0.0037553426219110175,0.038224636466699824,0.2681669105776363
10,first_label_token,6,0.22173039252016724,0.21721482958112445,0.21487384603804902,0.23310250194132828,-0.02124661027802144,-0.00044881484465486565,0.010333295270741227,-0.07362431126015068,-0.16592957431345634,-0.142185294986368,-0.12987565211409247,-0.22572777583990855,0.1715694765249888,0.1970483660697937,0.17540085315704346,0.14225921034812927,0.13273454439416918,0.003941467694494882,0.11336734302655038,0.28089482246146225
10,first_label_token,7,0.22199009914024204,0.21727657157833838,0.2145564343748974,0.23413729146749032,-0.022442767928777457,-0.0007331863493902357,0.011795231008877805,-0.07839034844581994,-0.16729519508176235,-0.14250995422550394,-0.12820659970727433,-0.23116903131250877,0.16979824006557465,0.19697174429893494,0.17329716682434082,0.13912580907344818,0.14168795630678144,0.004328782596650371,0.12400125368907655,0.2967338326346174
10,first_label_token,8,0.22209441401377447,0.2172909584365973,0.21445156225637227,0.2345407213483538,-0.022923221734797144,-0.0007994493910168377,0.012278251375816174,-0.08024846718919076,-0.16784371616951152,-0.14258560494408545,-0.1276551484464905,-0.23329039511795857,0.16855174799760184,0.19690407812595367,0.17202402651309967,0.13672713935375214,0.14798884113277233,0.004670827904057706,0.1304368425504664,0.3088588529437929
10,first_label_token,9,0.22208160913291097,0.21727844045943573,0.2152166751252503,0.2337497118140469,-0.02286424497014076,-0.000741794048424893,0.008754291872832276,-0.07660523273482966,-0.16777638399585415,-0.14251978140218236,-0.13167835749498202,-0.22913101309039807,0.16718170046806335,0.19685234129428864,0.17019060254096985,0.13450215756893158,0.15491428567554777,0.004932352085365355,0.13970460572555676,0.3201058992157212
10,first_label_token,10,0.21834273779091717,0.21728516586688387,0.2148338862827846,0.222909161223083,-0.005643738386093962,-0.0007727699533566224,0.010517342050018863,-0.026675787254944128,-0.14811619838649012,-0.14255514575324835,-0.12966553089473432,-0.17212791851148768,0.1784489651521047,0.19682694971561432,0.16932158172130585,0.16919836401939392,0.0979594610904569,0.005060703814901091,0.1440974135394052,0.14472026591706444
10,first_label_token,11,0.22188280142989814,0.2172792082073308,0.2152042212606478,0.2331649748217158,-0.021948575762634388,-0.0007453301443407501,0.008811651925577424,-0.07391204906913984,-0.16673098928063523,-0.14252381846704432,-0.1316128710774931,-0.2260562782973683,0.1663843790690104,0.1968214064836502,0.1689327210187912,0.13339900970458984,0.15894466054419878,0.005088724262898414,0.14606306303116923,0.32568219433852874
10,first_label_token,12,0.2215122164130545,0.2172705930822036,0.21527214210574366,0.2319939140512162,-0.020241734007790207,-0.0007056505711739991,0.008498821861854688,-0.0685183733140513,-0.1647823343126602,-0.14247851737386497,-0.13197002068206265,-0.219898464882053,0.16751866042613983,0.1968807727098465,0.1703045517206192,0.1353706568479538,0.1532109889267257,0.004788634303702022,0.1391286047421294,0.31571572773434564
10,first_label_token,13,0.22183401444379022,0.21726385966068557,0.21591784693613775,0.23232033673454733,-0.02172387249294679,-0.0006746377550115312,0.00552483231632972,-0.07002181204015856,-0.16647445164816035,-0.14244311088224726,-0.13536534393692512,-0.2216149001253087,0.16731302936871847,0.19687983393669128,0.16991859674453735,0.13514065742492676,0.15425043205095343,0.004793379702153211,0.1410795660958304,0.31687835035487666
10,first_label_token,14,0.21861633065701866,0.21724761193539915,0.2167793017475545,0.22182207828810235,-0.0069038533569227845,-0.0005998039255807885,0.0015571407605272647,-0.02166889690571483,-0.14955483749357557,-0.14235767512753883,-0.13989514984287044,-0.16641168751031743,0.17938139537970224,0.19688986241817474,0.170223668217659,0.171030655503273,0.09324612546376539,0.004742686794889317,0.13953746224677743,0.13545822734962942
10,first_label_token,15,0.2185659536794454,0.2172349384852818,0.21697851229114692,0.2214844102619075,-0.006671826899033968,-0.0005414325051102953,0.0006396161484832907,-0.0201136643404749,-0.1492899391756247,-0.14229103405893095,-0.1409426628231596,-0.1646361206447835,0.1795252561569214,0.19690421223640442,0.17057716846466064,0.1710943877696991,0.09251892453603754,0.004670149989993266,0.1377505560966733,0.13513606752144602
10,first_label_token,16,0.21872411775989695,0.21722702058423468,0.21728632309857537,0.22165900959688076,-0.007400299568896651,-0.0005049642090280138,-0.0007780999350917028,-0.020917834562570237,-0.1501216166777323,-0.1422493991937579,-0.14256123084892747,-0.16555421999051156,0.17971096436182657,0.19691403210163116,0.17080451548099518,0.1714143455028534,0.091580189312273,0.0046205116157185255,0.13660134110986133,0.13351871521123915
10,first_label_token,17,0.21879701373957786,0.21721592911151277,0.2178370612008231,0.22133805090639772,-0.007736044124732648,-0.00045387906552774027,-0.0033146913950119483,-0.019439561913658254,-0.15050492713685584,-0.14219107667007425,-0.145457188565024,-0.16386651617546932,0.18012309074401855,0.19693881273269653,0.17136453092098236,0.17206592857837677,0.0894969342842911,0.004495248161365262,0.13377052262428968,0.13022503206721836
10,first_label_token,18,0.2189599664939218,0.21721166402351957,0.21846813073679178,0.22120010472145402,-0.008486572485404187,-0.00043423490846805635,-0.006221273650753645,-0.01880420889699086,-0.15136178502334582,-0.14216864946840913,-0.14877555474419912,-0.1631411508574292,0.18015102048714957,0.19693903625011444,0.1713949590921402,0.17211906611919403,0.0893557524033874,0.0044941183045911215,0.13361671145544463,0.12995642745012648
10,first_label_token,19,0.21889845476764924,0.2172020295087029,0.21857489577862396,0.2209184390156209,-0.008203261563368702,-0.00038986022673692666,-0.006713012450419553,-0.017506912012949627,-0.15103833662273156,-0.14211798809704157,-0.14933695960331717,-0.1616600621678359,0.18070827424526215,0.19697128236293793,0.17214952409267426,0.17300401628017426,0.08653889392595777,0.004331117633983528,0.12980246563371145,0.12548309851017836
10,first_label_token,20,0.21897912492939073,0.21720118322292295,0.21885250476228088,0.22088368680296827,-0.008574812473880625,-0.00038596240075872146,-0.007991624869402969,-0.017346850151480186,-0.15146252622646594,-0.142113538054772,-0.15079671674559192,-0.1614773238790339,0.18077596028645834,0.19696944952011108,0.17232771217823029,0.17303071916103363,0.08619674818683724,0.004340382459530945,0.1289017438134128,0.12534811828756798
10,first_label_token,21,0.21923185022605232,0.21719786700080423,0.21924433187276376,0.22125335180458902,-0.009738815521066554,-0.0003706885334320287,-0.009796303532745299,-0.019049454497022333,-0.15279143695541872,-0.14209610029443964,-0.15285706946015365,-0.16342114111166284,0.18050731718540192,0.1969524770975113,0.17198602855205536,0.1725834459066391,0.08755471048964303,0.004426176250576286,0.13062891820206046,0.12760903701629234
10,first_label_token,22,0.21920815529275675,0.21719126501003233,0.2194101686237239,0.22102303224451403,-0.009629681315178681,-0.0003402810614554497,-0.010560115015026073,-0.01798864786905452,-0.15266684139061262,-0.14206138490787112,-0.1537290923265493,-0.16221004693741747,0.18083112935225168,0.19696944952011108,0.17248286306858063,0.17304107546806335,0.08591787442706529,0.004340382459530945,0.12811747256462946,0.12529576825703548
10,first_label_token,23,0.21915604407046022,0.2171848777963334,0.21941191088251707,0.2208713435325302,-0.009389667266933502,-0.00031086281046599495,-0.010568139516613728,-0.017289999473720785,-0.15239282385725347,-0.14202779888809092,-0.1537382536825096,-0.16141241900115988,0.18118931849797568,0.1969900280237198,0.1730198711156845,0.1735580563545227,0.0841072663926337,0.004236360312530385,0.1254029540030035,0.12268248486236721
10,first_label_token,24,0.21917012051707888,0.2171815936304942,0.2195428816210322,0.22078588629971033,-0.009454500613551872,-0.0002957365880624785,-0.011171364997946798,-0.016896400254646338,-0.1524668423317955,-0.14201052968996541,-0.1544269398642677,-0.16096305744115336,0.18143230676651,0.19700555503368378,0.17342889308929443,0.17386247217655182,0.08287898653956427,0.004157872928624129,0.1233353914302171,0.12114369525985158
10,first_label_token,25,0.21927123831099823,0.21717239828670726,0.21994762580935695,0.22069369083693047,-0.009920229299210067,-0.00025338464178203957,-0.013035537183177626,-0.016471766072670535,-0.15299855214874883,-0.1419621776208364,-0.15655521472021205,-0.16047826410519805,0.1813021848599116,0.19701074063777924,0.17313379049301147,0.1737620234489441,0.08353673893757863,0.0041316602514654965,0.124827103667146,0.12165145289412438
10,first_label_token,26,0.21933585842784378,0.21716789918787338,0.22018035119321167,0.22065932490244633,-0.010217856857318871,-0.00023266267678123675,-0.014107424562647353,-0.016313483332528023,-0.1533383454647191,-0.14193851991505868,-0.15777895948810605,-0.16029755699099257,0.18132308622201285,0.19701479375362396,0.17315030097961426,0.1738041639328003,0.08343108477523775,0.004111172181962108,0.12474364491343382,0.12143843723031733
10,first_label_token,27,0.21934888342849349,0.21716461983047614,0.22043260045412208,0.22044943000088218,-0.010277847450449462,-0.00021755860111638547,-0.0152692350827206,-0.0153467486675114,-0.15340683509886585,-0.14192127600126447,-0.15910536706828227,-0.1591938622270508,0.1814159999291102,0.19702334702014923,0.1732417494058609,0.1739829033613205,0.08296141586821575,0.004067936329407162,0.12428138284526413,0.12053492842997593
10,first_label_token,28,0.21934616772734486,0.21716503976773815,0.22045491963875394,0.22041854377554243,-0.010265339464687884,-0.00021949274961308163,-0.01537203286064548,-0.01520449278380509,-0.15339255507054764,-0.1419234841661785,-0.15922272850503005,-0.15903145254043438,0.1815199057261149,0.1970238834619522,0.1734328269958496,0.1741030067205429,0.08243618311583716,0.0040652246731494035,0.12331550595099328,0.11992781872336877
10,last_label_token,0,0.21714053220775617,0.21714595185608423,0.21711367438821233,0.2171619703789719,-0.00010661574491688253,-0.00013157757996817843,1.708609341399825e-05,-0.0002053557481964674,-0.14179461554942052,-0.1418231137999142,-0.14165338851350628,-0.1419073443348411,0.1973081628481547,0.19731491804122925,0.1973128318786621,0.19729673862457275,0.0026282226120144525,0.0025940758295088795,0.0026046211594003,0.002685970847134178
10,last_label_token,1,0.21843885801085572,0.2171765495749081,0.2174805248484892,0.22065949960916983,-0.006086449228192385,-0.00027250465936390356,-0.0016725550278526846,-0.016314287997360566,-0.14862162935534418,-0.14198400642666598,-0.1435824059843449,-0.16029847565502164,0.18907505770524344,0.1971907764673233,0.19148662686347961,0.17854776978492737,0.04424569343164294,0.003221598281834326,0.032055467832638684,0.0974600141804558
10,last_label_token,2,0.2216386127204788,0.21717955965955718,0.21727025488845442,0.23046602361342486,-0.020823890558552716,-0.00028636851767194216,-0.0007040929172321686,-0.061481210240754036,-0.16544696666745407,-0.14199983441791986,-0.1424767390425794,-0.21186432654186294,0.17893425623575845,0.19715069234371185,0.19112971425056458,0.14852236211299896,0.09550636627842528,0.0034242192633198165,0.033859623129493865,0.24923525644246214
10,last_label_token,3,0.221326595594903,0.21717338241448925,0.2171322814556731,0.22967412291454667,-0.019386801000277492,-0.00025791734093094654,-6.861440237959648e-05,-0.05783387125752193,-0.16380628047073423,-0.14196735248059666,-0.14175123044666305,-0.207700258484943,0.1788475662469864,0.1971515566110611,0.1910482943058014,0.14834284782409668,0.09594457495127114,0.0034198504837933408,0.034271192290399655,0.2501426820796204
10,last_label_token,4,0.22147056301768756,0.21717021845969833,0.2167201739399373,0.230521296653427,-0.020049886655058913,-0.0002433447869900629,0.0018294718217584105,-0.061735786999945086,-0.16456330739002278,-0.14195071539074822,-0.13958423685172994,-0.2121549699275902,0.1779386798540751,0.19712388515472412,0.1907118409872055,0.14598031342029572,0.1005388989977593,0.0035597267524247744,0.03597192803053384,0.26208504221031925
10,last_label_token,5,0.2219659645016454,0.21719220586183693,0.2162448161790351,0.23246087146406413,-0.02233160852669025,-0.00034461443995770225,0.004018876244278324,-0.07066908738439137,-0.16716828740534787,-0.14206633220865195,-0.1370846531658132,-0.22235387684157848,0.17633149524529776,0.1970464289188385,0.18983319401741028,0.14211486279964447,0.1086630462540515,0.003951259786536876,0.040413395009452735,0.2816244839661649
10,last_label_token,6,0.22184089318710884,0.21719704956567587,0.21468293005678835,0.23364269993886227,-0.02175555463276198,-0.0003669235878849264,0.011212616758852656,-0.07611235706925368,-0.1665106222884508,-0.14209180195815652,-0.12887175460491074,-0.22856831030228508,0.17019655803839365,0.19700689613819122,0.17390890419483185,0.1396738737821579,0.13967450131950945,0.004151093787979621,0.12090898634598213,0.29396342382456664
10,last_label_token,7,0.21822875153784657,0.21724218480727253,0.21422816845549256,0.22321590135077468,-0.005118740106681082,-0.000574807640047359,0.01330715931808113,-0.028088571998077017,-0.14751682208083516,-0.14232913754586374,-0.126480472137106,-0.17374085655953575,0.1797572821378708,0.19691745936870575,0.1717071533203125,0.17064723372459412,0.09134605788075478,0.004603187145182597,0.13203860283719093,0.13739638365989082
10,last_label_token,8,0.22185052449629752,0.2172470413336233,0.2137535848537413,0.23455094730152803,-0.02179991455000078,-0.0005971758459442089,0.015492998115700707,-0.08029556591975884,-0.16656126680359748,-0.1423546747202511,-0.12398495922849273,-0.23334416646204859,0.16704940795898438,0.19684630632400513,0.17040245234966278,0.13389946520328522,0.15558301023823481,0.004962858218265587,0.13863372747508118,0.32315244502135765
10,last_label_token,9,0.22177568857743293,0.21723840857754234,0.21462621768983473,0.2334624394649217,-0.02145523501554954,-0.000557415068069611,0.01147382277510478,-0.0752821127536838,-0.1661677555215694,-0.14230928091785788,-0.12857354277608102,-0.22762044287076932,0.16541093091169992,0.19678573310375214,0.16832686960697174,0.13112019002437592,0.16386533744289858,0.005269049404041937,0.14912557747921273,0.3372013854454411
10,last_label_token,10,0.21818971714051835,0.21724151322821608,0.2144550820358661,0.22287255615747276,-0.0049389553441925305,-0.0005717144789019191,0.012262039963225613,-0.026507191516901285,-0.14731156669052417,-0.14232560616762324,-0.1276736565768386,-0.1719354373271107,0.17730599641799927,0.19675686955451965,0.1675766110420227,0.16758450865745544,0.10373704647454936,0.005414951575468563,0.15291805472709852,0.152878133121081
10,last_label_token,11,0.22155636592405514,0.2172355074842437,0.21512351797408416,0.23231007231383766,-0.02044507797855773,-0.0005440532025009492,0.009183355402510252,-0.0699745361356825,-0.1650144866124966,-0.14229402603810826,-0.13118850729281117,-0.22156092650657033,0.16461963454882303,0.19675053656101227,0.1670544594526291,0.13005390763282776,0.167865256394506,0.005446964184067538,0.15555747547514054,0.34259132952430993
10,last_label_token,12,0.22135074465882543,0.21723497054156135,0.21516053816851446,0.2316567252664005,-0.019498026842580285,-0.0005415801500336936,0.009012847662709267,-0.06696534804041643,-0.16393326400014185,-0.14229120262113804,-0.1313831713577711,-0.21812541802151642,0.1652397265036901,0.19678641855716705,0.1678822934627533,0.1310504674911499,0.16473075751598928,0.005265584509934751,0.1513728626028631,0.33755382543517
10,last_label_token,13,0.22162864962879683,0.2172339206984063,0.21564395808372178,0.23200807010426241,-0.020778002516356715,-0.0005367447787920643,0.006786310541951446,-0.06858357331222953,-0.1653945775334631,-0.14228568220885296,-0.13392514843879333,-0.219972901952743,0.16522510846455893,0.1967943012714386,0.16782337427139282,0.13105764985084534,0.16480465014901427,0.005225738227702115,0.1516706928485113,0.3375175193708294
10,last_label_token,14,0.21851631559911563,0.2172225984204717,0.2162930817163291,0.22203326666054604,-0.006443203656629833,-0.0004845965918434114,0.0037965746653449983,-0.022641589043391086,-0.14902892621654926,-0.14222614603727757,-0.13733844885305135,-0.16752218375931882,0.17778230706850687,0.19680139422416687,0.16784575581550598,0.16869977116584778,0.10132934679690753,0.005189884106071241,0.1515575565235332,0.14724059976111814
10,last_label_token,15,0.22139473495697107,0.21721378935485328,0.21658842583664326,0.2303819896794167,-0.019700637510228214,-0.0004440237668901226,0.0024362776924844454,-0.061094166456278964,-0.16416457910768267,-0.14217982514274508,-0.1388914630364475,-0.21142244914385544,0.16520971556504568,0.19680511951446533,0.1678875982761383,0.1309364289045334,0.16488245961885614,0.0051710531598365694,0.1513460473354249,0.33813027836130694
10,last_label_token,16,0.22164524249335962,0.21720558775573218,0.2168268588410706,0.23090328088327616,-0.020854425989462817,-0.0004062488132354769,0.00133810213440122,-0.0634951312895542,-0.16548182814126866,-0.14213669850203847,-0.14014522030532972,-0.2141635656164378,0.16516335805257162,0.19680191576480865,0.1677931249141693,0.13089503347873688,0.16511679191380088,0.005187247773598358,0.1518236001319372,0.33833952783586707
10,last_label_token,17,0.22179944976037289,0.21719629944873456,0.21738148857565487,0.23082056125672926,-0.021564674354279074,-0.0003634686966771383,-0.001216413419221185,-0.0631141409469389,-0.1662926994482703,-0.14208785760250842,-0.14306164147337785,-0.21372859926892462,0.16523881256580353,0.19681327044963837,0.16781672835350037,0.13108643889427185,0.16473537737479885,0.005129851049474943,0.15170428725659402,0.3373719938183276
10,last_label_token,18,0.22190836417574844,0.2171886075444582,0.21795882217022552,0.23057766281256153,-0.022066312746059562,-0.00032804129730479303,-0.0038754984898494715,-0.06199539845102442,-0.16686540640337943,-0.14204741110089603,-0.14609744682466008,-0.2124513612845822,0.16502657035986582,0.19680173695087433,0.16759003698825836,0.13068793714046478,0.16580823915161114,0.005188151659017648,0.15285018799686867,0.3393863777989471
10,last_label_token,19,0.2218957062194995,0.21718486016537963,0.2181175071652196,0.23038475132789932,-0.022008012687302125,-0.00031078160575814806,-0.004606370389717451,-0.06110688606643078,-0.16679884680650492,-0.14202770617887683,-0.1469318634626342,-0.21143697077800372,0.16520345211029053,0.19680771231651306,0.16774104535579681,0.1310615986585617,0.16491412071645875,0.005157946821257142,0.15208685676029843,0.3374975585678207
10,last_label_token,20,0.22190870557512554,0.21718628987544725,0.21816852473411238,0.23037130211581702,-0.022067885164493834,-0.0003173665693421146,-0.004841347285325703,-0.06104494163881369,-0.16686720159088586,-0.14203522405331714,-0.1472001302153585,-0.21136625050398195,0.16479507088661194,0.19679205119609833,0.16739502549171448,0.130198135972023,0.1669784443664927,0.005237112119227949,0.15383595037036324,0.34186227060988694
10,last_label_token,21,0.22247263002796336,0.21718485375412372,0.21857245309012277,0.2316605832396435,-0.024665210363659245,-0.00031075207677333516,-0.006701761907255577,-0.06698311710694882,-0.16983249737090533,-0.14202767246643555,-0.14932411516313016,-0.2181457044831503,0.16401746372381845,0.19675424695014954,0.16660486161708832,0.12869328260421753,0.1709091658676696,0.005428208561617742,0.15783014471431533,0.34946914432707576
10,last_label_token,22,0.22238505814923626,0.217179360910624,0.21868205350988051,0.23129376002720425,-0.024261871501136973,-0.00028545311914696114,-0.0072065599003969805,-0.06529360148386698,-0.16937201632396537,-0.14199878933223542,-0.14990042934947279,-0.2162168302901879,0.1639950474103292,0.19675247371196747,0.1666211634874344,0.1286115050315857,0.17102247794814593,0.005437172092025433,0.1577477404935922,0.34988252125882013
10,last_label_token,23,0.22441379429579447,0.21717711536824202,0.22455318194477497,0.23151108557436648,-0.03360583147555799,-0.00027511059226204004,-0.0342478235922814,-0.06629456024213054,-0.18003976216099957,-0.14198698154962264,-0.18077270715962257,-0.21735959777375347,0.15101370215415955,0.1967550367116928,0.12739770114421844,0.12888836860656738,0.23664179751475198,0.00542421640101598,0.35601817080858356,0.34848300533465637
10,last_label_token,24,0.22435668656805985,0.21717360039719014,0.22451095741336086,0.23138550189362855,-0.0333428045052504,-0.0002589213264101442,-0.03405334569916474,-0.06571614649017632,-0.1797394713982814,-0.14196849870360562,-0.18055067702032712,-0.21669923847091144,0.15102006494998932,0.19675198197364807,0.1274479180574417,0.12886029481887817,0.23660963425858308,0.005439657776928453,0.3557643296533396,0.34862491534548123
10,last_label_token,25,0.22467042832147507,0.21716946032868714,0.22574024521002248,0.2311015794257156,-0.03478783736040506,-0.00023985298455153625,-0.039715203693136525,-0.06440845540352713,-0.18138922624174744,-0.1419467288945484,-0.1870146668287611,-0.21520628300193279,0.15090727806091309,0.19675037264823914,0.12717266380786896,0.12879879772663116,0.2371797599867852,0.0054477927457018405,0.35715571060872997,0.3489357766059238
10,last_label_token,26,0.22474838117925391,0.217162244460162,0.22601254246815913,0.23107035660944064,-0.03514687290290919,-0.00020661811229172322,-0.04096935134831092,-0.06426464924812492,-0.18179912738905335,-0.1419087855417125,-0.18844649321330653,-0.21504210341214103,0.15083345770835876,0.19674821197986603,0.1270897537469864,0.12866240739822388,0.23755291401737225,0.005458714694517974,0.3575748121481297,0.3496252152094691
10,last_label_token,27,0.2247409553420978,0.2171612475098682,0.22669334251339696,0.23036827600302817,-0.03511267095640106,-0.00020202635517363454,-0.04410498255598583,-0.06103100395804373,-0.18176007995376056,-0.14190354325706944,-0.19202635837258786,-0.2113503382316244,0.1510175814231237,0.19675569236278534,0.12726470828056335,0.12903234362602234,0.23662218822273953,0.005420902154478657,0.3566904355891627,0.3477552269245773
10,last_label_token,28,0.22501939992610817,0.21716616013470819,0.22734414589505236,0.23054789374856388,-0.03639513198638822,-0.0002246529396863206,-0.04710245502657928,-0.06185828799289905,-0.18322423095090254,-0.14192937541531947,-0.195448491446502,-0.21229482599088612,0.15094276269276938,0.19674678146839142,0.12707002460956573,0.12901148200035095,0.23700038894691747,0.005465945777872072,0.35767454083938865,0.3478606802234917
10,last_prompt_token,0,0.2171173635317164,0.21711736246317376,0.2171173656688017,0.21711736246317376,9.462347827504658e-08,9.954497570685561e-08,8.478048341142852e-08,9.954497570685561e-08,-0.1416727872141824,-0.14167278159544217,-0.1416727984516628,-0.14167278159544217,0.19782808919747671,0.19782809913158417,0.19782806932926178,0.19782809913158417,5.021585662105347e-08,0.0,1.506475698631604e-07,0.0
10,last_prompt_token,1,0.22033405143673682,0.21737277888450302,0.21740192445386358,0.22622745097184382,-0.014815337676925111,-0.0011762982935306088,-0.0013105370578956332,-0.04195917767934909,-0.1585871647028642,-0.14301584312168747,-0.143169099880454,-0.1895765511064511,0.1858589251836141,0.1964409202337265,0.19646905362606049,0.1646668016910553,0.06050290125877844,0.00701204178752679,0.006869830481562311,0.16762683150724622
10,last_prompt_token,2,0.2186621994531455,0.21753587482356224,0.21747983243285107,0.22097089110302323,-0.007115116017082516,-0.0019274861348599348,-0.0016693658975071024,-0.01774849601888051,-0.14979603034645694,-0.14387345391936956,-0.1435787650406699,-0.16193587207933136,0.19192560017108917,0.19628411531448364,0.1962469518184662,0.1832457333803177,0.029836504452125268,0.007804673976438248,0.007992531496075705,0.07371230788386185
10,last_prompt_token,3,0.2186519847196691,0.21753307310473016,0.21745509139629973,0.22096778965797745,-0.007068068962237699,-0.0019145819685537635,-0.0015554135456186113,-0.01773421137254072,-0.1497423179991395,-0.14385872158246205,-0.14344866872916961,-0.16191956368578686,0.1920872430006663,0.1962823122739792,0.19627095758914948,0.18370845913887024,0.029019417141037025,0.007813788154415913,0.007871184878539217,0.07137327839015595
10,last_prompt_token,4,0.218654192328787,0.21748416003058937,0.21729620444674452,0.22118221250902706,-0.007078236775963272,-0.0016892979621674353,-0.0008236114827331331,-0.018721800882989248,-0.1497539263164739,-0.14360152093863898,-0.1426131901492902,-0.1630470678614926,0.1922167787949244,0.19637468457221985,0.19630132615566254,0.18397432565689087,0.02836462747856368,0.0073468560115800274,0.0077176750048338905,0.07002935141927713
10,last_prompt_token,5,0.2188230712206758,0.21737831820960807,0.21710486051415195,0.2219860349382673,-0.007856059761475928,-0.0012018113362959326,5.7681065105841256e-05,-0.02242404901323769,-0.15064194573633097,-0.1430449706710879,-0.14160704233464272,-0.1672738242032623,0.19017323354880014,0.1962491124868393,0.1923779547214508,0.18189263343811035,0.038694531345076645,0.007981609547259572,0.027549900312736852,0.08055208417523352
10,last_prompt_token,6,0.21866209473596568,0.2173297545489143,0.2168987690901556,0.22175776056882715,-0.007114633710332718,-0.000978136659574691,0.0010068976599599821,-0.021372662131383446,-0.14979547970991347,-0.14278960735532298,-0.14052334747658257,-0.16607348429783486,0.1903341015179952,0.1962641328573227,0.1924045830965042,0.1823335886001587,0.03788136087080518,0.007905683172041211,0.027415296709051074,0.07832310273132326
10,last_prompt_token,7,0.21869064993551132,0.21728584706282417,0.2165790846367844,0.2222070181069254,-0.007246153347358379,-0.0007759074079791706,0.0024793014231663246,-0.02344185405726229,-0.1499456321146979,-0.142558727700151,-0.13884234400927586,-0.1684358246346669,0.19005422294139862,0.19620981812477112,0.1921648532152176,0.18178799748420715,0.03929611730745489,0.0081802383681433,0.028627105761147242,0.08108100779307414
10,last_prompt_token,8,0.21840925350242635,0.217247482107467,0.2166026492078765,0.22137762919193557,-0.005950096680673811,-0.0005992059636410474,0.0023707676399671307,-0.019621851718347516,-0.14846595934764487,-0.14235699245059985,-0.13896625408777252,-0.16407463150456225,0.19003463784853616,0.19619536399841309,0.19207224249839783,0.1818363070487976,0.03939511786879287,0.008253302439534038,0.029095243084542144,0.08083680808230242
10,last_prompt_token,9,0.22093763538435393,0.2173199036542107,0.21623225973433807,0.22926074276451303,-0.017595326714585524,-0.0009327653746105113,0.004076708760778369,-0.05592992352992443,-0.16176100283623449,-0.14273780818905712,-0.1370186273492615,-0.2055265729703848,0.17693813145160675,0.19607356190681458,0.18016697466373444,0.15457385778427124,0.10559656475333457,0.008868999057624172,0.08927510573764619,0.21864558946473334
10,last_prompt_token,10,0.22006527288955136,0.2173875968997218,0.2153811607040277,0.22742706106490448,-0.013577396512843806,-0.0012445471593771629,0.00799670362407301,-0.04748434600322726,-0.15717384082992672,-0.1430937610019558,-0.1325432754643452,-0.1958844860234792,0.17642527321974436,0.19603338837623596,0.1797943115234375,0.15344811975955963,0.10818900856750306,0.009072071981819252,0.09115887827518177,0.22433607544550815
10,last_prompt_token,11,0.2199569189247965,0.21740903774229417,0.21580175191414455,0.2266599671179507,-0.013078339446474296,-0.0013432994664004383,0.006059543170954362,-0.04395126204397681,-0.15660408090407305,-0.14320650383422695,-0.13475487904740802,-0.19185085983058414,0.17625418802102408,0.19601960480213165,0.17955917119979858,0.15318378806114197,0.10905382605031422,0.00914174648288768,0.09234748760151668,0.2256722440665383
10,last_prompt_token,12,0.22543971278086428,0.21741698930243483,0.2159500506745667,0.24295209836559134,-0.03833101038942203,-0.001379922789652488,0.005376508226271337,-0.11898961660488494,-0.18543437085213302,-0.14324831568971752,-0.1355346815302565,-0.27752011533642507,0.16333173215389252,0.19609549641609192,0.180525004863739,0.11337469518184662,0.17437546601884193,0.008758122446194117,0.08746530115692064,0.4269029744534111
10,last_prompt_token,13,0.22504221918870085,0.21742869465290998,0.21635971069335938,0.24133825221983324,-0.03650023302511818,-0.0014338353334359955,0.0034896946920356386,-0.11155655843395418,-0.18334422195808245,-0.14330986617966857,-0.13768880540067152,-0.2690339942939073,0.16291291763385138,0.19610917568206787,0.18065249919891357,0.11197707802057266,0.17649252887229724,0.008688975211620265,0.08682083085298387,0.4339677805522876
10,last_prompt_token,14,0.2199077248239384,0.2173617178652467,0.21674557213021928,0.22561588447634914,-0.012851761086259442,-0.001125353412707586,0.001712492748940031,-0.03914242259501077,-0.15634540253156706,-0.1429576807321007,-0.13971778868847728,-0.18636073817412324,0.1786585052808126,0.19626596570014954,0.18194003403186798,0.15776951611042023,0.09690025802664692,0.007896418346493794,0.08031247921534312,0.20249187651810385
10,last_prompt_token,15,0.2240778952419591,0.21734501173516282,0.21809610639299665,0.2367925675977178,-0.03205874644934167,-0.0010484082608721579,-0.004507802638848313,-0.09062002844830452,-0.1782734971199317,-0.14286983453782964,-0.14681933133312186,-0.24513132548884364,0.15640484044949213,0.1962813287973404,0.15760281682014465,0.11533037573099136,0.20939016683640885,0.007818759524221841,0.20333452370021465,0.41701721728479
10,last_prompt_token,16,0.22422501165993744,0.21734006865685726,0.21788039968795136,0.2374545666350036,-0.03273633575709948,-0.0010256414136819991,-0.003514299949217259,-0.09366906590839919,-0.17904708246670542,-0.14284384224548252,-0.1456850762410189,-0.24861232891361484,0.15607035160064697,0.19626666605472565,0.15725667774677277,0.1146877110004425,0.21108097239089518,0.007892878128601621,0.20508421990055903,0.4202658191435249
10,last_prompt_token,17,0.22332236773493577,0.2172913078500443,0.21850711758397207,0.23416867777079092,-0.028578935239206366,-0.0008010587206819242,-0.006400839406605741,-0.07853490759033144,-0.17430069098075673,-0.1425874422721436,-0.1489805601005696,-0.23133407056955702,0.159127506117026,0.19646024703979492,0.16079571843147278,0.12012655287981033,0.195627381471308,0.0069143468384611495,0.1871947456537988,0.3927730519216641
10,last_prompt_token,18,0.2232309656650746,0.21726330668986343,0.21849722661891904,0.23393236368644138,-0.028157955269085228,-0.0006720908800825764,-0.006355283565487424,-0.07744649136168569,-0.17382006955942905,-0.1424402031841734,-0.1489285502315445,-0.23009145526256924,0.1589569350083669,0.1964537352323532,0.16085265576839447,0.11956441402435303,0.1964896002835388,0.006947263332479414,0.1869069334715474,0.39561460404658955
10,last_prompt_token,19,0.2237226534290474,0.2172570525097246,0.2190472274267373,0.2348636803506803,-0.030422572476339393,-0.0006432853555253804,-0.008888479192169285,-0.08173595288132351,-0.1764055216430526,-0.14240731669755302,-0.15182063101687615,-0.23498861721472863,0.15925813963015875,0.1964786946773529,0.16137099266052246,0.11992473155260086,0.19496704295667752,0.00682109599270686,0.18428679561244976,0.3937932372648759
10,last_prompt_token,20,0.22317299295206364,0.21724449606502758,0.21870353442280233,0.233570948368361,-0.0278909443465943,-0.0005854528390252245,-0.007305496763574615,-0.07578188343718306,-0.1735152304264873,-0.14234129088100111,-0.15001338288450317,-0.22819101751395765,0.16021428008874258,0.19653265178203583,0.1629115492105484,0.1211986392736435,0.19013385463418417,0.006548348567443352,0.17649944610654744,0.3873537692285617
10,last_prompt_token,21,0.22284874849292743,0.21722364826362675,0.21887748301530086,0.23244511419985475,-0.026397538093032802,-0.0004894319630850408,-0.008106669793724652,-0.07059651252228871,-0.1718102489852095,-0.14223166644956287,-0.15092806041742546,-0.2222710200886402,0.16087969640890756,0.19656696915626526,0.1635863184928894,0.12248580157756805,0.18677024590981176,0.006374877890729103,0.1730885591531618,0.3808473006855444
10,last_prompt_token,22,0.22230504941539606,0.2172085946347533,0.21901286790350907,0.23069368570792576,-0.02389336699754474,-0.0004200979070514421,-0.008730225981011586,-0.0625297771045712,-0.1689513047204391,-0.1421525096370717,-0.15163995761511218,-0.21306144690913342,0.16164696713288626,0.19659526646137238,0.1644146591424942,0.12393097579479218,0.18289177400745413,0.0062318380231303205,0.16890138527219645,0.3735420987270356
10,last_prompt_token,23,0.2220733936427354,0.21720437602836545,0.21913715811336743,0.22987864678647338,-0.02282640603701928,-0.000400667835130486,-0.00930268226030595,-0.0587758680156214,-0.16773318431152448,-0.1421303268506071,-0.15229351543289438,-0.20877571065107192,0.16207364946603775,0.1966095268726349,0.1647961288690567,0.12481529265642166,0.1807349401955511,0.006159753160943859,0.16697309637776203,0.3690719710479474
10,last_prompt_token,24,0.22185490178126913,0.21720928865320543,0.21913877214704242,0.2292166445435596,-0.02182007546429247,-0.00042329441964317205,-0.00931011618219979,-0.055726815791034445,-0.16658428397298763,-0.14215615900885714,-0.15230200254002568,-0.20529469037008008,0.16238700350125632,0.1966269165277481,0.1649899184703827,0.12554417550563812,0.17915096887603632,0.006071850303920212,0.1659935105546324,0.36538754576955634
10,last_prompt_token,25,0.22156475238105497,0.21720494502732735,0.21926445359943295,0.22822485851640462,-0.02048370435127067,-0.00040328853252113994,-0.009888980251170132,-0.05115884427012074,-0.1650585852952647,-0.14213331882978464,-0.1529628759575996,-0.20007956109840985,0.16241071621576944,0.1966259479522705,0.164446160197258,0.12616004049777985,0.17903110362627028,0.006076746349941153,0.16874215079083577,0.36227441373803393
10,last_prompt_token,26,0.21893533231163562,0.2171950348285066,0.21897365025111606,0.2206373118552841,-0.008373112283260356,-0.0003576441044486067,-0.008549597181710666,-0.016212095563621798,-0.15123225058586942,-0.14208120782343525,-0.15143373861084997,-0.16018180532332305,0.17583982149759927,0.19663454592227936,0.16442637145519257,0.16645854711532593,0.11114840475396526,0.006033284526031468,0.16884218077723445,0.15856974895862985
10,last_prompt_token,27,0.21878394973712142,0.21717992349832999,0.21910331950468176,0.22006860620835247,-0.007675873896945351,-0.0002880442875528022,-0.009146828279153585,-0.013592749124129666,-0.15043623241869045,-0.14200174759897144,-0.15211558116699675,-0.15719136849010318,0.17615223924318948,0.19665540754795074,0.16469736397266388,0.16710394620895386,0.1095691662789375,0.005927831227117153,0.16747234242433673,0.1553073251853586
10,last_prompt_token,28,0.21799094416514164,0.21716096381179426,0.21962915468616645,0.21718271399746422,-0.004023446085353137,-0.00020071969760149244,-0.0115687217803222,-0.00030089677813571747,-0.14626635458436307,-0.1419020514815359,-0.15488059133244692,-0.14201642093910638,0.1858884940544764,0.19664157927036285,0.16436895728111267,0.19665494561195374,0.06035343376153146,0.005997731699540321,0.16913240332060386,0.0059301662644501985
