icl_example_index,token_role,layer,feature_dim,target_dim,best_alpha,cv_mse,alpha_pinned,train_sample_count,test_sample_count,train_mse,test_mse,train_mean_squared_l2,test_mean_squared_l2
1,pre_label_token,0,4096,4096,0.1,0.19795136153697968,True,3400,1190,0.19782809913158417,0.2171173656688017,810.3038940429688,889.312762605042
1,pre_label_token,1,4096,4096,3162277.6601683795,0.19789524376392365,False,3400,1190,0.19735370576381683,0.21655577651592864,808.3607788085938,887.0124803046218
1,pre_label_token,2,4096,4096,10000000.0,0.19792486727237701,False,3400,1190,0.19764961302280426,0.21684375089757582,809.5728149414062,888.1920168067227
1,pre_label_token,3,4096,4096,3162277.6601683795,0.1979164332151413,False,3400,1190,0.19740305840969086,0.21652680725610557,808.5628051757812,886.8938156512605
1,pre_label_token,4,4096,4096,3162277.6601683795,0.19790810346603394,False,3400,1190,0.19737157225608826,0.216542351346056,808.4339599609375,886.9574711134454
1,pre_label_token,5,4096,4096,3162277.6601683795,0.19790667295455933,False,3400,1190,0.19735902547836304,0.21649775625276965,808.3826293945312,886.7748096113445
1,pre_label_token,6,4096,4096,3162277.6601683795,0.1979140043258667,False,3400,1190,0.19736535847187042,0.21657873682615136,808.408447265625,887.1064797794118
1,pre_label_token,7,4096,4096,3162277.6601683795,0.1979205459356308,False,3400,1190,0.1973663568496704,0.2165670042278386,808.4125366210938,887.058462447479
1,pre_label_token,8,4096,4096,3162277.6601683795,0.1979198306798935,False,3400,1190,0.1973615139722824,0.21656665160876362,808.392822265625,887.0569984243698
1,pre_label_token,9,4096,4096,3162277.6601683795,0.19791816174983978,False,3400,1190,0.19735218584537506,0.21655912158869894,808.3545532226562,887.0261554621849
1,pre_label_token,10,4096,4096,3162277.6601683795,0.19791027903556824,False,3400,1190,0.19733640551567078,0.2166014711396033,808.2899169921875,887.1996192226891
1,pre_label_token,11,4096,4096,3162277.6601683795,0.19791637361049652,False,3400,1190,0.19733558595180511,0.21661255620106928,808.2866821289062,887.245049894958
1,pre_label_token,12,4096,4096,3162277.6601683795,0.19792242348194122,False,3400,1190,0.1973380744457245,0.21661993235099217,808.2968139648438,887.275262605042
1,pre_label_token,13,4096,4096,3162277.6601683795,0.19792388379573822,False,3400,1190,0.19733546674251556,0.21665872205205325,808.2860107421875,887.434112394958
1,pre_label_token,14,4096,4096,3162277.6601683795,0.1979236602783203,False,3400,1190,0.197331964969635,0.216687853196088,808.271728515625,887.5534532563025
1,pre_label_token,15,4096,4096,3162277.6601683795,0.19792336225509644,False,3400,1190,0.19732977449893951,0.2166675215007878,808.2626953125,887.4701549369748
1,pre_label_token,16,4096,4096,3162277.6601683795,0.19792501628398895,False,3400,1190,0.1973322033882141,0.21667792055787158,808.2727661132812,887.5127297794118
1,pre_label_token,17,4096,4096,3162277.6601683795,0.19792142510414124,False,3400,1190,0.19732601940631866,0.2167115107303908,808.2473754882812,887.6503479516807
1,pre_label_token,18,4096,4096,3162277.6601683795,0.1979190558195114,False,3400,1190,0.1973251849412918,0.21671464423171613,808.2439575195312,887.6632155987395
1,pre_label_token,19,4096,4096,3162277.6601683795,0.1979186236858368,False,3400,1190,0.19732166826725006,0.2167290631462546,808.2294311523438,887.7222426470588
1,pre_label_token,20,4096,4096,3162277.6601683795,0.19792407751083374,False,3400,1190,0.1973223239183426,0.2167762419756721,808.2322998046875,887.915487132353
1,pre_label_token,21,4096,4096,3162277.6601683795,0.1979222446680069,False,3400,1190,0.1973198503255844,0.21676312775171103,808.2220458984375,887.8617581407563
1,pre_label_token,22,4096,4096,3162277.6601683795,0.19792579114437103,False,3400,1190,0.19732265174388885,0.2167784314195649,808.2335815429688,887.9244944852941
1,pre_label_token,23,4096,4096,3162277.6601683795,0.19792532920837402,False,3400,1190,0.1973211169242859,0.2167853411506204,808.227294921875,887.9527507878151
1,pre_label_token,24,4096,4096,3162277.6601683795,0.1979268491268158,False,3400,1190,0.19732066988945007,0.21679174439245913,808.2255859375,887.9789653361345
1,pre_label_token,25,4096,4096,3162277.6601683795,0.19792518019676208,False,3400,1190,0.19732055068016052,0.21679114654284565,808.2249755859375,887.9765296743698
1,pre_label_token,26,4096,4096,3162277.6601683795,0.19792453944683075,False,3400,1190,0.19732026755809784,0.2167794411923705,808.2238159179688,887.9285714285714
1,pre_label_token,27,4096,4096,3162277.6601683795,0.19792476296424866,False,3400,1190,0.19732080399990082,0.21677919916745994,808.2260131835938,887.9276194852941
1,pre_label_token,28,4096,4096,3162277.6601683795,0.19792133569717407,False,3400,1190,0.19731968641281128,0.21677474975585936,808.221435546875,887.909368434874
1,first_label_token,0,4096,4096,100000000.0,0.19795215129852295,True,3400,1190,0.19781312346458435,0.21711957434646223,810.2425537109375,889.3217765231093
1,first_label_token,1,4096,4096,100000000.0,0.19795171916484833,True,3400,1190,0.19781264662742615,0.2171193852144129,810.2406005859375,889.3209887079832
1,first_label_token,2,4096,4096,100000000.0,0.1979520618915558,True,3400,1190,0.19781306385993958,0.2171173720800576,810.2423095703125,889.312762605042
1,first_label_token,3,4096,4096,100000000.0,0.1979520618915558,True,3400,1190,0.19781319797039032,0.2171171060129374,810.2428588867188,889.3116596638655
1,first_label_token,4,4096,4096,100000000.0,0.19795189797878265,True,3400,1190,0.19781306385993958,0.2171152483515379,810.2423706054688,889.3040703781512
1,first_label_token,5,4096,4096,100000000.0,0.19795174896717072,True,3400,1190,0.19781287014484406,0.21711368079946822,810.241455078125,889.2976168592437
1,first_label_token,6,4096,4096,100000000.0,0.1979518085718155,True,3400,1190,0.19781295955181122,0.21711481238613609,810.2418823242188,889.3023109243697
1,first_label_token,7,4096,4096,100000000.0,0.19795168936252594,True,3400,1190,0.1978127807378769,0.217110821379333,810.2411499023438,889.285944065126
1,first_label_token,8,4096,4096,100000000.0,0.19795171916484833,True,3400,1190,0.19781287014484406,0.2171115009724593,810.241455078125,889.2887079831933
1,first_label_token,9,4096,4096,100000000.0,0.1979515105485916,True,3400,1190,0.19781269133090973,0.21710943975368469,810.2408447265625,889.2802914915966
1,first_label_token,10,4096,4096,100000000.0,0.19795159995555878,True,3400,1190,0.1978127360343933,0.217109417314289,810.240966796875,889.2801930147059
1,first_label_token,11,4096,4096,100000000.0,0.19795158505439758,True,3400,1190,0.19781267642974854,0.21710968017578125,810.24072265625,889.28125
1,first_label_token,12,4096,4096,100000000.0,0.19795168936252594,True,3400,1190,0.19781267642974854,0.21711171735234622,810.2406005859375,889.2896139705882
1,first_label_token,13,4096,4096,100000000.0,0.1979515552520752,True,3400,1190,0.1978124976158142,0.2171112829897584,810.239990234375,889.2878019957983
1,first_label_token,14,4096,4096,100000000.0,0.19795158505439758,True,3400,1190,0.19781243801116943,0.21711315828211167,810.2398071289062,889.2955028886555
1,first_label_token,15,4096,4096,100000000.0,0.19795161485671997,True,3400,1190,0.19781246781349182,0.21711450144022454,810.2398071289062,889.3010110294117
1,first_label_token,16,4096,4096,100000000.0,0.19795168936252594,True,3400,1190,0.1978124976158142,0.21711451105710838,810.239990234375,889.3010307247899
1,first_label_token,17,4096,4096,100000000.0,0.19795162975788116,True,3400,1190,0.19781240820884705,0.21711473705387918,810.2396240234375,889.3019432773109
1,first_label_token,18,4096,4096,100000000.0,0.1979517638683319,True,3400,1190,0.1978125125169754,0.21711654182241744,810.239990234375,889.3093684348739
1,first_label_token,19,4096,4096,100000000.0,0.19795171916484833,True,3400,1190,0.19781243801116943,0.21711694733435366,810.2398071289062,889.3110097163866
1,first_label_token,20,4096,4096,100000000.0,0.1979517936706543,True,3400,1190,0.1978124976158142,0.2171176894372251,810.239990234375,889.3140625
1,first_label_token,21,4096,4096,100000000.0,0.19795167446136475,True,3400,1190,0.19781237840652466,0.21711731117312646,810.239501953125,889.312493434874
1,first_label_token,22,4096,4096,100000000.0,0.1979517787694931,True,3400,1190,0.1978125423192978,0.21711846519919004,810.240234375,889.3172334558824
1,first_label_token,23,4096,4096,100000000.0,0.1979517787694931,True,3400,1190,0.19781260192394257,0.21711873767756615,810.2403564453125,889.3183429621848
1,first_label_token,24,4096,4096,100000000.0,0.19795171916484833,True,3400,1190,0.19781255722045898,0.21711893963212728,810.240234375,889.3191898634453
1,first_label_token,25,4096,4096,100000000.0,0.19795170426368713,True,3400,1190,0.19781255722045898,0.21711967051530084,810.2401733398438,889.3221901260504
1,first_label_token,26,4096,4096,100000000.0,0.19795165956020355,True,3400,1190,0.1978125274181366,0.2171193435412495,810.2401123046875,889.3208180147059
1,first_label_token,27,4096,4096,100000000.0,0.1979515254497528,True,3400,1190,0.19781243801116943,0.21711934514406347,810.2396850585938,889.3208245798319
1,first_label_token,28,4096,4096,100000000.0,0.1979515254497528,True,3400,1190,0.19781246781349182,0.21711877774791558,810.239990234375,889.3185070903361
1,last_label_token,0,4096,4096,100000000.0,0.19795194268226624,True,3400,1190,0.1978127807378769,0.2171189428377552,810.2412109375,889.3191767331933
1,last_label_token,1,4096,4096,100000000.0,0.1979517638683319,True,3400,1190,0.19781264662742615,0.21711821676302356,810.2406005859375,889.3162158613445
1,last_label_token,2,4096,4096,100000000.0,0.1979520320892334,True,3400,1190,0.19781295955181122,0.21711673896853664,810.2418823242188,889.3101628151261
1,last_label_token,3,4096,4096,100000000.0,0.19795188307762146,True,3400,1190,0.19781287014484406,0.217116783847328,810.241455078125,889.3103532037815
1,last_label_token,4,4096,4096,100000000.0,0.19795185327529907,True,3400,1190,0.1978127807378769,0.21711375452891118,810.2411499023438,889.2979713760504
1,last_label_token,5,4096,4096,100000000.0,0.1979517787694931,True,3400,1190,0.19781270623207092,0.21711110988584886,810.24072265625,889.2870995273109
1,last_label_token,6,4096,4096,100000000.0,0.1979517787694931,True,3400,1190,0.1978127807378769,0.21711165965104304,810.2411499023438,889.2893513655462
1,last_label_token,7,4096,4096,100000000.0,0.1979517638683319,True,3400,1190,0.1978127360343933,0.21710685281192554,810.240966796875,889.2696559873949
1,last_label_token,8,4096,4096,100000000.0,0.19795174896717072,True,3400,1190,0.1978127807378769,0.21710815269406103,810.2411499023438,889.2750328256302
1,last_label_token,9,4096,4096,100000000.0,0.19795145094394684,True,3400,1190,0.19781258702278137,0.21710483006068637,810.2404174804688,889.2613707983194
1,last_label_token,10,4096,4096,100000000.0,0.1979515105485916,True,3400,1190,0.19781267642974854,0.21710421618293313,810.24072265625,889.2588629201681
1,last_label_token,11,4096,4096,100000000.0,0.19795143604278564,True,3400,1190,0.1978125274181366,0.21710499194489807,810.2401123046875,889.2620535714286
1,last_label_token,12,4096,4096,100000000.0,0.1979515105485916,True,3400,1190,0.19781245291233063,0.21710650339847853,810.23974609375,889.268224789916
1,last_label_token,13,4096,4096,100000000.0,0.19795134663581848,True,3400,1190,0.1978122442960739,0.21710524839513443,810.2389526367188,889.2630974264706
1,last_label_token,14,4096,4096,100000000.0,0.19795145094394684,True,3400,1190,0.1978122740983963,0.2171068768541352,810.2390747070312,889.2697807247899
1,last_label_token,15,4096,4096,100000000.0,0.1979515105485916,True,3400,1190,0.19781234860420227,0.2171088082449777,810.2393798828125,889.2777048319327
1,last_label_token,16,4096,4096,100000000.0,0.19795165956020355,True,3400,1190,0.19781236350536346,0.21710917689219242,810.239501953125,889.2792082457984
1,last_label_token,17,4096,4096,100000000.0,0.197951540350914,True,3400,1190,0.19781231880187988,0.21710881465623358,810.2392578125,889.2777179621849
1,last_label_token,18,4096,4096,100000000.0,0.19795167446136475,True,3400,1190,0.19781237840652466,0.21711024116067326,810.239501953125,889.2835609243698
1,last_label_token,19,4096,4096,100000000.0,0.19795162975788116,True,3400,1190,0.19781237840652466,0.21711060660226003,810.239501953125,889.2850052521009
1,last_label_token,20,4096,4096,100000000.0,0.19795168936252594,True,3400,1190,0.19781245291233063,0.21711073322456423,810.2398071289062,889.285543592437
1,last_label_token,21,4096,4096,100000000.0,0.19795149564743042,True,3400,1190,0.19781231880187988,0.21711056973753856,810.2392578125,889.2849067752101
1,last_label_token,22,4096,4096,100000000.0,0.19795159995555878,True,3400,1190,0.1978124976158142,0.21711141762613248,810.239990234375,889.2883665966386
1,last_label_token,23,4096,4096,100000000.0,0.19795165956020355,True,3400,1190,0.19781255722045898,0.21711171574953222,810.240234375,889.2895614495799
1,last_label_token,24,4096,4096,100000000.0,0.1979515254497528,True,3400,1190,0.1978125274181366,0.21711181031555687,810.2401123046875,889.289975052521
1,last_label_token,25,4096,4096,100000000.0,0.19795149564743042,True,3400,1190,0.1978125274181366,0.21711205234046743,810.2400512695312,889.2909795168067
1,last_label_token,26,4096,4096,100000000.0,0.19795143604278564,True,3400,1190,0.1978124976158142,0.21711182474088267,810.239990234375,889.2900341386554
1,last_label_token,27,4096,4096,100000000.0,0.19795137643814087,True,3400,1190,0.19781242311000824,0.2171119994476062,810.23974609375,889.290756302521
1,last_label_token,28,4096,4096,10000000.0,0.19795091450214386,False,3400,1190,0.19767405092716217,0.21705769450724627,809.6729125976562,889.0683167016807
2,pre_label_token,0,4096,4096,0.1,0.19795136153697968,True,3400,1190,0.19782809913158417,0.2171173656688017,810.3038940429688,889.312762605042
2,pre_label_token,1,4096,4096,10000000.0,0.19792602956295013,False,3400,1190,0.19765052199363708,0.2168496027714064,809.576416015625,888.2159729516807
2,pre_label_token,2,4096,4096,10000000.0,0.1979270577430725,False,3400,1190,0.19765125215053558,0.21683704312108143,809.5795288085938,888.1645483193278
2,pre_label_token,3,4096,4096,10000000.0,0.19792549312114716,False,3400,1190,0.1976509839296341,0.21684793584487017,809.5784301757812,888.2091386554622
2,pre_label_token,4,4096,4096,10000000.0,0.19793158769607544,False,3400,1190,0.19765318930149078,0.2168863088142972,809.5874633789062,888.3663340336135
2,pre_label_token,5,4096,4096,10000000.0,0.19793912768363953,False,3400,1190,0.1976601928472519,0.2169181310829996,809.6161499023438,888.4966649159663
2,pre_label_token,6,4096,4096,10000000.0,0.1979355365037918,False,3400,1190,0.19765695929527283,0.21689583433776344,809.6029052734375,888.4053243172269
2,pre_label_token,7,4096,4096,10000000.0,0.19793716073036194,False,3400,1190,0.1976574957370758,0.2168801764480206,809.6051025390625,888.3412092962185
2,pre_label_token,8,4096,4096,10000000.0,0.197940394282341,False,3400,1190,0.1976601779460907,0.2168774484586315,809.6161499023438,888.3300223214286
2,pre_label_token,9,4096,4096,10000000.0,0.19794036448001862,False,3400,1190,0.19766134023666382,0.21683816348805146,809.620849609375,888.1691110819328
2,pre_label_token,10,4096,4096,10000000.0,0.19794544577598572,False,3400,1190,0.19766658544540405,0.21682782213227086,809.642333984375,888.1267725840336
2,pre_label_token,11,4096,4096,10000000.0,0.19794687628746033,False,3400,1190,0.19766825437545776,0.216795823554031,809.6491088867188,887.9956801470588
2,pre_label_token,12,4096,4096,10000000.0,0.1979464441537857,False,3400,1190,0.19766823947429657,0.21681265149797713,809.6491088867188,888.0646205357143
2,pre_label_token,13,4096,4096,10000000.0,0.1979445070028305,False,3400,1190,0.19766587018966675,0.21683017506318933,809.6395263671875,888.1363904936975
2,pre_label_token,14,4096,4096,3162277.6601683795,0.19793936610221863,False,3400,1190,0.19736289978027344,0.21640173968146828,808.3984375,886.3815323004202
2,pre_label_token,15,4096,4096,3162277.6601683795,0.19793452322483063,False,3400,1190,0.19735562801361084,0.21639748901880088,808.36865234375,886.3641150210084
2,pre_label_token,16,4096,4096,3162277.6601683795,0.19793321192264557,False,3400,1190,0.1973540037870407,0.21641239999723033,808.3621215820312,886.4251903886554
2,pre_label_token,17,4096,4096,3162277.6601683795,0.19794006645679474,False,3400,1190,0.19735124707221985,0.21654346369895613,808.3506469726562,886.9620141806722
2,pre_label_token,18,4096,4096,3162277.6601683795,0.1979447603225708,False,3400,1190,0.1973525583744049,0.21662010705771567,808.3561401367188,887.2759388130252
2,pre_label_token,19,4096,4096,10000000.0,0.19794651865959167,False,3400,1190,0.1976631134748459,0.21694948853564863,809.6280517578125,888.6251181722689
2,pre_label_token,20,4096,4096,10000000.0,0.1979479044675827,False,3400,1190,0.1976637840270996,0.21699648304145877,809.6307983398438,888.8176142331932
2,pre_label_token,21,4096,4096,10000000.0,0.1979483813047409,False,3400,1190,0.19766391813755035,0.2170034681047712,809.6314086914062,888.8461790966387
2,pre_label_token,22,4096,4096,10000000.0,0.19794943928718567,False,3400,1190,0.19766457378864288,0.21701317314340288,809.6340942382812,888.8859440651261
2,pre_label_token,23,4096,4096,10000000.0,0.19795002043247223,False,3400,1190,0.19766543805599213,0.21702312982382896,809.6376342773438,888.9267594537815
2,pre_label_token,24,4096,4096,10000000.0,0.19795086979866028,False,3400,1190,0.19766633212566376,0.21703020624753808,809.6412963867188,888.9557444852941
2,pre_label_token,25,4096,4096,10000000.0,0.19794994592666626,False,3400,1190,0.19766566157341003,0.21703239408861688,809.6384887695312,888.9646796218487
2,pre_label_token,26,4096,4096,10000000.0,0.19795092940330505,False,3400,1190,0.19766634702682495,0.21704639306589335,809.641357421875,889.0220325630252
2,pre_label_token,27,4096,4096,10000000.0,0.19795039296150208,False,3400,1190,0.19766536355018616,0.21704610455937745,809.6373291015625,889.0208574054622
2,pre_label_token,28,4096,4096,3162277.6601683795,0.19794873893260956,False,3400,1190,0.1973363757133484,0.21692158033867845,808.289794921875,888.5107799369748
2,first_label_token,0,4096,4096,31622776.60168379,0.1979513317346573,False,3400,1190,0.1977752447128296,0.21712424494639165,810.08740234375,889.3409401260504
2,first_label_token,1,4096,4096,100000000.0,0.19795140624046326,True,3400,1190,0.19781173765659332,0.21712173173407548,810.2369384765625,889.3306263130252
2,first_label_token,2,4096,4096,100000000.0,0.19795143604278564,True,3400,1190,0.19781163334846497,0.21712056969394203,810.2364501953125,889.3258469012605
2,first_label_token,3,4096,4096,100000000.0,0.1979515254497528,True,3400,1190,0.1978117972612381,0.21712096719180837,810.2371215820312,889.3274619222689
2,first_label_token,4,4096,4096,100000000.0,0.19795162975788116,True,3400,1190,0.19781184196472168,0.2171207187556419,810.2373046875,889.3264837184873
2,first_label_token,5,4096,4096,100000000.0,0.19795158505439758,True,3400,1190,0.19781167805194855,0.21712041422098624,810.2366333007812,889.3252100840336
2,first_label_token,6,4096,4096,100000000.0,0.19795170426368713,True,3400,1190,0.1978118121623993,0.21712073798940962,810.2371826171875,889.326569065126
2,first_label_token,7,4096,4096,100000000.0,0.19795210659503937,True,3400,1190,0.1978122442960739,0.21711797954655496,810.2389526367188,889.3152245273109
2,first_label_token,8,4096,4096,100000000.0,0.1979520618915558,True,3400,1190,0.1978122442960739,0.21711555769463547,810.2388916015625,889.3053243172269
2,first_label_token,9,4096,4096,100000000.0,0.1979520469903946,True,3400,1190,0.19781219959259033,0.21711179909585904,810.23876953125,889.2899290966386
2,first_label_token,10,4096,4096,100000000.0,0.19795185327529907,True,3400,1190,0.1978120505809784,0.2171105328728171,810.2381591796875,889.2847360819328
2,first_label_token,11,4096,4096,100000000.0,0.19795167446136475,True,3400,1190,0.19781191647052765,0.2171107428414481,810.2376098632812,889.2856092436974
2,first_label_token,12,4096,4096,100000000.0,0.1979515552520752,True,3400,1190,0.1978117972612381,0.21710966575045546,810.2371215820312,889.2811843487395
2,first_label_token,13,4096,4096,100000000.0,0.19795134663581848,True,3400,1190,0.197811558842659,0.21711022673534747,810.2361450195312,889.2834952731092
2,first_label_token,14,4096,4096,100000000.0,0.19795142114162445,True,3400,1190,0.19781158864498138,0.21710979397557362,810.2362060546875,889.2817095588235
2,first_label_token,15,4096,4096,31622776.60168379,0.1979513168334961,False,3400,1190,0.19777584075927734,0.21709827935996176,810.08984375,889.2345850840336
2,first_label_token,16,4096,4096,31622776.60168379,0.1979512721300125,False,3400,1190,0.1977756917476654,0.2170985358101981,810.0892333984375,889.2356092436975
2,first_label_token,17,4096,4096,31622776.60168379,0.19795118272304535,False,3400,1190,0.19777551293373108,0.21709790590430508,810.0885009765625,889.2330028886555
2,first_label_token,18,4096,4096,31622776.60168379,0.1979512870311737,False,3400,1190,0.19777561724185944,0.21710332662117582,810.0889892578125,889.2552324054622
2,first_label_token,19,4096,4096,100000000.0,0.19795140624046326,True,3400,1190,0.19781140983104706,0.21711355097153606,810.2355346679688,889.2971310399159
2,first_label_token,20,4096,4096,100000000.0,0.19795143604278564,True,3400,1190,0.19781148433685303,0.21711491496623064,810.2357788085938,889.3026851365546
2,first_label_token,21,4096,4096,31622776.60168379,0.19795134663581848,False,3400,1190,0.19777554273605347,0.21710813666592124,810.088623046875,889.2749409138655
2,first_label_token,22,4096,4096,31622776.60168379,0.19795125722885132,False,3400,1190,0.19777549803256989,0.21711083740747275,810.08837890625,889.2860031512605
2,first_label_token,23,4096,4096,100000000.0,0.19795137643814087,True,3400,1190,0.19781148433685303,0.21711594557561795,810.23583984375,889.3069393382353
2,first_label_token,24,4096,4096,100000000.0,0.19795140624046326,True,3400,1190,0.19781149923801422,0.21711614592736508,810.2359008789062,889.3077337184874
2,first_label_token,25,4096,4096,100000000.0,0.19795134663581848,True,3400,1190,0.19781145453453064,0.21711698580188912,810.2357177734375,889.311193539916
2,first_label_token,26,4096,4096,100000000.0,0.19795142114162445,True,3400,1190,0.19781146943569183,0.21711751152487363,810.2357788085938,889.3133140756303
2,first_label_token,27,4096,4096,100000000.0,0.19795142114162445,True,3400,1190,0.19781148433685303,0.21711804205630006,810.2357177734375,889.3154740021008
2,first_label_token,28,4096,4096,100000000.0,0.19795134663581848,True,3400,1190,0.19781143963336945,0.21711785612987872,810.2357177734375,889.3147518382353
2,last_label_token,0,4096,4096,100000000.0,0.19795198738574982,True,3400,1190,0.19781209528446198,0.21711869600440273,810.2383422851562,889.3181919642857
2,last_label_token,1,4096,4096,100000000.0,0.19795192778110504,True,3400,1190,0.1978122889995575,0.21712148810635093,810.2391357421875,889.3296152836134
2,last_label_token,2,4096,4096,100000000.0,0.19795207679271698,True,3400,1190,0.19781233370304108,0.21711875851414786,810.2393188476562,889.3184086134454
2,last_label_token,3,4096,4096,100000000.0,0.1979520469903946,True,3400,1190,0.19781242311000824,0.21711774233008632,810.2396850585938,889.3142660189076
2,last_label_token,4,4096,4096,100000000.0,0.1979520618915558,True,3400,1190,0.19781231880187988,0.21711740413633715,810.2392578125,889.3128939075631
2,last_label_token,5,4096,4096,100000000.0,0.1979520171880722,True,3400,1190,0.19781222939491272,0.21711571477040523,810.2388916015625,889.3059742647059
2,last_label_token,6,4096,4096,100000000.0,0.19795215129852295,True,3400,1190,0.19781242311000824,0.2171169024555623,810.2396850585938,889.3108455882353
2,last_label_token,7,4096,4096,100000000.0,0.1979522556066513,True,3400,1190,0.19781258702278137,0.21711328650722986,810.240234375,889.2959821428572
2,last_label_token,8,4096,4096,100000000.0,0.19795219600200653,True,3400,1190,0.19781255722045898,0.21711149456120338,810.240234375,889.2887014180673
2,last_label_token,9,4096,4096,100000000.0,0.19795219600200653,True,3400,1190,0.19781260192394257,0.217107312819537,810.2404174804688,889.2715598739496
2,last_label_token,10,4096,4096,100000000.0,0.19795213639736176,True,3400,1190,0.1978125274181366,0.2171063367058249,810.2401123046875,889.2675354516807
2,last_label_token,11,4096,4096,100000000.0,0.1979520469903946,True,3400,1190,0.1978124976158142,0.21710733686174666,810.2398681640625,889.2716649159664
2,last_label_token,12,4096,4096,100000000.0,0.19795207679271698,True,3400,1190,0.19781242311000824,0.21710679030218044,810.2396850585938,889.269399947479
2,last_label_token,13,4096,4096,100000000.0,0.19795197248458862,True,3400,1190,0.19781231880187988,0.21710757568102926,810.2390747070312,889.2726365546218
2,last_label_token,14,4096,4096,100000000.0,0.19795195758342743,True,3400,1190,0.19781219959259033,0.21710696020046202,810.2388916015625,889.2701155462184
2,last_label_token,15,4096,4096,100000000.0,0.19795186817646027,True,3400,1190,0.1978120654821396,0.21710857102850906,810.2382202148438,889.2767397584033
2,last_label_token,16,4096,4096,100000000.0,0.1979517638683319,True,3400,1190,0.19781188666820526,0.21710823283475988,810.2374877929688,889.2753216911765
2,last_label_token,17,4096,4096,100000000.0,0.19795170426368713,True,3400,1190,0.1978118121623993,0.21710792028603434,810.2371826171875,889.2740546218488
2,last_label_token,18,4096,4096,100000000.0,0.19795174896717072,True,3400,1190,0.1978118121623993,0.21710891082507222,810.2371826171875,889.278131565126
2,last_label_token,19,4096,4096,100000000.0,0.1979517936706543,True,3400,1190,0.19781188666820526,0.2171098869387843,810.2374877929688,889.2820640756303
2,last_label_token,20,4096,4096,100000000.0,0.19795183837413788,True,3400,1190,0.19781191647052765,0.21711078772023945,810.237548828125,889.2857799369748
2,last_label_token,21,4096,4096,100000000.0,0.19795167446136475,True,3400,1190,0.1978117674589157,0.2171096352969899,810.2369995117188,889.2810793067227
2,last_label_token,22,4096,4096,100000000.0,0.19795171916484833,True,3400,1190,0.1978117674589157,0.21711075085551798,810.2369995117188,889.2856551995799
2,last_label_token,23,4096,4096,100000000.0,0.1979517936706543,True,3400,1190,0.19781188666820526,0.2171114384627142,810.2374877929688,889.2884453781512
2,last_label_token,24,4096,4096,100000000.0,0.19795183837413788,True,3400,1190,0.19781191647052765,0.2171118856478138,810.2376098632812,889.2902639180672
2,last_label_token,25,4096,4096,100000000.0,0.1979517638683319,True,3400,1190,0.19781188666820526,0.21711264698445296,810.2374877929688,889.2933429621849
2,last_label_token,26,4096,4096,100000000.0,0.19795185327529907,True,3400,1190,0.19781197607517242,0.21711287778966568,810.2378540039062,889.2943539915966
2,last_label_token,27,4096,4096,100000000.0,0.19795183837413788,True,3400,1190,0.19781199097633362,0.21711307653859885,810.2379150390625,889.295187762605
2,last_label_token,28,4096,4096,100000000.0,0.1979517936706543,True,3400,1190,0.19781193137168884,0.2171123568751231,810.2376098632812,889.2921940651261
3,pre_label_token,0,4096,4096,0.1,0.19795136153697968,True,3400,1190,0.19782809913158417,0.2171173656688017,810.3038940429688,889.312762605042
3,pre_label_token,1,4096,4096,3162277.6601683795,0.19788411259651184,False,3400,1190,0.1973375380039215,0.21651321539357932,808.2945556640625,886.8381368172269
3,pre_label_token,2,4096,4096,3162277.6601683795,0.1979060173034668,False,3400,1190,0.19737499952316284,0.21660869502219834,808.4480590820312,887.2292410714285
3,pre_label_token,3,4096,4096,3162277.6601683795,0.19790354371070862,False,3400,1190,0.19737298786640167,0.21660456937902114,808.439697265625,887.2122899159664
3,pre_label_token,4,4096,4096,3162277.6601683795,0.1979127824306488,False,3400,1190,0.19736233353614807,0.21673173984559643,808.3961181640625,887.7331801470589
3,pre_label_token,5,4096,4096,3162277.6601683795,0.1979256570339203,False,3400,1190,0.1973559856414795,0.21695389787689978,808.3700561523438,888.6431657037815
3,pre_label_token,6,4096,4096,3162277.6601683795,0.19792452454566956,False,3400,1190,0.19736112654209137,0.21684651895731438,808.3912963867188,888.2033350840336
3,pre_label_token,7,4096,4096,3162277.6601683795,0.1979246735572815,False,3400,1190,0.19736053049564362,0.2167660833406849,808.3887939453125,887.8738642331933
3,pre_label_token,8,4096,4096,10000000.0,0.197935089468956,False,3400,1190,0.19765329360961914,0.2168867511909549,809.587890625,888.3681525735294
3,pre_label_token,9,4096,4096,10000000.0,0.19794152677059174,False,3400,1190,0.19765914976596832,0.21680332472344407,809.6118774414062,888.026431197479
3,pre_label_token,10,4096,4096,10000000.0,0.19794608652591705,False,3400,1190,0.1976650059223175,0.21679564884730748,809.6358032226562,887.9950039390757
3,pre_label_token,11,4096,4096,10000000.0,0.19794423878192902,False,3400,1190,0.19766353070735931,0.21676615065887195,809.6298217773438,887.8741662289916
3,pre_label_token,12,4096,4096,10000000.0,0.19794267416000366,False,3400,1190,0.19766180217266083,0.2167704045271673,809.6227416992188,887.8915966386554
3,pre_label_token,13,4096,4096,3162277.6601683795,0.19793696701526642,False,3400,1190,0.19736367464065552,0.2163571558078798,808.4016723632812,886.1989101890756
3,pre_label_token,14,4096,4096,3162277.6601683795,0.1979350596666336,False,3400,1190,0.19735494256019592,0.21648822431804754,808.3657836914062,886.7357733718487
3,pre_label_token,15,4096,4096,10000000.0,0.1979428082704544,False,3400,1190,0.19765976071357727,0.21685342548274192,809.6143798828125,888.2316242121849
3,pre_label_token,16,4096,4096,10000000.0,0.19794505834579468,False,3400,1190,0.1976616382598877,0.2168781008039202,809.6220703125,888.3327074579832
3,pre_label_token,17,4096,4096,10000000.0,0.19794876873493195,False,3400,1190,0.19766388833522797,0.2169556802060424,809.6312866210938,888.6504726890756
3,pre_label_token,18,4096,4096,31622776.60168379,0.19795095920562744,False,3400,1190,0.19777487218379974,0.21707085040437074,810.0858764648438,889.1222229516807
3,pre_label_token,19,4096,4096,100000000.0,0.19795165956020355,True,3400,1190,0.197811558842659,0.2171060433908671,810.2361450195312,889.2663734243697
3,pre_label_token,20,4096,4096,100000000.0,0.19795165956020355,True,3400,1190,0.19781163334846497,0.2171101385805787,810.2363891601562,889.2831210609244
3,pre_label_token,21,4096,4096,100000000.0,0.19795168936252594,True,3400,1190,0.19781166315078735,0.21711106821268547,810.236572265625,889.2869288340336
3,pre_label_token,22,4096,4096,100000000.0,0.19795183837413788,True,3400,1190,0.19781182706356049,0.2171121869768415,810.2371826171875,889.2915112920168
3,pre_label_token,23,4096,4096,100000000.0,0.19795189797878265,True,3400,1190,0.19781188666820526,0.2171132816987879,810.2374877929688,889.2959887079832
3,pre_label_token,24,4096,4096,100000000.0,0.19795195758342743,True,3400,1190,0.19781193137168884,0.21711333459164917,810.2376098632812,889.296225052521
3,pre_label_token,25,4096,4096,100000000.0,0.19795186817646027,True,3400,1190,0.19781188666820526,0.2171135702053038,810.2374877929688,889.2972032563025
3,pre_label_token,26,4096,4096,100000000.0,0.19795186817646027,True,3400,1190,0.19781188666820526,0.2171147915495544,810.237548828125,889.3021730567227
3,pre_label_token,27,4096,4096,100000000.0,0.19795171916484833,True,3400,1190,0.19781173765659332,0.21711634467629826,810.2368774414062,889.3085543592437
3,pre_label_token,28,4096,4096,100000000.0,0.19795165956020355,True,3400,1190,0.19781173765659332,0.21711761410496816,810.23681640625,889.3137605042017
3,first_label_token,0,4096,4096,100000000.0,0.19795210659503937,True,3400,1190,0.1978125423192978,0.2171207059331301,810.2401733398438,889.3264115021009
3,first_label_token,1,4096,4096,100000000.0,0.19795167446136475,True,3400,1190,0.19781242311000824,0.21712066425996668,810.2396850585938,889.3262736344537
3,first_label_token,2,4096,4096,100000000.0,0.1979517638683319,True,3400,1190,0.19781236350536346,0.2171206915078043,810.239501953125,889.3263655462185
3,first_label_token,3,4096,4096,100000000.0,0.19795171916484833,True,3400,1190,0.19781234860420227,0.21712166762151638,810.2393188476562,889.3303571428571
3,first_label_token,4,4096,4096,100000000.0,0.19795146584510803,True,3400,1190,0.19781197607517242,0.21711819592644185,810.2378540039062,889.316137079832
3,first_label_token,5,4096,4096,100000000.0,0.19795145094394684,True,3400,1190,0.19781188666820526,0.21711617157238872,810.2374877929688,889.3078518907563
3,first_label_token,6,4096,4096,100000000.0,0.19795143604278564,True,3400,1190,0.19781182706356049,0.21711769264285305,810.2372436523438,889.3140625
3,first_label_token,7,4096,4096,100000000.0,0.1979518085718155,True,3400,1190,0.19781222939491272,0.2171158638321051,810.2389526367188,889.3065519957984
3,first_label_token,8,4096,4096,100000000.0,0.19795171916484833,True,3400,1190,0.19781209528446198,0.2171136888135381,810.23828125,889.297669380252
3,first_label_token,9,4096,4096,100000000.0,0.19795167446136475,True,3400,1190,0.19781209528446198,0.2171116147722517,810.2383422851562,889.2891609768908
3,first_label_token,10,4096,4096,100000000.0,0.19795158505439758,True,3400,1190,0.19781208038330078,0.21711035175483767,810.23828125,889.2840007878151
3,first_label_token,11,4096,4096,100000000.0,0.19795146584510803,True,3400,1190,0.19781197607517242,0.21711005363143793,810.2378540039062,889.2827599789916
3,first_label_token,12,4096,4096,100000000.0,0.19795149564743042,True,3400,1190,0.19781185686588287,0.217108997377027,810.2374877929688,889.2784532563026
3,first_label_token,13,4096,4096,100000000.0,0.19795146584510803,True,3400,1190,0.19781184196472168,0.21711018506218405,810.2372436523438,889.283324579832
3,first_label_token,14,4096,4096,100000000.0,0.19795142114162445,True,3400,1190,0.1978118121623993,0.2171116131694377,810.2371826171875,889.289200367647
3,first_label_token,15,4096,4096,100000000.0,0.19795145094394684,True,3400,1190,0.1978117972612381,0.21711316469336758,810.2371215820312,889.29556197479
3,first_label_token,16,4096,4096,100000000.0,0.1979515105485916,True,3400,1190,0.1978117674589157,0.21711273994766364,810.2369995117188,889.2938287815126
3,first_label_token,17,4096,4096,100000000.0,0.19795159995555878,True,3400,1190,0.1978118121623993,0.21711362309816504,810.2371826171875,889.297393644958
3,first_label_token,18,4096,4096,100000000.0,0.1979515105485916,True,3400,1190,0.19781166315078735,0.21711539901605173,810.2365112304688,889.3046612394958
3,first_label_token,19,4096,4096,100000000.0,0.19795165956020355,True,3400,1190,0.1978118121623993,0.2171165322055336,810.2371826171875,889.3093224789916
3,first_label_token,20,4096,4096,100000000.0,0.19795159995555878,True,3400,1190,0.19781175255775452,0.2171178208679712,810.2369384765625,889.3146008403361
3,first_label_token,21,4096,4096,100000000.0,0.19795161485671997,True,3400,1190,0.1978117674589157,0.21711779522294758,810.2369995117188,889.3144761029412
3,first_label_token,22,4096,4096,100000000.0,0.19795161485671997,True,3400,1190,0.1978118121623993,0.21711838666130515,810.2369995117188,889.316931460084
3,first_label_token,23,4096,4096,100000000.0,0.19795162975788116,True,3400,1190,0.1978118121623993,0.2171190422122218,810.2371826171875,889.3196100315126
3,first_label_token,24,4096,4096,100000000.0,0.19795167446136475,True,3400,1190,0.19781188666820526,0.21711922813864315,810.2374877929688,889.3203518907563
3,first_label_token,25,4096,4096,100000000.0,0.19795165956020355,True,3400,1190,0.19781185686588287,0.21712020425235523,810.2373657226562,889.324356617647
3,first_label_token,26,4096,4096,100000000.0,0.19795165956020355,True,3400,1190,0.19781188666820526,0.21712100886497177,810.2374877929688,889.3276523109243
3,first_label_token,27,4096,4096,100000000.0,0.19795171916484833,True,3400,1190,0.19781193137168884,0.2171217493650292,810.2376098632812,889.3307116596638
3,first_label_token,28,4096,4096,100000000.0,0.19795165956020355,True,3400,1190,0.19781188666820526,0.21712208435315045,810.2374877929688,889.332037815126
3,last_label_token,0,4096,4096,100000000.0,0.19795210659503937,True,3400,1190,0.19781264662742615,0.21712153779358423,810.24072265625,889.329818802521
3,last_label_token,1,4096,4096,100000000.0,0.19795197248458862,True,3400,1190,0.19781267642974854,0.217121904837985,810.24072265625,889.3313353466386
3,last_label_token,2,4096,4096,100000000.0,0.1979518085718155,True,3400,1190,0.19781245291233063,0.21711978271227925,810.2398071289062,889.3226431197479
3,last_label_token,3,4096,4096,100000000.0,0.19795188307762146,True,3400,1190,0.1978124976158142,0.21711979393197708,810.239990234375,889.3226496848739
3,last_label_token,4,4096,4096,100000000.0,0.1979518085718155,True,3400,1190,0.1978122442960739,0.21711718775645023,810.239013671875,889.311981355042
3,last_label_token,5,4096,4096,100000000.0,0.19795188307762146,True,3400,1190,0.1978122442960739,0.2171172678971491,810.2389526367188,889.3123227415966
3,last_label_token,6,4096,4096,100000000.0,0.19795188307762146,True,3400,1190,0.1978122591972351,0.21711779522294758,810.2389526367188,889.3144826680672
3,last_label_token,7,4096,4096,100000000.0,0.19795213639736176,True,3400,1190,0.1978124976158142,0.21711465531036633,810.239990234375,889.3016281512605
3,last_label_token,8,4096,4096,100000000.0,0.19795198738574982,True,3400,1190,0.19781231880187988,0.21711062743884174,810.2393188476562,889.2851299894958
3,last_label_token,9,4096,4096,100000000.0,0.19795189797878265,True,3400,1190,0.1978122591972351,0.2171098869387843,810.2390747070312,889.2821034663865
3,last_label_token,10,4096,4096,100000000.0,0.1979517936706543,True,3400,1190,0.1978122889995575,0.21710903584456243,810.2391357421875,889.2786239495798
3,last_label_token,11,4096,4096,100000000.0,0.19795167446136475,True,3400,1190,0.19781215488910675,0.21710806453929227,810.238525390625,889.2746192226891
3,last_label_token,12,4096,4096,100000000.0,0.19795174896717072,True,3400,1190,0.19781209528446198,0.21710786899598708,810.2383422851562,889.2738314075631
3,last_label_token,13,4096,4096,100000000.0,0.19795161485671997,True,3400,1190,0.19781193137168884,0.21710862552418428,810.2376708984375,889.2769170168067
3,last_label_token,14,4096,4096,100000000.0,0.1979515105485916,True,3400,1190,0.19781190156936646,0.21710902302205062,810.2374877929688,889.2785648634454
3,last_label_token,15,4096,4096,100000000.0,0.1979515254497528,True,3400,1190,0.19781184196472168,0.21711116117589613,810.2373046875,889.2873227415967
3,last_label_token,16,4096,4096,100000000.0,0.19795159995555878,True,3400,1190,0.1978118121623993,0.21711092235661356,810.2371826171875,889.2863576680672
3,last_label_token,17,4096,4096,100000000.0,0.1979515552520752,True,3400,1190,0.19781173765659332,0.21711116758715204,810.2368774414062,889.2873293067227
3,last_label_token,18,4096,4096,100000000.0,0.19795165956020355,True,3400,1190,0.19781173765659332,0.21711302204292363,810.2368774414062,889.2949251575631
3,last_label_token,19,4096,4096,100000000.0,0.1979517936706543,True,3400,1190,0.19781190156936646,0.21711494702251016,810.2374877929688,889.3028426995799
3,last_label_token,20,4096,4096,100000000.0,0.19795159995555878,True,3400,1190,0.19781166315078735,0.21711531246409696,810.236572265625,889.3043329831933
3,last_label_token,21,4096,4096,100000000.0,0.19795159995555878,True,3400,1190,0.19781163334846497,0.21711503197165097,810.2364501953125,889.3031775210084
3,last_label_token,22,4096,4096,100000000.0,0.19795161485671997,True,3400,1190,0.19781158864498138,0.2171152675853056,810.2362670898438,889.3041491596639
3,last_label_token,23,4096,4096,100000000.0,0.19795158505439758,True,3400,1190,0.197811558842659,0.21711565065784616,810.2361450195312,889.3056853991596
3,last_label_token,24,4096,4096,100000000.0,0.19795158505439758,True,3400,1190,0.1978115439414978,0.21711541985263344,810.2360229492188,889.3047465861345
3,last_label_token,25,4096,4096,100000000.0,0.19795145094394684,True,3400,1190,0.19781145453453064,0.21711537497384206,810.2357177734375,889.3045693277311
3,last_label_token,26,4096,4096,100000000.0,0.1979515105485916,True,3400,1190,0.19781145453453064,0.21711637833539177,810.2357177734375,889.3086725315126
3,last_label_token,27,4096,4096,31622776.60168379,0.19795124232769012,False,3400,1190,0.19777518510818481,0.21711650656050996,810.0870971679688,889.3092371323529
3,last_label_token,28,4096,4096,10000000.0,0.1979510486125946,False,3400,1190,0.19766353070735931,0.21711346602239529,809.6297607421875,889.2967305672269
4,pre_label_token,0,4096,4096,0.1,0.19795136153697968,True,3400,1190,0.19782809913158417,0.2171173656688017,810.3038940429688,889.312762605042
4,pre_label_token,1,4096,4096,3162277.6601683795,0.1979266256093979,False,3400,1190,0.19737361371517181,0.21679076026467717,808.4423217773438,887.9749540441177
4,pre_label_token,2,4096,4096,3162277.6601683795,0.1979215294122696,False,3400,1190,0.1973796784877777,0.21683974386263294,808.4671630859375,888.1756236869747
4,pre_label_token,3,4096,4096,3162277.6601683795,0.19791214168071747,False,3400,1190,0.19737498462200165,0.2168157048586036,808.4479370117188,888.0771205357142
4,pre_label_token,4,4096,4096,3162277.6601683795,0.197922021150589,False,3400,1190,0.19736738502979279,0.21693207235897288,808.4168701171875,888.553774947479
4,pre_label_token,5,4096,4096,10000000.0,0.19793985784053802,False,3400,1190,0.19765949249267578,0.2170614579144646,809.6132202148438,889.083731617647
4,pre_label_token,6,4096,4096,3162277.6601683795,0.1979367882013321,False,3400,1190,0.19737793505191803,0.21687930932565896,808.4599609375,888.3376706932773
4,pre_label_token,7,4096,4096,10000000.0,0.19793713092803955,False,3400,1190,0.1976562887430191,0.21693413197493353,809.6001586914062,888.5622045693277
4,pre_label_token,8,4096,4096,10000000.0,0.19793879985809326,False,3400,1190,0.1976577639579773,0.21689733617446003,809.606201171875,888.4114824054622
4,pre_label_token,9,4096,4096,10000000.0,0.19794364273548126,False,3400,1190,0.19766320288181305,0.21679030185987969,809.62841796875,887.9730698529412
4,pre_label_token,10,4096,4096,10000000.0,0.19794794917106628,False,3400,1190,0.1976681500673294,0.21678432817218685,809.6488037109375,887.9486213235294
4,pre_label_token,11,4096,4096,10000000.0,0.1979449987411499,False,3400,1190,0.1976650357246399,0.21674293710404083,809.6360473632812,887.7790638130252
4,pre_label_token,12,4096,4096,10000000.0,0.19794583320617676,False,3400,1190,0.19766494631767273,0.21676035328071658,809.6356811523438,887.8504201680672
4,pre_label_token,13,4096,4096,10000000.0,0.19794721901416779,False,3400,1190,0.19766543805599213,0.21677599995076155,809.6375122070312,887.9145089285714
4,pre_label_token,14,4096,4096,10000000.0,0.1979471892118454,False,3400,1190,0.19766494631767273,0.21682900981742795,809.6355590820312,888.1316110819328
4,pre_label_token,15,4096,4096,10000000.0,0.19794723391532898,False,3400,1190,0.1976645141839981,0.21683290786102039,809.6339111328125,888.1475840336135
4,pre_label_token,16,4096,4096,10000000.0,0.1979483962059021,False,3400,1190,0.19766540825366974,0.2168667624978458,809.6376342773438,888.2862723214286
4,pre_label_token,17,4096,4096,10000000.0,0.19794969260692596,False,3400,1190,0.1976645290851593,0.21692058819682658,809.6339111328125,888.5066898634453
4,pre_label_token,18,4096,4096,10000000.0,0.19794924557209015,False,3400,1190,0.19766388833522797,0.2169488730550814,809.6312866210938,888.6225774684874
4,pre_label_token,19,4096,4096,31622776.60168379,0.1979512870311737,False,3400,1190,0.1977754831314087,0.21707071576799666,810.08837890625,889.1216583508403
4,pre_label_token,20,4096,4096,100000000.0,0.19795142114162445,True,3400,1190,0.19781138002872467,0.21710614917658957,810.2354125976562,889.2667804621849
4,pre_label_token,21,4096,4096,100000000.0,0.19795136153697968,True,3400,1190,0.19781138002872467,0.21710837388238988,810.2354125976562,889.2759322478992
4,pre_label_token,22,4096,4096,100000000.0,0.19795146584510803,True,3400,1190,0.19781148433685303,0.21711041586739677,810.23583984375,889.2842765231093
4,pre_label_token,23,4096,4096,100000000.0,0.19795159995555878,True,3400,1190,0.19781163334846497,0.2171115362343668,810.2364501953125,889.2888524159664
4,pre_label_token,24,4096,4096,100000000.0,0.197951540350914,True,3400,1190,0.19781166315078735,0.21711222223874901,810.236572265625,889.291668855042
4,pre_label_token,25,4096,4096,100000000.0,0.19795165956020355,True,3400,1190,0.19781184196472168,0.21711275437298944,810.2373046875,889.2938353466386
4,pre_label_token,26,4096,4096,100000000.0,0.19795165956020355,True,3400,1190,0.19781184196472168,0.21711409111984636,810.2373046875,889.2993237920168
4,pre_label_token,27,4096,4096,100000000.0,0.197951540350914,True,3400,1190,0.1978117674589157,0.21711615874987691,810.2369995117188,889.3077796743697
4,pre_label_token,28,4096,4096,100000000.0,0.19795167446136475,True,3400,1190,0.19781194627285004,0.21711788017208836,810.2377319335938,889.3148371848739
4,first_label_token,0,4096,4096,100000000.0,0.19795194268226624,True,3400,1190,0.1978115737438202,0.21711488451276506,810.2362060546875,889.3025735294118
4,first_label_token,1,4096,4096,100000000.0,0.19795171916484833,True,3400,1190,0.19781167805194855,0.21711450624866646,810.236572265625,889.3010110294117
4,first_label_token,2,4096,4096,100000000.0,0.19795185327529907,True,3400,1190,0.19781182706356049,0.21711344037737165,810.2372436523438,889.2966714810924
4,first_label_token,3,4096,4096,100000000.0,0.1979518085718155,True,3400,1190,0.19781175255775452,0.2171125460071724,810.2369384765625,889.2930212710085
4,first_label_token,4,4096,4096,100000000.0,0.19795170426368713,True,3400,1190,0.19781161844730377,0.2171104911996537,810.2364501953125,889.2845719537816
4,first_label_token,5,4096,4096,100000000.0,0.19795161485671997,True,3400,1190,0.1978115737438202,0.2171080212633149,810.2362060546875,889.2744485294118
4,first_label_token,6,4096,4096,100000000.0,0.19795165956020355,True,3400,1190,0.19781173765659332,0.21710785617347525,810.2368774414062,889.2737985819327
4,first_label_token,7,4096,4096,100000000.0,0.19795167446136475,True,3400,1190,0.1978118121623993,0.21710449827819311,810.2371215820312,889.2600052521009
4,first_label_token,8,4096,4096,100000000.0,0.1979515552520752,True,3400,1190,0.19781170785427094,0.21710396934958065,810.2367553710938,889.2578715861345
4,first_label_token,9,4096,4096,100000000.0,0.1979515552520752,True,3400,1190,0.19781173765659332,0.21710241141439485,810.2368774414062,889.2514705882353
4,first_label_token,10,4096,4096,100000000.0,0.1979515105485916,True,3400,1190,0.19781173765659332,0.21710053131359966,810.2369384765625,889.24375
4,first_label_token,11,4096,4096,100000000.0,0.19795158505439758,True,3400,1190,0.19781172275543213,0.21710267107025916,810.23681640625,889.2525472689076
4,first_label_token,12,4096,4096,100000000.0,0.19795161485671997,True,3400,1190,0.19781172275543213,0.21710369526839057,810.2368774414062,889.2567226890757
4,first_label_token,13,4096,4096,100000000.0,0.19795171916484833,True,3400,1190,0.1978118121623993,0.21710438928684267,810.2372436523438,889.2595653886555
4,first_label_token,14,4096,4096,100000000.0,0.19795174896717072,True,3400,1190,0.1978117674589157,0.21710539264839238,810.2369995117188,889.2636685924369
4,first_label_token,15,4096,4096,100000000.0,0.19795168936252594,True,3400,1190,0.19781173765659332,0.2171059937036338,810.23681640625,889.2661239495799
4,first_label_token,16,4096,4096,100000000.0,0.19795165956020355,True,3400,1190,0.19781161844730377,0.21710627579889377,810.2364501953125,889.2673384978991
4,first_label_token,17,4096,4096,100000000.0,0.19795159995555878,True,3400,1190,0.197811558842659,0.217106048199309,810.2361450195312,889.2663931197479
4,first_label_token,18,4096,4096,100000000.0,0.197951540350914,True,3400,1190,0.1978115290403366,0.21710750034877233,810.2360229492188,889.2723476890757
4,first_label_token,19,4096,4096,100000000.0,0.19795167446136475,True,3400,1190,0.19781163334846497,0.21710872009020893,810.2364501953125,889.2773306197479
4,first_label_token,20,4096,4096,100000000.0,0.19795170426368713,True,3400,1190,0.19781163334846497,0.2171092137569139,810.2364501953125,889.2793658088235
4,first_label_token,21,4096,4096,100000000.0,0.19795167446136475,True,3400,1190,0.19781161844730377,0.21710958721257057,810.2364501953125,889.280869222689
4,first_label_token,22,4096,4096,100000000.0,0.19795167446136475,True,3400,1190,0.19781164824962616,0.2171105184474913,810.2365112304688,889.2847163865546
4,first_label_token,23,4096,4096,100000000.0,0.19795162975788116,True,3400,1190,0.19781164824962616,0.21711095761852103,810.236572265625,889.2865086659664
4,first_label_token,24,4096,4096,100000000.0,0.1979515552520752,True,3400,1190,0.19781158864498138,0.21711134389668954,810.2363891601562,889.2880646008404
4,first_label_token,25,4096,4096,100000000.0,0.1979515552520752,True,3400,1190,0.19781158864498138,0.21711261973661536,810.2362670898438,889.2933298319327
4,first_label_token,26,4096,4096,100000000.0,0.19795158505439758,True,3400,1190,0.19781163334846497,0.21711349807867483,810.2364501953125,889.2968946953781
4,first_label_token,27,4096,4096,100000000.0,0.1979515105485916,True,3400,1190,0.197811558842659,0.21711431070536125,810.2361450195312,889.3002100840337
4,first_label_token,28,4096,4096,100000000.0,0.19795158505439758,True,3400,1190,0.19781164824962616,0.21711440847701385,810.2364501953125,889.3006171218487
4,last_label_token,0,4096,4096,100000000.0,0.19795210659503937,True,3400,1190,0.19781164824962616,0.21711740894477907,810.2365112304688,889.312880777311
4,last_label_token,1,4096,4096,100000000.0,0.19795210659503937,True,3400,1190,0.19781194627285004,0.2171172951449867,810.2377319335938,889.3124803046219
4,last_label_token,2,4096,4096,100000000.0,0.19795215129852295,True,3400,1190,0.19781199097633362,0.21711560097061286,810.2379760742188,889.3054950105042
4,last_label_token,3,4096,4096,100000000.0,0.19795194268226624,True,3400,1190,0.19781173765659332,0.21711474987639098,810.2368774414062,889.3020089285715
4,last_label_token,4,4096,4096,100000000.0,0.19795186817646027,True,3400,1190,0.19781167805194855,0.2171128056630367,810.236572265625,889.2940323004202
4,last_label_token,5,4096,4096,100000000.0,0.1979517787694931,True,3400,1190,0.19781170785427094,0.2171096064463383,810.2367553710938,889.2809545693277
4,last_label_token,6,4096,4096,100000000.0,0.1979518085718155,True,3400,1190,0.19781184196472168,0.21711016582841633,810.2373046875,889.2832392331933
4,last_label_token,7,4096,4096,100000000.0,0.1979518085718155,True,3400,1190,0.19781191647052765,0.2171036215389476,810.2376098632812,889.2564272584034
4,last_label_token,8,4096,4096,100000000.0,0.19795162975788116,True,3400,1190,0.19781184196472168,0.21709971387847132,810.2372436523438,889.2404411764705
4,last_label_token,9,4096,4096,100000000.0,0.19795165956020355,True,3400,1190,0.19781184196472168,0.21709842681884767,810.2373046875,889.23515625
4,last_label_token,10,4096,4096,100000000.0,0.19795149564743042,True,3400,1190,0.19781173765659332,0.21709616043988397,810.2368774414062,889.2258862920168
4,last_label_token,11,4096,4096,100000000.0,0.1979515254497528,True,3400,1190,0.1978117674589157,0.21709877623229468,810.2369995117188,889.2365349264705
4,last_label_token,12,4096,4096,100000000.0,0.197951540350914,True,3400,1190,0.19781170785427094,0.21710090156362838,810.2367553710938,889.245299369748
4,last_label_token,13,4096,4096,100000000.0,0.19795159995555878,True,3400,1190,0.19781172275543213,0.21710106665346804,810.2367553710938,889.2459690126051
4,last_label_token,14,4096,4096,100000000.0,0.197951540350914,True,3400,1190,0.19781164824962616,0.2171013551599839,810.2364501953125,889.2471244747899
4,last_label_token,15,4096,4096,100000000.0,0.19795161485671997,True,3400,1190,0.19781166315078735,0.21710318557354583,810.236572265625,889.2546546743697
4,last_label_token,16,4096,4096,100000000.0,0.19795159995555878,True,3400,1190,0.19781158864498138,0.21710276243065585,810.2362060546875,889.2529149159664
4,last_label_token,17,4096,4096,100000000.0,0.19795161485671997,True,3400,1190,0.1978115737438202,0.21710309421314913,810.2362060546875,889.2542738970589
4,last_label_token,18,4096,4096,100000000.0,0.19795162975788116,True,3400,1190,0.197811558842659,0.21710430594051586,810.236083984375,889.259237132353
4,last_label_token,19,4096,4096,100000000.0,0.19795162975788116,True,3400,1190,0.1978115439414978,0.21710613475126378,810.2360229492188,889.2667213760504
4,last_label_token,20,4096,4096,100000000.0,0.19795161485671997,True,3400,1190,0.19781148433685303,0.21710632708894104,810.23583984375,889.2675157563025
4,last_label_token,21,4096,4096,100000000.0,0.19795161485671997,True,3400,1190,0.19781145453453064,0.21710629342984752,810.2357177734375,889.2673581932773
4,last_label_token,22,4096,4096,100000000.0,0.19795162975788116,True,3400,1190,0.19781143963336945,0.21710727274918756,810.2357177734375,889.2713826155463
4,last_label_token,23,4096,4096,100000000.0,0.1979515552520752,True,3400,1190,0.19781138002872467,0.21710780808905594,810.2354125976562,889.2735819327731
4,last_label_token,24,4096,4096,100000000.0,0.19795143604278564,True,3400,1190,0.1978113204240799,0.21710866880016166,810.2351684570312,889.2770942752101
4,last_label_token,25,4096,4096,100000000.0,0.19795146584510803,True,3400,1190,0.19781135022640228,0.21710918330344833,810.2352905273438,889.2792148109244
4,last_label_token,26,4096,4096,100000000.0,0.19795142114162445,True,3400,1190,0.1978113055229187,0.2171101610199744,810.235107421875,889.2831998424369
4,last_label_token,27,4096,4096,31622776.60168379,0.19795110821723938,False,3400,1190,0.1977749764919281,0.21709666372347278,810.0863037109375,889.2279411764706
4,last_label_token,28,4096,4096,10000000.0,0.19795101881027222,False,3400,1190,0.19766350090503693,0.21705566534475118,809.6297607421875,889.0600052521008
5,pre_label_token,0,4096,4096,0.1,0.19795136153697968,True,3400,1190,0.19782809913158417,0.2171173656688017,810.3038940429688,889.312762605042
5,pre_label_token,1,4096,4096,3162277.6601683795,0.19791004061698914,False,3400,1190,0.197362020611763,0.21711821836583756,808.394775390625,889.3162224264706
5,pre_label_token,2,4096,4096,3162277.6601683795,0.1978883445262909,False,3400,1190,0.19735516607761383,0.21723845505914768,808.3667602539062,889.8086987920168
5,pre_label_token,3,4096,4096,3162277.6601683795,0.19789427518844604,False,3400,1190,0.19736172258853912,0.21717690379679705,808.3937377929688,889.5566176470588
5,pre_label_token,4,4096,4096,3162277.6601683795,0.19791118800640106,False,3400,1190,0.19735749065876007,0.21708887885598577,808.376220703125,889.1960871848739
5,pre_label_token,5,4096,4096,10000000.0,0.19794319570064545,False,3400,1190,0.1976601481437683,0.21708546165658646,809.6160888671875,889.1820575105043
5,pre_label_token,6,4096,4096,10000000.0,0.19794131815433502,False,3400,1190,0.1976584792137146,0.21701256567690552,809.6092529296875,888.8834887079832
5,pre_label_token,7,4096,4096,10000000.0,0.19794198870658875,False,3400,1190,0.1976587176322937,0.2169548098780528,809.6100463867188,888.6469209558824
5,pre_label_token,8,4096,4096,10000000.0,0.19794192910194397,False,3400,1190,0.19765938818454742,0.21694815178879168,809.6128540039062,888.6196297268907
5,pre_label_token,9,4096,4096,10000000.0,0.19794496893882751,False,3400,1190,0.19766353070735931,0.21686188192928538,809.6298217773438,888.2662880777311
5,pre_label_token,10,4096,4096,10000000.0,0.19794687628746033,False,3400,1190,0.19766627252101898,0.21684118158677046,809.6410522460938,888.1814666491597
5,pre_label_token,11,4096,4096,10000000.0,0.19794486463069916,False,3400,1190,0.19766411185264587,0.2167962707391306,809.6322631835938,887.997524947479
5,pre_label_token,12,4096,4096,10000000.0,0.1979445219039917,False,3400,1190,0.19766263663768768,0.21678569537250936,809.6261596679688,887.9542016806722
5,pre_label_token,13,4096,4096,10000000.0,0.19794651865959167,False,3400,1190,0.1976643055677414,0.21680813316537553,809.6329956054688,888.0461397058823
5,pre_label_token,14,4096,4096,10000000.0,0.19794785976409912,False,3400,1190,0.19766435027122498,0.21686272661225134,809.6331787109375,888.2697085084034
5,pre_label_token,15,4096,4096,10000000.0,0.19795040786266327,False,3400,1190,0.19766582548618317,0.2168854176497259,809.6392211914062,888.3626772584033
5,pre_label_token,16,4096,4096,31622776.60168379,0.197951078414917,False,3400,1190,0.19777479767799377,0.2170474765681419,810.0855712890625,889.0264837184874
5,pre_label_token,17,4096,4096,100000000.0,0.19795134663581848,True,3400,1190,0.19781123101711273,0.21710181035915344,810.2347412109375,889.2490086659664
5,pre_label_token,18,4096,4096,100000000.0,0.19795140624046326,True,3400,1190,0.19781123101711273,0.2171063014439174,810.2348022460938,889.2674238445378
5,pre_label_token,19,4096,4096,100000000.0,0.1979515552520752,True,3400,1190,0.19781158864498138,0.2171090246248646,810.2362060546875,889.2785517331932
5,pre_label_token,20,4096,4096,100000000.0,0.19795167446136475,True,3400,1190,0.19781172275543213,0.21711259890003365,810.2368774414062,889.2931919642857
5,pre_label_token,21,4096,4096,100000000.0,0.19795171916484833,True,3400,1190,0.1978118121623993,0.2171144613698751,810.2371826171875,889.3008337710085
5,pre_label_token,22,4096,4096,100000000.0,0.1979518085718155,True,3400,1190,0.19781191647052765,0.21711501113506926,810.2376098632812,889.3030659138656
5,pre_label_token,23,4096,4096,100000000.0,0.19795183837413788,True,3400,1190,0.19781194627285004,0.21711517301928096,810.2377319335938,889.3037421218487
5,pre_label_token,24,4096,4096,100000000.0,0.19795186817646027,True,3400,1190,0.1978120058774948,0.21711571477040523,810.2379150390625,889.3059808298319
5,pre_label_token,25,4096,4096,100000000.0,0.19795192778110504,True,3400,1190,0.19781209528446198,0.21711641680292723,810.2383422851562,889.308862920168
5,pre_label_token,26,4096,4096,100000000.0,0.1979520320892334,True,3400,1190,0.19781219959259033,0.21711782567641313,810.23876953125,889.3146205357143
5,pre_label_token,27,4096,4096,100000000.0,0.19795219600200653,True,3400,1190,0.19781240820884705,0.2171191191472927,810.239501953125,889.319925157563
5,pre_label_token,28,4096,4096,100000000.0,0.19795233011245728,True,3400,1190,0.19781255722045898,0.2171210970197405,810.2401733398438,889.3280396533613
5,first_label_token,0,4096,4096,100000000.0,0.19795219600200653,True,3400,1190,0.1978129893541336,0.21711716050861263,810.2420043945312,889.3118763130252
5,first_label_token,1,4096,4096,100000000.0,0.19795246422290802,True,3400,1190,0.19781357049942017,0.21711739612226727,810.244384765625,889.3128676470589
5,first_label_token,2,4096,4096,100000000.0,0.19795233011245728,True,3400,1190,0.19781328737735748,0.21711504479416277,810.2432250976562,889.3032431722689
5,first_label_token,3,4096,4096,100000000.0,0.19795221090316772,True,3400,1190,0.1978132277727127,0.2171149309943704,810.2429809570312,889.3027376575631
5,first_label_token,4,4096,4096,100000000.0,0.1979518085718155,True,3400,1190,0.19781267642974854,0.21710848607936828,810.24072265625,889.2763589810925
5,first_label_token,5,4096,4096,100000000.0,0.19795145094394684,True,3400,1190,0.1978122442960739,0.21710178150850185,810.2388916015625,889.2489036239496
5,first_label_token,6,4096,4096,100000000.0,0.19795136153697968,True,3400,1190,0.19781208038330078,0.2171016645030815,810.2382202148438,889.2483915441177
5,first_label_token,7,4096,4096,10000000.0,0.19794707000255585,False,3400,1190,0.19766727089881897,0.2168921879359654,809.6451416015625,888.3904017857143
5,first_label_token,8,4096,4096,3162277.6601683795,0.1979386806488037,False,3400,1190,0.1973414123058319,0.21642948278859883,808.3104248046875,886.4951549369748
5,first_label_token,9,4096,4096,3162277.6601683795,0.19793662428855896,False,3400,1190,0.19734160602092743,0.21646864915094455,808.311279296875,886.6555737920168
5,first_label_token,10,4096,4096,3162277.6601683795,0.19793935120105743,False,3400,1190,0.1973469853401184,0.21644291116409942,808.333251953125,886.5501641281512
5,first_label_token,11,4096,4096,3162277.6601683795,0.19794100522994995,False,3400,1190,0.19734790921211243,0.21648848397391182,808.3370361328125,886.736850052521
5,first_label_token,12,4096,4096,10000000.0,0.1979484260082245,False,3400,1190,0.19766683876514435,0.21689116053220606,809.6434326171875,888.386193539916
5,first_label_token,13,4096,4096,31622776.60168379,0.19795116782188416,False,3400,1190,0.1977769434452057,0.21705221769188632,810.0943603515625,889.0458442752101
5,first_label_token,14,4096,4096,100000000.0,0.19795143604278564,True,3400,1190,0.19781194627285004,0.21709878584917855,810.2377319335938,889.2366530987395
5,first_label_token,15,4096,4096,100000000.0,0.197951540350914,True,3400,1190,0.197812020778656,0.21710086950734883,810.238037109375,889.245194327731
5,first_label_token,16,4096,4096,100000000.0,0.19795158505439758,True,3400,1190,0.197812020778656,0.21710165969463957,810.238037109375,889.2483915441177
5,first_label_token,17,4096,4096,100000000.0,0.19795165956020355,True,3400,1190,0.1978120654821396,0.21710292912330947,810.23828125,889.2535976890756
5,first_label_token,18,4096,4096,100000000.0,0.19795161485671997,True,3400,1190,0.19781208038330078,0.21710460246110164,810.23828125,889.2604319852941
5,first_label_token,19,4096,4096,100000000.0,0.19795168936252594,True,3400,1190,0.19781216979026794,0.21710612994282186,810.2386474609375,889.2667016806722
5,first_label_token,20,4096,4096,100000000.0,0.1979517936706543,True,3400,1190,0.1978122442960739,0.2171081046096417,810.2389526367188,889.2748030462185
5,first_label_token,21,4096,4096,100000000.0,0.19795186817646027,True,3400,1190,0.19781231880187988,0.21710929550042674,810.2391357421875,889.2796481092437
5,first_label_token,22,4096,4096,100000000.0,0.19795186817646027,True,3400,1190,0.19781234860420227,0.2171105953825622,810.2393798828125,889.2849921218487
5,first_label_token,23,4096,4096,100000000.0,0.19795194268226624,True,3400,1190,0.19781237840652466,0.2171113182516659,810.239501953125,889.2879661239496
5,first_label_token,24,4096,4096,100000000.0,0.19795192778110504,True,3400,1190,0.19781234860420227,0.21711217255151571,810.2393798828125,889.2914587710084
5,first_label_token,25,4096,4096,100000000.0,0.1979520171880722,True,3400,1190,0.19781242311000824,0.21711340511546415,810.2396850585938,889.296494222689
5,first_label_token,26,4096,4096,100000000.0,0.1979520618915558,True,3400,1190,0.19781243801116943,0.21711481238613609,810.23974609375,889.3022846638655
5,first_label_token,27,4096,4096,100000000.0,0.1979520618915558,True,3400,1190,0.19781246781349182,0.21711582055612771,810.2398071289062,889.306387867647
5,first_label_token,28,4096,4096,100000000.0,0.19795195758342743,True,3400,1190,0.19781236350536346,0.21711645206483474,810.239501953125,889.3090073529412
5,last_label_token,0,4096,4096,100000000.0,0.19795240461826324,True,3400,1190,0.1978134661912918,0.21711848924139968,810.2439575195312,889.3172925420168
5,last_label_token,1,4096,4096,100000000.0,0.19795240461826324,True,3400,1190,0.1978137195110321,0.21711834659095572,810.2449951171875,889.3167607668067
5,last_label_token,2,4096,4096,100000000.0,0.19795233011245728,True,3400,1190,0.1978134661912918,0.21711842352602662,810.2438354492188,889.317056197479
5,last_label_token,3,4096,4096,100000000.0,0.19795219600200653,True,3400,1190,0.1978132426738739,0.2171183209459321,810.2430419921875,889.3166294642857
5,last_label_token,4,4096,4096,100000000.0,0.1979517787694931,True,3400,1190,0.19781270623207092,0.2171137240754456,810.2408447265625,889.2978335084034
5,last_label_token,5,4096,4096,100000000.0,0.1979515552520752,True,3400,1190,0.19781245291233063,0.2171081254462234,810.2398071289062,889.274868697479
5,last_label_token,6,4096,4096,100000000.0,0.19795145094394684,True,3400,1190,0.19781234860420227,0.21710648576752478,810.2393798828125,889.2681328781513
5,last_label_token,7,4096,4096,10000000.0,0.19795092940330505,False,3400,1190,0.19767259061336517,0.2169424409625911,809.6669311523438,888.596231617647
5,last_label_token,8,4096,4096,3162277.6601683795,0.19794625043869019,False,3400,1190,0.19735395908355713,0.21659693517604794,808.36181640625,887.1810596113445
5,last_label_token,9,4096,4096,3162277.6601683795,0.19793955981731415,False,3400,1190,0.1973501443862915,0.21661510788092092,808.3461303710938,887.2554424894957
5,last_label_token,10,4096,4096,3162277.6601683795,0.19794251024723053,False,3400,1190,0.19735631346702576,0.21659788724755039,808.3714599609375,887.1849396008404
5,last_label_token,11,4096,4096,3162277.6601683795,0.19794292747974396,False,3400,1190,0.19735634326934814,0.2166090604637851,808.37158203125,887.2307050945378
5,last_label_token,12,4096,4096,10000000.0,0.19794847071170807,False,3400,1190,0.19766923785209656,0.2169242554352063,809.6531982421875,888.5217568277311
5,last_label_token,13,4096,4096,10000000.0,0.19795052707195282,False,3400,1190,0.1976708173751831,0.21694275190850265,809.6597290039062,888.5975052521009
5,last_label_token,14,4096,4096,100000000.0,0.19795136153697968,True,3400,1190,0.1978120654821396,0.21709967541093586,810.2382202148438,889.2402704831933
5,last_label_token,15,4096,4096,100000000.0,0.19795143604278564,True,3400,1190,0.19781209528446198,0.21710217900636816,810.2383422851562,889.2505383403361
5,last_label_token,16,4096,4096,100000000.0,0.19795142114162445,True,3400,1190,0.1978120505809784,0.21710284737979665,810.2381591796875,889.2532891281512
5,last_label_token,17,4096,4096,100000000.0,0.1979515105485916,True,3400,1190,0.19781213998794556,0.21710382189069474,810.2384033203125,889.2572478991597
5,last_label_token,18,4096,4096,100000000.0,0.1979515552520752,True,3400,1190,0.19781216979026794,0.2171055096538127,810.2386474609375,889.2641806722689
5,last_label_token,19,4096,4096,100000000.0,0.19795165956020355,True,3400,1190,0.1978122740983963,0.21710678389092453,810.239013671875,889.2693671218487
5,last_label_token,20,4096,4096,100000000.0,0.19795168936252594,True,3400,1190,0.19781231880187988,0.217108154296875,810.2391357421875,889.2750262605042
5,last_label_token,21,4096,4096,100000000.0,0.19795165956020355,True,3400,1190,0.1978122442960739,0.21710840273304147,810.2389526367188,889.2760241596638
5,last_label_token,22,4096,4096,100000000.0,0.19795167446136475,True,3400,1190,0.1978122740983963,0.21710920414003004,810.2390747070312,889.2793461134454
5,last_label_token,23,4096,4096,100000000.0,0.19795168936252594,True,3400,1190,0.19781233370304108,0.21710944937056853,810.2392578125,889.2802849264706
5,last_label_token,24,4096,4096,100000000.0,0.19795171916484833,True,3400,1190,0.19781233370304108,0.21711034694639575,810.2392578125,889.283981092437
5,last_label_token,25,4096,4096,100000000.0,0.19795171916484833,True,3400,1190,0.19781234860420227,0.21711131023759603,810.2393798828125,889.2879136029412
5,last_label_token,26,4096,4096,100000000.0,0.19795171916484833,True,3400,1190,0.19781233370304108,0.21711197219976858,810.2393798828125,889.2906315651261
5,last_label_token,27,4096,4096,100000000.0,0.19795167446136475,True,3400,1190,0.19781231880187988,0.2171130797442268,810.2392578125,889.295174632353
5,last_label_token,28,4096,4096,100000000.0,0.19795168936252594,True,3400,1190,0.1978122740983963,0.21711325124532235,810.2390747070312,889.2958639705882
6,pre_label_token,0,4096,4096,0.1,0.19795136153697968,True,3400,1190,0.19782809913158417,0.2171173656688017,810.3038940429688,889.312762605042
6,pre_label_token,1,4096,4096,10000000.0,0.19793283939361572,False,3400,1190,0.1976478397846222,0.21697348746932854,809.5655517578125,888.7234178046218
6,pre_label_token,2,4096,4096,10000000.0,0.1979309767484665,False,3400,1190,0.19764789938926697,0.21698964543703222,809.5657958984375,888.7896074054622
6,pre_label_token,3,4096,4096,10000000.0,0.19792664051055908,False,3400,1190,0.19764593243598938,0.21698956850196133,809.5577392578125,888.7892857142857
6,pre_label_token,4,4096,4096,10000000.0,0.19793695211410522,False,3400,1190,0.1976546049118042,0.2170343014372497,809.5932006835938,888.9724855567227
6,pre_label_token,5,4096,4096,31622776.60168379,0.1979498416185379,False,3400,1190,0.1977730393409729,0.21707579348267628,810.078369140625,889.1424304096639
6,pre_label_token,6,4096,4096,10000000.0,0.19794733822345734,False,3400,1190,0.19766578078269958,0.2169453580840295,809.6390991210938,888.6082195378151
6,pre_label_token,7,4096,4096,10000000.0,0.1979435384273529,False,3400,1190,0.1976611316204071,0.21684985441320082,809.6199951171875,888.2170168067227
6,pre_label_token,8,4096,4096,10000000.0,0.1979454755783081,False,3400,1190,0.19766288995742798,0.21683173940963105,809.627197265625,888.1428243172269
6,pre_label_token,9,4096,4096,10000000.0,0.19794820249080658,False,3400,1190,0.19766730070114136,0.21671103629745356,809.645263671875,887.6483849789915
6,pre_label_token,10,4096,4096,10000000.0,0.19794538617134094,False,3400,1190,0.19766592979431152,0.21667001067089434,809.6396484375,887.4803637079832
6,pre_label_token,11,4096,4096,10000000.0,0.19794265925884247,False,3400,1190,0.19766241312026978,0.21662120177966207,809.625244140625,887.2804227941176
6,pre_label_token,12,4096,4096,10000000.0,0.19794195890426636,False,3400,1190,0.1976601928472519,0.21664207202045857,809.6161499023438,887.3659269957983
6,pre_label_token,13,4096,4096,10000000.0,0.19794265925884247,False,3400,1190,0.1976606547832489,0.21668437188412962,809.6180419921875,887.539193802521
6,pre_label_token,14,4096,4096,3162277.6601683795,0.19794334471225739,False,3400,1190,0.1973620504140854,0.21624134448396057,808.3949584960938,885.7245404411765
6,pre_label_token,15,4096,4096,10000000.0,0.19794601202011108,False,3400,1190,0.19766105711460114,0.2167818390020803,809.6196899414062,887.9384453781513
6,pre_label_token,16,4096,4096,10000000.0,0.19794782996177673,False,3400,1190,0.19766291975975037,0.2168135634991301,809.6273803710938,888.0683167016807
6,pre_label_token,17,4096,4096,3162277.6601683795,0.19794343411922455,False,3400,1190,0.19734689593315125,0.216497381194299,808.3328857421875,886.7732799369747
6,pre_label_token,18,4096,4096,10000000.0,0.19794873893260956,False,3400,1190,0.19766266644001007,0.21691724312405627,809.6263427734375,888.4930015756303
6,pre_label_token,19,4096,4096,10000000.0,0.1979500949382782,False,3400,1190,0.19766496121883392,0.21695669318447594,809.6356811523438,888.6546152836135
6,pre_label_token,20,4096,4096,10000000.0,0.19795092940330505,False,3400,1190,0.1976652890443802,0.21698405161625198,809.6370239257812,888.7666754201681
6,pre_label_token,21,4096,4096,31622776.60168379,0.1979513168334961,False,3400,1190,0.1977754533290863,0.2170797203769203,810.0881958007812,889.1585412289916
6,pre_label_token,22,4096,4096,10000000.0,0.19795115292072296,False,3400,1190,0.19766490161418915,0.2170223476506081,809.6354370117188,888.9235425420168
6,pre_label_token,23,4096,4096,100000000.0,0.1979515105485916,True,3400,1190,0.19781148433685303,0.21710808697868797,810.2357788085938,889.274743960084
6,pre_label_token,24,4096,4096,100000000.0,0.197951540350914,True,3400,1190,0.1978115290403366,0.21710882908155937,810.2359008789062,889.2777573529412
6,pre_label_token,25,4096,4096,100000000.0,0.19795161485671997,True,3400,1190,0.19781167805194855,0.21711033412388392,810.2366333007812,889.2839351365546
6,pre_label_token,26,4096,4096,100000000.0,0.19795161485671997,True,3400,1190,0.19781170785427094,0.21711150257527329,810.2367553710938,889.2887014180673
6,pre_label_token,27,4096,4096,100000000.0,0.19795168936252594,True,3400,1190,0.1978117674589157,0.21711335382541688,810.2369995117188,889.2962907037816
6,pre_label_token,28,4096,4096,100000000.0,0.1979517787694931,True,3400,1190,0.19781191647052765,0.2171151057010939,810.2376098632812,889.3034598214285
6,first_label_token,0,4096,4096,100000000.0,0.1979515552520752,True,3400,1190,0.19781218469142914,0.21712207633908057,810.2387084960938,889.332024684874
6,first_label_token,1,4096,4096,100000000.0,0.19795198738574982,True,3400,1190,0.1978125423192978,0.21712389393013065,810.240234375,889.3394761029411
6,first_label_token,2,4096,4096,100000000.0,0.19795183837413788,True,3400,1190,0.1978125274181366,0.217122956283954,810.2401123046875,889.3356223739496
6,first_label_token,3,4096,4096,100000000.0,0.19795186817646027,True,3400,1190,0.1978125125169754,0.21712249627634256,810.2401123046875,889.3337513130252
6,first_label_token,4,4096,4096,100000000.0,0.19795197248458862,True,3400,1190,0.1978125274181366,0.2171198981148856,810.2401123046875,889.3231026785714
6,first_label_token,5,4096,4096,100000000.0,0.19795183837413788,True,3400,1190,0.1978122442960739,0.21711402380165934,810.2389526367188,889.2990414915967
6,first_label_token,6,4096,4096,100000000.0,0.19795186817646027,True,3400,1190,0.1978122442960739,0.21711474346513507,810.2389526367188,889.3019761029411
6,first_label_token,7,4096,4096,100000000.0,0.19795165956020355,True,3400,1190,0.1978120654821396,0.21710847165404248,810.2382202148438,889.276306460084
6,first_label_token,8,4096,4096,100000000.0,0.1979515254497528,True,3400,1190,0.19781191647052765,0.21710638479024422,810.2376098632812,889.2677717962185
6,first_label_token,9,4096,4096,100000000.0,0.19795161485671997,True,3400,1190,0.1978120058774948,0.21710605461056492,810.238037109375,889.2664259453782
6,first_label_token,10,4096,4096,100000000.0,0.197951540350914,True,3400,1190,0.19781191647052765,0.21710198987431886,810.2376098632812,889.2497242647058
6,first_label_token,11,4096,4096,100000000.0,0.19795140624046326,True,3400,1190,0.1978118121623993,0.21710238576937121,810.2371826171875,889.2513589810924
6,first_label_token,12,4096,4096,100000000.0,0.19795146584510803,True,3400,1190,0.1978118121623993,0.2171029403430073,810.2371826171875,889.253637079832
6,first_label_token,13,4096,4096,100000000.0,0.19795143604278564,True,3400,1190,0.19781173765659332,0.21710361673050568,810.2368774414062,889.2564535189076
6,first_label_token,14,4096,4096,100000000.0,0.19795142114162445,True,3400,1190,0.1978117972612381,0.2171039244707893,810.2371215820312,889.2576549369747
6,first_label_token,15,4096,4096,100000000.0,0.197951540350914,True,3400,1190,0.19781190156936646,0.2171050945249926,810.2374877929688,889.2624934348739
6,first_label_token,16,4096,4096,100000000.0,0.19795143604278564,True,3400,1190,0.1978118121623993,0.21710588471228334,810.2371826171875,889.2656709558823
6,first_label_token,17,4096,4096,100000000.0,0.19795143604278564,True,3400,1190,0.19781172275543213,0.21710640402401196,810.2368774414062,889.2678177521009
6,first_label_token,18,4096,4096,100000000.0,0.197951540350914,True,3400,1190,0.19781182706356049,0.2171083498401802,810.2373046875,889.2758140756303
6,first_label_token,19,4096,4096,100000000.0,0.19795149564743042,True,3400,1190,0.19781184196472168,0.21710932274826433,810.2373046875,889.2797794117647
6,first_label_token,20,4096,4096,100000000.0,0.197951540350914,True,3400,1190,0.19781190156936646,0.2171100279864143,810.2374877929688,889.282681197479
6,first_label_token,21,4096,4096,100000000.0,0.1979515105485916,True,3400,1190,0.19781188666820526,0.21711002317797237,810.2374877929688,889.2826877626051
6,first_label_token,22,4096,4096,100000000.0,0.19795145094394684,True,3400,1190,0.19781184196472168,0.21711073803300618,810.2373046875,889.2855829831933
6,first_label_token,23,4096,4096,100000000.0,0.19795146584510803,True,3400,1190,0.19781184196472168,0.21711098807198662,810.2372436523438,889.286587447479
6,first_label_token,24,4096,4096,100000000.0,0.19795159995555878,True,3400,1190,0.19781194627285004,0.2171116003469259,810.2378540039062,889.2891150210085
6,first_label_token,25,4096,4096,100000000.0,0.19795167446136475,True,3400,1190,0.1978120505809784,0.21711223506126084,810.2381591796875,889.2917410714285
6,first_label_token,26,4096,4096,100000000.0,0.19795170426368713,True,3400,1190,0.1978120654821396,0.21711240976798435,810.2382202148438,889.292450105042
6,first_label_token,27,4096,4096,100000000.0,0.19795170426368713,True,3400,1190,0.19781208038330078,0.21711227673442424,810.23828125,889.2918723739496
6,first_label_token,28,4096,4096,100000000.0,0.1979517787694931,True,3400,1190,0.19781216979026794,0.21711204913483947,810.2386474609375,889.2909138655463
6,last_label_token,0,4096,4096,100000000.0,0.1979517638683319,True,3400,1190,0.19781243801116943,0.21711976347851153,810.2398071289062,889.3225709033613
6,last_label_token,1,4096,4096,100000000.0,0.1979520469903946,True,3400,1190,0.1978125423192978,0.2171206979190602,810.2401123046875,889.3263786764705
6,last_label_token,2,4096,4096,100000000.0,0.1979518085718155,True,3400,1190,0.19781242311000824,0.2171194990142053,810.2396850585938,889.321481092437
6,last_label_token,3,4096,4096,100000000.0,0.19795168936252594,True,3400,1190,0.19781231880187988,0.2171180869350914,810.2392578125,889.3156709558823
6,last_label_token,4,4096,4096,100000000.0,0.19795158505439758,True,3400,1190,0.19781209528446198,0.2171149181718586,810.2383422851562,889.3026982668067
6,last_label_token,5,4096,4096,100000000.0,0.19795158505439758,True,3400,1190,0.1978120058774948,0.21710838991052964,810.2379760742188,889.2759519432773
6,last_label_token,6,4096,4096,100000000.0,0.1979515105485916,True,3400,1190,0.19781197607517242,0.21710908873742368,810.2378540039062,889.2788471638655
6,last_label_token,7,4096,4096,31622776.60168379,0.19795125722885132,False,3400,1190,0.1977769434452057,0.21706937100706983,810.0943603515625,889.1161370798319
6,last_label_token,8,4096,4096,100000000.0,0.19795136153697968,True,3400,1190,0.1978117674589157,0.2171003886631557,810.2369995117188,889.2431853991596
6,last_label_token,9,4096,4096,100000000.0,0.19795137643814087,True,3400,1190,0.19781188666820526,0.21709946704511882,810.2374877929688,889.2394301470588
6,last_label_token,10,4096,4096,100000000.0,0.19795136153697968,True,3400,1190,0.1978117674589157,0.2170960530513475,810.2369995117188,889.2254201680672
6,last_label_token,11,4096,4096,10000000.0,0.19795092940330505,False,3400,1190,0.19766931235790253,0.21692402943843553,809.6535034179688,888.52084427521
6,last_label_token,12,4096,4096,31622776.60168379,0.19795109331607819,False,3400,1190,0.19777648150920868,0.21705466358601547,810.092529296875,889.0559086134454
6,last_label_token,13,4096,4096,10000000.0,0.19795061647891998,False,3400,1190,0.19766762852668762,0.2169451272788168,809.6466674804688,888.6072675945378
6,last_label_token,14,4096,4096,10000000.0,0.19795064628124237,False,3400,1190,0.19766809046268463,0.21695098235827534,809.6484985351562,888.6312040441177
6,last_label_token,15,4096,4096,100000000.0,0.19795137643814087,True,3400,1190,0.19781173765659332,0.21710020273673433,810.23681640625,889.2423975840336
6,last_label_token,16,4096,4096,100000000.0,0.19795134663581848,True,3400,1190,0.19781166315078735,0.2171004655982266,810.236572265625,889.243487394958
6,last_label_token,17,4096,4096,31622776.60168379,0.19795136153697968,False,3400,1190,0.19777627289295197,0.21706912417371735,810.0916137695312,889.115106355042
6,last_label_token,18,4096,4096,100000000.0,0.19795146584510803,True,3400,1190,0.19781166315078735,0.21710370809090238,810.236572265625,889.2567949054621
6,last_label_token,19,4096,4096,100000000.0,0.19795145094394684,True,3400,1190,0.19781170785427094,0.21710517146006353,810.2367553710938,889.2627757352941
6,last_label_token,20,4096,4096,100000000.0,0.19795145094394684,True,3400,1190,0.19781170785427094,0.21710599851207574,810.2367553710938,889.2661764705882
6,last_label_token,21,4096,4096,100000000.0,0.19795140624046326,True,3400,1190,0.19781164824962616,0.2171063863930582,810.2364501953125,889.2677324054622
6,last_label_token,22,4096,4096,100000000.0,0.19795140624046326,True,3400,1190,0.19781166315078735,0.2171072631323037,810.236572265625,889.271356355042
6,last_label_token,23,4096,4096,100000000.0,0.19795140624046326,True,3400,1190,0.19781166315078735,0.21710766704142595,810.2365112304688,889.2729910714286
6,last_label_token,24,4096,4096,100000000.0,0.19795143604278564,True,3400,1190,0.19781170785427094,0.21710831778390066,810.2367553710938,889.2756827731092
6,last_label_token,25,4096,4096,100000000.0,0.1979515552520752,True,3400,1190,0.1978118121623993,0.2171089829517012,810.2371826171875,889.2783941701681
6,last_label_token,26,4096,4096,100000000.0,0.19795162975788116,True,3400,1190,0.19781188666820526,0.21710954874503513,810.2374877929688,889.2807182247899
6,last_label_token,27,4096,4096,100000000.0,0.19795159995555878,True,3400,1190,0.19781185686588287,0.21711005843987985,810.2373657226562,889.282805934874
6,last_label_token,28,4096,4096,100000000.0,0.19795158505439758,True,3400,1190,0.19781184196472168,0.2171105969853762,810.2373046875,889.2850052521009
7,pre_label_token,0,4096,4096,0.1,0.19795136153697968,True,3400,1190,0.19782809913158417,0.2171173656688017,810.3038940429688,889.312762605042
7,pre_label_token,1,4096,4096,3162277.6601683795,0.19791309535503387,False,3400,1190,0.1973581463098526,0.2168273444937057,808.3789672851562,888.1248030462185
7,pre_label_token,2,4096,4096,3162277.6601683795,0.19789598882198334,False,3400,1190,0.19736367464065552,0.21664148699335692,808.4014892578125,887.3635241596638
7,pre_label_token,3,4096,4096,3162277.6601683795,0.1978820413351059,False,3400,1190,0.19735285639762878,0.21670392461183693,808.3572998046875,887.6192752100841
7,pre_label_token,4,4096,4096,3162277.6601683795,0.19789786636829376,False,3400,1190,0.1973457932472229,0.21689670466575303,808.3281860351562,888.4088694852941
7,pre_label_token,5,4096,4096,10000000.0,0.1979389786720276,False,3400,1190,0.19765710830688477,0.21699191502162388,809.603515625,888.7988839285714
7,pre_label_token,6,4096,4096,10000000.0,0.19793711602687836,False,3400,1190,0.19765596091747284,0.21693148252342928,809.5988159179688,888.5513721113446
7,pre_label_token,7,4096,4096,10000000.0,0.1979384571313858,False,3400,1190,0.1976572424173355,0.2168544657090131,809.60400390625,888.2358981092437
7,pre_label_token,8,4096,4096,10000000.0,0.19794321060180664,False,3400,1190,0.197660893201828,0.21688221843302752,809.6190185546875,888.3495667016807
7,pre_label_token,9,4096,4096,10000000.0,0.197946235537529,False,3400,1190,0.19766265153884888,0.21677329279795415,809.626220703125,887.9034007352941
7,pre_label_token,10,4096,4096,10000000.0,0.1979440599679947,False,3400,1190,0.1976621299982071,0.21668629205527426,809.6240844726562,887.5470850840336
7,pre_label_token,11,4096,4096,10000000.0,0.19794097542762756,False,3400,1190,0.1976584494113922,0.2166363884420956,809.6089477539062,887.3426339285714
7,pre_label_token,12,4096,4096,10000000.0,0.1979421228170395,False,3400,1190,0.19765810668468475,0.216666245660862,809.6076049804688,887.4649422268908
7,pre_label_token,13,4096,4096,10000000.0,0.19794520735740662,False,3400,1190,0.19766105711460114,0.21672002327542345,809.6197509765625,887.6852087710084
7,pre_label_token,14,4096,4096,10000000.0,0.197947695851326,False,3400,1190,0.19766144454479218,0.21678822301015133,809.6212158203125,887.9645680147058
7,pre_label_token,15,4096,4096,10000000.0,0.19794873893260956,False,3400,1190,0.19766110181808472,0.21680259704589844,809.619873046875,888.0234375
7,pre_label_token,16,4096,4096,31622776.60168379,0.1979507952928543,False,3400,1190,0.19777348637580872,0.2170182091849191,810.0801391601562,888.9065979516806
7,pre_label_token,17,4096,4096,100000000.0,0.19795143604278564,True,3400,1190,0.19781091809272766,0.21709384437368698,810.2335205078125,889.2163865546219
7,pre_label_token,18,4096,4096,100000000.0,0.19795158505439758,True,3400,1190,0.1978110522031784,0.21709691857089516,810.2340698242188,889.2289719012605
7,pre_label_token,19,4096,4096,100000000.0,0.19795165956020355,True,3400,1190,0.19781123101711273,0.2171001642691989,810.2348022460938,889.2422662815126
7,pre_label_token,20,4096,4096,100000000.0,0.1979517638683319,True,3400,1190,0.19781138002872467,0.2171037914372292,810.2354736328125,889.2570969012605
7,pre_label_token,21,4096,4096,100000000.0,0.1979517638683319,True,3400,1190,0.19781140983104706,0.21710605781619288,810.2355346679688,889.2664456407563
7,pre_label_token,22,4096,4096,100000000.0,0.19795183837413788,True,3400,1190,0.19781148433685303,0.2171069553920201,810.23583984375,889.2700958508403
7,pre_label_token,23,4096,4096,100000000.0,0.19795186817646027,True,3400,1190,0.19781149923801422,0.2171077455793108,810.23583984375,889.2733127626051
7,pre_label_token,24,4096,4096,100000000.0,0.1979517936706543,True,3400,1190,0.19781149923801422,0.21710829374169102,810.2359008789062,889.2755646008403
7,pre_label_token,25,4096,4096,100000000.0,0.19795188307762146,True,3400,1190,0.19781164824962616,0.21710912079370323,810.2365112304688,889.2789719012605
7,pre_label_token,26,4096,4096,100000000.0,0.1979520469903946,True,3400,1190,0.19781188666820526,0.21711068353733096,810.2373657226562,889.2853466386555
7,pre_label_token,27,4096,4096,100000000.0,0.1979520469903946,True,3400,1190,0.19781182706356049,0.21711327689034599,810.2371826171875,889.295962447479
7,pre_label_token,28,4096,4096,100000000.0,0.19795222580432892,True,3400,1190,0.19781208038330078,0.21711607059510815,810.2383422851562,889.3074054621849
7,first_label_token,0,4096,4096,100000000.0,0.19795165956020355,True,3400,1190,0.19781218469142914,0.21711646328453257,810.2387084960938,889.3090467436974
7,first_label_token,1,4096,4096,100000000.0,0.19795165956020355,True,3400,1190,0.19781255722045898,0.21711679186139787,810.240234375,889.3103925945378
7,first_label_token,2,4096,4096,100000000.0,0.19795170426368713,True,3400,1190,0.1978125274181366,0.21711655624774323,810.2401123046875,889.3094078256303
7,first_label_token,3,4096,4096,100000000.0,0.19795162975788116,True,3400,1190,0.19781242311000824,0.2171170354891224,810.23974609375,889.3113970588236
7,first_label_token,4,4096,4096,100000000.0,0.19795142114162445,True,3400,1190,0.19781209528446198,0.21711509448139607,810.2383422851562,889.3034335609244
7,first_label_token,5,4096,4096,100000000.0,0.19795149564743042,True,3400,1190,0.19781213998794556,0.21711141442050452,810.238525390625,889.2883206407563
7,first_label_token,6,4096,4096,100000000.0,0.19795161485671997,True,3400,1190,0.1978122889995575,0.21711212927553833,810.2391357421875,889.2912946428571
7,first_label_token,7,4096,4096,100000000.0,0.1979517787694931,True,3400,1190,0.19781245291233063,0.2171083786908318,810.2398071289062,889.275912552521
7,first_label_token,8,4096,4096,100000000.0,0.19795167446136475,True,3400,1190,0.19781231880187988,0.21710555453260405,810.2391357421875,889.2643382352941
7,first_label_token,9,4096,4096,100000000.0,0.19795167446136475,True,3400,1190,0.19781215488910675,0.21710396454113873,810.2385864257812,889.2578584558823
7,first_label_token,10,4096,4096,100000000.0,0.1979515254497528,True,3400,1190,0.197812020778656,0.21710056497269317,810.238037109375,889.2439338235295
7,first_label_token,11,4096,4096,100000000.0,0.19795146584510803,True,3400,1190,0.19781197607517242,0.21710088393267463,810.2378540039062,889.2452337184874
7,first_label_token,12,4096,4096,100000000.0,0.19795137643814087,True,3400,1190,0.1978118121623993,0.2171015442920332,810.2371826171875,889.247918855042
7,first_label_token,13,4096,4096,100000000.0,0.19795136153697968,True,3400,1190,0.19781184196472168,0.21710229120334656,810.2373046875,889.2509716386554
7,first_label_token,14,4096,4096,31622776.60168379,0.1979512870311737,False,3400,1190,0.19777700304985046,0.21707358480501576,810.0946044921875,889.1334099264706
7,first_label_token,15,4096,4096,100000000.0,0.19795140624046326,True,3400,1190,0.19781182706356049,0.21710429632363198,810.2372436523438,889.2591714810924
7,first_label_token,16,4096,4096,31622776.60168379,0.19795124232769012,False,3400,1190,0.19777655601501465,0.21708097858589237,810.0925903320312,889.163681722689
7,first_label_token,17,4096,4096,10000000.0,0.1979508250951767,False,3400,1190,0.19766765832901,0.21700869648396467,809.646728515625,888.8676404936974
7,first_label_token,18,4096,4096,10000000.0,0.1979503631591797,False,3400,1190,0.19766704738140106,0.21701327251786945,809.6442260742188,888.8863642331933
7,first_label_token,19,4096,4096,31622776.60168379,0.19795122742652893,False,3400,1190,0.19777639210224152,0.21708506095309218,810.092041015625,889.1803899684874
7,first_label_token,20,4096,4096,31622776.60168379,0.1979512721300125,False,3400,1190,0.19777654111385345,0.2170896674404625,810.0927124023438,889.1993106617647
7,first_label_token,21,4096,4096,31622776.60168379,0.1979513317346573,False,3400,1190,0.19777649641036987,0.2170911853052989,810.092529296875,889.2054884453781
7,first_label_token,22,4096,4096,100000000.0,0.19795143604278564,True,3400,1190,0.19781175255775452,0.21710956958161684,810.2369995117188,889.2808232668067
7,first_label_token,23,4096,4096,100000000.0,0.19795146584510803,True,3400,1190,0.1978117972612381,0.21711010652429918,810.2371826171875,889.2829963235295
7,first_label_token,24,4096,4096,100000000.0,0.19795145094394684,True,3400,1190,0.1978118121623993,0.21711052966718913,810.2371826171875,889.284768907563
7,first_label_token,25,4096,4096,100000000.0,0.1979515552520752,True,3400,1190,0.19781194627285004,0.21711141121487657,810.2377319335938,889.2883600315126
7,first_label_token,26,4096,4096,100000000.0,0.1979515552520752,True,3400,1190,0.19781193137168884,0.2171119994476062,810.2376708984375,889.2907825630252
7,first_label_token,27,4096,4096,100000000.0,0.19795161485671997,True,3400,1190,0.19781197607517242,0.21711303165980747,810.2378540039062,889.2949776785714
7,first_label_token,28,4096,4096,100000000.0,0.19795170426368713,True,3400,1190,0.1978120654821396,0.21711417927461513,810.238037109375,889.2996717436974
7,last_label_token,0,4096,4096,100000000.0,0.19795162975788116,True,3400,1190,0.19781231880187988,0.21711658509839482,810.2392578125,889.3095325630252
7,last_label_token,1,4096,4096,100000000.0,0.1979518085718155,True,3400,1190,0.19781270623207092,0.21711602251068884,810.2408447265625,889.3072019432773
7,last_label_token,2,4096,4096,100000000.0,0.19795185327529907,True,3400,1190,0.19781260192394257,0.217115802925174,810.2404174804688,889.3063222163865
7,last_label_token,3,4096,4096,100000000.0,0.1979518085718155,True,3400,1190,0.19781260192394257,0.2171165514393013,810.2404174804688,889.3094012605042
7,last_label_token,4,4096,4096,100000000.0,0.19795167446136475,True,3400,1190,0.1978122740983963,0.21711380421614446,810.2390747070312,889.2981289390756
7,last_label_token,5,4096,4096,100000000.0,0.19795167446136475,True,3400,1190,0.19781208038330078,0.21710942212273093,810.2383422851562,889.2801667542017
7,last_label_token,6,4096,4096,100000000.0,0.1979517787694931,True,3400,1190,0.19781218469142914,0.21710892845602597,810.2387084960938,889.2781972163865
7,last_label_token,7,4096,4096,100000000.0,0.1979517936706543,True,3400,1190,0.19781216979026794,0.21710021876487412,810.2387084960938,889.2424960609244
7,last_label_token,8,4096,4096,100000000.0,0.19795171916484833,True,3400,1190,0.19781199097633362,0.21709745070513556,810.2379150390625,889.2311777836135
7,last_label_token,9,4096,4096,100000000.0,0.19795188307762146,True,3400,1190,0.19781199097633362,0.21709751000925273,810.2379150390625,889.2314075630252
7,last_label_token,10,4096,4096,100000000.0,0.19795158505439758,True,3400,1190,0.19781173765659332,0.21709483010428293,810.2369995117188,889.2204109768908
7,last_label_token,11,4096,4096,100000000.0,0.19795165956020355,True,3400,1190,0.1978118121623993,0.21709517791491598,810.2371826171875,889.221868434874
7,last_label_token,12,4096,4096,100000000.0,0.197951540350914,True,3400,1190,0.19781164824962616,0.21709638323102678,810.236572265625,889.2268119747899
7,last_label_token,13,4096,4096,100000000.0,0.19795162975788116,True,3400,1190,0.19781175255775452,0.2170984364357315,810.2369384765625,889.2352481617647
7,last_label_token,14,4096,4096,100000000.0,0.19795161485671997,True,3400,1190,0.1978117674589157,0.21709864800717651,810.2369995117188,889.2360425420168
7,last_label_token,15,4096,4096,100000000.0,0.19795167446136475,True,3400,1190,0.19781184196472168,0.2171001290072914,810.2373046875,889.2421152836134
7,last_label_token,16,4096,4096,100000000.0,0.19795161485671997,True,3400,1190,0.19781166315078735,0.21710088232986066,810.2365112304688,889.245181197479
7,last_label_token,17,4096,4096,100000000.0,0.19795159995555878,True,3400,1190,0.19781166315078735,0.21710095926493156,810.2365112304688,889.2454963235294
7,last_label_token,18,4096,4096,100000000.0,0.19795159995555878,True,3400,1190,0.19781163334846497,0.21710101055497882,810.2364501953125,889.2457261029411
7,last_label_token,19,4096,4096,100000000.0,0.19795170426368713,True,3400,1190,0.19781170785427094,0.2171018472238749,810.2367553710938,889.2491596638655
7,last_label_token,20,4096,4096,100000000.0,0.1979517936706543,True,3400,1190,0.1978117674589157,0.21710311344691685,810.2369995117188,889.2543526785714
7,last_label_token,21,4096,4096,100000000.0,0.1979517787694931,True,3400,1190,0.19781182706356049,0.21710416809851382,810.2372436523438,889.2586134453782
7,last_label_token,22,4096,4096,100000000.0,0.1979518085718155,True,3400,1190,0.19781184196472168,0.21710494225766477,810.2373046875,889.2618172268908
7,last_label_token,23,4096,4096,100000000.0,0.19795185327529907,True,3400,1190,0.19781185686588287,0.2171058318194221,810.2373046875,889.265493697479
7,last_label_token,24,4096,4096,100000000.0,0.1979517787694931,True,3400,1190,0.1978118121623993,0.21710629022421957,810.2371826171875,889.2673713235295
7,last_label_token,25,4096,4096,100000000.0,0.19795185327529907,True,3400,1190,0.19781191647052765,0.21710653064631613,810.2376098632812,889.2683363970589
7,last_label_token,26,4096,4096,100000000.0,0.1979517787694931,True,3400,1190,0.19781188666820526,0.21710711887904577,810.2374877929688,889.2707326680672
7,last_label_token,27,4096,4096,100000000.0,0.1979517936706543,True,3400,1190,0.19781190156936646,0.21710854217785747,810.2376098632812,889.2766084558823
7,last_label_token,28,4096,4096,100000000.0,0.19795183837413788,True,3400,1190,0.19781188666820526,0.2171092490188214,810.2374877929688,889.2794971113445
8,pre_label_token,0,4096,4096,0.1,0.19795136153697968,True,3400,1190,0.19782809913158417,0.2171173656688017,810.3038940429688,889.312762605042
8,pre_label_token,1,4096,4096,10000000.0,0.1979396939277649,False,3400,1190,0.1976580172777176,0.21704493931361607,809.607177734375,889.0160714285714
8,pre_label_token,2,4096,4096,10000000.0,0.19792860746383667,False,3400,1190,0.1976492702960968,0.2170382379483776,809.5714111328125,888.9886095063025
8,pre_label_token,3,4096,4096,10000000.0,0.1979236602783203,False,3400,1190,0.197645902633667,0.21703960995714203,809.5576171875,888.9942226890756
8,pre_label_token,4,4096,4096,10000000.0,0.19793404638767242,False,3400,1190,0.19765177369117737,0.21703448896648503,809.5816040039062,888.9732996323529
8,pre_label_token,5,4096,4096,10000000.0,0.19794459640979767,False,3400,1190,0.19766360521316528,0.21700066798875312,809.630126953125,888.8347163865546
8,pre_label_token,6,4096,4096,10000000.0,0.1979435682296753,False,3400,1190,0.1976621448993683,0.21693103052988774,809.6242065429688,888.5495141806723
8,pre_label_token,7,4096,4096,10000000.0,0.1979406625032425,False,3400,1190,0.197659432888031,0.21683467095639525,809.613037109375,888.1547662815126
8,pre_label_token,8,4096,4096,10000000.0,0.19794198870658875,False,3400,1190,0.19766075909137726,0.21682398659842356,809.6184692382812,888.1110294117647
8,pre_label_token,9,4096,4096,10000000.0,0.1979445368051529,False,3400,1190,0.19766364991664886,0.21671439579554966,809.6302490234375,887.6621848739496
8,pre_label_token,10,4096,4096,10000000.0,0.19794610142707825,False,3400,1190,0.19766686856746674,0.216662527132435,809.6434936523438,887.4496914390757
8,pre_label_token,11,4096,4096,10000000.0,0.19794176518917084,False,3400,1190,0.1976625919342041,0.21660400198287322,809.6259765625,887.2100118172269
8,pre_label_token,12,4096,4096,10000000.0,0.1979418694972992,False,3400,1190,0.19766183197498322,0.21663146139192982,809.6228637695312,887.3224724264705
8,pre_label_token,13,4096,4096,10000000.0,0.19794397056102753,False,3400,1190,0.19766443967819214,0.21667352724476022,809.6336669921875,887.4947544642857
8,pre_label_token,14,4096,4096,10000000.0,0.19794820249080658,False,3400,1190,0.19766773283481598,0.21675237767836628,809.6470947265625,887.8177389705883
8,pre_label_token,15,4096,4096,10000000.0,0.1979488730430603,False,3400,1190,0.19766750931739807,0.2167783961576574,809.6461181640625,887.9242909663866
8,pre_label_token,16,4096,4096,10000000.0,0.19794924557209015,False,3400,1190,0.19766750931739807,0.2167852369677119,809.6461181640625,887.952330619748
8,pre_label_token,17,4096,4096,10000000.0,0.19795052707195282,False,3400,1190,0.1976676881313324,0.21684982876817718,809.6468505859375,888.216924894958
8,pre_label_token,18,4096,4096,100000000.0,0.19795142114162445,True,3400,1190,0.19781143963336945,0.21709322889311974,810.2357177734375,889.2138524159664
8,pre_label_token,19,4096,4096,100000000.0,0.19795158505439758,True,3400,1190,0.19781170785427094,0.217098192808007,810.2367553710938,889.2341780462185
8,pre_label_token,20,4096,4096,100000000.0,0.19795174896717072,True,3400,1190,0.1978118121623993,0.21710226235269497,810.2371826171875,889.2508731617647
8,pre_label_token,21,4096,4096,100000000.0,0.19795162975788116,True,3400,1190,0.19781173765659332,0.21710371129653033,810.2369384765625,889.2567949054621
8,pre_label_token,22,4096,4096,100000000.0,0.1979515552520752,True,3400,1190,0.19781164824962616,0.21710524679232043,810.2364501953125,889.2630842962185
8,pre_label_token,23,4096,4096,100000000.0,0.1979515105485916,True,3400,1190,0.197811558842659,0.2171066524601784,810.2361450195312,889.2688419117648
8,pre_label_token,24,4096,4096,100000000.0,0.19795143604278564,True,3400,1190,0.1978115290403366,0.21710788342131285,810.2360229492188,889.2738970588235
8,pre_label_token,25,4096,4096,100000000.0,0.19795137643814087,True,3400,1190,0.1978115290403366,0.21710827450792328,810.2360229492188,889.275518644958
8,pre_label_token,26,4096,4096,100000000.0,0.19795146584510803,True,3400,1190,0.19781158864498138,0.2171105200503053,810.2363891601562,889.2846966911765
8,pre_label_token,27,4096,4096,100000000.0,0.19795145094394684,True,3400,1190,0.19781163334846497,0.21711309897799452,810.2363891601562,889.2952271533613
8,pre_label_token,28,4096,4096,100000000.0,0.19795158505439758,True,3400,1190,0.19781182706356049,0.21711445656143316,810.2372436523438,889.30078125
8,first_label_token,0,4096,4096,100000000.0,0.1979517638683319,True,3400,1190,0.19781120121479034,0.21711384108086593,810.2346801757812,889.298299632353
8,first_label_token,1,4096,4096,100000000.0,0.1979517638683319,True,3400,1190,0.19781190156936646,0.21711381223021436,810.2376098632812,889.298174894958
8,first_label_token,2,4096,4096,100000000.0,0.19795145094394684,True,3400,1190,0.19781158864498138,0.21711278642926898,810.2362670898438,889.2939994747899
8,first_label_token,3,4096,4096,100000000.0,0.19795158505439758,True,3400,1190,0.19781163334846497,0.21711332176913734,810.2364501953125,889.2961594012605
8,first_label_token,4,4096,4096,100000000.0,0.19795145094394684,True,3400,1190,0.19781148433685303,0.21711070277109867,810.23583984375,889.285425420168
8,first_label_token,5,4096,4096,10000000.0,0.1979500651359558,False,3400,1190,0.19766268134117126,0.21700570242745534,809.6263427734375,888.8553505777311
8,first_label_token,6,4096,4096,10000000.0,0.19795073568820953,False,3400,1190,0.1976643204689026,0.21699660806094898,809.633056640625,888.818100052521
8,first_label_token,7,4096,4096,10000000.0,0.19794973731040955,False,3400,1190,0.19766421616077423,0.2169646303192908,809.6326293945312,888.6871586134454
8,first_label_token,8,4096,4096,10000000.0,0.19794978201389313,False,3400,1190,0.19766457378864288,0.21696021456678374,809.6340942382812,888.6690191701681
8,first_label_token,9,4096,4096,10000000.0,0.19794930517673492,False,3400,1190,0.19766469299793243,0.21695164111481996,809.6345825195312,888.6339285714286
8,first_label_token,10,4096,4096,10000000.0,0.19794994592666626,False,3400,1190,0.1976662427186966,0.21694197935216566,809.6409301757812,888.5943605567227
8,first_label_token,11,4096,4096,10000000.0,0.1979498267173767,False,3400,1190,0.19766592979431152,0.21695324873723904,809.6396484375,888.6405002626051
8,first_label_token,12,4096,4096,31622776.60168379,0.19795113801956177,False,3400,1190,0.19777576625347137,0.21706516682600774,810.0895385742188,889.0989430147059
8,first_label_token,13,4096,4096,31622776.60168379,0.19795119762420654,False,3400,1190,0.19777587056159973,0.21707177843366351,810.0899658203125,889.1259913340336
8,first_label_token,14,4096,4096,31622776.60168379,0.19795125722885132,False,3400,1190,0.1977759599685669,0.21707278660365514,810.0902709960938,889.1301142331932
8,first_label_token,15,4096,4096,100000000.0,0.19795134663581848,True,3400,1190,0.19781149923801422,0.21710337630840912,810.2360229492188,889.2554490546219
8,first_label_token,16,4096,4096,31622776.60168379,0.19795113801956177,False,3400,1190,0.19777566194534302,0.2170728459077723,810.089111328125,889.1303834033613
8,first_label_token,17,4096,4096,31622776.60168379,0.1979512870311737,False,3400,1190,0.19777579605579376,0.21707673433448085,810.0896606445312,889.1463235294118
8,first_label_token,18,4096,4096,10000000.0,0.19795091450214386,False,3400,1190,0.19766531884670258,0.2170021409747981,809.6371459960938,888.8407891281513
8,first_label_token,19,4096,4096,31622776.60168379,0.1979513168334961,False,3400,1190,0.1977759450674057,0.21708392616079636,810.090087890625,889.1757418592437
8,first_label_token,20,4096,4096,100000000.0,0.19795140624046326,True,3400,1190,0.1978115737438202,0.21710710285090598,810.2361450195312,889.2706538865547
8,first_label_token,21,4096,4096,100000000.0,0.19795140624046326,True,3400,1190,0.197811558842659,0.217106541866014,810.2361450195312,889.2684151785714
8,first_label_token,22,4096,4096,100000000.0,0.19795140624046326,True,3400,1190,0.19781158864498138,0.21710707880869634,810.2362670898438,889.2705816701681
8,first_label_token,23,4096,4096,100000000.0,0.1979515254497528,True,3400,1190,0.19781172275543213,0.21710713490718553,810.23681640625,889.2708574054622
8,first_label_token,24,4096,4096,100000000.0,0.19795142114162445,True,3400,1190,0.19781163334846497,0.21710692974699644,810.2364501953125,889.2700039390757
8,first_label_token,25,4096,4096,100000000.0,0.19795145094394684,True,3400,1190,0.19781167805194855,0.21710789944945263,810.2367553710938,889.2739430147059
8,first_label_token,26,4096,4096,100000000.0,0.19795146584510803,True,3400,1190,0.19781172275543213,0.21710851493001987,810.2367553710938,889.2764574579832
8,first_label_token,27,4096,4096,100000000.0,0.19795145094394684,True,3400,1190,0.19781170785427094,0.21710929550042674,810.2367553710938,889.2796809348739
8,first_label_token,28,4096,4096,100000000.0,0.19795146584510803,True,3400,1190,0.19781173765659332,0.21711026199725494,810.2369384765625,889.2836134453781
8,last_label_token,0,4096,4096,100000000.0,0.19795162975788116,True,3400,1190,0.19781094789505005,0.2171130781414128,810.233642578125,889.2951615021009
8,last_label_token,1,4096,4096,100000000.0,0.19795168936252594,True,3400,1190,0.19781166315078735,0.21711462325408679,810.236572265625,889.3014968487395
8,last_label_token,2,4096,4096,100000000.0,0.19795146584510803,True,3400,1190,0.19781145453453064,0.2171119000731396,810.2357177734375,889.2903361344538
8,last_label_token,3,4096,4096,100000000.0,0.19795165956020355,True,3400,1190,0.19781163334846497,0.2171110024973124,810.2364501953125,889.2866530987395
8,last_label_token,4,4096,4096,100000000.0,0.19795146584510803,True,3400,1190,0.19781148433685303,0.21710794753387194,810.23583984375,889.2741662289916
8,last_label_token,5,4096,4096,3162277.6601683795,0.1979435682296753,False,3400,1190,0.19731757044792175,0.21666623444116417,808.2127075195312,887.4649094012605
8,last_label_token,6,4096,4096,3162277.6601683795,0.19794602692127228,False,3400,1190,0.19732286036014557,0.21667103807465368,808.2344360351562,887.4845522584034
8,last_label_token,7,4096,4096,10000000.0,0.1979500949382782,False,3400,1190,0.19766268134117126,0.21690526850083294,809.6262817382812,888.4439272584034
8,last_label_token,8,4096,4096,31622776.60168379,0.19795118272304535,False,3400,1190,0.1977752298116684,0.21704514607661912,810.0873413085938,889.0169117647059
8,last_label_token,9,4096,4096,31622776.60168379,0.19795098900794983,False,3400,1190,0.1977749913930893,0.21704682903129513,810.0863037109375,889.023824842437
8,last_label_token,10,4096,4096,10000000.0,0.19795061647891998,False,3400,1190,0.19766457378864288,0.21690231772030102,809.6340942382812,888.4318539915967
8,last_label_token,11,4096,4096,10000000.0,0.1979493349790573,False,3400,1190,0.19766351580619812,0.2169109697101497,809.6296997070312,888.467318802521
8,last_label_token,12,4096,4096,10000000.0,0.19794964790344238,False,3400,1190,0.19766300916671753,0.21692132709407005,809.627685546875,888.5097426470588
8,last_label_token,13,4096,4096,10000000.0,0.19794943928718567,False,3400,1190,0.197662815451622,0.21694561934270779,809.6268920898438,888.609243697479
8,last_label_token,14,4096,4096,10000000.0,0.19794900715351105,False,3400,1190,0.19766221940517426,0.21694783282881022,809.6243896484375,888.6183101365547
8,last_label_token,15,4096,4096,10000000.0,0.19794988632202148,False,3400,1190,0.19766277074813843,0.21695863419220227,809.6266479492188,888.6625656512605
8,last_label_token,16,4096,4096,10000000.0,0.19794948399066925,False,3400,1190,0.19766166806221008,0.2169528079633953,809.6222534179688,888.6387014180672
8,last_label_token,17,4096,4096,10000000.0,0.19794948399066925,False,3400,1190,0.1976611614227295,0.21695404052734374,809.6201782226562,888.6437631302521
8,last_label_token,18,4096,4096,10000000.0,0.19794899225234985,False,3400,1190,0.19766031205654144,0.21696412863851594,809.6166381835938,888.6850774684874
8,last_label_token,19,4096,4096,10000000.0,0.19795003533363342,False,3400,1190,0.19766119122505188,0.21698274852848853,809.6202392578125,888.7613707983194
8,last_label_token,20,4096,4096,10000000.0,0.19795075058937073,False,3400,1190,0.19766131043434143,0.21698808109059053,809.6207275390625,888.7831998424369
8,last_label_token,21,4096,4096,10000000.0,0.19795018434524536,False,3400,1190,0.19766110181808472,0.2169829472774217,809.619873046875,888.7621586134454
8,last_label_token,22,4096,4096,10000000.0,0.1979500651359558,False,3400,1190,0.19766083359718323,0.21699238144049124,809.6187744140625,888.80078125
8,last_label_token,23,4096,4096,31622776.60168379,0.19795134663581848,False,3400,1190,0.19777455925941467,0.21707690904120439,810.0845947265625,889.1470522584034
8,last_label_token,24,4096,4096,31622776.60168379,0.1979512721300125,False,3400,1190,0.1977744996547699,0.21707699559315913,810.0842895507812,889.1473608193278
8,last_label_token,25,4096,4096,31622776.60168379,0.19795115292072296,False,3400,1190,0.19777444005012512,0.21707863206622982,810.0841064453125,889.154030987395
8,last_label_token,26,4096,4096,100000000.0,0.19795136153697968,True,3400,1190,0.197811096906662,0.21710633350019695,810.2342529296875,889.2675748424369
8,last_label_token,27,4096,4096,31622776.60168379,0.1979512870311737,False,3400,1190,0.19777461886405945,0.2170844486781529,810.0848388671875,889.1778820903361
8,last_label_token,28,4096,4096,100000000.0,0.1979513317346573,True,3400,1190,0.1978110522031784,0.21710735769832837,810.234130859375,889.2717174369748
9,pre_label_token,0,4096,4096,0.1,0.19795136153697968,True,3400,1190,0.19782809913158417,0.2171173656688017,810.3038940429688,889.312762605042
9,pre_label_token,1,4096,4096,10000000.0,0.19793564081192017,False,3400,1190,0.19765666127204895,0.21701676665233965,809.6016845703125,888.9006762079832
9,pre_label_token,2,4096,4096,3162277.6601683795,0.1979173719882965,False,3400,1190,0.1973811388015747,0.21697838887447068,808.47314453125,888.7434742647059
9,pre_label_token,3,4096,4096,3162277.6601683795,0.19791395962238312,False,3400,1190,0.19737598299980164,0.21700909879027294,808.4520263671875,888.8693080357143
9,pre_label_token,4,4096,4096,3162277.6601683795,0.19792264699935913,False,3400,1190,0.1973651796579361,0.21704166957310267,808.4077758789062,889.0026720063025
9,pre_label_token,5,4096,4096,10000000.0,0.19793960452079773,False,3400,1190,0.19765852391719818,0.2170347374026515,809.6093139648438,888.9742975315127
9,pre_label_token,6,4096,4096,10000000.0,0.19793950021266937,False,3400,1190,0.19765816628932953,0.21696004627131615,809.60791015625,888.668356092437
9,pre_label_token,7,4096,4096,10000000.0,0.19793792068958282,False,3400,1190,0.19765688478946686,0.21686400726061908,809.6026000976562,888.2749540441176
9,pre_label_token,8,4096,4096,10000000.0,0.19794030487537384,False,3400,1190,0.1976599395275116,0.21684784448447347,809.6150512695312,888.2087578781512
9,pre_label_token,9,4096,4096,10000000.0,0.19794292747974396,False,3400,1190,0.197662815451622,0.21674828889991055,809.6268920898438,887.8009913340336
9,pre_label_token,10,4096,4096,10000000.0,0.1979438066482544,False,3400,1190,0.19766435027122498,0.21667785484249852,809.6331787109375,887.512513130252
9,pre_label_token,11,4096,4096,10000000.0,0.19793953001499176,False,3400,1190,0.1976594626903534,0.2166347952450023,809.613037109375,887.3361016281513
9,pre_label_token,12,4096,4096,10000000.0,0.19794058799743652,False,3400,1190,0.19765925407409668,0.21667553877630152,809.6123046875,887.5030265231093
9,pre_label_token,13,4096,4096,10000000.0,0.19794145226478577,False,3400,1190,0.19766080379486084,0.21673060825892856,809.61865234375,887.7285779936975
9,pre_label_token,14,4096,4096,10000000.0,0.19794626533985138,False,3400,1190,0.1976650059223175,0.21683887513745734,809.6358642578125,888.1720325630253
9,pre_label_token,15,4096,4096,10000000.0,0.19794705510139465,False,3400,1190,0.1976655125617981,0.21685569506733357,809.637939453125,888.2409007352941
9,pre_label_token,16,4096,4096,10000000.0,0.19794704020023346,False,3400,1190,0.19766561686992645,0.21688260951963792,809.6383666992188,888.3511423319328
9,pre_label_token,17,4096,4096,10000000.0,0.1979474276304245,False,3400,1190,0.19766482710838318,0.21694622039794922,809.6351318359375,888.611725315126
9,pre_label_token,18,4096,4096,10000000.0,0.19794964790344238,False,3400,1190,0.19766750931739807,0.21697045013684185,809.6461181640625,888.7109375
9,pre_label_token,19,4096,4096,31622776.60168379,0.19795113801956177,False,3400,1190,0.19777612388134003,0.21707672151196905,810.0910034179688,889.1462513130252
9,pre_label_token,20,4096,4096,100000000.0,0.19795143604278564,True,3400,1190,0.19781167805194855,0.21710857423413701,810.236572265625,889.2767200630252
9,pre_label_token,21,4096,4096,100000000.0,0.197951540350914,True,3400,1190,0.1978118121623993,0.21711058576567835,810.2371826171875,889.2849461659664
9,pre_label_token,22,4096,4096,100000000.0,0.1979515105485916,True,3400,1190,0.19781173765659332,0.21711192732097723,810.2368774414062,889.2904805672268
9,pre_label_token,23,4096,4096,100000000.0,0.19795146584510803,True,3400,1190,0.19781173765659332,0.21711208599956094,810.2368774414062,889.2911108193277
9,pre_label_token,24,4096,4096,100000000.0,0.19795137643814087,True,3400,1190,0.19781166315078735,0.21711218056558562,810.236572265625,889.2914850315126
9,pre_label_token,25,4096,4096,100000000.0,0.19795142114162445,True,3400,1190,0.19781173765659332,0.21711306692171498,810.2368774414062,889.2951418067227
9,pre_label_token,26,4096,4096,100000000.0,0.1979515105485916,True,3400,1190,0.1978118121623993,0.21711437321510635,810.2371826171875,889.3004726890756
9,pre_label_token,27,4096,4096,100000000.0,0.1979515254497528,True,3400,1190,0.19781182706356049,0.2171163126200187,810.2372436523438,889.3084427521009
9,pre_label_token,28,4096,4096,100000000.0,0.19795161485671997,True,3400,1190,0.19781199097633362,0.21711753877271123,810.2379150390625,889.3134585084034
9,first_label_token,0,4096,4096,100000000.0,0.19795158505439758,True,3400,1190,0.1978113055229187,0.2171197234081621,810.2350463867188,889.322393644958
9,first_label_token,1,4096,4096,100000000.0,0.19795194268226624,True,3400,1190,0.19781215488910675,0.2171191191472927,810.2386474609375,889.3199185924369
9,first_label_token,2,4096,4096,100000000.0,0.1979518085718155,True,3400,1190,0.19781193137168884,0.21711641680292723,810.2377319335938,889.3088694852942
9,first_label_token,3,4096,4096,100000000.0,0.1979517936706543,True,3400,1190,0.19781199097633362,0.21711735284628988,810.2379150390625,889.3126641281513
9,first_label_token,4,4096,4096,100000000.0,0.19795140624046326,True,3400,1190,0.19781158864498138,0.2171108967115899,810.2362670898438,889.2862263655462
9,first_label_token,5,4096,4096,10000000.0,0.19795088469982147,False,3400,1190,0.19766592979431152,0.21698274852848853,809.6396484375,888.7613642331933
9,first_label_token,6,4096,4096,10000000.0,0.19794905185699463,False,3400,1190,0.1976650357246399,0.21697066651672875,809.6359252929688,888.7118237920168
9,first_label_token,7,4096,4096,10000000.0,0.1979493349790573,False,3400,1190,0.19766643643379211,0.21688796932957755,809.6417236328125,888.3731355042016
9,first_label_token,8,4096,4096,3162277.6601683795,0.19794461131095886,False,3400,1190,0.1973419487476349,0.21641967677268661,808.3126220703125,886.4549894957984
9,first_label_token,9,4096,4096,10000000.0,0.19794759154319763,False,3400,1190,0.19766521453857422,0.21686942797748981,809.63671875,888.2971704306723
9,first_label_token,10,4096,4096,3162277.6601683795,0.19794531166553497,False,3400,1190,0.19734826683998108,0.21646497389849495,808.3385009765625,886.6405265231092
9,first_label_token,11,4096,4096,10000000.0,0.1979479044675827,False,3400,1190,0.19766615331172943,0.21689458254004726,809.6405639648438,888.4001903886555
9,first_label_token,12,4096,4096,10000000.0,0.19794896245002747,False,3400,1190,0.19766579568386078,0.21691786341306543,809.6390991210938,888.495568539916
9,first_label_token,13,4096,4096,10000000.0,0.19795005023479462,False,3400,1190,0.19766677916049957,0.21694384182200713,809.64306640625,888.6019761029412
9,first_label_token,14,4096,4096,10000000.0,0.19794921576976776,False,3400,1190,0.197665736079216,0.2169745853969029,809.6387939453125,888.7278820903362
9,first_label_token,15,4096,4096,10000000.0,0.197950541973114,False,3400,1190,0.19766630232334137,0.2169873389877191,809.6410522460938,888.7801601890757
9,first_label_token,16,4096,4096,10000000.0,0.19795076549053192,False,3400,1190,0.197665736079216,0.21699861638686235,809.6387939453125,888.8263589810924
9,first_label_token,17,4096,4096,10000000.0,0.19795066118240356,False,3400,1190,0.19766539335250854,0.2170052985183331,809.6373901367188,888.8536961659664
9,first_label_token,18,4096,4096,31622776.60168379,0.1979513168334961,False,3400,1190,0.19777590036392212,0.21708389089888885,810.090087890625,889.1756236869747
9,first_label_token,19,4096,4096,100000000.0,0.19795140624046326,True,3400,1190,0.197811558842659,0.21710714772969736,810.2361450195312,889.2708508403362
9,first_label_token,20,4096,4096,100000000.0,0.19795143604278564,True,3400,1190,0.19781158864498138,0.21710955836191898,810.2362670898438,889.2807444852941
9,first_label_token,21,4096,4096,100000000.0,0.19795146584510803,True,3400,1190,0.19781158864498138,0.21711009851022928,810.2362670898438,889.282943802521
9,first_label_token,22,4096,4096,100000000.0,0.19795146584510803,True,3400,1190,0.19781158864498138,0.21711123650815306,810.2362670898438,889.2876181722689
9,first_label_token,23,4096,4096,100000000.0,0.19795165956020355,True,3400,1190,0.19781170785427094,0.2171117894789752,810.23681640625,889.2898765756303
9,first_label_token,24,4096,4096,100000000.0,0.19795162975788116,True,3400,1190,0.19781172275543213,0.2171114224345744,810.23681640625,889.2883797268908
9,first_label_token,25,4096,4096,100000000.0,0.19795170426368713,True,3400,1190,0.1978118121623993,0.21711292106564306,810.2371826171875,889.2945706407563
9,first_label_token,26,4096,4096,100000000.0,0.19795165956020355,True,3400,1190,0.1978117674589157,0.21711280085459478,810.2371215820312,889.2940388655462
9,first_label_token,27,4096,4096,100000000.0,0.19795165956020355,True,3400,1190,0.1978117674589157,0.21711445175299124,810.2371215820312,889.3008140756302
9,first_label_token,28,4096,4096,100000000.0,0.19795167446136475,True,3400,1190,0.1978117674589157,0.21711499670974346,810.2371215820312,889.3030199579832
9,last_label_token,0,4096,4096,100000000.0,0.19795159995555878,True,3400,1190,0.19781115651130676,0.21711770706817884,810.2344970703125,889.3141412815127
9,last_label_token,1,4096,4096,100000000.0,0.1979524791240692,True,3400,1190,0.19781231880187988,0.2171170707510299,810.2392578125,889.3115152310925
9,last_label_token,2,4096,4096,100000000.0,0.19795238971710205,True,3400,1190,0.1978122442960739,0.217116642799698,810.2389526367188,889.309768907563
9,last_label_token,3,4096,4096,100000000.0,0.19795241951942444,True,3400,1190,0.19781231880187988,0.21711701304972672,810.2392578125,889.3113051470589
9,last_label_token,4,4096,4096,100000000.0,0.19795189797878265,True,3400,1190,0.19781184196472168,0.21711038220830325,810.2373046875,889.2840926995798
9,last_label_token,5,4096,4096,100000000.0,0.19795161485671997,True,3400,1190,0.19781161844730377,0.21710193377582968,810.2363891601562,889.2495076155462
9,last_label_token,6,4096,4096,100000000.0,0.19795149564743042,True,3400,1190,0.19781164824962616,0.21710054734173942,810.2364501953125,889.2438419117647
9,last_label_token,7,4096,4096,100000000.0,0.19795149564743042,True,3400,1190,0.19781173765659332,0.21709134879232456,810.2368774414062,889.2061449579832
9,last_label_token,8,4096,4096,31622776.60168379,0.19795086979866028,False,3400,1190,0.19777590036392212,0.2170271865460051,810.0902099609375,888.9433692226891
9,last_label_token,9,4096,4096,100000000.0,0.1979512870311737,True,3400,1190,0.1978115439414978,0.21708908882461675,810.236083984375,889.1969340861344
9,last_label_token,10,4096,4096,10000000.0,0.19795072078704834,False,3400,1190,0.19766727089881897,0.21686353122486787,809.6451416015625,888.2730173319328
9,last_label_token,11,4096,4096,10000000.0,0.19795064628124237,False,3400,1190,0.1976672261953354,0.21688185619706868,809.6449584960938,888.3480698529412
9,last_label_token,12,4096,4096,10000000.0,0.1979505717754364,False,3400,1190,0.19766579568386078,0.2169096650195723,809.63916015625,888.4619944852941
9,last_label_token,13,4096,4096,31622776.60168379,0.1979512721300125,False,3400,1190,0.19777579605579376,0.21705497292911305,810.0896606445312,889.0571428571428
9,last_label_token,14,4096,4096,31622776.60168379,0.19795124232769012,False,3400,1190,0.19777576625347137,0.21706082961138556,810.0895385742188,889.0811383928572
9,last_label_token,15,4096,4096,100000000.0,0.19795149564743042,True,3400,1190,0.197811558842659,0.2171012718136571,810.2361450195312,889.2468093487395
9,last_label_token,16,4096,4096,100000000.0,0.19795143604278564,True,3400,1190,0.19781145453453064,0.21710208924878546,810.2357177734375,889.250131302521
9,last_label_token,17,4096,4096,100000000.0,0.1979515105485916,True,3400,1190,0.19781148433685303,0.217102682289957,810.2359008789062,889.2525866596638
9,last_label_token,18,4096,4096,100000000.0,0.1979515254497528,True,3400,1190,0.1978115290403366,0.21710353178136488,810.2360229492188,889.2560727415967
9,last_label_token,19,4096,4096,100000000.0,0.19795159995555878,True,3400,1190,0.1978115737438202,0.21710417450976974,810.2361450195312,889.2586922268907
9,last_label_token,20,4096,4096,100000000.0,0.19795158505439758,True,3400,1190,0.1978115290403366,0.2171057468702813,810.2360229492188,889.2651326155462
9,last_label_token,21,4096,4096,100000000.0,0.19795158505439758,True,3400,1190,0.19781148433685303,0.21710631266361524,810.23583984375,889.2674369747899
9,last_label_token,22,4096,4096,100000000.0,0.197951540350914,True,3400,1190,0.19781145453453064,0.21710793310854615,810.2357788085938,889.2740743172269
9,last_label_token,23,4096,4096,100000000.0,0.197951540350914,True,3400,1190,0.19781140983104706,0.21710887556316472,810.2355346679688,889.2779543067227
9,last_label_token,24,4096,4096,100000000.0,0.19795161485671997,True,3400,1190,0.19781145453453064,0.21710884831532712,810.2356567382812,889.2778755252101
9,last_label_token,25,4096,4096,100000000.0,0.1979515552520752,True,3400,1190,0.19781145453453064,0.21711061461632994,810.2357177734375,889.2850840336134
9,last_label_token,26,4096,4096,100000000.0,0.1979515105485916,True,3400,1190,0.19781138002872467,0.21711035335765166,810.2354125976562,889.2840073529412
9,last_label_token,27,4096,4096,100000000.0,0.19795146584510803,True,3400,1190,0.1978113204240799,0.21711182954932462,810.2351684570312,889.2900538340336
9,last_label_token,28,4096,4096,100000000.0,0.19795146584510803,True,3400,1190,0.1978113055229187,0.21711159714129794,810.235107421875,889.2891412815126
10,pre_label_token,0,4096,4096,0.1,0.19795136153697968,True,3400,1190,0.19782809913158417,0.2171173656688017,810.3038940429688,889.312762605042
10,pre_label_token,1,4096,4096,3162277.6601683795,0.1979174166917801,False,3400,1190,0.1973692923784256,0.21694225984461168,808.4244995117188,888.5955160189076
10,pre_label_token,2,4096,4096,3162277.6601683795,0.1979183554649353,False,3400,1190,0.1973894238471985,0.2168849560393005,808.5072021484375,888.3607733718487
10,pre_label_token,3,4096,4096,3162277.6601683795,0.19790557026863098,False,3400,1190,0.19738039374351501,0.2169610945116572,808.4700927734375,888.6726431197479
10,pre_label_token,4,4096,4096,3162277.6601683795,0.19792690873146057,False,3400,1190,0.19738253951072693,0.21702866434049206,808.4788818359375,888.9494288340336
10,pre_label_token,5,4096,4096,10000000.0,0.19794414937496185,False,3400,1190,0.19766704738140106,0.21700216822263574,809.6442260742188,888.8408744747899
10,pre_label_token,6,4096,4096,10000000.0,0.19793732464313507,False,3400,1190,0.19765982031822205,0.2169233514481232,809.6146850585938,888.5180672268907
10,pre_label_token,7,4096,4096,3162277.6601683795,0.19792477786540985,False,3400,1190,0.19737966358661652,0.21643569048713235,808.467041015625,886.520575105042
10,pre_label_token,8,4096,4096,3162277.6601683795,0.1979256272315979,False,3400,1190,0.1973801851272583,0.21646056936568572,808.46923828125,886.6224789915966
10,pre_label_token,9,4096,4096,10000000.0,0.19793924689292908,False,3400,1190,0.19766198098659515,0.2166990360292066,809.6234741210938,887.5992647058823
10,pre_label_token,10,4096,4096,10000000.0,0.19794361293315887,False,3400,1190,0.19766680896282196,0.21663276608250723,809.6431884765625,887.3278098739496
10,pre_label_token,11,4096,4096,10000000.0,0.19794422388076782,False,3400,1190,0.19766686856746674,0.2166392142031373,809.6434326171875,887.3542279411764
10,pre_label_token,12,4096,4096,10000000.0,0.19794636964797974,False,3400,1190,0.19766755402088165,0.21668818658139524,809.6463012695312,887.5547925420168
10,pre_label_token,13,4096,4096,10000000.0,0.1979498267173767,False,3400,1190,0.19767117500305176,0.21672004250919116,809.6611328125,887.6852678571429
10,pre_label_token,14,4096,4096,100000000.0,0.19795146584510803,True,3400,1190,0.1978115439414978,0.21708126548959428,810.2361450195312,889.164850315126
10,pre_label_token,15,4096,4096,100000000.0,0.19795165956020355,True,3400,1190,0.19781173765659332,0.21708420024198644,810.2368774414062,889.1768710609243
10,pre_label_token,16,4096,4096,100000000.0,0.19795165956020355,True,3400,1190,0.19781170785427094,0.21708533823991022,810.2367553710938,889.1815519957984
10,pre_label_token,17,4096,4096,100000000.0,0.19795171916484833,True,3400,1190,0.1978118121623993,0.2170927544601825,810.2372436523438,889.2119353991596
10,pre_label_token,18,4096,4096,100000000.0,0.1979517936706543,True,3400,1190,0.19781191647052765,0.21709661563905347,810.2376098632812,889.2277442226891
10,pre_label_token,19,4096,4096,100000000.0,0.19795195758342743,True,3400,1190,0.19781209528446198,0.21710147056259027,810.2384033203125,889.2476299894957
10,pre_label_token,20,4096,4096,100000000.0,0.19795210659503937,True,3400,1190,0.1978122442960739,0.21710532853583328,810.2389526367188,889.2634388130252
10,pre_label_token,21,4096,4096,100000000.0,0.19795207679271698,True,3400,1190,0.1978122442960739,0.2171074955403304,810.239013671875,889.2722886029412
10,pre_label_token,22,4096,4096,100000000.0,0.1979520171880722,True,3400,1190,0.19781222939491272,0.21710911277963335,810.2388916015625,889.2789128151261
10,pre_label_token,23,4096,4096,100000000.0,0.19795194268226624,True,3400,1190,0.19781213998794556,0.21711003760329817,810.238525390625,889.2827468487395
10,pre_label_token,24,4096,4096,100000000.0,0.19795192778110504,True,3400,1190,0.19781209528446198,0.21711045914337415,810.2384033203125,889.2844078256303
10,pre_label_token,25,4096,4096,100000000.0,0.19795186817646027,True,3400,1190,0.19781209528446198,0.21711075245833197,810.23828125,889.2856158088235
10,pre_label_token,26,4096,4096,100000000.0,0.19795189797878265,True,3400,1190,0.19781213998794556,0.21711230879070378,810.238525390625,889.2920102415966
10,pre_label_token,27,4096,4096,100000000.0,0.19795189797878265,True,3400,1190,0.19781213998794556,0.21711311821176224,810.238525390625,889.2953715861345
10,pre_label_token,28,4096,4096,100000000.0,0.19795188307762146,True,3400,1190,0.19781216979026794,0.21711463767941258,810.2386474609375,889.3015493697479
10,first_label_token,0,4096,4096,3162277.6601683795,0.19794856011867523,False,3400,1190,0.19733907282352448,0.2170590248428473,808.3008422851562,889.0737526260505
10,first_label_token,1,4096,4096,3162277.6601683795,0.1979486048221588,False,3400,1190,0.19734513759613037,0.21696728618205094,808.3258056640625,888.6979976365546
10,first_label_token,2,4096,4096,100000000.0,0.19795140624046326,True,3400,1190,0.197812020778656,0.21711202990107176,810.2379760742188,889.290894170168
10,first_label_token,3,4096,4096,100000000.0,0.1979513317346573,True,3400,1190,0.19781194627285004,0.21711306211327305,810.2377319335938,889.2950958508403
10,first_label_token,4,4096,4096,100000000.0,0.19795146584510803,True,3400,1190,0.197812020778656,0.21711102173108013,810.238037109375,889.2867450105042
10,first_label_token,5,4096,4096,3162277.6601683795,0.19794926047325134,False,3400,1190,0.19734400510787964,0.21682996990300027,808.321044921875,888.1355961134453
10,first_label_token,6,4096,4096,100000000.0,0.19795140624046326,True,3400,1190,0.19781190156936646,0.21710567474365233,810.237548828125,889.2648765756303
10,first_label_token,7,4096,4096,10000000.0,0.19795046746730804,False,3400,1190,0.19766877591609955,0.21696868223302504,809.6513061523438,888.7037092962184
10,first_label_token,8,4096,4096,10000000.0,0.19794975221157074,False,3400,1190,0.19766780734062195,0.21697114415529395,809.6473388671875,888.7137933298319
10,first_label_token,9,4096,4096,3162277.6601683795,0.19794520735740662,False,3400,1190,0.19734600186347961,0.21678882246257877,808.3292846679688,887.9670036764705
10,first_label_token,10,4096,4096,3162277.6601683795,0.19794386625289917,False,3400,1190,0.19734518229961395,0.21672543277259634,808.3258666992188,887.7073398109244
10,first_label_token,11,4096,4096,3162277.6601683795,0.19794408977031708,False,3400,1190,0.19734424352645874,0.21677147520690404,808.322021484375,887.895962447479
10,first_label_token,12,4096,4096,10000000.0,0.1979491263628006,False,3400,1190,0.19766543805599213,0.21698278379039604,809.6376342773438,888.7614824054622
10,first_label_token,13,4096,4096,10000000.0,0.19794894754886627,False,3400,1190,0.19766516983509064,0.21699989222678817,809.6365966796875,888.8315782563026
10,first_label_token,14,4096,4096,31622776.60168379,0.19795097410678864,False,3400,1190,0.19777566194534302,0.21708617010036435,810.089111328125,889.1849264705883
10,first_label_token,15,4096,4096,31622776.60168379,0.19795124232769012,False,3400,1190,0.19777587056159973,0.21708795563513492,810.0899658203125,889.1922991071428
10,first_label_token,16,4096,4096,10000000.0,0.19795073568820953,False,3400,1190,0.19766560196876526,0.21703768818318342,809.6383056640625,888.9863642331933
10,first_label_token,17,4096,4096,10000000.0,0.1979507952928543,False,3400,1190,0.19766554236412048,0.21704846229873787,809.6380615234375,889.0305147058823
10,first_label_token,18,4096,4096,10000000.0,0.1979505717754364,False,3400,1190,0.19766539335250854,0.21705646835455372,809.637451171875,889.0633075105042
10,first_label_token,19,4096,4096,10000000.0,0.19795048236846924,False,3400,1190,0.19766482710838318,0.21705835967504677,809.6351318359375,889.0710543592437
10,first_label_token,20,4096,4096,10000000.0,0.1979503184556961,False,3400,1190,0.1976647824048996,0.21707054907534304,809.6349487304688,889.1209493172269
10,first_label_token,21,4096,4096,10000000.0,0.19795067608356476,False,3400,1190,0.19766514003276825,0.21707444070767956,809.6364135742188,889.1368960084034
10,first_label_token,22,4096,4096,10000000.0,0.19795089960098267,False,3400,1190,0.19766482710838318,0.2170768000498539,809.6351318359375,889.146605829832
10,first_label_token,23,4096,4096,10000000.0,0.19795064628124237,False,3400,1190,0.1976640373468399,0.21708037592783697,809.6318969726562,889.1611869747899
10,first_label_token,24,4096,4096,10000000.0,0.19795067608356476,False,3400,1190,0.19766394793987274,0.2170863784661814,809.6315307617188,889.185812762605
10,first_label_token,25,4096,4096,10000000.0,0.19795063138008118,False,3400,1190,0.19766385853290558,0.21710319038198775,809.6311645507812,889.2546481092437
10,first_label_token,26,4096,4096,10000000.0,0.197950541973114,False,3400,1190,0.1976630985736847,0.21711501113506926,809.6280517578125,889.3030790441177
10,first_label_token,27,4096,4096,10000000.0,0.19794961810112,False,3400,1190,0.19766192138195038,0.21712011930321445,809.6232299804688,889.3240086659664
10,first_label_token,28,4096,4096,10000000.0,0.19794967770576477,False,3400,1190,0.19766144454479218,0.21710933877640412,809.6212158203125,889.2798450630252
10,last_label_token,0,4096,4096,100000000.0,0.19795145094394684,True,3400,1190,0.19781194627285004,0.2171153316978647,810.2377319335938,889.3043855042017
10,last_label_token,1,4096,4096,100000000.0,0.1979515552520752,True,3400,1190,0.19781216979026794,0.217112502731195,810.2386474609375,889.2928046218487
10,last_label_token,2,4096,4096,100000000.0,0.19795168936252594,True,3400,1190,0.19781219959259033,0.2171138234499122,810.23876953125,889.2982274159664
10,last_label_token,3,4096,4096,100000000.0,0.19795171916484833,True,3400,1190,0.19781219959259033,0.21711446617831703,810.23876953125,889.3008600315126
10,last_label_token,4,4096,4096,100000000.0,0.19795183837413788,True,3400,1190,0.1978122740983963,0.21711191289565143,810.239013671875,889.2904083508404
10,last_label_token,5,4096,4096,100000000.0,0.19795174896717072,True,3400,1190,0.19781216979026794,0.21710625496231206,810.2386474609375,889.2672203256302
10,last_label_token,6,4096,4096,100000000.0,0.19795168936252594,True,3400,1190,0.19781219959259033,0.2171037481612518,810.23876953125,889.2569590336135
10,last_label_token,7,4096,4096,100000000.0,0.1979515254497528,True,3400,1190,0.1978120058774948,0.21709548886082752,810.2379760742188,889.2231289390757
10,last_label_token,8,4096,4096,100000000.0,0.19795137643814087,True,3400,1190,0.19781182706356049,0.21709387162152458,810.2373046875,889.2164850315127
10,last_label_token,9,4096,4096,100000000.0,0.19795168936252594,True,3400,1190,0.19781208038330078,0.21709567639006286,810.2382202148438,889.2238773634454
10,last_label_token,10,4096,4096,100000000.0,0.19795168936252594,True,3400,1190,0.19781209528446198,0.21709396779036322,810.2383422851562,889.2168658088235
10,last_label_token,11,4096,4096,100000000.0,0.1979515254497528,True,3400,1190,0.19781199097633362,0.21709628065093226,810.2379150390625,889.2263852415966
10,last_label_token,12,4096,4096,100000000.0,0.19795159995555878,True,3400,1190,0.19781194627285004,0.21709771837506975,810.2377319335938,889.2322478991597
10,last_label_token,13,4096,4096,100000000.0,0.19795167446136475,True,3400,1190,0.19781199097633362,0.2171000023849872,810.2379150390625,889.2415966386554
10,last_label_token,14,4096,4096,100000000.0,0.1979517638683319,True,3400,1190,0.1978120505809784,0.2171016580918256,810.2381591796875,889.2483849789916
10,last_label_token,15,4096,4096,100000000.0,0.1979517936706543,True,3400,1190,0.19781209528446198,0.2171035878798541,810.2383422851562,889.2562828256303
10,last_label_token,16,4096,4096,100000000.0,0.19795168936252594,True,3400,1190,0.19781190156936646,0.2171044934697512,810.237548828125,889.260031512605
10,last_label_token,17,4096,4096,100000000.0,0.19795167446136475,True,3400,1190,0.19781190156936646,0.2171066604742483,810.237548828125,889.2689141281512
10,last_label_token,18,4096,4096,100000000.0,0.19795168936252594,True,3400,1190,0.19781188666820526,0.217107032327091,810.2374877929688,889.2704175420168
10,last_label_token,19,4096,4096,100000000.0,0.1979517638683319,True,3400,1190,0.19781199097633362,0.2171075099656562,810.2378540039062,889.2723279936974
10,last_label_token,20,4096,4096,100000000.0,0.1979517638683319,True,3400,1190,0.19781191647052765,0.2171088627406529,810.2376098632812,889.277862394958
10,last_label_token,21,4096,4096,100000000.0,0.1979518085718155,True,3400,1190,0.19781199097633362,0.21710995906541328,810.2379150390625,889.2823726365547
10,last_label_token,22,4096,4096,100000000.0,0.19795183837413788,True,3400,1190,0.19781199097633362,0.21711111629710478,810.2379150390625,889.2871126575631
10,last_label_token,23,4096,4096,100000000.0,0.1979517787694931,True,3400,1190,0.19781191647052765,0.21711139999517873,810.2376098632812,889.2882615546218
10,last_label_token,24,4096,4096,100000000.0,0.19795165956020355,True,3400,1190,0.1978117972612381,0.217110890300334,810.2369995117188,889.2861804096639
10,last_label_token,25,4096,4096,100000000.0,0.19795165956020355,True,3400,1190,0.1978118121623993,0.21711282169117646,810.2371826171875,889.294137342437
10,last_label_token,26,4096,4096,100000000.0,0.19795168936252594,True,3400,1190,0.1978117674589157,0.21711341954078994,810.2369995117188,889.2965533088235
10,last_label_token,27,4096,4096,100000000.0,0.1979515552520752,True,3400,1190,0.19781166315078735,0.21711420812526672,810.236572265625,889.2998096113446
10,last_label_token,28,4096,4096,100000000.0,0.1979515105485916,True,3400,1190,0.19781163334846497,0.21711438283199022,810.2363891601562,889.3005252100841
10,last_prompt_token,0,4096,4096,0.1,0.19795136153697968,True,3400,1190,0.19782809913158417,0.2171173656688017,810.3038940429688,889.312762605042
10,last_prompt_token,1,4096,4096,3162277.6601683795,0.19791801273822784,False,3400,1190,0.1973741501569748,0.21687702531574152,808.4445190429688,888.3282956932773
10,last_prompt_token,2,4096,4096,3162277.6601683795,0.19791081547737122,False,3400,1190,0.19739125669002533,0.21691899820536126,808.5145874023438,888.5001903886555
10,last_prompt_token,3,4096,4096,3162277.6601683795,0.1978980153799057,False,3400,1190,0.19737763702869415,0.21699269559203077,808.4588012695312,888.8020680147059
10,last_prompt_token,4,4096,4096,3162277.6601683795,0.19790884852409363,False,3400,1190,0.19736477732658386,0.21697449563932017,808.4061279296875,888.7275275735294
10,last_prompt_token,5,4096,4096,10000000.0,0.1979372501373291,False,3400,1190,0.19765932857990265,0.21699555821779395,809.6126708984375,888.813799894958
10,last_prompt_token,6,4096,4096,3162277.6601683795,0.19792763888835907,False,3400,1190,0.19737842679023743,0.21675901493104566,808.4620361328125,887.844918592437
10,last_prompt_token,7,4096,4096,3162277.6601683795,0.1979251503944397,False,3400,1190,0.1973785161972046,0.2165913060933602,808.46240234375,887.1579963235295
10,last_prompt_token,8,4096,4096,3162277.6601683795,0.19793379306793213,False,3400,1190,0.19738227128982544,0.2166304884838457,808.4778442382812,887.3185136554622
10,last_prompt_token,9,4096,4096,10000000.0,0.19794031977653503,False,3400,1190,0.19766069948673248,0.21674309898825253,809.6182250976562,887.7797203256303
10,last_prompt_token,10,4096,4096,10000000.0,0.19794027507305145,False,3400,1190,0.19766220450401306,0.2166685408904773,809.6244506835938,887.474356617647
10,last_prompt_token,11,4096,4096,3162277.6601683795,0.1979353278875351,False,3400,1190,0.19738775491714478,0.2161783426749606,808.500244140625,885.4664784663865
10,last_prompt_token,12,4096,4096,3162277.6601683795,0.1979304850101471,False,3400,1190,0.19737446308135986,0.21620424094320345,808.44580078125,885.5725774684873
10,last_prompt_token,13,4096,4096,3162277.6601683795,0.1979352980852127,False,3400,1190,0.1973758339881897,0.2162634344661937,808.451416015625,885.8150275735294
10,last_prompt_token,14,4096,4096,3162277.6601683795,0.19793488085269928,False,3400,1190,0.19736582040786743,0.21636581581179834,808.410400390625,886.2343881302521
10,last_prompt_token,15,4096,4096,3162277.6601683795,0.19793623685836792,False,3400,1190,0.19736312329769135,0.21641025062368696,808.3992919921875,886.4163996848739
10,last_prompt_token,16,4096,4096,3162277.6601683795,0.19794273376464844,False,3400,1190,0.19736914336681366,0.2164335058516815,808.4240112304688,886.5116334033613
10,last_prompt_token,17,4096,4096,3162277.6601683795,0.1979404091835022,False,3400,1190,0.19735285639762878,0.21652755897586085,808.3572998046875,886.896881565126
10,last_prompt_token,18,4096,4096,3162277.6601683795,0.19794131815433502,False,3400,1190,0.19735361635684967,0.21660556632931494,808.3604125976562,887.2163865546219
10,last_prompt_token,19,4096,4096,3162277.6601683795,0.1979454755783081,False,3400,1190,0.1973572075366974,0.2167206595925724,808.3751220703125,887.6878019957983
10,last_prompt_token,20,4096,4096,3162277.6601683795,0.19794681668281555,False,3400,1190,0.19735193252563477,0.21682193980497472,808.353515625,888.1026654411764
10,last_prompt_token,21,4096,4096,3162277.6601683795,0.1979479044675827,False,3400,1190,0.19734977185726166,0.2168815805130646,808.3446655273438,888.3469406512605
10,last_prompt_token,22,4096,4096,3162277.6601683795,0.1979467272758484,False,3400,1190,0.19734448194503784,0.21693246023995535,808.3230590820312,888.5553571428571
10,last_prompt_token,23,4096,4096,3162277.6601683795,0.19794858992099762,False,3400,1190,0.1973455399274826,0.21695213958996684,808.3273315429688,888.6359834558823
10,last_prompt_token,24,4096,4096,3162277.6601683795,0.19794730842113495,False,3400,1190,0.19734391570091248,0.2169735740212833,808.3206787109375,888.7237066701681
10,last_prompt_token,25,4096,4096,3162277.6601683795,0.19794870913028717,False,3400,1190,0.19734646379947662,0.21700187651049188,808.3311157226562,888.8397321428571
10,last_prompt_token,26,4096,4096,10000000.0,0.197951078414917,False,3400,1190,0.19766829907894135,0.21709563471689947,809.6492919921875,889.2237198004202
10,last_prompt_token,27,4096,4096,3162277.6601683795,0.19794924557209015,False,3400,1190,0.19734694063663483,0.21709909198664817,808.3330688476562,889.2378742121849
10,last_prompt_token,28,4096,4096,3162277.6601683795,0.1979486346244812,False,3400,1190,0.197351336479187,0.2171529625644203,808.3510131835938,889.4585215336134
