icl_example_index,token_role,layer,feature_dim,target_dim,best_alpha,cv_mse,alpha_pinned,train_sample_count,test_sample_count,train_mse,test_mse,train_mean_squared_l2,test_mean_squared_l2
1,pre_label_token,0,4096,4096,0.1,0.3663851320743561,True,3400,1870,0.3306626081466675,0.3850427698961554,1354.3939208984375,1577.1351687834224
1,pre_label_token,1,4096,4096,316227.7660168379,0.3234192728996277,False,3400,1870,0.18538619577884674,0.35431928991633943,759.342041015625,1451.2918198529412
1,pre_label_token,2,4096,4096,316227.7660168379,0.31545376777648926,False,3400,1870,0.1744200587272644,0.34842532356792594,714.424560546875,1427.1500960895721
1,pre_label_token,3,4096,4096,31622.776601683792,0.30938220024108887,False,3400,1870,0.11505856364965439,0.35908301960338246,471.2798767089844,1470.8040775401068
1,pre_label_token,4,4096,4096,100000.0,0.30460092425346375,False,3400,1870,0.13180366158485413,0.34840305858754855,539.8677978515625,1427.0589613970587
1,pre_label_token,5,4096,4096,100000.0,0.302034467458725,False,3400,1870,0.13060200214385986,0.3520347656413196,534.94580078125,1441.9343708221925
1,pre_label_token,6,4096,4096,100000.0,0.3015703558921814,False,3400,1870,0.12761908769607544,0.3503773847365762,522.727783203125,1435.145801303476
1,pre_label_token,7,4096,4096,100000.0,0.2991844117641449,False,3400,1870,0.12618272006511688,0.34924724701254123,516.8444213867188,1430.516715407754
1,pre_label_token,8,4096,4096,100000.0,0.29666322469711304,False,3400,1870,0.12569186091423035,0.3496777172394615,514.8339233398438,1432.279954879679
1,pre_label_token,9,4096,4096,100000.0,0.29674187302589417,False,3400,1870,0.12523818016052246,0.34632477785814253,512.9755859375,1418.5463360628341
1,pre_label_token,10,4096,4096,100000.0,0.2958265244960785,False,3400,1870,0.12361663579940796,0.3444757757339886,506.333740234375,1410.972769050802
1,pre_label_token,11,4096,4096,100000.0,0.2941972613334656,False,3400,1870,0.12263691425323486,0.342230174630721,502.32080078125,1401.7747869318182
1,pre_label_token,12,4096,4096,100000.0,0.29418981075286865,False,3400,1870,0.12157245725393295,0.34264139185614767,497.9607849121094,1403.4591702874332
1,pre_label_token,13,4096,4096,100000.0,0.291067898273468,False,3400,1870,0.11902932822704315,0.3427938859092998,487.54412841796875,1404.083748328877
1,pre_label_token,14,4096,4096,100000.0,0.28922054171562195,False,3400,1870,0.1168675571680069,0.34333145427193873,478.689453125,1406.2856241644386
1,pre_label_token,15,4096,4096,100000.0,0.288780152797699,False,3400,1870,0.11743328720331192,0.34478921227276643,481.00677490234375,1412.2566009358288
1,pre_label_token,16,4096,4096,100000.0,0.28869786858558655,False,3400,1870,0.11779782176017761,0.3455884219490908,482.4999084472656,1415.5302055481284
1,pre_label_token,17,4096,4096,31622.776601683792,0.28812170028686523,False,3400,1870,0.09255857765674591,0.3502854668520351,379.1199035644531,1434.7692847593582
1,pre_label_token,18,4096,4096,31622.776601683792,0.28871527314186096,False,3400,1870,0.0926845446228981,0.34992954641739954,379.6358947753906,1433.3114471925135
1,pre_label_token,19,4096,4096,31622.776601683792,0.287898451089859,False,3400,1870,0.09218361973762512,0.34830329303435464,377.5841064453125,1426.650259024064
1,pre_label_token,20,4096,4096,31622.776601683792,0.2880910634994507,False,3400,1870,0.09227624535560608,0.34922132849055815,377.9635009765625,1430.4105782085562
1,pre_label_token,21,4096,4096,31622.776601683792,0.2877624034881592,False,3400,1870,0.09222155064344406,0.3484828989773511,377.7394714355469,1427.3859583890373
1,pre_label_token,22,4096,4096,31622.776601683792,0.28857147693634033,False,3400,1870,0.09277680516242981,0.3492158369584517,380.0137939453125,1430.3880389371657
1,pre_label_token,23,4096,4096,31622.776601683792,0.28832221031188965,False,3400,1870,0.0927463248372078,0.3493983610428591,379.8889465332031,1431.135741143048
1,pre_label_token,24,4096,4096,31622.776601683792,0.28834134340286255,False,3400,1870,0.09242842346429825,0.3491996775336444,378.5868225097656,1430.3218958890375
1,pre_label_token,25,4096,4096,31622.776601683792,0.28860312700271606,False,3400,1870,0.09240882843732834,0.34899504656460195,378.50653076171875,1429.4837274398396
1,pre_label_token,26,4096,4096,31622.776601683792,0.2890261113643646,False,3400,1870,0.09235892444849014,0.3486254289188487,378.3021545410156,1427.9697902740643
1,pre_label_token,27,4096,4096,31622.776601683792,0.2889522910118103,False,3400,1870,0.09266822785139084,0.34836727795116407,379.56903076171875,1426.9123663101605
1,pre_label_token,28,4096,4096,31622.776601683792,0.2902257740497589,False,3400,1870,0.0936400517821312,0.34877566679276245,383.54962158203125,1428.5851061163103
1,first_label_token,0,4096,4096,31622.776601683792,0.31366804242134094,False,3400,1870,0.07762432843446732,0.3200383364835525,317.94927978515625,1310.8770366811498
1,first_label_token,1,4096,4096,31622.776601683792,0.2947775721549988,False,3400,1870,0.07082030922174454,0.3175725085212585,290.0799865722656,1300.7769635695188
1,first_label_token,2,4096,4096,31622.776601683792,0.27579447627067566,False,3400,1870,0.0616026297211647,0.3022488476758335,252.32437133789062,1238.0112842580213
1,first_label_token,3,4096,4096,31622.776601683792,0.27333560585975647,False,3400,1870,0.059597164392471313,0.3049584801821785,244.1099853515625,1249.1099181149732
1,first_label_token,4,4096,4096,31622.776601683792,0.26581883430480957,False,3400,1870,0.05088307335972786,0.2974505047109675,208.4170684814453,1218.357275651738
1,first_label_token,5,4096,4096,31622.776601683792,0.26005393266677856,False,3400,1870,0.04564564302563667,0.2950890235084901,186.9645538330078,1208.6846465574865
1,first_label_token,6,4096,4096,31622.776601683792,0.2584867775440216,False,3400,1870,0.042780179530382156,0.296639329736883,175.2276153564453,1215.0346946022728
1,first_label_token,7,4096,4096,31622.776601683792,0.2500835955142975,False,3400,1870,0.03854835033416748,0.29447348181576655,157.89404296875,1206.163394050802
1,first_label_token,8,4096,4096,31622.776601683792,0.24777521193027496,False,3400,1870,0.03735407814383507,0.2947327017146636,153.00230407714844,1207.225162934492
1,first_label_token,9,4096,4096,31622.776601683792,0.24801850318908691,False,3400,1870,0.037861134856939316,0.2916239570168888,155.0791778564453,1194.4917446524064
1,first_label_token,10,4096,4096,31622.776601683792,0.24943996965885162,False,3400,1870,0.03800663352012634,0.29105469300785164,155.6751708984375,1192.1600058489305
1,first_label_token,11,4096,4096,31622.776601683792,0.24863170087337494,False,3400,1870,0.037742797285318375,0.2916490932199407,154.594482421875,1194.5946983622994
1,first_label_token,12,4096,4096,31622.776601683792,0.24961215257644653,False,3400,1870,0.03820967674255371,0.29146014738847864,156.5068359375,1193.8207532586898
1,first_label_token,13,4096,4096,31622.776601683792,0.2501979172229767,False,3400,1870,0.03808754310011864,0.2912627816837739,156.006591796875,1193.0123245320856
1,first_label_token,14,4096,4096,31622.776601683792,0.25060534477233887,False,3400,1870,0.03804350644350052,0.2906742876226252,155.82620239257812,1190.601871657754
1,first_label_token,15,4096,4096,31622.776601683792,0.25058460235595703,False,3400,1870,0.03810900077223778,0.2912128999271495,156.0944366455078,1192.8080589906417
1,first_label_token,16,4096,4096,31622.776601683792,0.2513645589351654,False,3400,1870,0.03841618075966835,0.29093954881882284,157.35269165039062,1191.6883982286097
1,first_label_token,17,4096,4096,31622.776601683792,0.25219881534576416,False,3400,1870,0.03849467262625694,0.2904373571834462,157.67417907714844,1189.6314087566846
1,first_label_token,18,4096,4096,31622.776601683792,0.25315171480178833,False,3400,1870,0.03894495964050293,0.2915113530694482,159.5185546875,1194.0305481283422
1,first_label_token,19,4096,4096,31622.776601683792,0.25464704632759094,False,3400,1870,0.039225056767463684,0.2927290860344382,160.66583251953125,1199.0183259525402
1,first_label_token,20,4096,4096,31622.776601683792,0.2564585208892822,False,3400,1870,0.04000840336084366,0.29436152300095175,163.8744354248047,1205.704802389706
1,first_label_token,21,4096,4096,31622.776601683792,0.25671201944351196,False,3400,1870,0.04032739996910095,0.295767095637194,165.18104553222656,1211.4620487967914
1,first_label_token,22,4096,4096,31622.776601683792,0.25848686695098877,False,3400,1870,0.040992170572280884,0.296620986550887,167.9039306640625,1214.9595880681818
1,first_label_token,23,4096,4096,31622.776601683792,0.25941890478134155,False,3400,1870,0.04156407341361046,0.2973834568166478,170.24642944335938,1218.0826432987967
1,first_label_token,24,4096,4096,31622.776601683792,0.25970107316970825,False,3400,1870,0.0421154648065567,0.2971897206841943,172.50491333007812,1217.28907921123
1,first_label_token,25,4096,4096,31622.776601683792,0.2605229616165161,False,3400,1870,0.04221305251121521,0.2981355350922773,172.90464782714844,1221.1631580046792
1,first_label_token,26,4096,4096,31622.776601683792,0.2611544728279114,False,3400,1870,0.04238618537783623,0.29881101292084883,173.61378479003906,1223.929938168449
1,first_label_token,27,4096,4096,31622.776601683792,0.2610354721546173,False,3400,1870,0.042671941220760345,0.2995881218323733,174.7843017578125,1227.1129428475936
1,first_label_token,28,4096,4096,31622.776601683792,0.2610059976577759,False,3400,1870,0.042876243591308594,0.30081796595119537,175.62109375,1232.1503885360962
1,last_label_token,0,4096,4096,31622.776601683792,0.2970432937145233,False,3400,1870,0.0571318157017231,0.3171308364460175,234.0119171142578,1298.9679102606951
1,last_label_token,1,4096,4096,31622.776601683792,0.2787172198295593,False,3400,1870,0.04789207875728607,0.3162570341385622,196.16595458984375,1295.388803475936
1,last_label_token,2,4096,4096,31622.776601683792,0.25985926389694214,False,3400,1870,0.03741641342639923,0.3050706603310325,153.25762939453125,1249.5694769385027
1,last_label_token,3,4096,4096,10000.0,0.2552471160888672,False,3400,1870,0.021503964439034462,0.3107295061815231,88.08024597167969,1272.7480990975937
1,last_label_token,4,4096,4096,10000.0,0.2428576946258545,False,3400,1870,0.016256557777523994,0.2950304276165478,66.58686065673828,1208.4446524064172
1,last_label_token,5,4096,4096,10000.0,0.23569762706756592,False,3400,1870,0.013540179468691349,0.29277285203576725,55.460575103759766,1199.1976144719251
1,last_label_token,6,4096,4096,31622.776601683792,0.23427549004554749,False,3400,1870,0.021838152781128883,0.2872037612180659,89.4490737915039,1176.3866184826204
1,last_label_token,7,4096,4096,31622.776601683792,0.22993744909763336,False,3400,1870,0.021156443282961845,0.28400855344884535,86.65679931640625,1163.2990035929145
1,last_label_token,8,4096,4096,31622.776601683792,0.22821564972400665,False,3400,1870,0.02002435177564621,0.28334921311567174,82.01974487304688,1160.5983602105614
1,last_label_token,9,4096,4096,31622.776601683792,0.2276892364025116,False,3400,1870,0.020180676132440567,0.28124841394271444,82.66007232666016,1151.9934993315508
1,last_label_token,10,4096,4096,31622.776601683792,0.22813427448272705,False,3400,1870,0.020069191232323647,0.2809559990377987,82.20340728759766,1150.7957804144385
1,last_label_token,11,4096,4096,31622.776601683792,0.22749187052249908,False,3400,1870,0.019842544570565224,0.28026440870315633,81.27507019042969,1147.9630055147059
1,last_label_token,12,4096,4096,31622.776601683792,0.22817827761173248,False,3400,1870,0.01927579939365387,0.2808837125645602,78.95368194580078,1150.4996845755347
1,last_label_token,13,4096,4096,31622.776601683792,0.22831633687019348,False,3400,1870,0.0193998534232378,0.28021847730014415,79.46179962158203,1147.774876754679
1,last_label_token,14,4096,4096,31622.776601683792,0.22847837209701538,False,3400,1870,0.019405173137784004,0.28016362674733536,79.48358154296875,1147.5501900902407
1,last_label_token,15,4096,4096,31622.776601683792,0.2291545867919922,False,3400,1870,0.019445642828941345,0.2810181153649315,79.64935302734375,1151.0502130681818
1,last_label_token,16,4096,4096,31622.776601683792,0.23005828261375427,False,3400,1870,0.019356921315193176,0.2821037465875799,79.28594207763672,1155.4969460227273
1,last_label_token,17,4096,4096,31622.776601683792,0.23146161437034607,False,3400,1870,0.019624952226877213,0.282038788616976,80.38380432128906,1155.2308698195188
1,last_label_token,18,4096,4096,31622.776601683792,0.23245130479335785,False,3400,1870,0.0195479579269886,0.2832316668913326,80.06843566894531,1160.1169159425133
1,last_label_token,19,4096,4096,31622.776601683792,0.234267458319664,False,3400,1870,0.019460191950201988,0.2829048870719053,79.70893859863281,1158.7784278910428
1,last_label_token,20,4096,4096,31622.776601683792,0.23548121750354767,False,3400,1870,0.01988847926259041,0.28385225795807045,81.46322631835938,1162.658846507353
1,last_label_token,21,4096,4096,31622.776601683792,0.2363862246274948,False,3400,1870,0.020265717059373856,0.2855728190212964,83.00837707519531,1169.7063022225936
1,last_label_token,22,4096,4096,31622.776601683792,0.23788140714168549,False,3400,1870,0.020606059581041336,0.2869177267513173,84.40242004394531,1175.2150192179145
1,last_label_token,23,4096,4096,10000.0,0.23888744413852692,False,3400,1870,0.012520687654614449,0.2898384512427019,51.28474044799805,1187.1783255347593
1,last_label_token,24,4096,4096,10000.0,0.2393551468849182,False,3400,1870,0.012632359750568867,0.2897552694228881,51.74214553833008,1186.8375919117648
1,last_label_token,25,4096,4096,10000.0,0.2398577779531479,False,3400,1870,0.012604212388396263,0.2899169151795739,51.626853942871094,1187.4996887533423
1,last_label_token,26,4096,4096,10000.0,0.24003194272518158,False,3400,1870,0.012642714194953442,0.29082982272387825,51.78456115722656,1191.2389455213904
1,last_label_token,27,4096,4096,10000.0,0.24036628007888794,False,3400,1870,0.012759226374328136,0.29094551412816994,52.26179122924805,1191.712784090909
1,last_label_token,28,4096,4096,10000.0,0.24003756046295166,False,3400,1870,0.012875044718384743,0.29137802430015197,52.736183166503906,1193.484375
2,pre_label_token,0,4096,4096,0.1,0.3663851320743561,True,3400,1870,0.3306626081466675,0.3850427698961554,1354.3939208984375,1577.1351687834224
2,pre_label_token,1,4096,4096,100000.0,0.30766597390174866,False,3400,1870,0.12784291803836823,0.3342343988265583,523.6445922851562,1369.0241351938503
2,pre_label_token,2,4096,4096,31622.776601683792,0.3049841821193695,False,3400,1870,0.08463460952043533,0.33657753378312216,346.6633605957031,1378.6215867312835
2,pre_label_token,3,4096,4096,10000.0,0.2823599576950073,False,3400,1870,0.049827851355075836,0.3274241472948044,204.09487915039062,1341.1293156751337
2,pre_label_token,4,4096,4096,10000.0,0.25109848380088806,False,3400,1870,0.03472278639674187,0.31768349632222387,142.2245330810547,1301.2316218248664
2,pre_label_token,5,4096,4096,31622.776601683792,0.25169888138771057,False,3400,1870,0.04514089971780777,0.3077623234713141,184.89712524414062,1260.5944727606952
2,pre_label_token,6,4096,4096,10000.0,0.2364024668931961,False,3400,1870,0.027097681537270546,0.3004070842967314,110.99210357666016,1230.4674674131015
2,pre_label_token,7,4096,4096,10000.0,0.23049922287464142,False,3400,1870,0.024784576147794724,0.2973672377234474,101.51762390136719,1218.016201537433
2,pre_label_token,8,4096,4096,10000.0,0.22944094240665436,False,3400,1870,0.022567739710211754,0.29332020193497765,92.43746185302734,1201.4395471256685
2,pre_label_token,9,4096,4096,10000.0,0.22025203704833984,False,3400,1870,0.020069442689418793,0.28433711414031165,82.2044448852539,1164.6448362299466
2,pre_label_token,10,4096,4096,10000.0,0.21927489340305328,False,3400,1870,0.020266534760594368,0.2845344533257306,83.01171875,1165.4531291778076
2,pre_label_token,11,4096,4096,10000.0,0.21860313415527344,False,3400,1870,0.02029462344944477,0.284834972932377,83.12677764892578,1166.6840365975936
2,pre_label_token,12,4096,4096,10000.0,0.21750633418560028,False,3400,1870,0.019790904596447945,0.2836781262076475,81.06354522705078,1161.9456258355615
2,pre_label_token,13,4096,4096,31622.776601683792,0.21631036698818207,False,3400,1870,0.027198640629649162,0.27663552697329596,111.40563201904297,1133.099114304813
2,pre_label_token,14,4096,4096,31622.776601683792,0.21729956567287445,False,3400,1870,0.027339115738868713,0.27502264747007643,111.98101806640625,1126.4927682152406
2,pre_label_token,15,4096,4096,31622.776601683792,0.21780969202518463,False,3400,1870,0.026854373514652252,0.2762959872975069,109.99551391601562,1131.7083681483957
2,pre_label_token,16,4096,4096,31622.776601683792,0.21809175610542297,False,3400,1870,0.026581991463899612,0.2768384964070856,108.87983703613281,1133.9304812834225
2,pre_label_token,17,4096,4096,10000.0,0.21995171904563904,False,3400,1870,0.01792335696518421,0.2794296254448712,73.41407012939453,1144.54375
2,pre_label_token,18,4096,4096,10000.0,0.22156575322151184,False,3400,1870,0.01779288984835148,0.28054367004231334,72.87967681884766,1149.1068808489306
2,pre_label_token,19,4096,4096,10000.0,0.22309264540672302,False,3400,1870,0.017973311245441437,0.28002029867733225,73.61868286132812,1146.963135026738
2,pre_label_token,20,4096,4096,10000.0,0.22573734819889069,False,3400,1870,0.018823174759745598,0.2814598103895544,77.0997314453125,1152.8593958890374
2,pre_label_token,21,4096,4096,10000.0,0.228444442152977,False,3400,1870,0.019163135439157486,0.2820900677359678,78.49220275878906,1155.4409153576203
2,pre_label_token,22,4096,4096,10000.0,0.23062890768051147,False,3400,1870,0.0193855632096529,0.28235273514201936,79.40326690673828,1156.5168114973262
2,pre_label_token,23,4096,4096,10000.0,0.2321845144033432,False,3400,1870,0.019351854920387268,0.2834368231462285,79.26519775390625,1160.9572317847594
2,pre_label_token,24,4096,4096,10000.0,0.23310454189777374,False,3400,1870,0.019320711493492126,0.2849356595207663,79.13763427734375,1167.0964405080215
2,pre_label_token,25,4096,4096,10000.0,0.23338428139686584,False,3400,1870,0.019298942759633064,0.2864258934469784,79.04847717285156,1173.2004261363636
2,pre_label_token,26,4096,4096,10000.0,0.23364511132240295,False,3400,1870,0.0190423671156168,0.28591102457301504,77.9975357055664,1171.0915984291444
2,pre_label_token,27,4096,4096,10000.0,0.2350500375032425,False,3400,1870,0.0191868357360363,0.2878394152391403,78.58927917480469,1178.9902531751336
2,pre_label_token,28,4096,4096,3162.2776601683795,0.2367551326751709,False,3400,1870,0.012612828984856606,0.2896581629380823,51.66215515136719,1186.4398395721926
2,first_label_token,0,4096,4096,31622.776601683792,0.3140162229537964,False,3400,1870,0.07890528440475464,0.32046147004805786,323.1960754394531,1312.61015625
2,first_label_token,1,4096,4096,31622.776601683792,0.2937517464160919,False,3400,1870,0.07135625183582306,0.3192592712647137,292.2751770019531,1307.68597092246
2,first_label_token,2,4096,4096,31622.776601683792,0.27833861112594604,False,3400,1870,0.061434924602508545,0.3098680266722001,251.637451171875,1269.2193954712566
2,first_label_token,3,4096,4096,31622.776601683792,0.275607705116272,False,3400,1870,0.05886867642402649,0.31113760586090905,241.12611389160156,1274.4196377840908
2,first_label_token,4,4096,4096,31622.776601683792,0.26238903403282166,False,3400,1870,0.04739225655794144,0.3005619283665948,194.11868286132812,1231.1016418783422
2,first_label_token,5,4096,4096,10000.0,0.2468186765909195,False,3400,1870,0.024942675605416298,0.2949209243856012,102.16519927978516,1207.996085394385
2,first_label_token,6,4096,4096,10000.0,0.2433323711156845,False,3400,1870,0.021816108375787735,0.2939622675033814,89.35877990722656,1204.0694518716577
2,first_label_token,7,4096,4096,10000.0,0.23869550228118896,False,3400,1870,0.0195130817592144,0.28968580113375253,79.92559051513672,1186.5530477105615
2,first_label_token,8,4096,4096,10000.0,0.23481763899326324,False,3400,1870,0.018605945631861687,0.28744225374517596,76.20995330810547,1177.3634629846256
2,first_label_token,9,4096,4096,31622.776601683792,0.23063048720359802,False,3400,1870,0.029416102916002274,0.27854137165661164,120.48835754394531,1140.9054624832888
2,first_label_token,10,4096,4096,31622.776601683792,0.22860513627529144,False,3400,1870,0.02896185778081417,0.2771294201121611,118.62776947021484,1135.1221235795454
2,first_label_token,11,4096,4096,31622.776601683792,0.22685924172401428,False,3400,1870,0.027865217998623848,0.2751182561252206,114.13593292236328,1126.8843896223261
2,first_label_token,12,4096,4096,31622.776601683792,0.22632461786270142,False,3400,1870,0.027912816032767296,0.2749629025790781,114.33089447021484,1126.2480656751336
2,first_label_token,13,4096,4096,31622.776601683792,0.22481173276901245,False,3400,1870,0.0264444500207901,0.27384945568553903,108.31645965576172,1121.687362132353
2,first_label_token,14,4096,4096,31622.776601683792,0.22437095642089844,False,3400,1870,0.025595778599381447,0.2737472656576391,104.84031677246094,1121.268775066845
2,first_label_token,15,4096,4096,10000.0,0.22300057113170624,False,3400,1870,0.015308229252696037,0.27575716130873734,62.7025146484375,1129.5012992981283
2,first_label_token,16,4096,4096,10000.0,0.22334863245487213,False,3400,1870,0.015075745061039925,0.2763508495799998,61.750244140625,1131.9330757018718
2,first_label_token,17,4096,4096,10000.0,0.22410041093826294,False,3400,1870,0.014859450049698353,0.2763328695042248,60.86430358886719,1131.8594355782086
2,first_label_token,18,4096,4096,10000.0,0.22531667351722717,False,3400,1870,0.014756918884813786,0.27741256958660593,60.4443359375,1136.281876671123
2,first_label_token,19,4096,4096,10000.0,0.22665008902549744,False,3400,1870,0.014722513034939766,0.2792903344261455,60.30341339111328,1143.9732077205883
2,first_label_token,20,4096,4096,10000.0,0.22763492166996002,False,3400,1870,0.014468268491327763,0.28062255471785436,59.262027740478516,1149.4299924799466
2,first_label_token,21,4096,4096,10000.0,0.2278393656015396,False,3400,1870,0.01456998661160469,0.2809413236730239,59.67866134643555,1150.7356680314172
2,first_label_token,22,4096,4096,10000.0,0.22974678874015808,False,3400,1870,0.01466800644993782,0.28100891011283996,60.08015060424805,1151.0125125334225
2,first_label_token,23,4096,4096,10000.0,0.23097041249275208,False,3400,1870,0.0147385373711586,0.28149782170586407,60.369049072265625,1153.0150609959894
2,first_label_token,24,4096,4096,10000.0,0.23169144988059998,False,3400,1870,0.014839624986052513,0.28182830912544127,60.783103942871094,1154.3687750668448
2,first_label_token,25,4096,4096,10000.0,0.23212169110774994,False,3400,1870,0.014791097491979599,0.28336163791105706,60.58433532714844,1160.6492563502675
2,first_label_token,26,4096,4096,10000.0,0.23323862254619598,False,3400,1870,0.014849064871668816,0.2838195663084958,60.82176971435547,1162.5249435995988
2,first_label_token,27,4096,4096,10000.0,0.2337529957294464,False,3400,1870,0.015015888027846813,0.28488772897159353,61.50507736206055,1166.9001253342246
2,first_label_token,28,4096,4096,10000.0,0.2343732714653015,False,3400,1870,0.015323943458497524,0.2866400642191025,62.76687240600586,1174.0777155748663
2,last_label_token,0,4096,4096,31622.776601683792,0.29675978422164917,False,3400,1870,0.05870090052485466,0.31716400952262674,240.4388885498047,1299.1038101604279
2,last_label_token,1,4096,4096,31622.776601683792,0.2767735421657562,False,3400,1870,0.04823834449052811,0.3163661936387659,197.58425903320312,1295.8359416778076
2,last_label_token,2,4096,4096,31622.776601683792,0.26173681020736694,False,3400,1870,0.03834673389792442,0.3088356864643607,157.06822204589844,1264.9909654913101
2,last_label_token,3,4096,4096,31622.776601683792,0.25738710165023804,False,3400,1870,0.03586873039603233,0.3092907278295507,146.91831970214844,1266.8548211898396
2,last_label_token,4,4096,4096,10000.0,0.2439507246017456,False,3400,1870,0.01670227386057377,0.301199044008306,68.41251373291016,1233.7113343917113
2,last_label_token,5,4096,4096,10000.0,0.2363051176071167,False,3400,1870,0.01448876690119505,0.29181936335436165,59.34599304199219,1195.2921164772727
2,last_label_token,6,4096,4096,10000.0,0.23373118042945862,False,3400,1870,0.013785063289105892,0.28931726975874467,56.463619232177734,1185.0435327540106
2,last_label_token,7,4096,4096,31622.776601683792,0.228573277592659,False,3400,1870,0.022561216726899147,0.2763434517192331,92.41072845458984,1131.9027907754012
2,last_label_token,8,4096,4096,31622.776601683792,0.22490651905536652,False,3400,1870,0.021394681185483932,0.27317167781891033,87.63262176513672,1118.9112090574865
2,last_label_token,9,4096,4096,31622.776601683792,0.22220443189144135,False,3400,1870,0.021108003333210945,0.27146640155404644,86.45838165283203,1111.9264141878343
2,last_label_token,10,4096,4096,31622.776601683792,0.2212042510509491,False,3400,1870,0.021059125661849976,0.27158594845450496,86.2581787109375,1112.4160344251336
2,last_label_token,11,4096,4096,31622.776601683792,0.22048276662826538,False,3400,1870,0.020465342327952385,0.27003742462810987,83.82604217529297,1106.0732829211229
2,last_label_token,12,4096,4096,31622.776601683792,0.2194637805223465,False,3400,1870,0.01962359808385372,0.2694392290982333,80.37826538085938,1103.6230823863636
2,last_label_token,13,4096,4096,31622.776601683792,0.21855135262012482,False,3400,1870,0.019291076809167862,0.2693374480793183,79.01625061035156,1103.2061977774065
2,last_label_token,14,4096,4096,31622.776601683792,0.21839453279972076,False,3400,1870,0.019083116203546524,0.27001063657954416,78.16444396972656,1105.9635548963904
2,last_label_token,15,4096,4096,31622.776601683792,0.21779759228229523,False,3400,1870,0.018765322864055634,0.2711145972185594,76.86276245117188,1110.4853985628342
2,last_label_token,16,4096,4096,31622.776601683792,0.21832013130187988,False,3400,1870,0.018635297194123268,0.27175652662063027,76.33018493652344,1113.1147413937165
2,last_label_token,17,4096,4096,31622.776601683792,0.21871452033519745,False,3400,1870,0.018511459231376648,0.27256817843187303,75.82293701171875,1116.4392609458557
2,last_label_token,18,4096,4096,31622.776601683792,0.21973834931850433,False,3400,1870,0.01816532015800476,0.2730936529802129,74.40515899658203,1118.5915942513368
2,last_label_token,19,4096,4096,31622.776601683792,0.22131384909152985,False,3400,1870,0.01795489899814129,0.2735360507659096,73.54327392578125,1120.4036555815508
2,last_label_token,20,4096,4096,31622.776601683792,0.22182905673980713,False,3400,1870,0.017923681065440178,0.2742627796642283,73.4154052734375,1123.380364304813
2,last_label_token,21,4096,4096,31622.776601683792,0.22273501753807068,False,3400,1870,0.01810930110514164,0.2751884389051142,74.17569732666016,1127.17182486631
2,last_label_token,22,4096,4096,31622.776601683792,0.224116250872612,False,3400,1870,0.018186919391155243,0.2759240334046716,74.49362182617188,1130.1848512700535
2,last_label_token,23,4096,4096,10000.0,0.22513698041439056,False,3400,1870,0.010923945344984531,0.2778287301089037,44.74448013305664,1137.9864868816844
2,last_label_token,24,4096,4096,10000.0,0.2254837304353714,False,3400,1870,0.01094562467187643,0.27819484006912315,44.83327865600586,1139.4860711898395
2,last_label_token,25,4096,4096,10000.0,0.22568002343177795,False,3400,1870,0.010905587114393711,0.2796821691135672,44.66928482055664,1145.5781834893048
2,last_label_token,26,4096,4096,10000.0,0.22612294554710388,False,3400,1870,0.010897750034928322,0.28028039065274324,44.63719177246094,1148.0284738469252
2,last_label_token,27,4096,4096,10000.0,0.2265867292881012,False,3400,1870,0.010960220359265804,0.28091858542539216,44.893062591552734,1150.642546791444
2,last_label_token,28,4096,4096,10000.0,0.22702696919441223,False,3400,1870,0.011089290492236614,0.28142920815370936,45.42173385620117,1152.7340449532085
3,pre_label_token,0,4096,4096,0.1,0.3663851320743561,True,3400,1870,0.3306626081466675,0.3850427698961554,1354.3939208984375,1577.1351687834224
3,pre_label_token,1,4096,4096,100000.0,0.2992487847805023,False,3400,1870,0.10983703285455704,0.3374561697404015,449.8924560546875,1382.220483790107
3,pre_label_token,2,4096,4096,10000.0,0.3021213412284851,False,3400,1870,0.048400115221738815,0.3348448309668883,198.2468719482422,1371.5244276403744
3,pre_label_token,3,4096,4096,10000.0,0.2785881757736206,False,3400,1870,0.0392971932888031,0.32317271717091933,160.96127319335938,1323.7154578877005
3,pre_label_token,4,4096,4096,10000.0,0.24424730241298676,False,3400,1870,0.027702728286385536,0.31504222849473595,113.47037506103516,1290.4129637366311
3,pre_label_token,5,4096,4096,10000.0,0.2419220358133316,False,3400,1870,0.02318139374256134,0.30533917676956257,94.95098876953125,1250.6692847593583
3,pre_label_token,6,4096,4096,10000.0,0.22969762980937958,False,3400,1870,0.020649708807468414,0.2970942716547512,84.58120727539062,1216.8981408756686
3,pre_label_token,7,4096,4096,31622.776601683792,0.22356022894382477,False,3400,1870,0.028639301657676697,0.29269226808598975,117.30657958984375,1198.8675217245989
3,pre_label_token,8,4096,4096,31622.776601683792,0.22076120972633362,False,3400,1870,0.02670597843825817,0.2847950573273521,109.3876953125,1166.5205589906418
3,pre_label_token,9,4096,4096,31622.776601683792,0.21165023744106293,False,3400,1870,0.023727567866444588,0.26928184631674046,97.1881103515625,1102.978450868984
3,pre_label_token,10,4096,4096,31622.776601683792,0.20848041772842407,False,3400,1870,0.023214014247059822,0.2660396479030344,95.0845947265625,1089.6983873663103
3,pre_label_token,11,4096,4096,31622.776601683792,0.2065587043762207,False,3400,1870,0.02267095074057579,0.2663656010347254,92.8602066040039,1091.0335164605615
3,pre_label_token,12,4096,4096,31622.776601683792,0.20502060651779175,False,3400,1870,0.021931229159235954,0.26489408768434575,89.83031463623047,1085.0061956885027
3,pre_label_token,13,4096,4096,31622.776601683792,0.20415063202381134,False,3400,1870,0.018594134598970413,0.26203574573292454,76.16157531738281,1073.2983998997327
3,pre_label_token,14,4096,4096,31622.776601683792,0.20512142777442932,False,3400,1870,0.018985573202371597,0.26181144306366455,77.7649154663086,1072.3796666109627
3,pre_label_token,15,4096,4096,31622.776601683792,0.20623694360256195,False,3400,1870,0.01855357363820076,0.2630789328386439,75.99542999267578,1077.5713068181817
3,pre_label_token,16,4096,4096,31622.776601683792,0.20616771280765533,False,3400,1870,0.018117757514119148,0.2636772038464878,74.21033477783203,1080.021826955214
3,pre_label_token,17,4096,4096,31622.776601683792,0.20785348117351532,False,3400,1870,0.019291125237941742,0.2650565285096194,79.01644897460938,1085.671582553476
3,pre_label_token,18,4096,4096,10000.0,0.2095184624195099,False,3400,1870,0.011932839639484882,0.26885791513371593,48.87691116333008,1101.242049632353
3,pre_label_token,19,4096,4096,10000.0,0.21198537945747375,False,3400,1870,0.012066468596458435,0.26971022152008217,49.42425537109375,1104.7330673462566
3,pre_label_token,20,4096,4096,10000.0,0.2160426378250122,False,3400,1870,0.012620310299098492,0.27100725224948824,51.692787170410156,1110.0457135695187
3,pre_label_token,21,4096,4096,10000.0,0.2193859964609146,False,3400,1870,0.01294771023094654,0.272773561630657,53.033817291259766,1117.280541861631
3,pre_label_token,22,4096,4096,10000.0,0.22299312055110931,False,3400,1870,0.013131493702530861,0.27332819821362825,53.786598205566406,1119.5522998830213
3,pre_label_token,23,4096,4096,10000.0,0.22539988160133362,False,3400,1870,0.013238574378192425,0.27377786687351163,54.22520065307617,1121.3941510695188
3,pre_label_token,24,4096,4096,10000.0,0.22678601741790771,False,3400,1870,0.01330681424587965,0.2754558400036817,54.50471115112305,1128.2671248328877
3,pre_label_token,25,4096,4096,10000.0,0.22719687223434448,False,3400,1870,0.01328421849757433,0.27641141707884437,54.41215133666992,1132.181168532754
3,pre_label_token,26,4096,4096,10000.0,0.22802403569221497,False,3400,1870,0.013155469670891762,0.27656637181572735,53.88479995727539,1132.815892379679
3,pre_label_token,27,4096,4096,10000.0,0.2289385199546814,False,3400,1870,0.013347162865102291,0.2782051769807377,54.66998291015625,1139.5283882018716
3,pre_label_token,28,4096,4096,10000.0,0.23136742413043976,False,3400,1870,0.01384874526411295,0.2797229981039935,56.72446060180664,1145.745425300802
3,first_label_token,0,4096,4096,31622.776601683792,0.31174322962760925,False,3400,1870,0.07583776116371155,0.32305433252915977,310.6314697265625,1323.2305460394384
3,first_label_token,1,4096,4096,31622.776601683792,0.29175809025764465,False,3400,1870,0.06851593405008316,0.3207676729416465,280.6412658691406,1313.8643841911764
3,first_label_token,2,4096,4096,31622.776601683792,0.27571991086006165,False,3400,1870,0.05826558917760849,0.3103953387010544,238.65585327148438,1271.3793177640375
3,first_label_token,3,4096,4096,31622.776601683792,0.2730998694896698,False,3400,1870,0.055947914719581604,0.3111051212657582,229.1626739501953,1274.2865620822192
3,first_label_token,4,4096,4096,31622.776601683792,0.25569719076156616,False,3400,1870,0.04340669512748718,0.29854816089976915,177.7938232421875,1222.8532252673797
3,first_label_token,5,4096,4096,10000.0,0.24151891469955444,False,3400,1870,0.022404681891202927,0.29160899707977783,91.76957702636719,1194.4305000835561
3,first_label_token,6,4096,4096,10000.0,0.23631706833839417,False,3400,1870,0.018963634967803955,0.2868096927908015,77.67506408691406,1174.772468248663
3,first_label_token,7,4096,4096,10000.0,0.2304190993309021,False,3400,1870,0.016872817650437355,0.2815752651602189,69.1110610961914,1153.332332052139
3,first_label_token,8,4096,4096,10000.0,0.22553187608718872,False,3400,1870,0.015745289623737335,0.2789186610257562,64.49270629882812,1142.450839739305
3,first_label_token,9,4096,4096,10000.0,0.22217683494091034,False,3400,1870,0.014951454475522041,0.2743439194990352,61.24115753173828,1123.7126880013368
3,first_label_token,10,4096,4096,31622.776601683792,0.22023622691631317,False,3400,1870,0.023869797587394714,0.2679864077644552,97.77069091796875,1097.6723199364974
3,first_label_token,11,4096,4096,31622.776601683792,0.21810460090637207,False,3400,1870,0.02272368036210537,0.2658278480570584,93.0761947631836,1088.8308572860963
3,first_label_token,12,4096,4096,10000.0,0.21741926670074463,False,3400,1870,0.013350313529372215,0.2689273599634833,54.682884216308594,1101.5264371657754
3,first_label_token,13,4096,4096,10000.0,0.21680913865566254,False,3400,1870,0.012707235291600227,0.26830372325876817,52.048831939697266,1098.9720254010695
3,first_label_token,14,4096,4096,10000.0,0.21689936518669128,False,3400,1870,0.012295280583202839,0.2681993239703663,50.36146926879883,1098.5444435160427
3,first_label_token,15,4096,4096,10000.0,0.21628707647323608,False,3400,1870,0.012013658881187439,0.2686918095471387,49.20794677734375,1100.5616727941176
3,first_label_token,16,4096,4096,10000.0,0.21649877727031708,False,3400,1870,0.011923052370548248,0.2694616797136113,48.83681869506836,1103.7150526403743
3,first_label_token,17,4096,4096,10000.0,0.21777936816215515,False,3400,1870,0.011830138973891735,0.270165752472087,48.45625305175781,1106.598901236631
3,first_label_token,18,4096,4096,10000.0,0.21849317848682404,False,3400,1870,0.011750735342502594,0.27084214827593633,48.13100814819336,1109.3694351604279
3,first_label_token,19,4096,4096,10000.0,0.21994291245937347,False,3400,1870,0.011732498183846474,0.27193796698422357,48.056312561035156,1113.857902322861
3,first_label_token,20,4096,4096,10000.0,0.2216998189687729,False,3400,1870,0.011584858410060406,0.272756759113169,47.45158004760742,1117.2117103943851
3,first_label_token,21,4096,4096,10000.0,0.22178155183792114,False,3400,1870,0.011659156531095505,0.2734647465262183,47.75590515136719,1120.1115934157754
3,first_label_token,22,4096,4096,10000.0,0.22373902797698975,False,3400,1870,0.011750633828341961,0.2742300247763567,48.13059616088867,1123.2462023729947
3,first_label_token,23,4096,4096,10000.0,0.2249264419078827,False,3400,1870,0.011828492395579815,0.2751793331003444,48.44950485229492,1127.1345609124332
3,first_label_token,24,4096,4096,10000.0,0.22567035257816315,False,3400,1870,0.011921034194529057,0.2765021176261698,48.828556060791016,1132.5526946858288
3,first_label_token,25,4096,4096,10000.0,0.22654098272323608,False,3400,1870,0.011911365203559399,0.27750750047000333,48.7889518737793,1136.6706989471925
3,first_label_token,26,4096,4096,10000.0,0.227669358253479,False,3400,1870,0.012046672403812408,0.27851923876267703,49.343170166015625,1140.8147977941176
3,first_label_token,27,4096,4096,10000.0,0.2283228188753128,False,3400,1870,0.012195627205073833,0.2796271676048238,49.95328903198242,1145.3528450868985
3,first_label_token,28,4096,4096,10000.0,0.22957073152065277,False,3400,1870,0.012519581243395805,0.2807144593427526,51.28020477294922,1149.8064254679146
3,last_label_token,0,4096,4096,31622.776601683792,0.2971692383289337,False,3400,1870,0.05783819407224655,0.31860010483685663,236.90524291992188,1304.985995989305
3,last_label_token,1,4096,4096,31622.776601683792,0.2762817144393921,False,3400,1870,0.04796428233385086,0.3161403798802014,196.4617156982422,1294.9109897225935
3,last_label_token,2,4096,4096,31622.776601683792,0.26196274161338806,False,3400,1870,0.038353316485881805,0.3055567267106816,157.09518432617188,1251.5603442513368
3,last_label_token,3,4096,4096,31622.776601683792,0.2581006586551666,False,3400,1870,0.03584370017051697,0.30782554085879404,146.8157958984375,1260.8534111798128
3,last_label_token,4,4096,4096,10000.0,0.24116750061511993,False,3400,1870,0.01647045835852623,0.2984878254446754,67.46299743652344,1222.6061163101604
3,last_label_token,5,4096,4096,10000.0,0.2323181927204132,False,3400,1870,0.014210699126124382,0.29047355651855467,58.207027435302734,1189.77970421123
3,last_label_token,6,4096,4096,10000.0,0.22833311557769775,False,3400,1870,0.013210979290306568,0.286833652455539,54.11217498779297,1174.8706321022728
3,last_label_token,7,4096,4096,31622.776601683792,0.22298021614551544,False,3400,1870,0.021599259227514267,0.2725200071691829,88.47056579589844,1116.241951453877
3,last_label_token,8,4096,4096,31622.776601683792,0.21877308189868927,False,3400,1870,0.02024393156170845,0.2693371196481633,82.91914367675781,1103.2048462566845
3,last_label_token,9,4096,4096,31622.776601683792,0.21614518761634827,False,3400,1870,0.019386714324355125,0.26699294839950805,79.40798950195312,1093.603116644385
3,last_label_token,10,4096,4096,31622.776601683792,0.21568775177001953,False,3400,1870,0.01904628984630108,0.2667937967229017,78.01360321044922,1092.7873579545455
3,last_label_token,11,4096,4096,31622.776601683792,0.21475857496261597,False,3400,1870,0.018363196402788162,0.26461214228747365,75.21565246582031,1083.851311831551
3,last_label_token,12,4096,4096,31622.776601683792,0.21431367099285126,False,3400,1870,0.017472071573138237,0.2642990851784772,71.56560516357422,1082.5690445354278
3,last_label_token,13,4096,4096,31622.776601683792,0.21358652412891388,False,3400,1870,0.017097678035497665,0.2641779690502799,70.03208923339844,1082.0729716744652
3,last_label_token,14,4096,4096,31622.776601683792,0.21373900771141052,False,3400,1870,0.016885938122868538,0.26488360644661807,69.16480255126953,1084.963272894385
3,last_label_token,15,4096,4096,31622.776601683792,0.21363143622875214,False,3400,1870,0.01666112244129181,0.26566118964536944,68.24395751953125,1088.148224431818
3,last_label_token,16,4096,4096,31622.776601683792,0.21378932893276215,False,3400,1870,0.016676314175128937,0.26628027421267914,68.30618286132812,1090.6839989973262
3,last_label_token,17,4096,4096,31622.776601683792,0.214692622423172,False,3400,1870,0.016580821946263313,0.26720174544635306,67.91504669189453,1094.4583556149732
3,last_label_token,18,4096,4096,31622.776601683792,0.21533450484275818,False,3400,1870,0.01625422015786171,0.26708668540505803,66.57728576660156,1093.9870634191177
3,last_label_token,19,4096,4096,31622.776601683792,0.21685777604579926,False,3400,1870,0.01609298586845398,0.267492956273696,65.9168701171875,1095.6511530748662
3,last_label_token,20,4096,4096,31622.776601683792,0.21740180253982544,False,3400,1870,0.016033273190259933,0.26788437583229757,65.67228698730469,1097.2544096758022
3,last_label_token,21,4096,4096,31622.776601683792,0.21810995042324066,False,3400,1870,0.016107898205518723,0.26828561262650924,65.97795104980469,1098.8978734959894
3,last_label_token,22,4096,4096,31622.776601683792,0.21957571804523468,False,3400,1870,0.016135316342115402,0.26936167548684514,66.09025573730469,1103.3054102606952
3,last_label_token,23,4096,4096,10000.0,0.22057102620601654,False,3400,1870,0.009634372778236866,0.2706733428220698,39.4623908996582,1108.6780289104279
3,last_label_token,24,4096,4096,10000.0,0.22124150395393372,False,3400,1870,0.009653285145759583,0.2715061345839883,39.539852142333984,1112.089118900401
3,last_label_token,25,4096,4096,10000.0,0.22185610234737396,False,3400,1870,0.009604774415493011,0.27233848979766356,39.34115982055664,1115.498479278075
3,last_label_token,26,4096,4096,10000.0,0.22250273823738098,False,3400,1870,0.0096236951649189,0.2732522836980973,39.41865539550781,1119.2413582052138
3,last_label_token,27,4096,4096,10000.0,0.22319017350673676,False,3400,1870,0.009649780578911304,0.2735670620107396,39.5255012512207,1120.5306818181818
3,last_label_token,28,4096,4096,10000.0,0.2237546443939209,False,3400,1870,0.009760226123034954,0.27395153810633693,39.97788619995117,1122.1054959057487
4,pre_label_token,0,4096,4096,0.1,0.3663851320743561,True,3400,1870,0.3306626081466675,0.3850427698961554,1354.3939208984375,1577.1351687834224
4,pre_label_token,1,4096,4096,100000.0,0.28882452845573425,False,3400,1870,0.09566619247198105,0.3403220650984004,391.8487243652344,1393.9592162433155
4,pre_label_token,2,4096,4096,10000.0,0.2930491864681244,False,3400,1870,0.04095325618982315,0.33512107522729884,167.74453735351562,1372.655949197861
4,pre_label_token,3,4096,4096,10000.0,0.276162713766098,False,3400,1870,0.03405918553471565,0.32157058715820314,139.5064239501953,1317.1530915775402
4,pre_label_token,4,4096,4096,3162.2776601683795,0.24103236198425293,False,3400,1870,0.01677701063454151,0.3098980459937437,68.71863555908203,1269.3424214572192
4,pre_label_token,5,4096,4096,10000.0,0.23626622557640076,False,3400,1870,0.019441446289420128,0.30095087347183636,79.63215637207031,1232.6947443181818
4,pre_label_token,6,4096,4096,3162.2776601683795,0.22341704368591309,False,3400,1870,0.011376464739441872,0.2948963858864524,46.597999572753906,1207.8955840574865
4,pre_label_token,7,4096,4096,31622.776601683792,0.2193705141544342,False,3400,1870,0.02466568723320961,0.2865069246547107,101.03065490722656,1173.53238845254
4,pre_label_token,8,4096,4096,31622.776601683792,0.21630318462848663,False,3400,1870,0.02301626093685627,0.2791927980229179,94.27460479736328,1143.5736839906417
4,pre_label_token,9,4096,4096,31622.776601683792,0.20666183531284332,False,3400,1870,0.020230568945407867,0.2628908126749457,82.86441040039062,1076.8007791610962
4,pre_label_token,10,4096,4096,31622.776601683792,0.20362131297588348,False,3400,1870,0.019823014736175537,0.2579974424392782,81.195068359375,1056.7575242312835
4,pre_label_token,11,4096,4096,31622.776601683792,0.2017701119184494,False,3400,1870,0.019103841856122017,0.25761758630925957,78.24933624267578,1055.2016335227272
4,pre_label_token,12,4096,4096,31622.776601683792,0.20095433294773102,False,3400,1870,0.018477002158761024,0.25657631573192574,75.68180084228516,1050.9366143048128
4,pre_label_token,13,4096,4096,31622.776601683792,0.20028503239154816,False,3400,1870,0.015521854162216187,0.254958066073331,63.5775146484375,1044.3082595254011
4,pre_label_token,14,4096,4096,31622.776601683792,0.20163370668888092,False,3400,1870,0.015933312475681305,0.25682726416358337,65.26284790039062,1051.96448654746
4,pre_label_token,15,4096,4096,31622.776601683792,0.20291493833065033,False,3400,1870,0.01550781074911356,0.2580160615278438,63.51999282836914,1056.8337775735295
4,pre_label_token,16,4096,4096,31622.776601683792,0.2027530074119568,False,3400,1870,0.01508767157793045,0.25884442252908796,61.799102783203125,1060.2267296122996
4,pre_label_token,17,4096,4096,31622.776601683792,0.20442983508110046,False,3400,1870,0.016223840415477753,0.2606648103438597,66.45285034179688,1067.683088235294
4,pre_label_token,18,4096,4096,10000.0,0.20651407539844513,False,3400,1870,0.009852442890405655,0.26461293684607523,40.3556022644043,1083.854580965909
4,pre_label_token,19,4096,4096,10000.0,0.2093992978334427,False,3400,1870,0.009977663867175579,0.26549438384764973,40.86851119995117,1087.4649649064172
4,pre_label_token,20,4096,4096,10000.0,0.21453385055065155,False,3400,1870,0.010476693511009216,0.26676197714984096,42.91253662109375,1092.6570249832887
4,pre_label_token,21,4096,4096,10000.0,0.21784445643424988,False,3400,1870,0.010730886831879616,0.2687304267271317,43.953712463378906,1100.7198445855615
4,pre_label_token,22,4096,4096,10000.0,0.22203464806079865,False,3400,1870,0.010928141884505749,0.2698180933049656,44.76167678833008,1105.1748892881017
4,pre_label_token,23,4096,4096,10000.0,0.22512085735797882,False,3400,1870,0.011042454279959202,0.270450068285121,45.229888916015625,1107.763458806818
4,pre_label_token,24,4096,4096,10000.0,0.22703143954277039,False,3400,1870,0.011144641786813736,0.2721098833543094,45.64845275878906,1114.5620884859625
4,pre_label_token,25,4096,4096,10000.0,0.22732208669185638,False,3400,1870,0.011103139258921146,0.27289658255755583,45.47846221923828,1117.7843979779411
4,pre_label_token,26,4096,4096,10000.0,0.2278302162885666,False,3400,1870,0.010971439070999622,0.2739204172144599,44.93901443481445,1121.9780330882354
4,pre_label_token,27,4096,4096,10000.0,0.22886593639850616,False,3400,1870,0.011162416078150272,0.2766004603176831,45.72126007080078,1132.95548546123
4,pre_label_token,28,4096,4096,10000.0,0.2314869463443756,False,3400,1870,0.01162010245025158,0.27885980249088715,47.59593963623047,1142.2097342914437
4,first_label_token,0,4096,4096,31622.776601683792,0.3118622899055481,False,3400,1870,0.07623326778411865,0.3237248752206405,312.25146484375,1325.9770554812835
4,first_label_token,1,4096,4096,31622.776601683792,0.29038527607917786,False,3400,1870,0.0677265152335167,0.3202294145675904,277.40777587890625,1311.6596904244652
4,first_label_token,2,4096,4096,31622.776601683792,0.27442842721939087,False,3400,1870,0.057136837393045425,0.3106126642482166,234.03248596191406,1272.2694727606952
4,first_label_token,3,4096,4096,31622.776601683792,0.2709793150424957,False,3400,1870,0.05457993969321251,0.3119545416398482,223.55943298339844,1277.7657670454546
4,first_label_token,4,4096,4096,10000.0,0.2515502870082855,False,3400,1870,0.02504189871251583,0.30175213482290664,102.57161712646484,1235.9767296122996
4,first_label_token,5,4096,4096,10000.0,0.2374916970729828,False,3400,1870,0.020700188353657722,0.28955845042345996,84.7879867553711,1186.031362800802
4,first_label_token,6,4096,4096,10000.0,0.23126818239688873,False,3400,1870,0.017190847545862198,0.28468970385464754,70.41371154785156,1166.0890019217914
4,first_label_token,7,4096,4096,10000.0,0.22601252794265747,False,3400,1870,0.015243608504533768,0.2791815339562727,62.43782043457031,1143.527594418449
4,first_label_token,8,4096,4096,10000.0,0.2209300398826599,False,3400,1870,0.01420645508915186,0.275633636005422,58.189640045166016,1128.9953647225936
4,first_label_token,9,4096,4096,10000.0,0.2175123393535614,False,3400,1870,0.013348563574254513,0.27072324650810364,54.675716400146484,1108.8824093415776
4,first_label_token,10,4096,4096,10000.0,0.21576517820358276,False,3400,1870,0.012610063888132572,0.26883597501458967,51.650821685791016,1101.152155748663
4,first_label_token,11,4096,4096,10000.0,0.2145661562681198,False,3400,1870,0.011974409222602844,0.2663638395421645,49.04718017578125,1091.0262679645723
4,first_label_token,12,4096,4096,10000.0,0.2141643613576889,False,3400,1870,0.011677813716232777,0.2670419407400855,47.83231735229492,1093.8037830046792
4,first_label_token,13,4096,4096,10000.0,0.21374750137329102,False,3400,1870,0.011051757261157036,0.26603336334228517,45.26799392700195,1089.6726604278074
4,first_label_token,14,4096,4096,10000.0,0.21448679268360138,False,3400,1870,0.010641244240105152,0.2667050815521077,43.5865364074707,1092.4240140374332
4,first_label_token,15,4096,4096,10000.0,0.21444694697856903,False,3400,1870,0.010487131774425507,0.2667101431657924,42.955291748046875,1092.4447714739306
4,first_label_token,16,4096,4096,10000.0,0.21456149220466614,False,3400,1870,0.010476033203303814,0.26749690968722584,42.90983200073242,1095.6673295454545
4,first_label_token,17,4096,4096,10000.0,0.21573035418987274,False,3400,1870,0.010446274653077126,0.2681307588669068,42.787940979003906,1098.2635799632353
4,first_label_token,18,4096,4096,10000.0,0.21633614599704742,False,3400,1870,0.010394246317446232,0.2691984977314179,42.57483673095703,1102.6370487967915
4,first_label_token,19,4096,4096,10000.0,0.21797093749046326,False,3400,1870,0.010437107644975185,0.270159887120048,42.75039291381836,1106.5749122660427
4,first_label_token,20,4096,4096,10000.0,0.21989715099334717,False,3400,1870,0.010269534774124622,0.2711305424491352,42.06401443481445,1110.5506726270053
4,first_label_token,21,4096,4096,10000.0,0.22008270025253296,False,3400,1870,0.01035828422755003,0.2720215108942858,42.42752456665039,1114.2001128008021
4,first_label_token,22,4096,4096,10000.0,0.2221420705318451,False,3400,1870,0.010458719916641712,0.2727639657290862,42.83891677856445,1117.2411764705882
4,first_label_token,23,4096,4096,10000.0,0.22344166040420532,False,3400,1870,0.010542936623096466,0.27381528558578083,43.183868408203125,1121.5474055815507
4,first_label_token,24,4096,4096,10000.0,0.2240486741065979,False,3400,1870,0.010642914101481438,0.2753226285312265,43.5933723449707,1127.7214781082887
4,first_label_token,25,4096,4096,10000.0,0.22481119632720947,False,3400,1870,0.010621015913784504,0.27611001672591756,43.50368118286133,1130.9466326871657
4,first_label_token,26,4096,4096,10000.0,0.22587285935878754,False,3400,1870,0.010729506611824036,0.2769736264478714,43.94805908203125,1134.4839739304812
4,first_label_token,27,4096,4096,10000.0,0.2267524003982544,False,3400,1870,0.01092197559773922,0.2782913789392155,44.736412048339844,1139.8815006684492
4,first_label_token,28,4096,4096,10000.0,0.22776424884796143,False,3400,1870,0.011255551129579544,0.27957404845538625,46.10273742675781,1145.1353150066846
4,last_label_token,0,4096,4096,31622.776601683792,0.2957649528980255,False,3400,1870,0.05678689107298851,0.31868967576460405,232.59912109375,1305.352953709893
4,last_label_token,1,4096,4096,31622.776601683792,0.2742040455341339,False,3400,1870,0.0468924380838871,0.3147743046602463,192.07142639160156,1289.3155017546792
4,last_label_token,2,4096,4096,31622.776601683792,0.2587513029575348,False,3400,1870,0.037056051194667816,0.30602084022154785,151.7815704345703,1253.461376169786
4,last_label_token,3,4096,4096,31622.776601683792,0.25424325466156006,False,3400,1870,0.034548938274383545,0.30816677623891575,141.51243591308594,1262.25113845254
4,last_label_token,4,4096,4096,10000.0,0.23867501318454742,False,3400,1870,0.015822675079107285,0.3008158296187294,64.80967712402344,1232.1416610962567
4,last_label_token,5,4096,4096,10000.0,0.2311011552810669,False,3400,1870,0.013882607221603394,0.2914177053114947,56.863155364990234,1193.646956467246
4,last_label_token,6,4096,4096,10000.0,0.22628428041934967,False,3400,1870,0.012824947014451027,0.28522764909713666,52.530982971191406,1168.2924590574867
4,last_label_token,7,4096,4096,31622.776601683792,0.22120024263858795,False,3400,1870,0.021035606041550636,0.27053711427086813,86.16183471679688,1108.1199949866311
4,last_label_token,8,4096,4096,31622.776601683792,0.21721519529819489,False,3400,1870,0.019786287099123,0.26759161413672133,81.04463195800781,1096.0552452372995
4,last_label_token,9,4096,4096,31622.776601683792,0.2141612321138382,False,3400,1870,0.018570471554994583,0.2651174810480944,76.06465148925781,1085.9211856617646
4,last_label_token,10,4096,4096,31622.776601683792,0.2135532647371292,False,3400,1870,0.01795591600239277,0.26484744944036964,73.54743957519531,1084.8151654411765
4,last_label_token,11,4096,4096,31622.776601683792,0.21260270476341248,False,3400,1870,0.01737269200384617,0.26310023445496583,71.1585464477539,1077.6585624164438
4,last_label_token,12,4096,4096,31622.776601683792,0.2125585377216339,False,3400,1870,0.016538646072149277,0.26338192791862286,67.74229431152344,1078.8123725768717
4,last_label_token,13,4096,4096,31622.776601683792,0.21193037927150726,False,3400,1870,0.016054559499025345,0.2628541742416627,65.75947570800781,1076.6506893382352
4,last_label_token,14,4096,4096,31622.776601683792,0.21230433881282806,False,3400,1870,0.015776997432112694,0.2634996648778252,64.62258911132812,1079.2946022727272
4,last_label_token,15,4096,4096,31622.776601683792,0.212319478392601,False,3400,1870,0.015613537281751633,0.26417798944973053,63.95304489135742,1082.0730531417112
4,last_label_token,16,4096,4096,31622.776601683792,0.21231016516685486,False,3400,1870,0.015609629452228546,0.2648819622508982,63.93703842163086,1084.9565215574867
4,last_label_token,17,4096,4096,31622.776601683792,0.21314552426338196,False,3400,1870,0.015529138036072254,0.2659818934884301,63.60735321044922,1089.4618461731284
4,last_label_token,18,4096,4096,31622.776601683792,0.2134474217891693,False,3400,1870,0.015187408775091171,0.26590273036038814,62.20762634277344,1089.1375668449198
4,last_label_token,19,4096,4096,10000.0,0.2149406373500824,False,3400,1870,0.008792347274720669,0.26789029575286705,36.01345443725586,1097.2786681149732
4,last_label_token,20,4096,4096,10000.0,0.21558935940265656,False,3400,1870,0.008710353635251522,0.2679850440611814,35.677608489990234,1097.6667091410427
4,last_label_token,21,4096,4096,10000.0,0.216252863407135,False,3400,1870,0.008774821646511555,0.2676853363526696,35.94166946411133,1096.4391502339572
4,last_label_token,22,4096,4096,10000.0,0.21769846975803375,False,3400,1870,0.008779500611126423,0.26851977741017063,35.960838317871094,1099.8569790274064
4,last_label_token,23,4096,4096,10000.0,0.2186107635498047,False,3400,1870,0.008775380440056324,0.26874145671008104,35.94396209716797,1100.7650025066846
4,last_label_token,24,4096,4096,10000.0,0.21915759146213531,False,3400,1870,0.008789877407252789,0.26942612653110115,36.00333786010742,1103.5694142713903
4,last_label_token,25,4096,4096,10000.0,0.2198922038078308,False,3400,1870,0.008720424957573414,0.27003231762564756,35.7188606262207,1106.0524001504011
4,last_label_token,26,4096,4096,10000.0,0.2205055058002472,False,3400,1870,0.008714139461517334,0.2706016402831052,35.693115234375,1108.3843185995988
4,last_label_token,27,4096,4096,10000.0,0.22132518887519836,False,3400,1870,0.008756263181567192,0.27117984690130714,35.86565399169922,1110.752636196524
4,last_label_token,28,4096,4096,31622.776601683792,0.22193311154842377,False,3400,1870,0.015309372916817665,0.270775593028349,62.707191467285156,1109.0968269552138
5,pre_label_token,0,4096,4096,0.1,0.3663851320743561,True,3400,1870,0.3306626081466675,0.3850427698961554,1354.3939208984375,1577.1351687834224
5,pre_label_token,1,4096,4096,100000.0,0.29204022884368896,False,3400,1870,0.08435612171888351,0.3408379600647299,345.5226745605469,1396.0722593582889
5,pre_label_token,2,4096,4096,100000.0,0.2902725636959076,False,3400,1870,0.08078428357839584,0.32368876105323835,330.8924255371094,1325.8291736296792
5,pre_label_token,3,4096,4096,3162.2776601683795,0.2745817005634308,False,3400,1870,0.020956112071871758,0.3198760129551199,85.83623504638672,1310.2121239973262
5,pre_label_token,4,4096,4096,3162.2776601683795,0.24110636115074158,False,3400,1870,0.015301506035029888,0.3095832845106482,62.67497634887695,1268.053133355615
5,pre_label_token,5,4096,4096,31622.776601683792,0.23517806828022003,False,3400,1870,0.02650080807507038,0.2995298722211052,108.54730987548828,1226.8743378175134
5,pre_label_token,6,4096,4096,3162.2776601683795,0.2224358469247818,False,3400,1870,0.00999195035547018,0.2922139040289078,40.92702865600586,1196.908130013369
5,pre_label_token,7,4096,4096,31622.776601683792,0.21700666844844818,False,3400,1870,0.022129569202661514,0.28285236868628844,90.6427230834961,1158.5632833389038
5,pre_label_token,8,4096,4096,31622.776601683792,0.21377810835838318,False,3400,1870,0.020605862140655518,0.27551457104198435,84.401611328125,1128.5076913435828
5,pre_label_token,9,4096,4096,31622.776601683792,0.2039993852376938,False,3400,1870,0.01793399453163147,0.260206966604141,73.4576416015625,1065.8077372994653
5,pre_label_token,10,4096,4096,31622.776601683792,0.20099082589149475,False,3400,1870,0.017500191926956177,0.2540520566032532,71.6807861328125,1040.5972217580213
5,pre_label_token,11,4096,4096,31622.776601683792,0.19987903535366058,False,3400,1870,0.016691749915480614,0.2533601398774009,68.3694076538086,1037.7631371156417
5,pre_label_token,12,4096,4096,31622.776601683792,0.19965438544750214,False,3400,1870,0.016272492706775665,0.252159720436137,66.6521224975586,1032.846239973262
5,pre_label_token,13,4096,4096,31622.776601683792,0.19923652708530426,False,3400,1870,0.013790933415293694,0.25091642389960467,56.48766326904297,1027.7536806483956
5,pre_label_token,14,4096,4096,31622.776601683792,0.20094697177410126,False,3400,1870,0.014321213588118553,0.2533025364187312,58.659690856933594,1037.5271933489305
5,pre_label_token,15,4096,4096,31622.776601683792,0.20228469371795654,False,3400,1870,0.0139952776953578,0.2546572450648017,57.32465744018555,1043.0760716076204
5,pre_label_token,16,4096,4096,31622.776601683792,0.202433243393898,False,3400,1870,0.013551612384617329,0.2555928276184408,55.50741195678711,1046.9082177473263
5,pre_label_token,17,4096,4096,31622.776601683792,0.20382648706436157,False,3400,1870,0.014694374054670334,0.25754295440918623,60.18815612792969,1054.8959433489306
5,pre_label_token,18,4096,4096,31622.776601683792,0.20626859366893768,False,3400,1870,0.014382695779204369,0.25997352906089416,58.911521911621094,1064.8515666778076
5,pre_label_token,19,4096,4096,31622.776601683792,0.20930500328540802,False,3400,1870,0.014623857103288174,0.26176924884000563,59.89931869506836,1072.2068265374332
5,pre_label_token,20,4096,4096,10000.0,0.21403904259204865,False,3400,1870,0.009367580525577068,0.26450810763925153,38.36961364746094,1083.4252214237968
5,pre_label_token,21,4096,4096,10000.0,0.21716885268688202,False,3400,1870,0.009644681587815285,0.2666685915248279,39.504615783691406,1092.2745487967914
5,pre_label_token,22,4096,4096,10000.0,0.22148734331130981,False,3400,1870,0.00987417995929718,0.26756038461776976,40.44464111328125,1095.9273249498663
5,pre_label_token,23,4096,4096,10000.0,0.22446443140506744,False,3400,1870,0.00999944843351841,0.26818167436569135,40.957740783691406,1098.4721528241978
5,pre_label_token,24,4096,4096,10000.0,0.2261759638786316,False,3400,1870,0.010121304541826248,0.269528395096886,41.45686340332031,1103.9883188502674
5,pre_label_token,25,4096,4096,10000.0,0.22694705426692963,False,3400,1870,0.010082365944981575,0.27082562370096297,41.29737091064453,1109.3017212566845
5,pre_label_token,26,4096,4096,10000.0,0.22770251333713531,False,3400,1870,0.009927237406373024,0.2718849314725335,40.661964416503906,1113.6406793114973
5,pre_label_token,27,4096,4096,10000.0,0.2286439836025238,False,3400,1870,0.01012821588665247,0.2744949442817566,41.485172271728516,1124.3312708890373
5,pre_label_token,28,4096,4096,10000.0,0.2314428836107254,False,3400,1870,0.010555905289947987,0.27656379281518295,43.23699188232422,1132.8052932820856
5,first_label_token,0,4096,4096,100000.0,0.31643950939178467,False,3400,1870,0.11741746962070465,0.3254150125432142,480.94195556640625,1332.8998913770054
5,first_label_token,1,4096,4096,31622.776601683792,0.29501983523368835,False,3400,1870,0.06829753518104553,0.32169530735933843,279.7467041015625,1317.6639601437166
5,first_label_token,2,4096,4096,31622.776601683792,0.2770399749279022,False,3400,1870,0.05676658824086189,0.30828255434087254,232.5159454345703,1262.725317513369
5,first_label_token,3,4096,4096,31622.776601683792,0.2726806104183197,False,3400,1870,0.054162852466106415,0.3096441437216366,221.85105895996094,1268.3024064171123
5,first_label_token,4,4096,4096,10000.0,0.25070515275001526,False,3400,1870,0.02389969676733017,0.2985495189931941,97.89315032958984,1222.8588360628341
5,first_label_token,5,4096,4096,10000.0,0.2351778894662857,False,3400,1870,0.01947496272623539,0.2882448573800969,79.76944732666016,1180.650910762032
5,first_label_token,6,4096,4096,10000.0,0.22902163863182068,False,3400,1870,0.016083208844065666,0.2830197512784744,65.87682342529297,1159.2488970588236
5,first_label_token,7,4096,4096,10000.0,0.22392791509628296,False,3400,1870,0.01426461711525917,0.2780822371416551,58.42786407470703,1139.024845421123
5,first_label_token,8,4096,4096,10000.0,0.21835124492645264,False,3400,1870,0.013274618424475193,0.27464752809249143,54.372840881347656,1124.9562771557487
5,first_label_token,9,4096,4096,10000.0,0.21520550549030304,False,3400,1870,0.012401055544614792,0.2689226084214481,50.79472351074219,1101.5070166276737
5,first_label_token,10,4096,4096,10000.0,0.2134311944246292,False,3400,1870,0.011575640179216862,0.2665325725779814,47.413822174072266,1091.7174131016043
5,first_label_token,11,4096,4096,31622.776601683792,0.21251457929611206,False,3400,1870,0.019193487241864204,0.2619441333301565,78.61653137207031,1072.923159675802
5,first_label_token,12,4096,4096,10000.0,0.21222902834415436,False,3400,1870,0.010663500986993313,0.26428628146329664,43.67770004272461,1082.5165921624332
5,first_label_token,13,4096,4096,10000.0,0.2118634730577469,False,3400,1870,0.010132947005331516,0.26361297362628466,41.50455093383789,1079.7587357954546
5,first_label_token,14,4096,4096,10000.0,0.2129627764225006,False,3400,1870,0.009823489002883434,0.26469911738512986,40.23701477050781,1084.2075806316846
5,first_label_token,15,4096,4096,10000.0,0.21286796033382416,False,3400,1870,0.009720836766064167,0.26467328352086683,39.81654357910156,1084.1017484124332
5,first_label_token,16,4096,4096,10000.0,0.2129405289888382,False,3400,1870,0.009717675857245922,0.2656561509810667,39.8036003112793,1088.1276027740641
5,first_label_token,17,4096,4096,10000.0,0.2141098976135254,False,3400,1870,0.009730237536132336,0.26683151275716366,39.85505294799805,1092.9418741644386
5,first_label_token,18,4096,4096,10000.0,0.21474520862102509,False,3400,1870,0.009698024950921535,0.2678458820689808,39.72311019897461,1097.096728776738
5,first_label_token,19,4096,4096,10000.0,0.216552272439003,False,3400,1870,0.009795042686164379,0.2692055539013868,40.1204948425293,1102.6659801136364
5,first_label_token,20,4096,4096,10000.0,0.2187500298023224,False,3400,1870,0.009700716473162174,0.27022896169978666,39.734134674072266,1106.8577832553476
5,first_label_token,21,4096,4096,10000.0,0.2189793735742569,False,3400,1870,0.009774052537977695,0.27125698028401257,40.03451919555664,1111.0686079545455
5,first_label_token,22,4096,4096,10000.0,0.2209189236164093,False,3400,1870,0.009882568381726742,0.27213966655221217,40.47900390625,1114.6840909090909
5,first_label_token,23,4096,4096,10000.0,0.22205913066864014,False,3400,1870,0.009969367645680904,0.27290233622260274,40.834529876708984,1117.807942012032
5,first_label_token,24,4096,4096,10000.0,0.22255773842334747,False,3400,1870,0.010052302852272987,0.2742914505820861,41.17423629760742,1123.497777406417
5,first_label_token,25,4096,4096,10000.0,0.22369563579559326,False,3400,1870,0.010042308829724789,0.2749827512445297,41.133296966552734,1126.3293574532086
5,first_label_token,26,4096,4096,10000.0,0.22464022040367126,False,3400,1870,0.010125566273927689,0.2759618529661454,41.47431945800781,1130.3397601938502
5,first_label_token,27,4096,4096,10000.0,0.22577354311943054,False,3400,1870,0.010313880629837513,0.2775387075495592,42.24565887451172,1136.7985711898395
5,first_label_token,28,4096,4096,10000.0,0.22699928283691406,False,3400,1870,0.010646888986229897,0.2789187288539295,43.609657287597656,1142.4511112967914
5,last_label_token,0,4096,4096,31622.776601683792,0.29873597621917725,False,3400,1870,0.05719349905848503,0.3190524677541804,234.26458740234375,1306.8389100100267
5,last_label_token,1,4096,4096,31622.776601683792,0.27596670389175415,False,3400,1870,0.047064829617738724,0.3160703220469429,192.7775421142578,1294.6240349264706
5,last_label_token,2,4096,4096,31622.776601683792,0.26101067662239075,False,3400,1870,0.03711984306573868,0.30453055580669547,152.04287719726562,1247.3571920955883
5,last_label_token,3,4096,4096,31622.776601683792,0.25559619069099426,False,3400,1870,0.034680116921663284,0.30572841307696175,142.0497589111328,1252.2635799632353
5,last_label_token,4,4096,4096,10000.0,0.23973554372787476,False,3400,1870,0.015635836869478226,0.29764273434399285,64.04438781738281,1219.1446482286096
5,last_label_token,5,4096,4096,10000.0,0.2301793247461319,False,3400,1870,0.013533858582377434,0.28823782466949627,55.43468475341797,1180.6221549131017
5,last_label_token,6,4096,4096,10000.0,0.22523953020572662,False,3400,1870,0.01238510012626648,0.2832982965969147,50.7293701171875,1160.3898312165775
5,last_label_token,7,4096,4096,31622.776601683792,0.21924370527267456,False,3400,1870,0.020276138558983803,0.26832964790058644,83.05106353759766,1099.0782252673796
5,last_label_token,8,4096,4096,31622.776601683792,0.21486297249794006,False,3400,1870,0.018976617604494095,0.2655184541794068,77.72823333740234,1087.5635674298128
5,last_label_token,9,4096,4096,31622.776601683792,0.21210633218288422,False,3400,1870,0.01768616959452629,0.26325310997784457,72.44254302978516,1078.2847468248663
5,last_label_token,10,4096,4096,31622.776601683792,0.2117532193660736,False,3400,1870,0.017120810225605965,0.2630448637161663,70.12684631347656,1077.4317429812834
5,last_label_token,11,4096,4096,31622.776601683792,0.2111208736896515,False,3400,1870,0.016549143940210342,0.26150027953367183,67.7853012084961,1071.105136614305
5,last_label_token,12,4096,4096,31622.776601683792,0.21128982305526733,False,3400,1870,0.015792744234204292,0.26148335257953503,64.68707275390625,1071.0358163435828
5,last_label_token,13,4096,4096,31622.776601683792,0.2106521725654602,False,3400,1870,0.015379969961941242,0.2608404914325571,62.99635696411133,1068.402661263369
5,last_label_token,14,4096,4096,31622.776601683792,0.2113521248102188,False,3400,1870,0.01513475738465786,0.2617714830898346,61.991966247558594,1072.2160010026737
5,last_label_token,15,4096,4096,31622.776601683792,0.21145093441009521,False,3400,1870,0.015010870061814785,0.262230430949818,61.48452377319336,1074.0958368148397
5,last_label_token,16,4096,4096,31622.776601683792,0.21152453124523163,False,3400,1870,0.015012823976576328,0.26283597232186223,61.49252700805664,1076.5761363636364
5,last_label_token,17,4096,4096,31622.776601683792,0.21244968473911285,False,3400,1870,0.014965018257498741,0.2640032584654456,61.296722412109375,1081.3573863636364
5,last_label_token,18,4096,4096,10000.0,0.2126774936914444,False,3400,1870,0.008475217968225479,0.2655098660106965,34.71449279785156,1087.5284216243315
5,last_label_token,19,4096,4096,10000.0,0.2142145335674286,False,3400,1870,0.00841607991605997,0.2656316349213136,34.47226333618164,1088.0271599264706
5,last_label_token,20,4096,4096,10000.0,0.2151772677898407,False,3400,1870,0.008359591476619244,0.2658202829207966,34.24088668823242,1088.7998704879678
5,last_label_token,21,4096,4096,10000.0,0.2158750742673874,False,3400,1870,0.00841118860989809,0.26563076896463483,34.45222854614258,1088.0236672794117
5,last_label_token,22,4096,4096,10000.0,0.2170998454093933,False,3400,1870,0.008414543233811855,0.2664737415823707,34.465965270996094,1091.4764413435828
5,last_label_token,23,4096,4096,10000.0,0.2180951088666916,False,3400,1870,0.00841184426099062,0.2666528069399257,34.45491409301758,1092.2098846925135
5,last_label_token,24,4096,4096,10000.0,0.2183915227651596,False,3400,1870,0.008424913510680199,0.26744248089305855,34.508445739746094,1095.4443787600267
5,last_label_token,25,4096,4096,10000.0,0.21905194222927094,False,3400,1870,0.008355389349162579,0.26792051600899924,34.22367477416992,1097.4024377506685
5,last_label_token,26,4096,4096,10000.0,0.21950821578502655,False,3400,1870,0.008345203474164009,0.268668212482636,34.18195343017578,1100.4650192179145
5,last_label_token,27,4096,4096,10000.0,0.22041356563568115,False,3400,1870,0.008378325030207634,0.26920696758331464,34.31761932373047,1102.671705798797
5,last_label_token,28,4096,4096,10000.0,0.22086355090141296,False,3400,1870,0.008493111468851566,0.26958583535995073,34.78778076171875,1104.2235732787433
6,pre_label_token,0,4096,4096,0.1,0.3663851320743561,True,3400,1870,0.3306626081466675,0.3850427698961554,1354.3939208984375,1577.1351687834224
6,pre_label_token,1,4096,4096,100000.0,0.2900571823120117,False,3400,1870,0.07870875298976898,0.3419729661176549,322.3910217285156,1400.7212859291444
6,pre_label_token,2,4096,4096,10000.0,0.2870655655860901,False,3400,1870,0.033572420477867126,0.32953097093551553,137.51263427734375,1349.7588444184491
6,pre_label_token,3,4096,4096,3162.2776601683795,0.2665717303752899,False,3400,1870,0.01911737024784088,0.32464446817489867,78.30474090576172,1329.7437249331551
6,pre_label_token,4,4096,4096,10000.0,0.2394549697637558,False,3400,1870,0.020589567720890045,0.30884462244370403,84.33486938476562,1265.0275735294117
6,pre_label_token,5,4096,4096,31622.776601683792,0.2319338023662567,False,3400,1870,0.024342626333236694,0.2983233258048481,99.70738220214844,1221.9323069852942
6,pre_label_token,6,4096,4096,31622.776601683792,0.22085724771022797,False,3400,1870,0.02259036712348461,0.28925115462930445,92.53014373779297,1184.7727481617646
6,pre_label_token,7,4096,4096,31622.776601683792,0.2150140106678009,False,3400,1870,0.020482279360294342,0.2822063089054536,83.89541625976562,1155.9170329211229
6,pre_label_token,8,4096,4096,31622.776601683792,0.21187002956867218,False,3400,1870,0.01907934620976448,0.27428537460571945,78.14900207519531,1123.4729048295455
6,pre_label_token,9,4096,4096,31622.776601683792,0.20199450850486755,False,3400,1870,0.016438348218798637,0.2581469168637526,67.33148193359375,1057.3697798295455
6,pre_label_token,10,4096,4096,31622.776601683792,0.1991874873638153,False,3400,1870,0.016052311286330223,0.2515839816414736,65.7502670288086,1030.4879846256686
6,pre_label_token,11,4096,4096,31622.776601683792,0.198267862200737,False,3400,1870,0.015167035162448883,0.2506873186896829,62.12417984008789,1026.8152489973263
6,pre_label_token,12,4096,4096,31622.776601683792,0.19827108085155487,False,3400,1870,0.014900662004947662,0.25020842220693984,61.033111572265625,1024.8537224264705
6,pre_label_token,13,4096,4096,31622.776601683792,0.1978764832019806,False,3400,1870,0.012738348916172981,0.24904136657714843,52.17627716064453,1020.0734416778075
6,pre_label_token,14,4096,4096,31622.776601683792,0.19977442920207977,False,3400,1870,0.013291493058204651,0.251333428959158,54.44195556640625,1029.4617250167112
6,pre_label_token,15,4096,4096,31622.776601683792,0.20112797617912292,False,3400,1870,0.012966010719537735,0.25276184184028505,53.10877990722656,1035.312474933155
6,pre_label_token,16,4096,4096,31622.776601683792,0.20130978524684906,False,3400,1870,0.012586679309606552,0.25349967058967143,51.55503845214844,1038.334642379679
6,pre_label_token,17,4096,4096,10000.0,0.20258702337741852,False,3400,1870,0.008153128437697887,0.258353799422157,33.39521408081055,1058.21717078877
6,pre_label_token,18,4096,4096,10000.0,0.20484896004199982,False,3400,1870,0.008056242018938065,0.25947376751007245,32.99837112426758,1062.804555899064
6,pre_label_token,19,4096,4096,10000.0,0.20775136351585388,False,3400,1870,0.00821232795715332,0.2603731517485756,33.6376953125,1066.4884379177809
6,pre_label_token,20,4096,4096,10000.0,0.21276096999645233,False,3400,1870,0.008671097457408905,0.26185412789411083,35.516815185546875,1072.5545203877004
6,pre_label_token,21,4096,4096,10000.0,0.21577352285385132,False,3400,1870,0.008934682235121727,0.2641984235794149,36.596458435058594,1082.1567471590909
6,pre_label_token,22,4096,4096,10000.0,0.2202254980802536,False,3400,1870,0.009119131602346897,0.26557662780272134,37.351959228515625,1087.8018946356951
6,pre_label_token,23,4096,4096,10000.0,0.22354008257389069,False,3400,1870,0.009234452620148659,0.266138396543615,37.824317932128906,1090.1028826871657
6,pre_label_token,24,4096,4096,10000.0,0.22527368366718292,False,3400,1870,0.009344135411083698,0.2679737769346186,38.27357864379883,1097.620598679813
6,pre_label_token,25,4096,4096,10000.0,0.22652411460876465,False,3400,1870,0.00930453184992075,0.26964604382846447,38.11136245727539,1104.4702205882354
6,pre_label_token,26,4096,4096,10000.0,0.2275622934103012,False,3400,1870,0.009194244630634785,0.2705052742983568,37.65962600708008,1107.989616059492
6,pre_label_token,27,4096,4096,10000.0,0.2285294234752655,False,3400,1870,0.009378328919410706,0.2733353492410425,38.41363525390625,1119.5816092914438
6,pre_label_token,28,4096,4096,3162.2776601683795,0.23150058090686798,False,3400,1870,0.005991576239466667,0.27479259623563224,24.541500091552734,1125.550488803476
6,first_label_token,0,4096,4096,31622.776601683792,0.3161203861236572,False,3400,1870,0.07795250415802002,0.3193145751953125,319.29351806640625,1307.9125376002673
6,first_label_token,1,4096,4096,31622.776601683792,0.29410600662231445,False,3400,1870,0.06715941429138184,0.31653500470248136,275.0849609375,1296.52734375
6,first_label_token,2,4096,4096,31622.776601683792,0.27595198154449463,False,3400,1870,0.05575066804885864,0.3041842583029028,228.354736328125,1245.9387157419785
6,first_label_token,3,4096,4096,31622.776601683792,0.2707042098045349,False,3400,1870,0.053258683532476425,0.30578767654092553,218.14756774902344,1252.506314756016
6,first_label_token,4,4096,4096,10000.0,0.24744859337806702,False,3400,1870,0.022851020097732544,0.2962631439780169,93.5977783203125,1213.493831467246
6,first_label_token,5,4096,4096,10000.0,0.2332720309495926,False,3400,1870,0.018694140017032623,0.2856620737575592,76.57119750976562,1170.0718708221925
6,first_label_token,6,4096,4096,10000.0,0.22710739076137543,False,3400,1870,0.015375127084553242,0.2792307420210405,62.97651290893555,1143.729085895722
6,first_label_token,7,4096,4096,10000.0,0.2219841480255127,False,3400,1870,0.013588281348347664,0.2753513438178894,55.65760040283203,1127.8390813001338
6,first_label_token,8,4096,4096,10000.0,0.2163112908601761,False,3400,1870,0.012595411390066147,0.2720387922888771,51.59080505371094,1114.2709433489306
6,first_label_token,9,4096,4096,10000.0,0.213811457157135,False,3400,1870,0.011730113066732883,0.2659874176596575,48.04654312133789,1089.4844710895723
6,first_label_token,10,4096,4096,10000.0,0.21142832934856415,False,3400,1870,0.01096306461840868,0.26459585587608625,44.90471267700195,1083.7846256684493
6,first_label_token,11,4096,4096,10000.0,0.21079882979393005,False,3400,1870,0.010455956682562828,0.2628141306300852,42.827598571777344,1076.4866811497327
6,first_label_token,12,4096,4096,10000.0,0.21070799231529236,False,3400,1870,0.010226947255432606,0.2629720687866211,41.88957595825195,1077.13359375
6,first_label_token,13,4096,4096,10000.0,0.2105485051870346,False,3400,1870,0.009681842289865017,0.26247817360781095,39.65682601928711,1075.1105907419785
6,first_label_token,14,4096,4096,10000.0,0.21195940673351288,False,3400,1870,0.009438724257051945,0.2635315543190043,38.661014556884766,1079.4252464906417
6,first_label_token,15,4096,4096,10000.0,0.2121298909187317,False,3400,1870,0.009356512688100338,0.26359617263875545,38.32427978515625,1079.6899314839573
6,first_label_token,16,4096,4096,10000.0,0.21203412115573883,False,3400,1870,0.009360902942717075,0.26449467256107434,38.34225845336914,1083.3701704545454
6,first_label_token,17,4096,4096,10000.0,0.21347907185554504,False,3400,1870,0.009393272921442986,0.2653576366404161,38.47484588623047,1086.9049131016043
6,first_label_token,18,4096,4096,10000.0,0.21426166594028473,False,3400,1870,0.009376386180520058,0.26661062240600586,38.405677795410156,1092.0371156417111
6,first_label_token,19,4096,4096,10000.0,0.21577735245227814,False,3400,1870,0.009451950900256634,0.267765430205646,38.71520233154297,1096.7672021223261
6,first_label_token,20,4096,4096,10000.0,0.21814024448394775,False,3400,1870,0.009389069862663746,0.26842023064108456,38.4576301574707,1099.4492626169786
6,first_label_token,21,4096,4096,10000.0,0.2183895856142044,False,3400,1870,0.009438443928956985,0.2695346709878687,38.65985870361328,1104.0140248997327
6,first_label_token,22,4096,4096,10000.0,0.22018210589885712,False,3400,1870,0.009581713937222958,0.27054135633662424,39.246700286865234,1108.1373495989305
6,first_label_token,23,4096,4096,10000.0,0.22125889360904694,False,3400,1870,0.009663492441177368,0.27147811542857775,39.5816650390625,1111.974390040107
6,first_label_token,24,4096,4096,10000.0,0.22150246798992157,False,3400,1870,0.009739950299263,0.2728654229067226,39.89484405517578,1117.6567513368984
6,first_label_token,25,4096,4096,10000.0,0.22270038723945618,False,3400,1870,0.009704677388072014,0.2734734173127037,39.75035858154297,1120.1470922459894
6,first_label_token,26,4096,4096,10000.0,0.22384946048259735,False,3400,1870,0.009796191938221455,0.2746588242882713,40.12520217895508,1125.0025985962566
6,first_label_token,27,4096,4096,10000.0,0.22518539428710938,False,3400,1870,0.009975194931030273,0.27654608609204623,40.8583984375,1132.7327435661764
6,first_label_token,28,4096,4096,10000.0,0.2264920324087143,False,3400,1870,0.010289818048477173,0.2777149276937393,42.1470947265625,1137.5203480113637
6,last_label_token,0,4096,4096,31622.776601683792,0.29941657185554504,False,3400,1870,0.05782883241772652,0.3164667639502867,236.8668975830078,1296.2478714070855
6,last_label_token,1,4096,4096,31622.776601683792,0.2774069607257843,False,3400,1870,0.046976204961538315,0.3142467366182868,192.41453552246094,1287.154622743984
6,last_label_token,2,4096,4096,31622.776601683792,0.2609465718269348,False,3400,1870,0.03688589110970497,0.30350929760040446,151.0845947265625,1243.174078793449
6,last_label_token,3,4096,4096,31622.776601683792,0.25511348247528076,False,3400,1870,0.034398142248392105,0.304883215899136,140.894775390625,1248.8016418783423
6,last_label_token,4,4096,4096,10000.0,0.23778480291366577,False,3400,1870,0.015168863348662853,0.29730592717461407,62.13166427612305,1217.7650672627005
6,last_label_token,5,4096,4096,10000.0,0.22909998893737793,False,3400,1870,0.013251224532723427,0.28720210682262076,54.277015686035156,1176.3798211898395
6,last_label_token,6,4096,4096,10000.0,0.22338184714317322,False,3400,1870,0.01205014530569315,0.28149175439926394,49.35739517211914,1152.9902239304813
6,last_label_token,7,4096,4096,31622.776601683792,0.21823608875274658,False,3400,1870,0.019967488944530487,0.26780495516119157,81.78683471679688,1096.9291046958556
6,last_label_token,8,4096,4096,10000.0,0.21374402940273285,False,3400,1870,0.01069689355790615,0.27060706857691474,43.814476013183594,1108.4065570688504
6,last_label_token,9,4096,4096,31622.776601683792,0.2116500437259674,False,3400,1870,0.017358381301164627,0.2627896155903046,71.09992980957031,1076.3862591911766
6,last_label_token,10,4096,4096,31622.776601683792,0.21097129583358765,False,3400,1870,0.01678064465522766,0.2629575571274375,68.7335205078125,1077.0741477272727
6,last_label_token,11,4096,4096,31622.776601683792,0.21030069887638092,False,3400,1870,0.01622854545712471,0.26149776785131446,66.47212982177734,1071.0948445855615
6,last_label_token,12,4096,4096,31622.776601683792,0.2105395793914795,False,3400,1870,0.015530051663517952,0.26130171230132565,63.61109161376953,1070.2918261196523
6,last_label_token,13,4096,4096,31622.776601683792,0.20998652279376984,False,3400,1870,0.015076443552970886,0.26060375580813155,61.75311279296875,1067.433000501337
6,last_label_token,14,4096,4096,10000.0,0.2109307050704956,False,3400,1870,0.008527702651917934,0.26487699141476884,34.929473876953125,1084.9361819017379
6,last_label_token,15,4096,4096,10000.0,0.2109297662973404,False,3400,1870,0.008453886024653912,0.26467697123155237,34.62711715698242,1084.1168762533423
6,last_label_token,16,4096,4096,10000.0,0.2109954059123993,False,3400,1870,0.008408787660300732,0.2646969183243532,34.4423942565918,1084.1985774565508
6,last_label_token,17,4096,4096,10000.0,0.2117125242948532,False,3400,1870,0.008334658108651638,0.2654215807583243,34.13875961303711,1087.1668031417112
6,last_label_token,18,4096,4096,10000.0,0.21193435788154602,False,3400,1870,0.008231804706156254,0.26535634127530183,33.717472076416016,1086.8995738636363
6,last_label_token,19,4096,4096,10000.0,0.21339251101016998,False,3400,1870,0.008151652291417122,0.26549014943168764,33.38916778564453,1087.4476353609625
6,last_label_token,20,4096,4096,10000.0,0.21431438624858856,False,3400,1870,0.008104396052658558,0.2651906732569404,33.19560241699219,1086.2210018382352
6,last_label_token,21,4096,4096,10000.0,0.21510188281536102,False,3400,1870,0.008124997839331627,0.26511440022106475,33.27999496459961,1085.90857703877
6,last_label_token,22,4096,4096,10000.0,0.2163064330816269,False,3400,1870,0.00816043745726347,0.2660452450022978,33.42515182495117,1089.7213256183154
6,last_label_token,23,4096,4096,10000.0,0.21705345809459686,False,3400,1870,0.008156804367899895,0.266429411536232,33.4102668762207,1091.2948424966578
6,last_label_token,24,4096,4096,10000.0,0.21731245517730713,False,3400,1870,0.008163515478372574,0.2673889027559821,33.43776321411133,1095.2249373328877
6,last_label_token,25,4096,4096,10000.0,0.21807262301445007,False,3400,1870,0.008067661896348,0.2679830255355427,33.045143127441406,1097.658447526738
6,last_label_token,26,4096,4096,10000.0,0.2186354547739029,False,3400,1870,0.008058183826506138,0.26887100342123266,33.00632095336914,1101.2956258355614
6,last_label_token,27,4096,4096,10000.0,0.21944308280944824,False,3400,1870,0.008087314665317535,0.26958193600496505,33.125640869140625,1104.207601520722
6,last_label_token,28,4096,4096,10000.0,0.21988359093666077,False,3400,1870,0.008198169991374016,0.26982606082039085,33.5797004699707,1105.2075409425133
7,pre_label_token,0,4096,4096,0.1,0.3663851320743561,True,3400,1870,0.3306626081466675,0.3850427698961554,1354.3939208984375,1577.1351687834224
7,pre_label_token,1,4096,4096,100000.0,0.2864246666431427,False,3400,1870,0.07254725694656372,0.3390512864219951,297.153564453125,1388.7540399398397
7,pre_label_token,2,4096,4096,10000.0,0.2828189730644226,False,3400,1870,0.03106818161904812,0.3249670508073613,127.2552719116211,1331.0650359291444
7,pre_label_token,3,4096,4096,3162.2776601683795,0.26618242263793945,False,3400,1870,0.017985600978136063,0.3228765334675019,73.66902160644531,1322.5022560160428
7,pre_label_token,4,4096,4096,3162.2776601683795,0.23713117837905884,False,3400,1870,0.013109175488352776,0.30737349056305097,53.69518280029297,1259.0018048128343
7,pre_label_token,5,4096,4096,31622.776601683792,0.22970004379749298,False,3400,1870,0.022626709192991257,0.29854582159276954,92.67900085449219,1222.8437207553477
7,pre_label_token,6,4096,4096,31622.776601683792,0.21916186809539795,False,3400,1870,0.021080970764160156,0.2890868207350134,86.34765625,1184.0996219084225
7,pre_label_token,7,4096,4096,31622.776601683792,0.2136979103088379,False,3400,1870,0.019104717299342155,0.28114097156626655,78.25292205810547,1151.553434157754
7,pre_label_token,8,4096,4096,31622.776601683792,0.2101956307888031,False,3400,1870,0.017699304968118668,0.272702596021846,72.49634552001953,1116.989835394385
7,pre_label_token,9,4096,4096,31622.776601683792,0.20093689858913422,False,3400,1870,0.015156476758420467,0.2568866760335504,62.080928802490234,1052.20784592246
7,pre_label_token,10,4096,4096,31622.776601683792,0.1983245611190796,False,3400,1870,0.014830357395112514,0.24957365811189866,60.745147705078125,1022.2537119819518
7,pre_label_token,11,4096,4096,31622.776601683792,0.19771096110343933,False,3400,1870,0.013906637206673622,0.24903974176090668,56.961585998535156,1020.066796875
7,pre_label_token,12,4096,4096,31622.776601683792,0.19736507534980774,False,3400,1870,0.013711197301745415,0.24848616849929892,56.16106414794922,1017.7993294618984
7,pre_label_token,13,4096,4096,31622.776601683792,0.19730573892593384,False,3400,1870,0.011873316951096058,0.24730332420471518,48.63310623168945,1012.9544117647059
7,pre_label_token,14,4096,4096,31622.776601683792,0.19925016164779663,False,3400,1870,0.012440799735486507,0.24981856983613204,50.957515716552734,1023.2568432486631
7,pre_label_token,15,4096,4096,31622.776601683792,0.20073583722114563,False,3400,1870,0.012158093973994255,0.2509689290255786,49.79955291748047,1027.968741644385
7,pre_label_token,16,4096,4096,31622.776601683792,0.20089897513389587,False,3400,1870,0.01180218905210495,0.2515017371764158,48.34177017211914,1030.1511112967914
7,pre_label_token,17,4096,4096,31622.776601683792,0.20214012265205383,False,3400,1870,0.01292832475155592,0.2537432104508507,52.95441818237305,1039.3321732954546
7,pre_label_token,18,4096,4096,10000.0,0.2045215368270874,False,3400,1870,0.0073860702104866505,0.25729838896562707,30.25334358215332,1053.894205381016
7,pre_label_token,19,4096,4096,10000.0,0.20754584670066833,False,3400,1870,0.007528968621045351,0.25833664756407715,30.83865737915039,1058.1469293114974
7,pre_label_token,20,4096,4096,10000.0,0.21222245693206787,False,3400,1870,0.007983185350894928,0.2601053248114764,32.699127197265625,1065.39140625
7,pre_label_token,21,4096,4096,10000.0,0.2153671234846115,False,3400,1870,0.008255483582615852,0.26219200501467455,33.8144645690918,1073.9384588068183
7,pre_label_token,22,4096,4096,10000.0,0.2197226732969284,False,3400,1870,0.008429409936070442,0.26343020372849735,34.5268669128418,1079.0100935828877
7,pre_label_token,23,4096,4096,10000.0,0.22308634221553802,False,3400,1870,0.008529945276677608,0.2641154177048627,34.938655853271484,1081.8167655414438
7,pre_label_token,24,4096,4096,10000.0,0.22515496611595154,False,3400,1870,0.00864302646368742,0.2661935469683479,35.40183639526367,1090.3288101604278
7,pre_label_token,25,4096,4096,10000.0,0.22659197449684143,False,3400,1870,0.00860454048961401,0.2677504707785214,35.244197845458984,1096.7059366644385
7,pre_label_token,26,4096,4096,10000.0,0.22730788588523865,False,3400,1870,0.008514510467648506,0.2689624480385194,34.87543487548828,1101.670182987968
7,pre_label_token,27,4096,4096,10000.0,0.22832106053829193,False,3400,1870,0.008708074688911438,0.2716984504046925,35.66827392578125,1112.8768779244651
7,pre_label_token,28,4096,4096,10000.0,0.23144957423210144,False,3400,1870,0.009112169034779072,0.27410302595658737,37.32344436645508,1122.7259734291445
7,first_label_token,0,4096,4096,31622.776601683792,0.31223398447036743,False,3400,1870,0.07740459591150284,0.3216560761558818,317.0491638183594,1317.5032586898396
7,first_label_token,1,4096,4096,31622.776601683792,0.2904021143913269,False,3400,1870,0.06548747420310974,0.3174683708558108,268.2366943359375,1300.3504324030748
7,first_label_token,2,4096,4096,31622.776601683792,0.27213096618652344,False,3400,1870,0.05399325117468834,0.3071459000123376,221.15635681152344,1258.0695772058823
7,first_label_token,3,4096,4096,31622.776601683792,0.26682978868484497,False,3400,1870,0.05177048593759537,0.30885760006420115,212.05191040039062,1265.0807674632354
7,first_label_token,4,4096,4096,10000.0,0.24497926235198975,False,3400,1870,0.02241388149559498,0.29499553639621023,91.8072509765625,1208.3017275233958
7,first_label_token,5,4096,4096,10000.0,0.23196962475776672,False,3400,1870,0.018469126895070076,0.28428607573483716,75.6495361328125,1164.4357620320854
7,first_label_token,6,4096,4096,10000.0,0.22509288787841797,False,3400,1870,0.015378124080598354,0.27901167640074054,62.98880386352539,1142.8318453375668
7,first_label_token,7,4096,4096,10000.0,0.22073577344417572,False,3400,1870,0.013667377643287182,0.27541322351139497,55.98157501220703,1128.0925467914437
7,first_label_token,8,4096,4096,10000.0,0.21532060205936432,False,3400,1870,0.012744790874421597,0.2707416799616686,52.20266342163086,1108.9579127673796
7,first_label_token,9,4096,4096,10000.0,0.2129267305135727,False,3400,1870,0.011585296131670475,0.26401872685886324,47.453372955322266,1081.4206968582887
7,first_label_token,10,4096,4096,10000.0,0.21105524897575378,False,3400,1870,0.010768892243504524,0.26148986612411745,44.10938262939453,1071.06251671123
7,first_label_token,11,4096,4096,10000.0,0.2098681926727295,False,3400,1870,0.01030071172863245,0.2598385958748068,42.191715240478516,1064.2988824364973
7,first_label_token,12,4096,4096,10000.0,0.20958003401756287,False,3400,1870,0.01002548448741436,0.26029025960096064,41.06438446044922,1066.1488907921123
7,first_label_token,13,4096,4096,10000.0,0.20963828265666962,False,3400,1870,0.009537412784993649,0.2599421853050191,39.065242767333984,1064.7231868315507
7,first_label_token,14,4096,4096,10000.0,0.21106821298599243,False,3400,1870,0.00930124893784523,0.2612108689578459,38.0979118347168,1069.9196983622994
7,first_label_token,15,4096,4096,10000.0,0.21119056642055511,False,3400,1870,0.009259388782083988,0.26138670100247796,37.926456451416016,1070.6399649064172
7,first_label_token,16,4096,4096,10000.0,0.21147814393043518,False,3400,1870,0.009285647422075272,0.2626959831319391,38.03401184082031,1076.002759441845
7,first_label_token,17,4096,4096,10000.0,0.21270327270030975,False,3400,1870,0.009322318248450756,0.26373788354231076,38.1842155456543,1080.2703668114973
7,first_label_token,18,4096,4096,10000.0,0.21330398321151733,False,3400,1870,0.00933277327567339,0.26476297429538664,38.2270393371582,1084.4691218248663
7,first_label_token,19,4096,4096,10000.0,0.21489740908145905,False,3400,1870,0.009377104230225086,0.26593408890586484,38.40861892700195,1089.2660260695188
7,first_label_token,20,4096,4096,10000.0,0.21710561215877533,False,3400,1870,0.009295286610722542,0.266634785045277,38.07349395751953,1092.1360691009359
7,first_label_token,21,4096,4096,10000.0,0.21734407544136047,False,3400,1870,0.00935396458953619,0.26768207040062564,38.313838958740234,1096.42578125
7,first_label_token,22,4096,4096,10000.0,0.21917331218719482,False,3400,1870,0.009494327940046787,0.26919362226272014,38.88876724243164,1102.6170663435828
7,first_label_token,23,4096,4096,10000.0,0.22032256424427032,False,3400,1870,0.009575068950653076,0.27020285652283044,39.219482421875,1106.7509149398395
7,first_label_token,24,4096,4096,10000.0,0.22075454890727997,False,3400,1870,0.009663897566497326,0.2717460795519824,39.58332443237305,1113.0719293114973
7,first_label_token,25,4096,4096,10000.0,0.2218681275844574,False,3400,1870,0.009608468040823936,0.2725022861664308,39.356285095214844,1116.1693557820856
7,first_label_token,26,4096,4096,10000.0,0.22285868227481842,False,3400,1870,0.009665150195360184,0.27332029648643125,39.58845520019531,1119.5199406751337
7,first_label_token,27,4096,4096,10000.0,0.22409731149673462,False,3400,1870,0.009803595021367073,0.27516489487918305,40.15553283691406,1127.075382269385
7,first_label_token,28,4096,4096,10000.0,0.2252938598394394,False,3400,1870,0.010119033977389336,0.2763636645148782,41.447566986083984,1131.9855844752674
7,last_label_token,0,4096,4096,31622.776601683792,0.2972398102283478,False,3400,1870,0.05854553356766701,0.31827977124382467,239.80250549316406,1303.673934659091
7,last_label_token,1,4096,4096,31622.776601683792,0.2740875482559204,False,3400,1870,0.04632358253002167,0.3153466683658049,189.74136352539062,1291.6599264705883
7,last_label_token,2,4096,4096,31622.776601683792,0.25789251923561096,False,3400,1870,0.03603402525186539,0.30474986010056765,147.59536743164062,1248.25543532754
7,last_label_token,3,4096,4096,31622.776601683792,0.25245651602745056,False,3400,1870,0.033705491572618484,0.3062716132179301,138.0576934814453,1254.4885110294117
7,last_label_token,4,4096,4096,10000.0,0.23683799803256989,False,3400,1870,0.015441512688994408,0.29587092170103346,63.24843978881836,1211.887314087567
7,last_label_token,5,4096,4096,10000.0,0.22781312465667725,False,3400,1870,0.01361309364438057,0.2867361267620229,55.75923156738281,1174.471135528075
7,last_label_token,6,4096,4096,10000.0,0.2222115397453308,False,3400,1870,0.012430600821971893,0.2806612647153477,50.915740966796875,1149.5885319184492
7,last_label_token,7,4096,4096,31622.776601683792,0.21704533696174622,False,3400,1870,0.020170489326119423,0.2674183085640484,82.61832427978516,1095.3453668114973
7,last_label_token,8,4096,4096,31622.776601683792,0.21282285451889038,False,3400,1870,0.018864672631025314,0.26463561185541,77.26969146728516,1083.9474661597594
7,last_label_token,9,4096,4096,31622.776601683792,0.21091830730438232,False,3400,1870,0.017304468899965286,0.2610324410831227,70.87910461425781,1069.1888619652407
7,last_label_token,10,4096,4096,31622.776601683792,0.21041198074817657,False,3400,1870,0.016675183549523354,0.2612410841141155,68.30155181884766,1070.0434951537434
7,last_label_token,11,4096,4096,31622.776601683792,0.20957528054714203,False,3400,1870,0.01613572984933853,0.25987352381415546,66.09194946289062,1064.4419702540106
7,last_label_token,12,4096,4096,31622.776601683792,0.20969203114509583,False,3400,1870,0.015424448065459728,0.2601567043977625,63.17853927612305,1065.6018445020054
7,last_label_token,13,4096,4096,31622.776601683792,0.2092149555683136,False,3400,1870,0.014973792247474194,0.2597378032092742,61.3326530456543,1063.886044034091
7,last_label_token,14,4096,4096,31622.776601683792,0.2102062702178955,False,3400,1870,0.014742246828973293,0.2606422684409402,60.38423538208008,1067.5907106450534
7,last_label_token,15,4096,4096,31622.776601683792,0.21035565435886383,False,3400,1870,0.01462553534656763,0.2612648173449511,59.906192779541016,1070.1406876671124
7,last_label_token,16,4096,4096,31622.776601683792,0.21047598123550415,False,3400,1870,0.014659888111054897,0.26183715096132004,60.04690170288086,1072.4849954044118
7,last_label_token,17,4096,4096,10000.0,0.21137496829032898,False,3400,1870,0.008323004469275475,0.26390860501457664,34.091026306152344,1080.9696482286097
7,last_label_token,18,4096,4096,10000.0,0.21151456236839294,False,3400,1870,0.008232375606894493,0.26376833992208387,33.719810485839844,1080.395107787433
7,last_label_token,19,4096,4096,10000.0,0.21307656168937683,False,3400,1870,0.008147475309669971,0.2639114486979928,33.37205505371094,1080.9813105782086
7,last_label_token,20,4096,4096,10000.0,0.21404190361499786,False,3400,1870,0.008074500598013401,0.26388508801791755,33.07315444946289,1080.8733351437165
7,last_label_token,21,4096,4096,10000.0,0.21475054323673248,False,3400,1870,0.00809464231133461,0.26407386351396694,33.15565490722656,1081.6465198863636
7,last_label_token,22,4096,4096,10000.0,0.21596986055374146,False,3400,1870,0.008114581927657127,0.26513640051857035,33.237327575683594,1085.998704879679
7,last_label_token,23,4096,4096,10000.0,0.21674266457557678,False,3400,1870,0.008113929070532322,0.2654284818924685,33.23465347290039,1087.1950660093582
7,last_label_token,24,4096,4096,10000.0,0.2169884443283081,False,3400,1870,0.0081200385466218,0.2661613464355469,33.25967788696289,1090.1968770889036
7,last_label_token,25,4096,4096,10000.0,0.2177249938249588,False,3400,1870,0.008023196831345558,0.2664453067881538,32.863014221191406,1091.3599849598932
7,last_label_token,26,4096,4096,10000.0,0.21796968579292297,False,3400,1870,0.007974900305271149,0.2672487666900145,32.665191650390625,1094.650944184492
7,last_label_token,27,4096,4096,10000.0,0.21879318356513977,False,3400,1870,0.007983715273439884,0.2677147804097058,32.701297760009766,1096.5597196691176
7,last_label_token,28,4096,4096,10000.0,0.21900586783885956,False,3400,1870,0.0080904271453619,0.26808818113357624,33.138389587402344,1098.0892066343583
8,pre_label_token,0,4096,4096,0.1,0.3663851320743561,True,3400,1870,0.3306626081466675,0.3850427698961554,1354.3939208984375,1577.1351687834224
8,pre_label_token,1,4096,4096,100000.0,0.28547605872154236,False,3400,1870,0.07036108523607254,0.33689393232212983,288.1990051269531,1379.9175843917112
8,pre_label_token,2,4096,4096,3162.2776601683795,0.2752819061279297,False,3400,1870,0.02028071880340576,0.33077499063257226,83.06983184814453,1354.854353275401
8,pre_label_token,3,4096,4096,3162.2776601683795,0.26297855377197266,False,3400,1870,0.01696479693055153,0.32308239146349904,69.48780822753906,1323.3454712566845
8,pre_label_token,4,4096,4096,3162.2776601683795,0.23532041907310486,False,3400,1870,0.012574857100844383,0.3073211904515557,51.506614685058594,1258.7875919117646
8,pre_label_token,5,4096,4096,31622.776601683792,0.22769811749458313,False,3400,1870,0.0216528307646513,0.2970869992506058,88.68999481201172,1216.8683405748664
8,pre_label_token,6,4096,4096,31622.776601683792,0.21739867329597473,False,3400,1870,0.020363550633192062,0.2876983040794332,83.40909576416016,1178.4122660427809
8,pre_label_token,7,4096,4096,31622.776601683792,0.2122875154018402,False,3400,1870,0.018409503623843193,0.2806387467817827,75.40532684326172,1149.4962901069518
8,pre_label_token,8,4096,4096,31622.776601683792,0.20841416716575623,False,3400,1870,0.016881652176380157,0.27079970721892493,69.14724731445312,1109.1956028576203
8,pre_label_token,9,4096,4096,31622.776601683792,0.19963614642620087,False,3400,1870,0.014362404122948647,0.2558323651074088,58.82841110229492,1047.8893633021391
8,pre_label_token,10,4096,4096,31622.776601683792,0.19731839001178741,False,3400,1870,0.01415493618696928,0.24811020917433468,57.97861862182617,1016.2594251336899
8,pre_label_token,11,4096,4096,31622.776601683792,0.19695672392845154,False,3400,1870,0.01319871749728918,0.24779521258757076,54.06194305419922,1014.96915733623
8,pre_label_token,12,4096,4096,31622.776601683792,0.19677963852882385,False,3400,1870,0.013091718778014183,0.2470185759233281,53.62368392944336,1011.7880869819519
8,pre_label_token,13,4096,4096,31622.776601683792,0.19684162735939026,False,3400,1870,0.011357177048921585,0.24580316798572235,46.51899719238281,1006.8097718917112
8,pre_label_token,14,4096,4096,31622.776601683792,0.19887930154800415,False,3400,1870,0.011925997212529182,0.24817609327999665,48.84889221191406,1016.5293031417112
8,pre_label_token,15,4096,4096,31622.776601683792,0.20036599040031433,False,3400,1870,0.011695042252540588,0.24906214953743838,47.902896881103516,1020.1585791276738
8,pre_label_token,16,4096,4096,31622.776601683792,0.20073236525058746,False,3400,1870,0.011421252973377705,0.24983038417795764,46.78145217895508,1023.3052786597593
8,pre_label_token,17,4096,4096,31622.776601683792,0.20196819305419922,False,3400,1870,0.012556280940771103,0.25201499653372533,51.43052673339844,1032.2534299799465
8,pre_label_token,18,4096,4096,10000.0,0.20426508784294128,False,3400,1870,0.007128594443202019,0.25487567779214626,29.19872283935547,1043.970801303476
8,pre_label_token,19,4096,4096,10000.0,0.20744886994361877,False,3400,1870,0.007277344819158316,0.25637345441522447,29.80800437927246,1050.105648395722
8,pre_label_token,20,4096,4096,10000.0,0.21242021024227142,False,3400,1870,0.007731459103524685,0.2580811429151239,31.668060302734375,1057.1003592914437
8,pre_label_token,21,4096,4096,10000.0,0.21561895310878754,False,3400,1870,0.007991763763129711,0.26008331992409445,32.7342643737793,1065.3013034759358
8,pre_label_token,22,4096,4096,10000.0,0.2202487587928772,False,3400,1870,0.008174767717719078,0.2614375542829381,33.483848571777344,1070.848209809492
8,pre_label_token,23,4096,4096,10000.0,0.22329947352409363,False,3400,1870,0.00823959056288004,0.26266220878152285,33.74936294555664,1075.864396724599
8,pre_label_token,24,4096,4096,10000.0,0.225540891289711,False,3400,1870,0.008377371355891228,0.2647007442413167,34.31371307373047,1084.2142400568182
8,pre_label_token,25,4096,4096,10000.0,0.22688482701778412,False,3400,1870,0.008333275094628334,0.2663591170693464,34.133094787597656,1091.0069393382353
8,pre_label_token,26,4096,4096,10000.0,0.22748559713363647,False,3400,1870,0.00820855237543583,0.26764890089392024,33.622230529785156,1096.2898897058824
8,pre_label_token,27,4096,4096,3162.2776601683795,0.22798532247543335,False,3400,1870,0.005008866544812918,0.27076767192167395,20.51631736755371,1109.0643925467914
8,pre_label_token,28,4096,4096,3162.2776601683795,0.23096171021461487,False,3400,1870,0.005243946798145771,0.2722173109411556,21.479204177856445,1115.002122326203
8,first_label_token,0,4096,4096,31622.776601683792,0.3149326741695404,False,3400,1870,0.07676911354064941,0.32237203261431524,314.44622802734375,1320.4358434993314
8,first_label_token,1,4096,4096,31622.776601683792,0.29124000668525696,False,3400,1870,0.06431024521589279,0.3176886533033402,263.4147644042969,1301.252677974599
8,first_label_token,2,4096,4096,31622.776601683792,0.27197641134262085,False,3400,1870,0.05351011082530022,0.30721337425517525,219.1774139404297,1258.345953793449
8,first_label_token,3,4096,4096,31622.776601683792,0.266480416059494,False,3400,1870,0.05121084675192833,0.30898875068215764,209.75962829589844,1265.6178810160427
8,first_label_token,4,4096,4096,10000.0,0.24376168847084045,False,3400,1870,0.02204192988574505,0.29568589919391164,90.28375244140625,1211.1294326537434
8,first_label_token,5,4096,4096,10000.0,0.2292279452085495,False,3400,1870,0.01789216883480549,0.2840530329209598,73.28632354736328,1163.4811852439839
8,first_label_token,6,4096,4096,10000.0,0.22282816469669342,False,3400,1870,0.014864189550280571,0.2781092159250841,60.88372039794922,1139.1353484291444
8,first_label_token,7,4096,4096,10000.0,0.21843533217906952,False,3400,1870,0.013171790167689323,0.2747519222810307,53.95165252685547,1125.3838882854277
8,first_label_token,8,4096,4096,10000.0,0.2137199193239212,False,3400,1870,0.012264743447303772,0.27057557590505016,50.23639678955078,1108.2775735294117
8,first_label_token,9,4096,4096,10000.0,0.2114468514919281,False,3400,1870,0.01114007830619812,0.26386032155490813,45.6297607421875,1080.7718938001337
8,first_label_token,10,4096,4096,10000.0,0.20935869216918945,False,3400,1870,0.010369302704930305,0.2615360290608942,42.47266387939453,1071.251554144385
8,first_label_token,11,4096,4096,10000.0,0.20864418148994446,False,3400,1870,0.009891415014863014,0.2596388158951214,40.515235900878906,1063.4805982620321
8,first_label_token,12,4096,4096,10000.0,0.20864424109458923,False,3400,1870,0.00965549424290657,0.2601656174277239,39.54890441894531,1065.6383982286097
8,first_label_token,13,4096,4096,10000.0,0.20879897475242615,False,3400,1870,0.00917472131550312,0.2599613648684905,37.57965850830078,1064.801765123663
8,first_label_token,14,4096,4096,10000.0,0.21044278144836426,False,3400,1870,0.008915537968277931,0.26166873258702894,36.518043518066406,1071.7951286764705
8,first_label_token,15,4096,4096,10000.0,0.21043811738491058,False,3400,1870,0.008845856413245201,0.261859609226492,36.232627868652344,1072.5769385026738
8,first_label_token,16,4096,4096,10000.0,0.21065092086791992,False,3400,1870,0.008889839053153992,0.2632039947305771,36.41278076171875,1078.0835624164438
8,first_label_token,17,4096,4096,10000.0,0.21168085932731628,False,3400,1870,0.00893350038677454,0.26449875245119797,36.59161376953125,1083.3868775066844
8,first_label_token,18,4096,4096,10000.0,0.21234925091266632,False,3400,1870,0.008955802768468857,0.26593380433352876,36.68296813964844,1089.2648771724598
8,first_label_token,19,4096,4096,10000.0,0.2141115814447403,False,3400,1870,0.009016335941851139,0.26677159651078003,36.93091583251953,1092.6964405080214
8,first_label_token,20,4096,4096,10000.0,0.21657155454158783,False,3400,1870,0.008908609859645367,0.26763845076535475,36.48966598510742,1096.2470880681817
8,first_label_token,21,4096,4096,10000.0,0.21693679690361023,False,3400,1870,0.008957340382039547,0.2683739483675217,36.689266204833984,1099.2597113135027
8,first_label_token,22,4096,4096,10000.0,0.21884319186210632,False,3400,1870,0.009083841927349567,0.2694307704660344,37.20741653442383,1103.588427473262
8,first_label_token,23,4096,4096,10000.0,0.22011251747608185,False,3400,1870,0.009158859960734844,0.2703266796581248,37.51469039916992,1107.2580965909092
8,first_label_token,24,4096,4096,10000.0,0.22044970095157623,False,3400,1870,0.00922768097370863,0.27199075923246496,37.79658508300781,1114.0741477272727
8,first_label_token,25,4096,4096,10000.0,0.22143767774105072,False,3400,1870,0.009188499301671982,0.272541868240438,37.63608932495117,1116.3314797794117
8,first_label_token,26,4096,4096,10000.0,0.22255825996398926,False,3400,1870,0.009252726100385189,0.27344859730113635,37.89916229248047,1120.0454336564171
8,first_label_token,27,4096,4096,10000.0,0.2236858457326889,False,3400,1870,0.00939774326980114,0.27523368488658556,38.49315643310547,1127.3571482286097
8,first_label_token,28,4096,4096,10000.0,0.22498229146003723,False,3400,1870,0.009679953567683697,0.27694755798992626,39.64908981323242,1134.377180815508
8,last_label_token,0,4096,4096,31622.776601683792,0.2979828417301178,False,3400,1870,0.056624170392751694,0.31742865210548443,231.93260192871094,1300.1877966243314
8,last_label_token,1,4096,4096,31622.776601683792,0.27342942357063293,False,3400,1870,0.0447247289121151,0.3146040176962786,183.19248962402344,1288.6180481283423
8,last_label_token,2,4096,4096,31622.776601683792,0.25747907161712646,False,3400,1870,0.035402581095695496,0.30294062976531166,145.0089874267578,1240.844815340909
8,last_label_token,3,4096,4096,31622.776601683792,0.25206688046455383,False,3400,1870,0.033171359449625015,0.30606879983993773,135.86990356445312,1253.6577665441177
8,last_label_token,4,4096,4096,10000.0,0.23603810369968414,False,3400,1870,0.01503115426748991,0.295239826447186,61.567604064941406,1209.302320772059
8,last_label_token,5,4096,4096,10000.0,0.22662483155727386,False,3400,1870,0.013171471655368805,0.28602825205593824,53.95034408569336,1171.5717433990642
8,last_label_token,6,4096,4096,10000.0,0.22120854258537292,False,3400,1870,0.012016179040074348,0.2803180725179254,49.21826934814453,1148.1828104110962
8,last_label_token,7,4096,4096,31622.776601683792,0.21618080139160156,False,3400,1870,0.019753511995077133,0.26776149056174536,80.91038513183594,1096.751065340909
8,last_label_token,8,4096,4096,31622.776601683792,0.2121855467557907,False,3400,1870,0.018433235585689545,0.2657506769353693,75.50253295898438,1088.5147393048128
8,last_label_token,9,4096,4096,31622.776601683792,0.21007709205150604,False,3400,1870,0.0169083122164011,0.2617176790288425,69.25643920898438,1071.9956509024064
8,last_label_token,10,4096,4096,31622.776601683792,0.20959261059761047,False,3400,1870,0.016299888491630554,0.2618110534341578,66.76434326171875,1072.3780414438502
8,last_label_token,11,4096,4096,31622.776601683792,0.20900379121303558,False,3400,1870,0.015791403129696846,0.2602104197211444,64.68158721923828,1065.8218624665776
8,last_label_token,12,4096,4096,31622.776601683792,0.20912979543209076,False,3400,1870,0.015082105062901974,0.260523194807736,61.776302337646484,1067.1029871323528
8,last_label_token,13,4096,4096,31622.776601683792,0.20866967737674713,False,3400,1870,0.01462764386087656,0.2599872859404049,59.91482925415039,1064.9079127673797
8,last_label_token,14,4096,4096,31622.776601683792,0.20977036654949188,False,3400,1870,0.014334575273096561,0.2609885093362574,58.714420318603516,1069.008902907754
8,last_label_token,15,4096,4096,10000.0,0.2099248617887497,False,3400,1870,0.00805183406919241,0.2636689752180946,32.980308532714844,1079.9881245822191
8,last_label_token,16,4096,4096,31622.776601683792,0.2100323885679245,False,3400,1870,0.014236667193472385,0.2620823951965985,58.31338882446289,1073.489478191845
8,last_label_token,17,4096,4096,31622.776601683792,0.21109968423843384,False,3400,1870,0.014217786490917206,0.2630535992709073,58.236053466796875,1077.4675008355614
8,last_label_token,18,4096,4096,10000.0,0.2111644595861435,False,3400,1870,0.007864480838179588,0.2638459797211509,32.212913513183594,1080.7131329378342
8,last_label_token,19,4096,4096,10000.0,0.21279850602149963,False,3400,1870,0.0077753569930791855,0.2637349444914629,31.847862243652344,1080.2583221925133
8,last_label_token,20,4096,4096,10000.0,0.21390821039676666,False,3400,1870,0.007689301855862141,0.26337214995195524,31.495378494262695,1078.7723429144385
8,last_label_token,21,4096,4096,31622.776601683792,0.2147555947303772,False,3400,1870,0.013605560176074505,0.26293267591751834,55.72837448120117,1076.9722301136364
8,last_label_token,22,4096,4096,31622.776601683792,0.21595993638038635,False,3400,1870,0.013620813377201557,0.26404017688118836,55.79085159301758,1081.5085540608288
8,last_label_token,23,4096,4096,10000.0,0.21692563593387604,False,3400,1870,0.007711476180702448,0.26451859040693804,31.586206436157227,1083.4681379512033
8,last_label_token,24,4096,4096,10000.0,0.21732167899608612,False,3400,1870,0.007707613054662943,0.2652090439821947,31.570383071899414,1086.2962337065508
8,last_label_token,25,4096,4096,31622.776601683792,0.21795333921909332,False,3400,1870,0.013530277647078037,0.26526875980397596,55.42001724243164,1086.5408297125668
8,last_label_token,26,4096,4096,10000.0,0.218276247382164,False,3400,1870,0.007569371722638607,0.2660409565277916,31.004148483276367,1089.703726604278
8,last_label_token,27,4096,4096,10000.0,0.21897214651107788,False,3400,1870,0.007571075577288866,0.26656986583362924,31.011125564575195,1091.8701620989305
8,last_label_token,28,4096,4096,10000.0,0.2192460298538208,False,3400,1870,0.007659370545297861,0.26701481865051596,31.372783660888672,1093.6926804812833
9,pre_label_token,0,4096,4096,0.1,0.3663851320743561,True,3400,1870,0.3306626081466675,0.3850427698961554,1354.3939208984375,1577.1351687834224
9,pre_label_token,1,4096,4096,100000.0,0.2831186056137085,False,3400,1870,0.0671491026878357,0.3331885720319289,275.042724609375,1364.740365975936
9,pre_label_token,2,4096,4096,3162.2776601683795,0.27441170811653137,False,3400,1870,0.019632680341601372,0.3240196636016356,80.41544342041016,1327.184546290107
9,pre_label_token,3,4096,4096,3162.2776601683795,0.2597326338291168,False,3400,1870,0.016535453498363495,0.32253985583463457,67.72921752929688,1321.1232244318182
9,pre_label_token,4,4096,4096,3162.2776601683795,0.23364263772964478,False,3400,1870,0.012192151509225368,0.30787744981082366,49.939056396484375,1261.065992647059
9,pre_label_token,5,4096,4096,31622.776601683792,0.22628343105316162,False,3400,1870,0.020587215200066566,0.2957901184571618,84.32523345947266,1211.5563126671123
9,pre_label_token,6,4096,4096,31622.776601683792,0.21695992350578308,False,3400,1870,0.01948188617825508,0.2871319724914224,79.79779815673828,1176.0925572359627
9,pre_label_token,7,4096,4096,100000.0,0.2123854011297226,False,3400,1870,0.031434498727321625,0.2771697069871872,128.75570678710938,1135.2871239973263
9,pre_label_token,8,4096,4096,31622.776601683792,0.20909515023231506,False,3400,1870,0.016284335404634476,0.2699463380211815,66.70063781738281,1105.700162934492
9,pre_label_token,9,4096,4096,31622.776601683792,0.19944065809249878,False,3400,1870,0.013698866590857506,0.25544314613954267,56.11056137084961,1046.2951453877006
9,pre_label_token,10,4096,4096,31622.776601683792,0.19723279774188995,False,3400,1870,0.01354129333049059,0.24782327662177264,55.46513748168945,1015.0841431316845
9,pre_label_token,11,4096,4096,31622.776601683792,0.19703306257724762,False,3400,1870,0.012557463720440865,0.24716230433254957,51.43537139892578,1012.376790190508
9,pre_label_token,12,4096,4096,31622.776601683792,0.19677773118019104,False,3400,1870,0.012470860965549946,0.24615430321922915,51.08064270019531,1008.2480071858289
9,pre_label_token,13,4096,4096,31622.776601683792,0.19683128595352173,False,3400,1870,0.01088831014931202,0.24516039557635466,44.5985221862793,1004.1769635695188
9,pre_label_token,14,4096,4096,31622.776601683792,0.1990186721086502,False,3400,1870,0.011424649506807327,0.24751137514165378,46.79536437988281,1013.806559157754
9,pre_label_token,15,4096,4096,31622.776601683792,0.20042192935943604,False,3400,1870,0.011198104359209538,0.24843904933827446,45.867435455322266,1017.6063586229947
9,pre_label_token,16,4096,4096,31622.776601683792,0.20060837268829346,False,3400,1870,0.010874815285205841,0.24901258907216117,44.543243408203125,1019.9555815508021
9,pre_label_token,17,4096,4096,31622.776601683792,0.20192568004131317,False,3400,1870,0.012011902406811714,0.2510212627961674,49.20075225830078,1028.183088235294
9,pre_label_token,18,4096,4096,10000.0,0.20438310503959656,False,3400,1870,0.006780930794775486,0.2542539734253909,27.77469253540039,1041.4242793282085
9,pre_label_token,19,4096,4096,10000.0,0.20723508298397064,False,3400,1870,0.006902208551764488,0.2558727973285206,28.271446228027344,1048.0549674131016
9,pre_label_token,20,4096,4096,10000.0,0.21232374012470245,False,3400,1870,0.0073149604722857475,0.2576446767796807,29.962078094482422,1055.3125668449197
9,pre_label_token,21,4096,4096,10000.0,0.21564893424510956,False,3400,1870,0.007573054637759924,0.25978871309820983,31.01923179626465,1064.0945604946523
9,pre_label_token,22,4096,4096,10000.0,0.22037485241889954,False,3400,1870,0.0077317459508776665,0.2610026385057419,31.669231414794922,1069.0668073195188
9,pre_label_token,23,4096,4096,10000.0,0.2237156629562378,False,3400,1870,0.007790622301399708,0.2618375013218844,31.91038703918457,1072.4864033255349
9,pre_label_token,24,4096,4096,10000.0,0.22587177157402039,False,3400,1870,0.007913422770798206,0.26368851483186934,32.41337966918945,1080.0681504846257
9,pre_label_token,25,4096,4096,10000.0,0.2270209789276123,False,3400,1870,0.007850737310945988,0.2654629936830245,32.156620025634766,1087.336426303476
9,pre_label_token,26,4096,4096,10000.0,0.22790110111236572,False,3400,1870,0.007757097017019987,0.26721988514782913,31.773069381713867,1094.5326453877005
9,pre_label_token,27,4096,4096,10000.0,0.22896036505699158,False,3400,1870,0.007911965250968933,0.270404992129076,32.40740966796875,1107.5788352272727
9,pre_label_token,28,4096,4096,3162.2776601683795,0.23179058730602264,False,3400,1870,0.004950293339788914,0.2720738987234187,20.27640151977539,1114.4146849933154
9,first_label_token,0,4096,4096,31622.776601683792,0.3113180100917816,False,3400,1870,0.07398812472820282,0.3214585645951052,303.05535888671875,1316.694286848262
9,first_label_token,1,4096,4096,31622.776601683792,0.28914687037467957,False,3400,1870,0.06191849336028099,0.31700064256229504,253.61814880371094,1298.4346298462567
9,first_label_token,2,4096,4096,31622.776601683792,0.27117282152175903,False,3400,1870,0.051507025957107544,0.30728679187795055,210.97280883789062,1258.6466702874332
9,first_label_token,3,4096,4096,31622.776601683792,0.2661590278148651,False,3400,1870,0.049266424030065536,0.30933984409679066,201.7952423095703,1267.056013953877
9,first_label_token,4,4096,4096,10000.0,0.24347738921642303,False,3400,1870,0.020437026396393776,0.29684870000829033,83.7100601196289,1215.892317012032
9,first_label_token,5,4096,4096,10000.0,0.23109881579875946,False,3400,1870,0.016932684928178787,0.2852327652793517,69.35627746582031,1168.313419117647
9,first_label_token,6,4096,4096,10000.0,0.2246991991996765,False,3400,1870,0.014066152274608612,0.2792619975492916,57.614959716796875,1143.857146139706
9,first_label_token,7,4096,4096,10000.0,0.21995091438293457,False,3400,1870,0.012457801960408688,0.2757940062864579,51.02716064453125,1129.6522267713904
9,first_label_token,8,4096,4096,10000.0,0.21466533839702606,False,3400,1870,0.011582590639591217,0.27127490426129836,47.44228744506836,1111.142032921123
9,first_label_token,9,4096,4096,10000.0,0.21239425241947174,False,3400,1870,0.010489944368600845,0.2632730840999175,42.96681213378906,1078.3665566510695
9,first_label_token,10,4096,4096,10000.0,0.21052661538124084,False,3400,1870,0.009774548932909966,0.26091955358331853,40.03655242919922,1068.7264998328876
9,first_label_token,11,4096,4096,10000.0,0.20957116782665253,False,3400,1870,0.009341596625745296,0.2592486274433646,38.26318359375,1061.8823612967915
9,first_label_token,12,4096,4096,10000.0,0.2094271183013916,False,3400,1870,0.009159390814602375,0.25970347450378745,37.51686477661133,1063.7453877005348
9,first_label_token,13,4096,4096,10000.0,0.20962385833263397,False,3400,1870,0.008730406872928143,0.2592006647650571,35.75974655151367,1061.6859145220587
9,first_label_token,14,4096,4096,10000.0,0.21103377640247345,False,3400,1870,0.008455272763967514,0.2606576419769124,34.63279724121094,1067.653709893048
9,first_label_token,15,4096,4096,10000.0,0.21117372810840607,False,3400,1870,0.008414371870458126,0.2609698106898343,34.46527099609375,1068.932373830214
9,first_label_token,16,4096,4096,10000.0,0.21128679811954498,False,3400,1870,0.008413854986429214,0.26224569483874316,34.4631462097168,1074.1583430815508
9,first_label_token,17,4096,4096,10000.0,0.21245326101779938,False,3400,1870,0.008459861390292645,0.26331617691937614,34.65159225463867,1078.543081550802
9,first_label_token,18,4096,4096,10000.0,0.2130792886018753,False,3400,1870,0.008437911048531532,0.26512138244302513,34.561683654785156,1085.9371971089572
9,first_label_token,19,4096,4096,10000.0,0.21480655670166016,False,3400,1870,0.00849855039268732,0.2663529288960013,34.810062408447266,1090.9815800467914
9,first_label_token,20,4096,4096,10000.0,0.21715088188648224,False,3400,1870,0.008427095599472523,0.2670838004127543,34.51738357543945,1093.9752506684492
9,first_label_token,21,4096,4096,10000.0,0.21753068268299103,False,3400,1870,0.008448784239590168,0.2679537997526281,34.60622024536133,1097.5387721423797
9,first_label_token,22,4096,4096,10000.0,0.21927575767040253,False,3400,1870,0.008591637946665287,0.2690819255808458,35.191349029541016,1102.1595588235293
9,first_label_token,23,4096,4096,10000.0,0.22028905153274536,False,3400,1870,0.008659061044454575,0.2702586378005737,35.46751403808594,1106.9793511864973
9,first_label_token,24,4096,4096,10000.0,0.22075840830802917,False,3400,1870,0.008733774535357952,0.2717077438844079,35.77354431152344,1112.9149168616311
9,first_label_token,25,4096,4096,10000.0,0.22168487310409546,False,3400,1870,0.008708367124199867,0.2727163646310409,35.669471740722656,1117.0462378843583
9,first_label_token,26,4096,4096,10000.0,0.2227499783039093,False,3400,1870,0.008784132078289986,0.27399605837735264,35.97980499267578,1122.2878634692513
9,first_label_token,27,4096,4096,10000.0,0.22381234169006348,False,3400,1870,0.008919303305447102,0.27553691864013674,36.53346633911133,1128.5992229278074
9,first_label_token,28,4096,4096,10000.0,0.2248009294271469,False,3400,1870,0.009182938374578953,0.2768147269672251,37.61331558227539,1133.8331341911764
9,last_label_token,0,4096,4096,31622.776601683792,0.2964860200881958,False,3400,1870,0.056411486119031906,0.3177382540575323,231.06146240234375,1301.4558614639038
9,last_label_token,1,4096,4096,31622.776601683792,0.272993803024292,False,3400,1870,0.0443512499332428,0.31514115359056444,181.6627197265625,1290.8181985294118
9,last_label_token,2,4096,4096,31622.776601683792,0.25783056020736694,False,3400,1870,0.035105183720588684,0.3036808452504204,143.79083251953125,1243.876742145722
9,last_label_token,3,4096,4096,31622.776601683792,0.25248536467552185,False,3400,1870,0.03290753811597824,0.3063321628672554,134.78927612304688,1254.7365098596256
9,last_label_token,4,4096,4096,10000.0,0.23640228807926178,False,3400,1870,0.014547762461006641,0.29605264306705903,59.5876350402832,1212.6316092914437
9,last_label_token,5,4096,4096,10000.0,0.22703972458839417,False,3400,1870,0.012733399868011475,0.2875242870759199,52.156005859375,1177.6994756851605
9,last_label_token,6,4096,4096,10000.0,0.22130337357521057,False,3400,1870,0.011491399258375168,0.28122060082175515,47.06877517700195,1151.8795914104278
9,last_label_token,7,4096,4096,31622.776601683792,0.21638359129428864,False,3400,1870,0.01912503130733967,0.26804063817396523,78.33612823486328,1097.8944727606952
9,last_label_token,8,4096,4096,31622.776601683792,0.21215401589870453,False,3400,1870,0.017828909680247307,0.26589792832971254,73.0272216796875,1089.1179227941177
9,last_label_token,9,4096,4096,31622.776601683792,0.21016989648342133,False,3400,1870,0.016304975375533104,0.2612247053952141,66.78517150878906,1069.9763891209893
9,last_label_token,10,4096,4096,31622.776601683792,0.20990313589572906,False,3400,1870,0.01573348231613636,0.26163549831206784,64.4443359375,1071.6590115307486
9,last_label_token,11,4096,4096,31622.776601683792,0.20935142040252686,False,3400,1870,0.015283487737178802,0.26000421952436314,62.601165771484375,1064.977287349599
9,last_label_token,12,4096,4096,31622.776601683792,0.20959579944610596,False,3400,1870,0.014661123976111412,0.2601974375107709,60.051963806152344,1065.7687228442514
9,last_label_token,13,4096,4096,31622.776601683792,0.2090424746274948,False,3400,1870,0.01426947582513094,0.2594934596097406,58.44777297973633,1062.8852439839573
9,last_label_token,14,4096,4096,10000.0,0.20992214977741241,False,3400,1870,0.007803922984749079,0.2623630737875872,31.96487045288086,1074.6391753008022
9,last_label_token,15,4096,4096,10000.0,0.209958016872406,False,3400,1870,0.007745028007775545,0.26270003446283186,31.723634719848633,1076.0193286263368
9,last_label_token,16,4096,4096,31622.776601683792,0.21019624173641205,False,3400,1870,0.013859476894140244,0.2613988437754585,56.76841735839844,1070.6896745487968
9,last_label_token,17,4096,4096,10000.0,0.21106937527656555,False,3400,1870,0.00763455405831337,0.26313583353623987,31.271135330200195,1077.804369986631
9,last_label_token,18,4096,4096,10000.0,0.21112371981143951,False,3400,1870,0.00754294591024518,0.2632850514376227,30.89590835571289,1078.4155456216577
9,last_label_token,19,4096,4096,10000.0,0.2127843201160431,False,3400,1870,0.007443645037710667,0.2634345600311769,30.48917007446289,1079.0279495320856
9,last_label_token,20,4096,4096,10000.0,0.21390049159526825,False,3400,1870,0.007384866941720247,0.26318886700798483,30.248414993286133,1078.0215867312834
9,last_label_token,21,4096,4096,10000.0,0.21448910236358643,False,3400,1870,0.007359211798757315,0.2632074998661796,30.14333152770996,1078.0979278074867
9,last_label_token,22,4096,4096,10000.0,0.21568268537521362,False,3400,1870,0.007391573861241341,0.26438240928445905,30.27588653564453,1082.9103588736632
9,last_label_token,23,4096,4096,10000.0,0.21638143062591553,False,3400,1870,0.007372577209025621,0.2646819864364869,30.198076248168945,1084.1374101771391
9,last_label_token,24,4096,4096,10000.0,0.21677492558956146,False,3400,1870,0.007367393933236599,0.26517560826265874,30.17684555053711,1086.1592705548128
9,last_label_token,25,4096,4096,10000.0,0.21749663352966309,False,3400,1870,0.0072691612876951694,0.2655393263872932,29.774484634399414,1087.649080882353
9,last_label_token,26,4096,4096,10000.0,0.2178739607334137,False,3400,1870,0.007247426547110081,0.26639240489286536,29.68545913696289,1091.1432987967914
9,last_label_token,27,4096,4096,10000.0,0.21873542666435242,False,3400,1870,0.007255554664880037,0.26691082327123633,29.718753814697266,1093.2667133188502
9,last_label_token,28,4096,4096,10000.0,0.21897614002227783,False,3400,1870,0.007342255208641291,0.26721663041548294,30.073877334594727,1094.5192931149732
10,pre_label_token,0,4096,4096,0.1,0.3663851320743561,True,3400,1870,0.3306626081466675,0.3850427698961554,1354.3939208984375,1577.1351687834224
10,pre_label_token,1,4096,4096,100000.0,0.2823457717895508,False,3400,1870,0.06436711549758911,0.334673709155404,263.647705078125,1370.8235127005348
10,pre_label_token,2,4096,4096,10000.0,0.27401861548423767,False,3400,1870,0.026700422167778015,0.3237473554152218,109.36492919921875,1326.0691510695187
10,pre_label_token,3,4096,4096,3162.2776601683795,0.2580296993255615,False,3400,1870,0.015717841684818268,0.32230430337834487,64.38027954101562,1320.1584517045455
10,pre_label_token,4,4096,4096,3162.2776601683795,0.2331070899963379,False,3400,1870,0.011665101163089275,0.309145327685351,47.78025436401367,1266.2592413101604
10,pre_label_token,5,4096,4096,31622.776601683792,0.22513364255428314,False,3400,1870,0.019616473466157913,0.294025895429805,80.34907531738281,1204.3300676804813
10,pre_label_token,6,4096,4096,31622.776601683792,0.215899258852005,False,3400,1870,0.01865261420607567,0.2856860038430933,76.40110778808594,1170.1698926303477
10,pre_label_token,7,4096,4096,31622.776601683792,0.21106530725955963,False,3400,1870,0.016915088519454002,0.2785832043000084,69.2842025756836,1141.0767881016043
10,pre_label_token,8,4096,4096,31622.776601683792,0.20774759352207184,False,3400,1870,0.01538879331201315,0.2691331929701535,63.03249740600586,1102.3695521390375
10,pre_label_token,9,4096,4096,31622.776601683792,0.1986982524394989,False,3400,1870,0.01298975944519043,0.25395049028855593,53.2060546875,1040.18121657754
10,pre_label_token,10,4096,4096,31622.776601683792,0.19689400494098663,False,3400,1870,0.012885081581771374,0.24718242227074935,52.77729415893555,1012.4592413101605
10,pre_label_token,11,4096,4096,31622.776601683792,0.19682395458221436,False,3400,1870,0.011991814710199833,0.24677300274690842,49.118473052978516,1010.7822317847593
10,pre_label_token,12,4096,4096,31622.776601683792,0.19656148552894592,False,3400,1870,0.011974429711699486,0.24596199504831895,49.04726791381836,1007.460327540107
10,pre_label_token,13,4096,4096,31622.776601683792,0.19670449197292328,False,3400,1870,0.010496006347239017,0.24514381286294704,42.991641998291016,1004.1090533088235
10,pre_label_token,14,4096,4096,31622.776601683792,0.19886070489883423,False,3400,1870,0.011022125370800495,0.24766492894626557,45.14662551879883,1014.4355510528075
10,pre_label_token,15,4096,4096,31622.776601683792,0.20028147101402283,False,3400,1870,0.010789280757308006,0.24840366751114953,44.192893981933594,1017.461426303476
10,pre_label_token,16,4096,4096,31622.776601683792,0.200443297624588,False,3400,1870,0.010435319505631924,0.249108573587183,42.74306869506836,1020.3487215909091
10,pre_label_token,17,4096,4096,10000.0,0.20164228975772858,False,3400,1870,0.006494543049484491,0.2525957331937902,26.60165023803711,1034.6321189839573
10,pre_label_token,18,4096,4096,10000.0,0.20411992073059082,False,3400,1870,0.0064214556477963924,0.2538574279948352,26.302282333374023,1039.8000396891712
10,pre_label_token,19,4096,4096,10000.0,0.20726118981838226,False,3400,1870,0.006558227352797985,0.2555337334699172,26.862499237060547,1046.666147225936
10,pre_label_token,20,4096,4096,10000.0,0.21221698820590973,False,3400,1870,0.006988032720983028,0.25718342225181867,28.622982025146484,1053.423314254679
10,pre_label_token,21,4096,4096,10000.0,0.21545597910881042,False,3400,1870,0.007232734002172947,0.2595135953974596,29.62527847290039,1062.9676804812834
10,pre_label_token,22,4096,4096,10000.0,0.22003555297851562,False,3400,1870,0.00737881800159812,0.2606875032027137,30.2236385345459,1067.7759964070856
10,pre_label_token,23,4096,4096,10000.0,0.22339294850826263,False,3400,1870,0.007454064209014177,0.26188949136173023,30.53184700012207,1072.6993440842245
10,pre_label_token,24,4096,4096,10000.0,0.22556127607822418,False,3400,1870,0.00756900105625391,0.26357959757514177,31.002628326416016,1079.6220567346256
10,pre_label_token,25,4096,4096,10000.0,0.22707808017730713,False,3400,1870,0.007512349169701338,0.2659949312873065,30.77058219909668,1089.515242730615
10,pre_label_token,26,4096,4096,10000.0,0.22759728133678436,False,3400,1870,0.007431853096932173,0.26752775059664313,30.44087028503418,1095.7936747994652
10,pre_label_token,27,4096,4096,10000.0,0.22871968150138855,False,3400,1870,0.007617129944264889,0.2706941849407665,31.199766159057617,1108.7633898729946
10,pre_label_token,28,4096,4096,3162.2776601683795,0.23159945011138916,False,3400,1870,0.004693180788308382,0.272634581193567,19.2232666015625,1116.7112341243314
10,first_label_token,0,4096,4096,31622.776601683792,0.312063992023468,False,3400,1870,0.0758032500743866,0.3210283952600816,310.49005126953125,1314.9322860962566
10,first_label_token,1,4096,4096,31622.776601683792,0.287310391664505,False,3400,1870,0.06270340830087662,0.315737370373731,256.8331604003906,1293.2602982954545
10,first_label_token,2,4096,4096,31622.776601683792,0.26947182416915894,False,3400,1870,0.051718953996896744,0.30569640276903776,211.84083557128906,1252.1325075200534
10,first_label_token,3,4096,4096,31622.776601683792,0.26468542218208313,False,3400,1870,0.04942160099744797,0.30854520644733613,202.43087768554688,1263.8011676971926
10,first_label_token,4,4096,4096,10000.0,0.24326790869235992,False,3400,1870,0.020788254216313362,0.2963379304039287,85.148681640625,1213.8001817346258
10,first_label_token,5,4096,4096,10000.0,0.22902792692184448,False,3400,1870,0.016915589570999146,0.284387643069507,69.28626251220703,1164.8517839237968
10,first_label_token,6,4096,4096,10000.0,0.22230154275894165,False,3400,1870,0.013921395875513554,0.279415093386237,57.022037506103516,1144.484205798797
10,first_label_token,7,4096,4096,10000.0,0.21796183288097382,False,3400,1870,0.012344309128820896,0.2754809925262941,50.56229019165039,1128.3701558322193
10,first_label_token,8,4096,4096,10000.0,0.21294903755187988,False,3400,1870,0.011447252705693245,0.2708170824509891,46.88794708251953,1109.2667613636363
10,first_label_token,9,4096,4096,10000.0,0.21057118475437164,False,3400,1870,0.01024682354182005,0.2641509581377162,41.97098922729492,1081.9623245320856
10,first_label_token,10,4096,4096,10000.0,0.2091977894306183,False,3400,1870,0.009608310647308826,0.26231142849845684,39.35564041137695,1074.4275693516042
10,first_label_token,11,4096,4096,10000.0,0.20844832062721252,False,3400,1870,0.009210063144564629,0.25958150567855426,37.72441864013672,1063.2458409926471
10,first_label_token,12,4096,4096,10000.0,0.2084849625825882,False,3400,1870,0.009000157006084919,0.2600626287613323,36.86464309692383,1065.2165503843582
10,first_label_token,13,4096,4096,10000.0,0.20819418132305145,False,3400,1870,0.008555402979254723,0.25922558422394615,35.042930603027344,1061.7880243148395
10,first_label_token,14,4096,4096,10000.0,0.21010670065879822,False,3400,1870,0.008297749795019627,0.26026462259139604,33.98758316040039,1066.0438753342246
10,first_label_token,15,4096,4096,10000.0,0.2104395180940628,False,3400,1870,0.008262844756245613,0.2601188261878682,33.84461212158203,1065.4467350434493
10,first_label_token,16,4096,4096,10000.0,0.2105185091495514,False,3400,1870,0.008266456425189972,0.2612550475380637,33.85940170288086,1070.1006872493315
10,first_label_token,17,4096,4096,10000.0,0.21180681884288788,False,3400,1870,0.008343533612787724,0.26249175301210126,34.175113677978516,1075.166195270722
10,first_label_token,18,4096,4096,10000.0,0.2123069167137146,False,3400,1870,0.008321970701217651,0.2635430045306364,34.0867919921875,1079.4721465574867
10,first_label_token,19,4096,4096,10000.0,0.213966503739357,False,3400,1870,0.00840137992054224,0.26420529411438315,34.412052154541016,1082.1848930481283
10,first_label_token,20,4096,4096,10000.0,0.21651269495487213,False,3400,1870,0.008347300812602043,0.2648613858350458,34.19054412841797,1084.8722175802138
10,first_label_token,21,4096,4096,10000.0,0.21705371141433716,False,3400,1870,0.008394856005907059,0.26621297744506184,34.38533020019531,1090.4083556149733
10,first_label_token,22,4096,4096,10000.0,0.2188698649406433,False,3400,1870,0.008547371253371239,0.2674441414083389,35.010032653808594,1095.4511781417111
10,first_label_token,23,4096,4096,10000.0,0.21980085968971252,False,3400,1870,0.00863992515951395,0.2683921089784347,35.38913345336914,1099.3340533088235
10,first_label_token,24,4096,4096,10000.0,0.2201491892337799,False,3400,1870,0.008714785799384117,0.2699877749152362,35.695762634277344,1105.8699239639038
10,first_label_token,25,4096,4096,10000.0,0.22109422087669373,False,3400,1870,0.008640076033771038,0.2710644125300933,35.38975143432617,1110.279842078877
10,first_label_token,26,4096,4096,10000.0,0.22202536463737488,False,3400,1870,0.008723865263164043,0.2722498720342463,35.73295211791992,1115.1354821189839
10,first_label_token,27,4096,4096,10000.0,0.22325122356414795,False,3400,1870,0.008854473009705544,0.27442615937421666,36.267921447753906,1124.0495655080215
10,first_label_token,28,4096,4096,10000.0,0.22434552013874054,False,3400,1870,0.009130940772593021,0.2758505331641212,37.400333404541016,1129.8838193516042
10,last_label_token,0,4096,4096,31622.776601683792,0.29738330841064453,False,3400,1870,0.05667271092534065,0.31702161166757187,232.13143920898438,1298.520556901738
10,last_label_token,1,4096,4096,31622.776601683792,0.27273228764533997,False,3400,1870,0.0443800687789917,0.3126451665704901,181.78077697753906,1280.5946022727273
10,last_label_token,2,4096,4096,31622.776601683792,0.2567015588283539,False,3400,1870,0.0347457155585289,0.3017295082622671,142.31845092773438,1235.8840616644386
10,last_label_token,3,4096,4096,31622.776601683792,0.25182950496673584,False,3400,1870,0.032543011009693146,0.3053181729852197,133.29617309570312,1250.5831989471926
10,last_label_token,4,4096,4096,10000.0,0.23465032875537872,False,3400,1870,0.014367938041687012,0.2944286830922499,58.85107421875,1205.9799047459894
10,last_label_token,5,4096,4096,10000.0,0.2253922075033188,False,3400,1870,0.012508663348853588,0.28585553398744307,51.2354850769043,1170.8642630347595
10,last_label_token,6,4096,4096,10000.0,0.219722718000412,False,3400,1870,0.011308016255497932,0.2812547071732302,46.31763458251953,1152.019280581551
10,last_label_token,7,4096,4096,31622.776601683792,0.2150759994983673,False,3400,1870,0.018739691004157066,0.2675564026450091,76.75777435302734,1095.9110127005347
10,last_label_token,8,4096,4096,31622.776601683792,0.21117772161960602,False,3400,1870,0.017496993765234947,0.2652848044818735,71.66768646240234,1086.6065403576204
10,last_label_token,9,4096,4096,31622.776601683792,0.20926740765571594,False,3400,1870,0.015891216695308685,0.261651686296106,65.0904312133789,1071.7253008021391
10,last_label_token,10,4096,4096,31622.776601683792,0.20901750028133392,False,3400,1870,0.015381678938865662,0.26221833101568376,63.00335693359375,1074.0462859291445
10,last_label_token,11,4096,4096,31622.776601683792,0.20844592154026031,False,3400,1870,0.014961129985749722,0.26059963256917534,61.28078842163086,1067.416080381016
10,last_label_token,12,4096,4096,31622.776601683792,0.20858967304229736,False,3400,1870,0.014315225183963776,0.260611571857636,58.635162353515625,1067.4650045955882
10,last_label_token,13,4096,4096,31622.776601683792,0.2080511599779129,False,3400,1870,0.013971359468996525,0.25975524779947046,57.226688385009766,1063.9574908088234
10,last_label_token,14,4096,4096,10000.0,0.20914603769779205,False,3400,1870,0.007548808585852385,0.263190498454048,30.919919967651367,1078.0282733121658
10,last_label_token,15,4096,4096,10000.0,0.209244966506958,False,3400,1870,0.007505958899855614,0.26336764626324494,30.74441146850586,1078.7539083389038
10,last_label_token,16,4096,4096,10000.0,0.2094321846961975,False,3400,1870,0.007467992138117552,0.2628816421019202,30.588895797729492,1076.7632060494652
10,last_label_token,17,4096,4096,10000.0,0.21043896675109863,False,3400,1870,0.007435307372361422,0.2636526933965836,30.455018997192383,1079.9214279745988
10,last_label_token,18,4096,4096,10000.0,0.21043384075164795,False,3400,1870,0.0073484922759234905,0.26344540335915306,30.099424362182617,1079.0723763368983
10,last_label_token,19,4096,4096,10000.0,0.21199290454387665,False,3400,1870,0.007271694950759411,0.26321642564579767,29.784860610961914,1078.1344710895721
10,last_label_token,20,4096,4096,10000.0,0.2131761759519577,False,3400,1870,0.007226057816296816,0.2630150667486344,29.597932815551758,1077.3097217580214
10,last_label_token,21,4096,4096,10000.0,0.21410183608531952,False,3400,1870,0.007223572116345167,0.26301262493439537,29.587751388549805,1077.299699197861
10,last_label_token,22,4096,4096,10000.0,0.21541783213615417,False,3400,1870,0.007258942350745201,0.2638539681460131,29.732629776000977,1080.7458263703209
10,last_label_token,23,4096,4096,10000.0,0.21616113185882568,False,3400,1870,0.007256415206938982,0.2640830075677066,29.72227668762207,1081.683984375
10,last_label_token,24,4096,4096,10000.0,0.21657857298851013,False,3400,1870,0.007271375972777605,0.2647189614607051,29.78355598449707,1084.2888577874332
10,last_label_token,25,4096,4096,10000.0,0.2172454446554184,False,3400,1870,0.007142296526581049,0.26515571216848444,29.254850387573242,1086.0778053977272
10,last_label_token,26,4096,4096,10000.0,0.21751292049884796,False,3400,1870,0.007129864301532507,0.26591381389189533,29.20392417907715,1089.182998412433
10,last_label_token,27,4096,4096,10000.0,0.21831835806369781,False,3400,1870,0.007125915959477425,0.26650339932365213,29.18775177001953,1091.5979048295455
10,last_label_token,28,4096,4096,10000.0,0.21862439811229706,False,3400,1870,0.007217248901724815,0.2667936646364589,29.561851501464844,1092.7868503509358
10,last_prompt_token,0,4096,4096,0.1,0.3663851320743561,True,3400,1870,0.3306626081466675,0.3850427698961554,1354.3939208984375,1577.1351687834224
10,last_prompt_token,1,4096,4096,100000.0,0.28083348274230957,False,3400,1870,0.06464546173810959,0.33209118868577925,264.7878112792969,1360.2455213903743
10,last_prompt_token,2,4096,4096,3162.2776601683795,0.27337583899497986,False,3400,1870,0.01898125931620598,0.3311052944570939,77.74723052978516,1356.2073362299466
10,last_prompt_token,3,4096,4096,1000.0,0.25788915157318115,False,3400,1870,0.011216905899345875,0.32829983247155176,45.9444465637207,1344.7160469585563
10,last_prompt_token,4,4096,4096,3162.2776601683795,0.2325918972492218,False,3400,1870,0.011865035630762577,0.30933448771104455,48.599178314208984,1267.0340783756685
10,last_prompt_token,5,4096,4096,100000.0,0.22500106692314148,False,3400,1870,0.03406612202525139,0.29036102753909515,139.5348358154297,1189.318758355615
10,last_prompt_token,6,4096,4096,31622.776601683792,0.21575412154197693,False,3400,1870,0.018366161733865738,0.2860797688285297,75.22779846191406,1171.7827247660427
10,last_prompt_token,7,4096,4096,31622.776601683792,0.2109510600566864,False,3400,1870,0.016443200409412384,0.27810702043421126,67.35134887695312,1139.1263536096258
10,last_prompt_token,8,4096,4096,31622.776601683792,0.2073362022638321,False,3400,1870,0.014815677888691425,0.26795713149290035,60.68501663208008,1097.5524189505347
10,last_prompt_token,9,4096,4096,31622.776601683792,0.19846636056900024,False,3400,1870,0.012405562214553356,0.25478007678679604,50.81318664550781,1043.579181985294
10,last_prompt_token,10,4096,4096,31622.776601683792,0.19657211005687714,False,3400,1870,0.012295963242650032,0.2473760018374193,50.364261627197266,1013.2520951704546
10,last_prompt_token,11,4096,4096,31622.776601683792,0.1966255009174347,False,3400,1870,0.011455570347607136,0.2466994525277041,46.92201614379883,1010.4809784425133
10,last_prompt_token,12,4096,4096,31622.776601683792,0.1962951421737671,False,3400,1870,0.011509153991937637,0.24556387733010684,47.14149475097656,1005.8296624331551
10,last_prompt_token,13,4096,4096,31622.776601683792,0.1963798850774765,False,3400,1870,0.010145007632672787,0.2445563239847275,41.553951263427734,1001.7026946858289
10,last_prompt_token,14,4096,4096,31622.776601683792,0.1985865980386734,False,3400,1870,0.010764950886368752,0.24711735210316704,44.09324264526367,1012.1926930147059
10,last_prompt_token,15,4096,4096,31622.776601683792,0.20018720626831055,False,3400,1870,0.010560927912592888,0.2479923156493488,43.25756072998047,1015.7765416109626
10,last_prompt_token,16,4096,4096,31622.776601683792,0.20025761425495148,False,3400,1870,0.010282648727297783,0.24854542431346874,42.11772918701172,1018.0420454545455
10,last_prompt_token,17,4096,4096,31622.776601683792,0.2012217938899994,False,3400,1870,0.011490095406770706,0.25068185928671116,47.06342697143555,1026.7928768382353
10,last_prompt_token,18,4096,4096,10000.0,0.2039179652929306,False,3400,1870,0.006322130560874939,0.2533416804145364,25.895444869995117,1037.6875438669786
10,last_prompt_token,19,4096,4096,10000.0,0.20693598687648773,False,3400,1870,0.006504991091787815,0.25477582350134215,26.644439697265625,1043.5617814171123
10,last_prompt_token,20,4096,4096,10000.0,0.21170197427272797,False,3400,1870,0.006965203210711479,0.25671173136502023,28.52947425842285,1051.4912266042782
10,last_prompt_token,21,4096,4096,10000.0,0.21456685662269592,False,3400,1870,0.007238834165036678,0.2586627710311808,29.650264739990234,1059.4827101437165
10,last_prompt_token,22,4096,4096,10000.0,0.21895931661128998,False,3400,1870,0.007391110993921757,0.2598449350040864,30.273990631103516,1064.3248579545455
10,last_prompt_token,23,4096,4096,10000.0,0.22236761450767517,False,3400,1870,0.00747558893635869,0.26117599201712377,30.620014190673828,1069.776838235294
10,last_prompt_token,24,4096,4096,10000.0,0.22453901171684265,False,3400,1870,0.007600141689181328,0.2631918233983657,31.13018035888672,1078.0336898395722
10,last_prompt_token,25,4096,4096,10000.0,0.22631987929344177,False,3400,1870,0.007540734950453043,0.26525418184657784,30.886852264404297,1086.4811288435828
10,last_prompt_token,26,4096,4096,10000.0,0.22716845571994781,False,3400,1870,0.007453585043549538,0.26688894537043445,30.529882431030273,1093.177116059492
10,last_prompt_token,27,4096,4096,10000.0,0.22832703590393066,False,3400,1870,0.007650722283869982,0.2701982283974714,31.337358474731445,1106.7319435160427
10,last_prompt_token,28,4096,4096,10000.0,0.23180578649044037,False,3400,1870,0.008071636781096458,0.2726074540041347,33.061424255371094,1116.6001336898396
