icl_example_index,token_role,layer,feature_dim,target_dim,best_alpha,cv_mse,alpha_pinned,train_sample_count,test_sample_count,train_mse,test_mse,train_mean_squared_l2,test_mean_squared_l2,test_r2,test_r2_testmean_baseline,train_r2
1,pre_label_token,0,4096,4096,0.1,0.3663851320743561,True,3400,1190,0.3306625783443451,0.3328462392342191,1354.3939208984375,1363.3382090336133,-4.4844147506495347e-08,-0.19073776288615774,0.0
1,pre_label_token,1,4096,4096,316227.7660168379,0.3234192728996277,False,3400,1190,0.18538619577884674,0.2981716524653074,759.3418579101562,1221.311081932773,0.10417595066549068,-0.06669147660932295,0.4393493309491181
1,pre_label_token,2,4096,4096,316227.7660168379,0.31545379757881165,False,3400,1190,0.1744200885295868,0.29685649711544776,714.4246826171875,1215.9242581407564,0.10812719076921684,-0.061986586018572654,0.47251337177940544
1,pre_label_token,3,4096,4096,31622.776601683792,0.30938220024108887,False,3400,1190,0.11505855619907379,0.3101575707187172,471.27978515625,1270.4053965336134,0.06816557296531256,-0.10957039126985024,0.6520363544759691
1,pre_label_token,4,4096,4096,100000.0,0.30460092425346375,False,3400,1190,0.13180367648601532,0.300855192617208,539.8677978515625,1232.3029149159663,0.09611354840306552,-0.0762916830122582,0.6013952436167187
1,pre_label_token,5,4096,4096,100000.0,0.30203449726104736,False,3400,1190,0.13060200214385986,0.3032454691013368,534.94580078125,1242.0934283088236,0.08893222468789297,-0.08484275596395863,0.6050293843416001
1,pre_label_token,6,4096,4096,100000.0,0.3015703856945038,False,3400,1190,0.12761907279491425,0.300819834540872,522.7277221679688,1232.1580422794118,0.09621977786806701,-0.07616519158242219,0.6140504515693506
1,pre_label_token,7,4096,4096,100000.0,0.2991844117641449,False,3400,1190,0.12618272006511688,0.3019717785490661,516.8444213867188,1236.8764115021008,0.09275888835192792,-0.08028620323766256,0.6183943139349961
1,pre_label_token,8,4096,4096,100000.0,0.29666322469711304,False,3400,1190,0.12569187581539154,0.30237321773496995,514.8339233398438,1238.520686712185,0.09155280831680523,-0.08172232821614434,0.6198787403015449
1,pre_label_token,9,4096,4096,100000.0,0.29674187302589417,False,3400,1190,0.12523819506168365,0.30243825351490694,512.9756469726562,1238.7870798319327,0.09135741544409892,-0.08195498987784111,0.6212507756736136
1,pre_label_token,10,4096,4096,100000.0,0.2958265244960785,False,3400,1190,0.12361663579940796,0.3017254260407776,506.333740234375,1235.867312237395,0.09349902746211503,-0.07940489168889542,0.626154745364998
1,pre_label_token,11,4096,4096,100000.0,0.2941972613334656,False,3400,1190,0.12263689935207367,0.30122995136164815,502.32080078125,1233.8379004726892,0.09498762683006512,-0.07763236028715648,0.6291176946416894
1,pre_label_token,12,4096,4096,100000.0,0.29418981075286865,False,3400,1190,0.12157244980335236,0.3015991980288209,497.96075439453125,1235.3502757352942,0.09387826568907454,-0.07895331843117526,0.6323368359005859
1,pre_label_token,13,4096,4096,100000.0,0.291067898273468,False,3400,1190,0.11902933567762375,0.3027311036566726,487.5441589355469,1239.9866137079832,0.09047757929040812,-0.08300264396421198,0.6400278003225721
1,pre_label_token,14,4096,4096,100000.0,0.28922054171562195,False,3400,1190,0.11686757206916809,0.30358987375467766,478.6895446777344,1243.5041228991597,0.08789749865470187,-0.08607484327066861,0.6465654727113854
1,pre_label_token,15,4096,4096,100000.0,0.288780152797699,False,3400,1190,0.11743330210447311,0.3043941930562508,481.0068054199219,1246.7986016281513,0.08548100946890647,-0.08895224806876656,0.6448545744351497
1,pre_label_token,16,4096,4096,100000.0,0.28869783878326416,False,3400,1190,0.11779782921075821,0.3044663068627109,482.4999084472656,1247.094006039916,0.08526435144128419,-0.08921023095231972,0.643752160281996
1,pre_label_token,17,4096,4096,31622.776601683792,0.28812167048454285,False,3400,1190,0.09255857020616531,0.31540487754244767,379.119873046875,1291.8983390231092,0.052400614733806083,-0.12834232152461666,0.720081508256502
1,pre_label_token,18,4096,4096,31622.776601683792,0.2887152433395386,False,3400,1190,0.0926845595240593,0.3151365007672991,379.6358642578125,1290.7991399684875,0.05320692333984944,-0.12738221946191586,0.7197004874632668
1,pre_label_token,19,4096,4096,31622.776601683792,0.287898451089859,False,3400,1190,0.09218361973762512,0.3155253706859941,377.5840759277344,1292.39190519958,0.05203860629042667,-0.12877337862930172,0.7212154450642823
1,pre_label_token,20,4096,4096,31622.776601683792,0.2880910634994507,False,3400,1190,0.09227624535560608,0.3175869452853163,377.9635009765625,1300.8361081932774,0.04584483136145412,-0.13614854000131404,0.7209353238045839
1,pre_label_token,21,4096,4096,31622.776601683792,0.2877624034881592,False,3400,1190,0.09222155064344406,0.31728677509211695,377.7394714355469,1299.6065913865546,0.04674665980737802,-0.13507469886326318,0.7211007332453373
1,pre_label_token,22,4096,4096,31622.776601683792,0.28857147693634033,False,3400,1190,0.09277680516242981,0.317827945997735,380.0137634277344,1301.8232274159664,0.04512077113538493,-0.13701070581643537,0.7194215153496626
1,pre_label_token,23,4096,4096,31622.776601683792,0.28832221031188965,False,3400,1190,0.0927463248372078,0.3178304656213071,379.888916015625,1301.833587184874,0.045113201202520825,-0.13701971962095527,0.7195136948922485
1,pre_label_token,24,4096,4096,31622.776601683792,0.28834131360054016,False,3400,1190,0.09242842346429825,0.317713314344903,378.5868225097656,1301.3537486869748,0.04546516937234957,-0.13660061784860034,0.7204751020599458
1,pre_label_token,25,4096,4096,31622.776601683792,0.28860315680503845,False,3400,1190,0.09240882843732834,0.3179033519841042,378.5065612792969,1302.1321165966388,0.04489422211405858,-0.13728046627917667,0.7205343619467707
1,pre_label_token,26,4096,4096,31622.776601683792,0.289026141166687,False,3400,1190,0.09235891699790955,0.31826441468310956,378.3021240234375,1303.6109965861344,0.04380944880843962,-0.1385721467604235,0.7206853056661013
1,pre_label_token,27,4096,4096,31622.776601683792,0.2889522910118103,False,3400,1190,0.09266822785139084,0.31860520819655985,379.5690612792969,1305.0069524684875,0.04278557204925815,-0.13979131542744994,0.7197498782130463
1,pre_label_token,28,4096,4096,31622.776601683792,0.2902258038520813,False,3400,1190,0.0936400443315506,0.31892713658949906,383.54962158203125,1306.3255777310924,0.04181837347697903,-0.14094299524002607,0.7168108807461249
1,first_label_token,0,4096,4096,31622.776601683792,0.31366804242134094,False,3400,1190,0.0776243507862091,0.28348915837392086,317.94927978515625,1161.1715828518907,0.14828789491815997,-0.014165721148813315,0.7652460366852498
1,first_label_token,1,4096,4096,31622.776601683792,0.29477760195732117,False,3400,1190,0.07082031667232513,0.27807800709700387,290.08001708984375,1139.0075433298318,0.16454510585142723,0.00519235296053755,0.7858230071666158
1,first_label_token,2,4096,4096,31622.776601683792,0.27579447627067566,False,3400,1190,0.0616026297211647,0.2621787872635016,252.32437133789062,1073.8842896533613,0.212312569239533,0.06207087290336821,0.8136994212359494
1,first_label_token,3,4096,4096,31622.776601683792,0.27333560585975647,False,3400,1190,0.05959715694189072,0.26470640487029773,244.10995483398438,1084.2374343487395,0.2047186191743008,0.0530284701967233,0.8197644340635744
1,first_label_token,4,4096,4096,31622.776601683792,0.26581886410713196,False,3400,1190,0.050883058458566666,0.25600661510179024,208.41700744628906,1048.6030987394959,0.2308561840110187,0.08415145428200499,0.8461178803076467
1,first_label_token,5,4096,4096,31622.776601683792,0.26005393266677856,False,3400,1190,0.045645661652088165,0.2479093407382484,186.96463012695312,1015.4366727941176,0.25518355735099285,0.11311897509071844,0.8619569777728107
1,first_label_token,6,4096,4096,31622.776601683792,0.2584867775440216,False,3400,1190,0.04278017580509186,0.24984333134498918,175.22760009765625,1023.3582983193278,0.24937309454414702,0.10620023791702649,0.8706228687283099
1,first_label_token,7,4096,4096,31622.776601683792,0.2500835657119751,False,3400,1190,0.03854835033416748,0.24517747574493665,157.89404296875,1004.2469143907563,0.26339114630289195,0.12289206075972614,0.8834208862485067
1,first_label_token,8,4096,4096,31622.776601683792,0.24777524173259735,False,3400,1190,0.037354085594415665,0.2423488721126268,153.0023193359375,992.6610228466386,0.2718893758928189,0.13301122319634362,0.8870326186245487
1,first_label_token,9,4096,4096,31622.776601683792,0.24801848828792572,False,3400,1190,0.03786114603281021,0.23880052085684128,155.07925415039062,978.1269006039915,0.2825500083310042,0.14570524024748754,0.885499150758504
1,first_label_token,10,4096,4096,31622.776601683792,0.24943995475769043,False,3400,1190,0.038006629794836044,0.23816505400072627,155.67515563964844,975.524087447479,0.28445919885114956,0.14797858539442266,0.8850591742641747
1,first_label_token,11,4096,4096,31622.776601683792,0.24863170087337494,False,3400,1190,0.03774280101060867,0.2399251705458184,154.59449768066406,982.7335018382353,0.27917112160541413,0.14168187240723717,0.8858570534361947
1,first_label_token,12,4096,4096,31622.776601683792,0.24961215257644653,False,3400,1190,0.03820967674255371,0.2408870023839614,156.5068359375,986.673174894958,0.27628140326733586,0.13824097581228678,0.8844451134026937
1,first_label_token,13,4096,4096,31622.776601683792,0.2501979172229767,False,3400,1190,0.03808754310011864,0.23927093313521697,156.00657653808594,980.0537421218487,0.2811367061992055,0.14402236810425428,0.884814473742913
1,first_label_token,14,4096,4096,31622.776601683792,0.25060534477233887,False,3400,1190,0.03804349899291992,0.23973084137219342,155.826171875,981.9375328256302,0.2797549623085166,0.14237707354875562,0.8849476732946109
1,first_label_token,15,4096,4096,31622.776601683792,0.25058457255363464,False,3400,1190,0.03810899332165718,0.24104493325497925,156.0944366455078,987.3200236344538,0.2758069172750546,0.1376759874486535,0.8847496033192747
1,first_label_token,16,4096,4096,31622.776601683792,0.2513645887374878,False,3400,1190,0.03841618821024895,0.24197689825747193,157.3527374267578,991.1373457195378,0.27300693057119385,0.13434193769430003,0.8838205750327056
1,first_label_token,17,4096,4096,31622.776601683792,0.25219884514808655,False,3400,1190,0.03849468007683754,0.2422065959257238,157.67420959472656,992.0782300420168,0.2723168291024769,0.13352020785212526,0.8835831975012607
1,first_label_token,18,4096,4096,31622.776601683792,0.25315168499946594,False,3400,1190,0.03894495591521263,0.24372756220713382,159.51853942871094,998.3081112132353,0.2677472526123962,0.1280790408089939,0.8822214593794881
1,first_label_token,19,4096,4096,31622.776601683792,0.25464707612991333,False,3400,1190,0.039225056767463684,0.24386779881325088,160.66586303710938,998.8825072216387,0.2673259270996655,0.12757735263301584,0.8813743697158996
1,first_label_token,20,4096,4096,31622.776601683792,0.256458580493927,False,3400,1190,0.04000841826200485,0.24533539459484965,163.87448120117188,1004.8938090861344,0.26291669642670257,0.12232711540088537,0.8790053036472094
1,first_label_token,21,4096,4096,31622.776601683792,0.25671201944351196,False,3400,1190,0.04032739996910095,0.24659522080621799,165.1810302734375,1010.054037552521,0.2591316866553359,0.11782016153533648,0.87804062929944
1,first_label_token,22,4096,4096,31622.776601683792,0.25848689675331116,False,3400,1190,0.04099215939640999,0.24841200083243747,167.90386962890625,1017.4955619747899,0.2536733701910391,0.111320738290976,0.876030243271975
1,first_label_token,23,4096,4096,31622.776601683792,0.25941887497901917,False,3400,1190,0.04156407713890076,0.24920045628267176,170.2464599609375,1020.7250754989495,0.25130454220786613,0.10850008548412027,0.8743006319402228
1,first_label_token,24,4096,4096,31622.776601683792,0.2597010135650635,False,3400,1190,0.042115457355976105,0.24943477566502675,172.50491333007812,1021.6848148634454,0.2506005553056798,0.10766182173270111,0.8726331308282549
1,first_label_token,25,4096,4096,31622.776601683792,0.2605229914188385,False,3400,1190,0.04221304506063461,0.2506246069900128,172.90463256835938,1026.5583639705883,0.24702583749880158,0.10340527043927095,0.8723380030725012
1,first_label_token,26,4096,4096,31622.776601683792,0.26115450263023376,False,3400,1190,0.04238617792725563,0.2509954035783014,173.61378479003906,1028.0771336659664,0.24591181978969434,0.10207876754399892,0.8718144093006026
1,first_label_token,27,4096,4096,31622.776601683792,0.2610354721546173,False,3400,1190,0.04267195612192154,0.2513234515150054,174.78433227539062,1029.420824579832,0.24492623571889405,0.10090519542502585,0.8709501500424283
1,first_label_token,28,4096,4096,31622.776601683792,0.2610059678554535,False,3400,1190,0.0428762324154377,0.25361200541007417,175.6210479736328,1038.7947610294118,0.23805052637345492,0.09271802902792858,0.8703323713553479
1,last_label_token,0,4096,4096,31622.776601683792,0.29704323410987854,False,3400,1190,0.0571318194270134,0.27947076428838136,234.01193237304688,1144.7122603728992,0.16036071952025277,0.00020984636493959208,0.8272201840526462
1,last_label_token,1,4096,4096,31622.776601683792,0.2787172496318817,False,3400,1190,0.047892071306705475,0.27052926856930515,196.16592407226562,1108.0878807773108,0.18722446339376542,0.03219751921317282,0.8551633161922796
1,last_label_token,2,4096,4096,31622.776601683792,0.25985926389694214,False,3400,1190,0.03741642087697983,0.25511742279309185,153.25765991210938,1044.9609703256303,0.23352766484438858,0.08733248725047438,0.8868441023343889
1,last_label_token,3,4096,4096,10000.0,0.2552471160888672,False,3400,1190,0.02150397002696991,0.26163800343745897,88.08026123046875,1071.6693146008404,0.21393729497336667,0.06400549510222042,0.9349670285200035
1,last_label_token,4,4096,4096,10000.0,0.2428576499223709,False,3400,1190,0.01625656522810459,0.2465704990034344,66.58688354492188,1009.9527540703782,0.25920596060221635,0.11790860232471956,0.9508363924653871
1,last_label_token,5,4096,4096,10000.0,0.23569773137569427,False,3400,1190,0.013540179468691349,0.2369017432717716,55.460575103759766,970.3495207457984,0.2882546774736908,0.1524980049158402,0.9590513703229191
1,last_label_token,6,4096,4096,31622.776601683792,0.23427550494670868,False,3400,1190,0.02183813601732254,0.23343451203418378,89.44900512695312,956.1477481617648,0.29867159370819585,0.16490181989284858,0.9339564333930138
1,last_label_token,7,4096,4096,31622.776601683792,0.22993744909763336,False,3400,1190,0.021156445145606995,0.22958624222699334,86.65679931640625,940.3851923581933,0.31023329856211435,0.1786687778483862,0.9360180240185053
1,last_label_token,8,4096,4096,31622.776601683792,0.22821567952632904,False,3400,1190,0.020024333149194717,0.22769419325499976,82.01966857910156,932.6354024422269,0.31591775232428987,0.18543747130085242,0.9394417921451583
1,last_label_token,9,4096,4096,31622.776601683792,0.2276892215013504,False,3400,1190,0.020180681720376015,0.22432718998243828,82.66007232666016,918.8441110819327,0.32603354462315537,0.19748272665246547,0.9389689579588281
1,last_label_token,10,4096,4096,31622.776601683792,0.22813421487808228,False,3400,1190,0.020069193094968796,0.2255373690308643,82.20341491699219,923.8010569852942,0.32239769431137255,0.19315338258017,0.9393061253091992
1,last_label_token,11,4096,4096,31622.776601683792,0.22749190032482147,False,3400,1190,0.01984255015850067,0.2262266519690762,81.27508544921875,926.6243664653362,0.3203268192709694,0.19068751357792335,0.93999154588991
1,last_label_token,12,4096,4096,31622.776601683792,0.22817829251289368,False,3400,1190,0.01927579939365387,0.22811954081559382,78.95367431640625,934.3776391806723,0.31463984219783925,0.18391581552395042,0.941705531088007
1,last_label_token,13,4096,4096,31622.776601683792,0.22831633687019348,False,3400,1190,0.0193998571485281,0.2271091028421867,79.4618148803711,930.2388983718488,0.3176755923419421,0.187530597697119,0.9413303517874179
1,last_label_token,14,4096,4096,31622.776601683792,0.22847840189933777,False,3400,1190,0.019405171275138855,0.22766407557896207,79.48358154296875,932.5120535714286,0.3160082375809584,0.18554521550812053,0.9413142806413046
1,last_label_token,15,4096,4096,31622.776601683792,0.2291545867919922,False,3400,1190,0.019445644691586494,0.2289835064351058,79.64936065673828,937.9164522058824,0.31204415218721004,0.18082502954615154,0.941191879683052
1,last_label_token,16,4096,4096,31622.776601683792,0.23005826771259308,False,3400,1190,0.019356919452548027,0.23085414581939953,79.28593444824219,945.5785714285714,0.30642402118472445,0.17413292762922628,0.9414602052960763
1,last_label_token,17,4096,4096,31622.776601683792,0.23146159946918488,False,3400,1190,0.01962495595216751,0.23132398909881335,80.38381958007812,947.5030593487395,0.3050124285479425,0.17245209104617376,0.9406496010209825
1,last_label_token,18,4096,4096,31622.776601683792,0.23245127499103546,False,3400,1190,0.019547956064343452,0.23275532922824893,80.06841278076172,953.3658022584034,0.30071212400817704,0.16733155626839025,0.9408824664640865
1,last_label_token,19,4096,4096,31622.776601683792,0.234267458319664,False,3400,1190,0.019460195675492287,0.23297959015149028,79.7089614868164,954.2844012605042,0.3000383566439607,0.16652927606039514,0.9411478741473224
1,last_label_token,20,4096,4096,31622.776601683792,0.23548121750354767,False,3400,1190,0.019888490438461304,0.23458440444048714,81.4632568359375,960.8577238707983,0.29521686800507574,0.16078814772220418,0.9398526118738787
1,last_label_token,21,4096,4096,31622.776601683792,0.2363862246274948,False,3400,1190,0.020265724509954453,0.23640932916593152,83.00840759277344,968.3326155462184,0.2897340816846409,0.15425958729739453,0.9387117689233944
1,last_label_token,22,4096,4096,31622.776601683792,0.23788142204284668,False,3400,1190,0.02060604840517044,0.23814895693995372,84.40238952636719,975.4581210609243,0.28450756070595506,0.14803617167864036,0.9376825508699937
1,last_label_token,23,4096,4096,10000.0,0.23888738453388214,False,3400,1190,0.012520682998001575,0.23934671738568475,51.28471374511719,980.364193802521,0.2809090207248537,0.1437512544240407,0.9621345630924018
1,last_label_token,24,4096,4096,10000.0,0.23935511708259583,False,3400,1190,0.01263236254453659,0.23950724000690363,51.742156982421875,981.0216813287815,0.28042674810315693,0.1431769942271326,0.961796818352449
1,last_label_token,25,4096,4096,10000.0,0.23985779285430908,False,3400,1190,0.012604210525751114,0.24029546465192522,51.62684631347656,984.2502232142857,0.27805861354894856,0.14035716711229385,0.9618819565586725
1,last_label_token,26,4096,4096,10000.0,0.24003194272518158,False,3400,1190,0.012642711400985718,0.24142345620804473,51.7845458984375,988.8704700630252,0.2746696865498077,0.13632184393971303,0.961765521020586
1,last_label_token,27,4096,4096,10000.0,0.24036630988121033,False,3400,1190,0.01275922916829586,0.24224454575226087,52.261802673339844,992.2337053571429,0.2722028130080598,0.13338444458901422,0.9614131443836724
1,last_label_token,28,4096,4096,10000.0,0.24003751575946808,False,3400,1190,0.012875047512352467,0.2431263050111402,52.7361946105957,995.8453321953782,0.26955366395818703,0.13023000291727493,0.9610628829642021
2,pre_label_token,0,4096,4096,0.1,0.3663851320743561,True,3400,1190,0.3306625783443451,0.3328462392342191,1354.3939208984375,1363.3382090336133,-4.4844147506495347e-08,-0.19073776288615774,0.0
2,pre_label_token,1,4096,4096,100000.0,0.30766597390174866,False,3400,1190,0.12784291803836823,0.2922124173460888,523.6445922851562,1196.9020286239495,0.12207981943133839,-0.045372664924093975,0.6133734918584126
2,pre_label_token,2,4096,4096,31622.776601683792,0.3049842119216919,False,3400,1190,0.08463460206985474,0.29117746273008716,346.6633605957031,1192.6629136029412,0.12518922714101977,-0.041670175910001994,0.7440454178588118
2,pre_label_token,3,4096,4096,10000.0,0.28236010670661926,False,3400,1190,0.049827851355075836,0.2881164326387293,204.09487915039062,1180.124881827731,0.13438575655252716,-0.0307195215432996,0.8493090702777193
2,pre_label_token,4,4096,4096,10000.0,0.25109851360321045,False,3400,1190,0.034722790122032166,0.2751255291850627,142.22454833984375,1126.9141544117647,0.173415502137518,0.01575466831649286,0.8949902638033852
2,pre_label_token,5,4096,4096,31622.776601683792,0.2516988217830658,False,3400,1190,0.04514090344309807,0.2626529805800494,184.89712524414062,1075.8266084558823,0.21088790739295915,0.06037447431938314,0.8634834831654603
2,pre_label_token,6,4096,4096,10000.0,0.23640239238739014,False,3400,1190,0.027097683399915695,0.26311508467217454,110.99211120605469,1077.719406512605,0.2094995662961482,0.05872132422177767,0.9180503474702337
2,pre_label_token,7,4096,4096,10000.0,0.2304992377758026,False,3400,1190,0.024784572422504425,0.25964838556882713,101.51760864257812,1063.519787289916,0.21991488379165125,0.07112323551996902,0.9250457292548712
2,pre_label_token,8,4096,4096,10000.0,0.22944095730781555,False,3400,1190,0.022567734122276306,0.25687830307904413,92.43743896484375,1052.1735031512605,0.22823729302294715,0.08103304202546857,0.9317499602305322
2,pre_label_token,9,4096,4096,10000.0,0.22025197744369507,False,3400,1190,0.020069435238838196,0.24328865403888605,82.20440673828125,996.5103597689076,0.2690659040982596,0.12964920885888442,0.9393053930102175
2,pre_label_token,10,4096,4096,10000.0,0.21927489340305328,False,3400,1190,0.020266534760594368,0.24325763798561417,83.01172637939453,996.3832851890757,0.26915908843086345,0.12976016695764947,0.9387093185383403
2,pre_label_token,11,4096,4096,10000.0,0.21860308945178986,False,3400,1190,0.02029462344944477,0.2438945000912963,83.12677764892578,998.9918723739496,0.26724570603631737,0.12748183038779182,0.9386243718564657
2,pre_label_token,12,4096,4096,10000.0,0.21750624477863312,False,3400,1190,0.019790904596447945,0.24226994233972887,81.06354522705078,992.3377100840336,0.2721265117445535,0.13329358979727568,0.9401477339965634
2,pre_label_token,13,4096,4096,31622.776601683792,0.21631036698818207,False,3400,1190,0.027198633179068565,0.2365944982576771,111.40560150146484,969.0910320378151,0.289177761443573,0.1535971558078032,0.9177450520247729
2,pre_label_token,14,4096,4096,31622.776601683792,0.21729959547519684,False,3400,1190,0.02733912691473961,0.2362681829628824,111.98106384277344,967.7544642857143,0.2901581399816594,0.15476452950267594,0.9173201665225352
2,pre_label_token,15,4096,4096,31622.776601683792,0.21780966222286224,False,3400,1190,0.02685435488820076,0.23708221371434315,109.99543762207031,971.0887867647059,0.2877124738090804,0.15185238256616562,0.9187862290838511
2,pre_label_token,16,4096,4096,31622.776601683792,0.21809175610542297,False,3400,1190,0.02658197656273842,0.2365006022092675,108.8797836303711,968.7064863445378,0.28945986182973416,0.15393306337546664,0.9196099640429933
2,pre_label_token,17,4096,4096,10000.0,0.21995165944099426,False,3400,1190,0.01792335696518421,0.23814701272659944,73.4140625,975.450131302521,0.28451340188188645,0.14804312698708955,0.9457956293242255
2,pre_label_token,18,4096,4096,10000.0,0.22156569361686707,False,3400,1190,0.017792893573641777,0.23905569765748097,72.87969207763672,979.172137605042,0.28178335760161655,0.14479236031399867,0.9461901807494145
2,pre_label_token,19,4096,4096,10000.0,0.22309264540672302,False,3400,1190,0.017973309382796288,0.23981866435844357,73.6186752319336,982.2972492121849,0.2794911077719878,0.14206289200229116,0.9456445616773748
2,pre_label_token,20,4096,4096,10000.0,0.22573734819889069,False,3400,1190,0.01882317289710045,0.2417433105596975,77.09972381591797,990.180586922269,0.2737087192072527,0.1351775838873457,0.9430743781429709
2,pre_label_token,21,4096,4096,10000.0,0.22844438254833221,False,3400,1190,0.019163135439157486,0.24275784292140928,78.49220275878906,994.3361081932773,0.27066066792224563,0.13154815428183275,0.9420462529049737
2,pre_label_token,22,4096,4096,10000.0,0.23062893748283386,False,3400,1190,0.0193855632096529,0.24270849308045972,79.40327453613281,994.133981092437,0.2708089341104897,0.13172470042321704,0.9413735799596131
2,pre_label_token,23,4096,4096,10000.0,0.23218445479869843,False,3400,1190,0.019351854920387268,0.24417173401648257,79.26519775390625,1000.1274290966387,0.2664127870937557,0.12649004239393635,0.9414755216109316
2,pre_label_token,24,4096,4096,10000.0,0.23310460150241852,False,3400,1190,0.019320709630846977,0.24505515218782825,79.13762664794922,1003.7458967962185,0.2637586540231994,0.1233296660608244,0.9415697121591824
2,pre_label_token,25,4096,4096,10000.0,0.23338428139686584,False,3400,1190,0.019298939034342766,0.24675247609114448,79.0484619140625,1010.6981223739496,0.25865923038742,0.11725759004104475,0.9416355514707042
2,pre_label_token,26,4096,4096,10000.0,0.23364506661891937,False,3400,1190,0.01904236152768135,0.24761700830539735,77.99751281738281,1014.2392331932773,0.25606183810499217,0.1141647771040234,0.9424115011047575
2,pre_label_token,27,4096,4096,10000.0,0.2350500226020813,False,3400,1190,0.019186832010746002,0.2495983893130006,78.58926391601562,1022.3550026260505,0.2501089960328835,0.10707650357013376,0.9419745890000131
2,pre_label_token,28,4096,4096,3162.2776601683795,0.23675505816936493,False,3400,1190,0.012612828984856606,0.2527246507276006,51.66215515136719,1035.160169380252,0.24071648626024167,0.09589248799710937,0.9618558923479938
2,first_label_token,0,4096,4096,31622.776601683792,0.3140162229537964,False,3400,1190,0.07890526205301285,0.28309522997431397,323.1959533691406,1159.5580948004201,0.1494714096190578,-0.012756465564720099,0.7613722652012875
2,first_label_token,1,4096,4096,31622.776601683792,0.2937517762184143,False,3400,1190,0.07135624438524246,0.2777399752320362,292.2751770019531,1137.6229451155461,0.16556068554042758,0.006401641993220797,0.7842022379958171
2,first_label_token,2,4096,4096,31622.776601683792,0.27833858132362366,False,3400,1190,0.061434920877218246,0.26669766963029107,251.63742065429688,1092.393635110294,0.1987360824514247,0.045904838122394764,0.8142066115106584
2,first_label_token,3,4096,4096,31622.776601683792,0.27560773491859436,False,3400,1190,0.058868683874607086,0.2677973554915741,241.12612915039062,1096.8979746586135,0.195432196810032,0.04197077690135076,0.8219675048523257
2,first_label_token,4,4096,4096,31622.776601683792,0.26238900423049927,False,3400,1190,0.04739225655794144,0.2537603482478807,194.11868286132812,1039.4023831407562,0.23760484657608028,0.09218734128683737,0.8566748714195649
2,first_label_token,5,4096,4096,10000.0,0.2468186616897583,False,3400,1190,0.02494267001748085,0.24908367605770335,102.16517639160156,1020.2467305672269,0.2516553955943247,0.1089178598418783,0.9245676056166656
2,first_label_token,6,4096,4096,10000.0,0.24333231151103973,False,3400,1190,0.021816108375787735,0.24677518475957277,89.35877990722656,1010.7911666228991,0.25859100468206453,0.11717635112092162,0.93402305006807
2,first_label_token,7,4096,4096,10000.0,0.23869550228118896,False,3400,1190,0.019513089209794998,0.23981328371192226,79.92561340332031,982.2752035189076,0.27950727333472625,0.14208214094743887,0.9409879118843788
2,first_label_token,8,4096,4096,10000.0,0.23481760919094086,False,3400,1190,0.01860594004392624,0.2357792076944303,76.20993041992188,965.751690519958,0.29162721258258395,0.15651380964657324,0.9437313404586399
2,first_label_token,9,4096,4096,31622.776601683792,0.2306305170059204,False,3400,1190,0.029416101053357124,0.2274638480499011,120.48834991455078,931.691928177521,0.316609799246491,0.18626151766785293,0.9110389170717594
2,first_label_token,10,4096,4096,31622.776601683792,0.22860513627529144,False,3400,1190,0.02896186336874962,0.22650139992978394,118.62779235839844,927.7497209821429,0.3195013691362144,0.18970461897516822,0.912412636731486
2,first_label_token,11,4096,4096,31622.776601683792,0.22685924172401428,False,3400,1190,0.027865231037139893,0.2249912518413127,114.135986328125,921.5641412815127,0.3240384435513166,0.195107084571986,0.9157291061581162
2,first_label_token,12,4096,4096,31622.776601683792,0.22632461786270142,False,3400,1190,0.027912814170122147,0.22577359255622415,114.33087921142578,924.7686679359243,0.3216879866202279,0.1923083068696101,0.9155852037751477
2,first_label_token,13,4096,4096,31622.776601683792,0.22481167316436768,False,3400,1190,0.026444459334015846,0.2250527221615575,108.3165054321289,921.8159926470588,0.3238537627114705,0.19488717813176126,0.9200258479008255
2,first_label_token,14,4096,4096,31622.776601683792,0.22437092661857605,False,3400,1190,0.02559577114880085,0.22549090986492254,104.84027099609375,923.610806197479,0.3225372757833822,0.19331958750243772,0.9225924769686338
2,first_label_token,15,4096,4096,10000.0,0.22300057113170624,False,3400,1190,0.015308228321373463,0.22888280163292124,62.7025032043457,937.5039522058823,0.31234670872782844,0.18118529502831837,0.9537043822798968
2,first_label_token,16,4096,4096,10000.0,0.22334863245487213,False,3400,1190,0.015075741335749626,0.22951669692993165,61.75023651123047,940.100390625,0.3104422397847654,0.17891757204126335,0.954407476614877
2,first_label_token,17,4096,4096,10000.0,0.22410042583942413,False,3400,1190,0.014859450981020927,0.22918945921569311,60.86431121826172,938.7599921218488,0.311425389630971,0.18008824563721826,0.9550615885975866
2,first_label_token,18,4096,4096,10000.0,0.22531664371490479,False,3400,1190,0.014756917953491211,0.22932531613261758,60.444332122802734,939.3165080094537,0.31101722241439245,0.1796022255406612,0.9553716721517738
2,first_label_token,19,4096,4096,10000.0,0.22665008902549744,False,3400,1190,0.014722505584359169,0.2307668894278903,60.30339050292969,945.2211987920168,0.3066861734494546,0.17444508221646826,0.9554757431032082
2,first_label_token,20,4096,4096,10000.0,0.22763492166996002,False,3400,1190,0.014468265697360039,0.23092755550096014,59.26201629638672,945.879293592437,0.3062034698423943,0.17387030882903565,0.9562446232355538
2,first_label_token,21,4096,4096,10000.0,0.22783935070037842,False,3400,1190,0.014569984748959541,0.23191556930541993,59.67864990234375,949.9261554621849,0.3032350906561384,0.17033574779589977,0.9559370013325588
2,first_label_token,22,4096,4096,10000.0,0.22974681854248047,False,3400,1190,0.014668011106550694,0.23269508265647568,60.08017349243164,953.1190257352941,0.3008931282298668,0.16754708482073288,0.9556405469890344
2,first_label_token,23,4096,4096,10000.0,0.23097041249275208,False,3400,1190,0.014738536439836025,0.23376641073146787,60.36904525756836,957.5072347689076,0.29767444044928737,0.16371447190532695,0.9554272620940867
2,first_label_token,24,4096,4096,10000.0,0.23169144988059998,False,3400,1190,0.014839625917375088,0.23445136927756943,60.78310775756836,960.3128216911765,0.29561655757101357,0.16126407316045543,0.9551215441684441
2,first_label_token,25,4096,4096,10000.0,0.23212167620658875,False,3400,1190,0.014791097491979599,0.23652797907340425,60.58433532714844,968.8185727415967,0.28937761104202075,0.15383512426090118,0.9552683053339757
2,first_label_token,26,4096,4096,10000.0,0.23323863744735718,False,3400,1190,0.014849066734313965,0.23781511483072232,60.82176971435547,974.0907300420168,0.28551055273305537,0.14923047210762508,0.9550929929577623
2,first_label_token,27,4096,4096,10000.0,0.2337529957294464,False,3400,1190,0.015015880577266216,0.2393357204789875,61.50504684448242,980.319137342437,0.28094205972573194,0.14379059520827042,0.954588509372751
2,first_label_token,28,4096,4096,10000.0,0.2343732714653015,False,3400,1190,0.015323936939239502,0.24147804324366465,62.766845703125,989.0940355829832,0.27450568578418877,0.13612656204370543,0.9536568757917279
2,last_label_token,0,4096,4096,31622.776601683792,0.29675978422164917,False,3400,1190,0.05870090052485466,0.27903686331099825,240.4388885498047,1142.9349954044117,0.16166432744996617,0.0017621014852376993,0.8224749204497983
2,last_label_token,1,4096,4096,31622.776601683792,0.2767735421657562,False,3400,1190,0.04823833331465721,0.2700464633332581,197.58421325683594,1106.110287552521,0.18867499880858285,0.03392472643054456,0.8541161399146207
2,last_label_token,2,4096,4096,31622.776601683792,0.26173681020736694,False,3400,1190,0.038346730172634125,0.25874806251846444,157.06820678710938,1059.8320772058823,0.22261980571838924,0.07434408805935833,0.8840306321790649
2,last_label_token,3,4096,4096,31622.776601683792,0.2573871314525604,False,3400,1190,0.035868726670742035,0.25819550682516657,146.91830444335938,1057.5688156512606,0.2242798987371598,0.07632082341806712,0.8915246870379475
2,last_label_token,4,4096,4096,10000.0,0.2439507097005844,False,3400,1190,0.01670227386057377,0.25094261169433596,68.41251373291016,1027.8609178046217,0.24607042721892147,0.10226762739098472,0.9494884666290228
2,last_label_token,5,4096,4096,10000.0,0.2363051027059555,False,3400,1190,0.0144887650385499,0.24104936583703304,59.34598159790039,987.338159795168,0.27579360006809817,0.13766013014814527,0.9561826284936857
2,last_label_token,6,4096,4096,10000.0,0.23373118042945862,False,3400,1190,0.013785065151751041,0.23829929287694082,56.463626861572266,976.0738937762605,0.2840558928605419,0.1474983537429435,0.9583107794635426
2,last_label_token,7,4096,4096,31622.776601683792,0.228573277592659,False,3400,1190,0.0225612111389637,0.22655994832014836,92.41072082519531,927.9895548844538,0.31932546691444175,0.18949516556652068,0.9317696872384847
2,last_label_token,8,4096,4096,31622.776601683792,0.22490651905536652,False,3400,1190,0.021394670009613037,0.22347967804980878,87.632568359375,915.3727580094538,0.32857980133491915,0.20051465053720074,0.935297577014194
2,last_label_token,9,4096,4096,31622.776601683792,0.22220440208911896,False,3400,1190,0.021108003333210945,0.22128520132112903,86.45838165283203,906.3841780462185,0.335172866145079,0.20836526142776013,0.9361645232463242
2,last_label_token,10,4096,4096,31622.776601683792,0.2212042510509491,False,3400,1190,0.021059120073914528,0.22239385652942817,86.2581558227539,910.9252035189076,0.33184203308364335,0.20439911289749757,0.9363123575115173
2,last_label_token,11,4096,4096,31622.776601683792,0.220482736825943,False,3400,1190,0.02046535164117813,0.22129213028595227,83.82608032226562,906.4125919117647,0.33515204882970273,0.20834047346533124,0.9381080503767621
2,last_label_token,12,4096,4096,31622.776601683792,0.2194637805223465,False,3400,1190,0.019623611122369766,0.2216012401741092,80.37830352783203,907.6786567752101,0.33422336205009573,0.2072346510965497,0.9406536680968653
2,last_label_token,13,4096,4096,31622.776601683792,0.21855135262012482,False,3400,1190,0.019291071221232414,0.22176990509033204,79.01622772216797,908.36953125,0.3337166267954793,0.20663126232015072,0.9416593455545396
2,last_label_token,14,4096,4096,31622.776601683792,0.21839453279972076,False,3400,1190,0.019083106890320778,0.22296793320599725,78.1644058227539,913.2766117384454,0.3301172826293981,0.20234538749217024,0.9422882777184177
2,last_label_token,15,4096,4096,31622.776601683792,0.21779760718345642,False,3400,1190,0.018765311688184738,0.22497653640618845,76.86271667480469,921.5038799894958,0.324082654463292,0.19515972817204608,0.943249363801177
2,last_label_token,16,4096,4096,31622.776601683792,0.21832013130187988,False,3400,1190,0.01863529160618782,0.22623188114967666,76.33015441894531,926.6457654936975,0.320311108770989,0.19066880649316176,0.9436425745559226
2,last_label_token,17,4096,4096,31622.776601683792,0.21871452033519745,False,3400,1190,0.018511464819312096,0.22642835889543805,75.82295989990234,927.4505449054622,0.3197208129183926,0.18996591896172055,0.9440170553559446
2,last_label_token,18,4096,4096,31622.776601683792,0.21973836421966553,False,3400,1190,0.018165316432714462,0.22690199763834978,74.40513610839844,929.390618434874,0.31829781722752537,0.18827150433216522,0.9450638880163891
2,last_label_token,19,4096,4096,31622.776601683792,0.22131386399269104,False,3400,1190,0.01795489341020584,0.22818663300586348,73.54324340820312,934.6524684873949,0.3144382710656771,0.18367579717574067,0.9457002558314658
2,last_label_token,20,4096,4096,31622.776601683792,0.22182907164096832,False,3400,1190,0.017923686653375626,0.22904201796074874,73.41542053222656,938.1560793067227,0.3118683607214525,0.18061570801886784,0.9457946322709966
2,last_label_token,21,4096,4096,31622.776601683792,0.22273503243923187,False,3400,1190,0.018109304830431938,0.23057807633856767,74.17571258544922,944.4477645745799,0.30725344168184976,0.17512054989217618,0.945233280036989
2,last_label_token,22,4096,4096,31622.776601683792,0.224116250872612,False,3400,1190,0.018186913803219795,0.23158693233457933,74.49359893798828,948.5801076680672,0.3042224444154422,0.17151142714970813,0.9449985725802926
2,last_label_token,23,4096,4096,10000.0,0.22513698041439056,False,3400,1190,0.010923942551016808,0.23240469123135093,44.74447250366211,951.9295955882353,0.30176557743889254,0.16858594299353324,0.9669634749546988
2,last_label_token,24,4096,4096,10000.0,0.22548379004001617,False,3400,1190,0.01094562467187643,0.23310954630875788,44.83327865600586,954.8166622899159,0.29964791761303056,0.1660643655830104,0.9668979032139589
2,last_label_token,25,4096,4096,10000.0,0.22568006813526154,False,3400,1190,0.01090559083968401,0.23501237981459674,44.6693000793457,962.610678177521,0.29393106290093385,0.15925709109764963,0.9670189747679063
2,last_label_token,26,4096,4096,10000.0,0.2261229306459427,False,3400,1190,0.010897750034928322,0.2361910138811384,44.637184143066406,967.4383862920168,0.29038998602979904,0.15504059733499176,0.9670426871722398
2,last_label_token,27,4096,4096,10000.0,0.22658681869506836,False,3400,1190,0.010960221290588379,0.23718558880461363,44.89306640625,971.5121651785714,0.2874018946805793,0.1514825642860793,0.9668537596680364
2,last_label_token,28,4096,4096,10000.0,0.22702693939208984,False,3400,1190,0.011089296080172062,0.2384684161979611,45.4217643737793,976.7665933560925,0.283547780378954,0.14689332505045505,0.9664634076958539
3,pre_label_token,0,4096,4096,0.1,0.3663851320743561,True,3400,1190,0.3306625783443451,0.3328462392342191,1354.3939208984375,1363.3382090336133,-4.4844147506495347e-08,-0.19073776288615774,0.0
3,pre_label_token,1,4096,4096,100000.0,0.2992487847805023,False,3400,1190,0.10983705520629883,0.29072807536405676,449.892578125,1190.822144170168,0.12653936222806983,-0.04006251914894787,0.6678273793295206
3,pre_label_token,2,4096,4096,10000.0,0.3021213114261627,False,3400,1190,0.04840012267231941,0.29457334470348195,198.2469024658203,1206.57240677521,0.11498667195069179,-0.05381874310826351,0.8536268515334792
3,pre_label_token,3,4096,4096,10000.0,0.2785881459712982,False,3400,1190,0.0392971932888031,0.28680506473829764,160.96131896972656,1174.7535845588236,0.13832561767956264,-0.02602818032919041,0.8811562122161891
3,pre_label_token,4,4096,4096,10000.0,0.24424733221530914,False,3400,1190,0.027702724561095238,0.2747874364131639,113.47037506103516,1125.5293198529412,0.1744312648147175,0.01696417524012528,0.9162205632708573
3,pre_label_token,5,4096,4096,10000.0,0.24192216992378235,False,3400,1190,0.02318139187991619,0.2621880395071847,94.95098114013672,1073.9222098214286,0.2122847718874603,0.062037773548031416,0.9298941174535463
3,pre_label_token,6,4096,4096,10000.0,0.22969768941402435,False,3400,1190,0.020649708807468414,0.25860445038611146,84.58122253417969,1059.2438287815125,0.22305127262972813,0.07485785198108597,0.9375505117305284
3,pre_label_token,7,4096,4096,31622.776601683792,0.22356022894382477,False,3400,1190,0.02863929234445095,0.2510903847317736,117.30654907226562,1028.4661961659665,0.24562645932430338,0.10173897807706067,0.9133881660033916
3,pre_label_token,8,4096,4096,31622.776601683792,0.22076120972633362,False,3400,1190,0.026705989614129066,0.2458442014806411,109.38773345947266,1006.977862394958,0.261388041905086,0.12050688881721638,0.9192349199360624
3,pre_label_token,9,4096,4096,31622.776601683792,0.21165023744106293,False,3400,1190,0.023727567866444588,0.2269265086710954,97.18811798095703,929.4910057773109,0.3182241765161231,0.1881838175601449,0.9282423551366155
3,pre_label_token,10,4096,4096,31622.776601683792,0.20848043262958527,False,3400,1190,0.023214006796479225,0.22279296842943722,95.08457946777344,912.5599724264706,0.33064294512391423,0.2029713136468544,0.9297954824137836
3,pre_label_token,11,4096,4096,31622.776601683792,0.2065586894750595,False,3400,1190,0.022670945152640343,0.22242986214261096,92.86019897460938,911.0727284663866,0.33173385816515777,0.20427030494283582,0.9314378262391964
3,pre_label_token,12,4096,4096,31622.776601683792,0.20502056181430817,False,3400,1190,0.021931227296590805,0.22167098742573202,89.83030700683594,907.9643644957983,0.3340138140771006,0.20698513442315758,0.9336749038660429
3,pre_label_token,13,4096,4096,31622.776601683792,0.20415061712265015,False,3400,1190,0.018594136461615562,0.21850431586514,76.16159057617188,894.9936941964286,0.34352773170430384,0.21831371490683615,0.9437670372174621
3,pre_label_token,14,4096,4096,31622.776601683792,0.2051214575767517,False,3400,1190,0.018985586240887642,0.2186840946934804,77.76496124267578,895.7300387342437,0.3429876059188478,0.21767056676622665,0.9425832026836842
3,pre_label_token,15,4096,4096,31622.776601683792,0.20623697340488434,False,3400,1190,0.01855356991291046,0.2194267048555262,75.99542236328125,898.7718159138656,0.34075651507925764,0.21501392277023212,0.9438897198291692
3,pre_label_token,16,4096,4096,31622.776601683792,0.20616769790649414,False,3400,1190,0.018117764964699745,0.21881025138021518,74.21036529541016,896.2467765231092,0.3426085819807003,0.21721924867027542,0.945207694637183
3,pre_label_token,17,4096,4096,31622.776601683792,0.2078534960746765,False,3400,1190,0.019291125237941742,0.2202626124149611,79.01644897460938,902.1956604516806,0.33824512243488336,0.21202351284524357,0.941659182195536
3,pre_label_token,18,4096,4096,10000.0,0.20951850712299347,False,3400,1190,0.01193284336477518,0.22340222526999082,48.87692642211914,915.0555344012605,0.3288124997228278,0.2007917332826209,0.9639123258987337
3,pre_label_token,19,4096,4096,10000.0,0.21198536455631256,False,3400,1190,0.012066459283232689,0.22541247536154355,49.42422103881836,923.2894564075631,0.3227729236521302,0.19360018230591658,0.9635082405041101
3,pre_label_token,20,4096,4096,10000.0,0.2160426825284958,False,3400,1190,0.012620314955711365,0.22695024474328304,51.69281005859375,929.5882385766806,0.3181528640887792,0.18809890316375144,0.9618332530433219
3,pre_label_token,21,4096,4096,10000.0,0.21938596665859222,False,3400,1190,0.012947709299623966,0.2286497837355157,53.033817291259766,936.549481355042,0.31304678546113074,0.18201890279419686,0.9608431369390082
3,pre_label_token,22,4096,4096,10000.0,0.2229931801557541,False,3400,1190,0.013131500221788883,0.22898894318011628,53.786624908447266,937.9386981355042,0.3120278180827093,0.18080557991197188,0.9602873107457778
3,pre_label_token,23,4096,4096,10000.0,0.22539986670017242,False,3400,1190,0.013238574378192425,0.22964853318799444,54.22520065307617,940.6404017857143,0.31004615219706066,0.17844593561432298,0.9599634937691496
3,pre_label_token,24,4096,4096,10000.0,0.22678600251674652,False,3400,1190,0.01330681424587965,0.23094622507816603,54.50471115112305,945.9557543329832,0.3061473791439203,0.17380351951921102,0.9597571206499751
3,pre_label_token,25,4096,4096,10000.0,0.2271968275308609,False,3400,1190,0.013284219428896904,0.2320303444101029,54.412166595458984,950.3963038340336,0.30289026143381037,0.1699251466375401,0.9598254525945691
3,pre_label_token,26,4096,4096,10000.0,0.22802403569221497,False,3400,1190,0.013155470602214336,0.23328506485754702,53.88481521606445,955.5356322216387,0.29912059137054714,0.1654364583408825,0.960214818779661
3,pre_label_token,27,4096,4096,10000.0,0.2289385199546814,False,3400,1190,0.013347163796424866,0.23522459238517185,54.66998291015625,963.479943539916,0.29329349349176814,0.1584979131597397,0.9596350942908168
3,pre_label_token,28,4096,4096,10000.0,0.23136740922927856,False,3400,1190,0.013848744332790375,0.23781717524808996,56.724449157714844,974.0991662289916,0.2855043624349022,0.1492231010861811,0.9581181989140344
3,first_label_token,0,4096,4096,31622.776601683792,0.31174322962760925,False,3400,1190,0.07583776116371155,0.2860309809195895,310.6314697265625,1171.5829109768908,0.14065126767098868,-0.023258941185327675,0.770649096297992
3,first_label_token,1,4096,4096,31622.776601683792,0.29175812005996704,False,3400,1190,0.06851594150066376,0.2794052027854599,280.64129638671875,1144.4437106092437,0.1605576918700452,0.0004443887695639859,0.792791969857222
3,first_label_token,2,4096,4096,31622.776601683792,0.27571994066238403,False,3400,1190,0.058265574276447296,0.26584145521917263,238.65579223632812,1088.8866202731092,0.20130848480599095,0.04896789460995388,0.823791447559056
3,first_label_token,3,4096,4096,31622.776601683792,0.2730998396873474,False,3400,1190,0.055947910994291306,0.26742497291885503,229.1626434326172,1095.3727350315125,0.1965509794355319,0.04330295356225411,0.8308005965645489
3,first_label_token,4,4096,4096,31622.776601683792,0.25569722056388855,False,3400,1190,0.04340670257806778,0.2510821254313493,177.79383850097656,1028.4323595063024,0.2456512734871844,0.10176852523653246,0.8687281070769824
3,first_label_token,5,4096,4096,10000.0,0.24151894450187683,False,3400,1190,0.02240467630326748,0.2485212374134224,91.76956176757812,1017.942962184874,0.2533451808561231,0.11092995087403956,0.932243084731724
3,first_label_token,6,4096,4096,10000.0,0.23631711304187775,False,3400,1190,0.018963631242513657,0.2432844835169175,77.67503356933594,996.4932543329832,0.26907843397441245,0.12966412865491495,0.9426495996690459
3,first_label_token,7,4096,4096,10000.0,0.23041905462741852,False,3400,1190,0.016872817650437355,0.2348508434135373,69.1110610961914,961.9490283613445,0.29441638131304826,0.15983497803206337,0.948972702823159
3,first_label_token,8,4096,4096,10000.0,0.22553187608718872,False,3400,1190,0.015745295211672783,0.22994961778656775,64.49272918701172,941.8736738445378,0.3091415765204122,0.17736882324505154,0.9523825910675747
3,first_label_token,9,4096,4096,10000.0,0.22217680513858795,False,3400,1190,0.014951451681554317,0.22657365718809497,61.241146087646484,928.045703125,0.31928428012322874,0.18944612290109053,0.9547833572325678
3,first_label_token,10,4096,4096,31622.776601683792,0.22023622691631317,False,3400,1190,0.02386980690062046,0.21878590704012318,97.7707290649414,896.1470752363446,0.34268172188229484,0.2173063391091723,0.9278121914486406
3,first_label_token,11,4096,4096,31622.776601683792,0.21810458600521088,False,3400,1190,0.022723671048879623,0.2165013882292419,93.07613372802734,886.7897058823529,0.3495453082595499,0.22547907023090186,0.9312783709524709
3,first_label_token,12,4096,4096,10000.0,0.2174193412065506,False,3400,1190,0.013350317254662514,0.22148916420816372,54.68290328979492,907.2196362920168,0.3345600820059207,0.20763559624548777,0.9596255575048478
3,first_label_token,13,4096,4096,10000.0,0.21680907905101776,False,3400,1190,0.012707230634987354,0.22145649725649538,52.04881286621094,907.085806197479,0.3346582262818134,0.20775246033576367,0.9615703999569183
3,first_label_token,14,4096,4096,10000.0,0.21689936518669128,False,3400,1190,0.012295279651880264,0.2207612286094858,50.36146545410156,904.2379825367647,0.33674708472824777,0.21023974285771674,0.9628162348656333
3,first_label_token,15,4096,4096,10000.0,0.2162870615720749,False,3400,1190,0.012013658881187439,0.22179903222733185,49.20795440673828,908.488803177521,0.33362911750478397,0.20652706170778912,0.9636679211135992
3,first_label_token,16,4096,4096,10000.0,0.2164987474679947,False,3400,1190,0.011923047713935375,0.22178719785033155,48.8368034362793,908.440362394958,0.3336646725933986,0.20656939849256672,0.963941950209077
3,first_label_token,17,4096,4096,10000.0,0.21777935326099396,False,3400,1190,0.011830145493149757,0.2219148988483333,48.456275939941406,908.9634650735294,0.3332810089413105,0.20611255571426534,0.9642229079795352
3,first_label_token,18,4096,4096,10000.0,0.21849319338798523,False,3400,1190,0.011750735342502594,0.22222544966625565,48.131011962890625,910.2354451155462,0.3323479930461535,0.20500157850434975,0.9644630626140415
3,first_label_token,19,4096,4096,10000.0,0.21994295716285706,False,3400,1190,0.011732496321201324,0.22340846662761785,48.056304931640625,915.0810727415966,0.32879374824790863,0.20076940519432618,0.964518221626569
3,first_label_token,20,4096,4096,10000.0,0.2216998189687729,False,3400,1190,0.011584860272705555,0.223835139715371,47.45158767700195,916.8286961659663,0.3275118557203903,0.1992430074222984,0.9649647071322316
3,first_label_token,21,4096,4096,10000.0,0.22178155183792114,False,3400,1190,0.011659159325063229,0.22499456646061744,47.755916595458984,921.5777475052521,0.32402848514090754,0.19509522671718538,0.9647400096393078
3,first_label_token,22,4096,4096,10000.0,0.22373902797698975,False,3400,1190,0.011750633828341961,0.22628352381602054,48.13059616088867,926.8573398109244,0.3201559540401482,0.19048405790434408,0.9644633696163069
3,first_label_token,23,4096,4096,10000.0,0.22492645680904388,False,3400,1190,0.01182849146425724,0.2269759747160583,48.449501037597656,929.6935858718488,0.3180755612056573,0.18800685570576603,0.9642279101448871
3,first_label_token,24,4096,4096,10000.0,0.22567042708396912,False,3400,1190,0.011921036057174206,0.22833262371415852,48.82856369018555,935.2504267331933,0.3139996579836193,0.1831535240390595,0.963948033923694
3,first_label_token,25,4096,4096,10000.0,0.22654098272323608,False,3400,1190,0.011911367066204548,0.2300985536655458,48.78895950317383,942.48373490021,0.30869411499583677,0.17683601393419435,0.9639772751853393
3,first_label_token,26,4096,4096,10000.0,0.227669358253479,False,3400,1190,0.012046669609844685,0.2317137213314281,49.34315872192383,949.0993960084033,0.30384152077086024,0.17105784700166848,0.9635680890466549
3,first_label_token,27,4096,4096,10000.0,0.2283228486776352,False,3400,1190,0.01219562254846096,0.2336286031899332,49.95326614379883,956.9428111869748,0.29808846810371303,0.16420747024622262,0.9631176209611458
3,first_label_token,28,4096,4096,10000.0,0.22957073152065277,False,3400,1190,0.01251958217471838,0.23543412344796316,51.280208587646484,964.3381302521009,0.29266398037883756,0.1577483281575558,0.9621378922362338
3,last_label_token,0,4096,4096,31622.776601683792,0.2971692383289337,False,3400,1190,0.05783819407224655,0.2813790096956141,236.90524291992188,1152.5284073004202,0.15462760534357867,-0.0066167888780295225,0.8250839439955765
3,last_label_token,1,4096,4096,31622.776601683792,0.2762816846370697,False,3400,1190,0.04796427860856056,0.27113902067937773,196.461669921875,1110.585412289916,0.18539253000969214,0.03001616705148591,0.8549449446359437
3,last_label_token,2,4096,4096,31622.776601683792,0.2619626522064209,False,3400,1190,0.03835330531001091,0.25863008739567606,157.0951385498047,1059.3487985819327,0.22297424904438357,0.07476613709349622,0.8840107474451778
3,last_label_token,3,4096,4096,31622.776601683792,0.258100688457489,False,3400,1190,0.03584372252225876,0.2581981514682289,146.81588745117188,1057.5795824579832,0.22427195319693982,0.07631136236370484,0.8916003053574092
3,last_label_token,4,4096,4096,10000.0,0.24116741120815277,False,3400,1190,0.01647045835852623,0.2514721966591202,67.46299743652344,1030.0301372111344,0.24447934723631026,0.1003730684568771,0.950189530242596
3,last_label_token,5,4096,4096,10000.0,0.23231825232505798,False,3400,1190,0.014210691675543785,0.24335351831772747,58.20699691772461,996.7760175945378,0.26887102648179784,0.1294171607322283,0.9570235865615702
3,last_label_token,6,4096,4096,10000.0,0.2283330261707306,False,3400,1190,0.013210978358983994,0.23924279012599914,54.11216735839844,979.9385044642858,0.28122125878584314,0.14412304805759857,0.9600469505042498
3,last_label_token,7,4096,4096,31622.776601683792,0.22298020124435425,False,3400,1190,0.021599246188998222,0.22458997934806246,88.47051239013672,919.9205422794117,0.32524402277663145,0.19654261321734434,0.9346788914029902
3,last_label_token,8,4096,4096,31622.776601683792,0.2187730371952057,False,3400,1190,0.020243920385837555,0.2212536058506044,82.91909790039062,906.2547695640757,0.33526779127331297,0.20847829235752624,0.9387777096301597
3,last_label_token,9,4096,4096,31622.776601683792,0.21614520251750946,False,3400,1190,0.01938672363758087,0.21803993898279528,79.40801239013672,893.0915572478991,0.34492290115022484,0.21997499577722046,0.9413700705575702
3,last_label_token,10,4096,4096,31622.776601683792,0.21568776667118073,False,3400,1190,0.019046297296881676,0.21813692445514582,78.01362609863281,893.488799894958,0.344631518928443,0.2196280359778704,0.9423995984297707
3,last_label_token,11,4096,4096,31622.776601683792,0.21475857496261597,False,3400,1190,0.018363196402788162,0.2161458880961442,75.21566009521484,885.3335674894957,0.35061336944557286,0.22675085096114045,0.9444654532885632
3,last_label_token,12,4096,4096,31622.776601683792,0.21431367099285126,False,3400,1190,0.017472071573138237,0.21640316618590796,71.56560516357422,886.3873358718488,0.3498404056233194,0.22583045378991284,0.9471604205694447
3,last_label_token,13,4096,4096,31622.776601683792,0.21358652412891388,False,3400,1190,0.017097674310207367,0.2165610962555188,70.03207397460938,887.034243697479,0.3493659220387777,0.22526546829326577,0.9482926843557054
3,last_label_token,14,4096,4096,31622.776601683792,0.2137390375137329,False,3400,1190,0.016885943710803986,0.21693854372040564,69.16482543945312,888.5803079044117,0.3482319224998869,0.22391517227976587,0.9489330065852831
3,last_label_token,15,4096,4096,31622.776601683792,0.21363148093223572,False,3400,1190,0.01666111685335636,0.21886373888544675,68.24393463134766,896.4658449317227,0.3424478846336213,0.21702790027929364,0.9496129349236313
3,last_label_token,16,4096,4096,31622.776601683792,0.21378929913043976,False,3400,1190,0.016676321625709534,0.22004313589144153,68.30621337890625,901.2967108718487,0.33890451559451995,0.21280867714580154,0.9495669521806511
3,last_label_token,17,4096,4096,31622.776601683792,0.214692622423172,False,3400,1190,0.016580812633037567,0.22037479496803605,67.91500854492188,902.6551798844538,0.33790808224971025,0.2116221863871448,0.9498557934313007
3,last_label_token,18,4096,4096,31622.776601683792,0.2153344750404358,False,3400,1190,0.016254227608442307,0.22039219992501394,66.57732391357422,902.7264508928571,0.3378557909641051,0.21155992118149713,0.9508434619670948
3,last_label_token,19,4096,4096,31622.776601683792,0.21685771644115448,False,3400,1190,0.016092970967292786,0.22123704477518547,65.91680908203125,906.1869550945378,0.3353175472092662,0.20853753862673663,0.9513311392904766
3,last_label_token,20,4096,4096,31622.776601683792,0.21740181744098663,False,3400,1190,0.01603328436613083,0.22180043068252692,65.6723403930664,908.4945575105043,0.33362491599942523,0.20652205881692187,0.9515116453563908
3,last_label_token,21,4096,4096,31622.776601683792,0.21810995042324066,False,3400,1190,0.016107894480228424,0.2231667502587583,65.97793579101562,914.0909860819328,0.32951995858531624,0.2016341312280977,0.951286007140929
3,last_label_token,22,4096,4096,31622.776601683792,0.21957576274871826,False,3400,1190,0.016135307028889656,0.22451579230172294,66.09021759033203,919.616662289916,0.32546690962623814,0.1968080129941202,0.9512031052631342
3,last_label_token,23,4096,4096,10000.0,0.22057095170021057,False,3400,1190,0.009634371846914291,0.2252698032795882,39.46238708496094,922.7051142331933,0.3232015662850817,0.19411058325286634,0.9708634345768596
3,last_label_token,24,4096,4096,10000.0,0.2212415188550949,False,3400,1190,0.009653283283114433,0.22619625219777853,39.53984832763672,926.4998358718487,0.32041815205192814,0.1907962669643234,0.9708062420263907
3,last_label_token,25,4096,4096,10000.0,0.22185611724853516,False,3400,1190,0.009604775346815586,0.22767766583867433,39.341156005859375,932.5677389705883,0.3159674071351858,0.1854965971566438,0.9709529412281623
3,last_label_token,26,4096,4096,10000.0,0.222502663731575,False,3400,1190,0.0096236951649189,0.22883768241946437,39.41865539550781,937.3191307773109,0.31248226445946004,0.18134670634970929,0.9708957233288824
3,last_label_token,27,4096,4096,10000.0,0.22319015860557556,False,3400,1190,0.009649780578911304,0.2295473499458377,39.5255012512207,940.225912552521,0.31035014615813716,0.1788079126872335,0.9708168350128141
3,last_label_token,28,4096,4096,10000.0,0.2237546443939209,False,3400,1190,0.00976022332906723,0.23059564959101317,39.977874755859375,944.5197610294117,0.3072006447709579,0.17505768261943266,0.970482830630737
4,pre_label_token,0,4096,4096,0.1,0.3663851320743561,True,3400,1190,0.3306625783443451,0.3328462392342191,1354.3939208984375,1363.3382090336133,-4.4844147506495347e-08,-0.19073776288615774,0.0
4,pre_label_token,1,4096,4096,100000.0,0.28882452845573425,False,3400,1190,0.09566621482372284,0.28733811097986556,391.8487854003906,1176.9368697478992,0.13672413867022093,-0.027935121776567984,0.7106832732547739
4,pre_label_token,2,4096,4096,10000.0,0.29304927587509155,False,3400,1190,0.04095325246453285,0.2930073970506171,167.74449157714844,1200.1583114495797,0.11969139004121665,-0.048216657865362667,0.876147906819123
4,pre_label_token,3,4096,4096,10000.0,0.2761628031730652,False,3400,1190,0.03405918553471565,0.28593607990681624,139.5064239501953,1171.1941898634454,0.14093638736243352,-0.02291943841700661,0.8969971573280145
4,pre_label_token,4,4096,4096,3162.2776601683795,0.24103258550167084,False,3400,1190,0.016777006909251213,0.2724137586705825,68.71862030029297,1115.8067423844539,0.1815627194301822,0.02545586717426529,0.9492624566310011
4,pre_label_token,5,4096,4096,10000.0,0.23626616597175598,False,3400,1190,0.01944144070148468,0.2569334815530216,79.63212585449219,1052.3995076155463,0.22807151534560632,0.08083564429366741,0.9412045935199878
4,pre_label_token,6,4096,4096,3162.2776601683795,0.2234170138835907,False,3400,1190,0.011376469396054745,0.25865553206756337,46.5980110168457,1059.4530724789915,0.22289780331650966,0.07467511028258755,0.9655949292689313
4,pre_label_token,7,4096,4096,31622.776601683792,0.219370499253273,False,3400,1190,0.02466568723320961,0.24578673899674616,101.03065490722656,1006.7424632352942,0.26156068163988977,0.12071245745960324,0.9254052655225978
4,pre_label_token,8,4096,4096,31622.776601683792,0.21630318462848663,False,3400,1190,0.023016255348920822,0.2404136289067629,94.27458190917969,984.7342601102941,0.2777036019964416,0.1399344414694197,0.9303935284598424
4,pre_label_token,9,4096,4096,31622.776601683792,0.20666183531284332,False,3400,1190,0.020230568945407867,0.2201933836736599,82.86441040039062,901.9121257878152,0.3384531126004474,0.21227117457858347,0.9388180874693955
4,pre_label_token,10,4096,4096,31622.776601683792,0.2036212831735611,False,3400,1190,0.019823020324110985,0.21472373369361172,81.1950912475586,879.5083935136555,0.3548860764756411,0.23183852434343932,0.9400506086193168
4,pre_label_token,11,4096,4096,31622.776601683792,0.2017701119184494,False,3400,1190,0.01910383626818657,0.21352191492289055,78.24931335449219,874.5857536764706,0.3584968092493709,0.23613796001600562,0.9422255872925172
4,pre_label_token,12,4096,4096,31622.776601683792,0.2009543478488922,False,3400,1190,0.018476994708180428,0.21288072281524914,75.68177032470703,871.9594669117647,0.3604232006602226,0.23843178691214173,0.9441213009325208
4,pre_label_token,13,4096,4096,31622.776601683792,0.20028503239154816,False,3400,1190,0.015521856024861336,0.2104144352824748,63.57752227783203,861.8575236344537,0.3678328912400144,0.24725478490114172,0.9530583227694511
4,pre_label_token,14,4096,4096,31622.776601683792,0.2016337364912033,False,3400,1190,0.015933312475681305,0.2125776827836237,65.26284790039062,870.7181919642857,0.3613336512211549,0.23951589472766877,0.9518139834405794
4,pre_label_token,15,4096,4096,31622.776601683792,0.20291493833065033,False,3400,1190,0.015507820062339306,0.21347980980111772,63.5200309753418,874.4132910976891,0.3586233094728911,0.23628858860240987,0.9531007707615774
4,pre_label_token,16,4096,4096,31622.776601683792,0.2027529627084732,False,3400,1190,0.015087669715285301,0.2128911931975549,61.799095153808594,872.0022945115546,0.3603917435441699,0.23839432973782604,0.9543714024404257
4,pre_label_token,17,4096,4096,31622.776601683792,0.20442982017993927,False,3400,1190,0.016223853453993797,0.21468178644901564,66.4529037475586,879.336594012605,0.35501210237448755,0.23198858813356804,0.9509353204247424
4,pre_label_token,18,4096,4096,10000.0,0.20651397109031677,False,3400,1190,0.009852444753050804,0.2187428947256393,40.35561752319336,895.9708967962185,0.34281094766688436,0.2174602131239214,0.970203931747031
4,pre_label_token,19,4096,4096,10000.0,0.2093992680311203,False,3400,1190,0.009977659210562706,0.22024544307163785,40.86849594116211,902.1253151260504,0.3382967058450871,0.21208493515695714,0.9698252543105371
4,pre_label_token,20,4096,4096,10000.0,0.21453379094600677,False,3400,1190,0.010476691648364067,0.2217630177986722,42.91252899169922,908.3413077731093,0.33373731890840375,0.20665590119929877,0.9683160649722695
4,pre_label_token,21,4096,4096,10000.0,0.21784445643424988,False,3400,1190,0.010730891488492489,0.22386148757293445,43.953731536865234,916.9366727941176,0.3274326964701443,0.19914874951797568,0.9675473059509094
4,pre_label_token,22,4096,4096,10000.0,0.22203463315963745,False,3400,1190,0.010928148403763771,0.2247544921746775,44.76169967651367,920.5944294905462,0.32474976202016037,0.19595407829629385,0.966950755484694
4,pre_label_token,23,4096,4096,10000.0,0.22512087225914001,False,3400,1190,0.011042448692023754,0.2255302685649455,45.2298698425293,923.7719669117647,0.3224190268829934,0.19317878407763933,0.966605085016532
4,pre_label_token,24,4096,4096,10000.0,0.22703145444393158,False,3400,1190,0.01114464458078146,0.22684740980132287,45.64846420288086,929.1669839810925,0.3184618204008839,0.18846678909515902,0.96629602104785
4,pre_label_token,25,4096,4096,10000.0,0.22732208669185638,False,3400,1190,0.011103140190243721,0.22822799602476487,45.47846221923828,934.8219045430673,0.31431400040889745,0.18352782341853024,0.9664215399098438
4,pre_label_token,26,4096,4096,10000.0,0.22783024609088898,False,3400,1190,0.0109714325517416,0.22994469153780897,44.93899154663086,941.8534335609244,0.3091563768948765,0.17738644660904068,0.9668198542251849
4,pre_label_token,27,4096,4096,10000.0,0.22886598110198975,False,3400,1190,0.011162417009472847,0.232268796648298,45.721256256103516,951.3729910714286,0.3021738578192258,0.16907209783844035,0.9662422731191295
4,pre_label_token,28,4096,4096,10000.0,0.2314869463443756,False,3400,1190,0.011620097793638706,0.23506878844830167,47.59592819213867,962.8417509191177,0.2937615893435209,0.15905529254207695,0.9648581407311904
4,first_label_token,0,4096,4096,31622.776601683792,0.3118622899055481,False,3400,1190,0.07623328268527985,0.2853899563060087,312.25152587890625,1168.957293855042,0.1425771558642932,-0.02096571348930132,0.7694529478751838
4,first_label_token,1,4096,4096,31622.776601683792,0.29038527607917786,False,3400,1190,0.0677265152335167,0.2779145545318347,277.4078063964844,1138.338028492647,0.16503618116859198,0.005777094858884557,0.7951793771988686
4,first_label_token,2,4096,4096,31622.776601683792,0.27442842721939087,False,3400,1190,0.05713683366775513,0.2646249210133272,234.032470703125,1083.9037060136554,0.20496342849169635,0.05331997388258036,0.8272050198306564
4,first_label_token,3,4096,4096,31622.776601683792,0.2709793150424957,False,3400,1190,0.054579950869083405,0.26694199377749145,223.55947875976562,1093.3944294905461,0.19800203732981236,0.04503078291562479,0.8349376238993547
4,first_label_token,4,4096,4096,10000.0,0.2515502870082855,False,3400,1190,0.02504190057516098,0.25503313080603335,102.5716323852539,1044.6157234768907,0.23378091088085406,0.08763403685587234,0.9242675094939746
4,first_label_token,5,4096,4096,10000.0,0.23749171197414398,False,3400,1190,0.02070019207894802,0.2460159189560834,84.7879867553711,1007.6812106092437,0.2608721355708643,0.1198925796904945,0.9373978386589871
4,first_label_token,6,4096,4096,10000.0,0.23126815259456635,False,3400,1190,0.0171908400952816,0.23963642921768316,70.41368103027344,981.5508469012605,0.28003861327889046,0.14271482745551278,0.9480109295059709
4,first_label_token,7,4096,4096,10000.0,0.22601252794265747,False,3400,1190,0.015243610367178917,0.2309857873355641,62.437828063964844,946.1177914915967,0.3060285186777085,0.17366198787992526,0.9538998018962263
4,first_label_token,8,4096,4096,10000.0,0.22093002498149872,False,3400,1190,0.014206459745764732,0.2256120425312459,58.189659118652344,924.1068868172268,0.3221733459639132,0.19288624254278863,0.9570363848945422
4,first_label_token,9,4096,4096,10000.0,0.21751238405704498,False,3400,1190,0.013348566368222237,0.2221078103329955,54.675724029541016,909.7535976890756,0.33270142752931375,0.20542242627128227,0.9596308525897923
4,first_label_token,10,4096,4096,10000.0,0.215765118598938,False,3400,1190,0.012610063888132572,0.22001315044755695,51.650814056396484,901.1738543855042,0.33899460357417754,0.21291594830035154,0.9618642546390577
4,first_label_token,11,4096,4096,10000.0,0.2145661860704422,False,3400,1190,0.01197440829128027,0.21743337006128136,49.047176361083984,890.6070804884454,0.34674527099316044,0.22214496026983865,0.9637866239619943
4,first_label_token,12,4096,4096,10000.0,0.2141643613576889,False,3400,1190,0.011677810922265053,0.21895859742364965,47.832313537597656,896.8544183298319,0.34216289255236776,0.2166885494612395,0.964683602901977
4,first_label_token,13,4096,4096,10000.0,0.21374745666980743,False,3400,1190,0.011051751673221588,0.21844559036383107,45.26797103881836,894.753111869748,0.34370416603649734,0.21852380191942733,0.9665769506529628
4,first_label_token,14,4096,4096,10000.0,0.21448685228824615,False,3400,1190,0.010641246102750301,0.2181727064757788,43.586544036865234,893.6353893119748,0.34452401576926683,0.21950002791235013,0.9678184143000641
4,first_label_token,15,4096,4096,10000.0,0.21444696187973022,False,3400,1190,0.010487125255167484,0.21936902759455834,42.955265045166016,898.5355567226891,0.3409298000882367,0.21522025976491255,0.9682845113357629
4,first_label_token,16,4096,4096,10000.0,0.21456149220466614,False,3400,1190,0.010476033203303814,0.21973454210938526,42.90983581542969,900.0326910451681,0.33983165178991415,0.21391265317548924,0.9683180562621928
4,first_label_token,17,4096,4096,10000.0,0.21573036909103394,False,3400,1190,0.010446274653077126,0.21994995469806575,42.787940979003906,900.9150045955882,0.33918446827708226,0.2131420273618011,0.9684080529905063
4,first_label_token,18,4096,4096,10000.0,0.21633611619472504,False,3400,1190,0.010394247248768806,0.2200741976249118,42.5748405456543,901.4239036239496,0.33881119402076665,0.21269755562882475,0.9685653958763231
4,first_label_token,19,4096,4096,10000.0,0.21797098219394684,False,3400,1190,0.010437107644975185,0.22075829866553556,42.75039291381836,904.2259519432773,0.33675588742371565,0.21025022455915554,0.9684357761400317
4,first_label_token,20,4096,4096,10000.0,0.2198970913887024,False,3400,1190,0.010269535705447197,0.2211012776158437,42.06401824951172,905.6308167016807,0.3357254447590251,0.20902323762084274,0.9689425523841627
4,first_label_token,21,4096,4096,10000.0,0.22008264064788818,False,3400,1190,0.010358285158872604,0.2223098987290839,42.42753601074219,910.5813583245798,0.3320942750927538,0.20469946696966246,0.9686741535412402
4,first_label_token,22,4096,4096,10000.0,0.2221420854330063,False,3400,1190,0.01045872364193201,0.22374775750296458,42.838932037353516,916.4708278623949,0.3277743860002157,0.1995556121263692,0.9683704043732444
4,first_label_token,23,4096,4096,10000.0,0.2234416902065277,False,3400,1190,0.01054293755441904,0.22427642165111894,43.183868408203125,918.6362230829832,0.3261860725102447,0.19766434735937122,0.9681157220535557
4,first_label_token,24,4096,4096,10000.0,0.2240486890077591,False,3400,1190,0.01064291037619114,0.2254987283915031,43.593360900878906,923.6428210346638,0.3225137858772047,0.1932916171853598,0.9678133811528323
4,first_label_token,25,4096,4096,10000.0,0.22481119632720947,False,3400,1190,0.010621019639074802,0.22726226774584346,43.50369644165039,930.8662683823529,0.317215425176233,0.18698265930024072,0.9678795837973104
4,first_label_token,26,4096,4096,10000.0,0.2258729189634323,False,3400,1190,0.010729514062404633,0.22883129039732347,43.948097229003906,937.2929589023109,0.31250146858939776,0.18136957343140414,0.9675514716055013
4,first_label_token,27,4096,4096,10000.0,0.2267523854970932,False,3400,1190,0.010921970009803772,0.23060068242690143,44.73639678955078,944.5403820903362,0.3071855241671453,0.17503967794628283,0.966969440374865
4,first_label_token,28,4096,4096,10000.0,0.22776423394680023,False,3400,1190,0.011255549266934395,0.23211786767013934,46.10272979736328,950.7547859768907,0.30262730739183974,0.1696120373439033,0.9659606196646386
4,last_label_token,0,4096,4096,31622.776601683792,0.2957649528980255,False,3400,1190,0.05678689479827881,0.2809178216116769,232.59912109375,1150.6394268644958,0.15601319439418604,-0.004966915745616918,0.8282633157866987
4,last_label_token,1,4096,4096,31622.776601683792,0.2742040455341339,False,3400,1190,0.0468924455344677,0.270456391021985,192.0714569091797,1107.7893612132352,0.18744341599709347,0.03245823433454631,0.8581864153807122
4,last_label_token,2,4096,4096,31622.776601683792,0.25875124335289,False,3400,1190,0.03705603629350662,0.2582585879734584,151.78152465820312,1057.8271829044118,0.224090378340998,0.07609515433563985,0.8879339885418869
4,last_label_token,3,4096,4096,31622.776601683792,0.25424325466156006,False,3400,1190,0.034548938274383545,0.25837398657277855,141.512451171875,1058.299862132353,0.22374367589736932,0.07568232266203956,0.8955160319399524
4,last_label_token,4,4096,4096,10000.0,0.23867501318454742,False,3400,1190,0.015822671353816986,0.2516242644366096,64.80965423583984,1030.652980567227,0.24402247626592266,0.09982905496406602,0.9521485877445146
4,last_label_token,5,4096,4096,10000.0,0.2311011552810669,False,3400,1190,0.013882611878216267,0.24299682969806574,56.86317443847656,995.3150078781513,0.26994265834544084,0.13069319320295747,0.9580157756353088
4,last_label_token,6,4096,4096,10000.0,0.22628428041934967,False,3400,1190,0.012824947014451027,0.23630233251747965,52.530982971191406,967.8943539915966,0.29005554138776446,0.15464236148798483,0.9612143984400454
4,last_label_token,7,4096,4096,31622.776601683792,0.22120024263858795,False,3400,1190,0.021035607904195786,0.22253818431822192,86.16184997558594,911.5163865546218,0.33140841606096627,0.20388278875711985,0.9363834637426381
4,last_label_token,8,4096,4096,31622.776601683792,0.21721519529819489,False,3400,1190,0.019786272197961807,0.2187952362188772,81.04457092285156,896.185277704832,0.34265369338723406,0.21727296452316325,0.9401617434393897
4,last_label_token,9,4096,4096,31622.776601683792,0.2141612321138382,False,3400,1190,0.018570473417639732,0.21528948295016248,76.06465148925781,881.8257287289916,0.35318634484213085,0.22981458979140823,0.9438385997271792
4,last_label_token,10,4096,4096,31622.776601683792,0.2135532945394516,False,3400,1190,0.017955902963876724,0.2149937990332852,73.54737854003906,880.6146271008404,0.3540746947625544,0.23087238154087764,0.945697202708019
4,last_label_token,11,4096,4096,31622.776601683792,0.21260270476341248,False,3400,1190,0.01737269200384617,0.21335469253924713,71.1585464477539,873.9008239233193,0.35899921057295825,0.23673618821729814,0.9474609673376628
4,last_label_token,12,4096,4096,31622.776601683792,0.21255850791931152,False,3400,1190,0.016538646072149277,0.21394501293406767,67.74229431152344,876.318746717437,0.3572256576475862,0.23462435186928376,0.9499833148493559
4,last_label_token,13,4096,4096,31622.776601683792,0.21193037927150726,False,3400,1190,0.0160545501857996,0.21381021066874015,65.75943756103516,875.7666130514706,0.35763065627903456,0.23510659901204067,0.9514473326065923
4,last_label_token,14,4096,4096,31622.776601683792,0.21230433881282806,False,3400,1190,0.015776988118886948,0.21418509122704257,64.62255096435547,877.3021402310924,0.3565043687296361,0.2337654859552445,0.9522867443970116
4,last_label_token,15,4096,4096,31622.776601683792,0.212319478392601,False,3400,1190,0.015613547526299953,0.21610214810411468,63.953086853027344,885.1543658088235,0.3507447814575927,0.22690732819933224,0.9527810264939012
4,last_label_token,16,4096,4096,31622.776601683792,0.21231020987033844,False,3400,1190,0.01560963038355112,0.21742154770538585,63.93704605102539,890.5586692489496,0.3467807899656832,0.22218725404982387,0.952792872838197
4,last_label_token,17,4096,4096,31622.776601683792,0.21314550936222076,False,3400,1190,0.015529136173427105,0.21788398197719028,63.60734176635742,892.4527704831933,0.34539145688021466,0.22053292275391634,0.9530363059189135
4,last_label_token,18,4096,4096,31622.776601683792,0.21344737708568573,False,3400,1190,0.01518742460757494,0.21801435246187098,62.20769119262695,892.9867975315126,0.34499977304798324,0.22006653004468146,0.954069720608786
4,last_label_token,19,4096,4096,10000.0,0.21494066715240479,False,3400,1190,0.008792348206043243,0.2197860325084013,36.013458251953125,900.2435825892857,0.3396769545295709,0.2137284493140439,0.9734099085234644
4,last_label_token,20,4096,4096,10000.0,0.21558938920497894,False,3400,1190,0.008710355497896671,0.22000324505717814,35.677616119384766,901.1332950367647,0.3390243632339106,0.21295138424941717,0.9736578734082637
4,last_label_token,21,4096,4096,10000.0,0.21625283360481262,False,3400,1190,0.008774818852543831,0.22087834302116843,35.94165802001953,904.7176667542017,0.33639522731443416,0.20982077296672574,0.9734629213366687
4,last_label_token,22,4096,4096,10000.0,0.21769841015338898,False,3400,1190,0.00877949595451355,0.22196665451306255,35.9608154296875,909.1754201680673,0.3331255147192058,0.2059274028803978,0.9734487767001841
4,last_label_token,23,4096,4096,10000.0,0.2186107635498047,False,3400,1190,0.0087753776460886,0.22221476771250492,35.94395065307617,910.1916885504202,0.3323800858054238,0.2050397925630144,0.9734612314159418
4,last_label_token,24,4096,4096,10000.0,0.21915757656097412,False,3400,1190,0.008789882063865662,0.22282769740128716,36.003353118896484,912.7022354254202,0.3305386057343894,0.2028470728011622,0.9734173667069393
4,last_label_token,25,4096,4096,10000.0,0.2198922038078308,False,3400,1190,0.008720425888895988,0.22422546579056427,35.71886444091797,918.4275078781512,0.3263391638083677,0.19784663894104093,0.9736274182202296
4,last_label_token,26,4096,4096,10000.0,0.22050556540489197,False,3400,1190,0.008714142255485058,0.22528297520485244,35.6931266784668,922.7590565913865,0.32316199267930734,0.19406346146817044,0.9736464213788041
4,last_label_token,27,4096,4096,10000.0,0.22132520377635956,False,3400,1190,0.008756264112889767,0.22627339162746396,35.86566162109375,926.8158055409664,0.32018639509014857,0.1905203052104959,0.973519035154407
4,last_label_token,28,4096,4096,31622.776601683792,0.22193314135074615,False,3400,1190,0.015309369191527367,0.22717317052248145,62.707176208496094,930.50131302521,0.3174831080185042,0.18730139935471612,0.9537009320250793
5,pre_label_token,0,4096,4096,0.1,0.3663851320743561,True,3400,1190,0.3306625783443451,0.3328462392342191,1354.3939208984375,1363.3382090336133,-4.4844147506495347e-08,-0.19073776288615774,0.0
5,pre_label_token,1,4096,4096,100000.0,0.2920401692390442,False,3400,1190,0.08435611426830292,0.28547006655140084,345.52264404296875,1169.285412289916,0.14233647341233313,-0.021252303160862462,0.7448876292845688
5,pre_label_token,2,4096,4096,100000.0,0.29027259349823,False,3400,1190,0.08078429102897644,0.27821348494842274,330.8924865722656,1139.5624277836134,0.1641380774956136,0.004707688948439093,0.7556896476357559
5,pre_label_token,3,4096,4096,3162.2776601683795,0.27458181977272034,False,3400,1190,0.020956115797162056,0.2851537880777311,85.83625030517578,1167.9899028361344,0.14328669742141498,-0.020120835600787146,0.9366238662321843
5,pre_label_token,4,4096,4096,3162.2776601683795,0.24110643565654755,False,3400,1190,0.015301520004868507,0.27127961551441865,62.675025939941406,1111.1613051470588,0.18497012823742265,0.029513197332689756,0.9537246697782238
5,pre_label_token,5,4096,4096,31622.776601683792,0.23517808318138123,False,3400,1190,0.026500804349780083,0.2509351778431099,108.54730224609375,1027.830442489496,0.246092761410158,0.10229422155470091,0.9198554475608586
5,pre_label_token,6,4096,4096,3162.2776601683795,0.22243577241897583,False,3400,1190,0.009991959668695927,0.2550704298900957,40.927066802978516,1044.768474264706,0.233668849870879,0.08750060158553163,0.9697820064226
5,pre_label_token,7,4096,4096,31622.776601683792,0.217006653547287,False,3400,1190,0.022129567340016365,0.24117368169191505,90.64271545410156,987.8473805147058,0.2754201067074915,0.13721539751942746,0.9330750777701519
5,pre_label_token,8,4096,4096,31622.776601683792,0.2137780785560608,False,3400,1190,0.02060587704181671,0.2360343981189888,84.40167236328125,966.7968979779412,0.2908605209216254,0.15560088097431957,0.93768306911235
5,pre_label_token,9,4096,4096,31622.776601683792,0.20399941504001617,False,3400,1190,0.01793399080634117,0.21517271073926397,73.4576187133789,881.3474330357143,0.3535371741511948,0.23023233547930444,0.9457634701327917
5,pre_label_token,10,4096,4096,31622.776601683792,0.20099082589149475,False,3400,1190,0.01750018820166588,0.20948342074867057,71.68077087402344,858.0440848214286,0.37063002236487486,0.2505854344098971,0.9470753893915339
5,pre_label_token,11,4096,4096,31622.776601683792,0.19987903535366058,False,3400,1190,0.016691749915480614,0.20807445189532112,68.36940002441406,852.2729451155462,0.3748631148575978,0.2556259372687353,0.9495202934693803
5,pre_label_token,12,4096,4096,31622.776601683792,0.19965440034866333,False,3400,1190,0.016272488981485367,0.20742659368434874,66.65211486816406,849.6193310136555,0.3768095338452828,0.25794361175583636,0.9507882353577382
5,pre_label_token,13,4096,4096,31622.776601683792,0.19923652708530426,False,3400,1190,0.013790931552648544,0.20528330602565734,56.48765563964844,840.8404477415967,0.3832488067051366,0.2656110967717503,0.9582930381124442
5,pre_label_token,14,4096,4096,31622.776601683792,0.20094700157642365,False,3400,1190,0.014321209862828255,0.20751219517042657,58.65967559814453,849.9699021796218,0.3765523535625388,0.257637377495036,0.9566893540401948
5,pre_label_token,15,4096,4096,31622.776601683792,0.20228469371795654,False,3400,1190,0.01399527583271265,0.20876763287712546,57.324649810791016,855.112237394958,0.37278052857245836,0.253146123245756,0.9576750538183421
5,pre_label_token,16,4096,4096,31622.776601683792,0.2024332731962204,False,3400,1190,0.013551604002714157,0.20830059692639263,55.50736999511719,853.1992285976891,0.3741836868979096,0.25481691677625373,0.9590168198936566
5,pre_label_token,17,4096,4096,31622.776601683792,0.20382647216320038,False,3400,1190,0.014694368466734886,0.21004113429734686,60.188133239746094,860.3284696691177,0.36895443313493603,0.24859024712819622,0.955560836244879
5,pre_label_token,18,4096,4096,31622.776601683792,0.20626859366893768,False,3400,1190,0.014382699504494667,0.2122050461648893,58.91153335571289,869.1918822216387,0.36245319710006374,0.24084898022318801,0.9565033951634018
5,pre_label_token,19,4096,4096,31622.776601683792,0.20930497348308563,False,3400,1190,0.014623857103288174,0.21410054278974774,59.89931869506836,876.9558363970589,0.35675838524272885,0.23406795299621685,0.9557740788918085
5,pre_label_token,20,4096,4096,10000.0,0.21403904259204865,False,3400,1190,0.009367582388222218,0.21761158374177308,38.3696174621582,891.3370798319328,0.3462098475228711,0.22150741135321983,0.9716702675121979
5,pre_label_token,21,4096,4096,10000.0,0.21716880798339844,False,3400,1190,0.009644683450460434,0.21989965038139278,39.5046272277832,900.7089646796219,0.33933560208302394,0.21332198808371428,0.9708322499063784
5,pre_label_token,22,4096,4096,10000.0,0.22148726880550385,False,3400,1190,0.00987418182194233,0.22062658662555598,40.44464874267578,903.6865021008404,0.33715160181180404,0.21072141660323962,0.9701381938307528
5,pre_label_token,23,4096,4096,10000.0,0.22446437180042267,False,3400,1190,0.00999944657087326,0.22150120454676012,40.957733154296875,907.2689502363445,0.3345239081282646,0.2075925226452643,0.9697593643013935
5,pre_label_token,24,4096,4096,10000.0,0.2261759340763092,False,3400,1190,0.010121299885213375,0.22269709691280076,41.456844329833984,912.1673417804622,0.33093098058784587,0.20331428833542786,0.9693908517380722
5,pre_label_token,25,4096,4096,10000.0,0.22694692015647888,False,3400,1190,0.010082362219691277,0.22413051028211578,41.29735565185547,918.038537289916,0.32662444722609585,0.19818633666442154,0.9695086082308603
5,pre_label_token,26,4096,4096,10000.0,0.2277025729417801,False,3400,1190,0.00992723647505045,0.22586398084624476,40.661964416503906,925.1388721113445,0.3214164249096857,0.1919849481004141,0.9699777443073331
5,pre_label_token,27,4096,4096,10000.0,0.2286439836025238,False,3400,1190,0.010128218680620193,0.2276366426163361,41.48517608642578,932.3997111344538,0.31609065691043414,0.18564335531171794,0.9693699277029381
5,pre_label_token,28,4096,4096,10000.0,0.23144282400608063,False,3400,1190,0.010555906221270561,0.22988421015378807,43.23699188232422,941.6057116596638,0.30933808658422823,0.1776028151883312,0.9680765018100178
5,first_label_token,0,4096,4096,100000.0,0.3164394795894623,False,3400,1190,0.11741749197244644,0.27581598378029193,480.9420471191406,1129.7422597163866,0.17134110698202343,0.01328460778046514,0.644902387925584
5,first_label_token,1,4096,4096,31622.776601683792,0.2950197756290436,False,3400,1190,0.06829753518104553,0.27645622061080294,279.7467346191406,1132.3646632090336,0.1694175855966087,0.01099419833184423,0.7934524810064176
5,first_label_token,2,4096,4096,31622.776601683792,0.2770400047302246,False,3400,1190,0.05676659569144249,0.26144684623269476,232.51596069335938,1070.8862887342436,0.21451160584368412,0.06468934871247656,0.8283247049736395
5,first_label_token,3,4096,4096,31622.776601683792,0.2726806104183197,False,3400,1190,0.05416284501552582,0.26318856567895715,221.85101318359375,1078.0203847163866,0.20927880066500615,0.058458450259817774,0.8361990483267757
5,first_label_token,4,4096,4096,10000.0,0.25070512294769287,False,3400,1190,0.02389969490468502,0.25220673184434905,97.89315032958984,1033.0387605042017,0.2422725167795251,0.09774531221353522,0.9277218032220254
5,first_label_token,5,4096,4096,10000.0,0.2351779192686081,False,3400,1190,0.01947496272623539,0.24459433675814077,79.76944732666016,1001.8584066439075,0.2651431234749575,0.1249782060446678,0.9411032151755783
5,first_label_token,6,4096,4096,10000.0,0.22902163863182068,False,3400,1190,0.016083208844065666,0.238855822747495,65.87682342529297,978.3534926470588,0.2823838598617864,0.14550740099981607,0.9513606622055764
5,first_label_token,7,4096,4096,10000.0,0.22392788529396057,False,3400,1190,0.014264615252614021,0.2302389497516536,58.42786407470703,943.0587184873949,0.3082723103429533,0.17633375522796835,0.9568605092114199
5,first_label_token,8,4096,4096,10000.0,0.21835128962993622,False,3400,1190,0.013274616561830044,0.2244907972191562,54.37282943725586,919.5142922794117,0.3255420046122748,0.19689743142578753,0.9598544938822616
5,first_label_token,9,4096,4096,10000.0,0.21520550549030304,False,3400,1190,0.012401053681969643,0.2198202133178711,50.79472351074219,900.383600315126,0.339574262033837,0.21360616948689215,0.9624963497712298
5,first_label_token,10,4096,4096,10000.0,0.21343117952346802,False,3400,1190,0.01157563365995884,0.2172898492893251,47.413795471191406,890.0191898634454,0.34717646342220077,0.22265839735514292,0.964992610539968
5,first_label_token,11,4096,4096,31622.776601683792,0.21251462399959564,False,3400,1190,0.019193487241864204,0.21155317210349717,78.61652374267578,866.5217929359244,0.36441168127018586,0.24318102117798868,0.9419544620441551
5,first_label_token,12,4096,4096,10000.0,0.21222898364067078,False,3400,1190,0.010663507506251335,0.21548199613555138,43.67772674560547,882.6142725840336,0.35260796007664597,0.22912588524055177,0.9677510906748372
5,first_label_token,13,4096,4096,10000.0,0.21186348795890808,False,3400,1190,0.010132948867976665,0.2155069343182219,41.50455856323242,882.716409532563,0.3525330360401112,0.22903667036490272,0.9693556225239844
5,first_label_token,14,4096,4096,10000.0,0.212962806224823,False,3400,1190,0.009823493659496307,0.21560397989609661,40.237030029296875,883.1139049369748,0.3522414732378698,0.22868949554158968,0.970291486539894
5,first_label_token,15,4096,4096,10000.0,0.21286797523498535,False,3400,1190,0.009720838628709316,0.21633252776971384,39.816551208496094,886.0980271796218,0.35005263100259476,0.2260831585519264,0.9706019390601066
5,first_label_token,16,4096,4096,10000.0,0.21294055879116058,False,3400,1190,0.009717680513858795,0.21657748342562122,39.803619384765625,887.1013589810924,0.3493166885822875,0.22520684416005432,0.9706114899287485
5,first_label_token,17,4096,4096,10000.0,0.2141098976135254,False,3400,1190,0.009730235673487186,0.21695034283549847,39.855045318603516,888.6286173844538,0.3481964733518085,0.2238729616423797,0.9705735202265485
5,first_label_token,18,4096,4096,10000.0,0.21474522352218628,False,3400,1190,0.009698024019598961,0.21725818730202043,39.72311019897461,889.8895384716386,0.3472715883928099,0.2227716662447612,0.9706709357068533
5,first_label_token,19,4096,4096,10000.0,0.21655231714248657,False,3400,1190,0.009795047342777252,0.21793984966117794,40.120513916015625,892.6816307773109,0.34522360854693757,0.2203330594140085,0.9703775147710337
5,first_label_token,20,4096,4096,10000.0,0.21875005960464478,False,3400,1190,0.0097007155418396,0.2186436164278944,39.734134674072266,895.5642660189076,0.3431092184312631,0.21781537537070506,0.9706627959220185
5,first_label_token,21,4096,4096,10000.0,0.2189793586730957,False,3400,1190,0.00977405533194542,0.22028287518926026,40.03453063964844,902.2786699054622,0.3381842451503617,0.21195102396691223,0.970440999459676
5,first_label_token,22,4096,4096,10000.0,0.22091889381408691,False,3400,1190,0.009882565587759018,0.22174689108584109,40.47898864746094,908.2752921481092,0.3337857698495692,0.2067135935620048,0.9701128393867796
5,first_label_token,23,4096,4096,10000.0,0.22205908596515656,False,3400,1190,0.009969372302293777,0.22230540684291294,40.83454513549805,910.5629464285714,0.33210777047243045,0.20471553642714724,0.9698503158349178
5,first_label_token,24,4096,4096,10000.0,0.22255775332450867,False,3400,1190,0.010052303783595562,0.22347552596020098,41.17423629760742,915.3557444852942,0.3285922758330644,0.20052950439254935,0.9695995118832972
5,first_label_token,25,4096,4096,10000.0,0.22369563579559326,False,3400,1190,0.010042308829724789,0.22537887957917543,41.133296966552734,923.1518841911765,0.3228738584980577,0.19372036923316405,0.9696297389320332
5,first_label_token,26,4096,4096,10000.0,0.22464023530483246,False,3400,1190,0.010125560685992241,0.22684482766800568,41.47429656982422,929.1564009978991,0.31846957813742593,0.18847602652459994,0.9693779660925292
5,first_label_token,27,4096,4096,10000.0,0.22577354311943054,False,3400,1190,0.010313879698514938,0.22875477927071708,42.24565124511719,936.9796087184874,0.3127313378834402,0.181643287468074,0.9688084459083414
5,first_label_token,28,4096,4096,10000.0,0.22699928283691406,False,3400,1190,0.010646887123584747,0.23020420475166384,43.609649658203125,942.9164587710084,0.3083766978872675,0.17645805341338405,0.9678013545503256
5,last_label_token,0,4096,4096,31622.776601683792,0.29873594641685486,False,3400,1190,0.057193487882614136,0.27933968215429483,234.26451110839844,1144.1753151260505,0.16075454142512502,0.0006787849578936411,0.8270336844012205
5,last_label_token,1,4096,4096,31622.776601683792,0.27596670389175415,False,3400,1190,0.047064829617738724,0.2691280453145003,192.77757263183594,1102.3485097163866,0.1914342850846017,0.037210312650674426,0.8576650861025876
5,last_label_token,2,4096,4096,31622.776601683792,0.26101067662239075,False,3400,1190,0.03711985424160957,0.25575997729261385,152.0429229736328,1047.5929162289915,0.23159718027645382,0.08503378647784865,0.8877409883287315
5,last_label_token,3,4096,4096,31622.776601683792,0.25559622049331665,False,3400,1190,0.034680113196372986,0.2555257701072372,142.04974365234375,1046.6335642069328,0.2323008300951157,0.08587164885120424,0.8951193286823711
5,last_label_token,4,4096,4096,10000.0,0.2397354692220688,False,3400,1190,0.015635840594768524,0.2503680189116662,64.04440307617188,1025.507448135504,0.24779672825737953,0.10432319913540589,0.9527136071064997
5,last_label_token,5,4096,4096,10000.0,0.23017936944961548,False,3400,1190,0.01353385392576456,0.24218694382354994,55.43466567993164,991.9977219012605,0.2723758716895296,0.13359051208699457,0.9590705002255481
5,last_label_token,6,4096,4096,10000.0,0.2252395749092102,False,3400,1190,0.01238509826362133,0.2360888537238626,50.72936248779297,967.0198988970589,0.29069691502527795,0.15540606926404388,0.9625446026410531
5,last_label_token,7,4096,4096,31622.776601683792,0.21924373507499695,False,3400,1190,0.020276129245758057,0.22105208965910583,83.051025390625,905.4293329831933,0.3358732245838981,0.20919920463102049,0.9386803025994586
5,last_label_token,8,4096,4096,31622.776601683792,0.21486297249794006,False,3400,1190,0.018976621329784393,0.21727647220387178,77.72824096679688,889.9644432773109,0.347216653409277,0.2227062530882985,0.9426103146452135
5,last_label_token,9,4096,4096,31622.776601683792,0.21210631728172302,False,3400,1190,0.01768617331981659,0.21394722481735615,72.44256591796875,876.3278098739496,0.35721901228667485,0.23461643898745366,0.9465129274429156
5,last_label_token,10,4096,4096,31622.776601683792,0.2117532193660736,False,3400,1190,0.01712081767618656,0.2135604409610524,70.12686920166016,874.7435267857143,0.35838106199028164,0.2360001353898381,0.9482226934722644
5,last_label_token,11,4096,4096,31622.776601683792,0.21112091839313507,False,3400,1190,0.016549142077565193,0.21186341357832195,67.78528594970703,867.7925288865546,0.3634795947624606,0.24207115062473483,0.9499515725050348
5,last_label_token,12,4096,4096,31622.776601683792,0.21128982305526733,False,3400,1190,0.015792755410075188,0.21183891456668116,64.68712615966797,867.6921809348739,0.363553199357771,0.24215879439196253,0.9522390604671662
5,last_label_token,13,4096,4096,31622.776601683792,0.2106521725654602,False,3400,1190,0.015379976481199265,0.2118642742894277,62.99638366699219,867.7960740546218,0.3634770088502799,0.24206807148158782,0.9534873992750916
5,last_label_token,14,4096,4096,31622.776601683792,0.21135213971138,False,3400,1190,0.015134749934077263,0.21243410110473632,61.99193572998047,870.1301043855042,0.36176502663839427,0.24002954970392198,0.9542290209861115
5,last_label_token,15,4096,4096,31622.776601683792,0.2114509791135788,False,3400,1190,0.015010862611234188,0.2137669699532645,61.484493255615234,875.5894957983194,0.3577605682693705,0.23526129011784835,0.954603684860879
5,last_label_token,16,4096,4096,31622.776601683792,0.21152450144290924,False,3400,1190,0.015012827701866627,0.21494771492581408,61.4925422668457,880.4258403361345,0.3542131494124965,0.23103724471361775,0.9545977419729892
5,last_label_token,17,4096,4096,31622.776601683792,0.21244968473911285,False,3400,1190,0.014965014532208443,0.21543455845167656,61.29669952392578,882.4199514180672,0.35275048139853704,0.2292955907529336,0.9547423400399903
5,last_label_token,18,4096,4096,10000.0,0.212677463889122,False,3400,1190,0.008475217968225479,0.2169084156260771,34.71449279785156,888.4568802521009,0.34832243905716853,0.22402295375785408,0.9743689836005586
5,last_label_token,19,4096,4096,10000.0,0.21421456336975098,False,3400,1190,0.008416078053414822,0.21711966490545193,34.47225570678711,889.322127757353,0.34768776375083443,0.22326722193732096,0.9745478363606949
5,last_label_token,20,4096,4096,10000.0,0.2151772826910019,False,3400,1190,0.008359590545296669,0.2173424520412413,34.240882873535156,890.2346966911765,0.34701842421948614,0.22247021411689316,0.9747186676304472
5,last_label_token,21,4096,4096,10000.0,0.21587513387203217,False,3400,1190,0.008411189541220665,0.21823061694618032,34.452232360839844,893.8726267069328,0.34435003010810483,0.21929285662469422,0.9745626203505211
5,last_label_token,22,4096,4096,10000.0,0.2170998901128769,False,3400,1190,0.00841454416513443,0.21937281263976538,34.465972900390625,898.5510372899159,0.3409184283347644,0.21520671898922994,0.9745524751930903
5,last_label_token,23,4096,4096,10000.0,0.21809513866901398,False,3400,1190,0.008411843329668045,0.219652969296239,34.45491027832031,899.6985753676471,0.3400767283663898,0.21420447509681118,0.9745606431432706
5,last_label_token,24,4096,4096,10000.0,0.2183915227651596,False,3400,1190,0.008424912579357624,0.22043115311310071,34.508445739746094,902.8860195640756,0.33773876037988326,0.21142056845170087,0.9745211187140018
5,last_label_token,25,4096,4096,10000.0,0.21905188262462616,False,3400,1190,0.008355386555194855,0.22201027589685776,34.223663330078125,909.3540999212184,0.33299445905262615,0.2057713499561592,0.9747313814673829
5,last_label_token,26,4096,4096,10000.0,0.2195083051919937,False,3400,1190,0.008345200680196285,0.22306960129938205,34.181941986083984,913.6930540966387,0.3298118319859481,0.20198167589262672,0.9747621859057006
5,last_label_token,27,4096,4096,10000.0,0.22041358053684235,False,3400,1190,0.008378323167562485,0.22402505874633788,34.31761169433594,917.6066176470588,0.3269412648075394,0.19856358330567536,0.974662015854611
5,last_label_token,28,4096,4096,10000.0,0.2208634912967682,False,3400,1190,0.008493107743561268,0.22491500117197757,34.78776931762695,921.251831670168,0.3242675303300344,0.19537986683815056,0.9743148807884855
6,pre_label_token,0,4096,4096,0.1,0.3663851320743561,True,3400,1190,0.3306625783443451,0.3328462392342191,1354.3939208984375,1363.3382090336133,-4.4844147506495347e-08,-0.19073776288615774,0.0
6,pre_label_token,1,4096,4096,100000.0,0.29005712270736694,False,3400,1190,0.07870874553918839,0.2863215518598797,322.3910217285156,1172.7731551995798,0.13977827912832375,-0.024298441563030293,0.7619665765225397
6,pre_label_token,2,4096,4096,10000.0,0.2870654761791229,False,3400,1190,0.03357241302728653,0.29197199524951584,137.51260375976562,1195.9172728466388,0.12280214126951705,-0.04451256907298751,0.898469269805533
6,pre_label_token,3,4096,4096,3162.2776601683795,0.26657211780548096,False,3400,1190,0.019117366522550583,0.28613152704319034,78.30473327636719,1171.9947085084034,0.1403491878627834,-0.023618639004233,0.9421846686786487
6,pre_label_token,4,4096,4096,10000.0,0.23945492506027222,False,3400,1190,0.020589560270309448,0.2666540963309152,84.3348388671875,1092.2151654411764,0.1988669936536367,0.046060719027463004,0.9377324147975767
6,pre_label_token,5,4096,4096,31622.776601683792,0.23193375766277313,False,3400,1190,0.024342631921172142,0.24834816636157636,99.7074203491211,1017.2340795693277,0.2538651538622939,0.11154910234040338,0.9263822593924668
6,pre_label_token,6,4096,4096,31622.776601683792,0.22085724771022797,False,3400,1190,0.022590380162000656,0.24469630858477423,92.53019714355469,1002.2760701155462,0.264836760298252,0.12461340785736574,0.9316814733765382
6,pre_label_token,7,4096,4096,31622.776601683792,0.2150140255689621,False,3400,1190,0.020482288673520088,0.23940640377397296,83.89545440673828,980.6086068802521,0.28072969951304694,0.14353772989503133,0.9380568288795285
6,pre_label_token,8,4096,4096,31622.776601683792,0.21187007427215576,False,3400,1190,0.01907934620976448,0.23431647885747317,78.14900207519531,959.7602383140757,0.2960218210538026,0.16174663567169112,0.9422996508849101
6,pre_label_token,9,4096,4096,31622.776601683792,0.20199450850486755,False,3400,1190,0.016438355669379234,0.21188316425355544,67.33149719238281,867.8734309348739,0.3634202560234542,0.24200049375056631,0.950286616188359
6,pre_label_token,10,4096,4096,31622.776601683792,0.1991874724626541,False,3400,1190,0.016052305698394775,0.2064182481845888,65.750244140625,845.4891150210084,0.37983899738165405,0.261550908228114,0.9514541204548456
6,pre_label_token,11,4096,4096,31622.776601683792,0.198267862200737,False,3400,1190,0.015167037956416607,0.204623798562699,62.12418746948242,838.1390559348739,0.3852302245936209,0.26797044576982376,0.9541313745499741
6,pre_label_token,12,4096,4096,31622.776601683792,0.19827106595039368,False,3400,1190,0.014900654554367065,0.20449612721675584,61.0330810546875,837.6161666228992,0.3856137991593489,0.2684271824696368,0.9549369794762508
6,pre_label_token,13,4096,4096,31622.776601683792,0.19787651300430298,False,3400,1190,0.012738346122205257,0.20240942610412085,52.176265716552734,829.0690552783614,0.3918830639436295,0.27589223245904815,0.9614762995377729
6,pre_label_token,14,4096,4096,31622.776601683792,0.19977442920207977,False,3400,1190,0.0132914949208498,0.2045414491861808,54.44196319580078,837.8017889968487,0.3854776342696339,0.26826504580074473,0.9598034498267043
6,pre_label_token,15,4096,4096,31622.776601683792,0.20112796127796173,False,3400,1190,0.012966001406311989,0.20571855977803719,53.108741760253906,842.6232142857143,0.3819411345112136,0.2640540021787966,0.9607878173840118
6,pre_label_token,16,4096,4096,31622.776601683792,0.20130975544452667,False,3400,1190,0.012586682103574276,0.20508750546880128,51.555049896240234,840.038409269958,0.38383706801788886,0.2663115616998777,0.9619349665553422
6,pre_label_token,17,4096,4096,10000.0,0.20258697867393494,False,3400,1190,0.008153128437697887,0.2094912128288205,33.39521408081055,858.0760208771009,0.3706066119140995,0.2505575587033628,0.9753430567241045
6,pre_label_token,18,4096,4096,10000.0,0.20484896004199982,False,3400,1190,0.008056244812905788,0.21093861956556303,32.99837875366211,864.0046349789916,0.366258037013628,0.24537954658683603,0.9756360551797423
6,pre_label_token,19,4096,4096,10000.0,0.20775136351585388,False,3400,1190,0.00821232795715332,0.2122811573894084,33.637691497802734,869.5035681460084,0.3622245292680122,0.24057669681261717,0.9751640237057573
6,pre_label_token,20,4096,4096,10000.0,0.21276096999645233,False,3400,1190,0.008671099320054054,0.21369714416375682,35.516822814941406,875.3034893644958,0.35797035220083273,0.23551108775588514,0.9737765931558662
6,pre_label_token,21,4096,4096,10000.0,0.21577352285385132,False,3400,1190,0.00893468502908945,0.21612855125876035,36.59646987915039,885.2625525210084,0.3506654560733239,0.22681287247296367,0.9729794490993624
6,pre_label_token,22,4096,4096,10000.0,0.2202254980802536,False,3400,1190,0.009119131602346897,0.21730414879422227,37.35196304321289,890.0778262867647,0.34713350212700533,0.2226072417209053,0.9724216400658122
6,pre_label_token,23,4096,4096,10000.0,0.22354008257389069,False,3400,1190,0.009234453551471233,0.2179072155671961,37.82432174682617,892.5479418329832,0.3453216541055125,0.22044980595785157,0.9720728798592544
6,pre_label_token,24,4096,4096,10000.0,0.22527363896369934,False,3400,1190,0.00934412982314825,0.21953719964548318,38.2735595703125,899.224346769958,0.34042454559338864,0.21461863418500826,0.9717411934851078
6,pre_label_token,25,4096,4096,10000.0,0.22652411460876465,False,3400,1190,0.009304532781243324,0.22168346052410223,38.111366271972656,908.0154280462185,0.3339763400201359,0.20694051265040214,0.9718609440843536
6,pre_label_token,26,4096,4096,10000.0,0.2275623381137848,False,3400,1190,0.00919424556195736,0.2233792994202686,37.659629821777344,914.9616268382352,0.32888137792557703,0.2008737491559962,0.9721944781051617
6,pre_label_token,27,4096,4096,10000.0,0.2285294085741043,False,3400,1190,0.00937832985073328,0.22534111407624574,38.413639068603516,922.9972032563026,0.3229873208123989,0.19385547308945583,0.9716377647035496
6,pre_label_token,28,4096,4096,3162.2776601683795,0.23150070011615753,False,3400,1190,0.005991572979837656,0.22792763669951624,24.54148292541504,933.5916228991597,0.315216397081334,0.18460234116531749,0.981880099617447
6,first_label_token,0,4096,4096,31622.776601683792,0.31612029671669006,False,3400,1190,0.07795248925685883,0.28135472465963923,319.29345703125,1152.4289653361345,0.15470056707245317,-0.00652991059610919,0.7642536701698348
6,first_label_token,1,4096,4096,31622.776601683792,0.29410600662231445,False,3400,1190,0.06715940684080124,0.2732587141149184,275.0849609375,1119.267699579832,0.17902414340729778,0.022433088975413296,0.7968944439462308
6,first_label_token,2,4096,4096,31622.776601683792,0.27595198154449463,False,3400,1190,0.05575065687298775,0.257469226933327,228.35467529296875,1054.593992909664,0.22646192706976143,0.07891904683686812,0.8313971385811606
6,first_label_token,3,4096,4096,31622.776601683792,0.2707041800022125,False,3400,1190,0.053258705884218216,0.2594778902390424,218.1476593017578,1062.8214417016807,0.22042711832319573,0.0717331724927811,0.8389333738613878
6,first_label_token,4,4096,4096,10000.0,0.24744859337806702,False,3400,1190,0.02285102568566799,0.24914129962440298,93.59779357910156,1020.4827468487395,0.2514822719038895,0.10871171493527121,0.9308932211195927
6,first_label_token,5,4096,4096,10000.0,0.2332720160484314,False,3400,1190,0.018694140017032623,0.24167919479498343,76.57119750976562,989.917975315126,0.27390134799505816,0.1354069542489187,0.9434646033710989
6,first_label_token,6,4096,4096,10000.0,0.22710742056369781,False,3400,1190,0.015375125221908092,0.23412216090354598,62.97652053833008,958.9643776260505,0.2966056280485527,0.16244179667540326,0.953502070603536
6,first_label_token,7,4096,4096,10000.0,0.2219841480255127,False,3400,1190,0.013588281348347664,0.22721056337116144,55.65760040283203,930.6545069590336,0.31737076530301234,0.18716762864699354,0.9589058991302091
6,first_label_token,8,4096,4096,10000.0,0.2163112908601761,False,3400,1190,0.012595408596098423,0.2224347427111714,51.590789794921875,911.0927258403361,0.33171919503184266,0.2042528449970583,0.9619085756266564
6,first_label_token,9,4096,4096,10000.0,0.2138114720582962,False,3400,1190,0.011730115860700607,0.21792367245970654,48.04655456542969,892.6153426995799,0.3452722111756892,0.22039093239684326,0.9645254206888658
6,first_label_token,10,4096,4096,10000.0,0.21142835915088654,False,3400,1190,0.010963059961795807,0.21614078794206892,44.904701232910156,885.3126575630253,0.3506286922995001,0.22676909646112853,0.9668451748707436
6,first_label_token,11,4096,4096,10000.0,0.21079884469509125,False,3400,1190,0.010455959476530552,0.21362506401639025,42.82760238647461,875.0082490808824,0.35818690910339757,0.23576895022601918,0.9683787638477738
6,first_label_token,12,4096,4096,10000.0,0.21070796251296997,False,3400,1190,0.010226942598819733,0.21403667546120012,41.889556884765625,876.6942358193278,0.35695026763130155,0.23429643459207705,0.9690713637750396
6,first_label_token,13,4096,4096,10000.0,0.210548534989357,False,3400,1190,0.00968184694647789,0.21392927570503298,39.65684509277344,876.254303440126,0.35727293842737395,0.23468065087671108,0.9707198589118984
6,first_label_token,14,4096,4096,10000.0,0.2119593620300293,False,3400,1190,0.00943872332572937,0.21424223314814206,38.6610107421875,877.5361902573529,0.3563326920906167,0.2335610641073258,0.9714551208879159
6,first_label_token,15,4096,4096,10000.0,0.21212992072105408,False,3400,1190,0.009356515482068062,0.2147909725413603,38.32428741455078,879.7838465073529,0.35468406472715763,0.23159798133676046,0.971703736392195
6,first_label_token,16,4096,4096,10000.0,0.21203412115573883,False,3400,1190,0.009360902942717075,0.2150277450305073,38.34225845336914,880.7536305147058,0.3539727077344824,0.2307509417406738,0.971690467697954
6,first_label_token,17,4096,4096,10000.0,0.21347908675670624,False,3400,1190,0.00939327385276556,0.21545141765049525,38.47484588623047,882.4890001313025,0.35269982978350456,0.22923527796486787,0.971592570590242
6,first_label_token,18,4096,4096,10000.0,0.21426166594028473,False,3400,1190,0.009376384317874908,0.21572318517861247,38.405670166015625,883.6021796218488,0.3518833340318035,0.22826304568368017,0.9716436484442139
6,first_label_token,19,4096,4096,10000.0,0.21577729284763336,False,3400,1190,0.009451951831579208,0.21630941759638425,38.71519470214844,886.003381039916,0.3501220629854199,0.22616583383212097,0.97141511483124
6,first_label_token,20,4096,4096,10000.0,0.21814028918743134,False,3400,1190,0.009389067068696022,0.21671217429537734,38.457618713378906,887.6530856092437,0.3489120246266241,0.2247249955283751,0.9716052928767813
6,first_label_token,21,4096,4096,10000.0,0.2183895856142044,False,3400,1190,0.00943844486027956,0.21837571088005514,38.65987014770508,894.4669380252101,0.3439141112865034,0.21877379164553767,0.9714559630317449
6,first_label_token,22,4096,4096,10000.0,0.22018203139305115,False,3400,1190,0.009581712074577808,0.21983932447032767,39.246700286865234,900.4618828781513,0.33951684467092025,0.21353780046768778,0.9710226898896324
6,first_label_token,23,4096,4096,10000.0,0.22125890851020813,False,3400,1190,0.009663491509854794,0.22078519468547916,39.5816650390625,904.3361574317227,0.3366750812796787,0.21015400563629238,0.9707753699912439
6,first_label_token,24,4096,4096,10000.0,0.22150243818759918,False,3400,1190,0.00973995216190815,0.22197696942241252,39.89484405517578,909.2176273634453,0.33309452470460843,0.20589050190139913,0.9705441353216415
6,first_label_token,25,4096,4096,10000.0,0.22270041704177856,False,3400,1190,0.009704671800136566,0.22364497064542369,39.75033950805664,916.0497997636554,0.3280831978479529,0.19992332603860663,0.9706508312832717
6,first_label_token,26,4096,4096,10000.0,0.22384947538375854,False,3400,1190,0.009796191938221455,0.22508776528494698,40.125205993652344,921.9594964548319,0.32374847948807706,0.1947618134274901,0.9703740532500781
6,first_label_token,27,4096,4096,10000.0,0.22518539428710938,False,3400,1190,0.0099751902744174,0.22709607517018038,40.85837936401367,930.1855370273109,0.31771473255461347,0.18757720342430428,0.9698327209436157
6,first_label_token,28,4096,4096,10000.0,0.2264920473098755,False,3400,1190,0.010289819911122322,0.22863243647984097,42.14710235595703,936.4784992121848,0.31309890338949475,0.1820809615768404,0.9688812082617746
6,last_label_token,0,4096,4096,31622.776601683792,0.29941657185554504,False,3400,1190,0.05782883241772652,0.2781048510254932,236.8668975830078,1139.1174730829832,0.16446445621045525,0.005096320391775433,0.8251122558008219
6,last_label_token,1,4096,4096,31622.776601683792,0.2774069011211395,False,3400,1190,0.04697620868682861,0.2684869461700696,192.41455078125,1099.722518382353,0.19336039719767606,0.03950380697641476,0.857933096263743
6,last_label_token,2,4096,4096,31622.776601683792,0.2609465420246124,False,3400,1190,0.03688587620854378,0.2544840916866014,151.0845489501953,1042.3668132878151,0.23543043873887137,0.08959819187926543,0.8884485919355181
6,last_label_token,3,4096,4096,31622.776601683792,0.25511351227760315,False,3400,1190,0.034398145973682404,0.25416956268438773,140.89480590820312,1041.0785484506303,0.23637540665271084,0.0907234008085307,0.8959720626811877
6,last_label_token,4,4096,4096,10000.0,0.23778477311134338,False,3400,1190,0.015168866142630577,0.24832049457966782,62.131675720214844,1017.1207359506302,0.25394829069812874,0.11164809650587948,0.9541258456926625
6,last_label_token,5,4096,4096,10000.0,0.22909998893737793,False,3400,1190,0.0132512291893363,0.2402086354103409,54.277034759521484,983.8945640756302,0.2783194824885462,0.1406677935959071,0.9599252226977534
6,last_label_token,6,4096,4096,10000.0,0.22338181734085083,False,3400,1190,0.012050138786435127,0.23384836982278262,49.35736846923828,957.8429096638655,0.29742820334239173,0.163421268096671,0.9635575974554751
6,last_label_token,7,4096,4096,31622.776601683792,0.21823608875274658,False,3400,1190,0.019967488944530487,0.22074618940593815,81.78683471679688,904.176437762605,0.3367922683669653,0.21029354472018968,0.9396137021476414
6,last_label_token,8,4096,4096,10000.0,0.21374395489692688,False,3400,1190,0.010696889832615852,0.2230839721295012,43.8144645690918,913.7519498424369,0.32976865640194064,0.20193026509661993,0.9676501348106095
6,last_label_token,9,4096,4096,31622.776601683792,0.2116500288248062,False,3400,1190,0.01735837571322918,0.21400826077501314,71.09990692138672,876.5778361344538,0.3570356364416164,0.23439808645373317,0.9475042631066872
6,last_label_token,10,4096,4096,31622.776601683792,0.21097129583358765,False,3400,1190,0.01678064838051796,0.21375711104449105,68.73353576660156,875.5491563813025,0.3577901882802147,0.23529655978171604,0.9492514439809305
6,last_label_token,11,4096,4096,31622.776601683792,0.21030071377754211,False,3400,1190,0.016228539869189262,0.21217945804115104,66.47209930419922,869.0870601365547,0.36253007381330116,0.2409405202246213,0.9509211476229125
6,last_label_token,12,4096,4096,31622.776601683792,0.2105395793914795,False,3400,1190,0.01553004514425993,0.211816476773815,63.61106491088867,867.6003151260504,0.3636206112471888,0.24223906427076014,0.9530335569811977
6,last_label_token,13,4096,4096,31622.776601683792,0.20998656749725342,False,3400,1190,0.01507644448429346,0.21139779932358685,61.753116607666016,865.8853827468488,0.3648784817581089,0.24373685812176626,0.9544053501312956
6,last_label_token,14,4096,4096,10000.0,0.2109307050704956,False,3400,1190,0.008527708239853382,0.21449084241851038,34.92949295043945,878.5544774159664,0.3555857727861085,0.23267167912550302,0.974210240897073
6,last_label_token,15,4096,4096,10000.0,0.2109297215938568,False,3400,1190,0.00845388974994421,0.2152130752050576,34.627132415771484,881.512756039916,0.35341590353778296,0.23008793398686211,0.9744334850581716
6,last_label_token,16,4096,4096,10000.0,0.21099543571472168,False,3400,1190,0.008408782072365284,0.21592703747148273,34.44237518310547,884.4371586134454,0.3512708821606907,0.2275337761454994,0.9745699010923197
6,last_label_token,17,4096,4096,10000.0,0.2117125540971756,False,3400,1190,0.008334659039974213,0.21598107955035042,34.138763427734375,884.6584887079832,0.3511085186579048,0.22734044380008767,0.9747940662602145
6,last_label_token,18,4096,4096,10000.0,0.21193444728851318,False,3400,1190,0.008231807500123978,0.21592110705976728,33.71748352050781,884.4128413865546,0.35128869943269914,0.22755499184315997,0.975105113069216
6,last_label_token,19,4096,4096,10000.0,0.21339254081249237,False,3400,1190,0.008151648566126823,0.21601666923330612,33.38915252685547,884.8042804621849,0.3510015933561993,0.22721312381124836,0.9753475321974963
6,last_label_token,20,4096,4096,10000.0,0.21431441605091095,False,3400,1190,0.008104393258690834,0.21601380260050798,33.195594787597656,884.7925288865546,0.3510102058402499,0.22722337902077971,0.975490443160305
6,last_label_token,21,4096,4096,10000.0,0.2151019275188446,False,3400,1190,0.008124999701976776,0.21706667507396024,33.279998779296875,889.1050945378151,0.3478469658917085,0.22345678992989104,0.9754281245169644
6,last_label_token,22,4096,4096,10000.0,0.2163064330816269,False,3400,1190,0.008160438388586044,0.21810290232425977,33.42515563964844,893.3495010504201,0.3447337346917637,0.21974974814176051,0.9753209497444615
6,last_label_token,23,4096,4096,10000.0,0.21705350279808044,False,3400,1190,0.008156802505254745,0.21860947328455307,33.41026306152344,895.4244419642857,0.3432117977632423,0.21793752044950687,0.9753319454953248
6,last_label_token,24,4096,4096,10000.0,0.21731244027614594,False,3400,1190,0.00816351268440485,0.21926909134167583,33.437747955322266,898.1262736344538,0.3412300476067125,0.21557777580734205,0.9753116523639287
6,last_label_token,25,4096,4096,10000.0,0.21807260811328888,False,3400,1190,0.00806766003370285,0.22083138698289376,33.045135498046875,904.5253216911765,0.3365363015849093,0.20998875542041917,0.9756015329158253
6,last_label_token,26,4096,4096,10000.0,0.2186354398727417,False,3400,1190,0.00805818010121584,0.22180142442719275,33.00630569458008,908.4986475840336,0.3336219304024941,0.20651850375407066,0.9756302024209579
6,last_label_token,27,4096,4096,10000.0,0.21944299340248108,False,3400,1190,0.00808731745928526,0.22295648190153747,33.12565612792969,913.2297203256303,0.33015168681855056,0.20238635385755843,0.9755420843211858
6,last_label_token,28,4096,4096,10000.0,0.21988342702388763,False,3400,1190,0.008198173716664314,0.2236396661325663,33.57971954345703,916.0280724789916,0.3280991346754425,0.19994230262006818,0.9752068293977708
7,pre_label_token,0,4096,4096,0.1,0.3663851320743561,True,3400,1190,0.3306625783443451,0.3328462392342191,1354.3939208984375,1363.3382090336133,-4.4844147506495347e-08,-0.19073776288615774,0.0
7,pre_label_token,1,4096,4096,100000.0,0.2864246666431427,False,3400,1190,0.07254722714424133,0.2885771150348567,297.1534729003906,1182.011843487395,0.13300168678551938,-0.0323675856074388,0.7806004310875113
7,pre_label_token,2,4096,4096,10000.0,0.28281906247138977,False,3400,1190,0.03106818161904812,0.2914179745842429,127.2552719116211,1193.6481026785714,0.12446663563602145,-0.042530592863559535,0.9060426439102692
7,pre_label_token,3,4096,4096,3162.2776601683795,0.2661822438240051,False,3400,1190,0.017985612154006958,0.28404433947651325,73.66905975341797,1163.4456013655463,0.1466199141449166,-0.016151848754216047,0.9456073552560365
7,pre_label_token,4,4096,4096,3162.2776601683795,0.2371315211057663,False,3400,1190,0.013109187595546246,0.26676730308212154,53.695228576660156,1092.6788799894957,0.19852687637743283,0.04565572856103861,0.9603547892804047
7,pre_label_token,5,4096,4096,31622.776601683792,0.22970004379749298,False,3400,1190,0.022626714780926704,0.24643308334991712,92.67902374267578,1009.3899225315126,0.25961881087204575,0.1184001987093779,0.9315715890978031
7,pre_label_token,6,4096,4096,31622.776601683792,0.21916186809539795,False,3400,1190,0.02108096331357956,0.2423352834557285,86.34762573242188,992.6053341649159,0.27193020152311276,0.13305983581384806,0.9362462985103011
7,pre_label_token,7,4096,4096,31622.776601683792,0.21369792520999908,False,3400,1190,0.019104711711406708,0.23726452098173254,78.2529067993164,971.8354910714286,0.28716475160562627,0.15120018908418864,0.942222939750045
7,pre_label_token,8,4096,4096,31622.776601683792,0.2101956456899643,False,3400,1190,0.017699308693408966,0.23215627750428786,72.49637603759766,950.9120437237395,0.3025119092549723,0.16947462843073047,0.9464732030396942
7,pre_label_token,9,4096,4096,31622.776601683792,0.20093689858913422,False,3400,1190,0.015156485140323639,0.20940668442670038,62.08095932006836,857.7298023897059,0.37086056823370583,0.250859954069681,0.9541632887029025
7,pre_label_token,10,4096,4096,31622.776601683792,0.19832459092140198,False,3400,1190,0.01483035460114479,0.20373730378992416,60.74513244628906,834.5079766281513,0.38789360097596637,0.2711418284628436,0.9551495827698386
7,pre_label_token,11,4096,4096,31622.776601683792,0.19771097600460052,False,3400,1190,0.013906633481383324,0.20215321869409386,56.961570739746094,828.0195575105042,0.3926528110259635,0.27680879933675206,0.9579431287597919
7,pre_label_token,12,4096,4096,31622.776601683792,0.19736507534980774,False,3400,1190,0.013711187988519669,0.20218140097225415,56.161033630371094,828.1350479254202,0.39256814046009225,0.27670797890108534,0.9585342010663175
7,pre_label_token,13,4096,4096,31622.776601683792,0.19730575382709503,False,3400,1190,0.011873318813741207,0.20014337571729132,48.633113861083984,819.7872669380253,0.39869116396501514,0.28399889388448185,0.9640923418876369
7,pre_label_token,14,4096,4096,31622.776601683792,0.19925016164779663,False,3400,1190,0.012440800666809082,0.20274528054630056,50.95751953125,830.4446527048319,0.3908740260827436,0.2746907330277897,0.9623761457099221
7,pre_label_token,15,4096,4096,31622.776601683792,0.20073586702346802,False,3400,1190,0.012158090248703957,0.2036436377453203,49.799537658691406,834.124343487395,0.3881750103409024,0.2714769132054762,0.9632311273033056
7,pre_label_token,16,4096,4096,31622.776601683792,0.20089899003505707,False,3400,1190,0.011802186258137226,0.20290529747970965,48.34175491333008,831.1000754989495,0.3903932727446465,0.274118281899155,0.964307463163108
7,pre_label_token,17,4096,4096,31622.776601683792,0.20214012265205383,False,3400,1190,0.012928327545523643,0.20468841520678097,52.954429626464844,838.4037355567227,0.38503609096865243,0.26773928354189414,0.9609017518394224
7,pre_label_token,18,4096,4096,10000.0,0.2045215517282486,False,3400,1190,0.007386071607470512,0.20838369000859622,30.25334930419922,853.5395942752101,0.37393404283967724,0.25451965618216665,0.9776628137225168
7,pre_label_token,19,4096,4096,10000.0,0.20754589140415192,False,3400,1190,0.007528970018029213,0.20995019063228318,30.838661193847656,859.9559808298319,0.36922766340892443,0.24891559271880803,0.9772306559280842
7,pre_label_token,20,4096,4096,10000.0,0.2122223824262619,False,3400,1190,0.007983183488249779,0.21179196093262745,32.699119567871094,867.499878545168,0.3636942664050279,0.24232676824469745,0.9758570094982558
7,pre_label_token,21,4096,4096,10000.0,0.2153671532869339,False,3400,1190,0.008255485445261002,0.21407122251366367,33.8144645690918,876.8357208508403,0.3568464747986342,0.2341728445522454,0.9750335054949463
7,pre_label_token,22,4096,4096,10000.0,0.21972264349460602,False,3400,1190,0.008429414592683315,0.21512626840286897,34.52688217163086,881.1571822478992,0.3536767050606757,0.23039848019486264,0.9745075035860118
7,pre_label_token,23,4096,4096,10000.0,0.22308632731437683,False,3400,1190,0.008529946208000183,0.21593983193405536,34.93865966796875,884.4895680147059,0.35123244260020225,0.22748800471128972,0.9742034727645617
7,pre_label_token,24,4096,4096,10000.0,0.2251550257205963,False,3400,1190,0.008643032982945442,0.21777439277713037,35.40186309814453,892.003912815126,0.3457207056204933,0.22092497164476765,0.9738614722409115
7,pre_label_token,25,4096,4096,10000.0,0.22659192979335785,False,3400,1190,0.008604535833001137,0.21968714369445289,35.244178771972656,899.8385340073529,0.3399740551325716,0.21408221820554874,0.9739778965128598
7,pre_label_token,26,4096,4096,10000.0,0.22730788588523865,False,3400,1190,0.008514509536325932,0.221826453168853,34.875431060791016,908.6011324842437,0.33354673429140025,0.20642896490898432,0.9742501568246434
7,pre_label_token,27,4096,4096,10000.0,0.22832109034061432,False,3400,1190,0.008708075620234013,0.223812411011768,35.668277740478516,916.7356223739496,0.3275801416192322,0.19932431801707584,0.9736647682848296
7,pre_label_token,28,4096,4096,10000.0,0.23144954442977905,False,3400,1190,0.009112168103456497,0.22607606519170168,37.32344436645508,926.0075367647058,0.3207792407388337,0.1912262288802915,0.9724426992946046
7,first_label_token,0,4096,4096,31622.776601683792,0.31223395466804504,False,3400,1190,0.07740459591150284,0.2838917291464926,317.0491638183594,1162.820575105042,0.14707841515491893,-0.01560589431176762,0.7659106261764665
7,first_label_token,1,4096,4096,31622.776601683792,0.2904021441936493,False,3400,1190,0.06548747420310974,0.27397491551246966,268.2366638183594,1122.2012408088235,0.17687239480615258,0.019870920774690548,0.8019507543580802
7,first_label_token,2,4096,4096,31622.776601683792,0.2721309959888458,False,3400,1190,0.05399324372410774,0.25872284785038285,221.1563262939453,1059.7287552521009,0.22269556042503802,0.07443429204523622,0.83671196179968
7,first_label_token,3,4096,4096,31622.776601683792,0.2668297588825226,False,3400,1190,0.05177047476172447,0.260224722213104,212.0518798828125,1065.8805081407563,0.2181833435121271,0.06906142521364123,0.843434128467323
7,first_label_token,4,4096,4096,10000.0,0.24497926235198975,False,3400,1190,0.02241388149559498,0.24783827677494338,91.80725860595703,1015.145575105042,0.2553970612399217,0.11337320222238834,0.9322152461042821
7,first_label_token,5,4096,4096,10000.0,0.23196959495544434,False,3400,1190,0.018469130620360374,0.2398744647242442,75.6495590209961,982.5258337710084,0.2793234616888254,0.14186326948922157,0.944145083750218
7,first_label_token,6,4096,4096,10000.0,0.22509285807609558,False,3400,1190,0.015378129668533802,0.23360042411740087,62.988826751708984,956.8273667279411,0.29817312903862647,0.16430827921394464,0.9534929844630942
7,first_label_token,7,4096,4096,10000.0,0.22073571383953094,False,3400,1190,0.013667377643287182,0.22670286322842126,55.9815788269043,928.5749638918068,0.31889609473643366,0.1889838959227612,0.9586666936678445
7,first_label_token,8,4096,4096,10000.0,0.21532057225704193,False,3400,1190,0.012744787149131298,0.2201534639887449,52.20265579223633,901.7485819327732,0.3385730469184587,0.2124139848937011,0.9614568203848602
7,first_label_token,9,4096,4096,10000.0,0.2129267305135727,False,3400,1190,0.011585296131670475,0.21521812967893456,47.453372955322266,881.5334329044117,0.35340071792500494,0.23006985190508578,0.9649633889940645
7,first_label_token,10,4096,4096,10000.0,0.21105527877807617,False,3400,1190,0.010768895968794823,0.2128242861322996,44.10940170288086,871.7282694327731,0.3605927584885167,0.23863368581223043,0.9674323716257353
7,first_label_token,11,4096,4096,10000.0,0.2098681777715683,False,3400,1190,0.010300714522600174,0.21062613495257723,42.19172286987305,862.7246225052521,0.36719686278410335,0.24649744183438071,0.9688482604406682
7,first_label_token,12,4096,4096,10000.0,0.2095799744129181,False,3400,1190,0.010025481693446636,0.21146223885672433,41.06437301635742,866.1493172268907,0.36468488024356127,0.2435063294977804,0.9696806280781906
7,first_label_token,13,4096,4096,10000.0,0.2096382975578308,False,3400,1190,0.009537411853671074,0.21145308198047286,39.06523132324219,866.1118369222689,0.36471239107463804,0.2435390876817628,0.9711566639883301
7,first_label_token,14,4096,4096,10000.0,0.21106819808483124,False,3400,1190,0.00930125080049038,0.2114820255952723,38.09791946411133,866.2303998161765,0.36462543315627916,0.24343554360923425,0.9718708695520899
7,first_label_token,15,4096,4096,10000.0,0.2111906260251999,False,3400,1190,0.009259389713406563,0.21240219148267217,37.926456451416016,869.9994058560924,0.3618608956004967,0.24014370449226696,0.9719974671468145
7,first_label_token,16,4096,4096,10000.0,0.21147814393043518,False,3400,1190,0.00928565114736557,0.21298645324065907,38.03402328491211,872.3925321691177,0.3601055451854468,0.23805354255970057,0.9719180465057171
7,first_label_token,17,4096,4096,10000.0,0.21270324289798737,False,3400,1190,0.009322318248450756,0.21376963863853646,38.18421173095703,875.6004529936974,0.35775255049696675,0.23525174305390106,0.9718071567241495
7,first_label_token,18,4096,4096,10000.0,0.21330396831035614,False,3400,1190,0.009332775138318539,0.21409658544203813,38.227046966552734,876.9395942752101,0.3567702746601853,0.2340821101739261,0.9717755326742793
7,first_label_token,19,4096,4096,10000.0,0.21489743888378143,False,3400,1190,0.009377100504934788,0.21490335063774044,38.408607482910156,880.2441176470588,0.3543464370535562,0.23119595533403625,0.9716414825291488
7,first_label_token,20,4096,4096,10000.0,0.21710562705993652,False,3400,1190,0.009295285679399967,0.21541425720984195,38.073490142822266,882.3368040966386,0.35281147425455284,0.22936821724660095,0.97188890945585
7,first_label_token,21,4096,4096,10000.0,0.21734413504600525,False,3400,1190,0.00935396645218134,0.2170639342620593,38.313846588134766,889.093881302521,0.34785520036066375,0.22346659502259358,0.9717114452472444
7,first_label_token,22,4096,4096,10000.0,0.2191733419895172,False,3400,1190,0.009494329802691936,0.2187528850651589,38.88877487182617,896.0118270745799,0.3427809327867686,0.2174244732743218,0.971286954059843
7,first_label_token,23,4096,4096,10000.0,0.22032256424427032,False,3400,1190,0.009575068950653076,0.21955013114865088,39.219482421875,899.2773273371848,0.3403856943094523,0.21457237249616334,0.9710427802305412
7,first_label_token,24,4096,4096,10000.0,0.2207544893026352,False,3400,1190,0.009663902223110199,0.22099354287155537,39.583343505859375,905.1895286239496,0.3360491219901919,0.20940865230569583,0.9707741278995097
7,first_label_token,25,4096,4096,10000.0,0.221868097782135,False,3400,1190,0.009608463384211063,0.2224889082067153,39.356266021728516,911.314581144958,0.33155646073718004,0.20405907113577648,0.9709417877513644
7,first_label_token,26,4096,4096,10000.0,0.22285869717597961,False,3400,1190,0.009665150195360184,0.22356877687598478,39.58845520019531,915.7377068014706,0.32831211367716895,0.20019590474875304,0.9707703537432195
7,first_label_token,27,4096,4096,10000.0,0.22409729659557343,False,3400,1190,0.00980359222739935,0.22514256870045382,40.15550994873047,922.183974527311,0.32358382863280366,0.19456575744521654,0.9703516730665842
7,first_label_token,28,4096,4096,10000.0,0.2252938151359558,False,3400,1190,0.010119033977389336,0.22668025233164554,41.44756317138672,928.4822971376051,0.31896402669757495,0.18906478507057167,0.96939770436662
7,last_label_token,0,4096,4096,31622.776601683792,0.2972398102283478,False,3400,1190,0.058545537292957306,0.28028655412818204,239.80250549316406,1148.053755252101,0.15790976835955772,-0.00270859360621456,0.82294477474258
7,last_label_token,1,4096,4096,31622.776601683792,0.274087518453598,False,3400,1190,0.04632358253002167,0.2690974387801996,189.74139404296875,1102.2230764180672,0.19152623906234123,0.03731980571950633,0.8599067884791569
7,last_label_token,2,4096,4096,31622.776601683792,0.2578924894332886,False,3400,1190,0.03603401780128479,0.2553176206700942,147.5953369140625,1045.7809611344537,0.23292619226521605,0.08661629116923031,0.8910248084869171
7,last_label_token,3,4096,4096,31622.776601683792,0.2524564862251282,False,3400,1190,0.03370549529790878,0.25470305771386925,138.05770874023438,1043.2637178308823,0.2347725793092712,0.08881485384889787,0.8980667982852036
7,last_label_token,4,4096,4096,10000.0,0.23683799803256989,False,3400,1190,0.015441512688994408,0.24805446833121678,63.248435974121094,1016.0310497636555,0.2547475374043341,0.11259978969814255,0.9533012995715713
7,last_label_token,5,4096,4096,10000.0,0.22781309485435486,False,3400,1190,0.013613095507025719,0.24039077438226267,55.75923538208008,984.6405724789915,0.27777226591037885,0.14001620218102584,0.9588308553837945
7,last_label_token,6,4096,4096,10000.0,0.22221150994300842,False,3400,1190,0.012430606409907341,0.23371760584727055,50.9157600402832,957.3073135504202,0.2978210693746982,0.1638890684961154,0.9624069754970508
7,last_label_token,7,4096,4096,31622.776601683792,0.2170453518629074,False,3400,1190,0.020170485600829124,0.2202951078655339,82.6183090209961,902.3287224264706,0.3381474934152351,0.2119072622900079,0.9389997933790257
7,last_label_token,8,4096,4096,31622.776601683792,0.212822824716568,False,3400,1190,0.01886468194425106,0.21591775717855502,77.26973724365234,884.3991399684874,0.35129876378364444,0.22756697584535213,0.9429488451983044
7,last_label_token,9,4096,4096,31622.776601683792,0.21091827750205994,False,3400,1190,0.01730446331202984,0.21154328033703715,70.87908172607422,866.4812762605042,0.364441399998348,0.2432164083882895,0.9476673066584229
7,last_label_token,10,4096,4096,31622.776601683792,0.21041198074817657,False,3400,1190,0.016675187274813652,0.21153352320695124,68.30156707763672,866.4413176207984,0.36447071422628075,0.2432513139449135,0.9495703827197268
7,last_label_token,11,4096,4096,31622.776601683792,0.20957526564598083,False,3400,1190,0.01613573543727398,0.2098911894469702,66.09197235107422,859.7143054096639,0.3694049260034924,0.24912666597464195,0.9512018096572435
7,last_label_token,12,4096,4096,31622.776601683792,0.20969204604625702,False,3400,1190,0.015424449928104877,0.21012602172979788,63.17854690551758,860.6762211134454,0.3686993981480513,0.24828656735207366,0.9533529013009686
7,last_label_token,13,4096,4096,31622.776601683792,0.2092149555683136,False,3400,1190,0.014973783865571022,0.21013370481859736,61.332618713378906,860.7076450892857,0.36867631514984267,0.24825908155565846,0.9547158195507154
7,last_label_token,14,4096,4096,31622.776601683792,0.2102062702178955,False,3400,1190,0.014742251485586166,0.2105918307264312,60.38426208496094,862.5841353728991,0.36729992607171424,0.24662016317740276,0.955416026937787
7,last_label_token,15,4096,4096,31622.776601683792,0.21035562455654144,False,3400,1190,0.014625530689954758,0.2120000646895721,59.90616989135742,868.352212447479,0.36306904147607666,0.2415822893448829,0.9557690175792314
7,last_label_token,16,4096,4096,31622.776601683792,0.21047598123550415,False,3400,1190,0.014659885317087173,0.21316459800014978,60.04689025878906,873.1222065388655,0.3595703287807509,0.2374162402038923,0.9556651212529388
7,last_label_token,17,4096,4096,10000.0,0.21137498319149017,False,3400,1190,0.008323010057210922,0.21471447984711461,34.09104919433594,879.4705225840336,0.35491387864319257,0.23187162943274853,0.9748292954743022
7,last_label_token,18,4096,4096,10000.0,0.21151459217071533,False,3400,1190,0.008232375606894493,0.21467954170804063,33.719810485839844,879.3273765756303,0.35501884645271664,0.2319966185618313,0.9751033949831436
7,last_label_token,19,4096,4096,10000.0,0.21307657659053802,False,3400,1190,0.008147474378347397,0.21491938599017488,33.37205505371094,880.3097984506303,0.35429826059468905,0.2311385898077536,0.9753601559053265
7,last_label_token,20,4096,4096,10000.0,0.21404188871383667,False,3400,1190,0.008074500598013401,0.21500207035481428,33.07315444946289,880.6484670430672,0.35404984448358157,0.23084279137661345,0.9755808454695929
7,last_label_token,21,4096,4096,10000.0,0.2147505134344101,False,3400,1190,0.008094641380012035,0.21604438108556412,33.1556510925293,884.9177914915966,0.3509183361333913,0.22711398629646373,0.9755199350935247
7,last_label_token,22,4096,4096,10000.0,0.21596986055374146,False,3400,1190,0.008114577271044254,0.2173476980513885,33.237308502197266,890.2561646533613,0.34700266315697714,0.22245144682542206,0.9754596443550564
7,last_label_token,23,4096,4096,10000.0,0.21674269437789917,False,3400,1190,0.008113930001854897,0.21771636289708754,33.234657287597656,891.7662092962184,0.345895050034835,0.22113257011336307,0.9754616018465652
7,last_label_token,24,4096,4096,10000.0,0.2169884592294693,False,3400,1190,0.008120041340589523,0.2183846024905934,33.25968933105469,894.5033383665966,0.3438873974171881,0.21874198243397747,0.9754431197468815
7,last_label_token,25,4096,4096,10000.0,0.21772503852844238,False,3400,1190,0.008023194968700409,0.21956607754490956,32.86300277709961,899.3426536239496,0.3403377851096655,0.21451532520534577,0.9757360055411374
7,last_label_token,26,4096,4096,10000.0,0.21796971559524536,False,3400,1190,0.007974898442626,0.22059781290903813,32.66518020629883,903.5686416754202,0.33723804928939727,0.21082435287470003,0.9758820653895672
7,last_label_token,27,4096,4096,10000.0,0.21879318356513977,False,3400,1190,0.00798371434211731,0.22150992145057485,32.7012939453125,907.3046448266807,0.3344977191461518,0.20756133843668934,0.9758554040735652
7,last_label_token,28,4096,4096,10000.0,0.21900582313537598,False,3400,1190,0.008090428076684475,0.22245324239009567,33.13839340209961,911.1684709821428,0.3316636147741343,0.20418666348830194,0.9755326770958059
8,pre_label_token,0,4096,4096,0.1,0.3663851320743561,True,3400,1190,0.3306625783443451,0.3328462392342191,1354.3939208984375,1363.3382090336133,-4.4844147506495347e-08,-0.19073776288615774,0.0
8,pre_label_token,1,4096,4096,100000.0,0.28547605872154236,False,3400,1190,0.07036109268665314,0.2896161327842905,288.19903564453125,1186.2676798844539,0.12988007183677275,-0.036084610241414516,0.7872118065522958
8,pre_label_token,2,4096,4096,3162.2776601683795,0.27528178691864014,False,3400,1190,0.020280713215470314,0.29601883928314976,83.0698013305664,1212.4931460084033,0.11064384191657317,-0.05898991459578795,0.9386664396164286
8,pre_label_token,3,4096,4096,3162.2776601683795,0.2629782259464264,False,3400,1190,0.016964780166745186,0.2845047029126592,69.48774719238281,1165.3312828256303,0.14523680265821415,-0.017798771757859377,0.9486945869360566
8,pre_label_token,4,4096,4096,3162.2776601683795,0.23532037436962128,False,3400,1190,0.01257485244423151,0.2669344349067752,51.506595611572266,1093.3634322478993,0.19802474712840468,0.04505782432918359,0.9619707421771316
8,pre_label_token,5,4096,4096,31622.776601683792,0.2276981621980667,False,3400,1190,0.021652841940522194,0.24337761181743206,88.6900405883789,996.8746980042017,0.2687986402026544,0.12933096766000263,0.9345168054729998
8,pre_label_token,6,4096,4096,31622.776601683792,0.21739867329597473,False,3400,1190,0.02036355249583721,0.2399714189417222,83.40910339355469,982.9229582457983,0.27903217336888264,0.14151642150233212,0.938415914501728
8,pre_label_token,7,4096,4096,31622.776601683792,0.2122875154018402,False,3400,1190,0.01840950921177864,0.2352340297538693,75.40534210205078,963.5185891544118,0.2932651399518802,0.15846415153059767,0.944325392658714
8,pre_label_token,8,4096,4096,31622.776601683792,0.2084141969680786,False,3400,1190,0.016881652176380157,0.22916129456848658,69.14724731445312,938.6446855304622,0.3115100072265742,0.18018900299918916,0.948945985176466
8,pre_label_token,9,4096,4096,31622.776601683792,0.19963616132736206,False,3400,1190,0.014362402260303497,0.2063394835015305,58.828399658203125,845.166537552521,0.3800756372390598,0.26183268422989503,0.9565647787172735
8,pre_label_token,10,4096,4096,31622.776601683792,0.197318434715271,False,3400,1190,0.014154934324324131,0.20087816574994255,57.97861099243164,822.7969669117647,0.3964835678470816,0.28137022593953775,0.9571922096682393
8,pre_label_token,11,4096,4096,31622.776601683792,0.19695670902729034,False,3400,1190,0.013198714703321457,0.19956065426353647,54.06193161010742,817.4004332983193,0.40044188670482184,0.2860835454696288,0.9600840386311371
8,pre_label_token,12,4096,4096,31622.776601683792,0.19677965342998505,False,3400,1190,0.01309171598404646,0.19958201897244493,53.62366485595703,817.4879497111344,0.4003776987785419,0.28600711448531335,0.9604076274684672
8,pre_label_token,13,4096,4096,31622.776601683792,0.19684164226055145,False,3400,1190,0.011357164941728115,0.1977278004173471,46.51893997192383,809.8930672268907,0.40594849519947995,0.29264047185560804,0.9656533103969781
8,pre_label_token,14,4096,4096,31622.776601683792,0.19887930154800415,False,3400,1190,0.011925997212529182,0.2005799814432609,48.84888458251953,821.5755777310924,0.39737942991462216,0.2824369626858587,0.9639330302441733
8,pre_label_token,15,4096,4096,31622.776601683792,0.20036599040031433,False,3400,1190,0.011695042252540588,0.2013353427919019,47.90289306640625,824.6695443802521,0.39511002953247454,0.27973470207290785,0.9646314913798271
8,pre_label_token,16,4096,4096,31622.776601683792,0.20073239505290985,False,3400,1190,0.011421252973377705,0.20089691947488225,46.78145217895508,822.8737821691177,0.3964272243359641,0.28130313559616527,0.9654594933888048
8,pre_label_token,17,4096,4096,31622.776601683792,0.20196819305419922,False,3400,1190,0.01255628652870655,0.20270318263719062,51.43054962158203,830.2722492121849,0.39100050463660874,0.2748413358113184,0.9620268897932844
8,pre_label_token,18,4096,4096,10000.0,0.2042650431394577,False,3400,1190,0.007128594443202019,0.20523158001298664,29.198726654052734,840.6285615808823,0.38340421184088136,0.26579614352712977,0.9784414841289405
8,pre_label_token,19,4096,4096,10000.0,0.20744889974594116,False,3400,1190,0.007277350407093763,0.20720228467668805,29.808027267456055,848.70053177521,0.3774834456738668,0.2587460639830016,0.9779916117404877
8,pre_label_token,20,4096,4096,10000.0,0.21242016553878784,False,3400,1190,0.007731459103524685,0.20884559535178818,31.66805648803711,855.4315651260504,0.37254629886225266,0.25286721709713156,0.9766182821707956
8,pre_label_token,21,4096,4096,10000.0,0.21561898291110992,False,3400,1190,0.007991763763129711,0.21092915094199302,32.7342643737793,863.9657891281513,0.36628648445535483,0.2454134200284387,0.9758310607654935
8,pre_label_token,22,4096,4096,10000.0,0.220248743891716,False,3400,1190,0.008174763061106205,0.21212071410748137,33.483829498291016,868.8464449842437,0.3627065635235023,0.24115067317789451,0.9752776286266263
8,pre_label_token,23,4096,4096,10000.0,0.22329947352409363,False,3400,1190,0.008239594288170338,0.21327906215892117,33.7493782043457,873.5910386029411,0.35922643376133356,0.23700675143616678,0.975081564023886
8,pre_label_token,24,4096,4096,10000.0,0.22554084658622742,False,3400,1190,0.008377373218536377,0.21543430120003323,34.313720703125,882.4189108455882,0.3527512542829039,0.2292965110554942,0.9746648887198468
8,pre_label_token,25,4096,4096,10000.0,0.2268848419189453,False,3400,1190,0.008333280682563782,0.2178032049611837,34.13311767578125,892.1219111081933,0.3456341425714059,0.220821897757971,0.9747982347313409
8,pre_label_token,26,4096,4096,10000.0,0.22748561203479767,False,3400,1190,0.008208546787500381,0.2200124596347328,33.62220764160156,901.1710215336135,0.3389966790455926,0.2129184196424304,0.9751754588360096
8,pre_label_token,27,4096,4096,3162.2776601683795,0.22798514366149902,False,3400,1190,0.005008866544812918,0.2236851419721331,20.51631736755371,916.2143677783613,0.327962507499751,0.19977961548983136,0.9848520308228021
8,pre_label_token,28,4096,4096,3162.2776601683795,0.23096157610416412,False,3400,1190,0.005243945401161909,0.22518874416832163,21.47920036315918,922.3731420693277,0.323445099500563,0.19440056743605305,0.9841410980721835
8,first_label_token,0,4096,4096,31622.776601683792,0.314932644367218,False,3400,1190,0.07676909863948822,0.28295427370472115,314.44622802734375,1158.9806919642858,0.14989489728182426,-0.012252202835161041,0.7678325166885305
8,first_label_token,1,4096,4096,31622.776601683792,0.29124003648757935,False,3400,1190,0.0643102377653122,0.2735348228646928,263.41473388671875,1120.3986213235294,0.17819460493093875,0.021445326230140838,0.8055109892165032
8,first_label_token,2,4096,4096,31622.776601683792,0.27197644114494324,False,3400,1190,0.05351010337471962,0.2584369106453006,219.17738342285156,1058.5575466123948,0.2235546274181418,0.07545721550890183,0.8381730897924733
8,first_label_token,3,4096,4096,31622.776601683792,0.2664804458618164,False,3400,1190,0.051210857927799225,0.25987525346900237,209.75967407226562,1064.4490086659664,0.21923328405096953,0.07031162900596166,0.845126539010806
8,first_label_token,4,4096,4096,10000.0,0.24376173317432404,False,3400,1190,0.0220419280230999,0.24844979518601876,90.28373718261719,1017.6503610819328,0.2535598211980774,0.11118553122318209,0.9333401193038968
8,first_label_token,5,4096,4096,10000.0,0.2292279303073883,False,3400,1190,0.01789216883480549,0.23987394380970162,73.28632354736328,982.5237132352942,0.2793250267194748,0.1418651330302324,0.9458899494330654
8,first_label_token,6,4096,4096,10000.0,0.222828209400177,False,3400,1190,0.014864185824990273,0.2326634471156016,60.883705139160156,952.989456407563,0.3009881737450738,0.16766025909980764,0.9550472693359603
8,first_label_token,7,4096,4096,10000.0,0.2184354066848755,False,3400,1190,0.01317178551107645,0.22654864848160944,53.95163345336914,927.9432510504201,0.3193594160408362,0.18953559007152265,0.9601654787275032
8,first_label_token,8,4096,4096,10000.0,0.21371999382972717,False,3400,1190,0.012264741584658623,0.22099578120127444,50.23638153076172,905.1987329306722,0.3360423971738785,0.2094006448133221,0.9629085890333609
8,first_label_token,9,4096,4096,10000.0,0.2114468514919281,False,3400,1190,0.01114008016884327,0.2155970934058438,45.62976837158203,883.0857011554622,0.3522621629430547,0.22871413155375153,0.9663098248836546
8,first_label_token,10,4096,4096,10000.0,0.20935867726802826,False,3400,1190,0.010369300842285156,0.21282126562935966,42.472660064697266,871.7159171481093,0.36060183325854367,0.2386444914831064,0.968640839570643
8,first_label_token,11,4096,4096,10000.0,0.20864415168762207,False,3400,1190,0.009891416877508163,0.21053227256326115,40.5152473449707,862.3401588760504,0.3674788620452073,0.24683322898862503,0.9700860710424648
8,first_label_token,12,4096,4096,10000.0,0.20864418148994446,False,3400,1190,0.009655492380261421,0.21124373844691685,39.54889678955078,865.2543526785714,0.3653413407765348,0.24428800180918298,0.9707995612064502
8,first_label_token,13,4096,4096,10000.0,0.20879895985126495,False,3400,1190,0.009174719452857971,0.21128088686646534,37.57965087890625,865.406519170168,0.3652297324215783,0.2441551055322423,0.9722535295684303
8,first_label_token,14,4096,4096,10000.0,0.2104427069425583,False,3400,1190,0.008915537968277931,0.21144558561950172,36.518043518066406,866.081131827731,0.3647349130695524,0.24356590547040036,0.9730373542330711
8,first_label_token,15,4096,4096,10000.0,0.2104381024837494,False,3400,1190,0.00884585827589035,0.21234278959386488,36.232635498046875,869.7560760241597,0.36203936206479503,0.240356211241186,0.9732480817146522
8,first_label_token,16,4096,4096,10000.0,0.21065092086791992,False,3400,1190,0.008889831602573395,0.2129244107158244,36.412750244140625,872.1383633140756,0.3602919451512677,0.23827549602805098,0.9731150962195797
8,first_label_token,17,4096,4096,10000.0,0.21168090403079987,False,3400,1190,0.008933497592806816,0.21376162937709264,36.59160614013672,875.5676273634454,0.3577766134451359,0.23528039571368753,0.9729830401809071
8,first_label_token,18,4096,4096,10000.0,0.21234925091266632,False,3400,1190,0.008955799043178558,0.21423711696592698,36.682952880859375,877.5152179621849,0.3563480630993331,0.2335793669470374,0.9729155954446947
8,first_label_token,19,4096,4096,10000.0,0.2141115665435791,False,3400,1190,0.009016331285238266,0.2144955835422548,36.93089294433594,878.5739430147058,0.3555715285994596,0.23265471803531923,0.9727325319654139
8,first_label_token,20,4096,4096,10000.0,0.21657152473926544,False,3400,1190,0.008908613584935665,0.2149573822983173,36.489681243896484,880.4654346113446,0.3541841048513832,0.23100266025944471,0.9730582951674126
8,first_label_token,21,4096,4096,10000.0,0.21693678200244904,False,3400,1190,0.008957337588071823,0.21642251856186812,36.68925476074219,886.4666557247899,0.349782263530825,0.22576122180787106,0.9729109425296265
8,first_label_token,22,4096,4096,10000.0,0.21884320676326752,False,3400,1190,0.009083840996026993,0.21788574427115817,37.20741271972656,892.4599954044118,0.3453861622611407,0.2205266182513277,0.9725283670093225
8,first_label_token,23,4096,4096,10000.0,0.22011251747608185,False,3400,1190,0.009158860892057419,0.21873283706793265,37.51469421386719,895.9297006302521,0.3428411647971149,0.21749619380035934,0.972301489518661
8,first_label_token,24,4096,4096,10000.0,0.22044965624809265,False,3400,1190,0.00922768097370863,0.22004853897735852,37.79658126831055,901.3188484768907,0.33888828261507664,0.212789347925041,0.9720933616984649
8,first_label_token,25,4096,4096,10000.0,0.22143766283988953,False,3400,1190,0.009188498370349407,0.22173104486545595,37.63608932495117,908.2103433560924,0.3338333780819236,0.2067702824795512,0.9722118589398384
8,first_label_token,26,4096,4096,10000.0,0.22255825996398926,False,3400,1190,0.00925272237509489,0.22305011108141987,37.899147033691406,913.6132287289915,0.3298703882096298,0.2020514009962897,0.9720176307176215
8,first_label_token,27,4096,4096,10000.0,0.2236858308315277,False,3400,1190,0.009397739544510841,0.22484645042098872,38.493141174316406,920.9710642069327,0.32447348354801475,0.1956251031011903,0.9715790653070991
8,first_label_token,28,4096,4096,10000.0,0.22498227655887604,False,3400,1190,0.009679957292973995,0.22623080806571896,39.649105072021484,926.6413898371849,0.3203143327341267,0.19067264538764384,0.97072557366049
8,last_label_token,0,4096,4096,31622.776601683792,0.2979828715324402,False,3400,1190,0.05662417411804199,0.27953890071195714,231.93260192871094,1144.9913767069327,0.16015601110357347,-3.3907666250110324e-05,0.8287554207023852
8,last_label_token,1,4096,4096,31622.776601683792,0.27342942357063293,False,3400,1190,0.0447247214615345,0.26833588175412987,183.1924591064453,1099.1037979254202,0.19381425367825877,0.0400442310025404,0.8647421135906128
8,last_label_token,2,4096,4096,31622.776601683792,0.25747907161712646,False,3400,1190,0.0354025736451149,0.25539017364758404,145.00894165039062,1046.078138130252,0.2327082147963695,0.08635673717725578,0.8929344414406416
8,last_label_token,3,4096,4096,31622.776601683792,0.2520669400691986,False,3400,1190,0.03317135572433472,0.2554852429558249,135.86985778808594,1046.4675485819328,0.2324225894796379,0.08601663234183898,0.8996821597096761
8,last_label_token,4,4096,4096,10000.0,0.23603813350200653,False,3400,1190,0.015031158924102783,0.2486754521602342,61.567626953125,1018.5746586134454,0.2528818595517207,0.11037825672527835,0.9545423041235418
8,last_label_token,5,4096,4096,10000.0,0.22662481665611267,False,3400,1190,0.013171471655368805,0.24022718798212644,53.950347900390625,983.970565257353,0.27826374332003345,0.14060142286606336,0.9601664278996449
8,last_label_token,6,4096,4096,10000.0,0.2212086021900177,False,3400,1190,0.012016179040074348,0.23317828458898207,49.21826934814453,955.0982011554622,0.2994414009840164,0.16581845844520682,0.9636602995711206
8,last_label_token,7,4096,4096,31622.776601683792,0.21618080139160156,False,3400,1190,0.019753508269786835,0.22064781830090435,80.91036987304688,903.7734900210085,0.3370878135702745,0.2106454615386284,0.9402608291246797
8,last_label_token,8,4096,4096,31622.776601683792,0.2121855467557907,False,3400,1190,0.0184332262724638,0.2176851969807088,75.50249481201172,891.6385930934874,0.3459886846147181,0.22124406433854193,0.9442536667899933
8,last_label_token,9,4096,4096,31622.776601683792,0.21007715165615082,False,3400,1190,0.016908317804336548,0.21286344367916846,69.2564697265625,871.8886488970588,0.3604751139307325,0.2384936020009606,0.9488653421593762
8,last_label_token,10,4096,4096,31622.776601683792,0.20959261059761047,False,3400,1190,0.0162998978048563,0.21238082436954273,66.7643814086914,869.911856617647,0.36192509074999524,0.240220144077541,0.9507053447460815
8,last_label_token,11,4096,4096,31622.776601683792,0.20900379121303558,False,3400,1190,0.015791406854987144,0.2107289706959444,64.68160247802734,863.1458672531512,0.3668879040642592,0.24612955303598694,0.9522431388091872
8,last_label_token,12,4096,4096,31622.776601683792,0.20912979543209076,False,3400,1190,0.015082099474966526,0.2108445175555574,61.776275634765625,863.6191439075631,0.36654075618883053,0.24571619096994524,0.9543882481335388
8,last_label_token,13,4096,4096,31622.776601683792,0.20866969227790833,False,3400,1190,0.014627647586166859,0.21046182327911633,59.91484069824219,862.0516478466386,0.3676905191979699,0.24708525714190244,0.9557626155962108
8,last_label_token,14,4096,4096,31622.776601683792,0.2097703367471695,False,3400,1190,0.014334575273096561,0.21089116104510652,58.714420318603516,863.8101792279411,0.36640062093674497,0.24554932664085827,0.9566489339529409
8,last_label_token,15,4096,4096,10000.0,0.2099248468875885,False,3400,1190,0.008051829412579536,0.21369833265032087,32.98029327392578,875.3083967962185,0.3579667815232126,0.23550683601539457,0.9756494083700197
8,last_label_token,16,4096,4096,31622.776601683792,0.2100324183702469,False,3400,1190,0.014236672781407833,0.21331284306630366,58.31341552734375,873.729428177521,0.35912494272759055,0.23688590223511397,0.9569450136973708
8,last_label_token,17,4096,4096,31622.776601683792,0.21109968423843384,False,3400,1190,0.014217779971659184,0.21367485783681148,58.23603057861328,875.2122176995798,0.3580373090274924,0.23559081577429664,0.9570021499171488
8,last_label_token,18,4096,4096,10000.0,0.2111644297838211,False,3400,1190,0.007864482700824738,0.21455332892281667,32.212921142578125,878.8104287027311,0.35539803893262645,0.23244813734681435,0.9762159880921426
8,last_label_token,19,4096,4096,10000.0,0.21279853582382202,False,3400,1190,0.00777535792440176,0.21437412871032202,31.847864151000977,878.0764508928571,0.35593642633019185,0.23308921552340878,0.9764855219984867
8,last_label_token,20,4096,4096,10000.0,0.21390818059444427,False,3400,1190,0.007689300458878279,0.21420463113223806,31.495372772216797,877.38217240021,0.3564456632261078,0.23369558309843885,0.9767457796483072
8,last_label_token,21,4096,4096,31622.776601683792,0.2147555947303772,False,3400,1190,0.013605552725493908,0.2147521411671358,55.72834396362305,879.6247964810924,0.3548007293349813,0.2317368982846587,0.9588536664970737
8,last_label_token,22,4096,4096,31622.776601683792,0.21595993638038635,False,3400,1190,0.013620811514556408,0.2159781047276088,55.79084396362305,884.6463038340336,0.3511174561867827,0.22735108605275212,0.95880752039509
8,last_label_token,23,4096,4096,10000.0,0.21692568063735962,False,3400,1190,0.007711476180702448,0.21658995331836348,31.586210250854492,887.1524487920168,0.34927922415628054,0.2251622338552436,0.9766787151442584
8,last_label_token,24,4096,4096,10000.0,0.21732176840305328,False,3400,1190,0.007707607466727495,0.21716758343351988,31.57036018371582,889.5184086134453,0.3475437977852671,0.22309579623323694,0.976690415028758
8,last_label_token,25,4096,4096,31622.776601683792,0.21795332431793213,False,3400,1190,0.01353028416633606,0.218479199770118,55.4200439453125,894.8908383665967,0.3436031902589989,0.21840356625341495,0.9590812960024587
8,last_label_token,26,4096,4096,10000.0,0.218276247382164,False,3400,1190,0.007569369859993458,0.2192160766665675,31.004138946533203,897.9090303308824,0.3413893243875098,0.21576743267648335,0.9771084774760606
8,last_label_token,27,4096,4096,10000.0,0.21897217631340027,False,3400,1190,0.007571078836917877,0.22027453013828824,31.011138916015625,902.2444787289916,0.3382093169413648,0.21198087789390407,0.9771033091351706
8,last_label_token,28,4096,4096,10000.0,0.219246044754982,False,3400,1190,0.007659366354346275,0.22112379474800173,31.37276840209961,905.7230567226891,0.33565779450340083,0.20894268391041426,0.9768363072933824
9,pre_label_token,0,4096,4096,0.1,0.3663851320743561,True,3400,1190,0.3306625783443451,0.3328462392342191,1354.3939208984375,1363.3382090336133,-4.4844147506495347e-08,-0.19073776288615774,0.0
9,pre_label_token,1,4096,4096,100000.0,0.2831186354160309,False,3400,1190,0.06714905798435211,0.2900407069871406,275.0425720214844,1188.0066898634454,0.12860448517890166,-0.037603499376662075,0.7969257412780938
9,pre_label_token,2,4096,4096,3162.2776601683795,0.2744116187095642,False,3400,1190,0.019632676616311073,0.29267156264361216,80.41545867919922,1198.782687762605,0.12070036770861603,-0.04701523010875852,0.9406262519496053
9,pre_label_token,3,4096,4096,3162.2776601683795,0.25973260402679443,False,3400,1190,0.016535406932234764,0.28283585780808906,67.7290267944336,1158.4956867121848,0.15025066486452177,-0.011828576958629489,0.9499931107565032
9,pre_label_token,4,4096,4096,3162.2776601683795,0.2336425930261612,False,3400,1190,0.012192162685096264,0.2666036333356585,49.9390983581543,1092.0085018382354,0.19901860419199136,0.0462412474126378,0.9631280843869802
9,pre_label_token,5,4096,4096,31622.776601683792,0.22628343105316162,False,3400,1190,0.020587202161550522,0.24314127208805886,84.32518005371094,995.9066767331933,0.26950869701602087,0.13017645908355735,0.9377395462630445
9,pre_label_token,6,4096,4096,31622.776601683792,0.2169598788022995,False,3400,1190,0.01948189176619053,0.23972021150989692,79.7978286743164,981.8940388655462,0.27978689856472205,0.14241510125331924,0.9410822601585641
9,pre_label_token,7,4096,4096,100000.0,0.21238543093204498,False,3400,1190,0.03143448755145073,0.23223973442526424,128.75564575195312,951.2539883140756,0.30226117208302483,0.1691760662249221,0.9049348501761348
9,pre_label_token,8,4096,4096,31622.776601683792,0.20909515023231506,False,3400,1190,0.016284344717860222,0.22928614576323694,66.70067596435547,939.1560399159664,0.311134905496008,0.17974235522370952,0.9507523808729815
9,pre_label_token,9,4096,4096,31622.776601683792,0.19944067299365997,False,3400,1190,0.01369886938482523,0.20527502588865135,56.11056900024414,840.8064994747899,0.3832736834692436,0.2656407184728625,0.958571455368743
9,pre_label_token,10,4096,4096,31622.776601683792,0.19723281264305115,False,3400,1190,0.01354129146784544,0.19994255354424484,55.465126037597656,818.9646993172269,0.39929451217322753,0.28471732334795263,0.9590480073806724
9,pre_label_token,11,4096,4096,31622.776601683792,0.19703303277492523,False,3400,1190,0.012557471171021461,0.19843313874316817,51.435401916503906,812.782149422269,0.40382938350672315,0.2901171656524244,0.9620233071613433
9,pre_label_token,12,4096,4096,31622.776601683792,0.19677779078483582,False,3400,1190,0.012470852583646774,0.19835942212273092,51.08061218261719,812.4801798844538,0.4040508570132666,0.2903808825083184,0.962285261773227
9,pre_label_token,13,4096,4096,31622.776601683792,0.19683125615119934,False,3400,1190,0.01088831014931202,0.19695940658825786,44.598514556884766,806.7457326680673,0.4082570502407358,0.2953893553976613,0.9670712355663871
9,pre_label_token,14,4096,4096,31622.776601683792,0.19901864230632782,False,3400,1190,0.011424645781517029,0.20016680324778838,46.79534912109375,819.8832195378151,0.39862077851736355,0.28391508327776394,0.9654492327534577
9,pre_label_token,15,4096,4096,31622.776601683792,0.20042192935943604,False,3400,1190,0.011198102496564388,0.20088258470807757,45.867427825927734,822.8150669642857,0.3964702915716958,0.28135441737779443,0.9661343519649722
9,pre_label_token,16,4096,4096,31622.776601683792,0.20060838758945465,False,3400,1190,0.010874805971980095,0.20048364991901302,44.54320526123047,821.1810235031512,0.39766884742100417,0.28278158302449385,0.9671120753172883
9,pre_label_token,17,4096,4096,31622.776601683792,0.20192568004131317,False,3400,1190,0.01201189961284399,0.20233164474743756,49.200740814208984,828.7504168855043,0.3921167495047171,0.27617049066879806,0.9636732415473546
9,pre_label_token,18,4096,4096,10000.0,0.20438304543495178,False,3400,1190,0.006780930329114199,0.20538429933435776,27.774688720703125,841.2540835084034,0.3829453833783124,0.26524979917456226,0.9794929006993568
9,pre_label_token,19,4096,4096,10000.0,0.20723503828048706,False,3400,1190,0.006902210880070925,0.2073220373201771,28.271455764770508,849.191025472689,0.37712366198174896,0.25831765597353784,0.9791261203047806
9,pre_label_token,20,4096,4096,10000.0,0.21232372522354126,False,3400,1190,0.00731496000662446,0.2093200827847008,29.96207618713379,857.3750754989496,0.3711207533752967,0.25116976632922183,0.9778778716259606
9,pre_label_token,21,4096,4096,10000.0,0.2156488597393036,False,3400,1190,0.0075730555690824986,0.21175284906595696,31.01923370361328,867.3396435136555,0.36381177372166273,0.24246668863775545,0.9770973310405991
9,pre_label_token,22,4096,4096,10000.0,0.2203749120235443,False,3400,1190,0.007731747813522816,0.2128663367583972,31.669239044189453,871.9005153623949,0.36046642199127976,0.23848325218088573,0.9766174090450866
9,pre_label_token,23,4096,4096,10000.0,0.22371570765972137,False,3400,1190,0.007790626958012581,0.2138356048519872,31.91040802001953,875.8706243434874,0.3575543622387467,0.23501575282126064,0.9764393449146229
9,pre_label_token,24,4096,4096,10000.0,0.225871741771698,False,3400,1190,0.007913422770798206,0.2156811032976423,32.41337966918945,883.4298319327731,0.3520097644308794,0.2284135911274855,0.9760679820183422
9,pre_label_token,25,4096,4096,10000.0,0.2270209789276123,False,3400,1190,0.007850737310945988,0.21808418065559965,32.156620025634766,893.2728072478992,0.3447899818933027,0.21981672380568607,0.9762575573254909
9,pre_label_token,26,4096,4096,10000.0,0.22790104150772095,False,3400,1190,0.007757095620036125,0.22051199023463144,31.77306365966797,903.2170824579832,0.33749589410823255,0.21113137842368335,0.9765407514243778
9,pre_label_token,27,4096,4096,10000.0,0.2289603352546692,False,3400,1190,0.007911968976259232,0.2229070992029014,32.40742492675781,913.0274914653361,0.3303000517241125,0.20256301754537565,0.9760723786287667
9,pre_label_token,28,4096,4096,3162.2776601683795,0.23179063200950623,False,3400,1190,0.004950291942805052,0.22623840460256367,20.276395797729492,926.6724789915967,0.3202915097717798,0.1906454692257351,0.9850291739464696
9,first_label_token,0,4096,4096,31622.776601683792,0.3113180696964264,False,3400,1190,0.07398812472820282,0.2845342940643054,303.05535888671875,1165.4524356617646,0.14514789928637117,-0.017904632355213446,0.7762428240332865
9,first_label_token,1,4096,4096,31622.776601683792,0.28914687037467957,False,3400,1190,0.06191849708557129,0.2734495932314576,253.61819458007812,1120.0495207457984,0.17845066802257314,0.02175023020935818,0.8127441653796982
9,first_label_token,2,4096,4096,31622.776601683792,0.2711728513240814,False,3400,1190,0.05150703713297844,0.258846867986086,210.9728240966797,1060.2368270745799,0.22232295552029258,0.07399061733441537,0.8442308246948341
9,first_label_token,3,4096,4096,31622.776601683792,0.2661590874195099,False,3400,1190,0.049266424030065536,0.26117975090732093,201.7952423095703,1069.7922137605042,0.21531406447432988,0.06564486646429113,0.8510069561643576
9,first_label_token,4,4096,4096,10000.0,0.24347743391990662,False,3400,1190,0.020437024533748627,0.2495944960778501,83.71005249023438,1022.339049369748,0.2501206928311831,0.10709043138894936,0.9381937180914801
9,first_label_token,5,4096,4096,10000.0,0.23109887540340424,False,3400,1190,0.01693267934024334,0.24107920302062474,69.35625457763672,987.4603860294118,0.2757039575202407,0.13755338938603678,0.9487916672487504
9,first_label_token,6,4096,4096,10000.0,0.22469918429851532,False,3400,1190,0.014066152274608612,0.23373345687609762,57.614959716796875,957.3722163865547,0.297773446695907,0.16383236237665189,0.9574607070898709
9,first_label_token,7,4096,4096,10000.0,0.21995094418525696,False,3400,1190,0.012457802891731262,0.22688652807924928,51.02716827392578,929.3271894695379,0.3183442938223333,0.18832684576621161,0.9623247270552703
9,first_label_token,8,4096,4096,10000.0,0.21466532349586487,False,3400,1190,0.011582589708268642,0.22077328818184988,47.44228744506836,904.2873358718488,0.3367108530648447,0.21019660044982535,0.964971573843452
9,first_label_token,9,4096,4096,10000.0,0.21239420771598816,False,3400,1190,0.010489944368600845,0.2147931331346015,42.966819763183594,879.7926634716387,0.3546775734615718,0.2315902519420452,0.9682759856856955
9,first_label_token,10,4096,4096,10000.0,0.21052658557891846,False,3400,1190,0.009774548932909966,0.21259857947085084,40.03654861450195,870.803788077731,0.36127086941472,0.23944113806327683,0.9704395066963672
9,first_label_token,11,4096,4096,10000.0,0.20957116782665253,False,3400,1190,0.009341593831777573,0.21059628174084574,38.26316833496094,862.602356880252,0.3672865534867501,0.24660423993621272,0.9717488629086736
9,first_label_token,12,4096,4096,10000.0,0.20942719280719757,False,3400,1190,0.009159387089312077,0.21116314014466872,37.51685333251953,864.9242450105043,0.3655834895418264,0.2445763374753217,0.9722998981766431
9,first_label_token,13,4096,4096,10000.0,0.20962387323379517,False,3400,1190,0.008730405010282993,0.21061545460164047,35.759742736816406,862.6808757878151,0.36722895072789474,0.24653565015907308,0.9735972390525809
9,first_label_token,14,4096,4096,10000.0,0.21103376150131226,False,3400,1190,0.008455272763967514,0.2109490963591247,34.63279342651367,864.0474822741596,0.3662265606356596,0.24534206647663093,0.9744293025043724
9,first_label_token,15,4096,4096,10000.0,0.21117372810840607,False,3400,1190,0.008414370007812977,0.21210349106988988,34.46525955200195,868.7758698792017,0.36275830825225,0.24121228757768154,0.9745530018850502
9,first_label_token,16,4096,4096,10000.0,0.211286723613739,False,3400,1190,0.008413858711719513,0.21270505520476013,34.463165283203125,871.2398929884454,0.3609509747422457,0.23906022741369726,0.9745545481625154
9,first_label_token,17,4096,4096,10000.0,0.21245327591896057,False,3400,1190,0.008459864184260368,0.21318031278978877,34.6515998840332,873.1865546218487,0.3595231154176681,0.2373600214720779,0.974415416989066
9,first_label_token,18,4096,4096,10000.0,0.2130792737007141,False,3400,1190,0.008437907323241234,0.21381847397619938,34.561668395996094,875.8004300157563,0.3576058300774563,0.2350770375176381,0.9744818196074968
9,first_label_token,19,4096,4096,10000.0,0.21480655670166016,False,3400,1190,0.008498551324009895,0.21461613358569745,34.810062408447266,879.0676700367648,0.35520934920657843,0.23222345737461592,0.9742984181440705
9,first_label_token,20,4096,4096,10000.0,0.21715086698532104,False,3400,1190,0.008427095599472523,0.21487006179424895,34.51738357543945,880.1077731092437,0.3544464497352703,0.23131504420558047,0.9745145167570286
9,first_label_token,21,4096,4096,10000.0,0.21753066778182983,False,3400,1190,0.008448785170912743,0.2164143530260615,34.606224060058594,886.4331702993697,0.349806795988189,0.22579043352996098,0.9744489224840123
9,first_label_token,22,4096,4096,10000.0,0.21927574276924133,False,3400,1190,0.008591638877987862,0.21798321459473682,35.19135284423828,892.8592404149159,0.3450933233569853,0.2201779239253444,0.9740168998832377
9,first_label_token,23,4096,4096,10000.0,0.22028911113739014,False,3400,1190,0.00865905825048685,0.21902999557366892,35.46750259399414,897.1468881302521,0.3419483846360839,0.21643312679633653,0.9738130081309972
9,first_label_token,24,4096,4096,10000.0,0.22075842320919037,False,3400,1190,0.008733774535357952,0.2202801648308249,35.77354049682617,902.2675551470588,0.33819238812521735,0.21196072011414036,0.9735870488305974
9,first_label_token,25,4096,4096,10000.0,0.22168488800525665,False,3400,1190,0.008708367124199867,0.22210370312217906,35.66947555541992,909.7368008140757,0.3327137671940493,0.20543711957540534,0.9736638867095171
9,first_label_token,26,4096,4096,10000.0,0.2227500081062317,False,3400,1190,0.008784132078289986,0.22308715371524587,35.97980499267578,913.7650078781512,0.3297590976762821,0.2019188831615235,0.9734347559912196
9,first_label_token,27,4096,4096,10000.0,0.22381235659122467,False,3400,1190,0.008919307962059975,0.22461196995582902,36.53348159790039,920.0106223739496,0.32517795440583264,0.1964639431168298,0.9730259529012334
9,first_label_token,28,4096,4096,10000.0,0.22480100393295288,False,3400,1190,0.009182935580611229,0.22595822149965944,37.61330795288086,925.5248424369748,0.3211332891955564,0.1916478077286975,0.9722286821006751
9,last_label_token,0,4096,4096,31622.776601683792,0.2964860200881958,False,3400,1190,0.0564115047454834,0.2809834616524833,231.0615234375,1150.9082654936974,0.1558159860859264,-0.005201739114886195,0.8293985819987841
9,last_label_token,1,4096,4096,31622.776601683792,0.272993803024292,False,3400,1190,0.044351253658533096,0.2687536768552636,181.66275024414062,1100.8150472689076,0.19255903408848485,0.038549593703307794,0.8658715664753976
9,last_label_token,2,4096,4096,31622.776601683792,0.25783050060272217,False,3400,1190,0.03510519489645958,0.25546821546153864,143.79087829589844,1046.397790835084,0.23247374671995713,0.08607754719700045,0.8938337834531074
9,last_label_token,3,4096,4096,31622.776601683792,0.25248533487319946,False,3400,1190,0.03290754184126854,0.2551607452520803,134.78929138183594,1045.1384322478991,0.2333975072646277,0.08717750371207733,0.9004799938171434
9,last_label_token,4,4096,4096,10000.0,0.2364022582769394,False,3400,1190,0.014547767117619514,0.24791392719044406,59.58765411376953,1015.4554326418067,0.25516977785805983,0.11310256732886537,0.9560041925806622
9,last_label_token,5,4096,4096,10000.0,0.22703969478607178,False,3400,1190,0.012733396142721176,0.2404739772572237,52.15599060058594,984.9814042804621,0.2775222919918403,0.13971854880983348,0.9614912694188791
9,last_label_token,6,4096,4096,10000.0,0.22130335867404938,False,3400,1190,0.01149139367043972,0.23322462274246858,47.068748474121094,955.2880744485294,0.29930218308066525,0.16565268643785058,0.9652473717226241
9,last_label_token,7,4096,4096,31622.776601683792,0.21638359129428864,False,3400,1190,0.01912502944469452,0.2201786313738142,78.33612060546875,901.8516314338235,0.33849743426843804,0.21232395006000726,0.9421614942324132
9,last_label_token,8,4096,4096,31622.776601683792,0.21215401589870453,False,3400,1190,0.01782890409231186,0.2166781994475036,73.02719116210938,887.5138983718488,0.34901409833331654,0.2248465385400812,0.9460812766247011
9,last_label_token,9,4096,4096,31622.776601683792,0.21016989648342133,False,3400,1190,0.016304977238178253,0.21163066735788555,66.7851791381836,866.8392134978992,0.3641788552720857,0.2429037864823015,0.9506899833666735
9,last_label_token,10,4096,4096,31622.776601683792,0.20990312099456787,False,3400,1190,0.01573348231613636,0.21176374339255966,64.44434356689453,867.3842995010505,0.3637790429114355,0.2424277148277557,0.9524183159917423
9,last_label_token,11,4096,4096,31622.776601683792,0.20935142040252686,False,3400,1190,0.01528348308056593,0.210088760311864,62.60114288330078,860.5235622373949,0.3688113459942718,0.24841986787406434,0.9537792176027551
9,last_label_token,12,4096,4096,31622.776601683792,0.20959579944610596,False,3400,1190,0.014661133289337158,0.21011131190452256,60.052001953125,860.6159204306723,0.3687435922058506,0.24833919088323053,0.9556613470966486
9,last_label_token,13,4096,4096,31622.776601683792,0.20904244482517242,False,3400,1190,0.014269479550421238,0.2095921869037532,58.44778823852539,858.4896106880252,0.37030324637302225,0.2501963299138428,0.9568457984514919
9,last_label_token,14,4096,4096,10000.0,0.20992211997509003,False,3400,1190,0.007803923916071653,0.21172550185387876,31.964872360229492,867.227616202731,0.3638939354230162,0.2425645216738327,0.976399131842658
9,last_label_token,15,4096,4096,10000.0,0.20995797216892242,False,3400,1190,0.007745031733065844,0.21274282391331778,31.723648071289062,871.3946100315126,0.3608375027969467,0.23892511208946077,0.9765772354046053
9,last_label_token,16,4096,4096,31622.776601683792,0.21019624173641205,False,3400,1190,0.013859483413398266,0.21237985626990055,56.7684440612793,869.9078781512605,0.36192799929926356,0.24022360739683468,0.958085721454197
9,last_label_token,17,4096,4096,10000.0,0.21106936037540436,False,3400,1190,0.007634549867361784,0.21338842936924526,31.2711124420166,874.0390066964286,0.35889785196488555,0.23661549670048454,0.9769113580811333
9,last_label_token,18,4096,4096,10000.0,0.21112369000911713,False,3400,1190,0.007542945444583893,0.21361368003011752,30.895904541015625,874.9616465336135,0.35822111104243537,0.23580967576456913,0.9771883910107033
9,last_label_token,19,4096,4096,10000.0,0.21278434991836548,False,3400,1190,0.007443649228662252,0.21366793768746511,30.489185333251953,875.1838300945378,0.3580580998577346,0.2356155721998776,0.9774886856990797
9,last_label_token,20,4096,4096,10000.0,0.21390049159526825,False,3400,1190,0.007384865079075098,0.21348297696153656,30.248409271240234,874.4262736344538,0.3586137940865428,0.23627725827306467,0.9776664625430197
9,last_label_token,21,4096,4096,10000.0,0.21448908746242523,False,3400,1190,0.0073592085391283035,0.21435929947540538,30.14331817626953,878.0157201943277,0.35598097914117066,0.23314226623550505,0.9777440538449301
9,last_label_token,22,4096,4096,10000.0,0.21568267047405243,False,3400,1190,0.007391574792563915,0.215484058155733,30.27589225769043,882.6227087710084,0.3526017649630139,0.22911850848513549,0.9776461708198909
9,last_label_token,23,4096,4096,10000.0,0.2163815200328827,False,3400,1190,0.007372574880719185,0.21614200447787757,30.198068618774414,885.3176404936975,0.3506250373509989,0.22676474437612193,0.9777036309411417
9,last_label_token,24,4096,4096,10000.0,0.21677491068840027,False,3400,1190,0.007367395330220461,0.2166472483081978,30.176849365234375,887.3871225052521,0.3491070876390242,0.22495726441296637,0.9777192950980131
9,last_label_token,25,4096,4096,10000.0,0.2174966186285019,False,3400,1190,0.00726916640996933,0.21812684996789242,29.774505615234375,893.4475709033613,0.34466178662120217,0.21966407686101797,0.9780163620378011
9,last_label_token,26,4096,4096,10000.0,0.2178739607334137,False,3400,1190,0.007247423753142357,0.21885212249114733,29.685447692871094,896.4182838760504,0.3424827848171026,0.21706945724383298,0.9780821168532865
9,last_label_token,27,4096,4096,10000.0,0.21873539686203003,False,3400,1190,0.00725555932149291,0.21960016699398266,29.71877098083496,899.4822807247899,0.34023536709623003,0.2143933722146173,0.9780575130157695
9,last_label_token,28,4096,4096,10000.0,0.21897614002227783,False,3400,1190,0.007342255674302578,0.22047770363943917,30.073881149291992,903.0766675420168,0.33759890442557516,0.21125403669300968,0.9777953232232511
10,pre_label_token,0,4096,4096,0.1,0.3663851320743561,True,3400,1190,0.3306625783443451,0.3328462392342191,1354.3939208984375,1363.3382090336133,-4.4844147506495347e-08,-0.19073776288615774,0.0
10,pre_label_token,1,4096,4096,100000.0,0.2823457419872284,False,3400,1190,0.06436712294816971,0.29161958454035913,263.6477355957031,1194.473811712185,0.12386092061991938,-0.04325184057443576,0.8053389552865001
10,pre_label_token,2,4096,4096,10000.0,0.27401864528656006,False,3400,1190,0.026700416579842567,0.29177198329893483,109.36490631103516,1195.098043592437,0.12340305525313466,-0.043797038132535215,0.9192517740787791
10,pre_label_token,3,4096,4096,3162.2776601683795,0.2580294907093048,False,3400,1190,0.01571786217391491,0.2839099146738774,64.38036346435547,1162.8950039390757,0.14702377873107897,-0.015670951961945345,0.9524655549091295
10,pre_label_token,4,4096,4096,3162.2776601683795,0.2331070601940155,False,3400,1190,0.011665092781186104,0.2690155606309907,47.78022003173828,1101.8877232142856,0.1917722329875513,0.037612719962559216,0.9647220654977222
10,pre_label_token,5,4096,4096,31622.776601683792,0.22513364255428314,False,3400,1190,0.019616488367319107,0.24190862960174303,80.34913635253906,990.8577140231092,0.2732120362648842,0.13458616477820784,0.9406752089530648
10,pre_label_token,6,4096,4096,31622.776601683792,0.215899258852005,False,3400,1190,0.01865260861814022,0.23899969052867728,76.40108489990234,978.9427324054622,0.2819516248815598,0.14499272250950024,0.9435902039125946
10,pre_label_token,7,4096,4096,31622.776601683792,0.21106530725955963,False,3400,1190,0.01691509410738945,0.2344351648282604,69.28422546386719,960.2464220063025,0.2956652420629068,0.16132204362082003,0.9488448490540274
10,pre_label_token,8,4096,4096,31622.776601683792,0.20774759352207184,False,3400,1190,0.015388791449368,0.22822531852401606,63.03248977661133,934.8109178046218,0.3143220446664352,0.18353740201932534,0.953460740775624
10,pre_label_token,9,4096,4096,31622.776601683792,0.1986982524394989,False,3400,1190,0.01298975758254528,0.20381408979912766,53.20604705810547,834.8225150997899,0.3876629058272888,0.2708671310499172,0.9607159732208402
10,pre_label_token,10,4096,4096,31622.776601683792,0.19689401984214783,False,3400,1190,0.012885079719126225,0.1989783487400087,52.777286529541016,815.0153230042017,0.4021913598278486,0.28816670908895337,0.9610325432540843
10,pre_label_token,11,4096,4096,31622.776601683792,0.19682393968105316,False,3400,1190,0.011991805396974087,0.1976713461034438,49.11843490600586,809.661840204832,0.4061181059980421,0.29284243382939257,0.9637340110966954
10,pre_label_token,12,4096,4096,31622.776601683792,0.19656148552894592,False,3400,1190,0.01197443064302206,0.1975504498521821,49.04726791381836,809.1666228991596,0.4064813255343702,0.29327493302812135,0.9637865563651653
10,pre_label_token,13,4096,4096,31622.776601683792,0.19670449197292328,False,3400,1190,0.010496014729142189,0.19633592156802906,42.99167251586914,804.191931460084,0.41013024264820575,0.2976198362343633,0.9682576275135317
10,pre_label_token,14,4096,4096,31622.776601683792,0.19886071979999542,False,3400,1190,0.011022121645510197,0.1996215403580866,45.14661407470703,817.6498161764706,0.4002589611070426,0.2858657290623222,0.9666665586995091
10,pre_label_token,15,4096,4096,31622.776601683792,0.20028145611286163,False,3400,1190,0.01078928541392088,0.20017089683468603,44.19291305541992,819.899993434874,0.3986084797841989,0.28390043871240567,0.9673707092349436
10,pre_label_token,16,4096,4096,31622.776601683792,0.20044328272342682,False,3400,1190,0.010435324162244797,0.20002901894705635,42.74308776855469,819.3188714548319,0.3990347363473449,0.2844079984760607,0.9684411698036853
10,pre_label_token,17,4096,4096,10000.0,0.20164231956005096,False,3400,1190,0.006494547706097364,0.2028477885142094,26.601665496826172,830.8645483193277,0.39056605212833884,0.27432401682673957,0.9803589878884508
10,pre_label_token,18,4096,4096,10000.0,0.2041199505329132,False,3400,1190,0.006421457976102829,0.20425523870131548,26.302289962768555,836.6294511554622,0.38633752230189367,0.26928894690669436,0.980580028111268
10,pre_label_token,19,4096,4096,10000.0,0.20726120471954346,False,3400,1190,0.006558227352797985,0.20633731489421941,26.862499237060547,845.1576647846639,0.38008215258204014,0.261840442294472,0.9801664059306754
10,pre_label_token,20,4096,4096,10000.0,0.2122170329093933,False,3400,1190,0.0069880313239991665,0.2081190990800617,28.622976303100586,852.4558363970589,0.3747289772845086,0.25546621460219865,0.9788665794630018
10,pre_label_token,21,4096,4096,10000.0,0.21545599400997162,False,3400,1190,0.007232732605189085,0.21064100505925026,29.625272750854492,862.7855698529412,0.367152187178412,0.24644424490598982,0.9781265462774652
10,pre_label_token,22,4096,4096,10000.0,0.22003553807735443,False,3400,1190,0.007378820329904556,0.2118308379870503,30.223648071289062,867.6591222426471,0.3635774645560549,0.24218768787858735,0.9776847432604835
10,pre_label_token,23,4096,4096,10000.0,0.22339290380477905,False,3400,1190,0.0074540674686431885,0.21302513475177667,30.5318603515625,872.5509847689076,0.35998933082490225,0.23791516173821614,0.977457178535393
10,pre_label_token,24,4096,4096,10000.0,0.22556130588054657,False,3400,1190,0.007568997330963612,0.21513380563559653,31.002613067626953,881.1880646008403,0.35365406027104884,0.23037151618993046,0.9771096040898786
10,pre_label_token,25,4096,4096,10000.0,0.22707803547382355,False,3400,1190,0.007512347307056189,0.21793309059463628,30.77057456970215,892.6539292279411,0.3452439154215483,0.22035723957536935,0.977280926844909
10,pre_label_token,26,4096,4096,10000.0,0.22759731113910675,False,3400,1190,0.0074318512342870235,0.22018323545696356,30.44086265563965,901.8705324317227,0.33848360180523696,0.21230747922445858,0.9775243655586946
10,pre_label_token,27,4096,4096,10000.0,0.22871974110603333,False,3400,1190,0.007617129012942314,0.222581955565124,31.19976043701172,911.6956899947479,0.3312769101471075,0.20372619970646733,0.9769640427680631
10,pre_label_token,28,4096,4096,3162.2776601683795,0.23159955441951752,False,3400,1190,0.004693181253969669,0.22548790458871537,19.223270416259766,923.5984965861345,0.3225463048063595,0.1933303387005766,0.9858067360465499
10,first_label_token,0,4096,4096,31622.776601683792,0.312063992023468,False,3400,1190,0.0758032500743866,0.28539964371368665,310.49005126953125,1168.9969340861344,0.14254805110969349,-0.021000369618128678,0.7707534658020883
10,first_label_token,1,4096,4096,31622.776601683792,0.2873104214668274,False,3400,1190,0.06270340830087662,0.27352212056392383,256.8331604003906,1120.3465697216386,0.17823276760138917,0.02149076796094096,0.8103704125975253
10,first_label_token,2,4096,4096,31622.776601683792,0.2694718539714813,False,3400,1190,0.05171896517276764,0.257930218672552,211.84088134765625,1056.482178965336,0.22507692791532186,0.07726987611606728,0.8435899053599328
10,first_label_token,3,4096,4096,31622.776601683792,0.2646854519844055,False,3400,1190,0.04942160099744797,0.26005102846802786,202.43087768554688,1065.1689994747899,0.21870518733185873,0.06968280432825924,0.850537665178485
10,first_label_token,4,4096,4096,10000.0,0.24326787889003754,False,3400,1190,0.020788252353668213,0.2482060785053157,85.148681640625,1016.6521106880252,0.2542920412531786,0.11205741325443486,0.9371315240516278
10,first_label_token,5,4096,4096,10000.0,0.22902798652648926,False,3400,1190,0.016915585845708847,0.240050428855319,69.28623962402344,983.2465762867647,0.27879479674320184,0.141233768202783,0.9488433619237877
10,first_label_token,6,4096,4096,10000.0,0.22230155766010284,False,3400,1190,0.013921395875513554,0.233379847262086,57.022037506103516,955.9238707983193,0.29883582802454245,0.16509737988651463,0.9578984838707206
10,first_label_token,7,4096,4096,10000.0,0.21796178817749023,False,3400,1190,0.012344302609562874,0.22630367439334131,50.56226348876953,926.9398634453781,0.32009541383915097,0.19041197040407665,0.9626679781202584
10,first_label_token,8,4096,4096,10000.0,0.21294903755187988,False,3400,1190,0.011447256430983543,0.21971109213949253,46.887962341308594,899.9366465336135,0.3399021046542706,0.21399654405781998,0.9653808529277764
10,first_label_token,9,4096,4096,10000.0,0.21057121455669403,False,3400,1190,0.010246822610497475,0.21486339649232497,41.970985412597656,880.0804785976891,0.3544664749043641,0.23133888892955923,0.969011242028644
10,first_label_token,10,4096,4096,10000.0,0.2091977596282959,False,3400,1190,0.009608308784663677,0.21311407810499688,39.35563278198242,872.9152836134454,0.35972211026860745,0.23759697214508535,0.9709422552960989
10,first_label_token,11,4096,4096,10000.0,0.20844832062721252,False,3400,1190,0.009210067801177502,0.21051873038796817,37.72443771362305,862.2847065388655,0.36751954802661246,0.24688167532093175,0.9721466279997782
10,first_label_token,12,4096,4096,10000.0,0.2084849774837494,False,3400,1190,0.009000152349472046,0.21078986159893645,36.864627838134766,863.3952632615546,0.36670496402004316,0.24591171942676338,0.972781460803528
10,first_label_token,13,4096,4096,10000.0,0.20819413661956787,False,3400,1190,0.008555403910577297,0.21046338682415106,35.04293441772461,862.0580094537816,0.36768582169828223,0.24707966365188405,0.9741264827927765
10,first_label_token,14,4096,4096,10000.0,0.21010670065879822,False,3400,1190,0.008297746069729328,0.2106407149499204,33.98756790161133,862.7843553046218,0.36715305878009685,0.24644528275498345,0.9749056996069019
10,first_label_token,15,4096,4096,10000.0,0.2104395478963852,False,3400,1190,0.008262851275503635,0.21102335312787224,33.84463882446289,864.3516675420168,0.3660034643127197,0.2450764172720582,0.9750112295232306
10,first_label_token,16,4096,4096,10000.0,0.21051844954490662,False,3400,1190,0.008266458287835121,0.21142055767924844,33.859413146972656,865.9785845588235,0.36481010677290693,0.2436554414485006,0.9750003210849382
10,first_label_token,17,4096,4096,10000.0,0.2118067741394043,False,3400,1190,0.00834354292601347,0.2120834591008034,34.17515182495117,868.6938714548319,0.36281849210780703,0.24128395076399578,0.9747671993371906
10,first_label_token,18,4096,4096,10000.0,0.212306946516037,False,3400,1190,0.008321970701217651,0.21226977340313566,34.0867919921875,869.4570049894958,0.3622587312070499,0.240617422351167,0.9748324387268543
10,first_label_token,19,4096,4096,10000.0,0.2139664739370346,False,3400,1190,0.00840137992054224,0.21254514325566654,34.412052154541016,870.5849199054621,0.3614314126664735,0.23963230296714366,0.9745922869088827
10,first_label_token,20,4096,4096,10000.0,0.21651272475719452,False,3400,1190,0.008347303606569767,0.21263237159793116,34.190555572509766,870.942194065126,0.3611693446726245,0.2393202487244176,0.9747558261706982
10,first_label_token,21,4096,4096,10000.0,0.21705375611782074,False,3400,1190,0.008394853211939335,0.21433904792080408,34.385318756103516,877.9327271533614,0.35604182271733986,0.23321471497602986,0.9746120251829733
10,first_label_token,22,4096,4096,10000.0,0.21886992454528809,False,3400,1190,0.008547366596758366,0.21566400047109907,35.010013580322266,883.3597360819327,0.352061147998708,0.22847477547934714,0.9741507894858991
10,first_label_token,23,4096,4096,10000.0,0.21980082988739014,False,3400,1190,0.008639923296868801,0.21658238803639132,35.38912582397461,887.1214548319327,0.3493019532167886,0.2251892982046917,0.9738708766497569
10,first_label_token,24,4096,4096,10000.0,0.22014911472797394,False,3400,1190,0.008714783936738968,0.2179096879077559,35.695762634277344,892.558068539916,0.34531422622927654,0.22044096130551594,0.9736444807865027
10,first_label_token,25,4096,4096,10000.0,0.22109422087669373,False,3400,1190,0.008640073239803314,0.21967281213327616,35.389739990234375,899.779822085084,0.3400171127373455,0.2141334885192332,0.9738704231876952
10,first_label_token,26,4096,4096,10000.0,0.22202534973621368,False,3400,1190,0.008723868057131767,0.22093168306751412,35.73296356201172,904.93618697479,0.3362349729914158,0.20962995210119928,0.9736170083085516
10,first_label_token,27,4096,4096,10000.0,0.22325126826763153,False,3400,1190,0.008854472078382969,0.22276470280495012,36.26791763305664,912.4442489495798,0.3307278660946895,0.20307243224908278,0.9732220315866463
10,first_label_token,28,4096,4096,10000.0,0.22434553503990173,False,3400,1190,0.009130937978625298,0.22421433825452788,37.40032196044922,918.3819262079832,0.326372595270778,0.19788644704401626,0.9723859348573864
10,last_label_token,0,4096,4096,31622.776601683792,0.29738327860832214,False,3400,1190,0.05667271465063095,0.2800951252464487,232.13145446777344,1147.2696297268908,0.15848489545355238,-0.0020237680876467046,0.8286086229219045
10,last_label_token,1,4096,4096,31622.776601683792,0.2727322578430176,False,3400,1190,0.044380079954862595,0.26694671646887513,181.7808074951172,1093.4137440913867,0.19798784852117102,0.04501388776612292,0.8657843890981637
10,last_label_token,2,4096,4096,31622.776601683792,0.2567015290260315,False,3400,1190,0.0347457118332386,0.25446154249816383,142.3184356689453,1042.2745207457983,0.23549818530407418,0.08967886026914063,0.8949209432551659
10,last_label_token,3,4096,4096,31622.776601683792,0.2518295347690582,False,3400,1190,0.032543011009693146,0.2538138758234617,133.29615783691406,1039.6217075892857,0.2374440288420281,0.09199584954654705,0.9015824192364352
10,last_label_token,4,4096,4096,10000.0,0.23465034365653992,False,3400,1190,0.014367935247719288,0.24627548185717157,58.8510627746582,1008.7443736869748,0.2600923072834087,0.11896400874169533,0.9565480456855423
10,last_label_token,5,4096,4096,10000.0,0.22539225220680237,False,3400,1190,0.012508663348853588,0.2393883376562295,51.2354850769043,980.534631039916,0.28078397718370707,0.14360236036426954,0.9621709132872382
10,last_label_token,6,4096,4096,10000.0,0.2197226881980896,False,3400,1190,0.011308019049465656,0.23273405026988822,46.31764602661133,953.2786961659664,0.3007760543063348,0.1674076804851855,0.965801938924913
10,last_label_token,7,4096,4096,31622.776601683792,0.21507598459720612,False,3400,1190,0.018739691004157066,0.21962825711033926,76.75778198242188,899.5973345588235,0.3401509734203968,0.21429288148236014,0.9433268466665075
10,last_label_token,8,4096,4096,31622.776601683792,0.21117772161960602,False,3400,1190,0.0174969881772995,0.21589104948925372,71.66766357421875,884.2897682510504,0.3513790041089082,0.22766252102646534,0.9470850670042302
10,last_label_token,9,4096,4096,31622.776601683792,0.20926739275455475,False,3400,1190,0.01589120551943779,0.21109048378567735,65.09037780761719,864.6266478466387,0.3658017776090635,0.24483626130851222,0.9519413246004239
10,last_label_token,10,4096,4096,31622.776601683792,0.2090175300836563,False,3400,1190,0.015381675213575363,0.21139082948700721,63.00333786010742,865.8568244485294,0.36489942186819757,0.24376179230048978,0.9534822619160817
10,last_label_token,11,4096,4096,31622.776601683792,0.20844590663909912,False,3400,1190,0.014961127191781998,0.2098521689406964,61.28077697753906,859.5545102415966,0.3695221588378288,0.24926625953127657,0.9547540962551807
10,last_label_token,12,4096,4096,31622.776601683792,0.20858970284461975,False,3400,1190,0.014315234497189522,0.20994816146978812,58.63520050048828,859.9476857930672,0.36923375980523865,0.2489228519277914,0.956707424925835
10,last_label_token,13,4096,4096,31622.776601683792,0.2080511450767517,False,3400,1190,0.013971365056931973,0.20962553585276883,57.22671127319336,858.6262047006303,0.37020305311084856,0.2500770260183358,0.9577473655262481
10,last_label_token,14,4096,4096,10000.0,0.20914603769779205,False,3400,1190,0.007548806723207235,0.21218024902984875,30.919912338256836,869.0902967436974,0.36252769737445356,0.24093769050927116,0.9771706651505448
10,last_label_token,15,4096,4096,10000.0,0.20924495160579681,False,3400,1190,0.007505960762500763,0.2128508752133666,30.744415283203125,871.8372242647059,0.36051287450869307,0.2385385649450703,0.9773002412305507
10,last_label_token,16,4096,4096,10000.0,0.20943215489387512,False,3400,1190,0.007467991206794977,0.21310715635283656,30.588891983032227,872.8869321165967,0.35974290591432856,0.23762173430463873,0.9774150699356794
10,last_label_token,17,4096,4096,10000.0,0.21043899655342102,False,3400,1190,0.00743530411273241,0.21336718647419906,30.455005645751953,873.951949842437,0.3589616739147675,0.23669149190290217,0.9775139232568693
10,last_label_token,18,4096,4096,10000.0,0.21043384075164795,False,3400,1190,0.007348491344600916,0.21340890932483833,30.099422454833984,874.1228794642857,0.35883632218297,0.23654223086890125,0.9777764651162058
10,last_label_token,19,4096,4096,10000.0,0.21199290454387665,False,3400,1190,0.00727169681340456,0.21319157255797827,29.78487205505371,873.2326615021009,0.35948928667824676,0.23731974031638436,0.9780087095134425
10,last_label_token,20,4096,4096,10000.0,0.21317614614963531,False,3400,1190,0.007226054556667805,0.2130051324347488,29.597919464111328,872.4690388655462,0.36004942559409925,0.23798671884604194,0.9781467422384195
10,last_label_token,21,4096,4096,10000.0,0.21410183608531952,False,3400,1190,0.007223567459732294,0.21379644810652532,29.58772850036621,875.7102514443277,0.35767200438879143,0.23515583376554428,0.9781542637939216
10,last_label_token,22,4096,4096,10000.0,0.2154177725315094,False,3400,1190,0.007258942350745201,0.21479390088249656,29.732627868652344,879.7958114495798,0.35467526684716855,0.23158750536929396,0.978047281954035
10,last_label_token,23,4096,4096,10000.0,0.2161611169576645,False,3400,1190,0.007256415672600269,0.21529836253959592,29.722280502319336,881.8620929621849,0.35315966708890745,0.22978282358464064,0.9780549232122554
10,last_label_token,24,4096,4096,10000.0,0.21657857298851013,False,3400,1190,0.0072713736444711685,0.21574172332507222,29.783546447753906,883.6781184348739,0.351827638202601,0.22819672655958756,0.9780096868509296
10,last_label_token,25,4096,4096,10000.0,0.2172454595565796,False,3400,1190,0.007142295595258474,0.2172039600981384,29.25484275817871,889.6674139968487,0.34743450808341114,0.2229656608639783,0.9784000486809831
10,last_label_token,26,4096,4096,10000.0,0.21751290559768677,False,3400,1190,0.007129864301532507,0.21800362883495683,29.20392417907715,892.9428899684874,0.3450319910097055,0.22010489318662696,0.9784376437840885
10,last_label_token,27,4096,4096,10000.0,0.2183183878660202,False,3400,1190,0.007125914562493563,0.219025288910425,29.187746047973633,897.12759322479,0.341962525289936,0.216449964606115,0.9784495887070934
10,last_label_token,28,4096,4096,10000.0,0.2186243236064911,False,3400,1190,0.007217247970402241,0.219828918200581,29.561847686767578,900.4192620798319,0.3395481091678161,0.2135750282831098,0.9781733753890761
10,last_prompt_token,0,4096,4096,0.1,0.3663851320743561,True,3400,1190,0.3306625783443451,0.3328462392342191,1354.3939208984375,1363.3382090336133,-4.4844147506495347e-08,-0.19073776288615774,0.0
10,last_prompt_token,1,4096,4096,100000.0,0.28083348274230957,False,3400,1190,0.06464547663927078,0.2905391164186622,264.78790283203125,1190.0481617647058,0.12710706866904686,-0.03938652968175682,0.8044971494417178
10,last_prompt_token,2,4096,4096,3162.2776601683795,0.2733764052391052,False,3400,1190,0.018981266766786575,0.29398639903349033,77.74727630615234,1204.1682773109244,0.1167500858851952,-0.05171897963901273,0.9425962657709035
10,last_prompt_token,3,4096,4096,1000.0,0.2578880488872528,False,3400,1190,0.011216957122087479,0.2839343111054236,45.94465637207031,1162.994931722689,0.1469504823264196,-0.01575822875494337,0.9660773312231106
10,last_prompt_token,4,4096,4096,3162.2776601683795,0.23259159922599792,False,3400,1190,0.011865025386214256,0.2682508164093274,48.599143981933594,1098.755344012605,0.19406982318330368,0.04034854724959269,0.9641174231277594
10,last_prompt_token,5,4096,4096,100000.0,0.22500106692314148,False,3400,1190,0.034066129475831985,0.23886915094712202,139.5348663330078,978.408075105042,0.2823438167468172,0.14545972015281694,0.8969761572464476
10,last_prompt_token,6,4096,4096,31622.776601683792,0.21575413644313812,False,3400,1190,0.018366167321801186,0.23813550452224347,75.22782135009766,975.4030330882352,0.2845479770205406,0.1480842969084959,0.944456468543365
10,last_prompt_token,7,4096,4096,31622.776601683792,0.2109510749578476,False,3400,1190,0.016443196684122086,0.2338338715689523,67.35133361816406,957.7835018382353,0.2974717617569733,0.1634731347434788,0.9502719758417946
10,last_prompt_token,8,4096,4096,31622.776601683792,0.2073362022638321,False,3400,1190,0.014815682545304298,0.2266561436052082,60.685035705566406,928.3835674894958,0.31903645872376807,0.18915103261553445,0.9551939544550592
10,last_prompt_token,9,4096,4096,31622.776601683792,0.19846631586551666,False,3400,1190,0.012405567802488804,0.20228671226180903,50.813201904296875,828.5663767069328,0.3922517442330543,0.27633123398241144,0.9624826980282907
10,last_prompt_token,10,4096,4096,31622.776601683792,0.19657211005687714,False,3400,1190,0.01229595672339201,0.19788403470977015,50.36423873901367,810.5330193014706,0.40547910639163676,0.29208155290169735,0.9628141872450191
10,last_prompt_token,11,4096,4096,31622.776601683792,0.1966254860162735,False,3400,1190,0.01145557314157486,0.1967068519912848,46.922027587890625,805.7112788865546,0.4090158228466084,0.29629285455240073,0.9653557012742904
10,last_prompt_token,12,4096,4096,31622.776601683792,0.19629515707492828,False,3400,1190,0.011509159579873085,0.19662898889108865,47.14152526855469,805.3923581932773,0.40924975399712105,0.2965714051947401,0.9651936435096454
10,last_prompt_token,13,4096,4096,31622.776601683792,0.1963798999786377,False,3400,1190,0.010145013220608234,0.19543683348583574,41.55397415161133,800.5092699579832,0.41283145424843504,0.3008362707480642,0.9693191371354898
10,last_prompt_token,14,4096,4096,31622.776601683792,0.1985865980386734,False,3400,1190,0.010764949955046177,0.19876292733585132,44.093238830566406,814.1329241071429,0.40283856982581456,0.2889373664394894,0.9674443052826021
10,last_prompt_token,15,4096,4096,31622.776601683792,0.20018722116947174,False,3400,1190,0.01056093443185091,0.19968367744894588,43.25758743286133,817.9043428308823,0.40007227702796533,0.28564343728960384,0.9680612953400098
10,last_prompt_token,16,4096,4096,31622.776601683792,0.20025762915611267,False,3400,1190,0.010282640345394611,0.19947580289439995,42.11769104003906,817.0528919380253,0.4006968133434309,0.2863870962313736,0.9689029209265813
10,last_prompt_token,17,4096,4096,31622.776601683792,0.2012217789888382,False,3400,1190,0.011490094475448132,0.2014032892820214,47.06342697143555,824.9478597689076,0.3949058917500473,0.2794916275174405,0.9652513007883142
10,last_prompt_token,18,4096,4096,10000.0,0.2039179652929306,False,3400,1190,0.006322130095213652,0.20386745949753193,25.895444869995117,835.0411075367647,0.3875025624179105,0.27067620410590243,0.9808804185618188
10,last_prompt_token,19,4096,4096,10000.0,0.20693595707416534,False,3400,1190,0.006504987366497517,0.20557579553427816,26.644428253173828,842.0384585084033,0.3823700540342031,0.26456473282915594,0.9803274159444697
10,last_prompt_token,20,4096,4096,10000.0,0.21170195937156677,False,3400,1190,0.0069652036763727665,0.20757920080874145,28.52947425842285,850.2444196428571,0.3763510424662384,0.25739766878133274,0.978935615541232
10,last_prompt_token,21,4096,4096,10000.0,0.21456682682037354,False,3400,1190,0.00723883556202054,0.20963767075738987,29.650270462036133,858.6758862920168,0.3701665951199362,0.25003361411374425,0.9781080895265923
10,last_prompt_token,22,4096,4096,10000.0,0.21895930171012878,False,3400,1190,0.007391114719212055,0.21091057833503274,30.274005889892578,863.8897222951681,0.36634228381735423,0.24547986243293674,0.9776475621879561
10,last_prompt_token,23,4096,4096,10000.0,0.22236759960651398,False,3400,1190,0.007475591264665127,0.21208945362507797,30.62002182006836,868.718369222689,0.36280048221664174,0.24126250570744145,0.9773920856055256
10,last_prompt_token,24,4096,4096,10000.0,0.22453905642032623,False,3400,1190,0.007600143551826477,0.21440796892182165,31.13018798828125,878.2150866596638,0.3558347571237287,0.23296815416537942,0.9770154107250931
10,last_prompt_token,25,4096,4096,10000.0,0.226319819688797,False,3400,1190,0.00754073541611433,0.21704274345846736,30.886852264404297,889.0070575105042,0.3479188658074809,0.22354240387091018,0.9771950746471784
10,last_prompt_token,26,4096,4096,10000.0,0.2271684855222702,False,3400,1190,0.0074535817839205265,0.2197911334638836,30.529870986938477,900.2645023634453,0.3396616292679042,0.2137102009470696,0.9774586473581582
10,last_prompt_token,27,4096,4096,10000.0,0.22832709550857544,False,3400,1190,0.0076507204212248325,0.22235502675801766,31.337350845336914,910.7661600577732,0.3319586928759881,0.20453802411142352,0.9768624545918301
10,last_prompt_token,28,4096,4096,10000.0,0.2318056970834732,False,3400,1190,0.008071635849773884,0.2244576854866092,33.06142044067383,919.3787092962185,0.32564148518356817,0.197015886693388,0.9755895091298531
