task,icl_example_index,token_role,layer,mean_cosine,n_prompts
antonym,1,pre_label_token,0,0.0001948060526046902,170
antonym,1,pre_label_token,1,0.14402683079242706,170
antonym,1,pre_label_token,2,0.13685442507266998,170
antonym,1,pre_label_token,3,0.10602165758609772,170
antonym,1,pre_label_token,4,0.12932001054286957,170
antonym,1,pre_label_token,5,0.13597430288791656,170
antonym,1,pre_label_token,6,0.17572419345378876,170
antonym,1,pre_label_token,7,0.20076046884059906,170
antonym,1,pre_label_token,8,0.20939551293849945,170
antonym,1,pre_label_token,9,0.2244282066822052,170
antonym,1,pre_label_token,10,0.2410944700241089,170
antonym,1,pre_label_token,11,0.24507606029510498,170
antonym,1,pre_label_token,12,0.27993494272232056,170
antonym,1,pre_label_token,13,0.3025802671909332,170
antonym,1,pre_label_token,14,0.32168278098106384,170
antonym,1,pre_label_token,15,0.32197317481040955,170
antonym,1,pre_label_token,16,0.32095867395401,170
antonym,1,pre_label_token,17,0.3244565725326538,170
antonym,1,pre_label_token,18,0.3243831992149353,170
antonym,1,pre_label_token,19,0.31982362270355225,170
antonym,1,pre_label_token,20,0.3198533058166504,170
antonym,1,pre_label_token,21,0.32108381390571594,170
antonym,1,pre_label_token,22,0.31716951727867126,170
antonym,1,pre_label_token,23,0.31467410922050476,170
antonym,1,pre_label_token,24,0.31136250495910645,170
antonym,1,pre_label_token,25,0.3012067377567291,170
antonym,1,pre_label_token,26,0.2896232604980469,170
antonym,1,pre_label_token,27,0.2637793719768524,170
antonym,1,pre_label_token,28,0.2613239586353302,170
antonym,1,first_label_token,0,0.004347046371549368,170
antonym,1,first_label_token,1,0.1574489176273346,170
antonym,1,first_label_token,2,0.14241616427898407,170
antonym,1,first_label_token,3,0.1328183114528656,170
antonym,1,first_label_token,4,0.1551213562488556,170
antonym,1,first_label_token,5,0.17266294360160828,170
antonym,1,first_label_token,6,0.19229619204998016,170
antonym,1,first_label_token,7,0.21499153971672058,170
antonym,1,first_label_token,8,0.22403788566589355,170
antonym,1,first_label_token,9,0.2267918735742569,170
antonym,1,first_label_token,10,0.2467670887708664,170
antonym,1,first_label_token,11,0.2592572867870331,170
antonym,1,first_label_token,12,0.27574843168258667,170
antonym,1,first_label_token,13,0.26597145199775696,170
antonym,1,first_label_token,14,0.27960339188575745,170
antonym,1,first_label_token,15,0.2791905701160431,170
antonym,1,first_label_token,16,0.2829286754131317,170
antonym,1,first_label_token,17,0.2916260361671448,170
antonym,1,first_label_token,18,0.29508402943611145,170
antonym,1,first_label_token,19,0.29781079292297363,170
antonym,1,first_label_token,20,0.295674592256546,170
antonym,1,first_label_token,21,0.3043898940086365,170
antonym,1,first_label_token,22,0.2989248037338257,170
antonym,1,first_label_token,23,0.29511675238609314,170
antonym,1,first_label_token,24,0.29154348373413086,170
antonym,1,first_label_token,25,0.28207144141197205,170
antonym,1,first_label_token,26,0.2675107717514038,170
antonym,1,first_label_token,27,0.2511366009712219,170
antonym,1,first_label_token,28,0.2675546109676361,170
antonym,1,last_label_token,0,0.004805242642760277,170
antonym,1,last_label_token,1,0.1575143188238144,170
antonym,1,last_label_token,2,0.1413886398077011,170
antonym,1,last_label_token,3,0.13316038250923157,170
antonym,1,last_label_token,4,0.15463651716709137,170
antonym,1,last_label_token,5,0.17277097702026367,170
antonym,1,last_label_token,6,0.193048357963562,170
antonym,1,last_label_token,7,0.2172255963087082,170
antonym,1,last_label_token,8,0.22588779032230377,170
antonym,1,last_label_token,9,0.22952012717723846,170
antonym,1,last_label_token,10,0.24887408316135406,170
antonym,1,last_label_token,11,0.26131924986839294,170
antonym,1,last_label_token,12,0.27893421053886414,170
antonym,1,last_label_token,13,0.26915132999420166,170
antonym,1,last_label_token,14,0.2831544876098633,170
antonym,1,last_label_token,15,0.2825678884983063,170
antonym,1,last_label_token,16,0.28705933690071106,170
antonym,1,last_label_token,17,0.29627108573913574,170
antonym,1,last_label_token,18,0.29914844036102295,170
antonym,1,last_label_token,19,0.3016303479671478,170
antonym,1,last_label_token,20,0.299780935049057,170
antonym,1,last_label_token,21,0.30788367986679077,170
antonym,1,last_label_token,22,0.3021150529384613,170
antonym,1,last_label_token,23,0.2982701063156128,170
antonym,1,last_label_token,24,0.29455819725990295,170
antonym,1,last_label_token,25,0.28594982624053955,170
antonym,1,last_label_token,26,0.27272137999534607,170
antonym,1,last_label_token,27,0.25620952248573303,170
antonym,1,last_label_token,28,0.2702499330043793,170
antonym,2,pre_label_token,0,0.0001948060526046902,170
antonym,2,pre_label_token,1,0.1387721300125122,170
antonym,2,pre_label_token,2,0.12698465585708618,170
antonym,2,pre_label_token,3,0.0984143391251564,170
antonym,2,pre_label_token,4,0.1172027438879013,170
antonym,2,pre_label_token,5,0.14340905845165253,170
antonym,2,pre_label_token,6,0.19756685197353363,170
antonym,2,pre_label_token,7,0.23760411143302917,170
antonym,2,pre_label_token,8,0.24020111560821533,170
antonym,2,pre_label_token,9,0.3034711182117462,170
antonym,2,pre_label_token,10,0.34840744733810425,170
antonym,2,pre_label_token,11,0.3402356207370758,170
antonym,2,pre_label_token,12,0.38287121057510376,170
antonym,2,pre_label_token,13,0.39911723136901855,170
antonym,2,pre_label_token,14,0.40145838260650635,170
antonym,2,pre_label_token,15,0.38467735052108765,170
antonym,2,pre_label_token,16,0.39510229229927063,170
antonym,2,pre_label_token,17,0.3974091112613678,170
antonym,2,pre_label_token,18,0.39322662353515625,170
antonym,2,pre_label_token,19,0.3776778280735016,170
antonym,2,pre_label_token,20,0.3652915954589844,170
antonym,2,pre_label_token,21,0.3663393259048462,170
antonym,2,pre_label_token,22,0.3574778735637665,170
antonym,2,pre_label_token,23,0.3484530746936798,170
antonym,2,pre_label_token,24,0.3396746516227722,170
antonym,2,pre_label_token,25,0.32643941044807434,170
antonym,2,pre_label_token,26,0.3124632239341736,170
antonym,2,pre_label_token,27,0.2817832827568054,170
antonym,2,pre_label_token,28,0.27767977118492126,170
antonym,2,first_label_token,0,0.004050918389111757,170
antonym,2,first_label_token,1,0.15326902270317078,170
antonym,2,first_label_token,2,0.13937468826770782,170
antonym,2,first_label_token,3,0.12818923592567444,170
antonym,2,first_label_token,4,0.14899925887584686,170
antonym,2,first_label_token,5,0.17270821332931519,170
antonym,2,first_label_token,6,0.19702763855457306,170
antonym,2,first_label_token,7,0.2190096229314804,170
antonym,2,first_label_token,8,0.22685712575912476,170
antonym,2,first_label_token,9,0.2512911558151245,170
antonym,2,first_label_token,10,0.27961888909339905,170
antonym,2,first_label_token,11,0.29423657059669495,170
antonym,2,first_label_token,12,0.31647783517837524,170
antonym,2,first_label_token,13,0.2996782958507538,170
antonym,2,first_label_token,14,0.3088349997997284,170
antonym,2,first_label_token,15,0.3042675852775574,170
antonym,2,first_label_token,16,0.30560556054115295,170
antonym,2,first_label_token,17,0.3099423050880432,170
antonym,2,first_label_token,18,0.3099992275238037,170
antonym,2,first_label_token,19,0.31304359436035156,170
antonym,2,first_label_token,20,0.30584195256233215,170
antonym,2,first_label_token,21,0.3164801597595215,170
antonym,2,first_label_token,22,0.30687299370765686,170
antonym,2,first_label_token,23,0.30220934748649597,170
antonym,2,first_label_token,24,0.2988456189632416,170
antonym,2,first_label_token,25,0.2921423614025116,170
antonym,2,first_label_token,26,0.28184521198272705,170
antonym,2,first_label_token,27,0.26820024847984314,170
antonym,2,first_label_token,28,0.2837345004081726,170
antonym,2,last_label_token,0,0.004502058029174805,170
antonym,2,last_label_token,1,0.15326960384845734,170
antonym,2,last_label_token,2,0.13824893534183502,170
antonym,2,last_label_token,3,0.12871599197387695,170
antonym,2,last_label_token,4,0.14840184152126312,170
antonym,2,last_label_token,5,0.17237845063209534,170
antonym,2,last_label_token,6,0.19707845151424408,170
antonym,2,last_label_token,7,0.21955831348896027,170
antonym,2,last_label_token,8,0.22746671736240387,170
antonym,2,last_label_token,9,0.2530202269554138,170
antonym,2,last_label_token,10,0.2807222902774811,170
antonym,2,last_label_token,11,0.2955765128135681,170
antonym,2,last_label_token,12,0.31922557950019836,170
antonym,2,last_label_token,13,0.3029473125934601,170
antonym,2,last_label_token,14,0.3116312325000763,170
antonym,2,last_label_token,15,0.3056964874267578,170
antonym,2,last_label_token,16,0.3066977858543396,170
antonym,2,last_label_token,17,0.311406672000885,170
antonym,2,last_label_token,18,0.3111594319343567,170
antonym,2,last_label_token,19,0.31447115540504456,170
antonym,2,last_label_token,20,0.3074935972690582,170
antonym,2,last_label_token,21,0.3168363869190216,170
antonym,2,last_label_token,22,0.3072555661201477,170
antonym,2,last_label_token,23,0.30289918184280396,170
antonym,2,last_label_token,24,0.29980406165122986,170
antonym,2,last_label_token,25,0.29412177205085754,170
antonym,2,last_label_token,26,0.2851606607437134,170
antonym,2,last_label_token,27,0.2716422379016876,170
antonym,2,last_label_token,28,0.28605687618255615,170
antonym,3,pre_label_token,0,0.0001948060526046902,170
antonym,3,pre_label_token,1,0.13840192556381226,170
antonym,3,pre_label_token,2,0.12429141998291016,170
antonym,3,pre_label_token,3,0.09761965274810791,170
antonym,3,pre_label_token,4,0.11681462824344635,170
antonym,3,pre_label_token,5,0.15908648073673248,170
antonym,3,pre_label_token,6,0.21115799248218536,170
antonym,3,pre_label_token,7,0.2778380215167999,170
antonym,3,pre_label_token,8,0.2819182574748993,170
antonym,3,pre_label_token,9,0.37079349160194397,170
antonym,3,pre_label_token,10,0.4180675745010376,170
antonym,3,pre_label_token,11,0.3980003297328949,170
antonym,3,pre_label_token,12,0.4414474070072174,170
antonym,3,pre_label_token,13,0.44898638129234314,170
antonym,3,pre_label_token,14,0.43817609548568726,170
antonym,3,pre_label_token,15,0.41614142060279846,170
antonym,3,pre_label_token,16,0.43545061349868774,170
antonym,3,pre_label_token,17,0.4285452365875244,170
antonym,3,pre_label_token,18,0.42032182216644287,170
antonym,3,pre_label_token,19,0.4000625014305115,170
antonym,3,pre_label_token,20,0.3841431438922882,170
antonym,3,pre_label_token,21,0.38404759764671326,170
antonym,3,pre_label_token,22,0.3728586733341217,170
antonym,3,pre_label_token,23,0.3627350330352783,170
antonym,3,pre_label_token,24,0.3533376157283783,170
antonym,3,pre_label_token,25,0.3400398790836334,170
antonym,3,pre_label_token,26,0.32275933027267456,170
antonym,3,pre_label_token,27,0.2909221649169922,170
antonym,3,pre_label_token,28,0.28556060791015625,170
antonym,3,first_label_token,0,0.0031848859507590532,170
antonym,3,first_label_token,1,0.152118518948555,170
antonym,3,first_label_token,2,0.13885219395160675,170
antonym,3,first_label_token,3,0.1293884962797165,170
antonym,3,first_label_token,4,0.14989350736141205,170
antonym,3,first_label_token,5,0.1759752631187439,170
antonym,3,first_label_token,6,0.20132175087928772,170
antonym,3,first_label_token,7,0.22414100170135498,170
antonym,3,first_label_token,8,0.23673495650291443,170
antonym,3,first_label_token,9,0.2686910331249237,170
antonym,3,first_label_token,10,0.3025643229484558,170
antonym,3,first_label_token,11,0.31478822231292725,170
antonym,3,first_label_token,12,0.33530864119529724,170
antonym,3,first_label_token,13,0.30767786502838135,170
antonym,3,first_label_token,14,0.3116568922996521,170
antonym,3,first_label_token,15,0.30715882778167725,170
antonym,3,first_label_token,16,0.3151625394821167,170
antonym,3,first_label_token,17,0.31424131989479065,170
antonym,3,first_label_token,18,0.3123551905155182,170
antonym,3,first_label_token,19,0.3138534724712372,170
antonym,3,first_label_token,20,0.306437224149704,170
antonym,3,first_label_token,21,0.31819429993629456,170
antonym,3,first_label_token,22,0.30830514430999756,170
antonym,3,first_label_token,23,0.30320727825164795,170
antonym,3,first_label_token,24,0.30009976029396057,170
antonym,3,first_label_token,25,0.29290422797203064,170
antonym,3,first_label_token,26,0.28354158997535706,170
antonym,3,first_label_token,27,0.2700285017490387,170
antonym,3,first_label_token,28,0.2870868146419525,170
antonym,3,last_label_token,0,0.004122348967939615,170
antonym,3,last_label_token,1,0.1529626101255417,170
antonym,3,last_label_token,2,0.13883130252361298,170
antonym,3,last_label_token,3,0.13154414296150208,170
antonym,3,last_label_token,4,0.15086840093135834,170
antonym,3,last_label_token,5,0.1768108308315277,170
antonym,3,last_label_token,6,0.2026449590921402,170
antonym,3,last_label_token,7,0.22566601634025574,170
antonym,3,last_label_token,8,0.23790599405765533,170
antonym,3,last_label_token,9,0.2717958390712738,170
antonym,3,last_label_token,10,0.30366796255111694,170
antonym,3,last_label_token,11,0.31604135036468506,170
antonym,3,last_label_token,12,0.3372838497161865,170
antonym,3,last_label_token,13,0.30944034457206726,170
antonym,3,last_label_token,14,0.3127107620239258,170
antonym,3,last_label_token,15,0.30766573548316956,170
antonym,3,last_label_token,16,0.31649190187454224,170
antonym,3,last_label_token,17,0.31628739833831787,170
antonym,3,last_label_token,18,0.3142381012439728,170
antonym,3,last_label_token,19,0.31622350215911865,170
antonym,3,last_label_token,20,0.30963292717933655,170
antonym,3,last_label_token,21,0.32005295157432556,170
antonym,3,last_label_token,22,0.30991896986961365,170
antonym,3,last_label_token,23,0.3055339753627777,170
antonym,3,last_label_token,24,0.3030048906803131,170
antonym,3,last_label_token,25,0.29726073145866394,170
antonym,3,last_label_token,26,0.29061710834503174,170
antonym,3,last_label_token,27,0.27662888169288635,170
antonym,3,last_label_token,28,0.2914021909236908,170
antonym,4,pre_label_token,0,0.0001948060526046902,170
antonym,4,pre_label_token,1,0.1377030462026596,170
antonym,4,pre_label_token,2,0.12195951491594315,170
antonym,4,pre_label_token,3,0.09747747331857681,170
antonym,4,pre_label_token,4,0.11679862439632416,170
antonym,4,pre_label_token,5,0.16533784568309784,170
antonym,4,pre_label_token,6,0.21353378891944885,170
antonym,4,pre_label_token,7,0.28623655438423157,170
antonym,4,pre_label_token,8,0.29643702507019043,170
antonym,4,pre_label_token,9,0.38740089535713196,170
antonym,4,pre_label_token,10,0.4384039044380188,170
antonym,4,pre_label_token,11,0.41225066781044006,170
antonym,4,pre_label_token,12,0.45522958040237427,170
antonym,4,pre_label_token,13,0.4617670774459839,170
antonym,4,pre_label_token,14,0.4481423795223236,170
antonym,4,pre_label_token,15,0.4235828220844269,170
antonym,4,pre_label_token,16,0.44516414403915405,170
antonym,4,pre_label_token,17,0.43541914224624634,170
antonym,4,pre_label_token,18,0.4266881048679352,170
antonym,4,pre_label_token,19,0.404503732919693,170
antonym,4,pre_label_token,20,0.38755425810813904,170
antonym,4,pre_label_token,21,0.3874486982822418,170
antonym,4,pre_label_token,22,0.37594908475875854,170
antonym,4,pre_label_token,23,0.36577147245407104,170
antonym,4,pre_label_token,24,0.3564554452896118,170
antonym,4,pre_label_token,25,0.3433188199996948,170
antonym,4,pre_label_token,26,0.32559269666671753,170
antonym,4,pre_label_token,27,0.29247796535491943,170
antonym,4,pre_label_token,28,0.2876514196395874,170
antonym,4,first_label_token,0,0.0042298161424696445,170
antonym,4,first_label_token,1,0.15280812978744507,170
antonym,4,first_label_token,2,0.13873571157455444,170
antonym,4,first_label_token,3,0.12988686561584473,170
antonym,4,first_label_token,4,0.1508084386587143,170
antonym,4,first_label_token,5,0.17916597425937653,170
antonym,4,first_label_token,6,0.20652811229228973,170
antonym,4,first_label_token,7,0.2291879802942276,170
antonym,4,first_label_token,8,0.24290262162685394,170
antonym,4,first_label_token,9,0.27820926904678345,170
antonym,4,first_label_token,10,0.31534069776535034,170
antonym,4,first_label_token,11,0.3243647515773773,170
antonym,4,first_label_token,12,0.3401279151439667,170
antonym,4,first_label_token,13,0.3123370110988617,170
antonym,4,first_label_token,14,0.31332337856292725,170
antonym,4,first_label_token,15,0.3096700608730316,170
antonym,4,first_label_token,16,0.3194434642791748,170
antonym,4,first_label_token,17,0.315703809261322,170
antonym,4,first_label_token,18,0.3148263394832611,170
antonym,4,first_label_token,19,0.316646546125412,170
antonym,4,first_label_token,20,0.31022730469703674,170
antonym,4,first_label_token,21,0.32137420773506165,170
antonym,4,first_label_token,22,0.3108161985874176,170
antonym,4,first_label_token,23,0.30541372299194336,170
antonym,4,first_label_token,24,0.30240145325660706,170
antonym,4,first_label_token,25,0.2950366735458374,170
antonym,4,first_label_token,26,0.28648316860198975,170
antonym,4,first_label_token,27,0.27229201793670654,170
antonym,4,first_label_token,28,0.2891213297843933,170
antonym,4,last_label_token,0,0.003918082918971777,170
antonym,4,last_label_token,1,0.15323194861412048,170
antonym,4,last_label_token,2,0.1384647637605667,170
antonym,4,last_label_token,3,0.13106243312358856,170
antonym,4,last_label_token,4,0.15087474882602692,170
antonym,4,last_label_token,5,0.17887486517429352,170
antonym,4,last_label_token,6,0.20659112930297852,170
antonym,4,last_label_token,7,0.22918103635311127,170
antonym,4,last_label_token,8,0.2422940880060196,170
antonym,4,last_label_token,9,0.27845051884651184,170
antonym,4,last_label_token,10,0.31349411606788635,170
antonym,4,last_label_token,11,0.3227092921733856,170
antonym,4,last_label_token,12,0.33973434567451477,170
antonym,4,last_label_token,13,0.31252118945121765,170
antonym,4,last_label_token,14,0.31319066882133484,170
antonym,4,last_label_token,15,0.30838465690612793,170
antonym,4,last_label_token,16,0.3188795745372772,170
antonym,4,last_label_token,17,0.3160454332828522,170
antonym,4,last_label_token,18,0.31520676612854004,170
antonym,4,last_label_token,19,0.31711864471435547,170
antonym,4,last_label_token,20,0.31126081943511963,170
antonym,4,last_label_token,21,0.3210764229297638,170
antonym,4,last_label_token,22,0.31037336587905884,170
antonym,4,last_label_token,23,0.30570003390312195,170
antonym,4,last_label_token,24,0.30334794521331787,170
antonym,4,last_label_token,25,0.2974141836166382,170
antonym,4,last_label_token,26,0.29074278473854065,170
antonym,4,last_label_token,27,0.2773604989051819,170
antonym,4,last_label_token,28,0.29278141260147095,170
antonym,5,pre_label_token,0,0.0001948060526046902,170
antonym,5,pre_label_token,1,0.1372481882572174,170
antonym,5,pre_label_token,2,0.12100878357887268,170
antonym,5,pre_label_token,3,0.097629614174366,170
antonym,5,pre_label_token,4,0.1163049265742302,170
antonym,5,pre_label_token,5,0.16915573179721832,170
antonym,5,pre_label_token,6,0.21540188789367676,170
antonym,5,pre_label_token,7,0.2906150221824646,170
antonym,5,pre_label_token,8,0.3025360703468323,170
antonym,5,pre_label_token,9,0.393852174282074,170
antonym,5,pre_label_token,10,0.44748255610466003,170
antonym,5,pre_label_token,11,0.4220353960990906,170
antonym,5,pre_label_token,12,0.46162280440330505,170
antonym,5,pre_label_token,13,0.46783384680747986,170
antonym,5,pre_label_token,14,0.4507209360599518,170
antonym,5,pre_label_token,15,0.42387932538986206,170
antonym,5,pre_label_token,16,0.44673797488212585,170
antonym,5,pre_label_token,17,0.4346007704734802,170
antonym,5,pre_label_token,18,0.4257420301437378,170
antonym,5,pre_label_token,19,0.40421542525291443,170
antonym,5,pre_label_token,20,0.38751617074012756,170
antonym,5,pre_label_token,21,0.3872750997543335,170
antonym,5,pre_label_token,22,0.3751443922519684,170
antonym,5,pre_label_token,23,0.36425623297691345,170
antonym,5,pre_label_token,24,0.3553517460823059,170
antonym,5,pre_label_token,25,0.34271860122680664,170
antonym,5,pre_label_token,26,0.3240802586078644,170
antonym,5,pre_label_token,27,0.2925143241882324,170
antonym,5,pre_label_token,28,0.28686434030532837,170
antonym,5,first_label_token,0,0.005159649066627026,170
antonym,5,first_label_token,1,0.15327772498130798,170
antonym,5,first_label_token,2,0.14034754037857056,170
antonym,5,first_label_token,3,0.1307033896446228,170
antonym,5,first_label_token,4,0.1521736979484558,170
antonym,5,first_label_token,5,0.18107104301452637,170
antonym,5,first_label_token,6,0.20842482149600983,170
antonym,5,first_label_token,7,0.23305122554302216,170
antonym,5,first_label_token,8,0.2461407631635666,170
antonym,5,first_label_token,9,0.28208044171333313,170
antonym,5,first_label_token,10,0.3177573084831238,170
antonym,5,first_label_token,11,0.3230365216732025,170
antonym,5,first_label_token,12,0.3371170461177826,170
antonym,5,first_label_token,13,0.30972346663475037,170
antonym,5,first_label_token,14,0.30864617228507996,170
antonym,5,first_label_token,15,0.3047749102115631,170
antonym,5,first_label_token,16,0.3151688277721405,170
antonym,5,first_label_token,17,0.3104728162288666,170
antonym,5,first_label_token,18,0.3094930648803711,170
antonym,5,first_label_token,19,0.31075701117515564,170
antonym,5,first_label_token,20,0.3053375780582428,170
antonym,5,first_label_token,21,0.3153420090675354,170
antonym,5,first_label_token,22,0.3052019476890564,170
antonym,5,first_label_token,23,0.3005848526954651,170
antonym,5,first_label_token,24,0.29822009801864624,170
antonym,5,first_label_token,25,0.2909995913505554,170
antonym,5,first_label_token,26,0.28330177068710327,170
antonym,5,first_label_token,27,0.2702317237854004,170
antonym,5,first_label_token,28,0.2892305850982666,170
antonym,5,last_label_token,0,0.006073075346648693,170
antonym,5,last_label_token,1,0.15407586097717285,170
antonym,5,last_label_token,2,0.14029473066329956,170
antonym,5,last_label_token,3,0.1327921450138092,170
antonym,5,last_label_token,4,0.15271778404712677,170
antonym,5,last_label_token,5,0.18078874051570892,170
antonym,5,last_label_token,6,0.2085879147052765,170
antonym,5,last_label_token,7,0.23379546403884888,170
antonym,5,last_label_token,8,0.24584287405014038,170
antonym,5,last_label_token,9,0.28448861837387085,170
antonym,5,last_label_token,10,0.31732791662216187,170
antonym,5,last_label_token,11,0.3218784034252167,170
antonym,5,last_label_token,12,0.33697476983070374,170
antonym,5,last_label_token,13,0.31040459871292114,170
antonym,5,last_label_token,14,0.30940812826156616,170
antonym,5,last_label_token,15,0.3044483959674835,170
antonym,5,last_label_token,16,0.3157588541507721,170
antonym,5,last_label_token,17,0.311591237783432,170
antonym,5,last_label_token,18,0.31061166524887085,170
antonym,5,last_label_token,19,0.31241369247436523,170
antonym,5,last_label_token,20,0.30753570795059204,170
antonym,5,last_label_token,21,0.3162371516227722,170
antonym,5,last_label_token,22,0.30600568652153015,170
antonym,5,last_label_token,23,0.3018653988838196,170
antonym,5,last_label_token,24,0.3003074526786804,170
antonym,5,last_label_token,25,0.2949971854686737,170
antonym,5,last_label_token,26,0.29014796018600464,170
antonym,5,last_label_token,27,0.27764731645584106,170
antonym,5,last_label_token,28,0.29403573274612427,170
antonym,6,pre_label_token,0,0.0001948060526046902,170
antonym,6,pre_label_token,1,0.13641324639320374,170
antonym,6,pre_label_token,2,0.11948800832033157,170
antonym,6,pre_label_token,3,0.09731663018465042,170
antonym,6,pre_label_token,4,0.11623133718967438,170
antonym,6,pre_label_token,5,0.1721978634595871,170
antonym,6,pre_label_token,6,0.21653316915035248,170
antonym,6,pre_label_token,7,0.29226770997047424,170
antonym,6,pre_label_token,8,0.3051570951938629,170
antonym,6,pre_label_token,9,0.39942097663879395,170
antonym,6,pre_label_token,10,0.4530940651893616,170
antonym,6,pre_label_token,11,0.42905664443969727,170
antonym,6,pre_label_token,12,0.4638914167881012,170
antonym,6,pre_label_token,13,0.46990451216697693,170
antonym,6,pre_label_token,14,0.4526527523994446,170
antonym,6,pre_label_token,15,0.4271105229854584,170
antonym,6,pre_label_token,16,0.4506720006465912,170
antonym,6,pre_label_token,17,0.4386604428291321,170
antonym,6,pre_label_token,18,0.4303032457828522,170
antonym,6,pre_label_token,19,0.40769219398498535,170
antonym,6,pre_label_token,20,0.3897995948791504,170
antonym,6,pre_label_token,21,0.38918671011924744,170
antonym,6,pre_label_token,22,0.37653326988220215,170
antonym,6,pre_label_token,23,0.3657246530056,170
antonym,6,pre_label_token,24,0.3572274148464203,170
antonym,6,pre_label_token,25,0.343654066324234,170
antonym,6,pre_label_token,26,0.3251502215862274,170
antonym,6,pre_label_token,27,0.29329341650009155,170
antonym,6,pre_label_token,28,0.2881324589252472,170
antonym,6,first_label_token,0,0.0040561663918197155,170
antonym,6,first_label_token,1,0.154107466340065,170
antonym,6,first_label_token,2,0.1405070573091507,170
antonym,6,first_label_token,3,0.13173408806324005,170
antonym,6,first_label_token,4,0.15340597927570343,170
antonym,6,first_label_token,5,0.183089017868042,170
antonym,6,first_label_token,6,0.20901668071746826,170
antonym,6,first_label_token,7,0.23424512147903442,170
antonym,6,first_label_token,8,0.2470751404762268,170
antonym,6,first_label_token,9,0.2858448624610901,170
antonym,6,first_label_token,10,0.321632444858551,170
antonym,6,first_label_token,11,0.32821109890937805,170
antonym,6,first_label_token,12,0.33929499983787537,170
antonym,6,first_label_token,13,0.31230872869491577,170
antonym,6,first_label_token,14,0.31052711606025696,170
antonym,6,first_label_token,15,0.30733722448349,170
antonym,6,first_label_token,16,0.31866347789764404,170
antonym,6,first_label_token,17,0.3130258321762085,170
antonym,6,first_label_token,18,0.31304195523262024,170
antonym,6,first_label_token,19,0.3138987421989441,170
antonym,6,first_label_token,20,0.3084698021411896,170
antonym,6,first_label_token,21,0.3180026412010193,170
antonym,6,first_label_token,22,0.3074066638946533,170
antonym,6,first_label_token,23,0.3024991750717163,170
antonym,6,first_label_token,24,0.29996928572654724,170
antonym,6,first_label_token,25,0.2930988669395447,170
antonym,6,first_label_token,26,0.2866959571838379,170
antonym,6,first_label_token,27,0.27300140261650085,170
antonym,6,first_label_token,28,0.2898874282836914,170
antonym,6,last_label_token,0,0.004157731309533119,170
antonym,6,last_label_token,1,0.15441840887069702,170
antonym,6,last_label_token,2,0.1396908313035965,170
antonym,6,last_label_token,3,0.1321709305047989,170
antonym,6,last_label_token,4,0.15244285762310028,170
antonym,6,last_label_token,5,0.18176349997520447,170
antonym,6,last_label_token,6,0.2080678641796112,170
antonym,6,last_label_token,7,0.23386028409004211,170
antonym,6,last_label_token,8,0.24568624794483185,170
antonym,6,last_label_token,9,0.28509998321533203,170
antonym,6,last_label_token,10,0.31824177503585815,170
antonym,6,last_label_token,11,0.3243512213230133,170
antonym,6,last_label_token,12,0.33673250675201416,170
antonym,6,last_label_token,13,0.31030407547950745,170
antonym,6,last_label_token,14,0.3087709844112396,170
antonym,6,last_label_token,15,0.3052048087120056,170
antonym,6,last_label_token,16,0.3172306418418884,170
antonym,6,last_label_token,17,0.31217923760414124,170
antonym,6,last_label_token,18,0.31247565150260925,170
antonym,6,last_label_token,19,0.3138279318809509,170
antonym,6,last_label_token,20,0.3093361258506775,170
antonym,6,last_label_token,21,0.31740638613700867,170
antonym,6,last_label_token,22,0.3067759573459625,170
antonym,6,last_label_token,23,0.30236583948135376,170
antonym,6,last_label_token,24,0.3005170226097107,170
antonym,6,last_label_token,25,0.2953123450279236,170
antonym,6,last_label_token,26,0.2904569208621979,170
antonym,6,last_label_token,27,0.2777465581893921,170
antonym,6,last_label_token,28,0.2938555181026459,170
antonym,7,pre_label_token,0,0.0001948060526046902,170
antonym,7,pre_label_token,1,0.13626442849636078,170
antonym,7,pre_label_token,2,0.1192607656121254,170
antonym,7,pre_label_token,3,0.09778548032045364,170
antonym,7,pre_label_token,4,0.11669187247753143,170
antonym,7,pre_label_token,5,0.17470897734165192,170
antonym,7,pre_label_token,6,0.2186499387025833,170
antonym,7,pre_label_token,7,0.29383814334869385,170
antonym,7,pre_label_token,8,0.30635586380958557,170
antonym,7,pre_label_token,9,0.40187081694602966,170
antonym,7,pre_label_token,10,0.4561925232410431,170
antonym,7,pre_label_token,11,0.4336375594139099,170
antonym,7,pre_label_token,12,0.4661850929260254,170
antonym,7,pre_label_token,13,0.4743187427520752,170
antonym,7,pre_label_token,14,0.4564284682273865,170
antonym,7,pre_label_token,15,0.43184590339660645,170
antonym,7,pre_label_token,16,0.4550892412662506,170
antonym,7,pre_label_token,17,0.44312623143196106,170
antonym,7,pre_label_token,18,0.433435320854187,170
antonym,7,pre_label_token,19,0.41068097949028015,170
antonym,7,pre_label_token,20,0.39361855387687683,170
antonym,7,pre_label_token,21,0.3928989768028259,170
antonym,7,pre_label_token,22,0.37976783514022827,170
antonym,7,pre_label_token,23,0.3694002032279968,170
antonym,7,pre_label_token,24,0.3598853051662445,170
antonym,7,pre_label_token,25,0.3470176160335541,170
antonym,7,pre_label_token,26,0.3286828100681305,170
antonym,7,pre_label_token,27,0.2965123951435089,170
antonym,7,pre_label_token,28,0.29071012139320374,170
antonym,7,first_label_token,0,0.0030887762550264597,170
antonym,7,first_label_token,1,0.15282997488975525,170
antonym,7,first_label_token,2,0.13951773941516876,170
antonym,7,first_label_token,3,0.13150210678577423,170
antonym,7,first_label_token,4,0.15345965325832367,170
antonym,7,first_label_token,5,0.18346279859542847,170
antonym,7,first_label_token,6,0.21003377437591553,170
antonym,7,first_label_token,7,0.23655368387699127,170
antonym,7,first_label_token,8,0.2481001615524292,170
antonym,7,first_label_token,9,0.28451991081237793,170
antonym,7,first_label_token,10,0.3202342689037323,170
antonym,7,first_label_token,11,0.3257848918437958,170
antonym,7,first_label_token,12,0.33535584807395935,170
antonym,7,first_label_token,13,0.30832093954086304,170
antonym,7,first_label_token,14,0.3062819540500641,170
antonym,7,first_label_token,15,0.3045591413974762,170
antonym,7,first_label_token,16,0.3165489435195923,170
antonym,7,first_label_token,17,0.31099045276641846,170
antonym,7,first_label_token,18,0.31092578172683716,170
antonym,7,first_label_token,19,0.3112972676753998,170
antonym,7,first_label_token,20,0.30626964569091797,170
antonym,7,first_label_token,21,0.3158702254295349,170
antonym,7,first_label_token,22,0.30565720796585083,170
antonym,7,first_label_token,23,0.30072641372680664,170
antonym,7,first_label_token,24,0.2981383502483368,170
antonym,7,first_label_token,25,0.29218605160713196,170
antonym,7,first_label_token,26,0.28565531969070435,170
antonym,7,first_label_token,27,0.27276355028152466,170
antonym,7,first_label_token,28,0.29096177220344543,170
antonym,7,last_label_token,0,0.003342239884659648,170
antonym,7,last_label_token,1,0.15384648740291595,170
antonym,7,last_label_token,2,0.14057689905166626,170
antonym,7,last_label_token,3,0.13343149423599243,170
antonym,7,last_label_token,4,0.15369577705860138,170
antonym,7,last_label_token,5,0.18279799818992615,170
antonym,7,last_label_token,6,0.20985066890716553,170
antonym,7,last_label_token,7,0.23687228560447693,170
antonym,7,last_label_token,8,0.2473156452178955,170
antonym,7,last_label_token,9,0.2846986651420593,170
antonym,7,last_label_token,10,0.3186336159706116,170
antonym,7,last_label_token,11,0.3244704306125641,170
antonym,7,last_label_token,12,0.33470234274864197,170
antonym,7,last_label_token,13,0.30766066908836365,170
antonym,7,last_label_token,14,0.3054802715778351,170
antonym,7,last_label_token,15,0.30319133400917053,170
antonym,7,last_label_token,16,0.31554073095321655,170
antonym,7,last_label_token,17,0.310481458902359,170
antonym,7,last_label_token,18,0.3102836012840271,170
antonym,7,last_label_token,19,0.31129318475723267,170
antonym,7,last_label_token,20,0.3071455657482147,170
antonym,7,last_label_token,21,0.3155710995197296,170
antonym,7,last_label_token,22,0.30525821447372437,170
antonym,7,last_label_token,23,0.30068013072013855,170
antonym,7,last_label_token,24,0.2986159920692444,170
antonym,7,last_label_token,25,0.29395797848701477,170
antonym,7,last_label_token,26,0.2893570065498352,170
antonym,7,last_label_token,27,0.2773222029209137,170
antonym,7,last_label_token,28,0.2943774163722992,170
antonym,8,pre_label_token,0,0.0001948060526046902,170
antonym,8,pre_label_token,1,0.13646815717220306,170
antonym,8,pre_label_token,2,0.11922360956668854,170
antonym,8,pre_label_token,3,0.09854546934366226,170
antonym,8,pre_label_token,4,0.11669187247753143,170
antonym,8,pre_label_token,5,0.1762203723192215,170
antonym,8,pre_label_token,6,0.21893301606178284,170
antonym,8,pre_label_token,7,0.2934933602809906,170
antonym,8,pre_label_token,8,0.306132048368454,170
antonym,8,pre_label_token,9,0.40407538414001465,170
antonym,8,pre_label_token,10,0.4574151337146759,170
antonym,8,pre_label_token,11,0.43481606245040894,170
antonym,8,pre_label_token,12,0.46839913725852966,170
antonym,8,pre_label_token,13,0.47435101866722107,170
antonym,8,pre_label_token,14,0.45527979731559753,170
antonym,8,pre_label_token,15,0.42932236194610596,170
antonym,8,pre_label_token,16,0.4519166946411133,170
antonym,8,pre_label_token,17,0.43975138664245605,170
antonym,8,pre_label_token,18,0.4312736988067627,170
antonym,8,pre_label_token,19,0.4077582061290741,170
antonym,8,pre_label_token,20,0.39052632451057434,170
antonym,8,pre_label_token,21,0.3892560303211212,170
antonym,8,pre_label_token,22,0.3766151964664459,170
antonym,8,pre_label_token,23,0.3663040101528168,170
antonym,8,pre_label_token,24,0.3576376438140869,170
antonym,8,pre_label_token,25,0.3456502854824066,170
antonym,8,pre_label_token,26,0.32746556401252747,170
antonym,8,pre_label_token,27,0.29360178112983704,170
antonym,8,pre_label_token,28,0.2885296642780304,170
antonym,8,first_label_token,0,0.0051343184895813465,170
antonym,8,first_label_token,1,0.15390697121620178,170
antonym,8,first_label_token,2,0.14017681777477264,170
antonym,8,first_label_token,3,0.13102556765079498,170
antonym,8,first_label_token,4,0.15280485153198242,170
antonym,8,first_label_token,5,0.18357528746128082,170
antonym,8,first_label_token,6,0.20873139798641205,170
antonym,8,first_label_token,7,0.23458507657051086,170
antonym,8,first_label_token,8,0.24651026725769043,170
antonym,8,first_label_token,9,0.28340333700180054,170
antonym,8,first_label_token,10,0.31674399971961975,170
antonym,8,first_label_token,11,0.32273146510124207,170
antonym,8,first_label_token,12,0.3320968747138977,170
antonym,8,first_label_token,13,0.30506616830825806,170
antonym,8,first_label_token,14,0.30241578817367554,170
antonym,8,first_label_token,15,0.3001408874988556,170
antonym,8,first_label_token,16,0.3117661774158478,170
antonym,8,first_label_token,17,0.3059772849082947,170
antonym,8,first_label_token,18,0.3069823682308197,170
antonym,8,first_label_token,19,0.30767881870269775,170
antonym,8,first_label_token,20,0.3025977313518524,170
antonym,8,first_label_token,21,0.31248170137405396,170
antonym,8,first_label_token,22,0.30236682295799255,170
antonym,8,first_label_token,23,0.29772526025772095,170
antonym,8,first_label_token,24,0.29528141021728516,170
antonym,8,first_label_token,25,0.2889397442340851,170
antonym,8,first_label_token,26,0.28217440843582153,170
antonym,8,first_label_token,27,0.26900190114974976,170
antonym,8,first_label_token,28,0.2878366708755493,170
antonym,8,last_label_token,0,0.005297116469591856,170
antonym,8,last_label_token,1,0.15393562614917755,170
antonym,8,last_label_token,2,0.13950754702091217,170
antonym,8,last_label_token,3,0.13255859911441803,170
antonym,8,last_label_token,4,0.15307150781154633,170
antonym,8,last_label_token,5,0.18363401293754578,170
antonym,8,last_label_token,6,0.20931755006313324,170
antonym,8,last_label_token,7,0.23555010557174683,170
antonym,8,last_label_token,8,0.24692891538143158,170
antonym,8,last_label_token,9,0.28453144431114197,170
antonym,8,last_label_token,10,0.3158362805843353,170
antonym,8,last_label_token,11,0.32115668058395386,170
antonym,8,last_label_token,12,0.3317004442214966,170
antonym,8,last_label_token,13,0.30474168062210083,170
antonym,8,last_label_token,14,0.302448034286499,170
antonym,8,last_label_token,15,0.2995314300060272,170
antonym,8,last_label_token,16,0.31199002265930176,170
antonym,8,last_label_token,17,0.30652105808258057,170
antonym,8,last_label_token,18,0.30747082829475403,170
antonym,8,last_label_token,19,0.3086088001728058,170
antonym,8,last_label_token,20,0.30451932549476624,170
antonym,8,last_label_token,21,0.312690794467926,170
antonym,8,last_label_token,22,0.3025553226470947,170
antonym,8,last_label_token,23,0.29847729206085205,170
antonym,8,last_label_token,24,0.2966592311859131,170
antonym,8,last_label_token,25,0.2920926809310913,170
antonym,8,last_label_token,26,0.28782573342323303,170
antonym,8,last_label_token,27,0.2753559648990631,170
antonym,8,last_label_token,28,0.2927778661251068,170
antonym,9,pre_label_token,0,0.0001948060526046902,170
antonym,9,pre_label_token,1,0.13677042722702026,170
antonym,9,pre_label_token,2,0.11979737132787704,170
antonym,9,pre_label_token,3,0.09916558861732483,170
antonym,9,pre_label_token,4,0.11727943271398544,170
antonym,9,pre_label_token,5,0.17827585339546204,170
antonym,9,pre_label_token,6,0.22097140550613403,170
antonym,9,pre_label_token,7,0.2946932315826416,170
antonym,9,pre_label_token,8,0.30678510665893555,170
antonym,9,pre_label_token,9,0.4069896936416626,170
antonym,9,pre_label_token,10,0.4602518379688263,170
antonym,9,pre_label_token,11,0.4375268518924713,170
antonym,9,pre_label_token,12,0.4699513912200928,170
antonym,9,pre_label_token,13,0.47659870982170105,170
antonym,9,pre_label_token,14,0.4572998881340027,170
antonym,9,pre_label_token,15,0.43182286620140076,170
antonym,9,pre_label_token,16,0.4538249671459198,170
antonym,9,pre_label_token,17,0.4419107735157013,170
antonym,9,pre_label_token,18,0.43263348937034607,170
antonym,9,pre_label_token,19,0.4101237952709198,170
antonym,9,pre_label_token,20,0.3926185667514801,170
antonym,9,pre_label_token,21,0.39146068692207336,170
antonym,9,pre_label_token,22,0.37853214144706726,170
antonym,9,pre_label_token,23,0.3674640953540802,170
antonym,9,pre_label_token,24,0.3583269417285919,170
antonym,9,pre_label_token,25,0.3453792333602905,170
antonym,9,pre_label_token,26,0.3265765905380249,170
antonym,9,pre_label_token,27,0.2949344217777252,170
antonym,9,pre_label_token,28,0.28875264525413513,170
antonym,9,first_label_token,0,0.005339261144399643,170
antonym,9,first_label_token,1,0.15389038622379303,170
antonym,9,first_label_token,2,0.14067864418029785,170
antonym,9,first_label_token,3,0.13194218277931213,170
antonym,9,first_label_token,4,0.15465644001960754,170
antonym,9,first_label_token,5,0.18452569842338562,170
antonym,9,first_label_token,6,0.21068543195724487,170
antonym,9,first_label_token,7,0.23731711506843567,170
antonym,9,first_label_token,8,0.24700932204723358,170
antonym,9,first_label_token,9,0.2860206663608551,170
antonym,9,first_label_token,10,0.3191714584827423,170
antonym,9,first_label_token,11,0.3241930603981018,170
antonym,9,first_label_token,12,0.33432865142822266,170
antonym,9,first_label_token,13,0.3066346049308777,170
antonym,9,first_label_token,14,0.3048296570777893,170
antonym,9,first_label_token,15,0.3043366074562073,170
antonym,9,first_label_token,16,0.3176605999469757,170
antonym,9,first_label_token,17,0.31154370307922363,170
antonym,9,first_label_token,18,0.3108241558074951,170
antonym,9,first_label_token,19,0.31080833077430725,170
antonym,9,first_label_token,20,0.30589720606803894,170
antonym,9,first_label_token,21,0.3145771026611328,170
antonym,9,first_label_token,22,0.30434685945510864,170
antonym,9,first_label_token,23,0.2992945611476898,170
antonym,9,first_label_token,24,0.2969436049461365,170
antonym,9,first_label_token,25,0.29119873046875,170
antonym,9,first_label_token,26,0.2846859395503998,170
antonym,9,first_label_token,27,0.27204447984695435,170
antonym,9,first_label_token,28,0.2908839285373688,170
antonym,9,last_label_token,0,0.005134581588208675,170
antonym,9,last_label_token,1,0.1536930352449417,170
antonym,9,last_label_token,2,0.139633446931839,170
antonym,9,last_label_token,3,0.13250024616718292,170
antonym,9,last_label_token,4,0.1541161984205246,170
antonym,9,last_label_token,5,0.18347901105880737,170
antonym,9,last_label_token,6,0.2096455991268158,170
antonym,9,last_label_token,7,0.23679129779338837,170
antonym,9,last_label_token,8,0.2460685670375824,170
antonym,9,last_label_token,9,0.2862367331981659,170
antonym,9,last_label_token,10,0.31671056151390076,170
antonym,9,last_label_token,11,0.32178932428359985,170
antonym,9,last_label_token,12,0.332402765750885,170
antonym,9,last_label_token,13,0.30467909574508667,170
antonym,9,last_label_token,14,0.30296701192855835,170
antonym,9,last_label_token,15,0.3020002245903015,170
antonym,9,last_label_token,16,0.3160969316959381,170
antonym,9,last_label_token,17,0.3100595772266388,170
antonym,9,last_label_token,18,0.3095361292362213,170
antonym,9,last_label_token,19,0.3104190230369568,170
antonym,9,last_label_token,20,0.306282103061676,170
antonym,9,last_label_token,21,0.31425559520721436,170
antonym,9,last_label_token,22,0.30415770411491394,170
antonym,9,last_label_token,23,0.29983267188072205,170
antonym,9,last_label_token,24,0.2983875274658203,170
antonym,9,last_label_token,25,0.2943016290664673,170
antonym,9,last_label_token,26,0.28996211290359497,170
antonym,9,last_label_token,27,0.278036892414093,170
antonym,9,last_label_token,28,0.29514169692993164,170
antonym,10,pre_label_token,0,0.0001948060526046902,170
antonym,10,pre_label_token,1,0.13653694093227386,170
antonym,10,pre_label_token,2,0.11913786828517914,170
antonym,10,pre_label_token,3,0.09882640838623047,170
antonym,10,pre_label_token,4,0.11710869520902634,170
antonym,10,pre_label_token,5,0.17900541424751282,170
antonym,10,pre_label_token,6,0.2204703986644745,170
antonym,10,pre_label_token,7,0.2939687669277191,170
antonym,10,pre_label_token,8,0.30724194645881653,170
antonym,10,pre_label_token,9,0.40912488102912903,170
antonym,10,pre_label_token,10,0.46152082085609436,170
antonym,10,pre_label_token,11,0.4391896426677704,170
antonym,10,pre_label_token,12,0.47229379415512085,170
antonym,10,pre_label_token,13,0.4782160520553589,170
antonym,10,pre_label_token,14,0.4582107961177826,170
antonym,10,pre_label_token,15,0.4322783946990967,170
antonym,10,pre_label_token,16,0.4536440670490265,170
antonym,10,pre_label_token,17,0.4407708942890167,170
antonym,10,pre_label_token,18,0.431404709815979,170
antonym,10,pre_label_token,19,0.40734758973121643,170
antonym,10,pre_label_token,20,0.3905083239078522,170
antonym,10,pre_label_token,21,0.3896821439266205,170
antonym,10,pre_label_token,22,0.37700793147087097,170
antonym,10,pre_label_token,23,0.3662373125553131,170
antonym,10,pre_label_token,24,0.3572523295879364,170
antonym,10,pre_label_token,25,0.3445187211036682,170
antonym,10,pre_label_token,26,0.32648950815200806,170
antonym,10,pre_label_token,27,0.29402419924736023,170
antonym,10,pre_label_token,28,0.2882393002510071,170
antonym,10,first_label_token,0,0.005135900340974331,170
antonym,10,first_label_token,1,0.1548740118741989,170
antonym,10,first_label_token,2,0.14089691638946533,170
antonym,10,first_label_token,3,0.1322350651025772,170
antonym,10,first_label_token,4,0.15490111708641052,170
antonym,10,first_label_token,5,0.18581008911132812,170
antonym,10,first_label_token,6,0.21148210763931274,170
antonym,10,first_label_token,7,0.23885785043239594,170
antonym,10,first_label_token,8,0.24736487865447998,170
antonym,10,first_label_token,9,0.285403311252594,170
antonym,10,first_label_token,10,0.31736424565315247,170
antonym,10,first_label_token,11,0.323354572057724,170
antonym,10,first_label_token,12,0.3325349688529968,170
antonym,10,first_label_token,13,0.3036884069442749,170
antonym,10,first_label_token,14,0.30129334330558777,170
antonym,10,first_label_token,15,0.30019232630729675,170
antonym,10,first_label_token,16,0.3127371072769165,170
antonym,10,first_label_token,17,0.30690908432006836,170
antonym,10,first_label_token,18,0.3074977993965149,170
antonym,10,first_label_token,19,0.30806946754455566,170
antonym,10,first_label_token,20,0.30417925119400024,170
antonym,10,first_label_token,21,0.3138671815395355,170
antonym,10,first_label_token,22,0.30393528938293457,170
antonym,10,first_label_token,23,0.2992553114891052,170
antonym,10,first_label_token,24,0.29786550998687744,170
antonym,10,first_label_token,25,0.2924306094646454,170
antonym,10,first_label_token,26,0.28758424520492554,170
antonym,10,first_label_token,27,0.2751595973968506,170
antonym,10,first_label_token,28,0.2931910455226898,170
antonym,10,last_label_token,0,0.005095830652862787,170
antonym,10,last_label_token,1,0.1550694853067398,170
antonym,10,last_label_token,2,0.14059440791606903,170
antonym,10,last_label_token,3,0.1335245668888092,170
antonym,10,last_label_token,4,0.15517958998680115,170
antonym,10,last_label_token,5,0.18565453588962555,170
antonym,10,last_label_token,6,0.21165941655635834,170
antonym,10,last_label_token,7,0.23904041945934296,170
antonym,10,last_label_token,8,0.2473798245191574,170
antonym,10,last_label_token,9,0.28604719042778015,170
antonym,10,last_label_token,10,0.3160727620124817,170
antonym,10,last_label_token,11,0.3219870626926422,170
antonym,10,last_label_token,12,0.3317212164402008,170
antonym,10,last_label_token,13,0.30281901359558105,170
antonym,10,last_label_token,14,0.30059656500816345,170
antonym,10,last_label_token,15,0.29953622817993164,170
antonym,10,last_label_token,16,0.3121352791786194,170
antonym,10,last_label_token,17,0.3062152862548828,170
antonym,10,last_label_token,18,0.30694279074668884,170
antonym,10,last_label_token,19,0.30779358744621277,170
antonym,10,last_label_token,20,0.30434703826904297,170
antonym,10,last_label_token,21,0.31323757767677307,170
antonym,10,last_label_token,22,0.30326148867607117,170
antonym,10,last_label_token,23,0.29892057180404663,170
antonym,10,last_label_token,24,0.2979826033115387,170
antonym,10,last_label_token,25,0.2935292720794678,170
antonym,10,last_label_token,26,0.28986674547195435,170
antonym,10,last_label_token,27,0.2778409719467163,170
antonym,10,last_label_token,28,0.29540693759918213,170
antonym,10,last_prompt_token,0,0.0001948060526046902,170
antonym,10,last_prompt_token,1,0.13666735589504242,170
antonym,10,last_prompt_token,2,0.11910349130630493,170
antonym,10,last_prompt_token,3,0.09891773760318756,170
antonym,10,last_prompt_token,4,0.11699401587247849,170
antonym,10,last_prompt_token,5,0.18018051981925964,170
antonym,10,last_prompt_token,6,0.22091877460479736,170
antonym,10,last_prompt_token,7,0.2942543625831604,170
antonym,10,last_prompt_token,8,0.3067032992839813,170
antonym,10,last_prompt_token,9,0.40927568078041077,170
antonym,10,last_prompt_token,10,0.462137907743454,170
antonym,10,last_prompt_token,11,0.4412906765937805,170
antonym,10,last_prompt_token,12,0.47397205233573914,170
antonym,10,last_prompt_token,13,0.4794878661632538,170
antonym,10,last_prompt_token,14,0.45763102173805237,170
antonym,10,last_prompt_token,15,0.4319358468055725,170
antonym,10,last_prompt_token,16,0.4538364112377167,170
antonym,10,last_prompt_token,17,0.44049665331840515,170
antonym,10,last_prompt_token,18,0.431051105260849,170
antonym,10,last_prompt_token,19,0.4082323908805847,170
antonym,10,last_prompt_token,20,0.3905450701713562,170
antonym,10,last_prompt_token,21,0.38977840542793274,170
antonym,10,last_prompt_token,22,0.37681010365486145,170
antonym,10,last_prompt_token,23,0.36572083830833435,170
antonym,10,last_prompt_token,24,0.35669249296188354,170
antonym,10,last_prompt_token,25,0.3436327874660492,170
antonym,10,last_prompt_token,26,0.32493558526039124,170
antonym,10,last_prompt_token,27,0.29305222630500793,170
antonym,10,last_prompt_token,28,0.28754356503486633,170
next_number_digits,1,pre_label_token,0,0.0029595382511615753,170
next_number_digits,1,pre_label_token,1,0.11006315052509308,170
next_number_digits,1,pre_label_token,2,0.10511264950037003,170
next_number_digits,1,pre_label_token,3,0.07474887371063232,170
next_number_digits,1,pre_label_token,4,0.08853493630886078,170
next_number_digits,1,pre_label_token,5,0.11134163290262222,170
next_number_digits,1,pre_label_token,6,0.13847197592258453,170
next_number_digits,1,pre_label_token,7,0.13975073397159576,170
next_number_digits,1,pre_label_token,8,0.14045082032680511,170
next_number_digits,1,pre_label_token,9,0.13470277190208435,170
next_number_digits,1,pre_label_token,10,0.18101607263088226,170
next_number_digits,1,pre_label_token,11,0.18176811933517456,170
next_number_digits,1,pre_label_token,12,0.21147777140140533,170
next_number_digits,1,pre_label_token,13,0.23399393260478973,170
next_number_digits,1,pre_label_token,14,0.23412944376468658,170
next_number_digits,1,pre_label_token,15,0.24265560507774353,170
next_number_digits,1,pre_label_token,16,0.23892562091350555,170
next_number_digits,1,pre_label_token,17,0.24230454862117767,170
next_number_digits,1,pre_label_token,18,0.23880097270011902,170
next_number_digits,1,pre_label_token,19,0.23658236861228943,170
next_number_digits,1,pre_label_token,20,0.23229704797267914,170
next_number_digits,1,pre_label_token,21,0.23462043702602386,170
next_number_digits,1,pre_label_token,22,0.2299378514289856,170
next_number_digits,1,pre_label_token,23,0.22732912003993988,170
next_number_digits,1,pre_label_token,24,0.2285701036453247,170
next_number_digits,1,pre_label_token,25,0.2226724773645401,170
next_number_digits,1,pre_label_token,26,0.2189730852842331,170
next_number_digits,1,pre_label_token,27,0.2072717547416687,170
next_number_digits,1,pre_label_token,28,0.2018582969903946,170
next_number_digits,1,first_label_token,0,0.003434055019170046,170
next_number_digits,1,first_label_token,1,0.12811994552612305,170
next_number_digits,1,first_label_token,2,0.11860033124685287,170
next_number_digits,1,first_label_token,3,0.10576040297746658,170
next_number_digits,1,first_label_token,4,0.11359111219644547,170
next_number_digits,1,first_label_token,5,0.11775968223810196,170
next_number_digits,1,first_label_token,6,0.12263426184654236,170
next_number_digits,1,first_label_token,7,0.15475919842720032,170
next_number_digits,1,first_label_token,8,0.14857299625873566,170
next_number_digits,1,first_label_token,9,0.21271775662899017,170
next_number_digits,1,first_label_token,10,0.2190409004688263,170
next_number_digits,1,first_label_token,11,0.2356477677822113,170
next_number_digits,1,first_label_token,12,0.23950737714767456,170
next_number_digits,1,first_label_token,13,0.2283259481191635,170
next_number_digits,1,first_label_token,14,0.20950283110141754,170
next_number_digits,1,first_label_token,15,0.21499696373939514,170
next_number_digits,1,first_label_token,16,0.21556688845157623,170
next_number_digits,1,first_label_token,17,0.23727567493915558,170
next_number_digits,1,first_label_token,18,0.22976936399936676,170
next_number_digits,1,first_label_token,19,0.23700350522994995,170
next_number_digits,1,first_label_token,20,0.23588845133781433,170
next_number_digits,1,first_label_token,21,0.2382509410381317,170
next_number_digits,1,first_label_token,22,0.23322007060050964,170
next_number_digits,1,first_label_token,23,0.22946859896183014,170
next_number_digits,1,first_label_token,24,0.2290901243686676,170
next_number_digits,1,first_label_token,25,0.2236340194940567,170
next_number_digits,1,first_label_token,26,0.21954801678657532,170
next_number_digits,1,first_label_token,27,0.2123042792081833,170
next_number_digits,1,first_label_token,28,0.21448712050914764,170
next_number_digits,1,last_label_token,0,0.003434055019170046,170
next_number_digits,1,last_label_token,1,0.12811994552612305,170
next_number_digits,1,last_label_token,2,0.11860033124685287,170
next_number_digits,1,last_label_token,3,0.10576040297746658,170
next_number_digits,1,last_label_token,4,0.11359111219644547,170
next_number_digits,1,last_label_token,5,0.11775968223810196,170
next_number_digits,1,last_label_token,6,0.12263426184654236,170
next_number_digits,1,last_label_token,7,0.15475919842720032,170
next_number_digits,1,last_label_token,8,0.14857299625873566,170
next_number_digits,1,last_label_token,9,0.21271775662899017,170
next_number_digits,1,last_label_token,10,0.2190409004688263,170
next_number_digits,1,last_label_token,11,0.2356477677822113,170
next_number_digits,1,last_label_token,12,0.23950737714767456,170
next_number_digits,1,last_label_token,13,0.2283259481191635,170
next_number_digits,1,last_label_token,14,0.20950283110141754,170
next_number_digits,1,last_label_token,15,0.21499696373939514,170
next_number_digits,1,last_label_token,16,0.21556688845157623,170
next_number_digits,1,last_label_token,17,0.23727567493915558,170
next_number_digits,1,last_label_token,18,0.22976936399936676,170
next_number_digits,1,last_label_token,19,0.23700350522994995,170
next_number_digits,1,last_label_token,20,0.23588845133781433,170
next_number_digits,1,last_label_token,21,0.2382509410381317,170
next_number_digits,1,last_label_token,22,0.23322007060050964,170
next_number_digits,1,last_label_token,23,0.22946859896183014,170
next_number_digits,1,last_label_token,24,0.2290901243686676,170
next_number_digits,1,last_label_token,25,0.2236340194940567,170
next_number_digits,1,last_label_token,26,0.21954801678657532,170
next_number_digits,1,last_label_token,27,0.2123042792081833,170
next_number_digits,1,last_label_token,28,0.21448712050914764,170
next_number_digits,2,pre_label_token,0,0.0029595382511615753,170
next_number_digits,2,pre_label_token,1,0.10810403525829315,170
next_number_digits,2,pre_label_token,2,0.10081031173467636,170
next_number_digits,2,pre_label_token,3,0.07573287189006805,170
next_number_digits,2,pre_label_token,4,0.1008378192782402,170
next_number_digits,2,pre_label_token,5,0.1544247418642044,170
next_number_digits,2,pre_label_token,6,0.1721874326467514,170
next_number_digits,2,pre_label_token,7,0.1995590627193451,170
next_number_digits,2,pre_label_token,8,0.20257750153541565,170
next_number_digits,2,pre_label_token,9,0.3092009723186493,170
next_number_digits,2,pre_label_token,10,0.3368023633956909,170
next_number_digits,2,pre_label_token,11,0.3410169184207916,170
next_number_digits,2,pre_label_token,12,0.374826580286026,170
next_number_digits,2,pre_label_token,13,0.42631661891937256,170
next_number_digits,2,pre_label_token,14,0.41099467873573303,170
next_number_digits,2,pre_label_token,15,0.3708082139492035,170
next_number_digits,2,pre_label_token,16,0.37688323855400085,170
next_number_digits,2,pre_label_token,17,0.3504522442817688,170
next_number_digits,2,pre_label_token,18,0.32446902990341187,170
next_number_digits,2,pre_label_token,19,0.3134783208370209,170
next_number_digits,2,pre_label_token,20,0.30267369747161865,170
next_number_digits,2,pre_label_token,21,0.3008076548576355,170
next_number_digits,2,pre_label_token,22,0.29124900698661804,170
next_number_digits,2,pre_label_token,23,0.28678393363952637,170
next_number_digits,2,pre_label_token,24,0.28326675295829773,170
next_number_digits,2,pre_label_token,25,0.2774352431297302,170
next_number_digits,2,pre_label_token,26,0.2699885070323944,170
next_number_digits,2,pre_label_token,27,0.2504967749118805,170
next_number_digits,2,pre_label_token,28,0.22541910409927368,170
next_number_digits,2,first_label_token,0,0.0038800800684839487,170
next_number_digits,2,first_label_token,1,0.12589165568351746,170
next_number_digits,2,first_label_token,2,0.11607043445110321,170
next_number_digits,2,first_label_token,3,0.1082925796508789,170
next_number_digits,2,first_label_token,4,0.11742374300956726,170
next_number_digits,2,first_label_token,5,0.13657747209072113,170
next_number_digits,2,first_label_token,6,0.1359802782535553,170
next_number_digits,2,first_label_token,7,0.1566135138273239,170
next_number_digits,2,first_label_token,8,0.15159663558006287,170
next_number_digits,2,first_label_token,9,0.22951263189315796,170
next_number_digits,2,first_label_token,10,0.24285973608493805,170
next_number_digits,2,first_label_token,11,0.253426730632782,170
next_number_digits,2,first_label_token,12,0.27112630009651184,170
next_number_digits,2,first_label_token,13,0.26992157101631165,170
next_number_digits,2,first_label_token,14,0.2475452721118927,170
next_number_digits,2,first_label_token,15,0.24924765527248383,170
next_number_digits,2,first_label_token,16,0.253772497177124,170
next_number_digits,2,first_label_token,17,0.2654365301132202,170
next_number_digits,2,first_label_token,18,0.257752001285553,170
next_number_digits,2,first_label_token,19,0.2663915753364563,170
next_number_digits,2,first_label_token,20,0.2625044286251068,170
next_number_digits,2,first_label_token,21,0.26601672172546387,170
next_number_digits,2,first_label_token,22,0.2590712904930115,170
next_number_digits,2,first_label_token,23,0.25339022278785706,170
next_number_digits,2,first_label_token,24,0.2509797513484955,170
next_number_digits,2,first_label_token,25,0.24632497131824493,170
next_number_digits,2,first_label_token,26,0.23831765353679657,170
next_number_digits,2,first_label_token,27,0.23017504811286926,170
next_number_digits,2,first_label_token,28,0.23313920199871063,170
next_number_digits,2,last_label_token,0,0.0038800800684839487,170
next_number_digits,2,last_label_token,1,0.12589165568351746,170
next_number_digits,2,last_label_token,2,0.11607043445110321,170
next_number_digits,2,last_label_token,3,0.1082925796508789,170
next_number_digits,2,last_label_token,4,0.11742374300956726,170
next_number_digits,2,last_label_token,5,0.13657747209072113,170
next_number_digits,2,last_label_token,6,0.1359802782535553,170
next_number_digits,2,last_label_token,7,0.1566135138273239,170
next_number_digits,2,last_label_token,8,0.15159663558006287,170
next_number_digits,2,last_label_token,9,0.22951263189315796,170
next_number_digits,2,last_label_token,10,0.24285973608493805,170
next_number_digits,2,last_label_token,11,0.253426730632782,170
next_number_digits,2,last_label_token,12,0.27112630009651184,170
next_number_digits,2,last_label_token,13,0.26992157101631165,170
next_number_digits,2,last_label_token,14,0.2475452721118927,170
next_number_digits,2,last_label_token,15,0.24924765527248383,170
next_number_digits,2,last_label_token,16,0.253772497177124,170
next_number_digits,2,last_label_token,17,0.2654365301132202,170
next_number_digits,2,last_label_token,18,0.257752001285553,170
next_number_digits,2,last_label_token,19,0.2663915753364563,170
next_number_digits,2,last_label_token,20,0.2625044286251068,170
next_number_digits,2,last_label_token,21,0.26601672172546387,170
next_number_digits,2,last_label_token,22,0.2590712904930115,170
next_number_digits,2,last_label_token,23,0.25339022278785706,170
next_number_digits,2,last_label_token,24,0.2509797513484955,170
next_number_digits,2,last_label_token,25,0.24632497131824493,170
next_number_digits,2,last_label_token,26,0.23831765353679657,170
next_number_digits,2,last_label_token,27,0.23017504811286926,170
next_number_digits,2,last_label_token,28,0.23313920199871063,170
next_number_digits,3,pre_label_token,0,0.0029595382511615753,170
next_number_digits,3,pre_label_token,1,0.10930387675762177,170
next_number_digits,3,pre_label_token,2,0.10027734935283661,170
next_number_digits,3,pre_label_token,3,0.07997896522283554,170
next_number_digits,3,pre_label_token,4,0.10466442257165909,170
next_number_digits,3,pre_label_token,5,0.17826668918132782,170
next_number_digits,3,pre_label_token,6,0.192428320646286,170
next_number_digits,3,pre_label_token,7,0.2316519320011139,170
next_number_digits,3,pre_label_token,8,0.23708249628543854,170
next_number_digits,3,pre_label_token,9,0.3876752555370331,170
next_number_digits,3,pre_label_token,10,0.4194507896900177,170
next_number_digits,3,pre_label_token,11,0.40032443404197693,170
next_number_digits,3,pre_label_token,12,0.4402068257331848,170
next_number_digits,3,pre_label_token,13,0.48371854424476624,170
next_number_digits,3,pre_label_token,14,0.44604963064193726,170
next_number_digits,3,pre_label_token,15,0.3916183412075043,170
next_number_digits,3,pre_label_token,16,0.40049901604652405,170
next_number_digits,3,pre_label_token,17,0.36663782596588135,170
next_number_digits,3,pre_label_token,18,0.338571697473526,170
next_number_digits,3,pre_label_token,19,0.3278146982192993,170
next_number_digits,3,pre_label_token,20,0.31246617436408997,170
next_number_digits,3,pre_label_token,21,0.3093178868293762,170
next_number_digits,3,pre_label_token,22,0.299209862947464,170
next_number_digits,3,pre_label_token,23,0.2936943471431732,170
next_number_digits,3,pre_label_token,24,0.2902340292930603,170
next_number_digits,3,pre_label_token,25,0.28670012950897217,170
next_number_digits,3,pre_label_token,26,0.2797612249851227,170
next_number_digits,3,pre_label_token,27,0.26023632287979126,170
next_number_digits,3,pre_label_token,28,0.23067882657051086,170
next_number_digits,3,first_label_token,0,0.004307436291128397,170
next_number_digits,3,first_label_token,1,0.12564578652381897,170
next_number_digits,3,first_label_token,2,0.11587139219045639,170
next_number_digits,3,first_label_token,3,0.11003820598125458,170
next_number_digits,3,first_label_token,4,0.11858426034450531,170
next_number_digits,3,first_label_token,5,0.14225053787231445,170
next_number_digits,3,first_label_token,6,0.13984782993793488,170
next_number_digits,3,first_label_token,7,0.1595475673675537,170
next_number_digits,3,first_label_token,8,0.15660381317138672,170
next_number_digits,3,first_label_token,9,0.23123081028461456,170
next_number_digits,3,first_label_token,10,0.25784313678741455,170
next_number_digits,3,first_label_token,11,0.25872743129730225,170
next_number_digits,3,first_label_token,12,0.2757123112678528,170
next_number_digits,3,first_label_token,13,0.2763001024723053,170
next_number_digits,3,first_label_token,14,0.24781261384487152,170
next_number_digits,3,first_label_token,15,0.25049546360969543,170
next_number_digits,3,first_label_token,16,0.2578635811805725,170
next_number_digits,3,first_label_token,17,0.26255133748054504,170
next_number_digits,3,first_label_token,18,0.2550392150878906,170
next_number_digits,3,first_label_token,19,0.2641662657260895,170
next_number_digits,3,first_label_token,20,0.2594020664691925,170
next_number_digits,3,first_label_token,21,0.2638789713382721,170
next_number_digits,3,first_label_token,22,0.25666704773902893,170
next_number_digits,3,first_label_token,23,0.250997394323349,170
next_number_digits,3,first_label_token,24,0.24791279435157776,170
next_number_digits,3,first_label_token,25,0.24480748176574707,170
next_number_digits,3,first_label_token,26,0.23777300119400024,170
next_number_digits,3,first_label_token,27,0.23030786216259003,170
next_number_digits,3,first_label_token,28,0.2319808006286621,170
next_number_digits,3,last_label_token,0,0.004307436291128397,170
next_number_digits,3,last_label_token,1,0.12564578652381897,170
next_number_digits,3,last_label_token,2,0.11587139219045639,170
next_number_digits,3,last_label_token,3,0.11003820598125458,170
next_number_digits,3,last_label_token,4,0.11858426034450531,170
next_number_digits,3,last_label_token,5,0.14225053787231445,170
next_number_digits,3,last_label_token,6,0.13984782993793488,170
next_number_digits,3,last_label_token,7,0.1595475673675537,170
next_number_digits,3,last_label_token,8,0.15660381317138672,170
next_number_digits,3,last_label_token,9,0.23123081028461456,170
next_number_digits,3,last_label_token,10,0.25784313678741455,170
next_number_digits,3,last_label_token,11,0.25872743129730225,170
next_number_digits,3,last_label_token,12,0.2757123112678528,170
next_number_digits,3,last_label_token,13,0.2763001024723053,170
next_number_digits,3,last_label_token,14,0.24781261384487152,170
next_number_digits,3,last_label_token,15,0.25049546360969543,170
next_number_digits,3,last_label_token,16,0.2578635811805725,170
next_number_digits,3,last_label_token,17,0.26255133748054504,170
next_number_digits,3,last_label_token,18,0.2550392150878906,170
next_number_digits,3,last_label_token,19,0.2641662657260895,170
next_number_digits,3,last_label_token,20,0.2594020664691925,170
next_number_digits,3,last_label_token,21,0.2638789713382721,170
next_number_digits,3,last_label_token,22,0.25666704773902893,170
next_number_digits,3,last_label_token,23,0.250997394323349,170
next_number_digits,3,last_label_token,24,0.24791279435157776,170
next_number_digits,3,last_label_token,25,0.24480748176574707,170
next_number_digits,3,last_label_token,26,0.23777300119400024,170
next_number_digits,3,last_label_token,27,0.23030786216259003,170
next_number_digits,3,last_label_token,28,0.2319808006286621,170
next_number_digits,4,pre_label_token,0,0.0029595382511615753,170
next_number_digits,4,pre_label_token,1,0.10964304208755493,170
next_number_digits,4,pre_label_token,2,0.09938861429691315,170
next_number_digits,4,pre_label_token,3,0.08257809281349182,170
next_number_digits,4,pre_label_token,4,0.10535694658756256,170
next_number_digits,4,pre_label_token,5,0.1848154067993164,170
next_number_digits,4,pre_label_token,6,0.20024268329143524,170
next_number_digits,4,pre_label_token,7,0.24513688683509827,170
next_number_digits,4,pre_label_token,8,0.25534576177597046,170
next_number_digits,4,pre_label_token,9,0.41932183504104614,170
next_number_digits,4,pre_label_token,10,0.4482307434082031,170
next_number_digits,4,pre_label_token,11,0.42331182956695557,170
next_number_digits,4,pre_label_token,12,0.4587063491344452,170
next_number_digits,4,pre_label_token,13,0.4974680244922638,170
next_number_digits,4,pre_label_token,14,0.45754382014274597,170
next_number_digits,4,pre_label_token,15,0.39750927686691284,170
next_number_digits,4,pre_label_token,16,0.40484175086021423,170
next_number_digits,4,pre_label_token,17,0.36920225620269775,170
next_number_digits,4,pre_label_token,18,0.34064891934394836,170
next_number_digits,4,pre_label_token,19,0.3293023407459259,170
next_number_digits,4,pre_label_token,20,0.31243178248405457,170
next_number_digits,4,pre_label_token,21,0.30894526839256287,170
next_number_digits,4,pre_label_token,22,0.29865166544914246,170
next_number_digits,4,pre_label_token,23,0.2931215465068817,170
next_number_digits,4,pre_label_token,24,0.2899753451347351,170
next_number_digits,4,pre_label_token,25,0.2869575023651123,170
next_number_digits,4,pre_label_token,26,0.27945852279663086,170
next_number_digits,4,pre_label_token,27,0.25929054617881775,170
next_number_digits,4,pre_label_token,28,0.23185332119464874,170
next_number_digits,4,first_label_token,0,0.003459864528849721,170
next_number_digits,4,first_label_token,1,0.1260170042514801,170
next_number_digits,4,first_label_token,2,0.11580992490053177,170
next_number_digits,4,first_label_token,3,0.10991785675287247,170
next_number_digits,4,first_label_token,4,0.11863964051008224,170
next_number_digits,4,first_label_token,5,0.14614799618721008,170
next_number_digits,4,first_label_token,6,0.1428035944700241,170
next_number_digits,4,first_label_token,7,0.16372628509998322,170
next_number_digits,4,first_label_token,8,0.15743139386177063,170
next_number_digits,4,first_label_token,9,0.2391931265592575,170
next_number_digits,4,first_label_token,10,0.26674899458885193,170
next_number_digits,4,first_label_token,11,0.2637613117694855,170
next_number_digits,4,first_label_token,12,0.27780425548553467,170
next_number_digits,4,first_label_token,13,0.27402520179748535,170
next_number_digits,4,first_label_token,14,0.24504435062408447,170
next_number_digits,4,first_label_token,15,0.2490304410457611,170
next_number_digits,4,first_label_token,16,0.2589077949523926,170
next_number_digits,4,first_label_token,17,0.26115983724594116,170
next_number_digits,4,first_label_token,18,0.2531116008758545,170
next_number_digits,4,first_label_token,19,0.26186200976371765,170
next_number_digits,4,first_label_token,20,0.25645768642425537,170
next_number_digits,4,first_label_token,21,0.25948792695999146,170
next_number_digits,4,first_label_token,22,0.2517163157463074,170
next_number_digits,4,first_label_token,23,0.24619004130363464,170
next_number_digits,4,first_label_token,24,0.24279484152793884,170
next_number_digits,4,first_label_token,25,0.23986633121967316,170
next_number_digits,4,first_label_token,26,0.2335231751203537,170
next_number_digits,4,first_label_token,27,0.22826293110847473,170
next_number_digits,4,first_label_token,28,0.23010951280593872,170
next_number_digits,4,last_label_token,0,0.003459864528849721,170
next_number_digits,4,last_label_token,1,0.1260170042514801,170
next_number_digits,4,last_label_token,2,0.11580992490053177,170
next_number_digits,4,last_label_token,3,0.10991785675287247,170
next_number_digits,4,last_label_token,4,0.11863964051008224,170
next_number_digits,4,last_label_token,5,0.14614799618721008,170
next_number_digits,4,last_label_token,6,0.1428035944700241,170
next_number_digits,4,last_label_token,7,0.16372628509998322,170
next_number_digits,4,last_label_token,8,0.15743139386177063,170
next_number_digits,4,last_label_token,9,0.2391931265592575,170
next_number_digits,4,last_label_token,10,0.26674899458885193,170
next_number_digits,4,last_label_token,11,0.2637613117694855,170
next_number_digits,4,last_label_token,12,0.27780425548553467,170
next_number_digits,4,last_label_token,13,0.27402520179748535,170
next_number_digits,4,last_label_token,14,0.24504435062408447,170
next_number_digits,4,last_label_token,15,0.2490304410457611,170
next_number_digits,4,last_label_token,16,0.2589077949523926,170
next_number_digits,4,last_label_token,17,0.26115983724594116,170
next_number_digits,4,last_label_token,18,0.2531116008758545,170
next_number_digits,4,last_label_token,19,0.26186200976371765,170
next_number_digits,4,last_label_token,20,0.25645768642425537,170
next_number_digits,4,last_label_token,21,0.25948792695999146,170
next_number_digits,4,last_label_token,22,0.2517163157463074,170
next_number_digits,4,last_label_token,23,0.24619004130363464,170
next_number_digits,4,last_label_token,24,0.24279484152793884,170
next_number_digits,4,last_label_token,25,0.23986633121967316,170
next_number_digits,4,last_label_token,26,0.2335231751203537,170
next_number_digits,4,last_label_token,27,0.22826293110847473,170
next_number_digits,4,last_label_token,28,0.23010951280593872,170
next_number_digits,5,pre_label_token,0,0.0029595382511615753,170
next_number_digits,5,pre_label_token,1,0.10962961614131927,170
next_number_digits,5,pre_label_token,2,0.098331518471241,170
next_number_digits,5,pre_label_token,3,0.08342122286558151,170
next_number_digits,5,pre_label_token,4,0.10462714731693268,170
next_number_digits,5,pre_label_token,5,0.18668681383132935,170
next_number_digits,5,pre_label_token,6,0.20201456546783447,170
next_number_digits,5,pre_label_token,7,0.25012868642807007,170
next_number_digits,5,pre_label_token,8,0.2605893611907959,170
next_number_digits,5,pre_label_token,9,0.43652793765068054,170
next_number_digits,5,pre_label_token,10,0.4662928879261017,170
next_number_digits,5,pre_label_token,11,0.4366987645626068,170
next_number_digits,5,pre_label_token,12,0.4665168225765228,170
next_number_digits,5,pre_label_token,13,0.5023380517959595,170
next_number_digits,5,pre_label_token,14,0.46444761753082275,170
next_number_digits,5,pre_label_token,15,0.40147578716278076,170
next_number_digits,5,pre_label_token,16,0.4070225954055786,170
next_number_digits,5,pre_label_token,17,0.36878958344459534,170
next_number_digits,5,pre_label_token,18,0.33925241231918335,170
next_number_digits,5,pre_label_token,19,0.32795748114585876,170
next_number_digits,5,pre_label_token,20,0.3096119463443756,170
next_number_digits,5,pre_label_token,21,0.30633845925331116,170
next_number_digits,5,pre_label_token,22,0.2959679961204529,170
next_number_digits,5,pre_label_token,23,0.29053691029548645,170
next_number_digits,5,pre_label_token,24,0.2880168557167053,170
next_number_digits,5,pre_label_token,25,0.2862077057361603,170
next_number_digits,5,pre_label_token,26,0.2792051434516907,170
next_number_digits,5,pre_label_token,27,0.2592388689517975,170
next_number_digits,5,pre_label_token,28,0.23245003819465637,170
next_number_digits,5,first_label_token,0,0.003582407720386982,170
next_number_digits,5,first_label_token,1,0.12616375088691711,170
next_number_digits,5,first_label_token,2,0.11479052156209946,170
next_number_digits,5,first_label_token,3,0.1092083752155304,170
next_number_digits,5,first_label_token,4,0.11733059585094452,170
next_number_digits,5,first_label_token,5,0.14383316040039062,170
next_number_digits,5,first_label_token,6,0.13920116424560547,170
next_number_digits,5,first_label_token,7,0.1618506908416748,170
next_number_digits,5,first_label_token,8,0.15325289964675903,170
next_number_digits,5,first_label_token,9,0.23879662156105042,170
next_number_digits,5,first_label_token,10,0.26550689339637756,170
next_number_digits,5,first_label_token,11,0.26062536239624023,170
next_number_digits,5,first_label_token,12,0.2713518440723419,170
next_number_digits,5,first_label_token,13,0.2655887007713318,170
next_number_digits,5,first_label_token,14,0.23721344769001007,170
next_number_digits,5,first_label_token,15,0.24213707447052002,170
next_number_digits,5,first_label_token,16,0.25182127952575684,170
next_number_digits,5,first_label_token,17,0.2535800635814667,170
next_number_digits,5,first_label_token,18,0.24528299272060394,170
next_number_digits,5,first_label_token,19,0.25449138879776,170
next_number_digits,5,first_label_token,20,0.24873585999011993,170
next_number_digits,5,first_label_token,21,0.251761257648468,170
next_number_digits,5,first_label_token,22,0.2451622039079666,170
next_number_digits,5,first_label_token,23,0.23957559466362,170
next_number_digits,5,first_label_token,24,0.23602129518985748,170
next_number_digits,5,first_label_token,25,0.2335280478000641,170
next_number_digits,5,first_label_token,26,0.22764679789543152,170
next_number_digits,5,first_label_token,27,0.22397813200950623,170
next_number_digits,5,first_label_token,28,0.22718961536884308,170
next_number_digits,5,last_label_token,0,0.003582407720386982,170
next_number_digits,5,last_label_token,1,0.12616375088691711,170
next_number_digits,5,last_label_token,2,0.11479052156209946,170
next_number_digits,5,last_label_token,3,0.1092083752155304,170
next_number_digits,5,last_label_token,4,0.11733059585094452,170
next_number_digits,5,last_label_token,5,0.14383316040039062,170
next_number_digits,5,last_label_token,6,0.13920116424560547,170
next_number_digits,5,last_label_token,7,0.1618506908416748,170
next_number_digits,5,last_label_token,8,0.15325289964675903,170
next_number_digits,5,last_label_token,9,0.23879662156105042,170
next_number_digits,5,last_label_token,10,0.26550689339637756,170
next_number_digits,5,last_label_token,11,0.26062536239624023,170
next_number_digits,5,last_label_token,12,0.2713518440723419,170
next_number_digits,5,last_label_token,13,0.2655887007713318,170
next_number_digits,5,last_label_token,14,0.23721344769001007,170
next_number_digits,5,last_label_token,15,0.24213707447052002,170
next_number_digits,5,last_label_token,16,0.25182127952575684,170
next_number_digits,5,last_label_token,17,0.2535800635814667,170
next_number_digits,5,last_label_token,18,0.24528299272060394,170
next_number_digits,5,last_label_token,19,0.25449138879776,170
next_number_digits,5,last_label_token,20,0.24873585999011993,170
next_number_digits,5,last_label_token,21,0.251761257648468,170
next_number_digits,5,last_label_token,22,0.2451622039079666,170
next_number_digits,5,last_label_token,23,0.23957559466362,170
next_number_digits,5,last_label_token,24,0.23602129518985748,170
next_number_digits,5,last_label_token,25,0.2335280478000641,170
next_number_digits,5,last_label_token,26,0.22764679789543152,170
next_number_digits,5,last_label_token,27,0.22397813200950623,170
next_number_digits,5,last_label_token,28,0.22718961536884308,170
next_number_digits,6,pre_label_token,0,0.0029595382511615753,170
next_number_digits,6,pre_label_token,1,0.10914842784404755,170
next_number_digits,6,pre_label_token,2,0.09736134856939316,170
next_number_digits,6,pre_label_token,3,0.08445356786251068,170
next_number_digits,6,pre_label_token,4,0.10516328364610672,170
next_number_digits,6,pre_label_token,5,0.1886388510465622,170
next_number_digits,6,pre_label_token,6,0.20463477075099945,170
next_number_digits,6,pre_label_token,7,0.25423839688301086,170
next_number_digits,6,pre_label_token,8,0.2639191746711731,170
next_number_digits,6,pre_label_token,9,0.4458780288696289,170
next_number_digits,6,pre_label_token,10,0.4745643734931946,170
next_number_digits,6,pre_label_token,11,0.4432189464569092,170
next_number_digits,6,pre_label_token,12,0.4691234827041626,170
next_number_digits,6,pre_label_token,13,0.5038585662841797,170
next_number_digits,6,pre_label_token,14,0.46701377630233765,170
next_number_digits,6,pre_label_token,15,0.40386828780174255,170
next_number_digits,6,pre_label_token,16,0.4080885350704193,170
next_number_digits,6,pre_label_token,17,0.3673919141292572,170
next_number_digits,6,pre_label_token,18,0.3364604711532593,170
next_number_digits,6,pre_label_token,19,0.32587331533432007,170
next_number_digits,6,pre_label_token,20,0.3071110248565674,170
next_number_digits,6,pre_label_token,21,0.30446892976760864,170
next_number_digits,6,pre_label_token,22,0.2942619025707245,170
next_number_digits,6,pre_label_token,23,0.28881508111953735,170
next_number_digits,6,pre_label_token,24,0.2864999771118164,170
next_number_digits,6,pre_label_token,25,0.28520721197128296,170
next_number_digits,6,pre_label_token,26,0.27779528498649597,170
next_number_digits,6,pre_label_token,27,0.2580515742301941,170
next_number_digits,6,pre_label_token,28,0.23282353579998016,170
next_number_digits,6,first_label_token,0,0.0039004962891340256,170
next_number_digits,6,first_label_token,1,0.12577000260353088,170
next_number_digits,6,first_label_token,2,0.11358826607465744,170
next_number_digits,6,first_label_token,3,0.1082807406783104,170
next_number_digits,6,first_label_token,4,0.1159331351518631,170
next_number_digits,6,first_label_token,5,0.1428368240594864,170
next_number_digits,6,first_label_token,6,0.13686829805374146,170
next_number_digits,6,first_label_token,7,0.16117334365844727,170
next_number_digits,6,first_label_token,8,0.150770902633667,170
next_number_digits,6,first_label_token,9,0.23829875886440277,170
next_number_digits,6,first_label_token,10,0.2637365460395813,170
next_number_digits,6,first_label_token,11,0.2588486671447754,170
next_number_digits,6,first_label_token,12,0.268961101770401,170
next_number_digits,6,first_label_token,13,0.26209527254104614,170
next_number_digits,6,first_label_token,14,0.23416344821453094,170
next_number_digits,6,first_label_token,15,0.24049465358257294,170
next_number_digits,6,first_label_token,16,0.2504657804965973,170
next_number_digits,6,first_label_token,17,0.2515943646430969,170
next_number_digits,6,first_label_token,18,0.2421274483203888,170
next_number_digits,6,first_label_token,19,0.2514449954032898,170
next_number_digits,6,first_label_token,20,0.2448999136686325,170
next_number_digits,6,first_label_token,21,0.2477242648601532,170
next_number_digits,6,first_label_token,22,0.24136309325695038,170
next_number_digits,6,first_label_token,23,0.23594513535499573,170
next_number_digits,6,first_label_token,24,0.23233360052108765,170
next_number_digits,6,first_label_token,25,0.2305690050125122,170
next_number_digits,6,first_label_token,26,0.22527647018432617,170
next_number_digits,6,first_label_token,27,0.2220974713563919,170
next_number_digits,6,first_label_token,28,0.22634609043598175,170
next_number_digits,6,last_label_token,0,0.0039004962891340256,170
next_number_digits,6,last_label_token,1,0.12577000260353088,170
next_number_digits,6,last_label_token,2,0.11358826607465744,170
next_number_digits,6,last_label_token,3,0.1082807406783104,170
next_number_digits,6,last_label_token,4,0.1159331351518631,170
next_number_digits,6,last_label_token,5,0.1428368240594864,170
next_number_digits,6,last_label_token,6,0.13686829805374146,170
next_number_digits,6,last_label_token,7,0.16117334365844727,170
next_number_digits,6,last_label_token,8,0.150770902633667,170
next_number_digits,6,last_label_token,9,0.23829875886440277,170
next_number_digits,6,last_label_token,10,0.2637365460395813,170
next_number_digits,6,last_label_token,11,0.2588486671447754,170
next_number_digits,6,last_label_token,12,0.268961101770401,170
next_number_digits,6,last_label_token,13,0.26209527254104614,170
next_number_digits,6,last_label_token,14,0.23416344821453094,170
next_number_digits,6,last_label_token,15,0.24049465358257294,170
next_number_digits,6,last_label_token,16,0.2504657804965973,170
next_number_digits,6,last_label_token,17,0.2515943646430969,170
next_number_digits,6,last_label_token,18,0.2421274483203888,170
next_number_digits,6,last_label_token,19,0.2514449954032898,170
next_number_digits,6,last_label_token,20,0.2448999136686325,170
next_number_digits,6,last_label_token,21,0.2477242648601532,170
next_number_digits,6,last_label_token,22,0.24136309325695038,170
next_number_digits,6,last_label_token,23,0.23594513535499573,170
next_number_digits,6,last_label_token,24,0.23233360052108765,170
next_number_digits,6,last_label_token,25,0.2305690050125122,170
next_number_digits,6,last_label_token,26,0.22527647018432617,170
next_number_digits,6,last_label_token,27,0.2220974713563919,170
next_number_digits,6,last_label_token,28,0.22634609043598175,170
next_number_digits,7,pre_label_token,0,0.0029595382511615753,170
next_number_digits,7,pre_label_token,1,0.10895050317049026,170
next_number_digits,7,pre_label_token,2,0.09664525091648102,170
next_number_digits,7,pre_label_token,3,0.08425692468881607,170
next_number_digits,7,pre_label_token,4,0.10401732474565506,170
next_number_digits,7,pre_label_token,5,0.1883721500635147,170
next_number_digits,7,pre_label_token,6,0.20473086833953857,170
next_number_digits,7,pre_label_token,7,0.2553783059120178,170
next_number_digits,7,pre_label_token,8,0.2651032507419586,170
next_number_digits,7,pre_label_token,9,0.4513534605503082,170
next_number_digits,7,pre_label_token,10,0.47942212224006653,170
next_number_digits,7,pre_label_token,11,0.4463041424751282,170
next_number_digits,7,pre_label_token,12,0.46911224722862244,170
next_number_digits,7,pre_label_token,13,0.5010696649551392,170
next_number_digits,7,pre_label_token,14,0.46825000643730164,170
next_number_digits,7,pre_label_token,15,0.4032786190509796,170
next_number_digits,7,pre_label_token,16,0.40869060158729553,170
next_number_digits,7,pre_label_token,17,0.3695142865180969,170
next_number_digits,7,pre_label_token,18,0.33767494559288025,170
next_number_digits,7,pre_label_token,19,0.3278528153896332,170
next_number_digits,7,pre_label_token,20,0.3086548149585724,170
next_number_digits,7,pre_label_token,21,0.30505529046058655,170
next_number_digits,7,pre_label_token,22,0.2943763732910156,170
next_number_digits,7,pre_label_token,23,0.2885955274105072,170
next_number_digits,7,pre_label_token,24,0.28671368956565857,170
next_number_digits,7,pre_label_token,25,0.2860628664493561,170
next_number_digits,7,pre_label_token,26,0.2795339822769165,170
next_number_digits,7,pre_label_token,27,0.2601344883441925,170
next_number_digits,7,pre_label_token,28,0.2345900982618332,170
next_number_digits,7,first_label_token,0,0.0037714075297117233,170
next_number_digits,7,first_label_token,1,0.12596145272254944,170
next_number_digits,7,first_label_token,2,0.1139436811208725,170
next_number_digits,7,first_label_token,3,0.10843349993228912,170
next_number_digits,7,first_label_token,4,0.11604475975036621,170
next_number_digits,7,first_label_token,5,0.142560675740242,170
next_number_digits,7,first_label_token,6,0.13530293107032776,170
next_number_digits,7,first_label_token,7,0.16043786704540253,170
next_number_digits,7,first_label_token,8,0.15002410113811493,170
next_number_digits,7,first_label_token,9,0.24018917977809906,170
next_number_digits,7,first_label_token,10,0.2636195123195648,170
next_number_digits,7,first_label_token,11,0.25761449337005615,170
next_number_digits,7,first_label_token,12,0.2646888792514801,170
next_number_digits,7,first_label_token,13,0.2554444968700409,170
next_number_digits,7,first_label_token,14,0.23039090633392334,170
next_number_digits,7,first_label_token,15,0.23649974167346954,170
next_number_digits,7,first_label_token,16,0.2472042292356491,170
next_number_digits,7,first_label_token,17,0.24756084382534027,170
next_number_digits,7,first_label_token,18,0.23850388824939728,170
next_number_digits,7,first_label_token,19,0.24772074818611145,170
next_number_digits,7,first_label_token,20,0.2406783103942871,170
next_number_digits,7,first_label_token,21,0.24435926973819733,170
next_number_digits,7,first_label_token,22,0.23884956538677216,170
next_number_digits,7,first_label_token,23,0.23320743441581726,170
next_number_digits,7,first_label_token,24,0.22970816493034363,170
next_number_digits,7,first_label_token,25,0.2283085137605667,170
next_number_digits,7,first_label_token,26,0.22320924699306488,170
next_number_digits,7,first_label_token,27,0.22116297483444214,170
next_number_digits,7,first_label_token,28,0.22590170800685883,170
next_number_digits,7,last_label_token,0,0.0037714075297117233,170
next_number_digits,7,last_label_token,1,0.12596145272254944,170
next_number_digits,7,last_label_token,2,0.1139436811208725,170
next_number_digits,7,last_label_token,3,0.10843349993228912,170
next_number_digits,7,last_label_token,4,0.11604475975036621,170
next_number_digits,7,last_label_token,5,0.142560675740242,170
next_number_digits,7,last_label_token,6,0.13530293107032776,170
next_number_digits,7,last_label_token,7,0.16043786704540253,170
next_number_digits,7,last_label_token,8,0.15002410113811493,170
next_number_digits,7,last_label_token,9,0.24018917977809906,170
next_number_digits,7,last_label_token,10,0.2636195123195648,170
next_number_digits,7,last_label_token,11,0.25761449337005615,170
next_number_digits,7,last_label_token,12,0.2646888792514801,170
next_number_digits,7,last_label_token,13,0.2554444968700409,170
next_number_digits,7,last_label_token,14,0.23039090633392334,170
next_number_digits,7,last_label_token,15,0.23649974167346954,170
next_number_digits,7,last_label_token,16,0.2472042292356491,170
next_number_digits,7,last_label_token,17,0.24756084382534027,170
next_number_digits,7,last_label_token,18,0.23850388824939728,170
next_number_digits,7,last_label_token,19,0.24772074818611145,170
next_number_digits,7,last_label_token,20,0.2406783103942871,170
next_number_digits,7,last_label_token,21,0.24435926973819733,170
next_number_digits,7,last_label_token,22,0.23884956538677216,170
next_number_digits,7,last_label_token,23,0.23320743441581726,170
next_number_digits,7,last_label_token,24,0.22970816493034363,170
next_number_digits,7,last_label_token,25,0.2283085137605667,170
next_number_digits,7,last_label_token,26,0.22320924699306488,170
next_number_digits,7,last_label_token,27,0.22116297483444214,170
next_number_digits,7,last_label_token,28,0.22590170800685883,170
next_number_digits,8,pre_label_token,0,0.0029595382511615753,170
next_number_digits,8,pre_label_token,1,0.10885825753211975,170
next_number_digits,8,pre_label_token,2,0.0961618572473526,170
next_number_digits,8,pre_label_token,3,0.08511833846569061,170
next_number_digits,8,pre_label_token,4,0.10367577522993088,170
next_number_digits,8,pre_label_token,5,0.1890048235654831,170
next_number_digits,8,pre_label_token,6,0.2044588178396225,170
next_number_digits,8,pre_label_token,7,0.2560281753540039,170
next_number_digits,8,pre_label_token,8,0.26597559452056885,170
next_number_digits,8,pre_label_token,9,0.45984578132629395,170
next_number_digits,8,pre_label_token,10,0.48775777220726013,170
next_number_digits,8,pre_label_token,11,0.4529341161251068,170
next_number_digits,8,pre_label_token,12,0.4742946922779083,170
next_number_digits,8,pre_label_token,13,0.5041555762290955,170
next_number_digits,8,pre_label_token,14,0.4708295464515686,170
next_number_digits,8,pre_label_token,15,0.40453702211380005,170
next_number_digits,8,pre_label_token,16,0.40846553444862366,170
next_number_digits,8,pre_label_token,17,0.3671884536743164,170
next_number_digits,8,pre_label_token,18,0.3351554274559021,170
next_number_digits,8,pre_label_token,19,0.32445940375328064,170
next_number_digits,8,pre_label_token,20,0.3048411011695862,170
next_number_digits,8,pre_label_token,21,0.3020593225955963,170
next_number_digits,8,pre_label_token,22,0.29190167784690857,170
next_number_digits,8,pre_label_token,23,0.28645023703575134,170
next_number_digits,8,pre_label_token,24,0.2847961485385895,170
next_number_digits,8,pre_label_token,25,0.2841951847076416,170
next_number_digits,8,pre_label_token,26,0.2775363624095917,170
next_number_digits,8,pre_label_token,27,0.2573235332965851,170
next_number_digits,8,pre_label_token,28,0.23308856785297394,170
next_number_digits,8,first_label_token,0,0.003295397385954857,170
next_number_digits,8,first_label_token,1,0.12684302031993866,170
next_number_digits,8,first_label_token,2,0.11444355547428131,170
next_number_digits,8,first_label_token,3,0.10888704657554626,170
next_number_digits,8,first_label_token,4,0.11650677025318146,170
next_number_digits,8,first_label_token,5,0.1417292356491089,170
next_number_digits,8,first_label_token,6,0.1319565773010254,170
next_number_digits,8,first_label_token,7,0.15768329799175262,170
next_number_digits,8,first_label_token,8,0.14552287757396698,170
next_number_digits,8,first_label_token,9,0.23941878974437714,170
next_number_digits,8,first_label_token,10,0.26487958431243896,170
next_number_digits,8,first_label_token,11,0.25774332880973816,170
next_number_digits,8,first_label_token,12,0.2622142434120178,170
next_number_digits,8,first_label_token,13,0.2504535913467407,170
next_number_digits,8,first_label_token,14,0.22441339492797852,170
next_number_digits,8,first_label_token,15,0.230311319231987,170
next_number_digits,8,first_label_token,16,0.24183447659015656,170
next_number_digits,8,first_label_token,17,0.24281799793243408,170
next_number_digits,8,first_label_token,18,0.2333773821592331,170
next_number_digits,8,first_label_token,19,0.24316437542438507,170
next_number_digits,8,first_label_token,20,0.2356753647327423,170
next_number_digits,8,first_label_token,21,0.23961208760738373,170
next_number_digits,8,first_label_token,22,0.23498429358005524,170
next_number_digits,8,first_label_token,23,0.23005297780036926,170
next_number_digits,8,first_label_token,24,0.22714224457740784,170
next_number_digits,8,first_label_token,25,0.22604919970035553,170
next_number_digits,8,first_label_token,26,0.22119078040122986,170
next_number_digits,8,first_label_token,27,0.21955999732017517,170
next_number_digits,8,first_label_token,28,0.22525787353515625,170
next_number_digits,8,last_label_token,0,0.003295397385954857,170
next_number_digits,8,last_label_token,1,0.12684302031993866,170
next_number_digits,8,last_label_token,2,0.11444355547428131,170
next_number_digits,8,last_label_token,3,0.10888704657554626,170
next_number_digits,8,last_label_token,4,0.11650677025318146,170
next_number_digits,8,last_label_token,5,0.1417292356491089,170
next_number_digits,8,last_label_token,6,0.1319565773010254,170
next_number_digits,8,last_label_token,7,0.15768329799175262,170
next_number_digits,8,last_label_token,8,0.14552287757396698,170
next_number_digits,8,last_label_token,9,0.23941878974437714,170
next_number_digits,8,last_label_token,10,0.26487958431243896,170
next_number_digits,8,last_label_token,11,0.25774332880973816,170
next_number_digits,8,last_label_token,12,0.2622142434120178,170
next_number_digits,8,last_label_token,13,0.2504535913467407,170
next_number_digits,8,last_label_token,14,0.22441339492797852,170
next_number_digits,8,last_label_token,15,0.230311319231987,170
next_number_digits,8,last_label_token,16,0.24183447659015656,170
next_number_digits,8,last_label_token,17,0.24281799793243408,170
next_number_digits,8,last_label_token,18,0.2333773821592331,170
next_number_digits,8,last_label_token,19,0.24316437542438507,170
next_number_digits,8,last_label_token,20,0.2356753647327423,170
next_number_digits,8,last_label_token,21,0.23961208760738373,170
next_number_digits,8,last_label_token,22,0.23498429358005524,170
next_number_digits,8,last_label_token,23,0.23005297780036926,170
next_number_digits,8,last_label_token,24,0.22714224457740784,170
next_number_digits,8,last_label_token,25,0.22604919970035553,170
next_number_digits,8,last_label_token,26,0.22119078040122986,170
next_number_digits,8,last_label_token,27,0.21955999732017517,170
next_number_digits,8,last_label_token,28,0.22525787353515625,170
next_number_digits,9,pre_label_token,0,0.0029595382511615753,170
next_number_digits,9,pre_label_token,1,0.10898098349571228,170
next_number_digits,9,pre_label_token,2,0.09616538882255554,170
next_number_digits,9,pre_label_token,3,0.08513102680444717,170
next_number_digits,9,pre_label_token,4,0.10381467640399933,170
next_number_digits,9,pre_label_token,5,0.1904730200767517,170
next_number_digits,9,pre_label_token,6,0.20580698549747467,170
next_number_digits,9,pre_label_token,7,0.25676023960113525,170
next_number_digits,9,pre_label_token,8,0.2664514482021332,170
next_number_digits,9,pre_label_token,9,0.46265003085136414,170
next_number_digits,9,pre_label_token,10,0.4895610213279724,170
next_number_digits,9,pre_label_token,11,0.45478537678718567,170
next_number_digits,9,pre_label_token,12,0.4754974842071533,170
next_number_digits,9,pre_label_token,13,0.5032951831817627,170
next_number_digits,9,pre_label_token,14,0.4705790877342224,170
next_number_digits,9,pre_label_token,15,0.40427204966545105,170
next_number_digits,9,pre_label_token,16,0.4087531566619873,170
next_number_digits,9,pre_label_token,17,0.3681790232658386,170
next_number_digits,9,pre_label_token,18,0.33562973141670227,170
next_number_digits,9,pre_label_token,19,0.3251105844974518,170
next_number_digits,9,pre_label_token,20,0.305276095867157,170
next_number_digits,9,pre_label_token,21,0.3018752634525299,170
next_number_digits,9,pre_label_token,22,0.2912706732749939,170
next_number_digits,9,pre_label_token,23,0.28618311882019043,170
next_number_digits,9,pre_label_token,24,0.28483033180236816,170
next_number_digits,9,pre_label_token,25,0.28433990478515625,170
next_number_digits,9,pre_label_token,26,0.277510404586792,170
next_number_digits,9,pre_label_token,27,0.25851884484291077,170
next_number_digits,9,pre_label_token,28,0.2344481498003006,170
next_number_digits,9,first_label_token,0,0.0036539004649966955,170
next_number_digits,9,first_label_token,1,0.12645648419857025,170
next_number_digits,9,first_label_token,2,0.1142026036977768,170
next_number_digits,9,first_label_token,3,0.10835090279579163,170
next_number_digits,9,first_label_token,4,0.11595013737678528,170
next_number_digits,9,first_label_token,5,0.1414014995098114,170
next_number_digits,9,first_label_token,6,0.13192328810691833,170
next_number_digits,9,first_label_token,7,0.15951833128929138,170
next_number_digits,9,first_label_token,8,0.14555251598358154,170
next_number_digits,9,first_label_token,9,0.24126367270946503,170
next_number_digits,9,first_label_token,10,0.2656683623790741,170
next_number_digits,9,first_label_token,11,0.2582801878452301,170
next_number_digits,9,first_label_token,12,0.2623688876628876,170
next_number_digits,9,first_label_token,13,0.24831119179725647,170
next_number_digits,9,first_label_token,14,0.22373098134994507,170
next_number_digits,9,first_label_token,15,0.2310638427734375,170
next_number_digits,9,first_label_token,16,0.24341507256031036,170
next_number_digits,9,first_label_token,17,0.2437063753604889,170
next_number_digits,9,first_label_token,18,0.23326274752616882,170
next_number_digits,9,first_label_token,19,0.24242785573005676,170
next_number_digits,9,first_label_token,20,0.23531000316143036,170
next_number_digits,9,first_label_token,21,0.23927684128284454,170
next_number_digits,9,first_label_token,22,0.2346939742565155,170
next_number_digits,9,first_label_token,23,0.22979456186294556,170
next_number_digits,9,first_label_token,24,0.22683455049991608,170
next_number_digits,9,first_label_token,25,0.22643639147281647,170
next_number_digits,9,first_label_token,26,0.22171428799629211,170
next_number_digits,9,first_label_token,27,0.2203044891357422,170
next_number_digits,9,first_label_token,28,0.2261602133512497,170
next_number_digits,9,last_label_token,0,0.0036539004649966955,170
next_number_digits,9,last_label_token,1,0.12645648419857025,170
next_number_digits,9,last_label_token,2,0.1142026036977768,170
next_number_digits,9,last_label_token,3,0.10835090279579163,170
next_number_digits,9,last_label_token,4,0.11595013737678528,170
next_number_digits,9,last_label_token,5,0.1414014995098114,170
next_number_digits,9,last_label_token,6,0.13192328810691833,170
next_number_digits,9,last_label_token,7,0.15951833128929138,170
next_number_digits,9,last_label_token,8,0.14555251598358154,170
next_number_digits,9,last_label_token,9,0.24126367270946503,170
next_number_digits,9,last_label_token,10,0.2656683623790741,170
next_number_digits,9,last_label_token,11,0.2582801878452301,170
next_number_digits,9,last_label_token,12,0.2623688876628876,170
next_number_digits,9,last_label_token,13,0.24831119179725647,170
next_number_digits,9,last_label_token,14,0.22373098134994507,170
next_number_digits,9,last_label_token,15,0.2310638427734375,170
next_number_digits,9,last_label_token,16,0.24341507256031036,170
next_number_digits,9,last_label_token,17,0.2437063753604889,170
next_number_digits,9,last_label_token,18,0.23326274752616882,170
next_number_digits,9,last_label_token,19,0.24242785573005676,170
next_number_digits,9,last_label_token,20,0.23531000316143036,170
next_number_digits,9,last_label_token,21,0.23927684128284454,170
next_number_digits,9,last_label_token,22,0.2346939742565155,170
next_number_digits,9,last_label_token,23,0.22979456186294556,170
next_number_digits,9,last_label_token,24,0.22683455049991608,170
next_number_digits,9,last_label_token,25,0.22643639147281647,170
next_number_digits,9,last_label_token,26,0.22171428799629211,170
next_number_digits,9,last_label_token,27,0.2203044891357422,170
next_number_digits,9,last_label_token,28,0.2261602133512497,170
next_number_digits,10,pre_label_token,0,0.0029595382511615753,170
next_number_digits,10,pre_label_token,1,0.10877474397420883,170
next_number_digits,10,pre_label_token,2,0.09563586115837097,170
next_number_digits,10,pre_label_token,3,0.08558438718318939,170
next_number_digits,10,pre_label_token,4,0.10337235033512115,170
next_number_digits,10,pre_label_token,5,0.18999391794204712,170
next_number_digits,10,pre_label_token,6,0.20534324645996094,170
next_number_digits,10,pre_label_token,7,0.25726011395454407,170
next_number_digits,10,pre_label_token,8,0.2662394642829895,170
next_number_digits,10,pre_label_token,9,0.46509018540382385,170
next_number_digits,10,pre_label_token,10,0.49091657996177673,170
next_number_digits,10,pre_label_token,11,0.4555649757385254,170
next_number_digits,10,pre_label_token,12,0.47666671872138977,170
next_number_digits,10,pre_label_token,13,0.5039003491401672,170
next_number_digits,10,pre_label_token,14,0.4724055230617523,170
next_number_digits,10,pre_label_token,15,0.40387725830078125,170
next_number_digits,10,pre_label_token,16,0.40783530473709106,170
next_number_digits,10,pre_label_token,17,0.3677721917629242,170
next_number_digits,10,pre_label_token,18,0.3351244032382965,170
next_number_digits,10,pre_label_token,19,0.32509100437164307,170
next_number_digits,10,pre_label_token,20,0.30453017354011536,170
next_number_digits,10,pre_label_token,21,0.30157792568206787,170
next_number_digits,10,pre_label_token,22,0.2909180223941803,170
next_number_digits,10,pre_label_token,23,0.2851279675960541,170
next_number_digits,10,pre_label_token,24,0.2839614450931549,170
next_number_digits,10,pre_label_token,25,0.28420090675354004,170
next_number_digits,10,pre_label_token,26,0.2774728536605835,170
next_number_digits,10,pre_label_token,27,0.25841015577316284,170
next_number_digits,10,pre_label_token,28,0.2346671223640442,170
next_number_digits,10,first_label_token,0,0.003656672779470682,170
next_number_digits,10,first_label_token,1,0.12680886685848236,170
next_number_digits,10,first_label_token,2,0.11386751383543015,170
next_number_digits,10,first_label_token,3,0.10856778919696808,170
next_number_digits,10,first_label_token,4,0.11467814445495605,170
next_number_digits,10,first_label_token,5,0.1394529938697815,170
next_number_digits,10,first_label_token,6,0.1292145848274231,170
next_number_digits,10,first_label_token,7,0.15698225796222687,170
next_number_digits,10,first_label_token,8,0.14306530356407166,170
next_number_digits,10,first_label_token,9,0.24047017097473145,170
next_number_digits,10,first_label_token,10,0.2631295919418335,170
next_number_digits,10,first_label_token,11,0.25644370913505554,170
next_number_digits,10,first_label_token,12,0.2598591446876526,170
next_number_digits,10,first_label_token,13,0.24541570246219635,170
next_number_digits,10,first_label_token,14,0.22086884081363678,170
next_number_digits,10,first_label_token,15,0.2276814877986908,170
next_number_digits,10,first_label_token,16,0.23980854451656342,170
next_number_digits,10,first_label_token,17,0.24028760194778442,170
next_number_digits,10,first_label_token,18,0.22923345863819122,170
next_number_digits,10,first_label_token,19,0.23934975266456604,170
next_number_digits,10,first_label_token,20,0.232452392578125,170
next_number_digits,10,first_label_token,21,0.23783652484416962,170
next_number_digits,10,first_label_token,22,0.23407678306102753,170
next_number_digits,10,first_label_token,23,0.22889456152915955,170
next_number_digits,10,first_label_token,24,0.22612571716308594,170
next_number_digits,10,first_label_token,25,0.22600394487380981,170
next_number_digits,10,first_label_token,26,0.22176013886928558,170
next_number_digits,10,first_label_token,27,0.22022247314453125,170
next_number_digits,10,first_label_token,28,0.22585166990756989,170
next_number_digits,10,last_label_token,0,0.003656672779470682,170
next_number_digits,10,last_label_token,1,0.12680886685848236,170
next_number_digits,10,last_label_token,2,0.11386751383543015,170
next_number_digits,10,last_label_token,3,0.10856778919696808,170
next_number_digits,10,last_label_token,4,0.11467814445495605,170
next_number_digits,10,last_label_token,5,0.1394529938697815,170
next_number_digits,10,last_label_token,6,0.1292145848274231,170
next_number_digits,10,last_label_token,7,0.15698225796222687,170
next_number_digits,10,last_label_token,8,0.14306530356407166,170
next_number_digits,10,last_label_token,9,0.24047017097473145,170
next_number_digits,10,last_label_token,10,0.2631295919418335,170
next_number_digits,10,last_label_token,11,0.25644370913505554,170
next_number_digits,10,last_label_token,12,0.2598591446876526,170
next_number_digits,10,last_label_token,13,0.24541570246219635,170
next_number_digits,10,last_label_token,14,0.22086884081363678,170
next_number_digits,10,last_label_token,15,0.2276814877986908,170
next_number_digits,10,last_label_token,16,0.23980854451656342,170
next_number_digits,10,last_label_token,17,0.24028760194778442,170
next_number_digits,10,last_label_token,18,0.22923345863819122,170
next_number_digits,10,last_label_token,19,0.23934975266456604,170
next_number_digits,10,last_label_token,20,0.232452392578125,170
next_number_digits,10,last_label_token,21,0.23783652484416962,170
next_number_digits,10,last_label_token,22,0.23407678306102753,170
next_number_digits,10,last_label_token,23,0.22889456152915955,170
next_number_digits,10,last_label_token,24,0.22612571716308594,170
next_number_digits,10,last_label_token,25,0.22600394487380981,170
next_number_digits,10,last_label_token,26,0.22176013886928558,170
next_number_digits,10,last_label_token,27,0.22022247314453125,170
next_number_digits,10,last_label_token,28,0.22585166990756989,170
next_number_digits,10,last_prompt_token,0,0.0029595382511615753,170
next_number_digits,10,last_prompt_token,1,0.10876107960939407,170
next_number_digits,10,last_prompt_token,2,0.09547216445207596,170
next_number_digits,10,last_prompt_token,3,0.08588000386953354,170
next_number_digits,10,last_prompt_token,4,0.10271847993135452,170
next_number_digits,10,last_prompt_token,5,0.18935632705688477,170
next_number_digits,10,last_prompt_token,6,0.20462550222873688,170
next_number_digits,10,last_prompt_token,7,0.2572706639766693,170
next_number_digits,10,last_prompt_token,8,0.26616039872169495,170
next_number_digits,10,last_prompt_token,9,0.467685341835022,170
next_number_digits,10,last_prompt_token,10,0.49295440316200256,170
next_number_digits,10,last_prompt_token,11,0.45619121193885803,170
next_number_digits,10,last_prompt_token,12,0.477608859539032,170
next_number_digits,10,last_prompt_token,13,0.5040680766105652,170
next_number_digits,10,last_prompt_token,14,0.4724748432636261,170
next_number_digits,10,last_prompt_token,15,0.4040573239326477,170
next_number_digits,10,last_prompt_token,16,0.4070572853088379,170
next_number_digits,10,last_prompt_token,17,0.3654630184173584,170
next_number_digits,10,last_prompt_token,18,0.33226460218429565,170
next_number_digits,10,last_prompt_token,19,0.32206231355667114,170
next_number_digits,10,last_prompt_token,20,0.30171486735343933,170
next_number_digits,10,last_prompt_token,21,0.29885125160217285,170
next_number_digits,10,last_prompt_token,22,0.2883956730365753,170
next_number_digits,10,last_prompt_token,23,0.28278040885925293,170
next_number_digits,10,last_prompt_token,24,0.2817443311214447,170
next_number_digits,10,last_prompt_token,25,0.28196093440055847,170
next_number_digits,10,last_prompt_token,26,0.27533474564552307,170
next_number_digits,10,last_prompt_token,27,0.25589123368263245,170
next_number_digits,10,last_prompt_token,28,0.23355120420455933,170
prev_number_digits,1,pre_label_token,0,0.005854237359017134,170
prev_number_digits,1,pre_label_token,1,0.11076295375823975,170
prev_number_digits,1,pre_label_token,2,0.10912299156188965,170
prev_number_digits,1,pre_label_token,3,0.07867387682199478,170
prev_number_digits,1,pre_label_token,4,0.09153607487678528,170
prev_number_digits,1,pre_label_token,5,0.10666768997907639,170
prev_number_digits,1,pre_label_token,6,0.13587452471256256,170
prev_number_digits,1,pre_label_token,7,0.13705399632453918,170
prev_number_digits,1,pre_label_token,8,0.1363750696182251,170
prev_number_digits,1,pre_label_token,9,0.12804248929023743,170
prev_number_digits,1,pre_label_token,10,0.16928747296333313,170
prev_number_digits,1,pre_label_token,11,0.16797031462192535,170
prev_number_digits,1,pre_label_token,12,0.1942473202943802,170
prev_number_digits,1,pre_label_token,13,0.21199332177639008,170
prev_number_digits,1,pre_label_token,14,0.2139127105474472,170
prev_number_digits,1,pre_label_token,15,0.2219749391078949,170
prev_number_digits,1,pre_label_token,16,0.2223578691482544,170
prev_number_digits,1,pre_label_token,17,0.22783894836902618,170
prev_number_digits,1,pre_label_token,18,0.22393599152565002,170
prev_number_digits,1,pre_label_token,19,0.22141045331954956,170
prev_number_digits,1,pre_label_token,20,0.21718136966228485,170
prev_number_digits,1,pre_label_token,21,0.2200324386358261,170
prev_number_digits,1,pre_label_token,22,0.21518303453922272,170
prev_number_digits,1,pre_label_token,23,0.21385489404201508,170
prev_number_digits,1,pre_label_token,24,0.2156638652086258,170
prev_number_digits,1,pre_label_token,25,0.20895549654960632,170
prev_number_digits,1,pre_label_token,26,0.20623809099197388,170
prev_number_digits,1,pre_label_token,27,0.19347460567951202,170
prev_number_digits,1,pre_label_token,28,0.18927064538002014,170
prev_number_digits,1,first_label_token,0,0.005612678360193968,170
prev_number_digits,1,first_label_token,1,0.12705574929714203,170
prev_number_digits,1,first_label_token,2,0.11902935057878494,170
prev_number_digits,1,first_label_token,3,0.10771866142749786,170
prev_number_digits,1,first_label_token,4,0.12461546808481216,170
prev_number_digits,1,first_label_token,5,0.13483814895153046,170
prev_number_digits,1,first_label_token,6,0.14122632145881653,170
prev_number_digits,1,first_label_token,7,0.1707032024860382,170
prev_number_digits,1,first_label_token,8,0.1669653207063675,170
prev_number_digits,1,first_label_token,9,0.1962687373161316,170
prev_number_digits,1,first_label_token,10,0.19669143855571747,170
prev_number_digits,1,first_label_token,11,0.2091282606124878,170
prev_number_digits,1,first_label_token,12,0.22219790518283844,170
prev_number_digits,1,first_label_token,13,0.2123650461435318,170
prev_number_digits,1,first_label_token,14,0.19870349764823914,170
prev_number_digits,1,first_label_token,15,0.20262765884399414,170
prev_number_digits,1,first_label_token,16,0.20827066898345947,170
prev_number_digits,1,first_label_token,17,0.22715941071510315,170
prev_number_digits,1,first_label_token,18,0.21985697746276855,170
prev_number_digits,1,first_label_token,19,0.22291649878025055,170
prev_number_digits,1,first_label_token,20,0.22212307155132294,170
prev_number_digits,1,first_label_token,21,0.22440019249916077,170
prev_number_digits,1,first_label_token,22,0.22057156264781952,170
prev_number_digits,1,first_label_token,23,0.2180631458759308,170
prev_number_digits,1,first_label_token,24,0.21782644093036652,170
prev_number_digits,1,first_label_token,25,0.2105579823255539,170
prev_number_digits,1,first_label_token,26,0.2078893482685089,170
prev_number_digits,1,first_label_token,27,0.19983141124248505,170
prev_number_digits,1,first_label_token,28,0.20198765397071838,170
prev_number_digits,1,last_label_token,0,0.005612678360193968,170
prev_number_digits,1,last_label_token,1,0.12705574929714203,170
prev_number_digits,1,last_label_token,2,0.11902935057878494,170
prev_number_digits,1,last_label_token,3,0.10771866142749786,170
prev_number_digits,1,last_label_token,4,0.12461546808481216,170
prev_number_digits,1,last_label_token,5,0.13483814895153046,170
prev_number_digits,1,last_label_token,6,0.14122632145881653,170
prev_number_digits,1,last_label_token,7,0.1707032024860382,170
prev_number_digits,1,last_label_token,8,0.1669653207063675,170
prev_number_digits,1,last_label_token,9,0.1962687373161316,170
prev_number_digits,1,last_label_token,10,0.19669143855571747,170
prev_number_digits,1,last_label_token,11,0.2091282606124878,170
prev_number_digits,1,last_label_token,12,0.22219790518283844,170
prev_number_digits,1,last_label_token,13,0.2123650461435318,170
prev_number_digits,1,last_label_token,14,0.19870349764823914,170
prev_number_digits,1,last_label_token,15,0.20262765884399414,170
prev_number_digits,1,last_label_token,16,0.20827066898345947,170
prev_number_digits,1,last_label_token,17,0.22715941071510315,170
prev_number_digits,1,last_label_token,18,0.21985697746276855,170
prev_number_digits,1,last_label_token,19,0.22291649878025055,170
prev_number_digits,1,last_label_token,20,0.22212307155132294,170
prev_number_digits,1,last_label_token,21,0.22440019249916077,170
prev_number_digits,1,last_label_token,22,0.22057156264781952,170
prev_number_digits,1,last_label_token,23,0.2180631458759308,170
prev_number_digits,1,last_label_token,24,0.21782644093036652,170
prev_number_digits,1,last_label_token,25,0.2105579823255539,170
prev_number_digits,1,last_label_token,26,0.2078893482685089,170
prev_number_digits,1,last_label_token,27,0.19983141124248505,170
prev_number_digits,1,last_label_token,28,0.20198765397071838,170
prev_number_digits,2,pre_label_token,0,0.005854237359017134,170
prev_number_digits,2,pre_label_token,1,0.10816916078329086,170
prev_number_digits,2,pre_label_token,2,0.1064564660191536,170
prev_number_digits,2,pre_label_token,3,0.0798536092042923,170
prev_number_digits,2,pre_label_token,4,0.10264159739017487,170
prev_number_digits,2,pre_label_token,5,0.14256107807159424,170
prev_number_digits,2,pre_label_token,6,0.16348449885845184,170
prev_number_digits,2,pre_label_token,7,0.19192367792129517,170
prev_number_digits,2,pre_label_token,8,0.19421343505382538,170
prev_number_digits,2,pre_label_token,9,0.3206058144569397,170
prev_number_digits,2,pre_label_token,10,0.3227299749851227,170
prev_number_digits,2,pre_label_token,11,0.3326055705547333,170
prev_number_digits,2,pre_label_token,12,0.3722568154335022,170
prev_number_digits,2,pre_label_token,13,0.4147827625274658,170
prev_number_digits,2,pre_label_token,14,0.39135921001434326,170
prev_number_digits,2,pre_label_token,15,0.3610628545284271,170
prev_number_digits,2,pre_label_token,16,0.36415895819664,170
prev_number_digits,2,pre_label_token,17,0.34458789229393005,170
prev_number_digits,2,pre_label_token,18,0.3210808336734772,170
prev_number_digits,2,pre_label_token,19,0.3104579746723175,170
prev_number_digits,2,pre_label_token,20,0.29991406202316284,170
prev_number_digits,2,pre_label_token,21,0.29830893874168396,170
prev_number_digits,2,pre_label_token,22,0.28706374764442444,170
prev_number_digits,2,pre_label_token,23,0.2828086018562317,170
prev_number_digits,2,pre_label_token,24,0.27920764684677124,170
prev_number_digits,2,pre_label_token,25,0.2727942168712616,170
prev_number_digits,2,pre_label_token,26,0.2644815444946289,170
prev_number_digits,2,pre_label_token,27,0.24338078498840332,170
prev_number_digits,2,pre_label_token,28,0.2135557234287262,170
prev_number_digits,2,first_label_token,0,0.0060641267336905,170
prev_number_digits,2,first_label_token,1,0.12492860108613968,170
prev_number_digits,2,first_label_token,2,0.11751624941825867,170
prev_number_digits,2,first_label_token,3,0.11005048453807831,170
prev_number_digits,2,first_label_token,4,0.12778012454509735,170
prev_number_digits,2,first_label_token,5,0.147190123796463,170
prev_number_digits,2,first_label_token,6,0.14896920323371887,170
prev_number_digits,2,first_label_token,7,0.16779521107673645,170
prev_number_digits,2,first_label_token,8,0.1685151904821396,170
prev_number_digits,2,first_label_token,9,0.2515489161014557,170
prev_number_digits,2,first_label_token,10,0.252329558134079,170
prev_number_digits,2,first_label_token,11,0.2548372745513916,170
prev_number_digits,2,first_label_token,12,0.2943582832813263,170
prev_number_digits,2,first_label_token,13,0.2839132845401764,170
prev_number_digits,2,first_label_token,14,0.2649546265602112,170
prev_number_digits,2,first_label_token,15,0.26223695278167725,170
prev_number_digits,2,first_label_token,16,0.26794570684432983,170
prev_number_digits,2,first_label_token,17,0.27314627170562744,170
prev_number_digits,2,first_label_token,18,0.2623034417629242,170
prev_number_digits,2,first_label_token,19,0.26733097434043884,170
prev_number_digits,2,first_label_token,20,0.26385170221328735,170
prev_number_digits,2,first_label_token,21,0.2656846046447754,170
prev_number_digits,2,first_label_token,22,0.2567896544933319,170
prev_number_digits,2,first_label_token,23,0.2505698800086975,170
prev_number_digits,2,first_label_token,24,0.2482396960258484,170
prev_number_digits,2,first_label_token,25,0.24186652898788452,170
prev_number_digits,2,first_label_token,26,0.234951913356781,170
prev_number_digits,2,first_label_token,27,0.22697284817695618,170
prev_number_digits,2,first_label_token,28,0.2314150482416153,170
prev_number_digits,2,last_label_token,0,0.0060641267336905,170
prev_number_digits,2,last_label_token,1,0.12492860108613968,170
prev_number_digits,2,last_label_token,2,0.11751624941825867,170
prev_number_digits,2,last_label_token,3,0.11005048453807831,170
prev_number_digits,2,last_label_token,4,0.12778012454509735,170
prev_number_digits,2,last_label_token,5,0.147190123796463,170
prev_number_digits,2,last_label_token,6,0.14896920323371887,170
prev_number_digits,2,last_label_token,7,0.16779521107673645,170
prev_number_digits,2,last_label_token,8,0.1685151904821396,170
prev_number_digits,2,last_label_token,9,0.2515489161014557,170
prev_number_digits,2,last_label_token,10,0.252329558134079,170
prev_number_digits,2,last_label_token,11,0.2548372745513916,170
prev_number_digits,2,last_label_token,12,0.2943582832813263,170
prev_number_digits,2,last_label_token,13,0.2839132845401764,170
prev_number_digits,2,last_label_token,14,0.2649546265602112,170
prev_number_digits,2,last_label_token,15,0.26223695278167725,170
prev_number_digits,2,last_label_token,16,0.26794570684432983,170
prev_number_digits,2,last_label_token,17,0.27314627170562744,170
prev_number_digits,2,last_label_token,18,0.2623034417629242,170
prev_number_digits,2,last_label_token,19,0.26733097434043884,170
prev_number_digits,2,last_label_token,20,0.26385170221328735,170
prev_number_digits,2,last_label_token,21,0.2656846046447754,170
prev_number_digits,2,last_label_token,22,0.2567896544933319,170
prev_number_digits,2,last_label_token,23,0.2505698800086975,170
prev_number_digits,2,last_label_token,24,0.2482396960258484,170
prev_number_digits,2,last_label_token,25,0.24186652898788452,170
prev_number_digits,2,last_label_token,26,0.234951913356781,170
prev_number_digits,2,last_label_token,27,0.22697284817695618,170
prev_number_digits,2,last_label_token,28,0.2314150482416153,170
prev_number_digits,3,pre_label_token,0,0.005854237359017134,170
prev_number_digits,3,pre_label_token,1,0.10905555635690689,170
prev_number_digits,3,pre_label_token,2,0.10537129640579224,170
prev_number_digits,3,pre_label_token,3,0.08442740887403488,170
prev_number_digits,3,pre_label_token,4,0.10637389123439789,170
prev_number_digits,3,pre_label_token,5,0.16480067372322083,170
prev_number_digits,3,pre_label_token,6,0.18121306598186493,170
prev_number_digits,3,pre_label_token,7,0.2234955132007599,170
prev_number_digits,3,pre_label_token,8,0.22893328964710236,170
prev_number_digits,3,pre_label_token,9,0.41449427604675293,170
prev_number_digits,3,pre_label_token,10,0.4195800721645355,170
prev_number_digits,3,pre_label_token,11,0.4016694128513336,170
prev_number_digits,3,pre_label_token,12,0.4410852789878845,170
prev_number_digits,3,pre_label_token,13,0.47407469153404236,170
prev_number_digits,3,pre_label_token,14,0.4296620190143585,170
prev_number_digits,3,pre_label_token,15,0.38722604513168335,170
prev_number_digits,3,pre_label_token,16,0.3966262936592102,170
prev_number_digits,3,pre_label_token,17,0.3658287525177002,170
prev_number_digits,3,pre_label_token,18,0.33694443106651306,170
prev_number_digits,3,pre_label_token,19,0.3255728483200073,170
prev_number_digits,3,pre_label_token,20,0.30967479944229126,170
prev_number_digits,3,pre_label_token,21,0.30824023485183716,170
prev_number_digits,3,pre_label_token,22,0.29563799500465393,170
prev_number_digits,3,pre_label_token,23,0.2889099419116974,170
prev_number_digits,3,pre_label_token,24,0.28454160690307617,170
prev_number_digits,3,pre_label_token,25,0.27993834018707275,170
prev_number_digits,3,pre_label_token,26,0.2715505361557007,170
prev_number_digits,3,pre_label_token,27,0.25003311038017273,170
prev_number_digits,3,pre_label_token,28,0.21670536696910858,170
prev_number_digits,3,first_label_token,0,0.006554911378771067,170
prev_number_digits,3,first_label_token,1,0.1246223896741867,170
prev_number_digits,3,first_label_token,2,0.1170482188463211,170
prev_number_digits,3,first_label_token,3,0.11143660545349121,170
prev_number_digits,3,first_label_token,4,0.12794262170791626,170
prev_number_digits,3,first_label_token,5,0.1493523269891739,170
prev_number_digits,3,first_label_token,6,0.14740219712257385,170
prev_number_digits,3,first_label_token,7,0.1701631247997284,170
prev_number_digits,3,first_label_token,8,0.16894233226776123,170
prev_number_digits,3,first_label_token,9,0.2550889551639557,170
prev_number_digits,3,first_label_token,10,0.2778438329696655,170
prev_number_digits,3,first_label_token,11,0.26945212483406067,170
prev_number_digits,3,first_label_token,12,0.3019174039363861,170
prev_number_digits,3,first_label_token,13,0.28635692596435547,170
prev_number_digits,3,first_label_token,14,0.2606585919857025,170
prev_number_digits,3,first_label_token,15,0.26145634055137634,170
prev_number_digits,3,first_label_token,16,0.2737976014614105,170
prev_number_digits,3,first_label_token,17,0.27611470222473145,170
prev_number_digits,3,first_label_token,18,0.2636830806732178,170
prev_number_digits,3,first_label_token,19,0.26771751046180725,170
prev_number_digits,3,first_label_token,20,0.2624407112598419,170
prev_number_digits,3,first_label_token,21,0.26456981897354126,170
prev_number_digits,3,first_label_token,22,0.25619813799858093,170
prev_number_digits,3,first_label_token,23,0.24988847970962524,170
prev_number_digits,3,first_label_token,24,0.24837224185466766,170
prev_number_digits,3,first_label_token,25,0.24292054772377014,170
prev_number_digits,3,first_label_token,26,0.2367958128452301,170
prev_number_digits,3,first_label_token,27,0.2293184995651245,170
prev_number_digits,3,first_label_token,28,0.2331811785697937,170
prev_number_digits,3,last_label_token,0,0.006554911378771067,170
prev_number_digits,3,last_label_token,1,0.1246223896741867,170
prev_number_digits,3,last_label_token,2,0.1170482188463211,170
prev_number_digits,3,last_label_token,3,0.11143660545349121,170
prev_number_digits,3,last_label_token,4,0.12794262170791626,170
prev_number_digits,3,last_label_token,5,0.1493523269891739,170
prev_number_digits,3,last_label_token,6,0.14740219712257385,170
prev_number_digits,3,last_label_token,7,0.1701631247997284,170
prev_number_digits,3,last_label_token,8,0.16894233226776123,170
prev_number_digits,3,last_label_token,9,0.2550889551639557,170
prev_number_digits,3,last_label_token,10,0.2778438329696655,170
prev_number_digits,3,last_label_token,11,0.26945212483406067,170
prev_number_digits,3,last_label_token,12,0.3019174039363861,170
prev_number_digits,3,last_label_token,13,0.28635692596435547,170
prev_number_digits,3,last_label_token,14,0.2606585919857025,170
prev_number_digits,3,last_label_token,15,0.26145634055137634,170
prev_number_digits,3,last_label_token,16,0.2737976014614105,170
prev_number_digits,3,last_label_token,17,0.27611470222473145,170
prev_number_digits,3,last_label_token,18,0.2636830806732178,170
prev_number_digits,3,last_label_token,19,0.26771751046180725,170
prev_number_digits,3,last_label_token,20,0.2624407112598419,170
prev_number_digits,3,last_label_token,21,0.26456981897354126,170
prev_number_digits,3,last_label_token,22,0.25619813799858093,170
prev_number_digits,3,last_label_token,23,0.24988847970962524,170
prev_number_digits,3,last_label_token,24,0.24837224185466766,170
prev_number_digits,3,last_label_token,25,0.24292054772377014,170
prev_number_digits,3,last_label_token,26,0.2367958128452301,170
prev_number_digits,3,last_label_token,27,0.2293184995651245,170
prev_number_digits,3,last_label_token,28,0.2331811785697937,170
prev_number_digits,4,pre_label_token,0,0.005854237359017134,170
prev_number_digits,4,pre_label_token,1,0.10934434831142426,170
prev_number_digits,4,pre_label_token,2,0.10451902449131012,170
prev_number_digits,4,pre_label_token,3,0.08728525787591934,170
prev_number_digits,4,pre_label_token,4,0.10718362778425217,170
prev_number_digits,4,pre_label_token,5,0.17091527581214905,170
prev_number_digits,4,pre_label_token,6,0.18826715648174286,170
prev_number_digits,4,pre_label_token,7,0.2374943494796753,170
prev_number_digits,4,pre_label_token,8,0.24871215224266052,170
prev_number_digits,4,pre_label_token,9,0.4487127363681793,170
prev_number_digits,4,pre_label_token,10,0.45355919003486633,170
prev_number_digits,4,pre_label_token,11,0.4261050820350647,170
prev_number_digits,4,pre_label_token,12,0.45960330963134766,170
prev_number_digits,4,pre_label_token,13,0.4867399334907532,170
prev_number_digits,4,pre_label_token,14,0.43803760409355164,170
prev_number_digits,4,pre_label_token,15,0.39336493611335754,170
prev_number_digits,4,pre_label_token,16,0.40408003330230713,170
prev_number_digits,4,pre_label_token,17,0.37059226632118225,170
prev_number_digits,4,pre_label_token,18,0.34040647745132446,170
prev_number_digits,4,pre_label_token,19,0.3290276825428009,170
prev_number_digits,4,pre_label_token,20,0.3107464611530304,170
prev_number_digits,4,pre_label_token,21,0.3082113265991211,170
prev_number_digits,4,pre_label_token,22,0.2945422828197479,170
prev_number_digits,4,pre_label_token,23,0.2870732247829437,170
prev_number_digits,4,pre_label_token,24,0.282640665769577,170
prev_number_digits,4,pre_label_token,25,0.27860262989997864,170
prev_number_digits,4,pre_label_token,26,0.27016350626945496,170
prev_number_digits,4,pre_label_token,27,0.24830932915210724,170
prev_number_digits,4,pre_label_token,28,0.21644973754882812,170
prev_number_digits,4,first_label_token,0,0.005565266590565443,170
prev_number_digits,4,first_label_token,1,0.12505236268043518,170
prev_number_digits,4,first_label_token,2,0.11690706014633179,170
prev_number_digits,4,first_label_token,3,0.1116427332162857,170
prev_number_digits,4,first_label_token,4,0.12780806422233582,170
prev_number_digits,4,first_label_token,5,0.1523270159959793,170
prev_number_digits,4,first_label_token,6,0.14990265667438507,170
prev_number_digits,4,first_label_token,7,0.17659252882003784,170
prev_number_digits,4,first_label_token,8,0.1712924689054489,170
prev_number_digits,4,first_label_token,9,0.2590045928955078,170
prev_number_digits,4,first_label_token,10,0.28319501876831055,170
prev_number_digits,4,first_label_token,11,0.2704674303531647,170
prev_number_digits,4,first_label_token,12,0.3012416958808899,170
prev_number_digits,4,first_label_token,13,0.2803870737552643,170
prev_number_digits,4,first_label_token,14,0.2524736225605011,170
prev_number_digits,4,first_label_token,15,0.25605571269989014,170
prev_number_digits,4,first_label_token,16,0.27019545435905457,170
prev_number_digits,4,first_label_token,17,0.2711638808250427,170
prev_number_digits,4,first_label_token,18,0.2573789358139038,170
prev_number_digits,4,first_label_token,19,0.26126039028167725,170
prev_number_digits,4,first_label_token,20,0.25513890385627747,170
prev_number_digits,4,first_label_token,21,0.25619497895240784,170
prev_number_digits,4,first_label_token,22,0.2479841560125351,170
prev_number_digits,4,first_label_token,23,0.24183425307273865,170
prev_number_digits,4,first_label_token,24,0.2403556853532791,170
prev_number_digits,4,first_label_token,25,0.23550285398960114,170
prev_number_digits,4,first_label_token,26,0.23033767938613892,170
prev_number_digits,4,first_label_token,27,0.2244008630514145,170
prev_number_digits,4,first_label_token,28,0.22913385927677155,170
prev_number_digits,4,last_label_token,0,0.005565266590565443,170
prev_number_digits,4,last_label_token,1,0.12505236268043518,170
prev_number_digits,4,last_label_token,2,0.11690706014633179,170
prev_number_digits,4,last_label_token,3,0.1116427332162857,170
prev_number_digits,4,last_label_token,4,0.12780806422233582,170
prev_number_digits,4,last_label_token,5,0.1523270159959793,170
prev_number_digits,4,last_label_token,6,0.14990265667438507,170
prev_number_digits,4,last_label_token,7,0.17659252882003784,170
prev_number_digits,4,last_label_token,8,0.1712924689054489,170
prev_number_digits,4,last_label_token,9,0.2590045928955078,170
prev_number_digits,4,last_label_token,10,0.28319501876831055,170
prev_number_digits,4,last_label_token,11,0.2704674303531647,170
prev_number_digits,4,last_label_token,12,0.3012416958808899,170
prev_number_digits,4,last_label_token,13,0.2803870737552643,170
prev_number_digits,4,last_label_token,14,0.2524736225605011,170
prev_number_digits,4,last_label_token,15,0.25605571269989014,170
prev_number_digits,4,last_label_token,16,0.27019545435905457,170
prev_number_digits,4,last_label_token,17,0.2711638808250427,170
prev_number_digits,4,last_label_token,18,0.2573789358139038,170
prev_number_digits,4,last_label_token,19,0.26126039028167725,170
prev_number_digits,4,last_label_token,20,0.25513890385627747,170
prev_number_digits,4,last_label_token,21,0.25619497895240784,170
prev_number_digits,4,last_label_token,22,0.2479841560125351,170
prev_number_digits,4,last_label_token,23,0.24183425307273865,170
prev_number_digits,4,last_label_token,24,0.2403556853532791,170
prev_number_digits,4,last_label_token,25,0.23550285398960114,170
prev_number_digits,4,last_label_token,26,0.23033767938613892,170
prev_number_digits,4,last_label_token,27,0.2244008630514145,170
prev_number_digits,4,last_label_token,28,0.22913385927677155,170
prev_number_digits,5,pre_label_token,0,0.005854237359017134,170
prev_number_digits,5,pre_label_token,1,0.10926225036382675,170
prev_number_digits,5,pre_label_token,2,0.10356566309928894,170
prev_number_digits,5,pre_label_token,3,0.08827704191207886,170
prev_number_digits,5,pre_label_token,4,0.10661572962999344,170
prev_number_digits,5,pre_label_token,5,0.17260083556175232,170
prev_number_digits,5,pre_label_token,6,0.18956759572029114,170
prev_number_digits,5,pre_label_token,7,0.24250701069831848,170
prev_number_digits,5,pre_label_token,8,0.25493118166923523,170
prev_number_digits,5,pre_label_token,9,0.46289366483688354,170
prev_number_digits,5,pre_label_token,10,0.46710896492004395,170
prev_number_digits,5,pre_label_token,11,0.43495863676071167,170
prev_number_digits,5,pre_label_token,12,0.4646890461444855,170
prev_number_digits,5,pre_label_token,13,0.4924248158931732,170
prev_number_digits,5,pre_label_token,14,0.4424779415130615,170
prev_number_digits,5,pre_label_token,15,0.3987009823322296,170
prev_number_digits,5,pre_label_token,16,0.409295916557312,170
prev_number_digits,5,pre_label_token,17,0.373546838760376,170
prev_number_digits,5,pre_label_token,18,0.34207579493522644,170
prev_number_digits,5,pre_label_token,19,0.3297528326511383,170
prev_number_digits,5,pre_label_token,20,0.3099222481250763,170
prev_number_digits,5,pre_label_token,21,0.3068673014640808,170
prev_number_digits,5,pre_label_token,22,0.2924066483974457,170
prev_number_digits,5,pre_label_token,23,0.2843188941478729,170
prev_number_digits,5,pre_label_token,24,0.27991434931755066,170
prev_number_digits,5,pre_label_token,25,0.2760598659515381,170
prev_number_digits,5,pre_label_token,26,0.26752886176109314,170
prev_number_digits,5,pre_label_token,27,0.24539358913898468,170
prev_number_digits,5,pre_label_token,28,0.2157168835401535,170
prev_number_digits,5,first_label_token,0,0.006423898506909609,170
prev_number_digits,5,first_label_token,1,0.12465091794729233,170
prev_number_digits,5,first_label_token,2,0.11575759202241898,170
prev_number_digits,5,first_label_token,3,0.11067307740449905,170
prev_number_digits,5,first_label_token,4,0.12569499015808105,170
prev_number_digits,5,first_label_token,5,0.14957384765148163,170
prev_number_digits,5,first_label_token,6,0.14571960270404816,170
prev_number_digits,5,first_label_token,7,0.17487385869026184,170
prev_number_digits,5,first_label_token,8,0.16639716923236847,170
prev_number_digits,5,first_label_token,9,0.2572442591190338,170
prev_number_digits,5,first_label_token,10,0.2795177102088928,170
prev_number_digits,5,first_label_token,11,0.26544585824012756,170
prev_number_digits,5,first_label_token,12,0.29731032252311707,170
prev_number_digits,5,first_label_token,13,0.2744259536266327,170
prev_number_digits,5,first_label_token,14,0.24775078892707825,170
prev_number_digits,5,first_label_token,15,0.25230732560157776,170
prev_number_digits,5,first_label_token,16,0.26637136936187744,170
prev_number_digits,5,first_label_token,17,0.2662803530693054,170
prev_number_digits,5,first_label_token,18,0.25064384937286377,170
prev_number_digits,5,first_label_token,19,0.25446102023124695,170
prev_number_digits,5,first_label_token,20,0.24794957041740417,170
prev_number_digits,5,first_label_token,21,0.249210923910141,170
prev_number_digits,5,first_label_token,22,0.24193039536476135,170
prev_number_digits,5,first_label_token,23,0.2360186129808426,170
prev_number_digits,5,first_label_token,24,0.2352912425994873,170
prev_number_digits,5,first_label_token,25,0.23080556094646454,170
prev_number_digits,5,first_label_token,26,0.2261868715286255,170
prev_number_digits,5,first_label_token,27,0.22118857502937317,170
prev_number_digits,5,first_label_token,28,0.22727669775485992,170
prev_number_digits,5,last_label_token,0,0.006423898506909609,170
prev_number_digits,5,last_label_token,1,0.12465091794729233,170
prev_number_digits,5,last_label_token,2,0.11575759202241898,170
prev_number_digits,5,last_label_token,3,0.11067307740449905,170
prev_number_digits,5,last_label_token,4,0.12569499015808105,170
prev_number_digits,5,last_label_token,5,0.14957384765148163,170
prev_number_digits,5,last_label_token,6,0.14571960270404816,170
prev_number_digits,5,last_label_token,7,0.17487385869026184,170
prev_number_digits,5,last_label_token,8,0.16639716923236847,170
prev_number_digits,5,last_label_token,9,0.2572442591190338,170
prev_number_digits,5,last_label_token,10,0.2795177102088928,170
prev_number_digits,5,last_label_token,11,0.26544585824012756,170
prev_number_digits,5,last_label_token,12,0.29731032252311707,170
prev_number_digits,5,last_label_token,13,0.2744259536266327,170
prev_number_digits,5,last_label_token,14,0.24775078892707825,170
prev_number_digits,5,last_label_token,15,0.25230732560157776,170
prev_number_digits,5,last_label_token,16,0.26637136936187744,170
prev_number_digits,5,last_label_token,17,0.2662803530693054,170
prev_number_digits,5,last_label_token,18,0.25064384937286377,170
prev_number_digits,5,last_label_token,19,0.25446102023124695,170
prev_number_digits,5,last_label_token,20,0.24794957041740417,170
prev_number_digits,5,last_label_token,21,0.249210923910141,170
prev_number_digits,5,last_label_token,22,0.24193039536476135,170
prev_number_digits,5,last_label_token,23,0.2360186129808426,170
prev_number_digits,5,last_label_token,24,0.2352912425994873,170
prev_number_digits,5,last_label_token,25,0.23080556094646454,170
prev_number_digits,5,last_label_token,26,0.2261868715286255,170
prev_number_digits,5,last_label_token,27,0.22118857502937317,170
prev_number_digits,5,last_label_token,28,0.22727669775485992,170
prev_number_digits,6,pre_label_token,0,0.005854237359017134,170
prev_number_digits,6,pre_label_token,1,0.10873716324567795,170
prev_number_digits,6,pre_label_token,2,0.10266818106174469,170
prev_number_digits,6,pre_label_token,3,0.08908450603485107,170
prev_number_digits,6,pre_label_token,4,0.1066795140504837,170
prev_number_digits,6,pre_label_token,5,0.17386402189731598,170
prev_number_digits,6,pre_label_token,6,0.19070695340633392,170
prev_number_digits,6,pre_label_token,7,0.24511714279651642,170
prev_number_digits,6,pre_label_token,8,0.2580007314682007,170
prev_number_digits,6,pre_label_token,9,0.4698192775249481,170
prev_number_digits,6,pre_label_token,10,0.4747326076030731,170
prev_number_digits,6,pre_label_token,11,0.43850603699684143,170
prev_number_digits,6,pre_label_token,12,0.4666503071784973,170
prev_number_digits,6,pre_label_token,13,0.49455171823501587,170
prev_number_digits,6,pre_label_token,14,0.44402143359184265,170
prev_number_digits,6,pre_label_token,15,0.40098240971565247,170
prev_number_digits,6,pre_label_token,16,0.4128456711769104,170
prev_number_digits,6,pre_label_token,17,0.3749965727329254,170
prev_number_digits,6,pre_label_token,18,0.3417295515537262,170
prev_number_digits,6,pre_label_token,19,0.329946368932724,170
prev_number_digits,6,pre_label_token,20,0.309224933385849,170
prev_number_digits,6,pre_label_token,21,0.3053204119205475,170
prev_number_digits,6,pre_label_token,22,0.29079484939575195,170
prev_number_digits,6,pre_label_token,23,0.282876580953598,170
prev_number_digits,6,pre_label_token,24,0.2778412699699402,170
prev_number_digits,6,pre_label_token,25,0.2739437520503998,170
prev_number_digits,6,pre_label_token,26,0.2643515467643738,170
prev_number_digits,6,pre_label_token,27,0.24338114261627197,170
prev_number_digits,6,pre_label_token,28,0.21507582068443298,170
prev_number_digits,6,first_label_token,0,0.005101555027067661,170
prev_number_digits,6,first_label_token,1,0.12423776835203171,170
prev_number_digits,6,first_label_token,2,0.1151006668806076,170
prev_number_digits,6,first_label_token,3,0.11032594740390778,170
prev_number_digits,6,first_label_token,4,0.1253897100687027,170
prev_number_digits,6,first_label_token,5,0.14902232587337494,170
prev_number_digits,6,first_label_token,6,0.1433577537536621,170
prev_number_digits,6,first_label_token,7,0.17386925220489502,170
prev_number_digits,6,first_label_token,8,0.16412772238254547,170
prev_number_digits,6,first_label_token,9,0.25860804319381714,170
prev_number_digits,6,first_label_token,10,0.27839356660842896,170
prev_number_digits,6,first_label_token,11,0.2626035213470459,170
prev_number_digits,6,first_label_token,12,0.29234182834625244,170
prev_number_digits,6,first_label_token,13,0.26764580607414246,170
prev_number_digits,6,first_label_token,14,0.24108433723449707,170
prev_number_digits,6,first_label_token,15,0.2475554496049881,170
prev_number_digits,6,first_label_token,16,0.26100412011146545,170
prev_number_digits,6,first_label_token,17,0.26043617725372314,170
prev_number_digits,6,first_label_token,18,0.24398045241832733,170
prev_number_digits,6,first_label_token,19,0.24764283001422882,170
prev_number_digits,6,first_label_token,20,0.2408818155527115,170
prev_number_digits,6,first_label_token,21,0.24211028218269348,170
prev_number_digits,6,first_label_token,22,0.23588678240776062,170
prev_number_digits,6,first_label_token,23,0.23025290668010712,170
prev_number_digits,6,first_label_token,24,0.2292729765176773,170
prev_number_digits,6,first_label_token,25,0.22571198642253876,170
prev_number_digits,6,first_label_token,26,0.22129760682582855,170
prev_number_digits,6,first_label_token,27,0.21714836359024048,170
prev_number_digits,6,first_label_token,28,0.22473859786987305,170
prev_number_digits,6,last_label_token,0,0.005101555027067661,170
prev_number_digits,6,last_label_token,1,0.12423776835203171,170
prev_number_digits,6,last_label_token,2,0.1151006668806076,170
prev_number_digits,6,last_label_token,3,0.11032594740390778,170
prev_number_digits,6,last_label_token,4,0.1253897100687027,170
prev_number_digits,6,last_label_token,5,0.14902232587337494,170
prev_number_digits,6,last_label_token,6,0.1433577537536621,170
prev_number_digits,6,last_label_token,7,0.17386925220489502,170
prev_number_digits,6,last_label_token,8,0.16412772238254547,170
prev_number_digits,6,last_label_token,9,0.25860804319381714,170
prev_number_digits,6,last_label_token,10,0.27839356660842896,170
prev_number_digits,6,last_label_token,11,0.2626035213470459,170
prev_number_digits,6,last_label_token,12,0.29234182834625244,170
prev_number_digits,6,last_label_token,13,0.26764580607414246,170
prev_number_digits,6,last_label_token,14,0.24108433723449707,170
prev_number_digits,6,last_label_token,15,0.2475554496049881,170
prev_number_digits,6,last_label_token,16,0.26100412011146545,170
prev_number_digits,6,last_label_token,17,0.26043617725372314,170
prev_number_digits,6,last_label_token,18,0.24398045241832733,170
prev_number_digits,6,last_label_token,19,0.24764283001422882,170
prev_number_digits,6,last_label_token,20,0.2408818155527115,170
prev_number_digits,6,last_label_token,21,0.24211028218269348,170
prev_number_digits,6,last_label_token,22,0.23588678240776062,170
prev_number_digits,6,last_label_token,23,0.23025290668010712,170
prev_number_digits,6,last_label_token,24,0.2292729765176773,170
prev_number_digits,6,last_label_token,25,0.22571198642253876,170
prev_number_digits,6,last_label_token,26,0.22129760682582855,170
prev_number_digits,6,last_label_token,27,0.21714836359024048,170
prev_number_digits,6,last_label_token,28,0.22473859786987305,170
prev_number_digits,7,pre_label_token,0,0.005854237359017134,170
prev_number_digits,7,pre_label_token,1,0.10857386887073517,170
prev_number_digits,7,pre_label_token,2,0.10175338387489319,170
prev_number_digits,7,pre_label_token,3,0.08918837457895279,170
prev_number_digits,7,pre_label_token,4,0.10602511465549469,170
prev_number_digits,7,pre_label_token,5,0.1741812378168106,170
prev_number_digits,7,pre_label_token,6,0.19139258563518524,170
prev_number_digits,7,pre_label_token,7,0.24706324934959412,170
prev_number_digits,7,pre_label_token,8,0.2598994970321655,170
prev_number_digits,7,pre_label_token,9,0.47491154074668884,170
prev_number_digits,7,pre_label_token,10,0.4783868193626404,170
prev_number_digits,7,pre_label_token,11,0.4396984875202179,170
prev_number_digits,7,pre_label_token,12,0.4661617577075958,170
prev_number_digits,7,pre_label_token,13,0.4947494566440582,170
prev_number_digits,7,pre_label_token,14,0.4443871080875397,170
prev_number_digits,7,pre_label_token,15,0.40085262060165405,170
prev_number_digits,7,pre_label_token,16,0.41534459590911865,170
prev_number_digits,7,pre_label_token,17,0.3769682049751282,170
prev_number_digits,7,pre_label_token,18,0.3438190519809723,170
prev_number_digits,7,pre_label_token,19,0.33097216486930847,170
prev_number_digits,7,pre_label_token,20,0.30981627106666565,170
prev_number_digits,7,pre_label_token,21,0.30486106872558594,170
prev_number_digits,7,pre_label_token,22,0.29022666811943054,170
prev_number_digits,7,pre_label_token,23,0.28127673268318176,170
prev_number_digits,7,pre_label_token,24,0.276895672082901,170
prev_number_digits,7,pre_label_token,25,0.27279871702194214,170
prev_number_digits,7,pre_label_token,26,0.26456165313720703,170
prev_number_digits,7,pre_label_token,27,0.24297364056110382,170
prev_number_digits,7,pre_label_token,28,0.2147122323513031,170
prev_number_digits,7,first_label_token,0,0.005102083552628756,170
prev_number_digits,7,first_label_token,1,0.12432058900594711,170
prev_number_digits,7,first_label_token,2,0.11475709825754166,170
prev_number_digits,7,first_label_token,3,0.10940321534872055,170
prev_number_digits,7,first_label_token,4,0.12400245666503906,170
prev_number_digits,7,first_label_token,5,0.14828570187091827,170
prev_number_digits,7,first_label_token,6,0.14313896000385284,170
prev_number_digits,7,first_label_token,7,0.1750870943069458,170
prev_number_digits,7,first_label_token,8,0.1628640592098236,170
prev_number_digits,7,first_label_token,9,0.2577756941318512,170
prev_number_digits,7,first_label_token,10,0.274791955947876,170
prev_number_digits,7,first_label_token,11,0.2596041262149811,170
prev_number_digits,7,first_label_token,12,0.28930139541625977,170
prev_number_digits,7,first_label_token,13,0.2637675404548645,170
prev_number_digits,7,first_label_token,14,0.23842841386795044,170
prev_number_digits,7,first_label_token,15,0.2445676028728485,170
prev_number_digits,7,first_label_token,16,0.2580491304397583,170
prev_number_digits,7,first_label_token,17,0.25739672780036926,170
prev_number_digits,7,first_label_token,18,0.24143512547016144,170
prev_number_digits,7,first_label_token,19,0.2459149807691574,170
prev_number_digits,7,first_label_token,20,0.2385953813791275,170
prev_number_digits,7,first_label_token,21,0.24095815420150757,170
prev_number_digits,7,first_label_token,22,0.23473264276981354,170
prev_number_digits,7,first_label_token,23,0.22910048067569733,170
prev_number_digits,7,first_label_token,24,0.22796015441417694,170
prev_number_digits,7,first_label_token,25,0.22414696216583252,170
prev_number_digits,7,first_label_token,26,0.22010861337184906,170
prev_number_digits,7,first_label_token,27,0.2159816473722458,170
prev_number_digits,7,first_label_token,28,0.22400975227355957,170
prev_number_digits,7,last_label_token,0,0.005102083552628756,170
prev_number_digits,7,last_label_token,1,0.12432058900594711,170
prev_number_digits,7,last_label_token,2,0.11475709825754166,170
prev_number_digits,7,last_label_token,3,0.10940321534872055,170
prev_number_digits,7,last_label_token,4,0.12400245666503906,170
prev_number_digits,7,last_label_token,5,0.14828570187091827,170
prev_number_digits,7,last_label_token,6,0.14313896000385284,170
prev_number_digits,7,last_label_token,7,0.1750870943069458,170
prev_number_digits,7,last_label_token,8,0.1628640592098236,170
prev_number_digits,7,last_label_token,9,0.2577756941318512,170
prev_number_digits,7,last_label_token,10,0.274791955947876,170
prev_number_digits,7,last_label_token,11,0.2596041262149811,170
prev_number_digits,7,last_label_token,12,0.28930139541625977,170
prev_number_digits,7,last_label_token,13,0.2637675404548645,170
prev_number_digits,7,last_label_token,14,0.23842841386795044,170
prev_number_digits,7,last_label_token,15,0.2445676028728485,170
prev_number_digits,7,last_label_token,16,0.2580491304397583,170
prev_number_digits,7,last_label_token,17,0.25739672780036926,170
prev_number_digits,7,last_label_token,18,0.24143512547016144,170
prev_number_digits,7,last_label_token,19,0.2459149807691574,170
prev_number_digits,7,last_label_token,20,0.2385953813791275,170
prev_number_digits,7,last_label_token,21,0.24095815420150757,170
prev_number_digits,7,last_label_token,22,0.23473264276981354,170
prev_number_digits,7,last_label_token,23,0.22910048067569733,170
prev_number_digits,7,last_label_token,24,0.22796015441417694,170
prev_number_digits,7,last_label_token,25,0.22414696216583252,170
prev_number_digits,7,last_label_token,26,0.22010861337184906,170
prev_number_digits,7,last_label_token,27,0.2159816473722458,170
prev_number_digits,7,last_label_token,28,0.22400975227355957,170
prev_number_digits,8,pre_label_token,0,0.005854237359017134,170
prev_number_digits,8,pre_label_token,1,0.10874031484127045,170
prev_number_digits,8,pre_label_token,2,0.10148724168539047,170
prev_number_digits,8,pre_label_token,3,0.0902160033583641,170
prev_number_digits,8,pre_label_token,4,0.10660567879676819,170
prev_number_digits,8,pre_label_token,5,0.17611531913280487,170
prev_number_digits,8,pre_label_token,6,0.19258151948451996,170
prev_number_digits,8,pre_label_token,7,0.248789981007576,170
prev_number_digits,8,pre_label_token,8,0.26212283968925476,170
prev_number_digits,8,pre_label_token,9,0.481393963098526,170
prev_number_digits,8,pre_label_token,10,0.485099196434021,170
prev_number_digits,8,pre_label_token,11,0.44478103518486023,170
prev_number_digits,8,pre_label_token,12,0.4704514145851135,170
prev_number_digits,8,pre_label_token,13,0.4969451427459717,170
prev_number_digits,8,pre_label_token,14,0.44646283984184265,170
prev_number_digits,8,pre_label_token,15,0.4015215337276459,170
prev_number_digits,8,pre_label_token,16,0.4139971435070038,170
prev_number_digits,8,pre_label_token,17,0.37522149085998535,170
prev_number_digits,8,pre_label_token,18,0.3416905701160431,170
prev_number_digits,8,pre_label_token,19,0.328993558883667,170
prev_number_digits,8,pre_label_token,20,0.3069314956665039,170
prev_number_digits,8,pre_label_token,21,0.3022056221961975,170
prev_number_digits,8,pre_label_token,22,0.2873028814792633,170
prev_number_digits,8,pre_label_token,23,0.2781776785850525,170
prev_number_digits,8,pre_label_token,24,0.273436576128006,170
prev_number_digits,8,pre_label_token,25,0.2687981426715851,170
prev_number_digits,8,pre_label_token,26,0.259688138961792,170
prev_number_digits,8,pre_label_token,27,0.23737932741641998,170
prev_number_digits,8,pre_label_token,28,0.21187467873096466,170
prev_number_digits,8,first_label_token,0,0.006359098944813013,170
prev_number_digits,8,first_label_token,1,0.12524983286857605,170
prev_number_digits,8,first_label_token,2,0.11578426510095596,170
prev_number_digits,8,first_label_token,3,0.11054608970880508,170
prev_number_digits,8,first_label_token,4,0.1250186711549759,170
prev_number_digits,8,first_label_token,5,0.14745664596557617,170
prev_number_digits,8,first_label_token,6,0.1404779702425003,170
prev_number_digits,8,first_label_token,7,0.17298156023025513,170
prev_number_digits,8,first_label_token,8,0.15907780826091766,170
prev_number_digits,8,first_label_token,9,0.25749433040618896,170
prev_number_digits,8,first_label_token,10,0.272830069065094,170
prev_number_digits,8,first_label_token,11,0.2566315829753876,170
prev_number_digits,8,first_label_token,12,0.28497254848480225,170
prev_number_digits,8,first_label_token,13,0.2580324113368988,170
prev_number_digits,8,first_label_token,14,0.2328936606645584,170
prev_number_digits,8,first_label_token,15,0.23814663290977478,170
prev_number_digits,8,first_label_token,16,0.25184646248817444,170
prev_number_digits,8,first_label_token,17,0.25150948762893677,170
prev_number_digits,8,first_label_token,18,0.23412971198558807,170
prev_number_digits,8,first_label_token,19,0.23830857872962952,170
prev_number_digits,8,first_label_token,20,0.23121164739131927,170
prev_number_digits,8,first_label_token,21,0.23405136168003082,170
prev_number_digits,8,first_label_token,22,0.2293606549501419,170
prev_number_digits,8,first_label_token,23,0.22422023117542267,170
prev_number_digits,8,first_label_token,24,0.22365444898605347,170
prev_number_digits,8,first_label_token,25,0.22040371596813202,170
prev_number_digits,8,first_label_token,26,0.2168157398700714,170
prev_number_digits,8,first_label_token,27,0.2133106291294098,170
prev_number_digits,8,first_label_token,28,0.2219255566596985,170
prev_number_digits,8,last_label_token,0,0.006359098944813013,170
prev_number_digits,8,last_label_token,1,0.12524983286857605,170
prev_number_digits,8,last_label_token,2,0.11578426510095596,170
prev_number_digits,8,last_label_token,3,0.11054608970880508,170
prev_number_digits,8,last_label_token,4,0.1250186711549759,170
prev_number_digits,8,last_label_token,5,0.14745664596557617,170
prev_number_digits,8,last_label_token,6,0.1404779702425003,170
prev_number_digits,8,last_label_token,7,0.17298156023025513,170
prev_number_digits,8,last_label_token,8,0.15907780826091766,170
prev_number_digits,8,last_label_token,9,0.25749433040618896,170
prev_number_digits,8,last_label_token,10,0.272830069065094,170
prev_number_digits,8,last_label_token,11,0.2566315829753876,170
prev_number_digits,8,last_label_token,12,0.28497254848480225,170
prev_number_digits,8,last_label_token,13,0.2580324113368988,170
prev_number_digits,8,last_label_token,14,0.2328936606645584,170
prev_number_digits,8,last_label_token,15,0.23814663290977478,170
prev_number_digits,8,last_label_token,16,0.25184646248817444,170
prev_number_digits,8,last_label_token,17,0.25150948762893677,170
prev_number_digits,8,last_label_token,18,0.23412971198558807,170
prev_number_digits,8,last_label_token,19,0.23830857872962952,170
prev_number_digits,8,last_label_token,20,0.23121164739131927,170
prev_number_digits,8,last_label_token,21,0.23405136168003082,170
prev_number_digits,8,last_label_token,22,0.2293606549501419,170
prev_number_digits,8,last_label_token,23,0.22422023117542267,170
prev_number_digits,8,last_label_token,24,0.22365444898605347,170
prev_number_digits,8,last_label_token,25,0.22040371596813202,170
prev_number_digits,8,last_label_token,26,0.2168157398700714,170
prev_number_digits,8,last_label_token,27,0.2133106291294098,170
prev_number_digits,8,last_label_token,28,0.2219255566596985,170
prev_number_digits,9,pre_label_token,0,0.005854237359017134,170
prev_number_digits,9,pre_label_token,1,0.10894149541854858,170
prev_number_digits,9,pre_label_token,2,0.10138065367937088,170
prev_number_digits,9,pre_label_token,3,0.09045600891113281,170
prev_number_digits,9,pre_label_token,4,0.10700421035289764,170
prev_number_digits,9,pre_label_token,5,0.17737385630607605,170
prev_number_digits,9,pre_label_token,6,0.1941070854663849,170
prev_number_digits,9,pre_label_token,7,0.2501371502876282,170
prev_number_digits,9,pre_label_token,8,0.26323285698890686,170
prev_number_digits,9,pre_label_token,9,0.4836138188838959,170
prev_number_digits,9,pre_label_token,10,0.48677438497543335,170
prev_number_digits,9,pre_label_token,11,0.44516852498054504,170
prev_number_digits,9,pre_label_token,12,0.47171899676322937,170
prev_number_digits,9,pre_label_token,13,0.4980936348438263,170
prev_number_digits,9,pre_label_token,14,0.4470185339450836,170
prev_number_digits,9,pre_label_token,15,0.4031471312046051,170
prev_number_digits,9,pre_label_token,16,0.4169654846191406,170
prev_number_digits,9,pre_label_token,17,0.3769260048866272,170
prev_number_digits,9,pre_label_token,18,0.3419865667819977,170
prev_number_digits,9,pre_label_token,19,0.32957908511161804,170
prev_number_digits,9,pre_label_token,20,0.30713722109794617,170
prev_number_digits,9,pre_label_token,21,0.3022741973400116,170
prev_number_digits,9,pre_label_token,22,0.2870957851409912,170
prev_number_digits,9,pre_label_token,23,0.2777361571788788,170
prev_number_digits,9,pre_label_token,24,0.27311867475509644,170
prev_number_digits,9,pre_label_token,25,0.2681892514228821,170
prev_number_digits,9,pre_label_token,26,0.25941917300224304,170
prev_number_digits,9,pre_label_token,27,0.23770202696323395,170
prev_number_digits,9,pre_label_token,28,0.21237178146839142,170
prev_number_digits,9,first_label_token,0,0.0060489485040307045,170
prev_number_digits,9,first_label_token,1,0.12534765899181366,170
prev_number_digits,9,first_label_token,2,0.11592523008584976,170
prev_number_digits,9,first_label_token,3,0.1099778264760971,170
prev_number_digits,9,first_label_token,4,0.12430978566408157,170
prev_number_digits,9,first_label_token,5,0.14648890495300293,170
prev_number_digits,9,first_label_token,6,0.13986364006996155,170
prev_number_digits,9,first_label_token,7,0.17302460968494415,170
prev_number_digits,9,first_label_token,8,0.15821480751037598,170
prev_number_digits,9,first_label_token,9,0.256106972694397,170
prev_number_digits,9,first_label_token,10,0.271793931722641,170
prev_number_digits,9,first_label_token,11,0.2544313371181488,170
prev_number_digits,9,first_label_token,12,0.284069687128067,170
prev_number_digits,9,first_label_token,13,0.25627222657203674,170
prev_number_digits,9,first_label_token,14,0.23141545057296753,170
prev_number_digits,9,first_label_token,15,0.23763518035411835,170
prev_number_digits,9,first_label_token,16,0.25133952498435974,170
prev_number_digits,9,first_label_token,17,0.2504950761795044,170
prev_number_digits,9,first_label_token,18,0.23240986466407776,170
prev_number_digits,9,first_label_token,19,0.23642411828041077,170
prev_number_digits,9,first_label_token,20,0.22911755740642548,170
prev_number_digits,9,first_label_token,21,0.23211584985256195,170
prev_number_digits,9,first_label_token,22,0.22720599174499512,170
prev_number_digits,9,first_label_token,23,0.22234158217906952,170
prev_number_digits,9,first_label_token,24,0.22188085317611694,170
prev_number_digits,9,first_label_token,25,0.2193313091993332,170
prev_number_digits,9,first_label_token,26,0.21598055958747864,170
prev_number_digits,9,first_label_token,27,0.21259810030460358,170
prev_number_digits,9,first_label_token,28,0.2216935157775879,170
prev_number_digits,9,last_label_token,0,0.0060489485040307045,170
prev_number_digits,9,last_label_token,1,0.12534765899181366,170
prev_number_digits,9,last_label_token,2,0.11592523008584976,170
prev_number_digits,9,last_label_token,3,0.1099778264760971,170
prev_number_digits,9,last_label_token,4,0.12430978566408157,170
prev_number_digits,9,last_label_token,5,0.14648890495300293,170
prev_number_digits,9,last_label_token,6,0.13986364006996155,170
prev_number_digits,9,last_label_token,7,0.17302460968494415,170
prev_number_digits,9,last_label_token,8,0.15821480751037598,170
prev_number_digits,9,last_label_token,9,0.256106972694397,170
prev_number_digits,9,last_label_token,10,0.271793931722641,170
prev_number_digits,9,last_label_token,11,0.2544313371181488,170
prev_number_digits,9,last_label_token,12,0.284069687128067,170
prev_number_digits,9,last_label_token,13,0.25627222657203674,170
prev_number_digits,9,last_label_token,14,0.23141545057296753,170
prev_number_digits,9,last_label_token,15,0.23763518035411835,170
prev_number_digits,9,last_label_token,16,0.25133952498435974,170
prev_number_digits,9,last_label_token,17,0.2504950761795044,170
prev_number_digits,9,last_label_token,18,0.23240986466407776,170
prev_number_digits,9,last_label_token,19,0.23642411828041077,170
prev_number_digits,9,last_label_token,20,0.22911755740642548,170
prev_number_digits,9,last_label_token,21,0.23211584985256195,170
prev_number_digits,9,last_label_token,22,0.22720599174499512,170
prev_number_digits,9,last_label_token,23,0.22234158217906952,170
prev_number_digits,9,last_label_token,24,0.22188085317611694,170
prev_number_digits,9,last_label_token,25,0.2193313091993332,170
prev_number_digits,9,last_label_token,26,0.21598055958747864,170
prev_number_digits,9,last_label_token,27,0.21259810030460358,170
prev_number_digits,9,last_label_token,28,0.2216935157775879,170
prev_number_digits,10,pre_label_token,0,0.005854237359017134,170
prev_number_digits,10,pre_label_token,1,0.1086668148636818,170
prev_number_digits,10,pre_label_token,2,0.10088752210140228,170
prev_number_digits,10,pre_label_token,3,0.09071655571460724,170
prev_number_digits,10,pre_label_token,4,0.10658931732177734,170
prev_number_digits,10,pre_label_token,5,0.17703239619731903,170
prev_number_digits,10,pre_label_token,6,0.19352948665618896,170
prev_number_digits,10,pre_label_token,7,0.25013047456741333,170
prev_number_digits,10,pre_label_token,8,0.2636220455169678,170
prev_number_digits,10,pre_label_token,9,0.48659151792526245,170
prev_number_digits,10,pre_label_token,10,0.48971813917160034,170
prev_number_digits,10,pre_label_token,11,0.4476291835308075,170
prev_number_digits,10,pre_label_token,12,0.474416047334671,170
prev_number_digits,10,pre_label_token,13,0.4997950792312622,170
prev_number_digits,10,pre_label_token,14,0.4497964382171631,170
prev_number_digits,10,pre_label_token,15,0.4062960147857666,170
prev_number_digits,10,pre_label_token,16,0.4205029308795929,170
prev_number_digits,10,pre_label_token,17,0.3809475302696228,170
prev_number_digits,10,pre_label_token,18,0.3462475538253784,170
prev_number_digits,10,pre_label_token,19,0.3327798843383789,170
prev_number_digits,10,pre_label_token,20,0.30966490507125854,170
prev_number_digits,10,pre_label_token,21,0.3040255606174469,170
prev_number_digits,10,pre_label_token,22,0.2881428599357605,170
prev_number_digits,10,pre_label_token,23,0.27870264649391174,170
prev_number_digits,10,pre_label_token,24,0.27377212047576904,170
prev_number_digits,10,pre_label_token,25,0.2690252959728241,170
prev_number_digits,10,pre_label_token,26,0.2597968280315399,170
prev_number_digits,10,pre_label_token,27,0.23872734606266022,170
prev_number_digits,10,pre_label_token,28,0.21285074949264526,170
prev_number_digits,10,first_label_token,0,0.007149728015065193,170
prev_number_digits,10,first_label_token,1,0.12567855417728424,170
prev_number_digits,10,first_label_token,2,0.11518307775259018,170
prev_number_digits,10,first_label_token,3,0.10956358164548874,170
prev_number_digits,10,first_label_token,4,0.12315337359905243,170
prev_number_digits,10,first_label_token,5,0.1458858996629715,170
prev_number_digits,10,first_label_token,6,0.13752585649490356,170
prev_number_digits,10,first_label_token,7,0.17177674174308777,170
prev_number_digits,10,first_label_token,8,0.15566110610961914,170
prev_number_digits,10,first_label_token,9,0.25705021619796753,170
prev_number_digits,10,first_label_token,10,0.27160876989364624,170
prev_number_digits,10,first_label_token,11,0.25486111640930176,170
prev_number_digits,10,first_label_token,12,0.2833358347415924,170
prev_number_digits,10,first_label_token,13,0.2539605498313904,170
prev_number_digits,10,first_label_token,14,0.22935937345027924,170
prev_number_digits,10,first_label_token,15,0.235611230134964,170
prev_number_digits,10,first_label_token,16,0.24907773733139038,170
prev_number_digits,10,first_label_token,17,0.24845872819423676,170
prev_number_digits,10,first_label_token,18,0.22979559004306793,170
prev_number_digits,10,first_label_token,19,0.23367659747600555,170
prev_number_digits,10,first_label_token,20,0.22698909044265747,170
prev_number_digits,10,first_label_token,21,0.23072655498981476,170
prev_number_digits,10,first_label_token,22,0.22648391127586365,170
prev_number_digits,10,first_label_token,23,0.22146783769130707,170
prev_number_digits,10,first_label_token,24,0.2211119681596756,170
prev_number_digits,10,first_label_token,25,0.21856193244457245,170
prev_number_digits,10,first_label_token,26,0.21539653837680817,170
prev_number_digits,10,first_label_token,27,0.21271789073944092,170
prev_number_digits,10,first_label_token,28,0.22195807099342346,170
prev_number_digits,10,last_label_token,0,0.007149728015065193,170
prev_number_digits,10,last_label_token,1,0.12567855417728424,170
prev_number_digits,10,last_label_token,2,0.11518307775259018,170
prev_number_digits,10,last_label_token,3,0.10956358164548874,170
prev_number_digits,10,last_label_token,4,0.12315337359905243,170
prev_number_digits,10,last_label_token,5,0.1458858996629715,170
prev_number_digits,10,last_label_token,6,0.13752585649490356,170
prev_number_digits,10,last_label_token,7,0.17177674174308777,170
prev_number_digits,10,last_label_token,8,0.15566110610961914,170
prev_number_digits,10,last_label_token,9,0.25705021619796753,170
prev_number_digits,10,last_label_token,10,0.27160876989364624,170
prev_number_digits,10,last_label_token,11,0.25486111640930176,170
prev_number_digits,10,last_label_token,12,0.2833358347415924,170
prev_number_digits,10,last_label_token,13,0.2539605498313904,170
prev_number_digits,10,last_label_token,14,0.22935937345027924,170
prev_number_digits,10,last_label_token,15,0.235611230134964,170
prev_number_digits,10,last_label_token,16,0.24907773733139038,170
prev_number_digits,10,last_label_token,17,0.24845872819423676,170
prev_number_digits,10,last_label_token,18,0.22979559004306793,170
prev_number_digits,10,last_label_token,19,0.23367659747600555,170
prev_number_digits,10,last_label_token,20,0.22698909044265747,170
prev_number_digits,10,last_label_token,21,0.23072655498981476,170
prev_number_digits,10,last_label_token,22,0.22648391127586365,170
prev_number_digits,10,last_label_token,23,0.22146783769130707,170
prev_number_digits,10,last_label_token,24,0.2211119681596756,170
prev_number_digits,10,last_label_token,25,0.21856193244457245,170
prev_number_digits,10,last_label_token,26,0.21539653837680817,170
prev_number_digits,10,last_label_token,27,0.21271789073944092,170
prev_number_digits,10,last_label_token,28,0.22195807099342346,170
prev_number_digits,10,last_prompt_token,0,0.005854237359017134,170
prev_number_digits,10,last_prompt_token,1,0.10871678590774536,170
prev_number_digits,10,last_prompt_token,2,0.10081206262111664,170
prev_number_digits,10,last_prompt_token,3,0.09132123738527298,170
prev_number_digits,10,last_prompt_token,4,0.10650420188903809,170
prev_number_digits,10,last_prompt_token,5,0.1769305318593979,170
prev_number_digits,10,last_prompt_token,6,0.19371551275253296,170
prev_number_digits,10,last_prompt_token,7,0.2515585720539093,170
prev_number_digits,10,last_prompt_token,8,0.2648906111717224,170
prev_number_digits,10,last_prompt_token,9,0.489025741815567,170
prev_number_digits,10,last_prompt_token,10,0.4922976791858673,170
prev_number_digits,10,last_prompt_token,11,0.4490223526954651,170
prev_number_digits,10,last_prompt_token,12,0.4754471182823181,170
prev_number_digits,10,last_prompt_token,13,0.5010596513748169,170
prev_number_digits,10,last_prompt_token,14,0.45037582516670227,170
prev_number_digits,10,last_prompt_token,15,0.4061563014984131,170
prev_number_digits,10,last_prompt_token,16,0.4201841950416565,170
prev_number_digits,10,last_prompt_token,17,0.37926042079925537,170
prev_number_digits,10,last_prompt_token,18,0.3429515063762665,170
prev_number_digits,10,last_prompt_token,19,0.32972678542137146,170
prev_number_digits,10,last_prompt_token,20,0.30698007345199585,170
prev_number_digits,10,last_prompt_token,21,0.30122730135917664,170
prev_number_digits,10,last_prompt_token,22,0.2856685519218445,170
prev_number_digits,10,last_prompt_token,23,0.2760755121707916,170
prev_number_digits,10,last_prompt_token,24,0.27110186219215393,170
prev_number_digits,10,last_prompt_token,25,0.2655661106109619,170
prev_number_digits,10,last_prompt_token,26,0.25659114122390747,170
prev_number_digits,10,last_prompt_token,27,0.23504063487052917,170
prev_number_digits,10,last_prompt_token,28,0.2108362317085266,170
synonym,1,pre_label_token,0,7.040131458779797e-05,170
synonym,1,pre_label_token,1,0.12581023573875427,170
synonym,1,pre_label_token,2,0.11962387710809708,170
synonym,1,pre_label_token,3,0.09596192836761475,170
synonym,1,pre_label_token,4,0.11168306320905685,170
synonym,1,pre_label_token,5,0.11634700745344162,170
synonym,1,pre_label_token,6,0.1539466679096222,170
synonym,1,pre_label_token,7,0.17692972719669342,170
synonym,1,pre_label_token,8,0.18720164895057678,170
synonym,1,pre_label_token,9,0.21149320900440216,170
synonym,1,pre_label_token,10,0.2289443016052246,170
synonym,1,pre_label_token,11,0.24137651920318604,170
synonym,1,pre_label_token,12,0.2781827449798584,170
synonym,1,pre_label_token,13,0.3015672266483307,170
synonym,1,pre_label_token,14,0.32679980993270874,170
synonym,1,pre_label_token,15,0.3306557536125183,170
synonym,1,pre_label_token,16,0.3349379301071167,170
synonym,1,pre_label_token,17,0.3388681709766388,170
synonym,1,pre_label_token,18,0.339284747838974,170
synonym,1,pre_label_token,19,0.33569544553756714,170
synonym,1,pre_label_token,20,0.3367196321487427,170
synonym,1,pre_label_token,21,0.3388802111148834,170
synonym,1,pre_label_token,22,0.3349717855453491,170
synonym,1,pre_label_token,23,0.3320826292037964,170
synonym,1,pre_label_token,24,0.33009523153305054,170
synonym,1,pre_label_token,25,0.32149502635002136,170
synonym,1,pre_label_token,26,0.31234005093574524,170
synonym,1,pre_label_token,27,0.28938916325569153,170
synonym,1,pre_label_token,28,0.28759026527404785,170
synonym,1,first_label_token,0,-0.000731987354811281,170
synonym,1,first_label_token,1,0.13785727322101593,170
synonym,1,first_label_token,2,0.12256863713264465,170
synonym,1,first_label_token,3,0.11536143720149994,170
synonym,1,first_label_token,4,0.1343786120414734,170
synonym,1,first_label_token,5,0.14952512085437775,170
synonym,1,first_label_token,6,0.17150917649269104,170
synonym,1,first_label_token,7,0.19941359758377075,170
synonym,1,first_label_token,8,0.21440798044204712,170
synonym,1,first_label_token,9,0.22734442353248596,170
synonym,1,first_label_token,10,0.24429550766944885,170
synonym,1,first_label_token,11,0.255865216255188,170
synonym,1,first_label_token,12,0.2744365334510803,170
synonym,1,first_label_token,13,0.2713942527770996,170
synonym,1,first_label_token,14,0.28980115056037903,170
synonym,1,first_label_token,15,0.2925724387168884,170
synonym,1,first_label_token,16,0.2983008325099945,170
synonym,1,first_label_token,17,0.3084488809108734,170
synonym,1,first_label_token,18,0.3134855031967163,170
synonym,1,first_label_token,19,0.31207624077796936,170
synonym,1,first_label_token,20,0.3118480443954468,170
synonym,1,first_label_token,21,0.3210756778717041,170
synonym,1,first_label_token,22,0.3165088891983032,170
synonym,1,first_label_token,23,0.31330952048301697,170
synonym,1,first_label_token,24,0.3105183243751526,170
synonym,1,first_label_token,25,0.3039911389350891,170
synonym,1,first_label_token,26,0.29342207312583923,170
synonym,1,first_label_token,27,0.2817825973033905,170
synonym,1,first_label_token,28,0.2977482080459595,170
synonym,1,last_label_token,0,-0.0004753631365019828,170
synonym,1,last_label_token,1,0.13697239756584167,170
synonym,1,last_label_token,2,0.12047398835420609,170
synonym,1,last_label_token,3,0.11658135801553726,170
synonym,1,last_label_token,4,0.13547195494174957,170
synonym,1,last_label_token,5,0.15093496441841125,170
synonym,1,last_label_token,6,0.17384040355682373,170
synonym,1,last_label_token,7,0.20281051099300385,170
synonym,1,last_label_token,8,0.2186250537633896,170
synonym,1,last_label_token,9,0.23318402469158173,170
synonym,1,last_label_token,10,0.25069940090179443,170
synonym,1,last_label_token,11,0.2621923089027405,170
synonym,1,last_label_token,12,0.2823716700077057,170
synonym,1,last_label_token,13,0.2799437940120697,170
synonym,1,last_label_token,14,0.29804542660713196,170
synonym,1,last_label_token,15,0.3017852008342743,170
synonym,1,last_label_token,16,0.30700477957725525,170
synonym,1,last_label_token,17,0.318103551864624,170
synonym,1,last_label_token,18,0.3225044012069702,170
synonym,1,last_label_token,19,0.32044336199760437,170
synonym,1,last_label_token,20,0.32003915309906006,170
synonym,1,last_label_token,21,0.3277794122695923,170
synonym,1,last_label_token,22,0.32252296805381775,170
synonym,1,last_label_token,23,0.31887131929397583,170
synonym,1,last_label_token,24,0.3159937262535095,170
synonym,1,last_label_token,25,0.31041693687438965,170
synonym,1,last_label_token,26,0.3012841045856476,170
synonym,1,last_label_token,27,0.28819525241851807,170
synonym,1,last_label_token,28,0.3022820055484772,170
synonym,2,pre_label_token,0,7.040131458779797e-05,170
synonym,2,pre_label_token,1,0.12159755080938339,170
synonym,2,pre_label_token,2,0.10989533364772797,170
synonym,2,pre_label_token,3,0.08843902498483658,170
synonym,2,pre_label_token,4,0.10384160280227661,170
synonym,2,pre_label_token,5,0.13222099840641022,170
synonym,2,pre_label_token,6,0.18759575486183167,170
synonym,2,pre_label_token,7,0.2317768782377243,170
synonym,2,pre_label_token,8,0.23630012571811676,170
synonym,2,pre_label_token,9,0.29403480887413025,170
synonym,2,pre_label_token,10,0.3267400562763214,170
synonym,2,pre_label_token,11,0.33231866359710693,170
synonym,2,pre_label_token,12,0.3660545349121094,170
synonym,2,pre_label_token,13,0.38467755913734436,170
synonym,2,pre_label_token,14,0.40199992060661316,170
synonym,2,pre_label_token,15,0.3901398479938507,170
synonym,2,pre_label_token,16,0.40971124172210693,170
synonym,2,pre_label_token,17,0.4110150635242462,170
synonym,2,pre_label_token,18,0.4118020534515381,170
synonym,2,pre_label_token,19,0.3981056809425354,170
synonym,2,pre_label_token,20,0.3857994079589844,170
synonym,2,pre_label_token,21,0.38937029242515564,170
synonym,2,pre_label_token,22,0.37961000204086304,170
synonym,2,pre_label_token,23,0.3697079122066498,170
synonym,2,pre_label_token,24,0.3612084686756134,170
synonym,2,pre_label_token,25,0.3486129641532898,170
synonym,2,pre_label_token,26,0.335016667842865,170
synonym,2,pre_label_token,27,0.306968092918396,170
synonym,2,pre_label_token,28,0.30324092507362366,170
synonym,2,first_label_token,0,-0.00020913468324579298,170
synonym,2,first_label_token,1,0.13701409101486206,170
synonym,2,first_label_token,2,0.12149617820978165,170
synonym,2,first_label_token,3,0.11382362991571426,170
synonym,2,first_label_token,4,0.1318872570991516,170
synonym,2,first_label_token,5,0.1521066427230835,170
synonym,2,first_label_token,6,0.18253140151500702,170
synonym,2,first_label_token,7,0.2111598551273346,170
synonym,2,first_label_token,8,0.2252645343542099,170
synonym,2,first_label_token,9,0.24913354218006134,170
synonym,2,first_label_token,10,0.277698278427124,170
synonym,2,first_label_token,11,0.2897781729698181,170
synonym,2,first_label_token,12,0.3168611526489258,170
synonym,2,first_label_token,13,0.3058856725692749,170
synonym,2,first_label_token,14,0.3206212520599365,170
synonym,2,first_label_token,15,0.32128340005874634,170
synonym,2,first_label_token,16,0.32411864399909973,170
synonym,2,first_label_token,17,0.32935434579849243,170
synonym,2,first_label_token,18,0.3361833989620209,170
synonym,2,first_label_token,19,0.3341362774372101,170
synonym,2,first_label_token,20,0.32766810059547424,170
synonym,2,first_label_token,21,0.3423115313053131,170
synonym,2,first_label_token,22,0.3342389762401581,170
synonym,2,first_label_token,23,0.32878774404525757,170
synonym,2,first_label_token,24,0.324516236782074,170
synonym,2,first_label_token,25,0.31872594356536865,170
synonym,2,first_label_token,26,0.3101753294467926,170
synonym,2,first_label_token,27,0.29907479882240295,170
synonym,2,first_label_token,28,0.3132641315460205,170
synonym,2,last_label_token,0,-0.0007893323781900108,170
synonym,2,last_label_token,1,0.13570772111415863,170
synonym,2,last_label_token,2,0.11921962350606918,170
synonym,2,last_label_token,3,0.11380976438522339,170
synonym,2,last_label_token,4,0.131352961063385,170
synonym,2,last_label_token,5,0.15156973898410797,170
synonym,2,last_label_token,6,0.18280549347400665,170
synonym,2,last_label_token,7,0.21141579747200012,170
synonym,2,last_label_token,8,0.22627680003643036,170
synonym,2,last_label_token,9,0.2514890432357788,170
synonym,2,last_label_token,10,0.2787322700023651,170
synonym,2,last_label_token,11,0.2911263108253479,170
synonym,2,last_label_token,12,0.3197360038757324,170
synonym,2,last_label_token,13,0.30956801772117615,170
synonym,2,last_label_token,14,0.3235180974006653,170
synonym,2,last_label_token,15,0.3236719071865082,170
synonym,2,last_label_token,16,0.32612690329551697,170
synonym,2,last_label_token,17,0.33191967010498047,170
synonym,2,last_label_token,18,0.3389689326286316,170
synonym,2,last_label_token,19,0.3369305431842804,170
synonym,2,last_label_token,20,0.33072927594184875,170
synonym,2,last_label_token,21,0.3441636562347412,170
synonym,2,last_label_token,22,0.33611688017845154,170
synonym,2,last_label_token,23,0.33096691966056824,170
synonym,2,last_label_token,24,0.32696548104286194,170
synonym,2,last_label_token,25,0.3220714330673218,170
synonym,2,last_label_token,26,0.3146347403526306,170
synonym,2,last_label_token,27,0.30370816588401794,170
synonym,2,last_label_token,28,0.31649020314216614,170
synonym,3,pre_label_token,0,7.040131458779797e-05,170
synonym,3,pre_label_token,1,0.12134841829538345,170
synonym,3,pre_label_token,2,0.10710138082504272,170
synonym,3,pre_label_token,3,0.0876850038766861,170
synonym,3,pre_label_token,4,0.10457900911569595,170
synonym,3,pre_label_token,5,0.14616382122039795,170
synonym,3,pre_label_token,6,0.19960437715053558,170
synonym,3,pre_label_token,7,0.26420721411705017,170
synonym,3,pre_label_token,8,0.27076083421707153,170
synonym,3,pre_label_token,9,0.3502146899700165,170
synonym,3,pre_label_token,10,0.38962987065315247,170
synonym,3,pre_label_token,11,0.38794976472854614,170
synonym,3,pre_label_token,12,0.41002142429351807,170
synonym,3,pre_label_token,13,0.4191300868988037,170
synonym,3,pre_label_token,14,0.42439785599708557,170
synonym,3,pre_label_token,15,0.41346049308776855,170
synonym,3,pre_label_token,16,0.4475427567958832,170
synonym,3,pre_label_token,17,0.4424855709075928,170
synonym,3,pre_label_token,18,0.44175252318382263,170
synonym,3,pre_label_token,19,0.4225159287452698,170
synonym,3,pre_label_token,20,0.4052802622318268,170
synonym,3,pre_label_token,21,0.4098373055458069,170
synonym,3,pre_label_token,22,0.3975599706172943,170
synonym,3,pre_label_token,23,0.38543596863746643,170
synonym,3,pre_label_token,24,0.37532755732536316,170
synonym,3,pre_label_token,25,0.3632708787918091,170
synonym,3,pre_label_token,26,0.3475789725780487,170
synonym,3,pre_label_token,27,0.3149249255657196,170
synonym,3,pre_label_token,28,0.3110637068748474,170
synonym,3,first_label_token,0,-0.000641651451587677,170
synonym,3,first_label_token,1,0.13618023693561554,170
synonym,3,first_label_token,2,0.1204390674829483,170
synonym,3,first_label_token,3,0.11424847692251205,170
synonym,3,first_label_token,4,0.13295404613018036,170
synonym,3,first_label_token,5,0.15529532730579376,170
synonym,3,first_label_token,6,0.18648673593997955,170
synonym,3,first_label_token,7,0.21585091948509216,170
synonym,3,first_label_token,8,0.23381774127483368,170
synonym,3,first_label_token,9,0.26540714502334595,170
synonym,3,first_label_token,10,0.29382866621017456,170
synonym,3,first_label_token,11,0.3052383065223694,170
synonym,3,first_label_token,12,0.331195592880249,170
synonym,3,first_label_token,13,0.30820518732070923,170
synonym,3,first_label_token,14,0.31748563051223755,170
synonym,3,first_label_token,15,0.3190053701400757,170
synonym,3,first_label_token,16,0.32840844988822937,170
synonym,3,first_label_token,17,0.3298731744289398,170
synonym,3,first_label_token,18,0.33758941292762756,170
synonym,3,first_label_token,19,0.33623453974723816,170
synonym,3,first_label_token,20,0.331012487411499,170
synonym,3,first_label_token,21,0.3473910689353943,170
synonym,3,first_label_token,22,0.3386112153530121,170
synonym,3,first_label_token,23,0.33318501710891724,170
synonym,3,first_label_token,24,0.32936009764671326,170
synonym,3,first_label_token,25,0.32254263758659363,170
synonym,3,first_label_token,26,0.31342872977256775,170
synonym,3,first_label_token,27,0.3018977642059326,170
synonym,3,first_label_token,28,0.3177512586116791,170
synonym,3,last_label_token,0,-0.0007483367808163166,170
synonym,3,last_label_token,1,0.1360049992799759,170
synonym,3,last_label_token,2,0.11866404861211777,170
synonym,3,last_label_token,3,0.11578892916440964,170
synonym,3,last_label_token,4,0.1341758370399475,170
synonym,3,last_label_token,5,0.15634740889072418,170
synonym,3,last_label_token,6,0.1880263239145279,170
synonym,3,last_label_token,7,0.21751174330711365,170
synonym,3,last_label_token,8,0.2361830323934555,170
synonym,3,last_label_token,9,0.2693053185939789,170
synonym,3,last_label_token,10,0.2957019805908203,170
synonym,3,last_label_token,11,0.3076353073120117,170
synonym,3,last_label_token,12,0.3364974856376648,170
synonym,3,last_label_token,13,0.3135416507720947,170
synonym,3,last_label_token,14,0.32255759835243225,170
synonym,3,last_label_token,15,0.32428237795829773,170
synonym,3,last_label_token,16,0.33347928524017334,170
synonym,3,last_label_token,17,0.33614078164100647,170
synonym,3,last_label_token,18,0.3437049090862274,170
synonym,3,last_label_token,19,0.34193161129951477,170
synonym,3,last_label_token,20,0.33667269349098206,170
synonym,3,last_label_token,21,0.3508845269680023,170
synonym,3,last_label_token,22,0.3421039879322052,170
synonym,3,last_label_token,23,0.3370371162891388,170
synonym,3,last_label_token,24,0.33351853489875793,170
synonym,3,last_label_token,25,0.3274810016155243,170
synonym,3,last_label_token,26,0.3203848600387573,170
synonym,3,last_label_token,27,0.3086594343185425,170
synonym,3,last_label_token,28,0.3219737708568573,170
synonym,4,pre_label_token,0,7.040131458779797e-05,170
synonym,4,pre_label_token,1,0.12081235647201538,170
synonym,4,pre_label_token,2,0.10479824990034103,170
synonym,4,pre_label_token,3,0.08745244890451431,170
synonym,4,pre_label_token,4,0.10492631047964096,170
synonym,4,pre_label_token,5,0.1519511342048645,170
synonym,4,pre_label_token,6,0.20172052085399628,170
synonym,4,pre_label_token,7,0.2720349431037903,170
synonym,4,pre_label_token,8,0.2826501727104187,170
synonym,4,pre_label_token,9,0.36139458417892456,170
synonym,4,pre_label_token,10,0.4016072452068329,170
synonym,4,pre_label_token,11,0.40072008967399597,170
synonym,4,pre_label_token,12,0.42065855860710144,170
synonym,4,pre_label_token,13,0.4289889633655548,170
synonym,4,pre_label_token,14,0.4304460287094116,170
synonym,4,pre_label_token,15,0.4198917746543884,170
synonym,4,pre_label_token,16,0.46006402373313904,170
synonym,4,pre_label_token,17,0.453110009431839,170
synonym,4,pre_label_token,18,0.45133039355278015,170
synonym,4,pre_label_token,19,0.4314490258693695,170
synonym,4,pre_label_token,20,0.41444021463394165,170
synonym,4,pre_label_token,21,0.4180774390697479,170
synonym,4,pre_label_token,22,0.4047147035598755,170
synonym,4,pre_label_token,23,0.3920537531375885,170
synonym,4,pre_label_token,24,0.3812873363494873,170
synonym,4,pre_label_token,25,0.3682900667190552,170
synonym,4,pre_label_token,26,0.3513777256011963,170
synonym,4,pre_label_token,27,0.3188626766204834,170
synonym,4,pre_label_token,28,0.3128882348537445,170
synonym,4,first_label_token,0,-0.00010899056360358372,170
synonym,4,first_label_token,1,0.13588477671146393,170
synonym,4,first_label_token,2,0.12038985639810562,170
synonym,4,first_label_token,3,0.11456748843193054,170
synonym,4,first_label_token,4,0.13369625806808472,170
synonym,4,first_label_token,5,0.15782184898853302,170
synonym,4,first_label_token,6,0.18872444331645966,170
synonym,4,first_label_token,7,0.21858012676239014,170
synonym,4,first_label_token,8,0.23581284284591675,170
synonym,4,first_label_token,9,0.2717503011226654,170
synonym,4,first_label_token,10,0.2983626425266266,170
synonym,4,first_label_token,11,0.30532026290893555,170
synonym,4,first_label_token,12,0.32842469215393066,170
synonym,4,first_label_token,13,0.30942171812057495,170
synonym,4,first_label_token,14,0.3184344172477722,170
synonym,4,first_label_token,15,0.3206756114959717,170
synonym,4,first_label_token,16,0.3318427503108978,170
synonym,4,first_label_token,17,0.3313811123371124,170
synonym,4,first_label_token,18,0.33899983763694763,170
synonym,4,first_label_token,19,0.3374794125556946,170
synonym,4,first_label_token,20,0.3326418399810791,170
synonym,4,first_label_token,21,0.3472942113876343,170
synonym,4,first_label_token,22,0.33844906091690063,170
synonym,4,first_label_token,23,0.33267390727996826,170
synonym,4,first_label_token,24,0.32862553000450134,170
synonym,4,first_label_token,25,0.3216221332550049,170
synonym,4,first_label_token,26,0.31184908747673035,170
synonym,4,first_label_token,27,0.3007655739784241,170
synonym,4,first_label_token,28,0.3169879615306854,170
synonym,4,last_label_token,0,7.636367081431672e-05,170
synonym,4,last_label_token,1,0.13616113364696503,170
synonym,4,last_label_token,2,0.11908622831106186,170
synonym,4,last_label_token,3,0.11704927682876587,170
synonym,4,last_label_token,4,0.13525822758674622,170
synonym,4,last_label_token,5,0.1589452624320984,170
synonym,4,last_label_token,6,0.1903429627418518,170
synonym,4,last_label_token,7,0.22081345319747925,170
synonym,4,last_label_token,8,0.23851633071899414,170
synonym,4,last_label_token,9,0.276588499546051,170
synonym,4,last_label_token,10,0.3005232810974121,170
synonym,4,last_label_token,11,0.3074478209018707,170
synonym,4,last_label_token,12,0.3339013159275055,170
synonym,4,last_label_token,13,0.31477609276771545,170
synonym,4,last_label_token,14,0.32338985800743103,170
synonym,4,last_label_token,15,0.32680344581604004,170
synonym,4,last_label_token,16,0.33859220147132874,170
synonym,4,last_label_token,17,0.33931007981300354,170
synonym,4,last_label_token,18,0.3472781777381897,170
synonym,4,last_label_token,19,0.34596410393714905,170
synonym,4,last_label_token,20,0.3419422507286072,170
synonym,4,last_label_token,21,0.354263037443161,170
synonym,4,last_label_token,22,0.3456858694553375,170
synonym,4,last_label_token,23,0.34068354964256287,170
synonym,4,last_label_token,24,0.3369680941104889,170
synonym,4,last_label_token,25,0.3310571014881134,170
synonym,4,last_label_token,26,0.32366710901260376,170
synonym,4,last_label_token,27,0.3114597201347351,170
synonym,4,last_label_token,28,0.3249165713787079,170
synonym,5,pre_label_token,0,7.040131458779797e-05,170
synonym,5,pre_label_token,1,0.1207372322678566,170
synonym,5,pre_label_token,2,0.10409902781248093,170
synonym,5,pre_label_token,3,0.08770310133695602,170
synonym,5,pre_label_token,4,0.10538933426141739,170
synonym,5,pre_label_token,5,0.15625770390033722,170
synonym,5,pre_label_token,6,0.20494703948497772,170
synonym,5,pre_label_token,7,0.2766314148902893,170
synonym,5,pre_label_token,8,0.2881600856781006,170
synonym,5,pre_label_token,9,0.3649761378765106,170
synonym,5,pre_label_token,10,0.40664857625961304,170
synonym,5,pre_label_token,11,0.40691572427749634,170
synonym,5,pre_label_token,12,0.42515286803245544,170
synonym,5,pre_label_token,13,0.4344451129436493,170
synonym,5,pre_label_token,14,0.4327701926231384,170
synonym,5,pre_label_token,15,0.42135089635849,170
synonym,5,pre_label_token,16,0.4630798399448395,170
synonym,5,pre_label_token,17,0.45650243759155273,170
synonym,5,pre_label_token,18,0.4545680284500122,170
synonym,5,pre_label_token,19,0.4338761866092682,170
synonym,5,pre_label_token,20,0.4167405962944031,170
synonym,5,pre_label_token,21,0.42021313309669495,170
synonym,5,pre_label_token,22,0.4070621728897095,170
synonym,5,pre_label_token,23,0.39460495114326477,170
synonym,5,pre_label_token,24,0.38414835929870605,170
synonym,5,pre_label_token,25,0.37128061056137085,170
synonym,5,pre_label_token,26,0.35488060116767883,170
synonym,5,pre_label_token,27,0.3196311891078949,170
synonym,5,pre_label_token,28,0.3141027092933655,170
synonym,5,first_label_token,0,0.0009863956365734339,170
synonym,5,first_label_token,1,0.1380797177553177,170
synonym,5,first_label_token,2,0.12244863063097,170
synonym,5,first_label_token,3,0.11663037538528442,170
synonym,5,first_label_token,4,0.13597717881202698,170
synonym,5,first_label_token,5,0.1604025959968567,170
synonym,5,first_label_token,6,0.19208335876464844,170
synonym,5,first_label_token,7,0.223331019282341,170
synonym,5,first_label_token,8,0.23977310955524445,170
synonym,5,first_label_token,9,0.27749791741371155,170
synonym,5,first_label_token,10,0.2996746599674225,170
synonym,5,first_label_token,11,0.30197873711586,170
synonym,5,first_label_token,12,0.3239114582538605,170
synonym,5,first_label_token,13,0.3059321343898773,170
synonym,5,first_label_token,14,0.3139421045780182,170
synonym,5,first_label_token,15,0.3183524012565613,170
synonym,5,first_label_token,16,0.3316026031970978,170
synonym,5,first_label_token,17,0.3304079473018646,170
synonym,5,first_label_token,18,0.3390675187110901,170
synonym,5,first_label_token,19,0.33927103877067566,170
synonym,5,first_label_token,20,0.33553165197372437,170
synonym,5,first_label_token,21,0.34986019134521484,170
synonym,5,first_label_token,22,0.3416344225406647,170
synonym,5,first_label_token,23,0.3366623818874359,170
synonym,5,first_label_token,24,0.3331397473812103,170
synonym,5,first_label_token,25,0.32643938064575195,170
synonym,5,first_label_token,26,0.3176790475845337,170
synonym,5,first_label_token,27,0.3049136996269226,170
synonym,5,first_label_token,28,0.31999874114990234,170
synonym,5,last_label_token,0,0.0007727546617388725,170
synonym,5,last_label_token,1,0.13793082535266876,170
synonym,5,last_label_token,2,0.1213262528181076,170
synonym,5,last_label_token,3,0.11771269142627716,170
synonym,5,last_label_token,4,0.13641609251499176,170
synonym,5,last_label_token,5,0.16050173342227936,170
synonym,5,last_label_token,6,0.19280222058296204,170
synonym,5,last_label_token,7,0.224399134516716,170
synonym,5,last_label_token,8,0.24087834358215332,170
synonym,5,last_label_token,9,0.27965304255485535,170
synonym,5,last_label_token,10,0.3000502288341522,170
synonym,5,last_label_token,11,0.30238083004951477,170
synonym,5,last_label_token,12,0.32706376910209656,170
synonym,5,last_label_token,13,0.30930158495903015,170
synonym,5,last_label_token,14,0.3174568712711334,170
synonym,5,last_label_token,15,0.322193443775177,170
synonym,5,last_label_token,16,0.3354445695877075,170
synonym,5,last_label_token,17,0.3352070748806,170
synonym,5,last_label_token,18,0.34384748339653015,170
synonym,5,last_label_token,19,0.34392181038856506,170
synonym,5,last_label_token,20,0.3405752182006836,170
synonym,5,last_label_token,21,0.3535606265068054,170
synonym,5,last_label_token,22,0.3453473150730133,170
synonym,5,last_label_token,23,0.3405844569206238,170
synonym,5,last_label_token,24,0.33717769384384155,170
synonym,5,last_label_token,25,0.3313573896884918,170
synonym,5,last_label_token,26,0.32385215163230896,170
synonym,5,last_label_token,27,0.3110038936138153,170
synonym,5,last_label_token,28,0.32477375864982605,170
synonym,6,pre_label_token,0,7.040131458779797e-05,170
synonym,6,pre_label_token,1,0.12002494931221008,170
synonym,6,pre_label_token,2,0.10246063768863678,170
synonym,6,pre_label_token,3,0.08720880001783371,170
synonym,6,pre_label_token,4,0.10539906471967697,170
synonym,6,pre_label_token,5,0.15925541520118713,170
synonym,6,pre_label_token,6,0.2065718024969101,170
synonym,6,pre_label_token,7,0.27905330061912537,170
synonym,6,pre_label_token,8,0.29059842228889465,170
synonym,6,pre_label_token,9,0.36771106719970703,170
synonym,6,pre_label_token,10,0.40888097882270813,170
synonym,6,pre_label_token,11,0.41001182794570923,170
synonym,6,pre_label_token,12,0.4286467134952545,170
synonym,6,pre_label_token,13,0.4397284984588623,170
synonym,6,pre_label_token,14,0.43690261244773865,170
synonym,6,pre_label_token,15,0.4268893897533417,170
synonym,6,pre_label_token,16,0.46867477893829346,170
synonym,6,pre_label_token,17,0.4624054729938507,170
synonym,6,pre_label_token,18,0.4598124027252197,170
synonym,6,pre_label_token,19,0.4383346140384674,170
synonym,6,pre_label_token,20,0.4205719530582428,170
synonym,6,pre_label_token,21,0.4240756630897522,170
synonym,6,pre_label_token,22,0.4102802574634552,170
synonym,6,pre_label_token,23,0.39756694436073303,170
synonym,6,pre_label_token,24,0.38702163100242615,170
synonym,6,pre_label_token,25,0.37349629402160645,170
synonym,6,pre_label_token,26,0.35586217045783997,170
synonym,6,pre_label_token,27,0.32043397426605225,170
synonym,6,pre_label_token,28,0.3143914043903351,170
synonym,6,first_label_token,0,0.0008657966391183436,170
synonym,6,first_label_token,1,0.1367294192314148,170
synonym,6,first_label_token,2,0.12123396247625351,170
synonym,6,first_label_token,3,0.11585316061973572,170
synonym,6,first_label_token,4,0.13663244247436523,170
synonym,6,first_label_token,5,0.16134890913963318,170
synonym,6,first_label_token,6,0.1932627558708191,170
synonym,6,first_label_token,7,0.22584322094917297,170
synonym,6,first_label_token,8,0.24057938158512115,170
synonym,6,first_label_token,9,0.2809567153453827,170
synonym,6,first_label_token,10,0.2991276681423187,170
synonym,6,first_label_token,11,0.30112090706825256,170
synonym,6,first_label_token,12,0.32205042243003845,170
synonym,6,first_label_token,13,0.30538854002952576,170
synonym,6,first_label_token,14,0.31449028849601746,170
synonym,6,first_label_token,15,0.3187049627304077,170
synonym,6,first_label_token,16,0.332069993019104,170
synonym,6,first_label_token,17,0.33077239990234375,170
synonym,6,first_label_token,18,0.3390296697616577,170
synonym,6,first_label_token,19,0.3392144739627838,170
synonym,6,first_label_token,20,0.33582788705825806,170
synonym,6,first_label_token,21,0.3512662947177887,170
synonym,6,first_label_token,22,0.34279385209083557,170
synonym,6,first_label_token,23,0.3375188112258911,170
synonym,6,first_label_token,24,0.33377817273139954,170
synonym,6,first_label_token,25,0.3267056941986084,170
synonym,6,first_label_token,26,0.317855566740036,170
synonym,6,first_label_token,27,0.30595940351486206,170
synonym,6,first_label_token,28,0.3217339813709259,170
synonym,6,last_label_token,0,0.0009247438283637166,170
synonym,6,last_label_token,1,0.13653907179832458,170
synonym,6,last_label_token,2,0.1204805001616478,170
synonym,6,last_label_token,3,0.11717377603054047,170
synonym,6,last_label_token,4,0.13741962611675262,170
synonym,6,last_label_token,5,0.161861389875412,170
synonym,6,last_label_token,6,0.19435444474220276,170
synonym,6,last_label_token,7,0.22693213820457458,170
synonym,6,last_label_token,8,0.24197062849998474,170
synonym,6,last_label_token,9,0.28324246406555176,170
synonym,6,last_label_token,10,0.299457311630249,170
synonym,6,last_label_token,11,0.3013215661048889,170
synonym,6,last_label_token,12,0.3248142898082733,170
synonym,6,last_label_token,13,0.30880269408226013,170
synonym,6,last_label_token,14,0.31855157017707825,170
synonym,6,last_label_token,15,0.32376229763031006,170
synonym,6,last_label_token,16,0.3369764983654022,170
synonym,6,last_label_token,17,0.33647987246513367,170
synonym,6,last_label_token,18,0.3448273241519928,170
synonym,6,last_label_token,19,0.34483304619789124,170
synonym,6,last_label_token,20,0.3419352173805237,170
synonym,6,last_label_token,21,0.35580334067344666,170
synonym,6,last_label_token,22,0.3477778434753418,170
synonym,6,last_label_token,23,0.34295356273651123,170
synonym,6,last_label_token,24,0.3395386338233948,170
synonym,6,last_label_token,25,0.3333086669445038,170
synonym,6,last_label_token,26,0.3261212408542633,170
synonym,6,last_label_token,27,0.31339752674102783,170
synonym,6,last_label_token,28,0.327719122171402,170
synonym,7,pre_label_token,0,7.040131458779797e-05,170
synonym,7,pre_label_token,1,0.12004422396421432,170
synonym,7,pre_label_token,2,0.10229028016328812,170
synonym,7,pre_label_token,3,0.08733512461185455,170
synonym,7,pre_label_token,4,0.10535924881696701,170
synonym,7,pre_label_token,5,0.16150441765785217,170
synonym,7,pre_label_token,6,0.2087460309267044,170
synonym,7,pre_label_token,7,0.28201884031295776,170
synonym,7,pre_label_token,8,0.2923523783683777,170
synonym,7,pre_label_token,9,0.3705311417579651,170
synonym,7,pre_label_token,10,0.4113784730434418,170
synonym,7,pre_label_token,11,0.41479775309562683,170
synonym,7,pre_label_token,12,0.4339886009693146,170
synonym,7,pre_label_token,13,0.44374439120292664,170
synonym,7,pre_label_token,14,0.43813005089759827,170
synonym,7,pre_label_token,15,0.42823463678359985,170
synonym,7,pre_label_token,16,0.46946239471435547,170
synonym,7,pre_label_token,17,0.46310701966285706,170
synonym,7,pre_label_token,18,0.4602820873260498,170
synonym,7,pre_label_token,19,0.43807458877563477,170
synonym,7,pre_label_token,20,0.42076605558395386,170
synonym,7,pre_label_token,21,0.42396384477615356,170
synonym,7,pre_label_token,22,0.41019776463508606,170
synonym,7,pre_label_token,23,0.39699676632881165,170
synonym,7,pre_label_token,24,0.3863110840320587,170
synonym,7,pre_label_token,25,0.37361329793930054,170
synonym,7,pre_label_token,26,0.3561984896659851,170
synonym,7,pre_label_token,27,0.320944219827652,170
synonym,7,pre_label_token,28,0.3135107159614563,170
synonym,7,first_label_token,0,0.00031334831146523356,170
synonym,7,first_label_token,1,0.13885460793972015,170
synonym,7,first_label_token,2,0.12293196469545364,170
synonym,7,first_label_token,3,0.11706554144620895,170
synonym,7,first_label_token,4,0.13784438371658325,170
synonym,7,first_label_token,5,0.16293378174304962,170
synonym,7,first_label_token,6,0.19413478672504425,170
synonym,7,first_label_token,7,0.22698087990283966,170
synonym,7,first_label_token,8,0.24200278520584106,170
synonym,7,first_label_token,9,0.28207236528396606,170
synonym,7,first_label_token,10,0.29753759503364563,170
synonym,7,first_label_token,11,0.29714348912239075,170
synonym,7,first_label_token,12,0.3173215091228485,170
synonym,7,first_label_token,13,0.30251821875572205,170
synonym,7,first_label_token,14,0.31178078055381775,170
synonym,7,first_label_token,15,0.31745368242263794,170
synonym,7,first_label_token,16,0.3327065408229828,170
synonym,7,first_label_token,17,0.33123350143432617,170
synonym,7,first_label_token,18,0.33981379866600037,170
synonym,7,first_label_token,19,0.3405027389526367,170
synonym,7,first_label_token,20,0.33687883615493774,170
synonym,7,first_label_token,21,0.3505488336086273,170
synonym,7,first_label_token,22,0.342597633600235,170
synonym,7,first_label_token,23,0.3370456099510193,170
synonym,7,first_label_token,24,0.3335006833076477,170
synonym,7,first_label_token,25,0.3258291482925415,170
synonym,7,first_label_token,26,0.31667953729629517,170
synonym,7,first_label_token,27,0.3036345839500427,170
synonym,7,first_label_token,28,0.32150885462760925,170
synonym,7,last_label_token,0,7.817296136636287e-05,170
synonym,7,last_label_token,1,0.13929513096809387,170
synonym,7,last_label_token,2,0.12281861156225204,170
synonym,7,last_label_token,3,0.11879701912403107,170
synonym,7,last_label_token,4,0.13904887437820435,170
synonym,7,last_label_token,5,0.16369180381298065,170
synonym,7,last_label_token,6,0.19522503018379211,170
synonym,7,last_label_token,7,0.22828631103038788,170
synonym,7,last_label_token,8,0.24367381632328033,170
synonym,7,last_label_token,9,0.28495267033576965,170
synonym,7,last_label_token,10,0.29834890365600586,170
synonym,7,last_label_token,11,0.2974640727043152,170
synonym,7,last_label_token,12,0.319729208946228,170
synonym,7,last_label_token,13,0.30553555488586426,170
synonym,7,last_label_token,14,0.31523481011390686,170
synonym,7,last_label_token,15,0.32167524099349976,170
synonym,7,last_label_token,16,0.3371530771255493,170
synonym,7,last_label_token,17,0.3363014757633209,170
synonym,7,last_label_token,18,0.3449457883834839,170
synonym,7,last_label_token,19,0.345457524061203,170
synonym,7,last_label_token,20,0.3426995277404785,170
synonym,7,last_label_token,21,0.3554072678089142,170
synonym,7,last_label_token,22,0.3475049138069153,170
synonym,7,last_label_token,23,0.3424313962459564,170
synonym,7,last_label_token,24,0.33935001492500305,170
synonym,7,last_label_token,25,0.33300745487213135,170
synonym,7,last_label_token,26,0.32591453194618225,170
synonym,7,last_label_token,27,0.3131958544254303,170
synonym,7,last_label_token,28,0.32773131132125854,170
synonym,8,pre_label_token,0,7.040131458779797e-05,170
synonym,8,pre_label_token,1,0.12025541067123413,170
synonym,8,pre_label_token,2,0.10213954001665115,170
synonym,8,pre_label_token,3,0.08792772889137268,170
synonym,8,pre_label_token,4,0.1061384528875351,170
synonym,8,pre_label_token,5,0.16370072960853577,170
synonym,8,pre_label_token,6,0.21002957224845886,170
synonym,8,pre_label_token,7,0.2821781635284424,170
synonym,8,pre_label_token,8,0.2920251488685608,170
synonym,8,pre_label_token,9,0.3727605938911438,170
synonym,8,pre_label_token,10,0.4105280339717865,170
synonym,8,pre_label_token,11,0.4135309159755707,170
synonym,8,pre_label_token,12,0.4346379041671753,170
synonym,8,pre_label_token,13,0.44411036372184753,170
synonym,8,pre_label_token,14,0.4390207529067993,170
synonym,8,pre_label_token,15,0.42924872040748596,170
synonym,8,pre_label_token,16,0.47095987200737,170
synonym,8,pre_label_token,17,0.4640507996082306,170
synonym,8,pre_label_token,18,0.46148476004600525,170
synonym,8,pre_label_token,19,0.4392792284488678,170
synonym,8,pre_label_token,20,0.42151084542274475,170
synonym,8,pre_label_token,21,0.4244561493396759,170
synonym,8,pre_label_token,22,0.410500705242157,170
synonym,8,pre_label_token,23,0.3975788652896881,170
synonym,8,pre_label_token,24,0.3873153328895569,170
synonym,8,pre_label_token,25,0.37451353669166565,170
synonym,8,pre_label_token,26,0.3566988706588745,170
synonym,8,pre_label_token,27,0.32188886404037476,170
synonym,8,pre_label_token,28,0.3153306245803833,170
synonym,8,first_label_token,0,-3.7958932807669044e-05,170
synonym,8,first_label_token,1,0.13599996268749237,170
synonym,8,first_label_token,2,0.11968495696783066,170
synonym,8,first_label_token,3,0.11381281912326813,170
synonym,8,first_label_token,4,0.13615871965885162,170
synonym,8,first_label_token,5,0.16267161071300507,170
synonym,8,first_label_token,6,0.19328227639198303,170
synonym,8,first_label_token,7,0.22666293382644653,170
synonym,8,first_label_token,8,0.24131642282009125,170
synonym,8,first_label_token,9,0.2801875174045563,170
synonym,8,first_label_token,10,0.297076940536499,170
synonym,8,first_label_token,11,0.2981047034263611,170
synonym,8,first_label_token,12,0.31573086977005005,170
synonym,8,first_label_token,13,0.3007986843585968,170
synonym,8,first_label_token,14,0.30969351530075073,170
synonym,8,first_label_token,15,0.3143302798271179,170
synonym,8,first_label_token,16,0.3308442234992981,170
synonym,8,first_label_token,17,0.3292059004306793,170
synonym,8,first_label_token,18,0.3369008004665375,170
synonym,8,first_label_token,19,0.33713334798812866,170
synonym,8,first_label_token,20,0.3331463038921356,170
synonym,8,first_label_token,21,0.3479333817958832,170
synonym,8,first_label_token,22,0.339637815952301,170
synonym,8,first_label_token,23,0.33401837944984436,170
synonym,8,first_label_token,24,0.33032312989234924,170
synonym,8,first_label_token,25,0.32341843843460083,170
synonym,8,first_label_token,26,0.3130662739276886,170
synonym,8,first_label_token,27,0.3021102845668793,170
synonym,8,first_label_token,28,0.31795692443847656,170
synonym,8,last_label_token,0,-0.0004265442839823663,170
synonym,8,last_label_token,1,0.13566845655441284,170
synonym,8,last_label_token,2,0.11848319321870804,170
synonym,8,last_label_token,3,0.11570699512958527,170
synonym,8,last_label_token,4,0.13751395046710968,170
synonym,8,last_label_token,5,0.1628340184688568,170
synonym,8,last_label_token,6,0.19390730559825897,170
synonym,8,last_label_token,7,0.227668896317482,170
synonym,8,last_label_token,8,0.24283015727996826,170
synonym,8,last_label_token,9,0.2850979268550873,170
synonym,8,last_label_token,10,0.29828113317489624,170
synonym,8,last_label_token,11,0.29869580268859863,170
synonym,8,last_label_token,12,0.3192862868309021,170
synonym,8,last_label_token,13,0.3047415018081665,170
synonym,8,last_label_token,14,0.3143365681171417,170
synonym,8,last_label_token,15,0.32023322582244873,170
synonym,8,last_label_token,16,0.33624446392059326,170
synonym,8,last_label_token,17,0.33492445945739746,170
synonym,8,last_label_token,18,0.34297916293144226,170
synonym,8,last_label_token,19,0.3432728350162506,170
synonym,8,last_label_token,20,0.34010910987854004,170
synonym,8,last_label_token,21,0.35320404171943665,170
synonym,8,last_label_token,22,0.3451407253742218,170
synonym,8,last_label_token,23,0.3401436507701874,170
synonym,8,last_label_token,24,0.3368924856185913,170
synonym,8,last_label_token,25,0.3310844302177429,170
synonym,8,last_label_token,26,0.3234553039073944,170
synonym,8,last_label_token,27,0.31127041578292847,170
synonym,8,last_label_token,28,0.3256297707557678,170
synonym,9,pre_label_token,0,7.040131458779797e-05,170
synonym,9,pre_label_token,1,0.12042544037103653,170
synonym,9,pre_label_token,2,0.10235624760389328,170
synonym,9,pre_label_token,3,0.08804427832365036,170
synonym,9,pre_label_token,4,0.10537666082382202,170
synonym,9,pre_label_token,5,0.16498622298240662,170
synonym,9,pre_label_token,6,0.21219170093536377,170
synonym,9,pre_label_token,7,0.28377994894981384,170
synonym,9,pre_label_token,8,0.2916836142539978,170
synonym,9,pre_label_token,9,0.3743228316307068,170
synonym,9,pre_label_token,10,0.41239219903945923,170
synonym,9,pre_label_token,11,0.4173975884914398,170
synonym,9,pre_label_token,12,0.4388692080974579,170
synonym,9,pre_label_token,13,0.4487302899360657,170
synonym,9,pre_label_token,14,0.44070228934288025,170
synonym,9,pre_label_token,15,0.43072178959846497,170
synonym,9,pre_label_token,16,0.47102823853492737,170
synonym,9,pre_label_token,17,0.46401551365852356,170
synonym,9,pre_label_token,18,0.4617879390716553,170
synonym,9,pre_label_token,19,0.440365731716156,170
synonym,9,pre_label_token,20,0.4230690598487854,170
synonym,9,pre_label_token,21,0.42578157782554626,170
synonym,9,pre_label_token,22,0.41160351037979126,170
synonym,9,pre_label_token,23,0.39867204427719116,170
synonym,9,pre_label_token,24,0.388496994972229,170
synonym,9,pre_label_token,25,0.37563779950141907,170
synonym,9,pre_label_token,26,0.35827186703681946,170
synonym,9,pre_label_token,27,0.32241836190223694,170
synonym,9,pre_label_token,28,0.3156837821006775,170
synonym,9,first_label_token,0,0.0003942169714719057,170
synonym,9,first_label_token,1,0.13541673123836517,170
synonym,9,first_label_token,2,0.12009989470243454,170
synonym,9,first_label_token,3,0.11349675804376602,170
synonym,9,first_label_token,4,0.1357816755771637,170
synonym,9,first_label_token,5,0.16278259456157684,170
synonym,9,first_label_token,6,0.19392161071300507,170
synonym,9,first_label_token,7,0.2266400009393692,170
synonym,9,first_label_token,8,0.23994161188602448,170
synonym,9,first_label_token,9,0.2795911431312561,170
synonym,9,first_label_token,10,0.29491639137268066,170
synonym,9,first_label_token,11,0.2956022620201111,170
synonym,9,first_label_token,12,0.3144237697124481,170
synonym,9,first_label_token,13,0.3000417947769165,170
synonym,9,first_label_token,14,0.3091326653957367,170
synonym,9,first_label_token,15,0.3119172155857086,170
synonym,9,first_label_token,16,0.3278900682926178,170
synonym,9,first_label_token,17,0.32559436559677124,170
synonym,9,first_label_token,18,0.33285608887672424,170
synonym,9,first_label_token,19,0.33321818709373474,170
synonym,9,first_label_token,20,0.3296341300010681,170
synonym,9,first_label_token,21,0.34529173374176025,170
synonym,9,first_label_token,22,0.3369424343109131,170
synonym,9,first_label_token,23,0.33147814869880676,170
synonym,9,first_label_token,24,0.327625036239624,170
synonym,9,first_label_token,25,0.3207349181175232,170
synonym,9,first_label_token,26,0.31207409501075745,170
synonym,9,first_label_token,27,0.3005535900592804,170
synonym,9,first_label_token,28,0.3162969946861267,170
synonym,9,last_label_token,0,0.0008936214144341648,170
synonym,9,last_label_token,1,0.13524331152439117,170
synonym,9,last_label_token,2,0.11860894411802292,170
synonym,9,last_label_token,3,0.11581622809171677,170
synonym,9,last_label_token,4,0.1374565064907074,170
synonym,9,last_label_token,5,0.16324017941951752,170
synonym,9,last_label_token,6,0.19539472460746765,170
synonym,9,last_label_token,7,0.2282744199037552,170
synonym,9,last_label_token,8,0.24156472086906433,170
synonym,9,last_label_token,9,0.28287386894226074,170
synonym,9,last_label_token,10,0.2952030301094055,170
synonym,9,last_label_token,11,0.29622209072113037,170
synonym,9,last_label_token,12,0.3183531165122986,170
synonym,9,last_label_token,13,0.30413252115249634,170
synonym,9,last_label_token,14,0.31369665265083313,170
synonym,9,last_label_token,15,0.31802162528038025,170
synonym,9,last_label_token,16,0.3332575559616089,170
synonym,9,last_label_token,17,0.332095742225647,170
synonym,9,last_label_token,18,0.33968526124954224,170
synonym,9,last_label_token,19,0.34052255749702454,170
synonym,9,last_label_token,20,0.33799946308135986,170
synonym,9,last_label_token,21,0.3513011932373047,170
synonym,9,last_label_token,22,0.34355467557907104,170
synonym,9,last_label_token,23,0.33878353238105774,170
synonym,9,last_label_token,24,0.33575180172920227,170
synonym,9,last_label_token,25,0.3300563097000122,170
synonym,9,last_label_token,26,0.32328855991363525,170
synonym,9,last_label_token,27,0.31087005138397217,170
synonym,9,last_label_token,28,0.3252975344657898,170
synonym,10,pre_label_token,0,7.040131458779797e-05,170
synonym,10,pre_label_token,1,0.12026549130678177,170
synonym,10,pre_label_token,2,0.10175192356109619,170
synonym,10,pre_label_token,3,0.08773473650217056,170
synonym,10,pre_label_token,4,0.10550536215305328,170
synonym,10,pre_label_token,5,0.16496030986309052,170
synonym,10,pre_label_token,6,0.21124742925167084,170
synonym,10,pre_label_token,7,0.28340065479278564,170
synonym,10,pre_label_token,8,0.29076990485191345,170
synonym,10,pre_label_token,9,0.37485724687576294,170
synonym,10,pre_label_token,10,0.4108428955078125,170
synonym,10,pre_label_token,11,0.41630494594573975,170
synonym,10,pre_label_token,12,0.4385462701320648,170
synonym,10,pre_label_token,13,0.4480450451374054,170
synonym,10,pre_label_token,14,0.43774810433387756,170
synonym,10,pre_label_token,15,0.4281076192855835,170
synonym,10,pre_label_token,16,0.4688045382499695,170
synonym,10,pre_label_token,17,0.4619322419166565,170
synonym,10,pre_label_token,18,0.4596344828605652,170
synonym,10,pre_label_token,19,0.4385690689086914,170
synonym,10,pre_label_token,20,0.42199793457984924,170
synonym,10,pre_label_token,21,0.4250652492046356,170
synonym,10,pre_label_token,22,0.41140881180763245,170
synonym,10,pre_label_token,23,0.39848342537879944,170
synonym,10,pre_label_token,24,0.3886716067790985,170
synonym,10,pre_label_token,25,0.3760432004928589,170
synonym,10,pre_label_token,26,0.3583323061466217,170
synonym,10,pre_label_token,27,0.32370027899742126,170
synonym,10,pre_label_token,28,0.3167664408683777,170
synonym,10,first_label_token,0,-0.00029766917577944696,170
synonym,10,first_label_token,1,0.13659189641475677,170
synonym,10,first_label_token,2,0.12032674998044968,170
synonym,10,first_label_token,3,0.11378069221973419,170
synonym,10,first_label_token,4,0.13559219241142273,170
synonym,10,first_label_token,5,0.16272640228271484,170
synonym,10,first_label_token,6,0.1926863044500351,170
synonym,10,first_label_token,7,0.2271597534418106,170
synonym,10,first_label_token,8,0.23919403553009033,170
synonym,10,first_label_token,9,0.2813358008861542,170
synonym,10,first_label_token,10,0.29432985186576843,170
synonym,10,first_label_token,11,0.29367464780807495,170
synonym,10,first_label_token,12,0.31411486864089966,170
synonym,10,first_label_token,13,0.2977915108203888,170
synonym,10,first_label_token,14,0.30667802691459656,170
synonym,10,first_label_token,15,0.3101629912853241,170
synonym,10,first_label_token,16,0.3280068635940552,170
synonym,10,first_label_token,17,0.32581979036331177,170
synonym,10,first_label_token,18,0.3323638141155243,170
synonym,10,first_label_token,19,0.3336530923843384,170
synonym,10,first_label_token,20,0.3298923075199127,170
synonym,10,first_label_token,21,0.345567524433136,170
synonym,10,first_label_token,22,0.3375897705554962,170
synonym,10,first_label_token,23,0.3323225975036621,170
synonym,10,first_label_token,24,0.32862722873687744,170
synonym,10,first_label_token,25,0.3214205503463745,170
synonym,10,first_label_token,26,0.3123422861099243,170
synonym,10,first_label_token,27,0.30185577273368835,170
synonym,10,first_label_token,28,0.31763729453086853,170
synonym,10,last_label_token,0,0.0004468353290576488,170
synonym,10,last_label_token,1,0.13690342009067535,170
synonym,10,last_label_token,2,0.12038108706474304,170
synonym,10,last_label_token,3,0.11607219278812408,170
synonym,10,last_label_token,4,0.13742485642433167,170
synonym,10,last_label_token,5,0.1637377142906189,170
synonym,10,last_label_token,6,0.19419732689857483,170
synonym,10,last_label_token,7,0.22825506329536438,170
synonym,10,last_label_token,8,0.24024547636508942,170
synonym,10,last_label_token,9,0.28398773074150085,170
synonym,10,last_label_token,10,0.29469072818756104,170
synonym,10,last_label_token,11,0.2939983904361725,170
synonym,10,last_label_token,12,0.31678691506385803,170
synonym,10,last_label_token,13,0.3006656765937805,170
synonym,10,last_label_token,14,0.31028860807418823,170
synonym,10,last_label_token,15,0.31433409452438354,170
synonym,10,last_label_token,16,0.33203330636024475,170
synonym,10,last_label_token,17,0.33043092489242554,170
synonym,10,last_label_token,18,0.3371105492115021,170
synonym,10,last_label_token,19,0.3382887542247772,170
synonym,10,last_label_token,20,0.33520546555519104,170
synonym,10,last_label_token,21,0.3490581214427948,170
synonym,10,last_label_token,22,0.34123948216438293,170
synonym,10,last_label_token,23,0.3363315463066101,170
synonym,10,last_label_token,24,0.3332253098487854,170
synonym,10,last_label_token,25,0.3272371292114258,170
synonym,10,last_label_token,26,0.3200514614582062,170
synonym,10,last_label_token,27,0.30916035175323486,170
synonym,10,last_label_token,28,0.32328274846076965,170
synonym,10,last_prompt_token,0,7.040131458779797e-05,170
synonym,10,last_prompt_token,1,0.1202559545636177,170
synonym,10,last_prompt_token,2,0.1016279086470604,170
synonym,10,last_prompt_token,3,0.08737131953239441,170
synonym,10,last_prompt_token,4,0.10527734458446503,170
synonym,10,last_prompt_token,5,0.16612005233764648,170
synonym,10,last_prompt_token,6,0.21267904341220856,170
synonym,10,last_prompt_token,7,0.2840336561203003,170
synonym,10,last_prompt_token,8,0.29082754254341125,170
synonym,10,last_prompt_token,9,0.3763335645198822,170
synonym,10,last_prompt_token,10,0.41180339455604553,170
synonym,10,last_prompt_token,11,0.4175395667552948,170
synonym,10,last_prompt_token,12,0.4396090805530548,170
synonym,10,last_prompt_token,13,0.45042499899864197,170
synonym,10,last_prompt_token,14,0.4402841031551361,170
synonym,10,last_prompt_token,15,0.43167150020599365,170
synonym,10,last_prompt_token,16,0.4722149968147278,170
synonym,10,last_prompt_token,17,0.46547582745552063,170
synonym,10,last_prompt_token,18,0.4643012583255768,170
synonym,10,last_prompt_token,19,0.4426157474517822,170
synonym,10,last_prompt_token,20,0.425832062959671,170
synonym,10,last_prompt_token,21,0.42822256684303284,170
synonym,10,last_prompt_token,22,0.41443198919296265,170
synonym,10,last_prompt_token,23,0.4011516869068146,170
synonym,10,last_prompt_token,24,0.3910368084907532,170
synonym,10,last_prompt_token,25,0.37809303402900696,170
synonym,10,last_prompt_token,26,0.36053359508514404,170
synonym,10,last_prompt_token,27,0.3248056471347809,170
synonym,10,last_prompt_token,28,0.3165467083454132,170
