icl_example_index,token_role,layer,feature_dim,target_dim,best_alpha,cv_mse,alpha_pinned,train_sample_count,test_sample_count,train_mse,test_mse,train_mean_squared_l2,test_mean_squared_l2
1,pre_label_token,0,4096,4096,0.1,0.3663851320743561,True,3400,1530,0.3306626081466675,0.36728312423805787,1354.3939208984375,1504.3916870915032
1,pre_label_token,1,4096,4096,316227.7660168379,0.3234192430973053,False,3400,1530,0.18538622558116913,0.34103171778660196,759.3418579101562,1396.8658854166667
1,pre_label_token,2,4096,4096,316227.7660168379,0.31545376777648926,False,3400,1530,0.1744200587272644,0.33657416549383423,714.424560546875,1378.6078073937908
1,pre_label_token,3,4096,4096,31622.776601683792,0.3093821704387665,False,3400,1530,0.11505855619907379,0.34771569569905597,471.27984619140625,1424.2434742647058
1,pre_label_token,4,4096,4096,100000.0,0.30460092425346375,False,3400,1530,0.13180366158485413,0.3374055288975535,539.8677978515625,1382.0131076388889
1,pre_label_token,5,4096,4096,100000.0,0.30203449726104736,False,3400,1530,0.13060200214385986,0.3398322136573542,534.94580078125,1391.952752246732
1,pre_label_token,6,4096,4096,100000.0,0.3015703558921814,False,3400,1530,0.12761908769607544,0.33784734563889846,522.727783203125,1383.8227481617646
1,pre_label_token,7,4096,4096,100000.0,0.2991844117641449,False,3400,1530,0.12618272006511688,0.3366864335303213,516.8444213867188,1379.067590890523
1,pre_label_token,8,4096,4096,100000.0,0.29666322469711304,False,3400,1530,0.12569187581539154,0.3375886954513251,514.8339233398438,1382.763311887255
1,pre_label_token,9,4096,4096,100000.0,0.29674187302589417,False,3400,1530,0.12523819506168365,0.3341639624701606,512.9756469726562,1368.7355902777779
1,pre_label_token,10,4096,4096,100000.0,0.2958265244960785,False,3400,1530,0.12361665815114975,0.3321250479205761,506.33380126953125,1360.3842013888889
1,pre_label_token,11,4096,4096,100000.0,0.2941972613334656,False,3400,1530,0.12263689935207367,0.33010840945773656,502.32080078125,1352.1240910947713
1,pre_label_token,12,4096,4096,100000.0,0.29418984055519104,False,3400,1530,0.12157245725393295,0.33080153371773513,497.9607849121094,1354.9630872140524
1,pre_label_token,13,4096,4096,100000.0,0.291067898273468,False,3400,1530,0.11902933567762375,0.3312110589220633,487.5441589355469,1356.6404667075165
1,pre_label_token,14,4096,4096,100000.0,0.28922054171562195,False,3400,1530,0.1168675422668457,0.3325438555549173,478.689453125,1362.0996119281047
1,pre_label_token,15,4096,4096,100000.0,0.288780152797699,False,3400,1530,0.11743328720331192,0.33386540755726934,481.0067138671875,1367.5126991421569
1,pre_label_token,16,4096,4096,100000.0,0.28869786858558655,False,3400,1530,0.11779782176017761,0.3346935197418811,482.4998779296875,1370.9045955882352
1,pre_label_token,17,4096,4096,31622.776601683792,0.28812167048454285,False,3400,1530,0.09255857020616531,0.3393130034403084,379.1199035644531,1389.8260212418302
1,pre_label_token,18,4096,4096,31622.776601683792,0.28871530294418335,False,3400,1530,0.0926845371723175,0.3392509959102456,379.6358642578125,1389.5720639297385
1,pre_label_token,19,4096,4096,31622.776601683792,0.287898451089859,False,3400,1530,0.09218361228704453,0.33856116026834726,377.5840759277344,1386.746466503268
1,pre_label_token,20,4096,4096,31622.776601683792,0.2880910336971283,False,3400,1530,0.09227624535560608,0.3400094861298605,377.9635009765625,1392.6788858251634
1,pre_label_token,21,4096,4096,31622.776601683792,0.28776243329048157,False,3400,1530,0.09222155064344406,0.3390845217735939,377.7394714355469,1388.8901960784315
1,pre_label_token,22,4096,4096,31622.776601683792,0.28857147693634033,False,3400,1530,0.09277680516242981,0.3396568622464448,380.0137939453125,1391.2345230800654
1,pre_label_token,23,4096,4096,31622.776601683792,0.28832221031188965,False,3400,1530,0.0927463248372078,0.3395428788428213,379.888916015625,1390.7676470588235
1,pre_label_token,24,4096,4096,31622.776601683792,0.28834131360054016,False,3400,1530,0.09242843091487885,0.3394668441971922,378.5868225097656,1390.4562295751634
1,pre_label_token,25,4096,4096,31622.776601683792,0.28860315680503845,False,3400,1530,0.09240882843732834,0.33919431025685826,378.50653076171875,1389.3398999183007
1,pre_label_token,26,4096,4096,31622.776601683792,0.2890261113643646,False,3400,1530,0.09235891699790955,0.3389908360499962,378.3021240234375,1388.506454248366
1,pre_label_token,27,4096,4096,31622.776601683792,0.2889522910118103,False,3400,1530,0.09266822785139084,0.3387118308372747,379.5690612792969,1387.363684640523
1,pre_label_token,28,4096,4096,31622.776601683792,0.2902257740497589,False,3400,1530,0.0936400517821312,0.3391735912148469,383.5496520996094,1389.255024509804
1,first_label_token,0,4096,4096,31622.776601683792,0.31366801261901855,False,3400,1530,0.07762432843446732,0.3055189612644171,317.9492492675781,1251.4056398080065
1,first_label_token,1,4096,4096,31622.776601683792,0.2947775721549988,False,3400,1530,0.07082031667232513,0.302654748804429,290.08001708984375,1239.6738153594772
1,first_label_token,2,4096,4096,31622.776601683792,0.27579450607299805,False,3400,1530,0.06160261854529381,0.2862484732484506,252.32432556152344,1172.4737898284313
1,first_label_token,3,4096,4096,31622.776601683792,0.2733355760574341,False,3400,1530,0.059597164392471313,0.2889956792195638,244.11001586914062,1183.7263199550653
1,first_label_token,4,4096,4096,31622.776601683792,0.26581883430480957,False,3400,1530,0.05088306963443756,0.2828503166148865,208.41705322265625,1158.5549428104575
1,first_label_token,5,4096,4096,31622.776601683792,0.26005396246910095,False,3400,1530,0.04564565047621727,0.2778979918536018,186.96458435058594,1138.2701822916667
1,first_label_token,6,4096,4096,31622.776601683792,0.2584867775440216,False,3400,1530,0.04278017580509186,0.279314638274947,175.22760009765625,1144.0727175245097
1,first_label_token,7,4096,4096,31622.776601683792,0.2500835657119751,False,3400,1530,0.038548339158296585,0.2766497294108073,157.89401245117188,1133.1573171977125
1,first_label_token,8,4096,4096,31622.776601683792,0.24777525663375854,False,3400,1530,0.03735407814383507,0.2754613003699608,153.00230407714844,1128.2895220588234
1,first_label_token,9,4096,4096,31622.776601683792,0.2480185180902481,False,3400,1530,0.037861138582229614,0.27220372156380046,155.0792236328125,1114.9464511846404
1,first_label_token,10,4096,4096,31622.776601683792,0.24943996965885162,False,3400,1530,0.03800663352012634,0.2716859138089847,155.67515563964844,1112.8254621119281
1,first_label_token,11,4096,4096,31622.776601683792,0.24863173067569733,False,3400,1530,0.03774280101060867,0.2722228442921358,154.59451293945312,1115.024765114379
1,first_label_token,12,4096,4096,31622.776601683792,0.24961216747760773,False,3400,1530,0.03820967674255371,0.27318637511309457,156.50685119628906,1118.9713975694444
1,first_label_token,13,4096,4096,31622.776601683792,0.2501979172229767,False,3400,1530,0.03808754310011864,0.27313680711135363,156.00657653808594,1118.7683517156863
1,first_label_token,14,4096,4096,31622.776601683792,0.25060537457466125,False,3400,1530,0.03804349526762962,0.27315478231392654,155.82615661621094,1118.841983251634
1,first_label_token,15,4096,4096,31622.776601683792,0.25058457255363464,False,3400,1530,0.03810899332165718,0.27392551883373384,156.09442138671875,1121.998907271242
1,first_label_token,16,4096,4096,31622.776601683792,0.2513645589351654,False,3400,1530,0.03841618821024895,0.27391954309800093,157.3527069091797,1121.9744536356209
1,first_label_token,17,4096,4096,31622.776601683792,0.25219881534576416,False,3400,1530,0.03849468007683754,0.273636592291539,157.67420959472656,1120.8155126633987
1,first_label_token,18,4096,4096,31622.776601683792,0.25315168499946594,False,3400,1530,0.03894495591521263,0.27468672484354256,159.51853942871094,1125.116832618464
1,first_label_token,19,4096,4096,31622.776601683792,0.2546471059322357,False,3400,1530,0.039225053042173386,0.27632255803525835,160.6658172607422,1131.8172283496733
1,first_label_token,20,4096,4096,31622.776601683792,0.256458580493927,False,3400,1530,0.04000841826200485,0.27793341555626566,163.8744659423828,1138.4152956495097
1,first_label_token,21,4096,4096,31622.776601683792,0.25671201944351196,False,3400,1530,0.04032740741968155,0.27943379021937553,165.18106079101562,1144.5608047385622
1,first_label_token,22,4096,4096,31622.776601683792,0.25848686695098877,False,3400,1530,0.04099215939640999,0.28052258024028703,167.90391540527344,1149.0204631331699
1,first_label_token,23,4096,4096,31622.776601683792,0.25941887497901917,False,3400,1530,0.041564080864191055,0.28124382293302247,170.24647521972656,1151.9747063929738
1,first_label_token,24,4096,4096,31622.776601683792,0.25970107316970825,False,3400,1530,0.042115457355976105,0.28084687376333994,172.50491333007812,1150.3488000408497
1,first_label_token,25,4096,4096,31622.776601683792,0.2605229914188385,False,3400,1530,0.04221304878592491,0.2817531305200913,172.90463256835938,1154.0607919730392
1,first_label_token,26,4096,4096,31622.776601683792,0.2611544728279114,False,3400,1530,0.042386166751384735,0.28229750153286004,173.61373901367188,1156.2905637254903
1,first_label_token,27,4096,4096,31622.776601683792,0.2610354721546173,False,3400,1530,0.04267193004488945,0.2832657508600771,174.7842254638672,1160.2565614787582
1,first_label_token,28,4096,4096,31622.776601683792,0.2610059976577759,False,3400,1530,0.042876239866018295,0.28438965666527843,175.62106323242188,1164.8600285947712
1,last_label_token,0,4096,4096,31622.776601683792,0.2970432937145233,False,3400,1530,0.0571318157017231,0.3027490522347245,234.01190185546875,1240.0601409313726
1,last_label_token,1,4096,4096,31622.776601683792,0.2787172496318817,False,3400,1530,0.04789208620786667,0.301040535970451,196.1659698486328,1233.0620251225491
1,last_label_token,2,4096,4096,31622.776601683792,0.25985920429229736,False,3400,1530,0.03741642087697983,0.28967099033929167,153.25765991210938,1186.4923943014705
1,last_label_token,3,4096,4096,10000.0,0.2552471458911896,False,3400,1530,0.02150396816432476,0.2941865054610508,88.08025360107422,1204.9879442401962
1,last_label_token,4,4096,4096,10000.0,0.2428576797246933,False,3400,1530,0.016256561502814293,0.2782818775550992,66.58687591552734,1139.842595996732
1,last_label_token,5,4096,4096,10000.0,0.23569771647453308,False,3400,1530,0.013540179468691349,0.2730454606947556,55.4605827331543,1118.394265727124
1,last_label_token,6,4096,4096,31622.776601683792,0.2342754602432251,False,3400,1530,0.021838145330548286,0.2669771555981605,89.44904327392578,1093.5384599673203
1,last_label_token,7,4096,4096,31622.776601683792,0.22993746399879456,False,3400,1530,0.021156439557671547,0.2630034022861057,86.65677642822266,1077.2619434232026
1,last_label_token,8,4096,4096,31622.776601683792,0.22821567952632904,False,3400,1530,0.020024336874485016,0.26077480503157074,82.01968383789062,1068.13359375
1,last_label_token,9,4096,4096,31622.776601683792,0.2276892215013504,False,3400,1530,0.02018067240715027,0.2587878619923311,82.66004943847656,1059.9951337826797
1,last_label_token,10,4096,4096,31622.776601683792,0.22813425958156586,False,3400,1530,0.020069187507033348,0.25837960960039125,82.2033920288086,1058.3229064542484
1,last_label_token,11,4096,4096,31622.776601683792,0.22749187052249908,False,3400,1530,0.019842559471726418,0.2573920692493713,81.2751235961914,1054.277920751634
1,last_label_token,12,4096,4096,31622.776601683792,0.22817827761173248,False,3400,1530,0.01927579753100872,0.259294244978163,78.95365142822266,1062.069260620915
1,last_label_token,13,4096,4096,31622.776601683792,0.22831635177135468,False,3400,1530,0.0193998534232378,0.25870660333072437,79.4617919921875,1059.662247242647
1,last_label_token,14,4096,4096,31622.776601683792,0.22847838699817657,False,3400,1530,0.019405171275138855,0.25917505376479205,79.48358154296875,1061.5809819240196
1,last_label_token,15,4096,4096,31622.776601683792,0.22915460169315338,False,3400,1530,0.019445646554231644,0.26031448451522127,79.64936828613281,1066.2481694240196
1,last_label_token,16,4096,4096,31622.776601683792,0.23005828261375427,False,3400,1530,0.019356921315193176,0.2620290026945226,79.28594970703125,1073.270800142974
1,last_label_token,17,4096,4096,31622.776601683792,0.23146159946918488,False,3400,1530,0.019624954089522362,0.26228289261362914,80.38380432128906,1074.3106872957517
1,last_label_token,18,4096,4096,31622.776601683792,0.23245128989219666,False,3400,1530,0.01954796351492405,0.26324905445373137,80.06845092773438,1078.2681398080065
1,last_label_token,19,4096,4096,31622.776601683792,0.2342674732208252,False,3400,1530,0.019460191950201988,0.26312670240215225,79.70894622802734,1077.7669449550654
1,last_label_token,20,4096,4096,31622.776601683792,0.23548123240470886,False,3400,1530,0.019888486713171005,0.2641121334499783,81.46324157714844,1081.803293504902
1,last_label_token,21,4096,4096,31622.776601683792,0.236386239528656,False,3400,1530,0.020265713334083557,0.26606422374451083,83.00836181640625,1089.7990400326798
1,last_label_token,22,4096,4096,31622.776601683792,0.2378813922405243,False,3400,1530,0.020606055855751038,0.2677632899066202,84.40240478515625,1096.7584354575163
1,last_label_token,23,4096,4096,10000.0,0.23888738453388214,False,3400,1530,0.012520688585937023,0.27038440579682393,51.28474044799805,1107.4945057189543
1,last_label_token,24,4096,4096,10000.0,0.23935513198375702,False,3400,1530,0.012632359750568867,0.2702239616244447,51.742149353027344,1106.8373391544117
1,last_label_token,25,4096,4096,10000.0,0.23985780775547028,False,3400,1530,0.01260420959442854,0.27040796903223774,51.62684631347656,1107.5910437091504
1,last_label_token,26,4096,4096,10000.0,0.2400318682193756,False,3400,1530,0.012642711400985718,0.27130670609817004,51.7845458984375,1111.272247753268
1,last_label_token,27,4096,4096,10000.0,0.24036630988121033,False,3400,1530,0.012759232893586159,0.2714582193910686,52.261817932128906,1111.8928717320262
1,last_label_token,28,4096,4096,10000.0,0.24003757536411285,False,3400,1530,0.012875048443675041,0.27186188666649114,52.73619842529297,1113.5462928921568
2,pre_label_token,0,4096,4096,0.1,0.3663851320743561,True,3400,1530,0.3306626081466675,0.36728312423805787,1354.3939208984375,1504.3916870915032
2,pre_label_token,1,4096,4096,100000.0,0.30766597390174866,False,3400,1530,0.12784293293952942,0.32394368414785346,523.6446533203125,1326.8733302696078
2,pre_label_token,2,4096,4096,31622.776601683792,0.3049842119216919,False,3400,1530,0.08463460952043533,0.32385649961583757,346.6633605957031,1326.5162173202614
2,pre_label_token,3,4096,4096,10000.0,0.2823600471019745,False,3400,1530,0.049827851355075836,0.30930300195232713,204.09487915039062,1266.9051113153596
2,pre_label_token,4,4096,4096,10000.0,0.25109851360321045,False,3400,1530,0.03472278639674187,0.2932770735298107,142.2245330810547,1201.2628676470588
2,pre_label_token,5,4096,4096,31622.776601683792,0.2516988217830658,False,3400,1530,0.04514089971780777,0.28414649714052287,184.89710998535156,1163.8640165441177
2,pre_label_token,6,4096,4096,10000.0,0.2364024668931961,False,3400,1530,0.027097683399915695,0.2802070630142112,110.99211120605469,1147.7281045751633
2,pre_label_token,7,4096,4096,10000.0,0.2304992377758026,False,3400,1530,0.024784572422504425,0.27717979032229756,101.51760864257812,1135.3284415849673
2,pre_label_token,8,4096,4096,10000.0,0.22944091260433197,False,3400,1530,0.022567734122276306,0.2738644469018076,92.43743896484375,1121.7487694035947
2,pre_label_token,9,4096,4096,10000.0,0.22025200724601746,False,3400,1530,0.020069435238838196,0.26367212681988483,82.20441436767578,1080.0010723039215
2,pre_label_token,10,4096,4096,10000.0,0.21927492320537567,False,3400,1530,0.02026653289794922,0.2635936612397238,83.01171875,1079.679682393791
2,pre_label_token,11,4096,4096,10000.0,0.21860311925411224,False,3400,1530,0.02029462531208992,0.2636354957530701,83.12680053710938,1079.8510110294117
2,pre_label_token,12,4096,4096,10000.0,0.2175062596797943,False,3400,1530,0.019790897145867348,0.2623957540474686,81.06351470947266,1074.7730187908496
2,pre_label_token,13,4096,4096,31622.776601683792,0.21631039679050446,False,3400,1530,0.02719864435493946,0.2569649029401393,111.40564727783203,1052.5282832924836
2,pre_label_token,14,4096,4096,31622.776601683792,0.21729956567287445,False,3400,1530,0.02733912132680416,0.2571273890975254,111.98104095458984,1053.1938010620916
2,pre_label_token,15,4096,4096,31622.776601683792,0.21780967712402344,False,3400,1530,0.02685435861349106,0.25850746678371056,109.99545288085938,1058.8465788398694
2,pre_label_token,16,4096,4096,31622.776601683792,0.21809178590774536,False,3400,1530,0.026581989601254463,0.259381851495481,108.87982940673828,1062.4280790441176
2,pre_label_token,17,4096,4096,10000.0,0.21995170414447784,False,3400,1530,0.017923355102539062,0.2618337057774363,73.4140625,1072.4708792892156
2,pre_label_token,18,4096,4096,10000.0,0.22156575322151184,False,3400,1530,0.017792895436286926,0.2634472616357741,72.87969970703125,1079.079998978758
2,pre_label_token,19,4096,4096,10000.0,0.22309264540672302,False,3400,1530,0.01797330752015114,0.26350873186697366,73.61866760253906,1079.3317529616013
2,pre_label_token,20,4096,4096,10000.0,0.22573736310005188,False,3400,1530,0.0188231710344553,0.2655996310165505,77.0997085571289,1087.89609375
2,pre_label_token,21,4096,4096,10000.0,0.22844445705413818,False,3400,1530,0.019163135439157486,0.2662196639316534,78.49220275878906,1090.4357460171568
2,pre_label_token,22,4096,4096,10000.0,0.23062895238399506,False,3400,1530,0.01938556879758835,0.26643798179875794,79.40328979492188,1091.3299632352941
2,pre_label_token,23,4096,4096,10000.0,0.23218443989753723,False,3400,1530,0.019351854920387268,0.26763086630628,79.26520538330078,1096.2160743464053
2,pre_label_token,24,4096,4096,10000.0,0.23310455679893494,False,3400,1530,0.019320713356137276,0.2693282395406486,79.13763427734375,1103.1684895833334
2,pre_label_token,25,4096,4096,10000.0,0.23338428139686584,False,3400,1530,0.019298942759633064,0.27106992684158626,79.04846954345703,1110.302415236928
2,pre_label_token,26,4096,4096,10000.0,0.23364509642124176,False,3400,1530,0.01904236152768135,0.27071933497011275,77.99751281738281,1108.86640625
2,pre_label_token,27,4096,4096,10000.0,0.2350500524044037,False,3400,1530,0.01918683759868145,0.2731700884750466,78.58928680419922,1118.9046670751634
2,pre_label_token,28,4096,4096,3162.2776601683795,0.23675504326820374,False,3400,1530,0.012612827122211456,0.27560010174520655,51.662139892578125,1128.858021854575
2,first_label_token,0,4096,4096,31622.776601683792,0.3140162527561188,False,3400,1530,0.07890527695417404,0.3063672140532849,323.19598388671875,1254.8800755718955
2,first_label_token,1,4096,4096,31622.776601683792,0.2937517762184143,False,3400,1530,0.07135624438524246,0.3042402354720371,292.27520751953125,1246.1680249183007
2,first_label_token,2,4096,4096,31622.776601683792,0.27833864092826843,False,3400,1530,0.06143491342663765,0.2948135195214764,251.63742065429688,1207.5561861723857
2,first_label_token,3,4096,4096,31622.776601683792,0.27560776472091675,False,3400,1530,0.05886867642402649,0.2959858782151166,241.1260986328125,1212.3581622753268
2,first_label_token,4,4096,4096,31622.776601683792,0.26238900423049927,False,3400,1530,0.04739225655794144,0.2854867455226923,194.11866760253906,1169.3536739174835
2,first_label_token,5,4096,4096,10000.0,0.2468186616897583,False,3400,1530,0.024942677468061447,0.27573246114394245,102.16520690917969,1129.4001429738562
2,first_label_token,6,4096,4096,10000.0,0.24333228170871735,False,3400,1530,0.021816108375787735,0.274433287452249,89.35877990722656,1124.0787581699346
2,first_label_token,7,4096,4096,10000.0,0.23869554698467255,False,3400,1530,0.0195130817592144,0.27097244200363657,79.92558288574219,1109.9031275531045
2,first_label_token,8,4096,4096,10000.0,0.23481766879558563,False,3400,1530,0.018605949357151985,0.2690565981896095,76.20996856689453,1102.0558440563725
2,first_label_token,9,4096,4096,31622.776601683792,0.23063050210475922,False,3400,1530,0.02941608987748623,0.2598494155734193,120.4883041381836,1064.3431959763072
2,first_label_token,10,4096,4096,31622.776601683792,0.22860513627529144,False,3400,1530,0.028961867094039917,0.25893518161150364,118.6278076171875,1060.598503880719
2,first_label_token,11,4096,4096,31622.776601683792,0.2268592119216919,False,3400,1530,0.027865231037139893,0.25646103503657325,114.135986328125,1050.464399509804
2,first_label_token,12,4096,4096,31622.776601683792,0.22632460296154022,False,3400,1530,0.027912823483347893,0.25670683243695425,114.33092498779297,1051.4711882148692
2,first_label_token,13,4096,4096,31622.776601683792,0.22481171786785126,False,3400,1530,0.02644445188343525,0.25536367378982844,108.31648254394531,1045.9696180555557
2,first_label_token,14,4096,4096,31622.776601683792,0.22437097132205963,False,3400,1530,0.025595773011446,0.2559188288021711,104.84028625488281,1048.243540645425
2,first_label_token,15,4096,4096,10000.0,0.22300052642822266,False,3400,1530,0.015308230184018612,0.25696349362142723,62.7025146484375,1052.5224902982027
2,first_label_token,16,4096,4096,10000.0,0.22334858775138855,False,3400,1530,0.015075743198394775,0.2579506319332746,61.750244140625,1056.5657858455882
2,first_label_token,17,4096,4096,10000.0,0.22410045564174652,False,3400,1530,0.014859448187053204,0.2580321106256223,60.864295959472656,1056.899555759804
2,first_label_token,18,4096,4096,10000.0,0.22531667351722717,False,3400,1530,0.014756923541426659,0.2591726240768931,60.444358825683594,1061.5710375816993
2,first_label_token,19,4096,4096,10000.0,0.22665008902549744,False,3400,1530,0.014722505584359169,0.26174586551641327,60.303382873535156,1072.111039624183
2,first_label_token,20,4096,4096,10000.0,0.22763492166996002,False,3400,1530,0.014468271285295486,0.26340162177491033,59.26203536987305,1078.8930759803923
2,first_label_token,21,4096,4096,10000.0,0.22783930599689484,False,3400,1530,0.014569981023669243,0.26383133620218513,59.67864227294922,1080.6531198937907
2,first_label_token,22,4096,4096,10000.0,0.22974681854248047,False,3400,1530,0.01466800831258297,0.2640998964995341,60.080162048339844,1081.7531709558823
2,first_label_token,23,4096,4096,10000.0,0.23097045719623566,False,3400,1530,0.014738536439836025,0.2647409613615547,60.369049072265625,1084.3789981617647
2,first_label_token,24,4096,4096,10000.0,0.23169144988059998,False,3400,1530,0.014839623123407364,0.2650364956824608,60.78309631347656,1085.5895220588236
2,first_label_token,25,4096,4096,10000.0,0.23212166130542755,False,3400,1530,0.014791092835366726,0.2668303396187577,60.58431625366211,1092.937091503268
2,first_label_token,26,4096,4096,10000.0,0.2332386076450348,False,3400,1530,0.014849064871668816,0.2674368116590712,60.8217658996582,1095.4211754493465
2,first_label_token,27,4096,4096,10000.0,0.2337529957294464,False,3400,1530,0.015015888959169388,0.2688670476277669,61.50508117675781,1101.2794219771242
2,first_label_token,28,4096,4096,10000.0,0.2343732714653015,False,3400,1530,0.015323938801884651,0.27124515608245253,62.766849517822266,1111.0201542075163
2,last_label_token,0,4096,4096,31622.776601683792,0.29675978422164917,False,3400,1530,0.05870090052485466,0.30294632631189683,240.4388885498047,1240.8681474673203
2,last_label_token,1,4096,4096,31622.776601683792,0.2767735421657562,False,3400,1530,0.04823832958936691,0.30062730078603705,197.58421325683594,1231.3694393382352
2,last_label_token,2,4096,4096,31622.776601683792,0.26173681020736694,False,3400,1530,0.03834674507379532,0.29340368968988556,157.06826782226562,1201.7815231821896
2,last_label_token,3,4096,4096,31622.776601683792,0.2573871314525604,False,3400,1530,0.035868726670742035,0.293551676257763,146.91830444335938,1202.3876582924836
2,last_label_token,4,4096,4096,10000.0,0.2439507097005844,False,3400,1530,0.01670227199792862,0.28433817944495504,68.41250610351562,1164.6492136437907
2,last_label_token,5,4096,4096,10000.0,0.2363051176071167,False,3400,1530,0.014488765969872475,0.2732314720652462,59.345985412597656,1119.1561019199346
2,last_label_token,6,4096,4096,10000.0,0.23373113572597504,False,3400,1530,0.013785065151751041,0.26998773213305505,56.463626861572266,1105.869740604575
2,last_label_token,7,4096,4096,31622.776601683792,0.228573277592659,False,3400,1530,0.022561220452189445,0.2568440630545024,92.41075897216797,1052.0332720588235
2,last_label_token,8,4096,4096,31622.776601683792,0.2249065339565277,False,3400,1530,0.021394679322838783,0.25328345703922844,87.63259887695312,1037.4490655637255
2,last_label_token,9,4096,4096,31622.776601683792,0.22220443189144135,False,3400,1530,0.021108010783791542,0.2511434642318027,86.45841217041016,1028.683629493464
2,last_label_token,10,4096,4096,31622.776601683792,0.2212042510509491,False,3400,1530,0.021059129387140274,0.2518685022989909,86.25819396972656,1031.653400735294
2,last_label_token,11,4096,4096,31622.776601683792,0.2204827219247818,False,3400,1530,0.02046535164117813,0.24989452050402275,83.82608032226562,1023.5679432189543
2,last_label_token,12,4096,4096,31622.776601683792,0.2194637656211853,False,3400,1530,0.01962359808385372,0.24946538202123705,80.37825775146484,1021.8102149714052
2,last_label_token,13,4096,4096,31622.776601683792,0.21855133771896362,False,3400,1530,0.019291071221232414,0.2493778047997967,79.01622772216797,1021.4514910130719
2,last_label_token,14,4096,4096,31622.776601683792,0.21839451789855957,False,3400,1530,0.01908310502767563,0.2505228335561316,78.16439056396484,1026.1415160334968
2,last_label_token,15,4096,4096,31622.776601683792,0.21779759228229523,False,3400,1530,0.018765321001410484,0.25207784877103917,76.86275482177734,1032.5108940972223
2,last_label_token,16,4096,4096,31622.776601683792,0.2183201014995575,False,3400,1530,0.018635282292962074,0.2530957807902417,76.33011627197266,1036.6802696078432
2,last_label_token,17,4096,4096,31622.776601683792,0.21871452033519745,False,3400,1530,0.018511461094021797,0.2539131706836177,75.82294464111328,1040.028377757353
2,last_label_token,18,4096,4096,31622.776601683792,0.21973836421966553,False,3400,1530,0.018165314570069313,0.25425575231414993,74.4051284790039,1041.431561478758
2,last_label_token,19,4096,4096,31622.776601683792,0.22131386399269104,False,3400,1530,0.01795489713549614,0.2551464803857741,73.54325866699219,1045.0799836601307
2,last_label_token,20,4096,4096,31622.776601683792,0.22182908654212952,False,3400,1530,0.017923684790730476,0.256069178363077,73.41541290283203,1048.8593494689542
2,last_label_token,21,4096,4096,31622.776601683792,0.22273501753807068,False,3400,1530,0.018109306693077087,0.25710850509942745,74.17572021484375,1053.1164573120916
2,last_label_token,22,4096,4096,31622.776601683792,0.224116250872612,False,3400,1530,0.01818692497909069,0.2580630458258336,74.49364471435547,1057.0262459150326
2,last_label_token,23,4096,4096,10000.0,0.22513701021671295,False,3400,1530,0.010923941619694233,0.2598441404454848,44.74446487426758,1064.3216145833333
2,last_label_token,24,4096,4096,10000.0,0.225483700633049,False,3400,1530,0.01094562467187643,0.26024787316914477,44.83327865600586,1065.9752604166667
2,last_label_token,25,4096,4096,10000.0,0.22568006813526154,False,3400,1530,0.010905587114393711,0.26197343153112074,44.669281005859375,1073.0431653390524
2,last_label_token,26,4096,4096,10000.0,0.22612294554710388,False,3400,1530,0.010897750034928322,0.26278058968338314,44.637184143066406,1076.3492978962418
2,last_label_token,27,4096,4096,10000.0,0.22658677399158478,False,3400,1530,0.010960212908685207,0.2636605150559369,44.89303207397461,1079.9534747753269
2,last_label_token,28,4096,4096,10000.0,0.22702696919441223,False,3400,1530,0.011089295148849487,0.26447301316105465,45.4217529296875,1083.2814465890524
3,pre_label_token,0,4096,4096,0.1,0.3663851320743561,True,3400,1530,0.3306626081466675,0.36728312423805787,1354.3939208984375,1504.3916870915032
3,pre_label_token,1,4096,4096,100000.0,0.2992487847805023,False,3400,1530,0.10983707010746002,0.32827180475970497,449.89263916015625,1344.601296977124
3,pre_label_token,2,4096,4096,10000.0,0.3021213114261627,False,3400,1530,0.04840012267231941,0.3207567451826108,198.2469024658203,1313.819597630719
3,pre_label_token,3,4096,4096,10000.0,0.2785882353782654,False,3400,1530,0.039297182112932205,0.3038956174663469,160.9612579345703,1244.7564389297386
3,pre_label_token,4,4096,4096,10000.0,0.24424736201763153,False,3400,1530,0.027702730149030685,0.2909957287358303,113.47039794921875,1191.918474264706
3,pre_label_token,5,4096,4096,10000.0,0.24192212522029877,False,3400,1530,0.02318139187991619,0.28297578275593277,94.95098114013672,1159.0688265931371
3,pre_label_token,6,4096,4096,10000.0,0.22969770431518555,False,3400,1530,0.020649708807468414,0.27699979021658305,84.58120727539062,1134.5911560457516
3,pre_label_token,7,4096,4096,31622.776601683792,0.22356022894382477,False,3400,1530,0.02863929606974125,0.2706534092722375,117.30655670166016,1108.5963592728758
3,pre_label_token,8,4096,4096,31622.776601683792,0.2207612246274948,False,3400,1530,0.026705989614129066,0.2647106507245232,109.38773345947266,1084.254850898693
3,pre_label_token,9,4096,4096,31622.776601683792,0.21165020763874054,False,3400,1530,0.023727567866444588,0.24814091165081348,97.1881103515625,1016.3851894403595
3,pre_label_token,10,4096,4096,31622.776601683792,0.20848041772842407,False,3400,1530,0.023214008659124374,0.24513852113212636,95.0845718383789,1004.087362132353
3,pre_label_token,11,4096,4096,31622.776601683792,0.2065587043762207,False,3400,1530,0.022670947015285492,0.24594489203559028,92.86019897460938,1007.3903237336601
3,pre_label_token,12,4096,4096,31622.776601683792,0.20502056181430817,False,3400,1530,0.021931223571300507,0.24474798339644288,89.83029174804688,1002.4877195669935
3,pre_label_token,13,4096,4096,31622.776601683792,0.20415063202381134,False,3400,1530,0.01859413832426071,0.24215981975879544,76.16159057617188,991.8866191789216
3,pre_label_token,14,4096,4096,31622.776601683792,0.20512142777442932,False,3400,1530,0.018985586240887642,0.243214786753935,77.76496124267578,996.2077716503268
3,pre_label_token,15,4096,4096,31622.776601683792,0.20623695850372314,False,3400,1530,0.018553579226136208,0.2441466574575387,75.99546813964844,1000.0247191584967
3,pre_label_token,16,4096,4096,31622.776601683792,0.20616768300533295,False,3400,1530,0.018117759376764297,0.24452568378323822,74.2103500366211,1001.5771905637255
3,pre_label_token,17,4096,4096,31622.776601683792,0.2078534960746765,False,3400,1530,0.019291136413812637,0.24631829355277268,79.01648712158203,1008.9197201797385
3,pre_label_token,18,4096,4096,10000.0,0.20951850712299347,False,3400,1530,0.01193283498287201,0.2499570310505387,48.87689208984375,1023.824014501634
3,pre_label_token,19,4096,4096,10000.0,0.21198545396327972,False,3400,1530,0.012066464871168137,0.2515356662226658,49.42424392700195,1030.2900888480392
3,pre_label_token,20,4096,4096,10000.0,0.2160426676273346,False,3400,1530,0.012620308436453342,0.25322831721087685,51.692787170410156,1037.2231770833334
3,pre_label_token,21,4096,4096,10000.0,0.21938598155975342,False,3400,1530,0.01294771023094654,0.2546706174713334,53.03382110595703,1043.1308670343137
3,pre_label_token,22,4096,4096,10000.0,0.22299319505691528,False,3400,1530,0.013131493702530861,0.25544467876160065,53.786598205566406,1046.3014093137256
3,pre_label_token,23,4096,4096,10000.0,0.22539983689785004,False,3400,1530,0.013238574378192425,0.25596191057192735,54.22520065307617,1048.4199908088235
3,pre_label_token,24,4096,4096,10000.0,0.22678598761558533,False,3400,1530,0.013306807726621628,0.2579393100115209,54.50468444824219,1056.5194393382353
3,pre_label_token,25,4096,4096,10000.0,0.2271968126296997,False,3400,1530,0.01328421849757433,0.25898819780038074,54.41215896606445,1060.8156990400328
3,pre_label_token,26,4096,4096,10000.0,0.22802403569221497,False,3400,1530,0.013155469670891762,0.2592490570217955,53.884803771972656,1061.8841503267975
3,pre_label_token,27,4096,4096,10000.0,0.2289385199546814,False,3400,1530,0.013347157277166843,0.2613598137899162,54.66995620727539,1070.5298151552288
3,pre_label_token,28,4096,4096,10000.0,0.23136742413043976,False,3400,1530,0.013848741538822651,0.2627955555136687,56.724449157714844,1076.410600490196
3,first_label_token,0,4096,4096,31622.776601683792,0.31174319982528687,False,3400,1530,0.07583776861429214,0.3088822782429215,310.6315002441406,1265.181821895425
3,first_label_token,1,4096,4096,31622.776601683792,0.29175812005996704,False,3400,1530,0.06851593405008316,0.3056404163634855,280.6412658691406,1251.903112234477
3,first_label_token,2,4096,4096,31622.776601683792,0.27571991086006165,False,3400,1530,0.058265574276447296,0.29542642231860194,238.65579223632812,1210.0666104983661
3,first_label_token,3,4096,4096,31622.776601683792,0.2730998694896698,False,3400,1530,0.055947914719581604,0.29618976817411535,229.1626434326172,1213.1933210784314
3,first_label_token,4,4096,4096,31622.776601683792,0.2556971609592438,False,3400,1530,0.04340669512748718,0.283359212189718,177.7938232421875,1160.6393535539216
3,first_label_token,5,4096,4096,10000.0,0.24151891469955444,False,3400,1530,0.022404681891202927,0.27332681082432564,91.76957702636719,1119.5466196895425
3,first_label_token,6,4096,4096,10000.0,0.23631706833839417,False,3400,1530,0.018963634967803955,0.2688244227490394,77.675048828125,1101.1048100490195
3,first_label_token,7,4096,4096,10000.0,0.2304190993309021,False,3400,1530,0.016872817650437355,0.2637183843874464,69.1110610961914,1080.1904973447713
3,first_label_token,8,4096,4096,10000.0,0.22553189098834991,False,3400,1530,0.015745289623737335,0.26162808736165366,64.49270629882812,1071.628640727124
3,first_label_token,9,4096,4096,10000.0,0.22217686474323273,False,3400,1530,0.014951454475522041,0.2548554158678242,61.24114990234375,1043.8877910539215
3,first_label_token,10,4096,4096,31622.776601683792,0.22023622691631317,False,3400,1530,0.023869797587394714,0.24962924508487477,97.77069091796875,1022.4813827614379
3,first_label_token,11,4096,4096,31622.776601683792,0.21810458600521088,False,3400,1530,0.02272365242242813,0.24723524330488217,93.0760726928711,1012.6755514705883
3,first_label_token,12,4096,4096,10000.0,0.21741928160190582,False,3400,1530,0.013350313529372215,0.24959543265548406,54.682884216308594,1022.3429279003268
3,first_label_token,13,4096,4096,10000.0,0.21680907905101776,False,3400,1530,0.012707234360277653,0.24918579712412717,52.048831939697266,1020.6650428921569
3,first_label_token,14,4096,4096,10000.0,0.21689940989017487,False,3400,1530,0.012295280583202839,0.24958375481998218,50.36146926879883,1022.2950571895425
3,first_label_token,15,4096,4096,10000.0,0.21628707647323608,False,3400,1530,0.012013657949864864,0.25048306159723815,49.207942962646484,1025.9786100898693
3,first_label_token,16,4096,4096,10000.0,0.2164987325668335,False,3400,1530,0.011923044919967651,0.25138512904347937,48.8367919921875,1029.6734860089869
3,first_label_token,17,4096,4096,10000.0,0.21777936816215515,False,3400,1530,0.011830143630504608,0.25205409168417936,48.45627212524414,1032.4135646446077
3,first_label_token,18,4096,4096,10000.0,0.21849320828914642,False,3400,1530,0.01175073441118002,0.25273506625805026,48.13100814819336,1035.202805861928
3,first_label_token,19,4096,4096,10000.0,0.21994292736053467,False,3400,1530,0.011732500046491623,0.2544762492959016,48.05632019042969,1042.3347324346405
3,first_label_token,20,4096,4096,10000.0,0.22169987857341766,False,3400,1530,0.011584855616092682,0.25535175410750643,47.451568603515625,1045.920787377451
3,first_label_token,21,4096,4096,10000.0,0.22178155183792114,False,3400,1530,0.01165915746241808,0.2562557133194668,47.75590896606445,1049.623406862745
3,first_label_token,22,4096,4096,10000.0,0.22373904287815094,False,3400,1530,0.01175063569098711,0.2572470272288603,48.1306037902832,1053.6838235294117
3,first_label_token,23,4096,4096,10000.0,0.2249263972043991,False,3400,1530,0.011828492395579815,0.25827925937627655,48.44950485229492,1057.9118642769608
3,first_label_token,24,4096,4096,10000.0,0.22567035257816315,False,3400,1530,0.011921033263206482,0.25984976961721784,48.828556060791016,1064.3446844362745
3,first_label_token,25,4096,4096,10000.0,0.22654099762439728,False,3400,1530,0.011911367066204548,0.26101482241761453,48.78895950317383,1069.1167126225491
3,first_label_token,26,4096,4096,10000.0,0.2276693433523178,False,3400,1530,0.012046669609844685,0.26225138832541073,49.34315872192383,1074.1816687091502
3,first_label_token,27,4096,4096,10000.0,0.228322833776474,False,3400,1530,0.012195629067718983,0.26376574709524514,49.95329666137695,1080.3845358455883
3,first_label_token,28,4096,4096,10000.0,0.22957070171833038,False,3400,1530,0.012519584968686104,0.2653363782595965,51.28022003173828,1086.8178257761438
3,last_label_token,0,4096,4096,31622.776601683792,0.2971692681312561,False,3400,1530,0.057838186621665955,0.3045510454115525,236.9051971435547,1247.4411381740197
3,last_label_token,1,4096,4096,31622.776601683792,0.2762817144393921,False,3400,1530,0.04796425998210907,0.3000171474381989,196.4616241455078,1228.8702410130718
3,last_label_token,2,4096,4096,31622.776601683792,0.2619627118110657,False,3400,1530,0.03835330531001091,0.28928588667726207,157.0951385498047,1184.9149867238561
3,last_label_token,3,4096,4096,31622.776601683792,0.258100688457489,False,3400,1530,0.03584370017051697,0.2917861427356994,146.8157958984375,1195.1560304330064
3,last_label_token,4,4096,4096,10000.0,0.24116742610931396,False,3400,1530,0.01647046022117138,0.281152757632187,67.46300506591797,1151.6017258986928
3,last_label_token,5,4096,4096,10000.0,0.2323182076215744,False,3400,1530,0.014210693538188934,0.272097624984442,58.207000732421875,1114.5118974673203
3,last_label_token,6,4096,4096,10000.0,0.22833310067653656,False,3400,1530,0.013210974633693695,0.267762539433498,54.11215591430664,1096.7553283292484
3,last_label_token,7,4096,4096,31622.776601683792,0.22298021614551544,False,3400,1530,0.021599246188998222,0.25337967716790494,88.47051239013672,1037.8431576797386
3,last_label_token,8,4096,4096,31622.776601683792,0.21877308189868927,False,3400,1530,0.0202439334243536,0.24990710464178348,82.91915130615234,1023.6195031658497
3,last_label_token,9,4096,4096,31622.776601683792,0.21614523231983185,False,3400,1530,0.01938672550022602,0.2467236861683964,79.40802764892578,1010.5802185457517
3,last_label_token,10,4096,4096,31622.776601683792,0.21568775177001953,False,3400,1530,0.019046280533075333,0.2474116630803526,78.01356506347656,1013.3981821895425
3,last_label_token,11,4096,4096,31622.776601683792,0.21475861966609955,False,3400,1530,0.018363190814852715,0.2450349608277963,75.21562957763672,1003.6631740196078
3,last_label_token,12,4096,4096,31622.776601683792,0.21431365609169006,False,3400,1530,0.01747206598520279,0.2446057905558667,71.56558990478516,1001.9052925857843
3,last_label_token,13,4096,4096,31622.776601683792,0.21358652412891388,False,3400,1530,0.017097678035497665,0.2445826330995248,70.03208923339844,1001.8104524101307
3,last_label_token,14,4096,4096,31622.776601683792,0.21373900771141052,False,3400,1530,0.01688593626022339,0.24560204611884223,69.164794921875,1005.9859528186274
3,last_label_token,15,4096,4096,31622.776601683792,0.21363143622875214,False,3400,1530,0.01666112057864666,0.24695124532662185,68.24394989013672,1011.5122880923202
3,last_label_token,16,4096,4096,31622.776601683792,0.21378932893276215,False,3400,1530,0.016676314175128937,0.24787232891406888,68.30618286132812,1015.2850439133987
3,last_label_token,17,4096,4096,31622.776601683792,0.21469266712665558,False,3400,1530,0.01658080518245697,0.24868732153200634,67.91497802734375,1018.6232638888889
3,last_label_token,18,4096,4096,31622.776601683792,0.2153344750404358,False,3400,1530,0.016254231333732605,0.24841010149787454,66.57733154296875,1017.4878089256536
3,last_label_token,19,4096,4096,31622.776601683792,0.21685776114463806,False,3400,1530,0.01609298400580883,0.2491400413263857,65.91685485839844,1020.4776296977125
3,last_label_token,20,4096,4096,31622.776601683792,0.21740181744098663,False,3400,1530,0.01603327877819538,0.249436566720601,65.67230224609375,1021.6921721813726
3,last_label_token,21,4096,4096,31622.776601683792,0.21810996532440186,False,3400,1530,0.016107890754938126,0.2499533192005033,65.97792053222656,1023.8087571486928
3,last_label_token,22,4096,4096,31622.776601683792,0.2195757031440735,False,3400,1530,0.016135307028889656,0.25117479523802116,66.09021759033203,1028.8119842728759
3,last_label_token,23,4096,4096,10000.0,0.22057098150253296,False,3400,1530,0.009634376503527164,0.2526049694983788,39.46240234375,1034.6699652777777
3,last_label_token,24,4096,4096,10000.0,0.22124148905277252,False,3400,1530,0.009653288871049881,0.2535623139026118,39.53986358642578,1038.591237745098
3,last_label_token,25,4096,4096,10000.0,0.22185608744621277,False,3400,1530,0.009604777209460735,0.25463394214904383,39.34116744995117,1042.9806576797387
3,last_label_token,26,4096,4096,10000.0,0.222502663731575,False,3400,1530,0.009623699821531773,0.25574840159198037,39.41867446899414,1047.545481004902
3,last_label_token,27,4096,4096,10000.0,0.22319017350673676,False,3400,1530,0.009649781510233879,0.2564323375427645,39.52550506591797,1050.3468341503267
3,last_label_token,28,4096,4096,10000.0,0.2237546741962433,False,3400,1530,0.00976022332906723,0.25706695606505947,39.977874755859375,1052.9462520424836
4,pre_label_token,0,4096,4096,0.1,0.3663851320743561,True,3400,1530,0.3306626081466675,0.36728312423805787,1354.3939208984375,1504.3916870915032
4,pre_label_token,1,4096,4096,100000.0,0.28882455825805664,False,3400,1530,0.09566619247198105,0.3320668638142106,391.8487243652344,1360.1458078022877
4,pre_label_token,2,4096,4096,10000.0,0.2930492162704468,False,3400,1530,0.04095325246453285,0.32112429375741997,167.74452209472656,1315.325132761438
4,pre_label_token,3,4096,4096,10000.0,0.2761627733707428,False,3400,1530,0.03405919671058655,0.3033072465385487,139.5064697265625,1242.3464818218954
4,pre_label_token,4,4096,4096,3162.2776601683795,0.2410324215888977,False,3400,1530,0.016777006909251213,0.2869173461315679,68.71862030029297,1175.2134599673202
4,pre_label_token,5,4096,4096,10000.0,0.23626624047756195,False,3400,1530,0.01944144442677498,0.2763893925286586,79.63215637207031,1132.090931372549
4,pre_label_token,6,4096,4096,3162.2776601683795,0.22341704368591309,False,3400,1530,0.011376465670764446,0.27553632898268354,46.59800338745117,1128.5967984068627
4,pre_label_token,7,4096,4096,31622.776601683792,0.21937045454978943,False,3400,1530,0.02466568537056446,0.2646709579268312,101.03064727783203,1084.0922334558823
4,pre_label_token,8,4096,4096,31622.776601683792,0.21630319952964783,False,3400,1530,0.02301626279950142,0.25970021790149167,94.27461242675781,1063.732097630719
4,pre_label_token,9,4096,4096,31622.776601683792,0.20666183531284332,False,3400,1530,0.020230567082762718,0.24195139641855276,82.8644027709961,991.0329350490196
4,pre_label_token,10,4096,4096,31622.776601683792,0.20362131297588348,False,3400,1530,0.019823016598820686,0.23785460852330026,81.195068359375,974.252481617647
4,pre_label_token,11,4096,4096,31622.776601683792,0.2017701119184494,False,3400,1530,0.019103841856122017,0.23784294440076242,78.24934387207031,974.2047257965686
4,pre_label_token,12,4096,4096,31622.776601683792,0.20095433294773102,False,3400,1530,0.01847699098289013,0.23703184252470927,75.68175506591797,970.8824193218954
4,pre_label_token,13,4096,4096,31622.776601683792,0.20028504729270935,False,3400,1530,0.01552185695618391,0.23509860069923152,63.5775260925293,962.9638786764706
4,pre_label_token,14,4096,4096,31622.776601683792,0.20163372159004211,False,3400,1530,0.015933310613036156,0.2379150203630036,65.2628402709961,974.4999080882353
4,pre_label_token,15,4096,4096,31622.776601683792,0.20291493833065033,False,3400,1530,0.01550782285630703,0.23868514042274624,63.520042419433594,977.6543760212418
4,pre_label_token,16,4096,4096,31622.776601683792,0.2027529627084732,False,3400,1530,0.015087679028511047,0.23928386463838466,61.79913330078125,980.1066967933007
4,pre_label_token,17,4096,4096,31622.776601683792,0.20442982017993927,False,3400,1530,0.016223851591348648,0.24138258080077327,66.45289611816406,988.7030509599673
4,pre_label_token,18,4096,4096,10000.0,0.20651401579380035,False,3400,1530,0.009852444753050804,0.2455021390727922,40.35560989379883,1005.5767999387255
4,pre_label_token,19,4096,4096,10000.0,0.2093992829322815,False,3400,1530,0.009977663867175579,0.24701821196312998,40.86851119995117,1011.7866013071896
4,pre_label_token,20,4096,4096,10000.0,0.21453382074832916,False,3400,1530,0.010476689785718918,0.24854333353977578,42.91252136230469,1018.0334941789216
4,pre_label_token,21,4096,4096,10000.0,0.21784448623657227,False,3400,1530,0.010730886831879616,0.2503033101948258,43.953712463378906,1025.2423483455882
4,pre_label_token,22,4096,4096,10000.0,0.22203463315963745,False,3400,1530,0.010928146541118622,0.25134956260132635,44.761688232421875,1029.527787990196
4,pre_label_token,23,4096,4096,10000.0,0.2251208871603012,False,3400,1530,0.011042455211281776,0.2520024873072805,45.229896545410156,1032.202170138889
4,pre_label_token,24,4096,4096,10000.0,0.22703145444393158,False,3400,1530,0.011144641786813736,0.2538971520716848,45.64845275878906,1039.9627272263072
4,pre_label_token,25,4096,4096,10000.0,0.22732208669185638,False,3400,1530,0.011103135533630848,0.25479554070366756,45.47844314575195,1043.6425398284314
4,pre_label_token,26,4096,4096,10000.0,0.22783023118972778,False,3400,1530,0.010971439070999622,0.2559349122390248,44.93901443481445,1048.3093801062091
4,pre_label_token,27,4096,4096,10000.0,0.22886590659618378,False,3400,1530,0.011162416078150272,0.2590509140413571,45.721256256103516,1061.0725388071896
4,pre_label_token,28,4096,4096,10000.0,0.2314869910478592,False,3400,1530,0.011620096862316132,0.2610297695484037,47.595916748046875,1069.1779462826798
4,first_label_token,0,4096,4096,31622.776601683792,0.3118623197078705,False,3400,1530,0.07623328268527985,0.3099776024911918,312.25152587890625,1269.6682470383987
4,first_label_token,1,4096,4096,31622.776601683792,0.29038524627685547,False,3400,1530,0.0677265152335167,0.3047960094377106,277.4078063964844,1248.4444750816992
4,first_label_token,2,4096,4096,31622.776601683792,0.27442842721939087,False,3400,1530,0.05713682994246483,0.29485953711216745,234.03245544433594,1207.7446537990197
4,first_label_token,3,4096,4096,31622.776601683792,0.27097928524017334,False,3400,1530,0.05457993969321251,0.29643291772580616,223.55943298339844,1214.1892488766339
4,first_label_token,4,4096,4096,10000.0,0.2515502870082855,False,3400,1530,0.02504190243780613,0.28479443095088786,102.57164001464844,1166.518004493464
4,first_label_token,5,4096,4096,10000.0,0.2374916970729828,False,3400,1530,0.020700188353657722,0.26981517380359127,84.78797149658203,1105.162944240196
4,first_label_token,6,4096,4096,10000.0,0.23126822710037231,False,3400,1530,0.017190847545862198,0.265142688875884,70.41370391845703,1086.0244740604576
4,first_label_token,7,4096,4096,10000.0,0.22601249814033508,False,3400,1530,0.015243608504533768,0.26078550176682813,62.43782043457031,1068.1774050245099
4,first_label_token,8,4096,4096,10000.0,0.2209300398826599,False,3400,1530,0.014206460677087307,0.2573390474506453,58.18966293334961,1054.0606975081698
4,first_label_token,9,4096,4096,10000.0,0.21751238405704498,False,3400,1530,0.013348566368222237,0.2506104157641043,54.67573165893555,1026.5002272263073
4,first_label_token,10,4096,4096,10000.0,0.21576516330242157,False,3400,1530,0.012610065750777721,0.2492041363435633,51.65082931518555,1020.7401296977124
4,first_label_token,11,4096,4096,10000.0,0.2145662158727646,False,3400,1530,0.011974412016570568,0.24678631826163897,49.04719161987305,1010.8367698120915
4,first_label_token,12,4096,4096,10000.0,0.2141643911600113,False,3400,1530,0.011677813716232777,0.24770328671324487,47.83232498168945,1014.5926572712418
4,first_label_token,13,4096,4096,10000.0,0.21374747157096863,False,3400,1530,0.011051755398511887,0.24679871789770189,45.26799011230469,1010.8875204248366
4,first_label_token,14,4096,4096,10000.0,0.21448685228824615,False,3400,1530,0.010641246102750301,0.24789748472325943,43.586544036865234,1015.3881025326798
4,first_label_token,15,4096,4096,10000.0,0.21444697678089142,False,3400,1530,0.010487127117812634,0.2482499951630636,42.95527267456055,1016.8319852941177
4,first_label_token,16,4096,4096,10000.0,0.21456150710582733,False,3400,1530,0.010476033203303814,0.24936205920051127,42.90983200073242,1021.3869842728758
4,first_label_token,17,4096,4096,10000.0,0.21573038399219513,False,3400,1530,0.010446276515722275,0.2497467975990445,42.7879524230957,1022.9628702001634
4,first_label_token,18,4096,4096,10000.0,0.21633611619472504,False,3400,1530,0.010394248180091381,0.2508881512810202,42.5748405456543,1027.6378957312093
4,first_label_token,19,4096,4096,10000.0,0.21797093749046326,False,3400,1530,0.010437105782330036,0.2522884175668355,42.75038528442383,1033.3733430351308
4,first_label_token,20,4096,4096,10000.0,0.21989715099334717,False,3400,1530,0.010269532911479473,0.25314495173934237,42.06400680541992,1036.881742749183
4,first_label_token,21,4096,4096,10000.0,0.22008267045021057,False,3400,1530,0.01035828236490488,0.25433957467671314,42.42752456665039,1041.7749080882354
4,first_label_token,22,4096,4096,10000.0,0.22214215993881226,False,3400,1530,0.01045872550457716,0.2551925908506306,42.83893966674805,1045.2688674428105
4,first_label_token,23,4096,4096,10000.0,0.22344167530536652,False,3400,1530,0.01054293755441904,0.2562826424642326,43.183868408203125,1049.7336831086602
4,first_label_token,24,4096,4096,10000.0,0.2240486443042755,False,3400,1530,0.010642912238836288,0.2579050625071806,43.5933723449707,1056.3791258169936
4,first_label_token,25,4096,4096,10000.0,0.22481119632720947,False,3400,1530,0.010621017776429653,0.2588756311952678,43.503684997558594,1060.3545828227125
4,first_label_token,26,4096,4096,10000.0,0.2258729338645935,False,3400,1530,0.010729512199759483,0.25988136116975274,43.948081970214844,1064.474019607843
4,first_label_token,27,4096,4096,10000.0,0.2267524003982544,False,3400,1530,0.010921978391706944,0.2616783254286822,44.736427307128906,1071.8344209558823
4,first_label_token,28,4096,4096,10000.0,0.22776421904563904,False,3400,1530,0.011255546472966671,0.26344452402950114,46.10272216796875,1079.0687704248367
4,last_label_token,0,4096,4096,31622.776601683792,0.2957650125026703,False,3400,1530,0.05678689107298851,0.30458357006895775,232.59910583496094,1247.574236621732
4,last_label_token,1,4096,4096,31622.776601683792,0.2742040455341339,False,3400,1530,0.0468924455344677,0.2979528938243592,192.07144165039062,1220.415017361111
4,last_label_token,2,4096,4096,31622.776601683792,0.25875124335289,False,3400,1530,0.03705603629350662,0.2892983081294041,151.78152465820312,1184.9658624387255
4,last_label_token,3,4096,4096,31622.776601683792,0.25424325466156006,False,3400,1530,0.03454895317554474,0.2915324454214059,141.51251220703125,1194.116911764706
4,last_label_token,4,4096,4096,10000.0,0.23867502808570862,False,3400,1530,0.015822676941752434,0.2830778795130113,64.80967712402344,1159.4869842728758
4,last_label_token,5,4096,4096,10000.0,0.2311011403799057,False,3400,1530,0.013882611878216267,0.2724358022602555,56.86317825317383,1115.897030739379
4,last_label_token,6,4096,4096,10000.0,0.22628431022167206,False,3400,1530,0.012824948877096176,0.2656257267870934,52.53098678588867,1088.0029667075164
4,last_label_token,7,4096,4096,31622.776601683792,0.22120024263858795,False,3400,1530,0.021035602316260338,0.2513590881247926,86.16183471679688,1029.5668377246732
4,last_label_token,8,4096,4096,31622.776601683792,0.21721519529819489,False,3400,1530,0.01978628896176815,0.24793323816037646,81.04463195800781,1015.5345869076798
4,last_label_token,9,4096,4096,31622.776601683792,0.2141612321138382,False,3400,1530,0.018570462241768837,0.24482538185867608,76.06461334228516,1002.804753880719
4,last_label_token,10,4096,4096,31622.776601683792,0.2135532945394516,False,3400,1530,0.01795591227710247,0.24537805856442918,73.54741668701172,1005.0685483047386
4,last_label_token,11,4096,4096,31622.776601683792,0.21260270476341248,False,3400,1530,0.017372693866491318,0.24367642496146408,71.15856170654297,998.0986315359477
4,last_label_token,12,4096,4096,31622.776601683792,0.2125585377216339,False,3400,1530,0.016538644209504128,0.24376997293210498,67.7422866821289,998.4817784926471
4,last_label_token,13,4096,4096,31622.776601683792,0.21193034946918488,False,3400,1530,0.016054565086960793,0.2433062715468064,65.7594985961914,996.5824754901961
4,last_label_token,14,4096,4096,31622.776601683792,0.21230435371398926,False,3400,1530,0.015776995569467545,0.24411475860994625,64.62257385253906,999.894056372549
4,last_label_token,15,4096,4096,31622.776601683792,0.212319478392601,False,3400,1530,0.015613541938364506,0.24532481424169603,63.95306396484375,1004.8504544526144
4,last_label_token,16,4096,4096,31622.776601683792,0.21231020987033844,False,3400,1530,0.015609623864293098,0.24632064220952052,63.93701934814453,1008.9293658088235
4,last_label_token,17,4096,4096,31622.776601683792,0.21314552426338196,False,3400,1530,0.015529138036072254,0.24720376831254148,63.60734558105469,1012.546604370915
4,last_label_token,18,4096,4096,31622.776601683792,0.21344740688800812,False,3400,1530,0.015187418088316917,0.24697828666836608,62.207664489746094,1011.6230264501634
4,last_label_token,19,4096,4096,10000.0,0.21494068205356598,False,3400,1530,0.008792346343398094,0.2493182518902947,36.013450622558594,1021.2075699550653
4,last_label_token,20,4096,4096,10000.0,0.21558938920497894,False,3400,1530,0.00871035736054182,0.24933241613550125,35.6776237487793,1021.2655790441177
4,last_label_token,21,4096,4096,10000.0,0.21625283360481262,False,3400,1530,0.00877482071518898,0.24904190886254404,35.94166564941406,1020.0756535947712
4,last_label_token,22,4096,4096,10000.0,0.21769849956035614,False,3400,1530,0.008779498748481274,0.2500724487055361,35.9608268737793,1024.296732026144
4,last_label_token,23,4096,4096,10000.0,0.21861077845096588,False,3400,1530,0.008775380440056324,0.2502392338771446,35.9439582824707,1024.9798764297386
4,last_label_token,24,4096,4096,10000.0,0.21915759146213531,False,3400,1530,0.008789882063865662,0.250961938247182,36.00335693359375,1027.9400684232025
4,last_label_token,25,4096,4096,10000.0,0.21989218890666962,False,3400,1530,0.008720424957573414,0.25188755209929026,35.7188606262207,1031.7313929738561
4,last_label_token,26,4096,4096,10000.0,0.22050556540489197,False,3400,1530,0.008714141324162483,0.2526629341973199,35.69312286376953,1034.9073784722223
4,last_label_token,27,4096,4096,10000.0,0.22132524847984314,False,3400,1530,0.008756257593631744,0.2536392486173343,35.865631103515625,1038.9063265931372
4,last_label_token,28,4096,4096,31622.776601683792,0.22193311154842377,False,3400,1530,0.015309366397559643,0.25293203740338094,62.7071647644043,1036.0096252042483
5,pre_label_token,0,4096,4096,0.1,0.3663851320743561,True,3400,1530,0.3306626081466675,0.36728312423805787,1354.3939208984375,1504.3916870915032
5,pre_label_token,1,4096,4096,100000.0,0.2920401990413666,False,3400,1530,0.08435609191656113,0.3322735169354607,345.5225524902344,1360.9923151552287
5,pre_label_token,2,4096,4096,100000.0,0.29027259349823,False,3400,1530,0.08078428357839584,0.3087437124813304,330.8923645019531,1264.6142412173203
5,pre_label_token,3,4096,4096,3162.2776601683795,0.27458158135414124,False,3400,1530,0.020956115797162056,0.30196485581740834,85.83623504638672,1236.8479779411764
5,pre_label_token,4,4096,4096,3162.2776601683795,0.2411065399646759,False,3400,1530,0.015301513485610485,0.28616658379049864,62.67499923706055,1172.1383272058824
5,pre_label_token,5,4096,4096,31622.776601683792,0.23517808318138123,False,3400,1530,0.026500806212425232,0.2715690164005055,108.54730224609375,1112.3466094771243
5,pre_label_token,6,4096,4096,3162.2776601683795,0.2224358320236206,False,3400,1530,0.009991956874728203,0.2720497654933555,40.92705535888672,1114.3158139297386
5,pre_label_token,7,4096,4096,31622.776601683792,0.217006653547287,False,3400,1530,0.022129569202661514,0.2608083631478104,90.64271545410156,1068.2710477941177
5,pre_label_token,8,4096,4096,31622.776601683792,0.2137780785560608,False,3400,1530,0.020605862140655518,0.2562769098219529,84.401611328125,1049.7101894403595
5,pre_label_token,9,4096,4096,31622.776601683792,0.2039993703365326,False,3400,1530,0.01793399453163147,0.23766996159273035,73.4576416015625,973.4961397058823
5,pre_label_token,10,4096,4096,31622.776601683792,0.20099082589149475,False,3400,1530,0.017500190064311028,0.23336442062278198,71.68077850341797,955.8606515522875
5,pre_label_token,11,4096,4096,31622.776601683792,0.19987903535366058,False,3400,1530,0.016691751778125763,0.23329036313723894,68.36941528320312,955.5573478349673
5,pre_label_token,12,4096,4096,31622.776601683792,0.19965440034866333,False,3400,1530,0.016272488981485367,0.23269353816711824,66.6521224975586,953.1127578635621
5,pre_label_token,13,4096,4096,31622.776601683792,0.19923652708530426,False,3400,1530,0.013790934346616268,0.23106813991771025,56.4876708984375,946.4551036560457
5,pre_label_token,14,4096,4096,31622.776601683792,0.20094698667526245,False,3400,1530,0.014321209862828255,0.234099320181055,58.65967559814453,958.8708078022876
5,pre_label_token,15,4096,4096,31622.776601683792,0.20228467881679535,False,3400,1530,0.013995273038744926,0.23523976195092294,57.32463836669922,963.5420828227125
5,pre_label_token,16,4096,4096,31622.776601683792,0.2024332731962204,False,3400,1530,0.013551600277423859,0.23610790103089577,55.507354736328125,967.0979728349673
5,pre_label_token,17,4096,4096,31622.776601683792,0.20382647216320038,False,3400,1530,0.01469437126070261,0.23842653885386347,60.188140869140625,976.5951337826798
5,pre_label_token,18,4096,4096,31622.776601683792,0.2062685787677765,False,3400,1530,0.014382698573172092,0.24080049976024753,58.91153335571289,986.3188623366013
5,pre_label_token,19,4096,4096,31622.776601683792,0.20930500328540802,False,3400,1530,0.014623853377997875,0.24265195372837042,59.8993034362793,993.9023539624183
5,pre_label_token,20,4096,4096,10000.0,0.21403902769088745,False,3400,1530,0.009367581456899643,0.24589408301060495,38.36961364746094,1007.1821793300653
5,pre_label_token,21,4096,4096,10000.0,0.21716883778572083,False,3400,1530,0.009644683450460434,0.24796656814276002,39.504615783691406,1015.6710784313725
5,pre_label_token,22,4096,4096,10000.0,0.221487358212471,False,3400,1530,0.009874182753264904,0.24878838607688356,40.44464874267578,1019.0372089460784
5,pre_label_token,23,4096,4096,10000.0,0.22446438670158386,False,3400,1530,0.00999944843351841,0.2495094218285255,40.957740783691406,1021.990642871732
5,pre_label_token,24,4096,4096,10000.0,0.22617599368095398,False,3400,1530,0.010121302679181099,0.2511223325542375,41.45685577392578,1028.5970537173203
5,pre_label_token,25,4096,4096,10000.0,0.22694699466228485,False,3400,1530,0.010082365944981575,0.25252540937436174,41.29737091064453,1034.3440767973857
5,pre_label_token,26,4096,4096,10000.0,0.22770258784294128,False,3400,1530,0.0099272346124053,0.25357253380071104,40.661956787109375,1038.6330958946078
5,pre_label_token,27,4096,4096,10000.0,0.2286439836025238,False,3400,1530,0.010128213092684746,0.25640848633510616,41.48516082763672,1050.2491600285948
5,pre_label_token,28,4096,4096,10000.0,0.2314428836107254,False,3400,1530,0.010555901564657688,0.25817900264964383,43.23697280883789,1057.5011948529411
5,first_label_token,0,4096,4096,100000.0,0.3164394795894623,False,3400,1530,0.11741749197244644,0.3083943454268711,480.9420471191406,1263.1832465277778
5,first_label_token,1,4096,4096,31622.776601683792,0.29501983523368835,False,3400,1530,0.06829753518104553,0.30718298519358916,279.7467041015625,1258.221502246732
5,first_label_token,2,4096,4096,31622.776601683792,0.2770400047302246,False,3400,1530,0.05676659196615219,0.29303348267000484,232.5159454345703,1200.2651552287582
5,first_label_token,3,4096,4096,31622.776601683792,0.2726805806159973,False,3400,1530,0.05416285619139671,0.29459610421673144,221.85105895996094,1206.6656632965687
5,first_label_token,4,4096,4096,10000.0,0.25070515275001526,False,3400,1530,0.02389969304203987,0.2810724919138391,97.89314270019531,1151.2729115604575
5,first_label_token,5,4096,4096,10000.0,0.23517794907093048,False,3400,1530,0.01947496272623539,0.2688409169514974,79.76943969726562,1101.1723754084967
5,first_label_token,6,4096,4096,10000.0,0.2290216088294983,False,3400,1530,0.016083206981420517,0.2639363843631121,65.87681579589844,1081.0834507761438
5,first_label_token,7,4096,4096,10000.0,0.22392788529396057,False,3400,1530,0.014264614321291447,0.260334320317686,58.427860260009766,1066.3293913398693
5,first_label_token,8,4096,4096,10000.0,0.218351349234581,False,3400,1530,0.013274616561830044,0.2568065911336662,54.37282943725586,1051.8798228145424
5,first_label_token,9,4096,4096,10000.0,0.21520547568798065,False,3400,1530,0.012401056475937366,0.2492421050476872,50.79473114013672,1020.8956775939542
5,first_label_token,10,4096,4096,10000.0,0.2134312093257904,False,3400,1530,0.011575637385249138,0.24680962905385137,47.4138069152832,1010.932199754902
5,first_label_token,11,4096,4096,31622.776601683792,0.21251460909843445,False,3400,1530,0.01919347420334816,0.24334128573049907,78.61647033691406,996.7258782679738
5,first_label_token,12,4096,4096,10000.0,0.21222899854183197,False,3400,1530,0.010663503780961037,0.24507481444115733,43.677711486816406,1003.8264552696079
5,first_label_token,13,4096,4096,10000.0,0.21186348795890808,False,3400,1530,0.010132945142686367,0.24445639217601103,41.50454330444336,1001.2933823529412
5,first_label_token,14,4096,4096,10000.0,0.21296276152133942,False,3400,1530,0.009823490865528584,0.2458695667241913,40.23701477050781,1007.0816738153595
5,first_label_token,15,4096,4096,10000.0,0.21286797523498535,False,3400,1530,0.009720837697386742,0.24605668198828604,39.816551208496094,1007.8481541053922
5,first_label_token,16,4096,4096,10000.0,0.21294055879116058,False,3400,1530,0.00971768144518137,0.24738411498225593,39.803619384765625,1013.2853247549019
5,first_label_token,17,4096,4096,10000.0,0.2141098976135254,False,3400,1530,0.009730234742164612,0.24838358561197918,39.85504150390625,1017.3791564542483
5,first_label_token,18,4096,4096,10000.0,0.21474520862102509,False,3400,1530,0.009698022156953812,0.24963749280942032,39.72309875488281,1022.5151756535947
5,first_label_token,19,4096,4096,10000.0,0.21655230224132538,False,3400,1530,0.009795041754841805,0.251264790304346,40.12049102783203,1029.180547896242
5,first_label_token,20,4096,4096,10000.0,0.21875004470348358,False,3400,1530,0.009700707159936428,0.25213255290112463,39.73409652709961,1032.7349060457516
5,first_label_token,21,4096,4096,10000.0,0.2189793586730957,False,3400,1530,0.009774048812687397,0.2533655640346552,40.03450393676758,1037.7853707107843
5,first_label_token,22,4096,4096,10000.0,0.2209189087152481,False,3400,1530,0.00988257210701704,0.25446821349898197,40.4790153503418,1042.301815257353
5,first_label_token,23,4096,4096,10000.0,0.22205913066864014,False,3400,1530,0.00996936671435833,0.2553498810412837,40.83452606201172,1045.913112745098
5,first_label_token,24,4096,4096,10000.0,0.22255770862102509,False,3400,1530,0.010052303783595562,0.2569580439648597,41.17423629760742,1052.5001582924835
5,first_label_token,25,4096,4096,10000.0,0.22369565069675446,False,3400,1530,0.010042312555015087,0.2580101873360428,41.13330841064453,1056.8097273284313
5,first_label_token,26,4096,4096,10000.0,0.22464026510715485,False,3400,1530,0.010125566273927689,0.25926338519925385,41.47431945800781,1061.9427951388889
5,first_label_token,27,4096,4096,10000.0,0.22577355802059174,False,3400,1530,0.010313880629837513,0.2613340390273948,42.24565505981445,1070.4242136437908
5,first_label_token,28,4096,4096,10000.0,0.22699931263923645,False,3400,1530,0.010646887123584747,0.2631923189350203,43.60964584350586,1078.0357638888888
5,last_label_token,0,4096,4096,31622.776601683792,0.29873594641685486,False,3400,1530,0.05719349905848503,0.30518388124852397,234.2645721435547,1250.0331444035949
5,last_label_token,1,4096,4096,31622.776601683792,0.27596670389175415,False,3400,1530,0.04706482216715813,0.3005149429919673,192.77752685546875,1230.9092218137255
5,last_label_token,2,4096,4096,31622.776601683792,0.26101064682006836,False,3400,1530,0.037119846791028976,0.28824073941099876,152.04290771484375,1180.634037990196
5,last_label_token,3,4096,4096,31622.776601683792,0.25559619069099426,False,3400,1530,0.034680116921663284,0.2893993963603101,142.04977416992188,1185.3799070669934
5,last_label_token,4,4096,4096,10000.0,0.2397354692220688,False,3400,1530,0.015635836869478226,0.27950313730177534,64.04438781738281,1144.8448401756536
5,last_label_token,5,4096,4096,10000.0,0.2301793396472931,False,3400,1530,0.013533856719732285,0.2695650088241677,55.43467330932617,1104.1383067810457
5,last_label_token,6,4096,4096,10000.0,0.2252395749092102,False,3400,1530,0.01238510012626648,0.2642327788608526,50.7293701171875,1082.2974571078432
5,last_label_token,7,4096,4096,31622.776601683792,0.21924370527267456,False,3400,1530,0.020276136696338654,0.24945572497797946,83.05105590820312,1021.7706495098039
5,last_label_token,8,4096,4096,31622.776601683792,0.21486297249794006,False,3400,1530,0.01897660829126835,0.24611182368658727,77.72818756103516,1008.0740042892157
5,last_label_token,9,4096,4096,31622.776601683792,0.21210631728172302,False,3400,1530,0.017686165869235992,0.24323032291886074,72.44253540039062,996.2713771446079
5,last_label_token,10,4096,4096,31622.776601683792,0.2117532193660736,False,3400,1530,0.017120813950896263,0.24381637822568805,70.1268539428711,998.6718341503268
5,last_label_token,11,4096,4096,31622.776601683792,0.2111208736896515,False,3400,1530,0.016549138352274895,0.24226852367126864,67.78527069091797,992.3318627450981
5,last_label_token,12,4096,4096,31622.776601683792,0.21128982305526733,False,3400,1530,0.01579275354743004,0.24202463112625422,64.68711853027344,991.3328993055555
5,last_label_token,13,4096,4096,31622.776601683792,0.2106521725654602,False,3400,1530,0.015379968099296093,0.2414860831366645,62.9963493347168,989.1269633374183
5,last_label_token,14,4096,4096,31622.776601683792,0.2113521248102188,False,3400,1530,0.015134761109948158,0.24252862182317997,61.991981506347656,993.3972758374183
5,last_label_token,15,4096,4096,31622.776601683792,0.2114509791135788,False,3400,1530,0.015010859817266464,0.24340240503448288,61.48448181152344,996.976273999183
5,last_label_token,16,4096,4096,31622.776601683792,0.21152450144290924,False,3400,1530,0.015012823976576328,0.24424389421550277,61.49252700805664,1000.4229753880719
5,last_label_token,17,4096,4096,31622.776601683792,0.21244972944259644,False,3400,1530,0.014965008944272995,0.24523690167595358,61.29667663574219,1004.4903364991831
5,last_label_token,18,4096,4096,10000.0,0.2126774936914444,False,3400,1530,0.008475219830870628,0.2466990078196806,34.714500427246094,1010.4791309232027
5,last_label_token,19,4096,4096,10000.0,0.2142145335674286,False,3400,1530,0.008416078053414822,0.24700886096829683,34.47225570678711,1011.748299632353
5,last_label_token,20,4096,4096,10000.0,0.2151772677898407,False,3400,1530,0.008359589613974094,0.2470984328026865,34.240875244140625,1012.1151858660131
5,last_label_token,21,4096,4096,10000.0,0.21587510406970978,False,3400,1530,0.008411185815930367,0.24675070943396077,34.45221710205078,1010.6908700980392
5,last_label_token,22,4096,4096,10000.0,0.21709983050823212,False,3400,1530,0.008414550684392452,0.24773580139758541,34.465999603271484,1014.7258374183007
5,last_label_token,23,4096,4096,10000.0,0.2180951088666916,False,3400,1530,0.008411838673055172,0.24789763244928098,34.454891204833984,1015.3887178308823
5,last_label_token,24,4096,4096,10000.0,0.21839149296283722,False,3400,1530,0.00842491164803505,0.2488163293576708,34.5084342956543,1019.1517080269608
5,last_label_token,25,4096,4096,10000.0,0.21905195713043213,False,3400,1530,0.00835538748651743,0.24973487480013978,34.22366714477539,1022.9140420751634
5,last_label_token,26,4096,4096,10000.0,0.21950827538967133,False,3400,1530,0.00834520161151886,0.25066911971646977,34.18194580078125,1026.7407092524509
5,last_label_token,27,4096,4096,10000.0,0.22041353583335876,False,3400,1530,0.008378323167562485,0.2516642177806181,34.31761169433594,1030.816623263889
5,last_label_token,28,4096,4096,10000.0,0.2208634912967682,False,3400,1530,0.008493113331496716,0.252216438218659,34.78778839111328,1033.078528390523
6,pre_label_token,0,4096,4096,0.1,0.3663851320743561,True,3400,1530,0.3306626081466675,0.36728312423805787,1354.3939208984375,1504.3916870915032
6,pre_label_token,1,4096,4096,100000.0,0.29005712270736694,False,3400,1530,0.07870874553918839,0.33325900283514287,322.3910217285156,1365.0288756127452
6,pre_label_token,2,4096,4096,10000.0,0.2870654761791229,False,3400,1530,0.03357241675257683,0.31291812073950676,137.5126190185547,1281.7126327614378
6,pre_label_token,3,4096,4096,3162.2776601683795,0.26657211780548096,False,3400,1530,0.019117359071969986,0.30631407195446536,78.30470275878906,1254.6624029820262
6,pre_label_token,4,4096,4096,10000.0,0.239454984664917,False,3400,1530,0.020589560270309448,0.28243558671739366,84.3348388671875,1156.8561734068628
6,pre_label_token,5,4096,4096,31622.776601683792,0.2319338321685791,False,3400,1530,0.02434263378381729,0.26947653652016634,99.7074203491211,1103.7758629493464
6,pre_label_token,6,4096,4096,31622.776601683792,0.22085724771022797,False,3400,1530,0.02259036712348461,0.2642636928683013,92.53014373779297,1082.4240247140524
6,pre_label_token,7,4096,4096,31622.776601683792,0.2150140255689621,False,3400,1530,0.020482290536165237,0.2591619628706789,83.89545440673828,1061.5274050245098
6,pre_label_token,8,4096,4096,31622.776601683792,0.21187005937099457,False,3400,1530,0.019079336896538734,0.25472485411400886,78.14896392822266,1043.3530024509803
6,pre_label_token,9,4096,4096,31622.776601683792,0.20199453830718994,False,3400,1530,0.016438335180282593,0.23502070296044444,67.3314208984375,962.6448095383987
6,pre_label_token,10,4096,4096,31622.776601683792,0.1991875022649765,False,3400,1530,0.016052303835749626,0.23082672817255157,65.75023651123047,945.4662530637255
6,pre_label_token,11,4096,4096,31622.776601683792,0.198267862200737,False,3400,1530,0.015167034231126308,0.23055503820282183,62.12417221069336,944.3534620098039
6,pre_label_token,12,4096,4096,31622.776601683792,0.1982710212469101,False,3400,1530,0.01490065548568964,0.23068448110343584,61.033084869384766,944.8836345996732
6,pre_label_token,13,4096,4096,31622.776601683792,0.19787651300430298,False,3400,1530,0.012738346122205257,0.2289832520329095,52.17626953125,937.9154003267973
6,pre_label_token,14,4096,4096,31622.776601683792,0.19977441430091858,False,3400,1530,0.013291491195559502,0.23180215249653735,54.44194793701172,949.4616115196078
6,pre_label_token,15,4096,4096,31622.776601683792,0.20112796127796173,False,3400,1530,0.012966015376150608,0.23303182390001084,53.10879898071289,954.4983379289216
6,pre_label_token,16,4096,4096,31622.776601683792,0.20130978524684906,False,3400,1530,0.012586683966219425,0.2337592579960044,51.55506134033203,957.4779258578432
6,pre_label_token,17,4096,4096,10000.0,0.20258696377277374,False,3400,1530,0.008153127506375313,0.23848162258372588,33.395206451416016,976.8207158905228
6,pre_label_token,18,4096,4096,10000.0,0.2048489898443222,False,3400,1530,0.00805624295026064,0.23966966392168032,32.99837112426758,981.6869332107843
6,pre_label_token,19,4096,4096,10000.0,0.2077513337135315,False,3400,1530,0.008212328888475895,0.24105176302342632,33.6376953125,987.3480494281046
6,pre_label_token,20,4096,4096,10000.0,0.21276094019412994,False,3400,1530,0.00867109838873148,0.2426219846688065,35.516822814941406,993.7796543096405
6,pre_label_token,21,4096,4096,10000.0,0.21577350795269012,False,3400,1530,0.00893468502908945,0.24467955445931627,36.59646987915039,1002.2074754901961
6,pre_label_token,22,4096,4096,10000.0,0.22022555768489838,False,3400,1530,0.009119132533669472,0.2459929204454609,37.351966857910156,1007.5870149101307
6,pre_label_token,23,4096,4096,10000.0,0.22354014217853546,False,3400,1530,0.009234451688826084,0.24650873670391008,37.82431411743164,1009.6997702205882
6,pre_label_token,24,4096,4096,10000.0,0.22527363896369934,False,3400,1530,0.009344140067696571,0.2486278147479288,38.27359390258789,1018.3795138888889
6,pre_label_token,25,4096,4096,10000.0,0.22652411460876465,False,3400,1530,0.00930453184992075,0.2504851172952091,38.111366271972656,1025.9870046977123
6,pre_label_token,26,4096,4096,10000.0,0.2275623232126236,False,3400,1530,0.009194238111376762,0.2514189364863377,37.65959930419922,1029.811963848039
6,pre_label_token,27,4096,4096,10000.0,0.2285294383764267,False,3400,1530,0.00937833171337843,0.2544666302749534,38.41364669799805,1042.2953176062092
6,pre_label_token,28,4096,4096,3162.2776601683795,0.23150064051151276,False,3400,1530,0.005991572048515081,0.25594281464620355,24.541479110717773,1048.341743259804
6,first_label_token,0,4096,4096,31622.776601683792,0.31612029671669006,False,3400,1530,0.07795248925685883,0.3043139432769975,319.29339599609375,1246.469904003268
6,first_label_token,1,4096,4096,31622.776601683792,0.29410600662231445,False,3400,1530,0.06715941429138184,0.30041707107444215,275.0849914550781,1230.5083435457516
6,first_label_token,2,4096,4096,31622.776601683792,0.27595198154449463,False,3400,1530,0.05575066804885864,0.287443698932922,228.354736328125,1177.3693729575164
6,first_label_token,3,4096,4096,31622.776601683792,0.2707041800022125,False,3400,1530,0.05325869470834732,0.2892455493702608,218.14764404296875,1184.7497549019608
6,first_label_token,4,4096,4096,10000.0,0.2474486082792282,False,3400,1530,0.022851023823022842,0.27864852107428256,93.59779357910156,1141.3443525326797
6,first_label_token,5,4096,4096,10000.0,0.2332720160484314,False,3400,1530,0.018694138154387474,0.26615431168500114,76.5711898803711,1090.1680351307189
6,first_label_token,6,4096,4096,10000.0,0.2271074503660202,False,3400,1530,0.015375124290585518,0.2596929288377949,62.97651290893555,1063.7022263071894
6,first_label_token,7,4096,4096,10000.0,0.2219841033220291,False,3400,1530,0.013588277623057365,0.25741706922942514,55.657588958740234,1054.3803155637254
6,first_label_token,8,4096,4096,10000.0,0.21631132066249847,False,3400,1530,0.0125954058021307,0.25408722746605966,51.590782165527344,1040.7412837009804
6,first_label_token,9,4096,4096,10000.0,0.21381142735481262,False,3400,1530,0.011730117723345757,0.24656850715088688,48.04655075073242,1009.9446103962418
6,first_label_token,10,4096,4096,10000.0,0.21142829954624176,False,3400,1530,0.01096306275576353,0.24517161986407113,44.90470504760742,1004.2229575163399
6,first_label_token,11,4096,4096,10000.0,0.21079887449741364,False,3400,1530,0.010455952025949955,0.2436331555734273,42.827579498291016,997.9213950163398
6,first_label_token,12,4096,4096,10000.0,0.21070803701877594,False,3400,1530,0.010226943530142307,0.24396382624806923,41.889564514160156,999.2758297589869
6,first_label_token,13,4096,4096,10000.0,0.2105485051870346,False,3400,1530,0.009681844152510166,0.24332724303201914,39.65682601928711,996.6683823529412
6,first_label_token,14,4096,4096,10000.0,0.2119593769311905,False,3400,1530,0.009438718669116497,0.24471271489959917,38.66099166870117,1002.3433006535947
6,first_label_token,15,4096,4096,10000.0,0.2121298909187317,False,3400,1530,0.009356511756777763,0.2449179605720869,38.32427215576172,1003.1839665032679
6,first_label_token,16,4096,4096,10000.0,0.21203404664993286,False,3400,1530,0.009360900148749352,0.24613719204672022,38.342247009277344,1008.1779462826797
6,first_label_token,17,4096,4096,10000.0,0.21347911655902863,False,3400,1530,0.009393270127475262,0.2466324139264674,38.47483444213867,1010.2063393586601
6,first_label_token,18,4096,4096,10000.0,0.21426166594028473,False,3400,1530,0.009376384317874908,0.24806086845647277,38.405670166015625,1016.0573427287582
6,first_label_token,19,4096,4096,10000.0,0.21577729284763336,False,3400,1530,0.009451950900256634,0.24947977377698313,38.71519088745117,1021.8691533905229
6,first_label_token,20,4096,4096,10000.0,0.21814024448394775,False,3400,1530,0.009389063343405724,0.24999912237030228,38.457603454589844,1023.9963873570262
6,first_label_token,21,4096,4096,10000.0,0.21838955581188202,False,3400,1530,0.00943844486027956,0.25115642048954184,38.65987014770508,1028.7367238562092
6,first_label_token,22,4096,4096,10000.0,0.22018207609653473,False,3400,1530,0.009581711143255234,0.25235942765778185,39.24668502807617,1033.664231004902
6,first_label_token,23,4096,4096,10000.0,0.22125893831253052,False,3400,1530,0.009663491509854794,0.2533921559651693,39.581661224365234,1037.8943014705883
6,first_label_token,24,4096,4096,10000.0,0.22150248289108276,False,3400,1530,0.00973995216190815,0.2548502666498321,39.89484405517578,1043.866681985294
6,first_label_token,25,4096,4096,10000.0,0.22270046174526215,False,3400,1530,0.009704673662781715,0.2558205037335165,39.750343322753906,1047.8407730800654
6,first_label_token,26,4096,4096,10000.0,0.22384949028491974,False,3400,1530,0.009796193800866604,0.257159350900089,40.125205993652344,1053.3247089460785
6,first_label_token,27,4096,4096,10000.0,0.22518540918827057,False,3400,1530,0.009975193068385124,0.2596747678868911,40.85839080810547,1063.627854370915
6,first_label_token,28,4096,4096,10000.0,0.22649209201335907,False,3400,1530,0.010289815254509449,0.2612487917632059,42.1470832824707,1070.075048508987
6,last_label_token,0,4096,4096,31622.776601683792,0.29941657185554504,False,3400,1530,0.05782882496714592,0.3018352327783123,236.86688232421875,1236.3171364379084
6,last_label_token,1,4096,4096,31622.776601683792,0.2774069607257843,False,3400,1530,0.04697619006037712,0.2971982631808013,192.4144744873047,1217.324080882353
6,last_label_token,2,4096,4096,31622.776601683792,0.2609465718269348,False,3400,1530,0.03688588738441467,0.28660200779734096,151.0845947265625,1173.9217524509804
6,last_label_token,3,4096,4096,31622.776601683792,0.25511348247528076,False,3400,1530,0.034398145973682404,0.28784084818721595,140.89480590820312,1178.9961065155228
6,last_label_token,4,4096,4096,10000.0,0.2377847582101822,False,3400,1530,0.015168862417340279,0.2796905417847477,62.13166046142578,1145.6124489379085
6,last_label_token,5,4096,4096,10000.0,0.22909998893737793,False,3400,1530,0.0132512291893363,0.2683261933669545,54.277034759521484,1099.064093137255
6,last_label_token,6,4096,4096,10000.0,0.22338184714317322,False,3400,1530,0.01205014530569315,0.26194473403731205,49.35739517211914,1072.9256408292483
6,last_label_token,7,4096,4096,31622.776601683792,0.21823611855506897,False,3400,1530,0.01996747963130474,0.24888976601993337,81.78679656982422,1019.4524765114379
6,last_label_token,8,4096,4096,10000.0,0.21374398469924927,False,3400,1530,0.0106968954205513,0.2513626971275978,43.814483642578125,1029.5816125408496
6,last_label_token,9,4096,4096,31622.776601683792,0.2116500288248062,False,3400,1530,0.017358368262648582,0.24322793000663806,71.0998764038086,996.2616064133987
6,last_label_token,10,4096,4096,31622.776601683792,0.21097125113010406,False,3400,1530,0.016780642792582512,0.24401910445269417,68.73351287841797,999.5022799223856
6,last_label_token,11,4096,4096,31622.776601683792,0.21030065417289734,False,3400,1530,0.01622854173183441,0.24269546994975968,66.47209930419922,994.080624489379
6,last_label_token,12,4096,4096,31622.776601683792,0.21053959429264069,False,3400,1530,0.01553004328161478,0.2422923960716896,63.61105728149414,992.4296415441177
6,last_label_token,13,4096,4096,31622.776601683792,0.20998656749725342,False,3400,1530,0.015076438896358013,0.24148455725775825,61.75310134887695,989.120756740196
6,last_label_token,14,4096,4096,10000.0,0.2109307199716568,False,3400,1530,0.008527707308530807,0.24587990567575094,34.92948913574219,1007.1240757761437
6,last_label_token,15,4096,4096,10000.0,0.2109297662973404,False,3400,1530,0.00845388788729906,0.24595655927471086,34.62712478637695,1007.4380667892157
6,last_label_token,16,4096,4096,10000.0,0.21099545061588287,False,3400,1530,0.008408783003687859,0.24622820311901616,34.44237518310547,1008.550709763072
6,last_label_token,17,4096,4096,10000.0,0.2117125689983368,False,3400,1530,0.008334661833941936,0.24671424416934742,34.13877487182617,1010.5415645424837
6,last_label_token,18,4096,4096,10000.0,0.2119344174861908,False,3400,1530,0.00823180377483368,0.2464925205006319,33.71746826171875,1009.6333690767974
6,last_label_token,19,4096,4096,10000.0,0.21339255571365356,False,3400,1530,0.008151651360094547,0.2467463200388391,33.389163970947266,1010.6729421977125
6,last_label_token,20,4096,4096,10000.0,0.21431441605091095,False,3400,1530,0.00810439232736826,0.24633578007517298,33.19559097290039,1008.9913679534313
6,last_label_token,21,4096,4096,10000.0,0.21510188281536102,False,3400,1530,0.008124997839331627,0.2461759205737145,33.279991149902344,1008.3365732230392
6,last_label_token,22,4096,4096,10000.0,0.21630647778511047,False,3400,1530,0.008160434663295746,0.24717860066033656,33.425140380859375,1012.4435585171568
6,last_label_token,23,4096,4096,10000.0,0.21705348789691925,False,3400,1530,0.008156802505254745,0.24749397016039082,33.41025924682617,1013.7352915645425
6,last_label_token,24,4096,4096,10000.0,0.21731244027614594,False,3400,1530,0.008163511753082275,0.24851710126290913,33.437744140625,1017.9260391135621
6,last_label_token,25,4096,4096,10000.0,0.21807260811328888,False,3400,1530,0.008067658171057701,0.2494240031522863,33.04513168334961,1021.6406760620915
6,last_label_token,26,4096,4096,10000.0,0.2186354398727417,False,3400,1530,0.008058183826506138,0.2503719124139524,33.00632095336914,1025.5233685661765
6,last_label_token,27,4096,4096,10000.0,0.21944302320480347,False,3400,1530,0.008087314665317535,0.25155271517685035,33.125640869140625,1030.3599468954249
6,last_label_token,28,4096,4096,10000.0,0.21988347172737122,False,3400,1530,0.008198168128728867,0.2519215976490694,33.57969284057617,1031.87085375817
7,pre_label_token,0,4096,4096,0.1,0.3663851320743561,True,3400,1530,0.3306626081466675,0.36728312423805787,1354.3939208984375,1504.3916870915032
7,pre_label_token,1,4096,4096,100000.0,0.2864246666431427,False,3400,1530,0.07254726439714432,0.32984642701990463,297.1535949707031,1351.0509906045752
7,pre_label_token,2,4096,4096,10000.0,0.28281891345977783,False,3400,1530,0.031068185344338417,0.30709782394708374,127.25527954101562,1257.8727328431373
7,pre_label_token,3,4096,4096,3162.2776601683795,0.26618215441703796,False,3400,1530,0.01798561029136181,0.30372828689276005,73.66905212402344,1244.07109375
7,pre_label_token,4,4096,4096,3162.2776601683795,0.23713138699531555,False,3400,1530,0.013109183870255947,0.28304759380864164,53.69522476196289,1159.3629442401962
7,pre_label_token,5,4096,4096,31622.776601683792,0.22970007359981537,False,3400,1530,0.022626709192991257,0.26757847156399994,92.67900085449219,1096.0014297385621
7,pre_label_token,6,4096,4096,31622.776601683792,0.21916185319423676,False,3400,1530,0.021080972626805305,0.26220924090715797,86.34766387939453,1074.0090635212418
7,pre_label_token,7,4096,4096,31622.776601683792,0.2136978805065155,False,3400,1530,0.019104711711406708,0.25771714004815793,78.25289916992188,1055.6093647875816
7,pre_label_token,8,4096,4096,31622.776601683792,0.2101956307888031,False,3400,1530,0.017699312418699265,0.25306696673623874,72.49638366699219,1036.5622676674836
7,pre_label_token,9,4096,4096,31622.776601683792,0.2009369134902954,False,3400,1530,0.015156487934291363,0.23294104532478682,62.08097457885742,954.1265216503268
7,pre_label_token,10,4096,4096,31622.776601683792,0.19832459092140198,False,3400,1530,0.014830355532467365,0.22861877391540927,60.74513626098633,936.4224979575164
7,pre_label_token,11,4096,4096,31622.776601683792,0.19771096110343933,False,3400,1530,0.013906633481383324,0.228725241368113,56.961570739746094,936.85859375
7,pre_label_token,12,4096,4096,31622.776601683792,0.19736509025096893,False,3400,1530,0.013711192645132542,0.22884267919203816,56.16104507446289,937.3396343954248
7,pre_label_token,13,4096,4096,31622.776601683792,0.19730575382709503,False,3400,1530,0.011873316951096058,0.2271455714905184,48.63311004638672,930.3882582720588
7,pre_label_token,14,4096,4096,31622.776601683792,0.19925017654895782,False,3400,1530,0.012440802529454231,0.2303146636563968,50.95752716064453,943.3688623366013
7,pre_label_token,15,4096,4096,31622.776601683792,0.20073583722114563,False,3400,1530,0.01215809490531683,0.23134679108663322,49.799556732177734,947.596466503268
7,pre_label_token,16,4096,4096,31622.776601683792,0.20089899003505707,False,3400,1530,0.011802188120782375,0.23198099448010812,48.34176254272461,950.1941738153595
7,pre_label_token,17,4096,4096,31622.776601683792,0.20214013755321503,False,3400,1530,0.012928333133459091,0.23451803743449692,52.95445251464844,960.5859043096406
7,pre_label_token,18,4096,4096,10000.0,0.2045215368270874,False,3400,1530,0.007386068347841501,0.23779183556051814,30.25333595275879,973.995348243464
7,pre_label_token,19,4096,4096,10000.0,0.20754581689834595,False,3400,1530,0.00752896536141634,0.23916007459553237,30.838642120361328,979.5996604370915
7,pre_label_token,20,4096,4096,10000.0,0.21222244203090668,False,3400,1530,0.007983182556927204,0.2411297311969832,32.69911575317383,987.667373876634
7,pre_label_token,21,4096,4096,10000.0,0.2153671234846115,False,3400,1530,0.008255484513938427,0.2430107465756485,33.8144645690918,995.3720537173202
7,pre_label_token,22,4096,4096,10000.0,0.21972264349460602,False,3400,1530,0.008429409936070442,0.24421104481017666,34.52686309814453,1000.2884446486928
7,pre_label_token,23,4096,4096,10000.0,0.22308635711669922,False,3400,1530,0.008529947139322758,0.2449063905703476,34.93865966796875,1003.1365757761438
7,pre_label_token,24,4096,4096,10000.0,0.22515495121479034,False,3400,1530,0.008643029257655144,0.24731508142807904,35.40184783935547,1013.0025914011438
7,pre_label_token,25,4096,4096,10000.0,0.22659194469451904,False,3400,1530,0.008604533970355988,0.24904511146296082,35.244171142578125,1020.0888071895425
7,pre_label_token,26,4096,4096,10000.0,0.22730785608291626,False,3400,1530,0.008514510467648506,0.25029319501390646,34.87543487548828,1025.2009089052287
7,pre_label_token,27,4096,4096,10000.0,0.22832106053829193,False,3400,1530,0.008708079345524311,0.25322457481833066,35.66829299926758,1037.207878880719
7,pre_label_token,28,4096,4096,10000.0,0.23144958913326263,False,3400,1530,0.009112169034779072,0.25505355261509716,37.32344055175781,1044.6993591707517
7,first_label_token,0,4096,4096,31622.776601683792,0.31223395466804504,False,3400,1530,0.07740459591150284,0.30784808015511705,317.04925537109375,1260.945751633987
7,first_label_token,1,4096,4096,31622.776601683792,0.2904021441936493,False,3400,1530,0.06548747420310974,0.30160514607149014,268.2366943359375,1235.3747268178104
7,first_label_token,2,4096,4096,31622.776601683792,0.27213096618652344,False,3400,1530,0.05399325117468834,0.29114580466077217,221.15635681152344,1192.5332005718953
7,first_label_token,3,4096,4096,31622.776601683792,0.2668297588825226,False,3400,1530,0.05177048593759537,0.29300875258601566,212.05191040039062,1200.163871017157
7,first_label_token,4,4096,4096,10000.0,0.24497926235198975,False,3400,1530,0.02241388149559498,0.2776258144503325,91.8072509765625,1137.1553462009804
7,first_label_token,5,4096,4096,10000.0,0.23196956515312195,False,3400,1530,0.018469128757715225,0.26500499201755895,75.64955139160156,1085.4604575163398
7,first_label_token,6,4096,4096,10000.0,0.2250928431749344,False,3400,1530,0.015378126874566078,0.25956894307354694,62.988807678222656,1063.1944061478757
7,first_label_token,7,4096,4096,10000.0,0.22073575854301453,False,3400,1530,0.013667377643287182,0.25768486222410514,55.9815788269043,1055.477205882353
7,first_label_token,8,4096,4096,10000.0,0.2153206467628479,False,3400,1530,0.012744789011776447,0.2526516596476237,52.20265579223633,1034.8612030228758
7,first_label_token,9,4096,4096,10000.0,0.21292676031589508,False,3400,1530,0.011585296131670475,0.24419673969543057,47.453372955322266,1000.229856004902
7,first_label_token,10,4096,4096,10000.0,0.21105527877807617,False,3400,1530,0.010768890380859375,0.24164072547862733,44.109375,989.7603936887255
7,first_label_token,11,4096,4096,10000.0,0.2098681926727295,False,3400,1530,0.0103007135912776,0.24035923590067945,42.19172286987305,984.5114634395425
7,first_label_token,12,4096,4096,10000.0,0.20958000421524048,False,3400,1530,0.01002548448741436,0.24092274584801368,41.06438446044922,986.8195925245099
7,first_label_token,13,4096,4096,10000.0,0.20963825285434723,False,3400,1530,0.00953740905970335,0.2405722175548279,39.06522750854492,985.383797998366
7,first_label_token,14,4096,4096,10000.0,0.21106821298599243,False,3400,1530,0.009301247075200081,0.24200635049857344,38.09790802001953,991.2580014297386
7,first_label_token,15,4096,4096,10000.0,0.2111906111240387,False,3400,1530,0.009259391576051712,0.24228258693919463,37.92646789550781,992.3894837622549
7,first_label_token,16,4096,4096,10000.0,0.21147817373275757,False,3400,1530,0.009285654872655869,0.2439550275116964,38.03403854370117,999.2398029003268
7,first_label_token,17,4096,4096,10000.0,0.21270324289798737,False,3400,1530,0.009322314523160458,0.2446850184521644,38.184200286865234,1002.2298304738562
7,first_label_token,18,4096,4096,10000.0,0.21330399811267853,False,3400,1530,0.009332772344350815,0.24598317177467097,38.22703552246094,1007.5470383986928
7,first_label_token,19,4096,4096,10000.0,0.21489743888378143,False,3400,1530,0.00937710702419281,0.247378520092933,38.408626556396484,1013.2624208537582
7,first_label_token,20,4096,4096,10000.0,0.21710559725761414,False,3400,1530,0.009295288473367691,0.24792306127111896,38.07350158691406,1015.4928819444444
7,first_label_token,21,4096,4096,10000.0,0.21734412014484406,False,3400,1530,0.009353965520858765,0.24901531817866307,38.313846588134766,1019.9667483660131
7,first_label_token,22,4096,4096,10000.0,0.2191733419895172,False,3400,1530,0.009494323283433914,0.25075432833503275,38.88874816894531,1027.0897084354576
7,first_label_token,23,4096,4096,10000.0,0.22032254934310913,False,3400,1530,0.009575063362717628,0.25193983028137606,39.21945571899414,1031.9455116421568
7,first_label_token,24,4096,4096,10000.0,0.2207544893026352,False,3400,1530,0.009663895703852177,0.25380334854125974,39.583316802978516,1039.5785615808823
7,first_label_token,25,4096,4096,10000.0,0.22186808288097382,False,3400,1530,0.009608466178178787,0.25489881739896886,39.35627746582031,1044.0655330882353
7,first_label_token,26,4096,4096,10000.0,0.22285869717597961,False,3400,1530,0.009665150195360184,0.25580558776855467,39.58845520019531,1047.779723243464
7,first_label_token,27,4096,4096,10000.0,0.22409731149673462,False,3400,1530,0.009803594090044498,0.2583627301883074,40.155517578125,1058.2537326388888
7,first_label_token,28,4096,4096,10000.0,0.22529380023479462,False,3400,1530,0.01011903677135706,0.2599012150483973,41.44757080078125,1064.555361519608
7,last_label_token,0,4096,4096,31622.776601683792,0.2972398102283478,False,3400,1530,0.0585455484688282,0.30404382032506605,239.8025665283203,1245.3634854983661
7,last_label_token,1,4096,4096,31622.776601683792,0.2740875482559204,False,3400,1530,0.046323589980602264,0.29909424563638526,189.74142456054688,1225.090035232843
7,last_label_token,2,4096,4096,31622.776601683792,0.25789251923561096,False,3400,1530,0.03603403642773628,0.28825389076681696,147.59539794921875,1180.6879187091504
7,last_label_token,3,4096,4096,31622.776601683792,0.2524564862251282,False,3400,1530,0.03370550274848938,0.2895336151123047,138.0577392578125,1185.929692606209
7,last_label_token,4,4096,4096,10000.0,0.2368379533290863,False,3400,1530,0.015441508032381535,0.2786340863096948,63.248416900634766,1141.2852124183007
7,last_label_token,5,4096,4096,10000.0,0.22781307995319366,False,3400,1530,0.01361309364438057,0.2684098499273163,55.75923156738281,1099.406755514706
7,last_label_token,6,4096,4096,10000.0,0.2222115844488144,False,3400,1530,0.012430605478584766,0.26142409954195706,50.9157600402832,1070.7930912990196
7,last_label_token,7,4096,4096,31622.776601683792,0.2170453518629074,False,3400,1530,0.020170481875538826,0.24860003976260914,82.61829376220703,1018.2657526552288
7,last_label_token,8,4096,4096,31622.776601683792,0.212822824716568,False,3400,1530,0.018864676356315613,0.245073474310582,77.26971435546875,1003.8209507761438
7,last_label_token,9,4096,4096,31622.776601683792,0.21091830730438232,False,3400,1530,0.01730445958673954,0.24105079999936171,70.87906646728516,987.3441074346405
7,last_label_token,10,4096,4096,31622.776601683792,0.21041198074817657,False,3400,1530,0.016675181686878204,0.24193951662848978,68.30154418945312,990.9842524509804
7,last_label_token,11,4096,4096,31622.776601683792,0.20957528054714203,False,3400,1530,0.01613572984933853,0.24077177982704312,66.09194946289062,986.2012050653594
7,last_label_token,12,4096,4096,31622.776601683792,0.20969203114509583,False,3400,1530,0.015424453653395176,0.2408869649849686,63.17856216430664,986.6730238970588
7,last_label_token,13,4096,4096,31622.776601683792,0.209214985370636,False,3400,1530,0.014973781071603298,0.24042392930174186,61.33260726928711,984.7764220792484
7,last_label_token,14,4096,4096,31622.776601683792,0.2102062851190567,False,3400,1530,0.014742251485586166,0.24131053849762563,60.38426208496094,988.4079835580065
7,last_label_token,15,4096,4096,31622.776601683792,0.21035562455654144,False,3400,1530,0.014625541865825653,0.2422104636048959,59.906219482421875,992.0940767973856
7,last_label_token,16,4096,4096,31622.776601683792,0.21047595143318176,False,3400,1530,0.014659885317087173,0.24301300360486397,60.04689025878906,995.3812959558824
7,last_label_token,17,4096,4096,10000.0,0.21137496829032898,False,3400,1530,0.008323004469275475,0.24504275477789586,34.091026306152344,1003.6950954861111
7,last_label_token,18,4096,4096,10000.0,0.21151462197303772,False,3400,1530,0.008232373744249344,0.24482840868382671,33.71980285644531,1002.817151756536
7,last_label_token,19,4096,4096,10000.0,0.21307657659053802,False,3400,1530,0.00814748089760542,0.24516322005028818,33.3720817565918,1004.1885442197712
7,last_label_token,20,4096,4096,10000.0,0.21404188871383667,False,3400,1530,0.008074499666690826,0.24500264747470032,33.073150634765625,1003.5308287377451
7,last_label_token,21,4096,4096,10000.0,0.21475054323673248,False,3400,1530,0.00809464231133461,0.2450135785769793,33.15565490722656,1003.5755795547385
7,last_label_token,22,4096,4096,10000.0,0.21596986055374146,False,3400,1530,0.008114581927657127,0.24615134444891237,33.23733139038086,1008.2359119689543
7,last_label_token,23,4096,4096,10000.0,0.21674270927906036,False,3400,1530,0.008113929070532322,0.2464200169432397,33.23465347290039,1009.3363817401961
7,last_label_token,24,4096,4096,10000.0,0.21698838472366333,False,3400,1530,0.0081200385466218,0.2472517456104553,33.259674072265625,1012.7431857638888
7,last_label_token,25,4096,4096,10000.0,0.2177249938249588,False,3400,1530,0.00802319310605526,0.2478586757884306,32.862998962402344,1015.229176879085
7,last_label_token,26,4096,4096,10000.0,0.21796968579292297,False,3400,1530,0.007974902167916298,0.2487587642046361,32.665199279785156,1018.9158803104575
7,last_label_token,27,4096,4096,10000.0,0.21879318356513977,False,3400,1530,0.007983711548149586,0.24974320978900186,32.7012825012207,1022.9482077205882
7,last_label_token,28,4096,4096,10000.0,0.21900585293769836,False,3400,1530,0.008090424351394176,0.25025608399335075,33.13837814331055,1025.04891748366
8,pre_label_token,0,4096,4096,0.1,0.3663851320743561,True,3400,1530,0.3306626081466675,0.36728312423805787,1354.3939208984375,1504.3916870915032
8,pre_label_token,1,4096,4096,100000.0,0.28547605872154236,False,3400,1530,0.07036107033491135,0.32664993011873533,288.1989440917969,1337.9581290849674
8,pre_label_token,2,4096,4096,3162.2776601683795,0.27528175711631775,False,3400,1530,0.020280709490180016,0.31260348051981207,83.06977844238281,1280.423845996732
8,pre_label_token,3,4096,4096,3162.2776601683795,0.2629779875278473,False,3400,1530,0.016964782029390335,0.30150068569806665,69.48775482177734,1234.946808619281
8,pre_label_token,4,4096,4096,3162.2776601683795,0.23532044887542725,False,3400,1530,0.012574850581586361,0.2831993626613243,51.506591796875,1159.9845690359477
8,pre_label_token,5,4096,4096,31622.776601683792,0.22769811749458313,False,3400,1530,0.021652832627296448,0.2656952446582271,88.69000244140625,1088.2877144607844
8,pre_label_token,6,4096,4096,31622.776601683792,0.21739865839481354,False,3400,1530,0.020363550633192062,0.26027359183317694,83.40910339355469,1066.0806347017974
8,pre_label_token,7,4096,4096,31622.776601683792,0.2122875154018402,False,3400,1530,0.01840951107442379,0.25562807344922833,75.40535736083984,1047.0526092728758
8,pre_label_token,8,4096,4096,31622.776601683792,0.20841416716575623,False,3400,1530,0.01688164845108986,0.2502817484288434,69.14723205566406,1025.1540594362746
8,pre_label_token,9,4096,4096,31622.776601683792,0.19963616132736206,False,3400,1530,0.014362399466335773,0.230488409403882,58.82838821411133,944.080535130719
8,pre_label_token,10,4096,4096,31622.776601683792,0.197318434715271,False,3400,1530,0.014154934324324131,0.2263717109081792,57.97861099243164,927.218545751634
8,pre_label_token,11,4096,4096,31622.776601683792,0.19695672392845154,False,3400,1530,0.013198714703321457,0.22671382567461798,54.06193542480469,928.6198606004901
8,pre_label_token,12,4096,4096,31622.776601683792,0.19677963852882385,False,3400,1530,0.013091716915369034,0.22674174339942682,53.62367248535156,928.734170751634
8,pre_label_token,13,4096,4096,31622.776601683792,0.19684164226055145,False,3400,1530,0.011357167735695839,0.2251878707237493,46.518959045410156,922.3695286968954
8,pre_label_token,14,4096,4096,31622.776601683792,0.19887931644916534,False,3400,1530,0.011925994418561459,0.22835167778862847,48.848873138427734,935.328462009804
8,pre_label_token,15,4096,4096,31622.776601683792,0.20036599040031433,False,3400,1530,0.011695043183863163,0.22914629294202218,47.902896881103516,938.583220996732
8,pre_label_token,16,4096,4096,31622.776601683792,0.20073240995407104,False,3400,1530,0.011421259492635727,0.23012611912746056,46.78147888183594,942.5965839460785
8,pre_label_token,17,4096,4096,31622.776601683792,0.20196819305419922,False,3400,1530,0.012556279078125954,0.23260196237003103,51.430519104003906,952.7376378676471
8,pre_label_token,18,4096,4096,10000.0,0.2042650431394577,False,3400,1530,0.007128593046218157,0.2349836112627017,29.19871711730957,962.4928819444444
8,pre_label_token,19,4096,4096,10000.0,0.20744891464710236,False,3400,1530,0.007277344819158316,0.23676136989219515,29.80800437927246,969.7745608660131
8,pre_label_token,20,4096,4096,10000.0,0.21242019534111023,False,3400,1530,0.007731458637863398,0.23851298039255578,31.668054580688477,976.949200878268
8,pre_label_token,21,4096,4096,10000.0,0.21561899781227112,False,3400,1530,0.007991760969161987,0.24024440416323592,32.734249114990234,984.0410743464053
8,pre_label_token,22,4096,4096,10000.0,0.2202487289905548,False,3400,1530,0.008174766786396503,0.24154197593140447,33.48384475708008,989.3559283088235
8,pre_label_token,23,4096,4096,10000.0,0.22329944372177124,False,3400,1530,0.008239596150815487,0.24282818713219337,33.749385833740234,994.6242238562091
8,pre_label_token,24,4096,4096,10000.0,0.22554081678390503,False,3400,1530,0.008377372287213802,0.24509991415185867,34.313716888427734,1003.9292075163398
8,pre_label_token,25,4096,4096,10000.0,0.22688482701778412,False,3400,1530,0.008333278819918633,0.2470192915473888,34.13311004638672,1011.7910232843137
8,pre_label_token,26,4096,4096,10000.0,0.22748567163944244,False,3400,1530,0.00820855051279068,0.24837853051478567,33.622222900390625,1017.3584660947712
8,pre_label_token,27,4096,4096,3162.2776601683795,0.2279851883649826,False,3400,1530,0.005008865613490343,0.2524881182153241,20.516315460205078,1034.191327103758
8,pre_label_token,28,4096,4096,3162.2776601683795,0.23096148669719696,False,3400,1530,0.005243945401161909,0.2537827734853707,21.47920036315918,1039.4942401960784
8,first_label_token,0,4096,4096,31622.776601683792,0.314932644367218,False,3400,1530,0.07676912099123001,0.30823004230175144,314.4463195800781,1262.5102481617646
8,first_label_token,1,4096,4096,31622.776601683792,0.29124000668525696,False,3400,1530,0.06431024521589279,0.3016918705958946,263.41473388671875,1235.7298968545751
8,first_label_token,2,4096,4096,31622.776601683792,0.27197644114494324,False,3400,1530,0.053510114550590515,0.2912541445563821,219.1774139404297,1192.9769786560457
8,first_label_token,3,4096,4096,31622.776601683792,0.2664804756641388,False,3400,1530,0.05121086537837982,0.2930370443007525,209.75970458984375,1200.279723243464
8,first_label_token,4,4096,4096,10000.0,0.24376167356967926,False,3400,1530,0.02204192988574505,0.27866299822439555,90.28374481201172,1141.4036611519607
8,first_label_token,5,4096,4096,10000.0,0.2292279452085495,False,3400,1530,0.01789216510951519,0.2648643269258387,73.28630065917969,1084.884272875817
8,first_label_token,6,4096,4096,10000.0,0.22282814979553223,False,3400,1530,0.014864186756312847,0.25888281678841785,60.88370895385742,1060.3840099060458
8,first_label_token,7,4096,4096,10000.0,0.2184353768825531,False,3400,1530,0.013171790167689323,0.25738771102007696,53.95165252685547,1054.2600694444445
8,first_label_token,8,4096,4096,10000.0,0.21371999382972717,False,3400,1530,0.012264745309948921,0.2527324639114679,50.23638916015625,1035.1921670751633
8,first_label_token,9,4096,4096,10000.0,0.2114468365907669,False,3400,1530,0.011140079237520695,0.24448014676960464,45.6297607421875,1001.3906377655229
8,first_label_token,10,4096,4096,10000.0,0.20935867726802826,False,3400,1530,0.010369302704930305,0.24187682158027599,42.47266387939453,990.7274586397059
8,first_label_token,11,4096,4096,10000.0,0.20864422619342804,False,3400,1530,0.009891415014863014,0.24036588731154898,40.515235900878906,984.538654003268
8,first_label_token,12,4096,4096,10000.0,0.20864422619342804,False,3400,1530,0.009655492380261421,0.24105896980933894,39.54889678955078,987.3775454452615
8,first_label_token,13,4096,4096,10000.0,0.20879893004894257,False,3400,1530,0.00917472317814827,0.240902449414621,37.57966613769531,986.736448120915
8,first_label_token,14,4096,4096,10000.0,0.2104427069425583,False,3400,1530,0.008915537968277931,0.24261843986760556,36.518043518066406,993.7651399101308
8,first_label_token,15,4096,4096,10000.0,0.2104380577802658,False,3400,1530,0.008845850825309753,0.24276421927159128,36.23260498046875,994.3622191584967
8,first_label_token,16,4096,4096,10000.0,0.2106509506702423,False,3400,1530,0.00888983253389597,0.24444783964967415,36.41275405883789,1001.2583512050653
8,first_label_token,17,4096,4096,10000.0,0.21168090403079987,False,3400,1530,0.008933496661484241,0.24553551767386642,36.59160232543945,1005.7134829452615
8,first_label_token,18,4096,4096,10000.0,0.21234925091266632,False,3400,1530,0.008955801837146282,0.24726356680876288,36.68296432495117,1012.7915594362745
8,first_label_token,19,4096,4096,10000.0,0.2141115665435791,False,3400,1530,0.009016333147883415,0.2482034427667755,36.930904388427734,1016.641321997549
8,first_label_token,20,4096,4096,10000.0,0.21657152473926544,False,3400,1530,0.00890861265361309,0.24900932810664955,36.48967742919922,1019.942223243464
8,first_label_token,21,4096,4096,10000.0,0.21693676710128784,False,3400,1530,0.008957337588071823,0.2498131415423225,36.68925476074219,1023.2346226511438
8,first_label_token,22,4096,4096,10000.0,0.2188432365655899,False,3400,1530,0.009083843789994717,0.2509740143819572,37.20742416381836,1027.98960375817
8,first_label_token,23,4096,4096,10000.0,0.22011251747608185,False,3400,1530,0.009158861823379993,0.25211858562394684,37.51469802856445,1032.6777062908498
8,first_label_token,24,4096,4096,10000.0,0.22044962644577026,False,3400,1530,0.00922767911106348,0.2541384061177572,37.796573638916016,1040.9509395424836
8,first_label_token,25,4096,4096,10000.0,0.22143769264221191,False,3400,1530,0.009188494645059109,0.2550799026987911,37.63607406616211,1044.8072380514707
8,first_label_token,26,4096,4096,10000.0,0.22255824506282806,False,3400,1530,0.009252721443772316,0.2560352911357007,37.89915466308594,1048.7205269607844
8,first_label_token,27,4096,4096,10000.0,0.2236858755350113,False,3400,1530,0.009397744201123714,0.25850379607256724,38.493160247802734,1058.8315665849673
8,first_label_token,28,4096,4096,10000.0,0.22498229146003723,False,3400,1530,0.009679955430328846,0.2607898500230577,39.64910125732422,1068.195210375817
8,last_label_token,0,4096,4096,31622.776601683792,0.2979828417301178,False,3400,1530,0.0566241629421711,0.3028868438371646,231.9325714111328,1240.6245200163398
8,last_label_token,1,4096,4096,31622.776601683792,0.27342942357063293,False,3400,1530,0.0447247289121151,0.29781979018566657,183.19247436523438,1219.8698478349672
8,last_label_token,2,4096,4096,31622.776601683792,0.25747907161712646,False,3400,1530,0.035402581095695496,0.2861033925823137,145.00897216796875,1171.8794730392158
8,last_label_token,3,4096,4096,31622.776601683792,0.2520669400691986,False,3400,1530,0.03317135572433472,0.2892003676470588,135.869873046875,1184.5647007761438
8,last_label_token,4,4096,4096,10000.0,0.23603810369968414,False,3400,1530,0.01503115426748991,0.2778918496923509,61.56760787963867,1138.2450163398694
8,last_label_token,5,4096,4096,10000.0,0.22662483155727386,False,3400,1530,0.01317147072404623,0.2678507624108807,53.95033645629883,1097.116681985294
8,last_label_token,6,4096,4096,10000.0,0.22120855748653412,False,3400,1530,0.012016181834042072,0.26129236470640094,49.21828079223633,1070.2535437091503
8,last_label_token,7,4096,4096,31622.776601683792,0.21618078649044037,False,3400,1530,0.01975351572036743,0.24898557475968902,80.910400390625,1019.8448988970588
8,last_label_token,8,4096,4096,31622.776601683792,0.21218553185462952,False,3400,1530,0.018433231860399246,0.2464346374561584,75.50251770019531,1009.3962928921569
8,last_label_token,9,4096,4096,31622.776601683792,0.21007712185382843,False,3400,1530,0.0169083159416914,0.24209757287517872,69.25646209716797,991.6316636029412
8,last_label_token,10,4096,4096,31622.776601683792,0.20959261059761047,False,3400,1530,0.016299888491630554,0.2427152097614762,66.76434326171875,994.161514501634
8,last_label_token,11,4096,4096,31622.776601683792,0.20900379121303558,False,3400,1530,0.01579141616821289,0.24141916137894773,64.68163299560547,988.8528952205883
8,last_label_token,12,4096,4096,31622.776601683792,0.20912981033325195,False,3400,1530,0.015082109719514847,0.24160355337305006,61.77632141113281,989.6081341911764
8,last_label_token,13,4096,4096,31622.776601683792,0.20866966247558594,False,3400,1530,0.014627641066908836,0.2410133505179212,59.914817810058594,987.1906964869281
8,last_label_token,14,4096,4096,31622.776601683792,0.20977036654949188,False,3400,1530,0.01433457713574171,0.24190384359920727,58.71442794799805,990.8381484885621
8,last_label_token,15,4096,4096,10000.0,0.2099248617887497,False,3400,1530,0.008051831275224686,0.24480261958502478,32.98030090332031,1002.7115042892157
8,last_label_token,16,4096,4096,31622.776601683792,0.2100324183702469,False,3400,1530,0.01423666998744011,0.24336140451867597,58.31340026855469,996.8082924836601
8,last_label_token,17,4096,4096,31622.776601683792,0.21109968423843384,False,3400,1530,0.014217786490917206,0.24405230104533676,58.23604965209961,999.6382250816994
8,last_label_token,18,4096,4096,10000.0,0.2111644595861435,False,3400,1530,0.007864482700824738,0.24498170840194802,32.21292495727539,1003.4450776143791
8,last_label_token,19,4096,4096,10000.0,0.21279852092266083,False,3400,1530,0.0077753569930791855,0.24493440054600535,31.847862243652344,1003.2513046364379
8,last_label_token,20,4096,4096,10000.0,0.21390818059444427,False,3400,1530,0.007689302787184715,0.24441567464591632,31.495384216308594,1001.1265829248366
8,last_label_token,21,4096,4096,31622.776601683792,0.2147555947303772,False,3400,1530,0.013605570420622826,0.24364552778356216,55.728416442871094,997.9720588235294
8,last_label_token,22,4096,4096,31622.776601683792,0.21595993638038635,False,3400,1530,0.013620804995298386,0.2447632247326421,55.79081726074219,1002.550168504902
8,last_label_token,23,4096,4096,10000.0,0.21692566573619843,False,3400,1530,0.007711482234299183,0.245550123227188,31.586231231689453,1005.7732843137255
8,last_label_token,24,4096,4096,10000.0,0.21732169389724731,False,3400,1530,0.00770761352032423,0.24635349971796172,31.57038688659668,1009.0639348447712
8,last_label_token,25,4096,4096,31622.776601683792,0.21795332431793213,False,3400,1530,0.013530286028981209,0.24639899060617085,55.42005920410156,1009.2502553104575
8,last_label_token,26,4096,4096,10000.0,0.218276247382164,False,3400,1530,0.007569367531687021,0.24767156987408406,31.004133224487305,1014.4627272263072
8,last_label_token,27,4096,4096,10000.0,0.21897217631340027,False,3400,1530,0.007571075577288866,0.2487058153339461,31.011125564575195,1018.6990170547385
8,last_label_token,28,4096,4096,10000.0,0.21924598515033722,False,3400,1530,0.007659370079636574,0.2492958237143124,31.372783660888672,1021.1157245710784
9,pre_label_token,0,4096,4096,0.1,0.3663851320743561,True,3400,1530,0.3306626081466675,0.36728312423805787,1354.3939208984375,1504.3916870915032
9,pre_label_token,1,4096,4096,100000.0,0.2831186056137085,False,3400,1530,0.0671490728855133,0.32271275987812115,275.0426330566406,1321.8314644607842
9,pre_label_token,2,4096,4096,3162.2776601683795,0.2744115889072418,False,3400,1530,0.01963268220424652,0.3067702037836212,80.41546630859375,1256.530744485294
9,pre_label_token,3,4096,4096,3162.2776601683795,0.25973257422447205,False,3400,1530,0.016535403206944466,0.30561620051564736,67.72901153564453,1251.8039624183007
9,pre_label_token,4,4096,4096,3162.2776601683795,0.23364268243312836,False,3400,1530,0.01219215802848339,0.2841580160303053,49.93907928466797,1163.911213235294
9,pre_label_token,5,4096,4096,31622.776601683792,0.22628344595432281,False,3400,1530,0.020587202161550522,0.26514718797471787,84.3251953125,1086.0428768382353
9,pre_label_token,6,4096,4096,31622.776601683792,0.2169598788022995,False,3400,1530,0.01948188617825508,0.2601310630249821,79.79780578613281,1065.4968545751633
9,pre_label_token,7,4096,4096,100000.0,0.21238543093204498,False,3400,1530,0.03143450617790222,0.25427999808118235,128.75572204589844,1041.5308619281045
9,pre_label_token,8,4096,4096,31622.776601683792,0.20909518003463745,False,3400,1530,0.01628434658050537,0.25013745251823877,66.70068359375,1024.5629850898692
9,pre_label_token,9,4096,4096,31622.776601683792,0.19944065809249878,False,3400,1530,0.01369886938482523,0.22962523566351997,56.11056900024414,940.5449729370915
9,pre_label_token,10,4096,4096,31622.776601683792,0.19723279774188995,False,3400,1530,0.013541304506361485,0.22566872141719643,55.46518325805664,924.3390829248366
9,pre_label_token,11,4096,4096,31622.776601683792,0.19703306257724762,False,3400,1530,0.012557471171021461,0.22586251801135493,51.43539810180664,925.1328584558823
9,pre_label_token,12,4096,4096,31622.776601683792,0.19677774608135223,False,3400,1530,0.012470848858356476,0.225632715536878,51.080596923828125,924.191592626634
9,pre_label_token,13,4096,4096,31622.776601683792,0.19683128595352173,False,3400,1530,0.010888312011957169,0.2243621495814105,44.59852600097656,918.9873595792484
9,pre_label_token,14,4096,4096,31622.776601683792,0.19901864230632782,False,3400,1530,0.011424646712839603,0.22747805850957734,46.79535675048828,931.7500944648693
9,pre_label_token,15,4096,4096,31622.776601683792,0.20042189955711365,False,3400,1530,0.011198104359209538,0.22831738291223064,45.867435455322266,935.1880055147059
9,pre_label_token,16,4096,4096,31622.776601683792,0.20060838758945465,False,3400,1530,0.010874812491238117,0.22918786566241894,44.54323196411133,938.7534875408496
9,pre_label_token,17,4096,4096,31622.776601683792,0.20192570984363556,False,3400,1530,0.01201190147548914,0.2314130533754436,49.200748443603516,947.8678921568627
9,pre_label_token,18,4096,4096,10000.0,0.20438310503959656,False,3400,1530,0.006780929863452911,0.23422943938012217,27.774688720703125,959.4037785947712
9,pre_label_token,19,4096,4096,10000.0,0.20723506808280945,False,3400,1530,0.006902208086103201,0.23612146439895132,28.27144432067871,967.1535283905229
9,pre_label_token,20,4096,4096,10000.0,0.21232381463050842,False,3400,1530,0.007314963731914759,0.23806712954652076,29.96208953857422,975.1229319852941
9,pre_label_token,21,4096,4096,10000.0,0.21564891934394836,False,3400,1530,0.007573051378130913,0.2400386673173094,31.01921844482422,983.1983813316994
9,pre_label_token,22,4096,4096,10000.0,0.22037489712238312,False,3400,1530,0.0077317506074905396,0.24114884021235447,31.66925048828125,987.7456571691176
9,pre_label_token,23,4096,4096,10000.0,0.2237156629562378,False,3400,1530,0.007790622301399708,0.24212606093462777,31.910388946533203,991.7483302696079
9,pre_label_token,24,4096,4096,10000.0,0.2258717119693756,False,3400,1530,0.007913424633443356,0.2442654478783701,32.413387298583984,1000.5113051470588
9,pre_label_token,25,4096,4096,10000.0,0.2270210087299347,False,3400,1530,0.00785073172301054,0.24637852338404437,32.15659713745117,1009.1663909313726
9,pre_label_token,26,4096,4096,10000.0,0.22790102660655975,False,3400,1530,0.007757094688713551,0.24818462421691495,31.773059844970703,1016.5642156862746
9,pre_label_token,27,4096,4096,10000.0,0.22896036505699158,False,3400,1530,0.00791196245700121,0.25163859012080175,32.40739822387695,1030.7116727941177
9,pre_label_token,28,4096,4096,3162.2776601683795,0.23179058730602264,False,3400,1530,0.0049502914771437645,0.25366302191042434,20.27639389038086,1039.0037428513072
9,first_label_token,0,4096,4096,31622.776601683792,0.3113180994987488,False,3400,1530,0.07398811727762222,0.3076490589216644,303.0553283691406,1260.130499387255
9,first_label_token,1,4096,4096,31622.776601683792,0.28914687037467957,False,3400,1530,0.06191848963499069,0.3007631781833624,253.61813354492188,1231.926003370098
9,first_label_token,2,4096,4096,31622.776601683792,0.27117279171943665,False,3400,1530,0.051507044583559036,0.29156421399584004,210.9728546142578,1194.2469873366013
9,first_label_token,3,4096,4096,31622.776601683792,0.2661590576171875,False,3400,1530,0.049266424030065536,0.29366032282511395,201.79527282714844,1202.8326491013072
9,first_label_token,4,4096,4096,10000.0,0.2434774488210678,False,3400,1530,0.020437024533748627,0.2796492975521711,83.71004486083984,1145.443550857843
9,first_label_token,5,4096,4096,10000.0,0.23109887540340424,False,3400,1530,0.016932684928178787,0.2659052593256134,69.35627746582031,1089.147931985294
9,first_label_token,6,4096,4096,10000.0,0.22469918429851532,False,3400,1530,0.014066161587834358,0.2594627854091669,57.61499786376953,1062.7595383986927
9,first_label_token,7,4096,4096,10000.0,0.21995089948177338,False,3400,1530,0.012457804754376411,0.2580339120104422,51.02716827392578,1056.906934232026
9,first_label_token,8,4096,4096,10000.0,0.21466536819934845,False,3400,1530,0.01158258505165577,0.2529659215141745,47.44226837158203,1036.1484375
9,first_label_token,9,4096,4096,10000.0,0.21239420771598816,False,3400,1530,0.01048994716256857,0.24338974485210343,42.96682357788086,996.9244153390523
9,first_label_token,10,4096,4096,10000.0,0.21052661538124084,False,3400,1530,0.009774546138942242,0.24101466135261884,40.03654098510742,987.196075878268
9,first_label_token,11,4096,4096,10000.0,0.20957112312316895,False,3400,1530,0.009341596625745296,0.23984083163192849,38.26318359375,982.3880718954248
9,first_label_token,12,4096,4096,10000.0,0.20942720770835876,False,3400,1530,0.00915939174592495,0.24055755465638404,37.51686477661133,985.323743872549
9,first_label_token,13,4096,4096,10000.0,0.20962385833263397,False,3400,1530,0.008730403147637844,0.24003427168902228,35.75973129272461,983.1803717320262
9,first_label_token,14,4096,4096,10000.0,0.21103376150131226,False,3400,1530,0.00845526996999979,0.2414958311841379,34.632789611816406,989.1668938929738
9,first_label_token,15,4096,4096,10000.0,0.21117372810840607,False,3400,1530,0.008414370939135551,0.24183055154638353,34.46526336669922,990.5379391339869
9,first_label_token,16,4096,4096,10000.0,0.211286723613739,False,3400,1530,0.008413862437009811,0.24342629987429948,34.46317672729492,997.0741140727124
9,first_label_token,17,4096,4096,10000.0,0.21245327591896057,False,3400,1530,0.00845985859632492,0.24417455585953457,34.65158462524414,1000.1389705882353
9,first_label_token,18,4096,4096,10000.0,0.2130792737007141,False,3400,1530,0.008437907323241234,0.24629385081771152,34.561668395996094,1008.8196231617648
9,first_label_token,19,4096,4096,10000.0,0.21480661630630493,False,3400,1530,0.008498553186655045,0.24782693837982378,34.81007385253906,1015.0991804534314
9,first_label_token,20,4096,4096,10000.0,0.21715086698532104,False,3400,1530,0.008427095599472523,0.24837610394346948,34.51738357543945,1017.3485191993464
9,first_label_token,21,4096,4096,10000.0,0.21753066778182983,False,3400,1530,0.008448783308267593,0.24937225728253135,34.60621643066406,1021.4287785947712
9,first_label_token,22,4096,4096,10000.0,0.21927577257156372,False,3400,1530,0.008591635152697563,0.2506450883703294,35.19133758544922,1026.642289624183
9,first_label_token,23,4096,4096,10000.0,0.22028908133506775,False,3400,1530,0.008659064769744873,0.25207583358864377,35.467529296875,1032.5025939542484
9,first_label_token,24,4096,4096,10000.0,0.22075840830802917,False,3400,1530,0.008733773604035378,0.25384850533179987,35.77354049682617,1039.7634701797385
9,first_label_token,25,4096,4096,10000.0,0.22168482840061188,False,3400,1530,0.008708368986845016,0.25518451266818576,35.66947937011719,1045.2357128267975
9,first_label_token,26,4096,4096,10000.0,0.2227499634027481,False,3400,1530,0.008784128352999687,0.25664428012822965,35.979793548583984,1051.214986723856
9,first_label_token,27,4096,4096,10000.0,0.2238123118877411,False,3400,1530,0.008919300511479378,0.2586991989534665,36.53345489501953,1059.6319035947713
9,first_label_token,28,4096,4096,10000.0,0.2248009443283081,False,3400,1530,0.009182932786643505,0.2604560527926177,37.6132926940918,1066.8279794730392
9,last_label_token,0,4096,4096,31622.776601683792,0.2964859902858734,False,3400,1530,0.0564114972949028,0.3042390598970301,231.06153869628906,1246.1631995506536
9,last_label_token,1,4096,4096,31622.776601683792,0.2729937732219696,False,3400,1530,0.044351253658533096,0.2990771125344669,181.6627197265625,1225.0198325163399
9,last_label_token,2,4096,4096,31622.776601683792,0.25783056020736694,False,3400,1530,0.035105183720588684,0.2871023128235262,143.79083251953125,1175.9711039624183
9,last_label_token,3,4096,4096,31622.776601683792,0.25248533487319946,False,3400,1530,0.03290754184126854,0.2896969601998921,134.78929138183594,1186.5986928104576
9,last_label_token,4,4096,4096,10000.0,0.23640228807926178,False,3400,1530,0.014547762461006641,0.2782734646516688,59.5876350402832,1139.8081622753268
9,last_label_token,5,4096,4096,10000.0,0.22703970968723297,False,3400,1530,0.012733396142721176,0.26887706557130503,52.15599060058594,1101.3204529207517
9,last_label_token,6,4096,4096,10000.0,0.22130335867404938,False,3400,1530,0.011491400189697742,0.2614505892485575,47.06877517700195,1070.901611008987
9,last_label_token,7,4096,4096,31622.776601683792,0.21638360619544983,False,3400,1530,0.01912502944469452,0.24909502976860096,78.33610534667969,1020.2932444852942
9,last_label_token,8,4096,4096,31622.776601683792,0.21215401589870453,False,3400,1530,0.017828913405537605,0.24632273717643388,73.0272216796875,1008.9379314746732
9,last_label_token,9,4096,4096,31622.776601683792,0.2101699262857437,False,3400,1530,0.016304979100823402,0.24147604649363,66.78519439697266,989.085853247549
9,last_label_token,10,4096,4096,31622.776601683792,0.20990310609340668,False,3400,1530,0.015733489766716957,0.24249047672047336,64.44437408447266,993.2410181781046
9,last_label_token,11,4096,4096,31622.776601683792,0.20935139060020447,False,3400,1530,0.015283478423953056,0.241120186350704,62.60112762451172,987.628293504902
9,last_label_token,12,4096,4096,31622.776601683792,0.20959579944610596,False,3400,1530,0.014661134220659733,0.2412685325722289,60.05200958251953,988.2359094158496
9,last_label_token,13,4096,4096,31622.776601683792,0.20904245972633362,False,3400,1530,0.014269478619098663,0.240471904729706,58.447784423828125,984.9728885825164
9,last_label_token,14,4096,4096,10000.0,0.20992214977741241,False,3400,1530,0.007803924847394228,0.24340391159057617,31.964876174926758,996.9824422998366
9,last_label_token,15,4096,4096,10000.0,0.20995794236660004,False,3400,1530,0.007745032198727131,0.24388453415016723,31.723651885986328,998.9510927287582
9,last_label_token,16,4096,4096,31622.776601683792,0.21019624173641205,False,3400,1530,0.013859481550753117,0.24266833698048312,56.768436431884766,993.9695082720589
9,last_label_token,17,4096,4096,10000.0,0.2110692858695984,False,3400,1530,0.00763455405831337,0.244357934340932,31.271133422851562,1000.8901296977124
9,last_label_token,18,4096,4096,10000.0,0.21112370491027832,False,3400,1530,0.007542944047600031,0.24447505552005144,30.895898818969727,1001.3698274101307
9,last_label_token,19,4096,4096,10000.0,0.21278434991836548,False,3400,1530,0.007443644106388092,0.24476070778042663,30.48917007446289,1002.5398667279412
9,last_label_token,20,4096,4096,10000.0,0.21390053629875183,False,3400,1530,0.0073848688043653965,0.2443453545663871,30.248422622680664,1000.838569750817
9,last_label_token,21,4096,4096,10000.0,0.2144891321659088,False,3400,1530,0.007359210401773453,0.24438841202679804,30.143325805664062,1001.0149024714052
9,last_label_token,22,4096,4096,10000.0,0.21568268537521362,False,3400,1530,0.007391574792563915,0.2455590447569205,30.275890350341797,1005.8098294526144
9,last_label_token,23,4096,4096,10000.0,0.2163814902305603,False,3400,1530,0.007372574880719185,0.2459075366749483,30.19806480407715,1007.2372191584967
9,last_label_token,24,4096,4096,10000.0,0.21677494049072266,False,3400,1530,0.007367395330220461,0.2465529186273712,30.176851272583008,1009.8807342728758
9,last_label_token,25,4096,4096,10000.0,0.21749664843082428,False,3400,1530,0.007269164547324181,0.24729459924635544,29.774497985839844,1012.9186887254901
9,last_label_token,26,4096,4096,10000.0,0.2178739458322525,False,3400,1530,0.007247426547110081,0.2481870900571736,29.685461044311523,1016.5743361928105
9,last_label_token,27,4096,4096,10000.0,0.21873541176319122,False,3400,1530,0.007255556061863899,0.24915604622535456,29.71875762939453,1020.5431295955882
9,last_label_token,28,4096,4096,10000.0,0.21897614002227783,False,3400,1530,0.0073422580026090145,0.2496035719229505,30.07388687133789,1022.3761999591503
10,pre_label_token,0,4096,4096,0.1,0.3663851320743561,True,3400,1530,0.3306626081466675,0.36728312423805787,1354.3939208984375,1504.3916870915032
10,pre_label_token,1,4096,4096,100000.0,0.2823457717895508,False,3400,1530,0.06436711549758911,0.32386735280354817,263.647705078125,1326.5606821895424
10,pre_label_token,2,4096,4096,10000.0,0.27401864528656006,False,3400,1530,0.026700422167778015,0.3072382309857537,109.36492156982422,1258.4478043300653
10,pre_label_token,3,4096,4096,3162.2776601683795,0.2580295205116272,False,3400,1530,0.01571785844862461,0.30442575442245584,64.3803482055664,1246.9278799019608
10,pre_label_token,4,4096,4096,3162.2776601683795,0.23310717940330505,False,3400,1530,0.011665096506476402,0.2864312153236539,47.780235290527344,1173.2222273284315
10,pre_label_token,5,4096,4096,31622.776601683792,0.22513365745544434,False,3400,1530,0.01961647905409336,0.26393934449339224,80.3490982055664,1081.0955269607844
10,pre_label_token,6,4096,4096,31622.776601683792,0.215899258852005,False,3400,1530,0.018652621656656265,0.25945220461078716,76.40113830566406,1062.7162275326798
10,pre_label_token,7,4096,4096,31622.776601683792,0.21106530725955963,False,3400,1530,0.0169150959700346,0.25504559660269543,69.28422546386719,1044.6667815563726
10,pre_label_token,8,4096,4096,31622.776601683792,0.20774759352207184,False,3400,1530,0.015388794243335724,0.249637608746298,63.032501220703125,1022.5156505310457
10,pre_label_token,9,4096,4096,31622.776601683792,0.1986982673406601,False,3400,1530,0.01298975758254528,0.228681682137882,53.20604705810547,936.6801725898692
10,pre_label_token,10,4096,4096,31622.776601683792,0.19689403474330902,False,3400,1530,0.012885073199868202,0.22538202323165593,52.77726364135742,923.1647314133987
10,pre_label_token,11,4096,4096,31622.776601683792,0.19682395458221436,False,3400,1530,0.011991806328296661,0.22570926628860774,49.118438720703125,924.5051240808823
10,pre_label_token,12,4096,4096,31622.776601683792,0.19656148552894592,False,3400,1530,0.011974424123764038,0.22546485514422648,49.0472412109375,923.5040415645425
10,pre_label_token,13,4096,4096,31622.776601683792,0.19670450687408447,False,3400,1530,0.010496013797819614,0.2243934668746649,42.99167251586914,919.1156301062091
10,pre_label_token,14,4096,4096,31622.776601683792,0.19886070489883423,False,3400,1530,0.011022127233445644,0.22768615523194954,45.14663314819336,932.6024816176471
10,pre_label_token,15,4096,4096,31622.776601683792,0.20028145611286163,False,3400,1530,0.010789280757308006,0.22837159212897806,44.19289779663086,935.4100056168301
10,pre_label_token,16,4096,4096,31622.776601683792,0.20044328272342682,False,3400,1530,0.010435320436954498,0.22940547170202716,42.74307632446289,939.6448069852942
10,pre_label_token,17,4096,4096,10000.0,0.20164230465888977,False,3400,1530,0.006494547706097364,0.2327228371613945,26.601667404174805,953.2327410130719
10,pre_label_token,18,4096,4096,10000.0,0.20411993563175201,False,3400,1530,0.006421456579118967,0.23383719999026628,26.302288055419922,957.7971507352942
10,pre_label_token,19,4096,4096,10000.0,0.20726118981838226,False,3400,1530,0.006558227352797985,0.23588588502671984,26.862497329711914,966.1885978349674
10,pre_label_token,20,4096,4096,10000.0,0.21221700310707092,False,3400,1530,0.006988034583628178,0.23768886740690742,28.622989654541016,973.5736085580065
10,pre_label_token,21,4096,4096,10000.0,0.2154560387134552,False,3400,1530,0.007232734002172947,0.2397952547260359,29.62527847290039,982.2013786764705
10,pre_label_token,22,4096,4096,10000.0,0.220035582780838,False,3400,1530,0.007378818467259407,0.24093183130999796,30.22364044189453,986.8567912581699
10,pre_label_token,23,4096,4096,10000.0,0.22339291870594025,False,3400,1530,0.007454067934304476,0.24227431054208792,30.5318603515625,992.3555912990196
10,pre_label_token,24,4096,4096,10000.0,0.22556130588054657,False,3400,1530,0.00756900105625391,0.24432035707959943,31.002628326416016,1000.7361723856209
10,pre_label_token,25,4096,4096,10000.0,0.22707800567150116,False,3400,1530,0.007512347307056189,0.24695884978849125,30.770578384399414,1011.5434640522876
10,pre_label_token,26,4096,4096,10000.0,0.22759732604026794,False,3400,1530,0.007431853096932173,0.24856423895343457,30.44087028503418,1018.119122753268
10,pre_label_token,27,4096,4096,10000.0,0.22871972620487213,False,3400,1530,0.0076171332038939,0.2518599391762727,31.199777603149414,1031.6183389501634
10,pre_label_token,28,4096,4096,3162.2776601683795,0.23159940540790558,False,3400,1530,0.004693181253969669,0.25411692351297616,19.223270416259766,1040.8629340277778
10,first_label_token,0,4096,4096,31622.776601683792,0.3120640218257904,False,3400,1530,0.0758032500743866,0.30672484379188686,310.4901428222656,1256.3449857026144
10,first_label_token,1,4096,4096,31622.776601683792,0.287310391664505,False,3400,1530,0.06270340085029602,0.2992671337003022,256.8331298828125,1225.7981643178105
10,first_label_token,2,4096,4096,31622.776601683792,0.2694718539714813,False,3400,1530,0.051718953996896744,0.2892629068661359,211.84083557128906,1184.8208843954249
10,first_label_token,3,4096,4096,31622.776601683792,0.2646854519844055,False,3400,1530,0.04942160099744797,0.2922841078315685,202.4308624267578,1197.195720996732
10,first_label_token,4,4096,4096,10000.0,0.24326792359352112,False,3400,1530,0.020788254216313362,0.2794532532785453,85.14868927001953,1144.640522875817
10,first_label_token,5,4096,4096,10000.0,0.2290279120206833,False,3400,1530,0.016915589570999146,0.26537453769858366,69.2862548828125,1086.9741268382354
10,first_label_token,6,4096,4096,10000.0,0.22230154275894165,False,3400,1530,0.013921394012868404,0.26000121372197965,57.022029876708984,1064.9649662990196
10,first_label_token,7,4096,4096,10000.0,0.21796181797981262,False,3400,1530,0.012344308197498322,0.2577980035270741,50.562286376953125,1055.9406173406862
10,first_label_token,8,4096,4096,10000.0,0.21294903755187988,False,3400,1530,0.011447255499660969,0.25255375781090433,46.88795852661133,1034.460222630719
10,first_label_token,9,4096,4096,10000.0,0.21057124435901642,False,3400,1530,0.010246822610497475,0.2444340624840431,41.97098922729492,1001.2018969566993
10,first_label_token,10,4096,4096,10000.0,0.2091977447271347,False,3400,1530,0.009608310647308826,0.24264973160488154,39.35564041137695,993.8932955473856
10,first_label_token,11,4096,4096,10000.0,0.20844832062721252,False,3400,1530,0.009210062213242054,0.24025893491857192,37.72441482543945,984.1006229575163
10,first_label_token,12,4096,4096,10000.0,0.2084849327802658,False,3400,1530,0.009000154212117195,0.2409726878396826,36.86463165283203,987.0241140727125
10,first_label_token,13,4096,4096,10000.0,0.20819418132305145,False,3400,1530,0.008555399253964424,0.2401719361348869,35.04291534423828,983.7442657271242
10,first_label_token,14,4096,4096,10000.0,0.21010670065879822,False,3400,1530,0.008297747001051903,0.24125825470569087,33.987571716308594,988.1938010620916
10,first_label_token,15,4096,4096,10000.0,0.2104395180940628,False,3400,1530,0.008262851275503635,0.2409838308695874,33.84463882446289,987.0697610294118
10,first_label_token,16,4096,4096,10000.0,0.21051843464374542,False,3400,1530,0.008266457356512547,0.24239392374076096,33.85940933227539,992.8455269607844
10,first_label_token,17,4096,4096,10000.0,0.2118067443370819,False,3400,1530,0.008343540132045746,0.24331538942125108,34.175140380859375,996.6198580473856
10,first_label_token,18,4096,4096,10000.0,0.2123069167137146,False,3400,1530,0.008321971632540226,0.2446389815386604,34.08679962158203,1002.0412785947713
10,first_label_token,19,4096,4096,10000.0,0.213966503739357,False,3400,1530,0.008401382714509964,0.24548257752960803,34.41206359863281,1005.4966426674837
10,first_label_token,20,4096,4096,10000.0,0.21651270985603333,False,3400,1530,0.008347303606569767,0.2459008335288054,34.190555572509766,1007.2098141339869
10,first_label_token,21,4096,4096,10000.0,0.21705374121665955,False,3400,1530,0.008394855074584484,0.247394399705276,34.38532638549805,1013.3274305555556
10,first_label_token,22,4096,4096,10000.0,0.21886992454528809,False,3400,1530,0.008547372184693813,0.24889141157561656,35.01003646850586,1019.4592652165032
10,first_label_token,23,4096,4096,10000.0,0.21980085968971252,False,3400,1530,0.008639923296868801,0.2499693166196736,35.38912582397461,1023.8743106617648
10,first_label_token,24,4096,4096,10000.0,0.22014914453029633,False,3400,1530,0.008714786730706692,0.25188844593521814,35.69576644897461,1031.7350745506535
10,first_label_token,25,4096,4096,10000.0,0.22109422087669373,False,3400,1530,0.00864007230848074,0.25331619611752576,35.38973617553711,1037.5831392973855
10,first_label_token,26,4096,4096,10000.0,0.22202540934085846,False,3400,1530,0.008723867125809193,0.2547028572730769,35.73295593261719,1043.262890625
10,first_label_token,27,4096,4096,10000.0,0.22325126826763153,False,3400,1530,0.008854474872350693,0.25745000527575124,36.26792907714844,1054.5152318218954
10,first_label_token,28,4096,4096,10000.0,0.22434552013874054,False,3400,1530,0.009130938909947872,0.25928985371309166,37.40032958984375,1062.051225490196
10,last_label_token,0,4096,4096,31622.776601683792,0.29738330841064453,False,3400,1530,0.056672729551792145,0.3024295894149082,232.13148498535156,1238.7516110089869
10,last_label_token,1,4096,4096,31622.776601683792,0.27273231744766235,False,3400,1530,0.044380079954862595,0.2953275530946021,181.7808074951172,1209.6616676879084
10,last_label_token,2,4096,4096,31622.776601683792,0.2567015290260315,False,3400,1530,0.0347457230091095,0.28440638648139105,142.31846618652344,1164.9285717933008
10,last_label_token,3,4096,4096,31622.776601683792,0.25182950496673584,False,3400,1530,0.032543011009693146,0.28805351070329255,133.29617309570312,1179.8671849468953
10,last_label_token,4,4096,4096,10000.0,0.2346504032611847,False,3400,1530,0.014367939904332161,0.27626239302890754,58.85108184814453,1131.5707312091504
10,last_label_token,5,4096,4096,10000.0,0.2253922075033188,False,3400,1530,0.01250865776091814,0.2667989369311364,51.2354621887207,1092.8084150326797
10,last_label_token,6,4096,4096,10000.0,0.21972276270389557,False,3400,1530,0.011308016255497932,0.26137237798154744,46.31763458251953,1070.5812653186274
10,last_label_token,7,4096,4096,31622.776601683792,0.2150760293006897,False,3400,1530,0.018739692866802216,0.24861784916298063,76.75778198242188,1018.3387101715687
10,last_label_token,8,4096,4096,31622.776601683792,0.2111777365207672,False,3400,1530,0.01749699003994465,0.24567388522079567,71.66767883300781,1006.2802185457516
10,last_label_token,9,4096,4096,31622.776601683792,0.20926739275455475,False,3400,1530,0.015891212970018387,0.241850357429654,65.09040832519531,990.6191125408496
10,last_label_token,10,4096,4096,31622.776601683792,0.20901750028133392,False,3400,1530,0.015381686389446259,0.24303978128370896,63.003395080566406,995.4909594566993
10,last_label_token,11,4096,4096,31622.776601683792,0.20844590663909912,False,3400,1530,0.014961130917072296,0.24173363143322515,61.28079605102539,990.1409543504902
10,last_label_token,12,4096,4096,31622.776601683792,0.20858973264694214,False,3400,1530,0.014315228909254074,0.24170312632143107,58.63517379760742,990.0160003063726
10,last_label_token,13,4096,4096,31622.776601683792,0.2080511599779129,False,3400,1530,0.013971368782222271,0.2407856760461346,57.22672653198242,986.2581597222222
10,last_label_token,14,4096,4096,10000.0,0.20914603769779205,False,3400,1530,0.007548809517174959,0.24432568394280726,30.919919967651367,1000.7579861111111
10,last_label_token,15,4096,4096,10000.0,0.209244966506958,False,3400,1530,0.007505958434194326,0.24461642869936875,30.74440574645996,1001.948894505719
10,last_label_token,16,4096,4096,10000.0,0.20943216979503632,False,3400,1530,0.007467992603778839,0.2443682701759089,30.588899612426758,1000.9323988970589
10,last_label_token,17,4096,4096,10000.0,0.21043893694877625,False,3400,1530,0.00743530597537756,0.2449435190437666,30.45500946044922,1003.2886335784314
10,last_label_token,18,4096,4096,10000.0,0.21043382585048676,False,3400,1530,0.007348491810262203,0.24471808913486456,30.09942054748535,1002.3652982026143
10,last_label_token,19,4096,4096,10000.0,0.21199296414852142,False,3400,1530,0.007271693088114262,0.2446209876365911,29.784854888916016,1001.9675653594771
10,last_label_token,20,4096,4096,10000.0,0.21317614614963531,False,3400,1530,0.00722606061026454,0.24421467625237758,29.597944259643555,1000.3033343545752
10,last_label_token,21,4096,4096,10000.0,0.2141018658876419,False,3400,1530,0.007223567459732294,0.2440560814601923,29.587732315063477,999.6537300857843
10,last_label_token,22,4096,4096,10000.0,0.2154177576303482,False,3400,1530,0.0072589460760355,0.24496635362213734,29.732643127441406,1003.3821844362745
10,last_label_token,23,4096,4096,10000.0,0.21616114675998688,False,3400,1530,0.007256417069584131,0.2451896430620181,29.7222843170166,1004.2968009599673
10,last_label_token,24,4096,4096,10000.0,0.2165786325931549,False,3400,1530,0.007271370850503445,0.24593310574300928,29.783536911010742,1007.341983251634
10,last_label_token,25,4096,4096,10000.0,0.2172454446554184,False,3400,1530,0.007142293266952038,0.24677248063430288,29.254833221435547,1010.7800934436275
10,last_label_token,26,4096,4096,10000.0,0.21751290559768677,False,3400,1530,0.007129866164177656,0.24764193615882224,29.203929901123047,1014.3413858251633
10,last_label_token,27,4096,4096,10000.0,0.21831834316253662,False,3400,1530,0.007125914096832275,0.24871674082637613,29.187744140625,1018.7437525531046
10,last_label_token,28,4096,4096,10000.0,0.21862435340881348,False,3400,1530,0.007217247970402241,0.24912783928166807,29.561845779418945,1020.4276296977124
10,last_prompt_token,0,4096,4096,0.1,0.3663851320743561,True,3400,1530,0.3306626081466675,0.36728312423805787,1354.3939208984375,1504.3916870915032
10,last_prompt_token,1,4096,4096,100000.0,0.2808334529399872,False,3400,1530,0.06464546173810959,0.3207364325429879,264.7878112792969,1313.7364225898693
10,last_prompt_token,2,4096,4096,3162.2776601683795,0.27337631583213806,False,3400,1530,0.018981264904141426,0.31576390609242555,77.74724578857422,1293.3689133986927
10,last_prompt_token,3,4096,4096,1000.0,0.2578878104686737,False,3400,1530,0.011216950602829456,0.3118507223191604,45.94462966918945,1277.3405381944444
10,last_prompt_token,4,4096,4096,3162.2776601683795,0.2325916290283203,False,3400,1530,0.011865021660923958,0.2868759217605092,48.59912872314453,1175.0437602124182
10,last_prompt_token,5,4096,4096,100000.0,0.22500106692314148,False,3400,1530,0.03406612202525139,0.26299678204106347,139.5348358154297,1077.2348243464053
10,last_prompt_token,6,4096,4096,31622.776601683792,0.21575409173965454,False,3400,1530,0.018366169184446335,0.25897531758726033,75.22782897949219,1060.7629212622548
10,last_prompt_token,7,4096,4096,31622.776601683792,0.2109510749578476,False,3400,1530,0.016443198546767235,0.2545143488965003,67.3513412475586,1042.4907960580065
10,last_prompt_token,8,4096,4096,31622.776601683792,0.2073362171649933,False,3400,1530,0.014815683476626873,0.2482912481220719,60.68504333496094,1017.000949754902
10,last_prompt_token,9,4096,4096,31622.776601683792,0.19846631586551666,False,3400,1530,0.01240556314587593,0.22777162315019595,50.81318664550781,932.952578635621
10,last_prompt_token,10,4096,4096,31622.776601683792,0.19657211005687714,False,3400,1530,0.012295960448682308,0.22465937620674084,50.3642578125,920.2048049428105
10,last_prompt_token,11,4096,4096,31622.776601683792,0.1966254860162735,False,3400,1530,0.01145557314157486,0.22495203828499988,46.922027587890625,921.4035283905229
10,last_prompt_token,12,4096,4096,31622.776601683792,0.1962951421737671,False,3400,1530,0.011509152129292488,0.22489135966581456,47.1414909362793,921.154993872549
10,last_prompt_token,13,4096,4096,31622.776601683792,0.19637992978096008,False,3400,1530,0.010145009495317936,0.22383785372466045,41.553955078125,916.8398590686274
10,last_prompt_token,14,4096,4096,31622.776601683792,0.1985865831375122,False,3400,1530,0.010764951817691326,0.2273207546059602,44.09324264526367,931.1058236315359
10,last_prompt_token,15,4096,4096,31622.776601683792,0.20018720626831055,False,3400,1530,0.010560932569205761,0.22824336781221277,43.2575798034668,934.8848141339869
10,last_prompt_token,16,4096,4096,31622.776601683792,0.20025764405727386,False,3400,1530,0.01028264407068491,0.2291911704867494,42.11771774291992,938.7670241013072
10,last_prompt_token,17,4096,4096,31622.776601683792,0.2012217789888382,False,3400,1530,0.011490083299577236,0.2316064896926381,47.063385009765625,948.6601894403594
10,last_prompt_token,18,4096,4096,10000.0,0.2039179652929306,False,3400,1530,0.006322128232568502,0.23375412311429292,25.895437240600586,957.4569035947712
10,last_prompt_token,19,4096,4096,10000.0,0.20693597197532654,False,3400,1530,0.006504986900836229,0.2354325412924773,26.644428253173828,964.331707005719
10,last_prompt_token,20,4096,4096,10000.0,0.21170197427272797,False,3400,1530,0.006965202745050192,0.23768639346353368,28.529470443725586,973.5634727328431
10,last_prompt_token,21,4096,4096,10000.0,0.21456682682037354,False,3400,1530,0.007238838821649551,0.23936061422809277,29.650283813476562,980.42109375
10,last_prompt_token,22,4096,4096,10000.0,0.2189592719078064,False,3400,1530,0.0073911091312766075,0.24054691152634963,30.273983001708984,985.2801521650326
10,last_prompt_token,23,4096,4096,10000.0,0.22236762940883636,False,3400,1530,0.007475588470697403,0.24186406478383182,30.620010375976562,990.6752195669935
10,last_prompt_token,24,4096,4096,10000.0,0.22453905642032623,False,3400,1530,0.007600142154842615,0.2441683563531614,31.13018226623535,1000.1135569852942
10,last_prompt_token,25,4096,4096,10000.0,0.22631990909576416,False,3400,1530,0.007540734484791756,0.24651314729179433,30.886850357055664,1009.7178513071896
10,last_prompt_token,26,4096,4096,10000.0,0.2271685004234314,False,3400,1530,0.007453582715243101,0.24823092541663475,30.529874801635742,1016.7538807189543
10,last_prompt_token,27,4096,4096,10000.0,0.22832709550857544,False,3400,1530,0.007650719489902258,0.2516464426626567,31.33734703063965,1030.7438265931373
10,last_prompt_token,28,4096,4096,10000.0,0.23180578649044037,False,3400,1530,0.008071635849773884,0.2534460902993196,33.06142044067383,1038.115155228758
