icl_example_index,token_role,layer,feature_dim,target_dim,best_alpha,cv_mse,alpha_pinned,train_sample_count,test_sample_count,train_mse,test_mse,train_mean_squared_l2,test_mean_squared_l2,test_r2,test_r2_testmean_baseline,train_r2
1,pre_label_token,0,4096,4096,0.1,0.3663851320743561,True,3400,1530,0.3306626081466675,0.36728312423805787,1354.3939208984375,1504.3916870915032,3.107816048952827e-08,-0.22291542011485976,-9.012910551220443e-08
1,pre_label_token,1,4096,4096,316227.7660168379,0.3234192430973053,False,3400,1530,0.18538622558116913,0.34103171778660196,759.3418579101562,1396.8658854166667,0.07147460723809151,-0.13550805606624605,0.4393492408200126
1,pre_label_token,2,4096,4096,316227.7660168379,0.31545376777648926,False,3400,1530,0.1744200587272644,0.33657416549383423,714.424560546875,1378.6078073937908,0.08361116309941119,-0.12066607429509135,0.47251346190851085
1,pre_label_token,3,4096,4096,31622.776601683792,0.3093821704387665,False,3400,1530,0.11505855619907379,0.34771569569905597,471.27984619140625,1424.2434742647058,0.05327617321367395,-0.15776320234829844,0.6520363544759691
1,pre_label_token,4,4096,4096,100000.0,0.30460092425346375,False,3400,1530,0.13180366158485413,0.3374055288975535,539.8677978515625,1382.0131076388889,0.08134761401964696,-0.12343420345495026,0.6013952886812715
1,pre_label_token,5,4096,4096,100000.0,0.30203449726104736,False,3400,1530,0.13060200214385986,0.3398322136573542,534.94580078125,1391.952752246732,0.07474049127362348,-0.13151415599476413,0.6050293843416001
1,pre_label_token,6,4096,4096,100000.0,0.3015703558921814,False,3400,1530,0.12761908769607544,0.33784734563889846,522.727783203125,1383.8227481617646,0.08014468173537526,-0.12490528794045885,0.6140504065047978
1,pre_label_token,7,4096,4096,100000.0,0.2991844117641449,False,3400,1530,0.12618272006511688,0.3366864335303213,516.8444213867188,1379.067590890523,0.08330549146467203,-0.12103988486232309,0.6183943139349961
1,pre_label_token,8,4096,4096,100000.0,0.29666322469711304,False,3400,1530,0.12569187581539154,0.3375886954513251,514.8339233398438,1382.763311887255,0.08084890733809413,-0.12404407956488939,0.6198787403015449
1,pre_label_token,9,4096,4096,100000.0,0.29674187302589417,False,3400,1530,0.12523819506168365,0.3341639624701606,512.9756469726562,1368.7355902777779,0.09017341110296162,-0.1126409997715272,0.6212507756736136
1,pre_label_token,10,4096,4096,100000.0,0.2958265244960785,False,3400,1530,0.12361665815114975,0.3321250479205761,506.33380126953125,1360.3842013888889,0.09572475379110879,-0.10585217698486593,0.626154677768169
1,pre_label_token,11,4096,4096,100000.0,0.2941972613334656,False,3400,1530,0.12263689935207367,0.33010840945773656,502.32080078125,1352.1240910947713,0.1012154454866494,-0.09913752523461361,0.6291176946416894
1,pre_label_token,12,4096,4096,100000.0,0.29418984055519104,False,3400,1530,0.12157245725393295,0.33080153371773513,497.9607849121094,1354.9630872140524,0.09932827944847267,-0.10144536975474083,0.6323368133683094
1,pre_label_token,13,4096,4096,100000.0,0.291067898273468,False,3400,1530,0.11902933567762375,0.3312110589220633,487.5441589355469,1356.6404667075165,0.09821326717435719,-0.10280893550075088,0.6400278003225721
1,pre_label_token,14,4096,4096,100000.0,0.28922054171562195,False,3400,1530,0.1168675422668457,0.3325438555549173,478.689453125,1362.0996119281047,0.09458446829012301,-0.10724664975069254,0.6465655628404909
1,pre_label_token,15,4096,4096,100000.0,0.288780152797699,False,3400,1530,0.11743328720331192,0.33386540755726934,481.0067138671875,1367.5126991421569,0.09098628510644902,-0.111646923587158,0.6448546194997024
1,pre_label_token,16,4096,4096,100000.0,0.28869786858558655,False,3400,1530,0.11779782176017761,0.3346935197418811,482.4998779296875,1370.9045955882352,0.08873158810507298,-0.1144042274035193,0.6437521828142723
1,pre_label_token,17,4096,4096,31622.776601683792,0.28812167048454285,False,3400,1530,0.09255857020616531,0.3393130034403084,379.1199035644531,1389.8260212418302,0.07615414239627405,-0.12978538018448504,0.720081508256502
1,pre_label_token,18,4096,4096,31622.776601683792,0.28871530294418335,False,3400,1530,0.0926845371723175,0.3392509959102456,379.6358642578125,1389.5720639297385,0.07632296999559363,-0.12957891830351964,0.7197005550600959
1,pre_label_token,19,4096,4096,31622.776601683792,0.287898451089859,False,3400,1530,0.09218361228704453,0.33856116026834726,377.5840759277344,1386.746466503268,0.07820118212932725,-0.12728202365154662,0.7212154675965587
1,pre_label_token,20,4096,4096,31622.776601683792,0.2880910336971283,False,3400,1530,0.09227624535560608,0.3400094861298605,377.9635009765625,1392.6788858251634,0.07425783237835104,-0.13210440701879245,0.7209353238045839
1,pre_label_token,21,4096,4096,31622.776601683792,0.28776243329048157,False,3400,1530,0.09222155064344406,0.3390845217735939,377.7394714355469,1388.8901960784315,0.0767762283145631,-0.12902462169872986,0.7211007332453373
1,pre_label_token,22,4096,4096,31622.776601683792,0.28857147693634033,False,3400,1530,0.09277680516242981,0.3396568622464448,380.0137939453125,1391.2345230800654,0.07521791970386671,-0.13093030138727335,0.7194215153496626
1,pre_label_token,23,4096,4096,31622.776601683792,0.28832221031188965,False,3400,1530,0.0927463248372078,0.3395428788428213,379.888916015625,1390.7676470588235,0.07552826176033223,-0.13055077928911674,0.7195136948922485
1,pre_label_token,24,4096,4096,31622.776601683792,0.28834131360054016,False,3400,1530,0.09242843091487885,0.3394668441971922,378.5868225097656,1390.4562295751634,0.07573528091870996,-0.13029761236020931,0.7204750795276694
1,pre_label_token,25,4096,4096,31622.776601683792,0.28860315680503845,False,3400,1530,0.09240882843732834,0.33919431025685826,378.50653076171875,1389.3398999183007,0.07647730774727568,-0.12939017628121596,0.7205343619467707
1,pre_label_token,26,4096,4096,31622.776601683792,0.2890261113643646,False,3400,1530,0.09235891699790955,0.3389908360499962,378.3021240234375,1388.506454248366,0.0770313059767358,-0.12871268328263774,0.7206853056661013
1,pre_label_token,27,4096,4096,31622.776601683792,0.2889522910118103,False,3400,1530,0.09266822785139084,0.3387118308372747,379.5690612792969,1387.363684640523,0.07779095210703202,-0.12778370028719688,0.7197498782130463
1,pre_label_token,28,4096,4096,31622.776601683792,0.2902257740497589,False,3400,1530,0.0936400517821312,0.3391735912148469,383.5496520996094,1389.255024509804,0.07653371938178899,-0.12932118962135175,0.7168108582138484
1,first_label_token,0,4096,4096,31622.776601683792,0.31366801261901855,False,3400,1530,0.07762432843446732,0.3055189612644171,317.9492492675781,1251.4056398080065,0.1681650160124839,-0.017263860524020513,0.7652461042820788
1,first_label_token,1,4096,4096,31622.776601683792,0.2947775721549988,False,3400,1530,0.07082031667232513,0.302654748804429,290.08001708984375,1239.6738153594772,0.17596339329136257,-0.007727104401421769,0.7858230071666158
1,first_label_token,2,4096,4096,31622.776601683792,0.27579450607299805,False,3400,1530,0.06160261854529381,0.2862484732484506,252.32432556152344,1172.4737898284313,0.2206326796358875,0.046899656372523246,0.8136994550343639
1,first_label_token,3,4096,4096,31622.776601683792,0.2733355760574341,False,3400,1530,0.059597164392471313,0.2889956792195638,244.11001586914062,1183.7263199550653,0.21315287535292649,0.03775248809117193,0.819764411531298
1,first_label_token,4,4096,4096,31622.776601683792,0.26581883430480957,False,3400,1530,0.05088306963443756,0.2828503166148865,208.41705322265625,1158.5549428104575,0.22988482410891553,0.05821424686935639,0.8461178465092322
1,first_label_token,5,4096,4096,31622.776601683792,0.26005396246910095,False,3400,1530,0.04564565047621727,0.2778979918536018,186.96458435058594,1138.2701822916667,0.24336849455429554,0.07470363588921858,0.8619570115712252
1,first_label_token,6,4096,4096,31622.776601683792,0.2584867775440216,False,3400,1530,0.04278017580509186,0.279314638274947,175.22760009765625,1144.0727175245097,0.23951139826037438,0.0699867332079217,0.8706228687283099
1,first_label_token,7,4096,4096,31622.776601683792,0.2500835657119751,False,3400,1530,0.038548339158296585,0.2766497294108073,157.89401245117188,1133.1573171977125,0.24676713261203476,0.07885988290658563,0.8834209200469212
1,first_label_token,8,4096,4096,31622.776601683792,0.24777525663375854,False,3400,1530,0.03735407814383507,0.2754613003699608,153.00230407714844,1128.2895220588234,0.25000286255845616,0.0828169070763688,0.8870326411568251
1,first_label_token,9,4096,4096,31622.776601683792,0.2480185180902481,False,3400,1530,0.037861138582229614,0.27220372156380046,155.0792236328125,1114.9464511846404,0.25887225646725276,0.09366342599159871,0.8854991732907804
1,first_label_token,10,4096,4096,31622.776601683792,0.24943996965885162,False,3400,1530,0.03800663352012634,0.2716859138089847,155.67515563964844,1112.8254621119281,0.2602820891128377,0.09538753212724793,0.8850591629980366
1,first_label_token,11,4096,4096,31622.776601683792,0.24863173067569733,False,3400,1530,0.03774280101060867,0.2722228442921358,154.59451293945312,1115.024765114379,0.2588201911081903,0.09359975445916868,0.8858570534361947
1,first_label_token,12,4096,4096,31622.776601683792,0.24961216747760773,False,3400,1530,0.03820967674255371,0.27318637511309457,156.50685119628906,1118.9713975694444,0.2561967904468806,0.09039155723760861,0.8844451134026937
1,first_label_token,13,4096,4096,31622.776601683792,0.2501979172229767,False,3400,1530,0.03808754310011864,0.27313680711135363,156.00657653808594,1118.7683517156863,0.25633174900318045,0.09055660014231337,0.884814473742913
1,first_label_token,14,4096,4096,31622.776601683792,0.25060537457466125,False,3400,1530,0.03804349526762962,0.27315478231392654,155.82615661621094,1118.841983251634,0.25628280800690795,0.09049674944143593,0.884947684560749
1,first_label_token,15,4096,4096,31622.776601683792,0.25058457255363464,False,3400,1530,0.03810899332165718,0.27392551883373384,156.09442138671875,1121.998907271242,0.25418432744793007,0.08793048512729584,0.8847496033192747
1,first_label_token,16,4096,4096,31622.776601683792,0.2513645589351654,False,3400,1530,0.03841618821024895,0.27391954309800093,157.3527069091797,1121.9744536356209,0.2542005975544306,0.08795038209204054,0.8838205750327056
1,first_label_token,17,4096,4096,31622.776601683792,0.25219881534576416,False,3400,1530,0.03849468007683754,0.273636592291539,157.67420959472656,1120.8155126633987,0.25497098633353743,0.08889250243877322,0.8835831975012607
1,first_label_token,18,4096,4096,31622.776601683792,0.25315168499946594,False,3400,1530,0.03894495591521263,0.27468672484354256,159.51853942871094,1125.116832618464,0.2521117955619878,0.08539595384652887,0.8822214593794881
1,first_label_token,19,4096,4096,31622.776601683792,0.2546471059322357,False,3400,1530,0.039225053042173386,0.27632255803525835,160.6658172607422,1131.8172283496733,0.2476579205186662,0.07994924120751223,0.8813743809820377
1,first_label_token,20,4096,4096,31622.776601683792,0.256458580493927,False,3400,1530,0.04000841826200485,0.27793341555626566,163.8744659423828,1138.4152956495097,0.2432720466120264,0.07458568820971367,0.8790053036472094
1,first_label_token,21,4096,4096,31622.776601683792,0.25671201944351196,False,3400,1530,0.04032740741968155,0.27943379021937553,165.18106079101562,1144.5608047385622,0.239186983843097,0.06959000180219599,0.8780406067671637
1,first_label_token,22,4096,4096,31622.776601683792,0.25848686695098877,False,3400,1530,0.04099215939640999,0.28052258024028703,167.90391540527344,1149.0204631331699,0.2362225405697158,0.06596473829845595,0.876030243271975
1,first_label_token,23,4096,4096,31622.776601683792,0.25941887497901917,False,3400,1530,0.041564080864191055,0.28124382293302247,170.24647521972656,1151.9747063929738,0.23425881661202852,0.06356326991511785,0.8743006206740846
1,first_label_token,24,4096,4096,31622.776601683792,0.25970107316970825,False,3400,1530,0.042115457355976105,0.28084687376333994,172.50491333007812,1150.3488000408497,0.23533958817802292,0.06488496216986983,0.8726331308282549
1,first_label_token,25,4096,4096,31622.776601683792,0.2605229914188385,False,3400,1530,0.04221304878592491,0.2817531305200913,172.90463256835938,1154.0607919730392,0.23287212733166174,0.06186746615854699,0.872337991806363
1,first_label_token,26,4096,4096,31622.776601683792,0.2611544728279114,False,3400,1530,0.042386166751384735,0.28229750153286004,173.61373901367188,1156.2905637254903,0.23138997103335657,0.06005491430999832,0.8718144430990171
1,first_label_token,27,4096,4096,31622.776601683792,0.2610354721546173,False,3400,1530,0.04267193004488945,0.2832657508600771,174.7842254638672,1160.2565614787582,0.22875372331809785,0.056831006227572756,0.8709502289053955
1,first_label_token,28,4096,4096,31622.776601683792,0.2610059976577759,False,3400,1530,0.042876239866018295,0.28438965666527843,175.62106323242188,1164.8600285947712,0.22569367047030098,0.053088820297335304,0.8703323488230716
1,last_label_token,0,4096,4096,31622.776601683792,0.2970432937145233,False,3400,1530,0.0571318157017231,0.3027490522347245,234.01190185546875,1240.0601409313726,0.17570663380218,-0.008041099549762176,0.8272201953187843
1,last_label_token,1,4096,4096,31622.776601683792,0.2787172496318817,False,3400,1530,0.04789208620786667,0.301040535970451,196.1659698486328,1233.0620251225491,0.18035840269224357,-0.0023523794664979114,0.8551632711277269
1,last_label_token,2,4096,4096,31622.776601683792,0.25985920429229736,False,3400,1530,0.03741642087697983,0.28967099033929167,153.25765991210938,1186.4923943014705,0.21131420906478326,0.035503954665076054,0.8868441023343889
1,last_label_token,3,4096,4096,10000.0,0.2552471458911896,False,3400,1530,0.02150396816432476,0.2941865054610508,88.08025360107422,1204.9879442401962,0.19901983809200086,0.020468978354588385,0.9349670341530726
1,last_label_token,4,4096,4096,10000.0,0.2428576797246933,False,3400,1530,0.016256561502814293,0.2782818775550992,66.58687591552734,1139.842595996732,0.24232329082934,0.07342544009708496,0.9508364037315252
1,last_label_token,5,4096,4096,10000.0,0.23569771647453308,False,3400,1530,0.013540179468691349,0.2730454606947556,55.4605827331543,1118.394265727124,0.25658045744560787,0.09086074954112311,0.9590513703229191
1,last_label_token,6,4096,4096,31622.776601683792,0.2342754602432251,False,3400,1530,0.021838145330548286,0.2669771555981605,89.44904327392578,1093.5384599673203,0.2731026021006129,0.11106593564103695,0.9339564052276683
1,last_label_token,7,4096,4096,31622.776601683792,0.22993746399879456,False,3400,1530,0.021156439557671547,0.2630034022861057,86.65677642822266,1077.2619434232026,0.2839219208395327,0.12429704777319839,0.9360180409177126
1,last_label_token,8,4096,4096,31622.776601683792,0.22821567952632904,False,3400,1530,0.020024336874485016,0.26077480503157074,82.01968383789062,1068.13359375,0.2899897117022291,0.131717443015834,0.9394417808790202
1,last_label_token,9,4096,4096,31622.776601683792,0.2276892215013504,False,3400,1530,0.02018067240715027,0.2587878619923311,82.66004943847656,1059.9951337826797,0.29539955181293676,0.1383332201131805,0.9389689861241736
1,last_label_token,10,4096,4096,31622.776601683792,0.22813425958156586,False,3400,1530,0.020069187507033348,0.25837960960039125,82.2033920288086,1058.3229064542484,0.29651109860697766,0.13969254787003782,0.9393061422084065
1,last_label_token,11,4096,4096,31622.776601683792,0.22749187052249908,False,3400,1530,0.019842559471726418,0.2573920692493713,81.2751235961914,1054.277920751634,0.2991998698985465,0.14298068784584883,0.9399915177245646
1,last_label_token,12,4096,4096,31622.776601683792,0.22817827761173248,False,3400,1530,0.01927579753100872,0.259294244978163,78.95365142822266,1062.069260620915,0.2940208253300771,0.1366471541847709,0.9417055367210762
1,last_label_token,13,4096,4096,31622.776601683792,0.22831635177135468,False,3400,1530,0.0193998534232378,0.25870660333072437,79.4617919921875,1059.662247242647,0.29562079437410793,0.13860378106123095,0.9413303630535561
1,last_label_token,14,4096,4096,31622.776601683792,0.22847838699817657,False,3400,1530,0.019405171275138855,0.25917505376479205,79.48358154296875,1061.5809819240196,0.29434534666471235,0.1370440163413863,0.9413142806413046
1,last_label_token,15,4096,4096,31622.776601683792,0.22915460169315338,False,3400,1530,0.019445646554231644,0.26031448451522127,79.64936828613281,1066.2481694240196,0.29124302412435166,0.13325013815070264,0.941191874049983
1,last_label_token,16,4096,4096,31622.776601683792,0.23005828261375427,False,3400,1530,0.019356921315193176,0.2620290026945226,79.28594970703125,1073.270800142974,0.28657491384954903,0.12754143393543382,0.9414601996630073
1,last_label_token,17,4096,4096,31622.776601683792,0.23146159946918488,False,3400,1530,0.019624954089522362,0.26228289261362914,80.38380432128906,1074.3106872957517,0.2858836490065406,0.12669607547326334,0.9406496066540516
1,last_label_token,18,4096,4096,31622.776601683792,0.23245128989219666,False,3400,1530,0.01954796351492405,0.26324905445373137,80.06845092773438,1078.2681398080065,0.2832530848822562,0.12347911794209798,0.9408824439318101
1,last_label_token,19,4096,4096,31622.776601683792,0.2342674732208252,False,3400,1530,0.019460191950201988,0.26312670240215225,79.70894622802734,1077.7669449550654,0.2835862122156464,0.1238865045076234,0.9411478854134605
1,last_label_token,20,4096,4096,31622.776601683792,0.23548123240470886,False,3400,1530,0.019888486713171005,0.2641121334499783,81.46324157714844,1081.803293504902,0.2809031839135838,0.12060538772245544,0.9398526231400169
1,last_label_token,21,4096,4096,31622.776601683792,0.236386239528656,False,3400,1530,0.020265713334083557,0.26606422374451083,83.00836181640625,1089.7990400326798,0.27558823720070447,0.11410565722818666,0.9387118027218089
1,last_label_token,22,4096,4096,31622.776601683792,0.2378813922405243,False,3400,1530,0.020606055855751038,0.2677632899066202,84.40240478515625,1096.7584354575163,0.2709621980576584,0.10844840245028364,0.9376825283377174
1,last_label_token,23,4096,4096,10000.0,0.23888738453388214,False,3400,1530,0.012520688585937023,0.27038440579682393,51.28474044799805,1107.4945057189543,0.26382569862229255,0.09972106697390426,0.9621345461931945
1,last_label_token,24,4096,4096,10000.0,0.23935513198375702,False,3400,1530,0.012632359750568867,0.2702239616244447,51.742149353027344,1106.8373391544117,0.2642625391869817,0.10025528605319689,0.9617968268020526
1,last_label_token,25,4096,4096,10000.0,0.23985780775547028,False,3400,1530,0.01260420959442854,0.27040796903223774,51.62684631347656,1107.5910437091504,0.2637615431162905,0.09964261021389087,0.961881959375207
1,last_label_token,26,4096,4096,10000.0,0.2400318682193756,False,3400,1530,0.012642711400985718,0.27130670609817004,51.7845458984375,1111.272247753268,0.261314556095404,0.09665015196022764,0.961765521020586
1,last_label_token,27,4096,4096,10000.0,0.24036630988121033,False,3400,1530,0.012759232893586159,0.2714582193910686,52.261817932128906,1111.8928717320262,0.26090203159266745,0.0961456693689775,0.9614131331175342
1,last_label_token,28,4096,4096,10000.0,0.24003757536411285,False,3400,1530,0.012875048443675041,0.27186188666649114,52.73619842529297,1113.5462928921568,0.25980296867297925,0.09480160833504336,0.9610628801476675
2,pre_label_token,0,4096,4096,0.1,0.3663851320743561,True,3400,1530,0.3306626081466675,0.36728312423805787,1354.3939208984375,1504.3916870915032,3.107816048952827e-08,-0.22291542011485976,-9.012910551220443e-08
2,pre_label_token,1,4096,4096,100000.0,0.30766597390174866,False,3400,1530,0.12784293293952942,0.32394368414785346,523.6446533203125,1326.8733302696078,0.11800011298555435,-0.07861129589078475,0.6133734467938599
2,pre_label_token,2,4096,4096,31622.776601683792,0.3049842119216919,False,3400,1530,0.08463460952043533,0.32385649961583757,346.6633605957031,1326.5162173202614,0.11823748988515248,-0.07832100401086528,0.7440453953265356
2,pre_label_token,3,4096,4096,10000.0,0.2823600471019745,False,3400,1530,0.049827851355075836,0.30930300195232713,204.09487915039062,1266.9051113153596,0.15786222690895746,-0.02986330058048181,0.8493090702777193
2,pre_label_token,4,4096,4096,10000.0,0.25109851360321045,False,3400,1530,0.03472278639674187,0.2932770735298107,142.2245330810547,1201.2628676470588,0.20149594397043802,0.02349704650927309,0.8949902750695233
2,pre_label_token,5,4096,4096,31622.776601683792,0.2516988217830658,False,3400,1530,0.04514089971780777,0.28414649714052287,184.89710998535156,1163.8640165441177,0.22635571972100654,0.053898450560060485,0.8634834944315986
2,pre_label_token,6,4096,4096,10000.0,0.2364024668931961,False,3400,1530,0.027097683399915695,0.2802070630142112,110.99211120605469,1147.7281045751633,0.23708159778048388,0.06701529264091433,0.9180503474702337
2,pre_label_token,7,4096,4096,10000.0,0.2304992377758026,False,3400,1530,0.024784572422504425,0.27717979032229756,101.51760864257812,1135.3284415849673,0.24532393835660427,0.07709497834254841,0.9250457292548712
2,pre_label_token,8,4096,4096,10000.0,0.22944091260433197,False,3400,1530,0.022567734122276306,0.2738644469018076,92.43743896484375,1121.7487694035947,0.2543506076987717,0.08813383181643031,0.9317499602305322
2,pre_label_token,9,4096,4096,10000.0,0.22025200724601746,False,3400,1530,0.020069435238838196,0.26367212681988483,82.20441436767578,1080.0010723039215,0.28210118781678983,0.122070445214575,0.9393053930102175
2,pre_label_token,10,4096,4096,10000.0,0.21927492320537567,False,3400,1530,0.02026653289794922,0.2635936612397238,83.01171875,1079.679682393791,0.28231482566874744,0.12233170624617373,0.9387093241714093
2,pre_label_token,11,4096,4096,10000.0,0.21860311925411224,False,3400,1530,0.02029462531208992,0.2636354957530701,83.12680053710938,1079.8510110294117,0.28220092304353706,0.12219241296508343,0.9386243662233967
2,pre_label_token,12,4096,4096,10000.0,0.2175062596797943,False,3400,1530,0.019790897145867348,0.2623957540474686,81.06351470947266,1074.7730187908496,0.2855763617317275,0.12632028911481052,0.9401477565288398
2,pre_label_token,13,4096,4096,31622.776601683792,0.21631039679050446,False,3400,1530,0.02719864435493946,0.2569649029401393,111.40564727783203,1052.5282832924836,0.30036291352284217,0.14440299187246886,0.9177450182263583
2,pre_label_token,14,4096,4096,31622.776601683792,0.21729956567287445,False,3400,1530,0.02733912132680416,0.2571273890975254,111.98104095458984,1053.1938010620916,0.2999205132555458,0.14386197374691534,0.9173201834217425
2,pre_label_token,15,4096,4096,31622.776601683792,0.21780967712402344,False,3400,1530,0.02685435861349106,0.25850746678371056,109.99545288085938,1058.8465788398694,0.29616298247828,0.13926683127503214,0.918786217817713
2,pre_label_token,16,4096,4096,31622.776601683792,0.21809178590774536,False,3400,1530,0.026581989601254463,0.259381851495481,108.87982940673828,1062.4280790441176,0.2937822994931575,0.13635545725164078,0.9196099246115097
2,pre_label_token,17,4096,4096,10000.0,0.21995170414447784,False,3400,1530,0.017923355102539062,0.2618337057774363,73.4140625,1072.4708792892156,0.2871066478120664,0.12819169961780408,0.9457956349572946
2,pre_label_token,18,4096,4096,10000.0,0.22156575322151184,False,3400,1530,0.017792895436286926,0.2634472616357741,72.87969970703125,1079.079998978758,0.2827134271555529,0.12281916216601807,0.9461901751163454
2,pre_label_token,19,4096,4096,10000.0,0.22309264540672302,False,3400,1530,0.01797330752015114,0.26350873186697366,73.61866760253906,1079.3317529616013,0.2825460624572246,0.12261448928928864,0.9456445673104439
2,pre_label_token,20,4096,4096,10000.0,0.22573736310005188,False,3400,1530,0.0188231710344553,0.2655996310165505,77.0997085571289,1087.89609375,0.2768531815525188,0.11565257722968303,0.94307438377604
2,pre_label_token,21,4096,4096,10000.0,0.22844445705413818,False,3400,1530,0.019163135439157486,0.2662196639316534,78.49220275878906,1090.4357460171568,0.27516502096218476,0.11358809954797322,0.9420462529049737
2,pre_label_token,22,4096,4096,10000.0,0.23062895238399506,False,3400,1530,0.01938556879758835,0.26643798179875794,79.40328979492188,1091.3299632352941,0.27457060797146404,0.11286118271311296,0.9413735630604059
2,pre_label_token,23,4096,4096,10000.0,0.23218443989753723,False,3400,1530,0.019351854920387268,0.26763086630628,79.26520538330078,1096.2160743464053,0.271322747147681,0.10888932350588365,0.9414755216109316
2,pre_label_token,24,4096,4096,10000.0,0.23310455679893494,False,3400,1530,0.019320713356137276,0.2693282395406486,79.13763427734375,1103.1684895833334,0.2667013173307281,0.1032377055441116,0.9415697008930443
2,pre_label_token,25,4096,4096,10000.0,0.23338428139686584,False,3400,1530,0.019298942759633064,0.27106992684158626,79.04846954345703,1110.302415236928,0.26195923382111297,0.0974385383165034,0.9416355402045661
2,pre_label_token,26,4096,4096,10000.0,0.23364509642124176,False,3400,1530,0.01904236152768135,0.27071933497011275,77.99751281738281,1108.86640625,0.26291378859763614,0.09860587810833654,0.9424115011047575
2,pre_label_token,27,4096,4096,10000.0,0.2350500524044037,False,3400,1530,0.01918683759868145,0.2731700884750466,78.58928680419922,1118.9046670751634,0.2562411339967663,0.09044578565023176,0.9419745721008058
2,pre_label_token,28,4096,4096,3162.2776601683795,0.23675504326820374,False,3400,1530,0.012612827122211456,0.27560010174520655,51.662139892578125,1128.858021854575,0.24962494873184082,0.0823547504159633,0.961855897981063
2,first_label_token,0,4096,4096,31622.776601683792,0.3140162527561188,False,3400,1530,0.07890527695417404,0.3063672140532849,323.19598388671875,1254.8800755718955,0.16585548228624647,-0.02008822501888763,0.7613722201367349
2,first_label_token,1,4096,4096,31622.776601683792,0.2937517762184143,False,3400,1530,0.07135624438524246,0.3042402354720371,292.27520751953125,1246.1680249183007,0.1716465964833871,-0.013006181947461393,0.7842022379958171
2,first_label_token,2,4096,4096,31622.776601683792,0.27833864092826843,False,3400,1530,0.06143491342663765,0.2948135195214764,251.63742065429688,1207.5561861723857,0.19731266997138575,0.018381256070277074,0.8142066340429348
2,first_label_token,3,4096,4096,31622.776601683792,0.27560776472091675,False,3400,1530,0.05886867642402649,0.2959858782151166,241.1260986328125,1212.3581622753268,0.19412069468083137,0.014477740145518503,0.8219675273846021
2,first_label_token,4,4096,4096,31622.776601683792,0.26238900423049927,False,3400,1530,0.04739225655794144,0.2854867455226923,194.11866760253906,1169.3536739174835,0.22270663199529794,0.04943592477225256,0.8566748714195649
2,first_label_token,5,4096,4096,10000.0,0.2468186616897583,False,3400,1530,0.024942677468061447,0.27573246114394245,102.16520690917969,1129.4001429738562,0.2492645744432127,0.08191404312769057,0.9245675830843892
2,first_label_token,6,4096,4096,10000.0,0.24333228170871735,False,3400,1530,0.021816108375787735,0.274433287452249,89.35877990722656,1124.0787581699346,0.25280182830972975,0.08623980556035193,0.93402305006807
2,first_label_token,7,4096,4096,10000.0,0.23869554698467255,False,3400,1530,0.0195130817592144,0.27097244200363657,79.92558288574219,1109.9031275531045,0.2622246553133808,0.09776312636231521,0.9409879344166552
2,first_label_token,8,4096,4096,10000.0,0.23481766879558563,False,3400,1530,0.018605949357151985,0.2690565981896095,76.20996856689453,1102.0558440563725,0.2674409139107794,0.10414216963462963,0.9437313122932945
2,first_label_token,9,4096,4096,31622.776601683792,0.23063050210475922,False,3400,1530,0.02941608987748623,0.2598494155734193,120.4883041381836,1064.3431959763072,0.2925092650612673,0.13479864376616213,0.911038950870174
2,first_label_token,10,4096,4096,31622.776601683792,0.22860513627529144,False,3400,1530,0.028961867094039917,0.25893518161150364,118.6278076171875,1060.598503880719,0.2949984454051765,0.1378427008867792,0.9124126254653478
2,first_label_token,11,4096,4096,31622.776601683792,0.2268592119216919,False,3400,1530,0.027865231037139893,0.25646103503657325,114.135986328125,1050.464399509804,0.30173479220349775,0.14608068351770898,0.9157291061581162
2,first_label_token,12,4096,4096,31622.776601683792,0.22632460296154022,False,3400,1530,0.027912823483347893,0.25670683243695425,114.33092498779297,1051.4711882148692,0.30106556082170755,0.14526227011585813,0.9155851756098022
2,first_label_token,13,4096,4096,31622.776601683792,0.22481171786785126,False,3400,1530,0.02644445188343525,0.25536367378982844,108.31648254394531,1045.9696180555557,0.30472257231160194,0.1497344859973755,0.9200258704331019
2,first_label_token,14,4096,4096,31622.776601683792,0.22437097132205963,False,3400,1530,0.025595773011446,0.2559188288021711,104.84028625488281,1048.243540645425,0.30321105447031493,0.14788602746404023,0.9225924713355647
2,first_label_token,15,4096,4096,10000.0,0.22300052642822266,False,3400,1530,0.015308230184018612,0.25696349362142723,62.7025146484375,1052.5224902982027,0.30036675066801777,0.14440768437661922,0.9537043766468277
2,first_label_token,16,4096,4096,10000.0,0.22334858775138855,False,3400,1530,0.015075743198394775,0.2579506319332746,61.750244140625,1056.5657858455882,0.2976790740065409,0.14112088304086856,0.9544074709818079
2,first_label_token,17,4096,4096,10000.0,0.22410045564174652,False,3400,1530,0.014859448187053204,0.2580321106256223,60.864295959472656,1056.899555759804,0.29745723236874577,0.14084958947275406,0.9550615970471903
2,first_label_token,18,4096,4096,10000.0,0.22531667351722717,False,3400,1530,0.014756923541426659,0.2591726240768931,60.444358825683594,1061.5710375816993,0.2943519619640905,0.13705210629325604,0.9553716552525665
2,first_label_token,19,4096,4096,10000.0,0.22665008902549744,False,3400,1530,0.014722505584359169,0.26174586551641327,60.303382873535156,1072.111039624183,0.28734581006183035,0.1284841748300395,0.9554757431032082
2,first_label_token,20,4096,4096,10000.0,0.22763492166996002,False,3400,1530,0.014468271285295486,0.26340162177491033,59.26203536987305,1078.8930759803923,0.2828376905818675,0.12297112583093728,0.9562446063363464
2,first_label_token,21,4096,4096,10000.0,0.22783930599689484,False,3400,1530,0.014569981023669243,0.26383133620218513,59.67864227294922,1080.6531198937907,0.2816677092090192,0.12154033752436766,0.955937012598697
2,first_label_token,22,4096,4096,10000.0,0.22974681854248047,False,3400,1530,0.01466800831258297,0.2640998964995341,60.080162048339844,1081.7531709558823,0.28093650139880544,0.12064613219015852,0.9556405554386381
2,first_label_token,23,4096,4096,10000.0,0.23097045719623566,False,3400,1530,0.014738536439836025,0.2647409613615547,60.369049072265625,1084.3789981617647,0.27919107722929737,0.11851162599228948,0.9554272620940867
2,first_label_token,24,4096,4096,10000.0,0.23169144988059998,False,3400,1530,0.014839623123407364,0.2650364956824608,60.78309631347656,1085.5895220588236,0.2783864273768586,0.1175276072493674,0.9551215526180478
2,first_label_token,25,4096,4096,10000.0,0.23212166130542755,False,3400,1530,0.014791092835366726,0.2668303396187577,60.58431625366211,1092.937091503268,0.2735023372508314,0.11155477793539348,0.9552683194166484
2,first_label_token,26,4096,4096,10000.0,0.2332386076450348,False,3400,1530,0.014849064871668816,0.2674368116590712,60.8217658996582,1095.4211754493465,0.2718510987880689,0.1095354528942375,0.9550929985908314
2,first_label_token,27,4096,4096,10000.0,0.2337529957294464,False,3400,1530,0.015015888959169388,0.2688670476277669,61.50508117675781,1101.2794219771242,0.267957002299934,0.10477330210348335,0.9545884840239401
2,first_label_token,28,4096,4096,10000.0,0.2343732714653015,False,3400,1530,0.015323938801884651,0.27124515608245253,62.766849517822266,1111.0201542075163,0.26148213802264964,0.0968550904895581,0.9536568701586587
2,last_label_token,0,4096,4096,31622.776601683792,0.29675978422164917,False,3400,1530,0.05870090052485466,0.30294632631189683,240.4388885498047,1240.8681474673203,0.17516951663555091,-0.008697948435654856,0.8224749204497983
2,last_label_token,1,4096,4096,31622.776601683792,0.2767735421657562,False,3400,1530,0.04823832958936691,0.30062730078603705,197.58421325683594,1231.3694393382352,0.18148351611102265,-0.0009764608745337355,0.8541161511807589
2,last_label_token,2,4096,4096,31622.776601683792,0.26173681020736694,False,3400,1530,0.03834674507379532,0.29340368968988556,157.06826782226562,1201.7815231821896,0.20115120676966813,0.023075462057462248,0.8840305871145122
2,last_label_token,3,4096,4096,31622.776601683792,0.2573871314525604,False,3400,1530,0.035868726670742035,0.293551676257763,146.91830444335938,1202.3876582924836,0.20074828446392556,0.022582722141348044,0.8915246870379475
2,last_label_token,4,4096,4096,10000.0,0.2439507097005844,False,3400,1530,0.01670227199792862,0.28433817944495504,68.41250610351562,1164.6492136437907,0.22583382724671253,0.05326022018576937,0.9494884722620919
2,last_label_token,5,4096,4096,10000.0,0.2363051176071167,False,3400,1530,0.014488765969872475,0.2732314720652462,59.345985412597656,1119.1561019199346,0.2560740051954655,0.09024140125562397,0.9561826256771513
2,last_label_token,6,4096,4096,10000.0,0.23373113572597504,False,3400,1530,0.013785065151751041,0.26998773213305505,56.463626861572266,1105.869740604575,0.26490572006968116,0.10104184189701781,0.9583107794635426
2,last_label_token,7,4096,4096,31622.776601683792,0.228573277592659,False,3400,1530,0.022561220452189445,0.2568440630545024,92.41075897216797,1052.0332720588235,0.30069192368940534,0.1448053434910378,0.9317696590731394
2,last_label_token,8,4096,4096,31622.776601683792,0.2249065339565277,False,3400,1530,0.021394679322838783,0.25328345703922844,87.63259887695312,1037.4490655637255,0.3103863683007756,0.1566608296641787,0.9352975488488485
2,last_label_token,9,4096,4096,31622.776601683792,0.22220443189144135,False,3400,1530,0.021108010783791542,0.2511434642318027,86.45841217041016,1028.683629493464,0.31621291626798254,0.1637862052407585,0.9361645007140478
2,last_label_token,10,4096,4096,31622.776601683792,0.2212042510509491,False,3400,1530,0.021059129387140274,0.2518685022989909,86.25819396972656,1031.653400735294,0.31423885866280554,0.16137209968016664,0.9363123293461719
2,last_label_token,11,4096,4096,31622.776601683792,0.2204827219247818,False,3400,1530,0.02046535164117813,0.24989452050402275,83.82608032226562,1023.5679432189543,0.31961340925702497,0.16794472068228994,0.9381080503767621
2,last_label_token,12,4096,4096,31622.776601683792,0.2194637656211853,False,3400,1530,0.01962359808385372,0.24946538202123705,80.37825775146484,1021.8102149714052,0.3207818225086252,0.16937359130914498,0.940653707528349
2,last_label_token,13,4096,4096,31622.776601683792,0.21855133771896362,False,3400,1530,0.019291071221232414,0.2493778047997967,79.01622772216797,1021.4514910130719,0.32102026858180177,0.16966519069796093,0.9416593455545396
2,last_label_token,14,4096,4096,31622.776601683792,0.21839451789855957,False,3400,1530,0.01908310502767563,0.2505228335561316,78.16439056396484,1026.1415160334968,0.31790270437809687,0.16585267324156605,0.9422882833514868
2,last_label_token,15,4096,4096,31622.776601683792,0.21779759228229523,False,3400,1530,0.018765321001410484,0.25207784877103917,76.86275482177734,1032.5108940972223,0.3136688720455971,0.16067505423506045,0.9432493356358316
2,last_label_token,16,4096,4096,31622.776601683792,0.2183201014995575,False,3400,1530,0.018635282292962074,0.2530957807902417,76.33011627197266,1036.6802696078432,0.31089735350746994,0.15728572137231622,0.9436426027212681
2,last_label_token,17,4096,4096,31622.776601683792,0.21871452033519745,False,3400,1530,0.018511461094021797,0.2539131706836177,75.82294464111328,1040.028377757353,0.30867185003608466,0.1545641187750576,0.9440170666220828
2,last_label_token,18,4096,4096,31622.776601683792,0.21973836421966553,False,3400,1530,0.018165314570069313,0.25425575231414993,74.4051284790039,1041.431561478758,0.30773910470345844,0.15342345008929892,0.9450638936494582
2,last_label_token,19,4096,4096,31622.776601683792,0.22131386399269104,False,3400,1530,0.01795489713549614,0.2551464803857741,73.54325866699219,1045.0799836601307,0.30531392373226673,0.15045765879088813,0.9457002445653276
2,last_label_token,20,4096,4096,31622.776601683792,0.22182908654212952,False,3400,1530,0.017923684790730476,0.256069178363077,73.41541290283203,1048.8593494689542,0.3028016984549923,0.14738541966502738,0.9457946379040657
2,last_label_token,21,4096,4096,31622.776601683792,0.22273501753807068,False,3400,1530,0.018109306693077087,0.25710850509942745,74.17572021484375,1053.1164573120916,0.2999719286249567,0.1439248503969529,0.9452332744039199
2,last_label_token,22,4096,4096,31622.776601683792,0.224116250872612,False,3400,1530,0.01818692497909069,0.2580630458258336,74.49364471435547,1057.0262459150326,0.29737300525018684,0.14074658682747532,0.9449985387818781
2,last_label_token,23,4096,4096,10000.0,0.22513701021671295,False,3400,1530,0.010923941619694233,0.2598441404454848,44.74446487426758,1064.3216145833333,0.292523627626336,0.13481620796900295,0.9669634777712334
2,last_label_token,24,4096,4096,10000.0,0.225483700633049,False,3400,1530,0.01094562467187643,0.26024787316914477,44.83327865600586,1065.9752604166667,0.2914243865110514,0.1334719290169193,0.9668979032139589
2,last_label_token,25,4096,4096,10000.0,0.22568006813526154,False,3400,1530,0.010905587114393711,0.26197343153112074,44.669281005859375,1073.0431653390524,0.28672621718478974,0.12772646512296493,0.9670189860340445
2,last_label_token,26,4096,4096,10000.0,0.22612294554710388,False,3400,1530,0.010897750034928322,0.26278058968338314,44.637184143066406,1076.3492978962418,0.2845285716249729,0.12503893039639435,0.9670426871722398
2,last_label_token,27,4096,4096,10000.0,0.22658677399158478,False,3400,1530,0.010960212908685207,0.2636605150559369,44.89303207397461,1079.9534747753269,0.2821328031097907,0.12210910804509878,0.9668537850168474
2,last_label_token,28,4096,4096,10000.0,0.22702696919441223,False,3400,1530,0.011089295148849487,0.26447301316105465,45.4217529296875,1083.2814465890524,0.2799206184864096,0.11940379327294892,0.9664634105123885
3,pre_label_token,0,4096,4096,0.1,0.3663851320743561,True,3400,1530,0.3306626081466675,0.36728312423805787,1354.3939208984375,1504.3916870915032,3.107816048952827e-08,-0.22291542011485976,-9.012910551220443e-08
3,pre_label_token,1,4096,4096,100000.0,0.2992487847805023,False,3400,1530,0.10983707010746002,0.32827180475970497,449.89263916015625,1344.601296977124,0.10621596012985124,-0.09302231857888277,0.6678273342649679
3,pre_label_token,2,4096,4096,10000.0,0.3021213114261627,False,3400,1530,0.04840012267231941,0.3207567451826108,198.2469024658203,1313.819597630719,0.1266771761444181,-0.06799998122271944,0.8536268515334792
3,pre_label_token,3,4096,4096,10000.0,0.2785882353782654,False,3400,1530,0.039297182112932205,0.3038956174663469,160.9612579345703,1244.7564389297386,0.17258488624471224,-0.011858732894140411,0.8811562460146036
3,pre_label_token,4,4096,4096,10000.0,0.24424736201763153,False,3400,1530,0.027702730149030685,0.2909957287358303,113.47039794921875,1191.918474264706,0.20770735030121656,0.031093071327851773,0.9162205463716501
3,pre_label_token,5,4096,4096,10000.0,0.24192212522029877,False,3400,1530,0.02318139187991619,0.28297578275593277,94.95098114013672,1159.0688265931371,0.2295432180593392,0.05779649155074196,0.9298941174535463
3,pre_label_token,6,4096,4096,10000.0,0.22969770431518555,False,3400,1530,0.020649708807468414,0.27699979021658305,84.58120727539062,1134.5911560457516,0.24581402376549377,0.07769431136487892,0.9375505117305284
3,pre_label_token,7,4096,4096,31622.776601683792,0.22356022894382477,False,3400,1530,0.02863929606974125,0.2706534092722375,117.30655670166016,1108.5963592728758,0.2630932841733262,0.09882538602251234,0.9133881547372533
3,pre_label_token,8,4096,4096,31622.776601683792,0.2207612246274948,False,3400,1530,0.026705989614129066,0.2647106507245232,109.38773345947266,1084.254850898693,0.2792736038527365,0.11861254907579954,0.9192349199360624
3,pre_label_token,9,4096,4096,31622.776601683792,0.21165020763874054,False,3400,1530,0.023727567866444588,0.24814091165081348,97.1881103515625,1016.3851894403595,0.3243879515187972,0.17378358221966228,0.9282423551366155
3,pre_label_token,10,4096,4096,31622.776601683792,0.20848041772842407,False,3400,1530,0.023214008659124374,0.24513852113212636,95.0845718383789,1004.087362132353,0.33256254552337305,0.18378041959171998,0.9297954767807145
3,pre_label_token,11,4096,4096,31622.776601683792,0.2065587043762207,False,3400,1530,0.022670947015285492,0.24594489203559028,92.86019897460938,1007.3903237336601,0.33036704340201584,0.18109550610917513,0.9314378206061272
3,pre_label_token,12,4096,4096,31622.776601683792,0.20502056181430817,False,3400,1530,0.021931223571300507,0.24474798339644288,89.83029174804688,1002.4877195669935,0.3336258607093253,0.1850807641694755,0.933674915132181
3,pre_label_token,13,4096,4096,31622.776601683792,0.20415063202381134,False,3400,1530,0.01859413832426071,0.24215981975879544,76.16159057617188,991.8866191789216,0.3406726412075617,0.1936983809707532,0.943767031584393
3,pre_label_token,14,4096,4096,31622.776601683792,0.20512142777442932,False,3400,1530,0.018985586240887642,0.243214786753935,77.76496124267578,996.2077716503268,0.3378002877212922,0.1901857354912071,0.9425832026836842
3,pre_label_token,15,4096,4096,31622.776601683792,0.20623695850372314,False,3400,1530,0.018553579226136208,0.2441466574575387,75.99546813964844,1000.0247191584967,0.33526308790690906,0.18708295461785662,0.9438896916638239
3,pre_label_token,16,4096,4096,31622.776601683792,0.20616768300533295,False,3400,1530,0.018117759376764297,0.24452568378323822,74.2103500366211,1001.5771905637255,0.33423111478071,0.1858209387294626,0.9452077115363903
3,pre_label_token,17,4096,4096,31622.776601683792,0.2078534960746765,False,3400,1530,0.019291136413812637,0.24631829355277268,79.01648712158203,1008.9197201797385,0.3293503849145004,0.1798522187291629,0.9416591483971215
3,pre_label_token,18,4096,4096,10000.0,0.20951850712299347,False,3400,1530,0.01193283498287201,0.2499570310505387,48.87689208984375,1023.824014501634,0.31944321209726456,0.1677365839446907,0.9639123512475446
3,pre_label_token,19,4096,4096,10000.0,0.21198545396327972,False,3400,1530,0.012066464871168137,0.2515356662226658,49.42424392700195,1030.2900888480392,0.3151450698225794,0.16248031931577567,0.9635082236049028
3,pre_label_token,20,4096,4096,10000.0,0.2160426676273346,False,3400,1530,0.012620308436453342,0.25322831721087685,51.692787170410156,1037.2231770833334,0.31053649724218113,0.15684442466733473,0.9618332727590637
3,pre_label_token,21,4096,4096,10000.0,0.21938598155975342,False,3400,1530,0.01294771023094654,0.2546706174713334,53.03382110595703,1043.1308670343137,0.3066095533657789,0.1520421042977096,0.9608431341224737
3,pre_label_token,22,4096,4096,10000.0,0.22299319505691528,False,3400,1530,0.013131493702530861,0.25544467876160065,53.786598205566406,1046.3014093137256,0.30450202047050445,0.1494647697415804,0.9602873304615196
3,pre_label_token,23,4096,4096,10000.0,0.22539983689785004,False,3400,1530,0.013238574378192425,0.25596191057192735,54.22520065307617,1048.4199908088235,0.3030937559461676,0.14774258128564566,0.9599634937691496
3,pre_label_token,24,4096,4096,10000.0,0.22678598761558533,False,3400,1530,0.013306807726621628,0.2579393100115209,54.50468444824219,1056.5194393382353,0.297709900147615,0.1411585808053022,0.9597571403657169
3,pre_label_token,25,4096,4096,10000.0,0.2271968126296997,False,3400,1530,0.01328421849757433,0.25898819780038074,54.41215896606445,1060.8156990400328,0.2948540984865985,0.13766617680871807,0.9598254554111036
3,pre_label_token,26,4096,4096,10000.0,0.22802403569221497,False,3400,1530,0.013155469670891762,0.2592490570217955,53.884803771972656,1061.8841503267975,0.29414385835822643,0.1367976131767541,0.9602148215961954
3,pre_label_token,27,4096,4096,10000.0,0.2289385199546814,False,3400,1530,0.013347157277166843,0.2613598137899162,54.66995620727539,1070.5298151552288,0.2883969112124759,0.12976958267521244,0.9596351140065587
3,pre_label_token,28,4096,4096,10000.0,0.23136742413043976,False,3400,1530,0.013848741538822651,0.2627955555136687,56.724449157714844,1076.410600490196,0.28448782423193253,0.12498909977956707,0.9581182073636381
3,first_label_token,0,4096,4096,31622.776601683792,0.31174319982528687,False,3400,1530,0.07583776861429214,0.3088822782429215,310.6315002441406,1265.181821895425,0.15900772929816487,-0.028462448001405738,0.7706490737657157
3,first_label_token,1,4096,4096,31622.776601683792,0.29175812005996704,False,3400,1530,0.06851593405008316,0.3056404163634855,280.6412658691406,1251.903112234477,0.1678343308073148,-0.017668260573193706,0.7927919923894984
3,first_label_token,2,4096,4096,31622.776601683792,0.27571991086006165,False,3400,1530,0.058265574276447296,0.29542642231860194,238.65579223632812,1210.0666104983661,0.1956439225184523,0.016340519014385158,0.823791447559056
3,first_label_token,3,4096,4096,31622.776601683792,0.2730998694896698,False,3400,1530,0.055947914719581604,0.29618976817411535,229.1626434326172,1213.1933210784314,0.1935655644850589,0.0137988628478386,0.8308005852984107
3,first_label_token,4,4096,4096,31622.776601683792,0.2556971609592438,False,3400,1530,0.04340669512748718,0.283359212189718,177.7938232421875,1160.6393535539216,0.22849925661225567,0.056519814959421266,0.8687281296092588
3,first_label_token,5,4096,4096,10000.0,0.24151891469955444,False,3400,1530,0.022404681891202927,0.27332681082432564,91.76957702636719,1119.5466196895425,0.25581442682165845,0.08992395884970128,0.9322430678325166
3,first_label_token,6,4096,4096,10000.0,0.23631706833839417,False,3400,1530,0.018963634967803955,0.2688244227490394,77.675048828125,1101.1048100490195,0.2680730568491084,0.10491522700565403,0.9426495884029078
3,first_label_token,7,4096,4096,10000.0,0.2304190993309021,False,3400,1530,0.016872817650437355,0.2637183843874464,69.1110610961914,1080.1904973447713,0.2819752425634654,0.12191642481740761,0.948972702823159
3,first_label_token,8,4096,4096,10000.0,0.22553189098834991,False,3400,1530,0.015745289623737335,0.26162808736165366,64.49270629882812,1071.628640727124,0.28766648406868434,0.1288763320300388,0.952382607966782
3,first_label_token,9,4096,4096,10000.0,0.22217686474323273,False,3400,1530,0.014951454475522041,0.2548554158678242,61.24114990234375,1043.8877910539215,0.30610640367402286,0.15142679476191234,0.9547833487829641
3,first_label_token,10,4096,4096,31622.776601683792,0.22023622691631317,False,3400,1530,0.023869797587394714,0.24962924508487477,97.77069091796875,1022.4813827614379,0.32033567334540103,0.1688279886008106,0.9278122196139861
3,first_label_token,11,4096,4096,31622.776601683792,0.21810458600521088,False,3400,1530,0.02272365242242813,0.24723524330488217,93.0760726928711,1012.6755514705883,0.32685381030189165,0.17679911904305157,0.9312784272831618
3,first_label_token,12,4096,4096,10000.0,0.21741928160190582,False,3400,1530,0.013350313529372215,0.24959543265548406,54.682884216308594,1022.3429279003268,0.32042773428179727,0.16894057134301854,0.959625568770986
3,first_label_token,13,4096,4096,10000.0,0.21680907905101776,False,3400,1530,0.012707234360277653,0.24918579712412717,52.048831939697266,1020.6650428921569,0.321543046942775,0.17030450443676615,0.9615703886907802
3,first_label_token,14,4096,4096,10000.0,0.21689940989017487,False,3400,1530,0.012295280583202839,0.24958375481998218,50.36146926879883,1022.2950571895425,0.32045952946749545,0.1689794541671027,0.9628162320490987
3,first_label_token,15,4096,4096,10000.0,0.21628707647323608,False,3400,1530,0.012013657949864864,0.25048306159723815,49.207942962646484,1025.9786100898693,0.3180109912963698,0.1659850989878342,0.9636679239301337
3,first_label_token,16,4096,4096,10000.0,0.2164987325668335,False,3400,1530,0.011923044919967651,0.25138512904347937,48.8367919921875,1029.6734860089869,0.31555493666527834,0.16298155181348328,0.9639419586586806
3,first_label_token,17,4096,4096,10000.0,0.21777936816215515,False,3400,1530,0.011830143630504608,0.25205409168417936,48.45627212524414,1032.4135646446077,0.3137335553499847,0.16075415644787827,0.9642229136126044
3,first_label_token,18,4096,4096,10000.0,0.21849320828914642,False,3400,1530,0.01175073441118002,0.25273506625805026,48.13100814819336,1035.202805861928,0.3118794692029009,0.15848676583792176,0.964463065430576
3,first_label_token,19,4096,4096,10000.0,0.21994292736053467,False,3400,1530,0.011732500046491623,0.2544762492959016,48.05632019042969,1042.3347324346405,0.3071387586479284,0.1526892776177694,0.9645182103604308
3,first_label_token,20,4096,4096,10000.0,0.22169987857341766,False,3400,1530,0.011584855616092682,0.25535175410750643,47.451568603515625,1045.920787377451,0.3047550259724563,0.14977417408090687,0.9649647212149043
3,first_label_token,21,4096,4096,10000.0,0.22178155183792114,False,3400,1530,0.01165915746241808,0.2562557133194668,47.75590896606445,1049.623406862745,0.3022938206400789,0.14676432803433315,0.964740015272377
3,first_label_token,22,4096,4096,10000.0,0.22373904287815094,False,3400,1530,0.01175063569098711,0.2572470272288603,48.1306037902832,1053.6838235294117,0.2995947750995527,0.14346362352065145,0.9644633639832378
3,first_label_token,23,4096,4096,10000.0,0.2249263972043991,False,3400,1530,0.011828492395579815,0.25827925937627655,48.44950485229492,1057.9118642769608,0.2967843216721653,0.1400266765799708,0.9642279073283525
3,first_label_token,24,4096,4096,10000.0,0.22567035257816315,False,3400,1530,0.011921033263206482,0.25984976961721784,48.828556060791016,1064.3446844362745,0.2925083011079458,0.13479746493274425,0.9639480423732977
3,first_label_token,25,4096,4096,10000.0,0.22654099762439728,False,3400,1530,0.011911367066204548,0.26101482241761453,48.78895950317383,1069.1167126225491,0.2893362175372509,0.13091827489969055,0.9639772751853393
3,first_label_token,26,4096,4096,10000.0,0.2276693433523178,False,3400,1530,0.012046669609844685,0.26225138832541073,49.34315872192383,1074.1816687091502,0.28596942557823757,0.12680097296873616,0.9635680890466549
3,first_label_token,27,4096,4096,10000.0,0.228322833776474,False,3400,1530,0.012195629067718983,0.26376574709524514,49.95329666137695,1080.3845358455883,0.2818462883502135,0.12175872471663207,0.963117601245404
3,first_label_token,28,4096,4096,10000.0,0.22957070171833038,False,3400,1530,0.012519584968686104,0.2653363782595965,51.28022003173828,1086.8178257761438,0.27756993854841594,0.11652911043968195,0.9621378837866301
3,last_label_token,0,4096,4096,31622.776601683792,0.2971692681312561,False,3400,1530,0.057838186621665955,0.3045510454115525,236.9051971435547,1247.4411381740197,0.17080035577875152,-0.014041062786451342,0.8250839665278529
3,last_label_token,1,4096,4096,31622.776601683792,0.2762817144393921,False,3400,1530,0.04796425998210907,0.3000171474381989,196.4616241455078,1228.8702410130718,0.1831447776518068,0.0010551215436727102,0.8549450009666346
3,last_label_token,2,4096,4096,31622.776601683792,0.2619627118110657,False,3400,1530,0.03835330531001091,0.28928588667726207,157.0951385498047,1184.9149867238561,0.21236272892493258,0.03678620581019931,0.8840107474451778
3,last_label_token,3,4096,4096,31622.776601683792,0.258100688457489,False,3400,1530,0.03584370017051697,0.2917861427356994,146.8157958984375,1195.1560304330064,0.20555529396335936,0.028461288365539295,0.8916003729542383
3,last_label_token,4,4096,4096,10000.0,0.24116742610931396,False,3400,1530,0.01647046022117138,0.281152757632187,67.46300506591797,1151.6017258986928,0.2345067596619419,0.06386648330359068,0.9501895246095269
3,last_label_token,5,4096,4096,10000.0,0.2323182076215744,False,3400,1530,0.014210693538188934,0.272097624984442,58.207000732421875,1114.5118974673203,0.259161125105803,0.09401668791504825,0.957023580928501
3,last_label_token,6,4096,4096,10000.0,0.22833310067653656,False,3400,1530,0.013210974633693695,0.267762539433498,54.11215591430664,1096.7553283292484,0.2709642413671637,0.1084509012450634,0.960046961770388
3,last_label_token,7,4096,4096,31622.776601683792,0.22298021614551544,False,3400,1530,0.021599246188998222,0.25337967716790494,88.47051239013672,1037.8431576797386,0.31012439022627036,0.15634045262717755,0.9346788914029902
3,last_label_token,8,4096,4096,31622.776601683792,0.21877308189868927,False,3400,1530,0.0202439334243536,0.24990710464178348,82.91915130615234,1023.6195031658497,0.31957914648659214,0.16790282021068959,0.9387776701986761
3,last_label_token,9,4096,4096,31622.776601683792,0.21614523231983185,False,3400,1530,0.01938672550022602,0.2467236861683964,79.40802764892578,1010.5802185457517,0.3282466244194713,0.17850241295772862,0.9413700649245011
3,last_label_token,10,4096,4096,31622.776601683792,0.21568775177001953,False,3400,1530,0.019046280533075333,0.2474116630803526,78.01356506347656,1013.3981821895425,0.326373473040675,0.17621170718119827,0.9423996491273925
3,last_label_token,11,4096,4096,31622.776601683792,0.21475861966609955,False,3400,1530,0.018363190814852715,0.2450349608277963,75.21562957763672,1003.6631740196078,0.3328445086582883,0.18412523666802794,0.9444654701877705
3,last_label_token,12,4096,4096,31622.776601683792,0.21431365609169006,False,3400,1530,0.01747206598520279,0.2446057905558667,71.56558990478516,1001.9052925857843,0.3340130084620353,0.18555421314084142,0.947160437468652
3,last_label_token,13,4096,4096,31622.776601683792,0.21358652412891388,False,3400,1530,0.017097678035497665,0.2445826330995248,70.03208923339844,1001.8104524101307,0.33407605915533967,0.18563131880832862,0.9482926730895671
3,last_label_token,14,4096,4096,31622.776601683792,0.21373900771141052,False,3400,1530,0.01688593626022339,0.24560204611884223,69.164794921875,1005.9859528186274,0.33130050830543134,0.18223705476917518,0.9489330291175595
3,last_label_token,15,4096,4096,31622.776601683792,0.21363143622875214,False,3400,1530,0.01666112057864666,0.24695124532662185,68.24394989013672,1011.5122880923202,0.3276270502105407,0.17774472608017444,0.9496129236574932
3,last_label_token,16,4096,4096,31622.776601683792,0.21378932893276215,False,3400,1530,0.016676314175128937,0.24787232891406888,68.30618286132812,1015.2850439133987,0.3251192204246439,0.17467786226866544,0.9495669747129275
3,last_label_token,17,4096,4096,31622.776601683792,0.21469266712665558,False,3400,1530,0.01658080518245697,0.24868732153200634,67.91497802734375,1018.6232638888889,0.32290024400338924,0.1719642417019075,0.949855815963577
3,last_label_token,18,4096,4096,31622.776601683792,0.2153344750404358,False,3400,1530,0.016254231333732605,0.24841010149787454,66.57733154296875,1017.4878089256536,0.32365502963665627,0.17288728072039727,0.9508434507009565
3,last_label_token,19,4096,4096,31622.776601683792,0.21685776114463806,False,3400,1530,0.01609298400580883,0.2491400413263857,65.91685485839844,1020.4776296977125,0.32166762602986043,0.1704568541281215,0.951331099858993
3,last_label_token,20,4096,4096,31622.776601683792,0.21740181744098663,False,3400,1530,0.01603327877819538,0.249436566720601,65.67230224609375,1021.6921721813726,0.320860277786962,0.16946953548179433,0.951511662255598
3,last_label_token,21,4096,4096,31622.776601683792,0.21810996532440186,False,3400,1530,0.016107890754938126,0.2499533192005033,65.97792053222656,1023.8087571486928,0.3194533183332311,0.1677489430168776,0.9512860184070672
3,last_label_token,22,4096,4096,31622.776601683792,0.2195757031440735,False,3400,1530,0.016135307028889656,0.25117479523802116,66.09021759033203,1028.8119842728759,0.31612761149034074,0.1636818847095287,0.9512031052631342
3,last_label_token,23,4096,4096,10000.0,0.22057098150253296,False,3400,1530,0.009634376503527164,0.2526049694983788,39.46240234375,1034.6699652777777,0.3122336830151967,0.15891993938445825,0.970863420494187
3,last_label_token,24,4096,4096,10000.0,0.22124148905277252,False,3400,1530,0.009653288871049881,0.2535623139026118,39.53986358642578,1038.591237745098,0.309627126080498,0.15573234061654317,0.9708062251271834
3,last_label_token,25,4096,4096,10000.0,0.22185608744621277,False,3400,1530,0.009604777209460735,0.25463394214904383,39.34116744995117,1042.9806576797387,0.3067094090866913,0.15216421940239522,0.9709529355950932
3,last_label_token,26,4096,4096,10000.0,0.222502663731575,False,3400,1530,0.009623699821531773,0.25574840159198037,39.41867446899414,1047.545481004902,0.3036750758033062,0.14845348632505306,0.9708957092462097
3,last_label_token,27,4096,4096,10000.0,0.22319017350673676,False,3400,1530,0.009649781510233879,0.2564323375427645,39.52550506591797,1050.3468341503267,0.3018129267297611,0.14617623543768932,0.9708168321962796
3,last_label_token,28,4096,4096,10000.0,0.2237546741962433,False,3400,1530,0.00976022332906723,0.25706695606505947,39.977874755859375,1052.9462520424836,0.3000850539779467,0.14406319313982985,0.970482830630737
4,pre_label_token,0,4096,4096,0.1,0.3663851320743561,True,3400,1530,0.3306626081466675,0.36728312423805787,1354.3939208984375,1504.3916870915032,3.107816048952827e-08,-0.22291542011485976,-9.012910551220443e-08
4,pre_label_token,1,4096,4096,100000.0,0.28882455825805664,False,3400,1530,0.09566619247198105,0.3320668638142106,391.8487243652344,1360.1458078022877,0.09588317137339764,-0.10565844567464677,0.7106833408516029
4,pre_label_token,2,4096,4096,10000.0,0.2930492162704468,False,3400,1530,0.04095325246453285,0.32112429375741997,167.74452209472656,1315.325132761438,0.1256764534345226,-0.06922378049394329,0.876147906819123
4,pre_label_token,3,4096,4096,10000.0,0.2761627733707428,False,3400,1530,0.03405919671058655,0.3033072465385487,139.5064697265625,1242.3464818218954,0.17418684089681702,-0.009899677786872951,0.8969971235295999
4,pre_label_token,4,4096,4096,3162.2776601683795,0.2410324215888977,False,3400,1530,0.016777006909251213,0.2869173461315679,68.71862030029297,1175.2134599673202,0.21881154270312597,0.04467255986609453,0.9492624566310011
4,pre_label_token,5,4096,4096,10000.0,0.23626624047756195,False,3400,1530,0.01944144442677498,0.2763893925286586,79.63215637207031,1132.090931372549,0.24747595056983784,0.07972670734417653,0.9412045822538495
4,pre_label_token,6,4096,4096,3162.2776601683795,0.22341704368591309,False,3400,1530,0.011376465670764446,0.27553632898268354,46.59800338745117,1128.5967984068627,0.2497985825209602,0.08256708986072947,0.9655949405350694
4,pre_label_token,7,4096,4096,31622.776601683792,0.21937045454978943,False,3400,1530,0.02466568537056446,0.2646709579268312,101.03064727783203,1084.0922334558823,0.2793816752391928,0.11874471124487762,0.925405271155667
4,pre_label_token,8,4096,4096,31622.776601683792,0.21630319952964783,False,3400,1530,0.02301626279950142,0.25970021790149167,94.27461242675781,1063.732097630719,0.29291548483409335,0.13529541620574537,0.930393505927566
4,pre_label_token,9,4096,4096,31622.776601683792,0.20666183531284332,False,3400,1530,0.020230567082762718,0.24195139641855276,82.8644027709961,991.0329350490196,0.3412401144183106,0.19439235273224753,0.9388180931024647
4,pre_label_token,10,4096,4096,31622.776601683792,0.20362131297588348,False,3400,1530,0.019823016598820686,0.23785460852330026,81.195068359375,974.252481617647,0.35239441881612577,0.2080331240049208,0.9400506198854549
4,pre_label_token,11,4096,4096,31622.776601683792,0.2017701119184494,False,3400,1530,0.019103841856122017,0.23784294440076242,78.24934387207031,974.2047257965686,0.3524261766656037,0.20807196116996396,0.9422255703933099
4,pre_label_token,12,4096,4096,31622.776601683792,0.20095433294773102,False,3400,1530,0.01847699098289013,0.23703184252470927,75.68175506591797,970.8824193218954,0.35463455978292835,0.21077262702159338,0.9441213121986589
4,pre_label_token,13,4096,4096,31622.776601683792,0.20028504729270935,False,3400,1530,0.01552185695618391,0.23509860069923152,63.5775260925293,962.9638786764706,0.35989818786114935,0.21720959916424853,0.9530583199529166
4,pre_label_token,14,4096,4096,31622.776601683792,0.20163372159004211,False,3400,1530,0.015933310613036156,0.2379150203630036,65.2628402709961,974.4999080882353,0.35222993579515605,0.2078319751759785,0.9518139890736486
4,pre_label_token,15,4096,4096,31622.776601683792,0.20291493833065033,False,3400,1530,0.01550782285630703,0.23868514042274624,63.520042419433594,977.6543760212418,0.350133133668986,0.20526776344326458,0.9531007623119738
4,pre_label_token,16,4096,4096,31622.776601683792,0.2027529627084732,False,3400,1530,0.015087679028511047,0.23928386463838466,61.79913330078125,980.1066967933007,0.3485029901706338,0.20327423576017445,0.9543713742750803
4,pre_label_token,17,4096,4096,31622.776601683792,0.20442982017993927,False,3400,1530,0.016223851591348648,0.24138258080077327,66.45289611816406,988.7030509599673,0.34278882592331583,0.19628629597188796,0.9509353260578115
4,pre_label_token,18,4096,4096,10000.0,0.20651401579380035,False,3400,1530,0.009852444753050804,0.2455021390727922,40.35560989379883,1005.5767999387255,0.33157252473186627,0.18256970786192528,0.970203931747031
4,pre_label_token,19,4096,4096,10000.0,0.2093992829322815,False,3400,1530,0.009977663867175579,0.24701821196312998,40.86851119995117,1011.7866013071896,0.3274447204763177,0.1775217522297181,0.9698252402278644
4,pre_label_token,20,4096,4096,10000.0,0.21453382074832916,False,3400,1530,0.010476689785718918,0.24854333353977578,42.91252136230469,1018.0334941789216,0.323292279406743,0.17244366785679932,0.9683160706053386
4,pre_label_token,21,4096,4096,10000.0,0.21784448623657227,False,3400,1530,0.010730886831879616,0.2503033101948258,43.953712463378906,1025.2423483455882,0.31850039956199283,0.16658360392119687,0.9675473200335821
4,pre_label_token,22,4096,4096,10000.0,0.22203463315963745,False,3400,1530,0.010928146541118622,0.25134956260132635,44.761688232421875,1029.527787990196,0.3156517732436577,0.1630999747620948,0.9669507611177631
4,pre_label_token,23,4096,4096,10000.0,0.2251208871603012,False,3400,1530,0.011042455211281776,0.2520024873072805,45.229896545410156,1032.202170138889,0.3138740583349834,0.16092597972014533,0.9666050653007902
4,pre_label_token,24,4096,4096,10000.0,0.22703145444393158,False,3400,1530,0.011144641786813736,0.2538971520716848,45.64845275878906,1039.9627272263072,0.30871546383257564,0.15461745476097377,0.9662960294974536
4,pre_label_token,25,4096,4096,10000.0,0.22732208669185638,False,3400,1530,0.011103135533630848,0.25479554070366756,45.47844314575195,1043.6425398284314,0.30626942549110203,0.1516261566620294,0.9664215539925166
4,pre_label_token,26,4096,4096,10000.0,0.22783023118972778,False,3400,1530,0.010971439070999622,0.2559349122390248,44.93901443481445,1048.3093801062091,0.3031672641753287,0.1478324756353857,0.9668198345094431
4,pre_label_token,27,4096,4096,10000.0,0.22886590659618378,False,3400,1530,0.011162416078150272,0.2590509140413571,45.721256256103516,1061.0725388071896,0.2946833412835351,0.1374573551855064,0.966242275935664
4,pre_label_token,28,4096,4096,10000.0,0.2314869910478592,False,3400,1530,0.011620096862316132,0.2610297695484037,47.595916748046875,1069.1779462826798,0.2892955210572381,0.13086850654519167,0.9648581435477249
4,first_label_token,0,4096,4096,31622.776601683792,0.3118623197078705,False,3400,1530,0.07623328268527985,0.3099776024911918,312.25152587890625,1269.6682470383987,0.15602549531586074,-0.032109468038098665,0.7694529478751838
4,first_label_token,1,4096,4096,31622.776601683792,0.29038524627685547,False,3400,1530,0.0677265152335167,0.3047960094377106,277.4078063964844,1248.4444750816992,0.1701333934208884,-0.014856701363866742,0.7951793771988686
4,first_label_token,2,4096,4096,31622.776601683792,0.27442842721939087,False,3400,1530,0.05713682994246483,0.29485953711216745,234.03245544433594,1207.7446537990197,0.19718737810191478,0.01822803470632417,0.8272050310967947
4,first_label_token,3,4096,4096,31622.776601683792,0.27097928524017334,False,3400,1530,0.05457993969321251,0.29643291772580616,223.55943298339844,1214.1892488766339,0.19290354238796803,0.012989265791688687,0.8349376576977692
4,first_label_token,4,4096,4096,10000.0,0.2515502870082855,False,3400,1530,0.02504190243780613,0.28479443095088786,102.57164001464844,1166.518004493464,0.2245915934993824,0.05174107333356004,0.9242675038609056
4,first_label_token,5,4096,4096,10000.0,0.2374916970729828,False,3400,1530,0.020700188353657722,0.26981517380359127,84.78797149658203,1105.162944240196,0.26537554379071104,0.1016163965880571,0.9373978499251252
4,first_label_token,6,4096,4096,10000.0,0.23126822710037231,False,3400,1530,0.017190847545862198,0.265142688875884,70.41370391845703,1086.0244740604576,0.27809729568766595,0.11717402363722118,0.9480109069736945
4,first_label_token,7,4096,4096,10000.0,0.22601249814033508,False,3400,1530,0.015243608504533768,0.26078550176682813,62.43782043457031,1068.1774050245099,0.28996058775337585,0.13168182688857988,0.9538998075292954
4,first_label_token,8,4096,4096,10000.0,0.2209300398826599,False,3400,1530,0.014206460677087307,0.2573390474506453,58.18966293334961,1054.0606975081698,0.2993442320910328,0.14315723060260843,0.9570363820780077
4,first_label_token,9,4096,4096,10000.0,0.21751238405704498,False,3400,1530,0.013348566368222237,0.2506104157641043,54.67573165893555,1026.5002272263073,0.31766424472811283,0.16556105724946246,0.9596308525897923
4,first_label_token,10,4096,4096,10000.0,0.21576516330242157,False,3400,1530,0.012610065750777721,0.2492041363435633,51.65082931518555,1020.7401296977124,0.32149311483956655,0.170243441695896,0.9618642490059887
4,first_label_token,11,4096,4096,10000.0,0.2145662158727646,False,3400,1530,0.011974412016570568,0.24678631826163897,49.04719161987305,1010.8367698120915,0.3280760963250319,0.17829387151499476,0.9637866126958562
4,first_label_token,12,4096,4096,10000.0,0.2141643911600113,False,3400,1530,0.011677813716232777,0.24770328671324487,47.83232498168945,1014.5926572712418,0.3255794707993954,0.17524070956655502,0.9646835944523733
4,first_label_token,13,4096,4096,10000.0,0.21374747157096863,False,3400,1530,0.011051755398511887,0.24679871789770189,45.26799011230469,1010.8875204248366,0.3280423358964707,0.17825258536503452,0.9665769393868247
4,first_label_token,14,4096,4096,10000.0,0.21448685228824615,False,3400,1530,0.010641246102750301,0.24789748472325943,43.586544036865234,1015.3881025326798,0.32505072882579644,0.17459410283368348,0.9678184143000641
4,first_label_token,15,4096,4096,10000.0,0.21444697678089142,False,3400,1530,0.010487127117812634,0.2482499951630636,42.95527267456055,1016.8319852941177,0.3240909503726479,0.17342037492695672,0.9682845057026939
4,first_label_token,16,4096,4096,10000.0,0.21456150710582733,False,3400,1530,0.010476033203303814,0.24936205920051127,42.90983200073242,1021.3869842728758,0.3210631390480906,0.16971761765388238,0.9683180562621928
4,first_label_token,17,4096,4096,10000.0,0.21573038399219513,False,3400,1530,0.010446276515722275,0.2497467975990445,42.7879524230957,1022.9628702001634,0.32001561368907927,0.16843658269957384,0.9684080473574371
4,first_label_token,18,4096,4096,10000.0,0.21633611619472504,False,3400,1530,0.010394248180091381,0.2508881512810202,42.5748405456543,1027.6378957312093,0.31690805559238666,0.16463630186611988,0.9685653930597885
4,first_label_token,19,4096,4096,10000.0,0.21797093749046326,False,3400,1530,0.010437105782330036,0.2522884175668355,42.75038528442383,1033.3733430351308,0.3130955574134886,0.15997393890908795,0.9684357817731009
4,first_label_token,20,4096,4096,10000.0,0.21989715099334717,False,3400,1530,0.010269532911479473,0.25314495173934237,42.06400680541992,1036.881742749183,0.310763476004455,0.15712200050438452,0.9689425608337663
4,first_label_token,21,4096,4096,10000.0,0.22008267045021057,False,3400,1530,0.01035828236490488,0.25433957467671314,42.42752456665039,1041.7749080882354,0.3075108819662117,0.15314435297602513,0.9686741619908438
4,first_label_token,22,4096,4096,10000.0,0.22214215993881226,False,3400,1530,0.01045872550457716,0.2551925908506306,42.83893966674805,1045.2688674428105,0.3051883789947589,0.15030412819070416,0.9683703987401754
4,first_label_token,23,4096,4096,10000.0,0.22344167530536652,False,3400,1530,0.01054293755441904,0.2562826424642326,43.183868408203125,1049.7336831086602,0.3022205007891199,0.14667466405520824,0.9681157220535557
4,first_label_token,24,4096,4096,10000.0,0.2240486443042755,False,3400,1530,0.010642912238836288,0.2579050625071806,43.5933723449707,1056.3791258169936,0.29780314566045196,0.14127261218435094,0.9678133755197633
4,first_label_token,25,4096,4096,10000.0,0.22481119632720947,False,3400,1530,0.010621017776429653,0.2588756311952678,43.503684997558594,1060.3545828227125,0.29516058303267756,0.1380409814977932,0.9678795894303795
4,first_label_token,26,4096,4096,10000.0,0.2258729338645935,False,3400,1530,0.010729512199759483,0.25988136116975274,43.948081970214844,1064.474019607843,0.29242228694212036,0.13469227687973895,0.9675514772385704
4,first_label_token,27,4096,4096,10000.0,0.2267524003982544,False,3400,1530,0.010921978391706944,0.2616783254286822,44.736427307128906,1071.8344209558823,0.287529701128898,0.1287090580585667,0.966969415026054
4,first_label_token,28,4096,4096,10000.0,0.22776421904563904,False,3400,1530,0.011255546472966671,0.26344452402950114,46.10272216796875,1079.0687704248367,0.28272088082278457,0.12282827737089541,0.9659606281142422
4,last_label_token,0,4096,4096,31622.776601683792,0.2957650125026703,False,3400,1530,0.05678689107298851,0.30458357006895775,232.59910583496094,1247.574236621732,0.17071180105285177,-0.014149357729643652,0.8282633270528368
4,last_label_token,1,4096,4096,31622.776601683792,0.2742040455341339,False,3400,1530,0.0468924455344677,0.2979528938243592,192.07144165039062,1220.415017361111,0.18876511088647108,0.007928313936134024,0.8581864153807122
4,last_label_token,2,4096,4096,31622.776601683792,0.25875124335289,False,3400,1530,0.03705603629350662,0.2892983081294041,151.78152465820312,1184.9658624387255,0.2123289090978393,0.03674484702085601,0.8879339885418869
4,last_label_token,3,4096,4096,31622.776601683792,0.25424325466156006,False,3400,1530,0.03454895317554474,0.2915324454214059,141.51251220703125,1194.116911764706,0.20624603440218403,0.029306005525727152,0.8955159868753997
4,last_label_token,4,4096,4096,10000.0,0.23867502808570862,False,3400,1530,0.015822676941752434,0.2830778795130113,64.80967712402344,1159.4869842728758,0.22926523971737933,0.05745654753933649,0.9521485708453074
4,last_label_token,5,4096,4096,10000.0,0.2311011403799057,False,3400,1530,0.013882611878216267,0.2724358022602555,56.86317825317383,1115.897030739379,0.2582403714882632,0.09289068408303802,0.9580157756353088
4,last_label_token,6,4096,4096,10000.0,0.22628431022167206,False,3400,1530,0.012824948877096176,0.2656257267870934,52.53098678588867,1088.0029667075164,0.2767821307254871,0.11556568807499368,0.9612143928069764
4,last_label_token,7,4096,4096,31622.776601683792,0.22120024263858795,False,3400,1530,0.021035602316260338,0.2513590881247926,86.16183471679688,1029.5668377246732,0.31562583814742917,0.16306825833200922,0.9363834806418454
4,last_label_token,8,4096,4096,31622.776601683792,0.21721519529819489,False,3400,1530,0.01978628896176815,0.24793323816037646,81.04463195800781,1015.5345869076798,0.3249533831171417,0.1744750572617878,0.940161692741768
4,last_label_token,9,4096,4096,31622.776601683792,0.2141612321138382,False,3400,1530,0.018570462241768837,0.24482538185867608,76.06461334228516,1002.804753880719,0.3334151282941391,0.18482305624141726,0.9438386335255937
4,last_label_token,10,4096,4096,31622.776601683792,0.2135532945394516,False,3400,1530,0.01795591227710247,0.24537805856442918,73.54741668701172,1005.0685483047386,0.3319103581261019,0.1829828495420055,0.9456971745426737
4,last_label_token,11,4096,4096,31622.776601683792,0.21260270476341248,False,3400,1530,0.017372693866491318,0.24367642496146408,71.15856170654297,998.0986315359477,0.3365433876278291,0.18864865293759758,0.9474609617045937
4,last_label_token,12,4096,4096,31622.776601683792,0.2125585377216339,False,3400,1530,0.016538644209504128,0.24376997293210498,67.7422866821289,998.4817784926471,0.33628868502495934,0.18833717318732446,0.9499833204824251
4,last_label_token,13,4096,4096,31622.776601683792,0.21193034946918488,False,3400,1530,0.016054565086960793,0.2433062715468064,65.7594985961914,996.5824754901961,0.33755120252246085,0.18988112535116708,0.9514472875420396
4,last_label_token,14,4096,4096,31622.776601683792,0.21230435371398926,False,3400,1530,0.015776995569467545,0.24411475860994625,64.62257385253906,999.894056372549,0.33534993874348706,0.18718916584845868,0.9522867218647352
4,last_label_token,15,4096,4096,31622.776601683792,0.212319478392601,False,3400,1530,0.015613541938364506,0.24532481424169603,63.95306396484375,1004.8504544526144,0.3320553261836158,0.18316013322047298,0.9527810433931084
4,last_label_token,16,4096,4096,31622.776601683792,0.21231020987033844,False,3400,1530,0.015609623864293098,0.24632064220952052,63.93701934814453,1008.9293658088235,0.32934399023824157,0.1798443985807162,0.9527928925539388
4,last_label_token,17,4096,4096,31622.776601683792,0.21314552426338196,False,3400,1530,0.015529138036072254,0.24720376831254148,63.60734558105469,1012.546604370915,0.32693950710984543,0.17690391899420987,0.9530363002858444
4,last_label_token,18,4096,4096,31622.776601683792,0.21344740688800812,False,3400,1530,0.015187418088316917,0.24697828666836608,62.207664489746094,1011.6230264501634,0.3275534248814165,0.1776546885270791,0.9540697403245278
4,last_label_token,19,4096,4096,10000.0,0.21494068205356598,False,3400,1530,0.008792346343398094,0.2493182518902947,36.013450622558594,1021.2075699550653,0.32118241299770645,0.16986347961061876,0.9734099141565336
4,last_label_token,20,4096,4096,10000.0,0.21558938920497894,False,3400,1530,0.00871035736054182,0.24933241613550125,35.6776237487793,1021.2655790441177,0.32114384807644647,0.1698163179722687,0.9736578677751946
4,last_label_token,21,4096,4096,10000.0,0.21625283360481262,False,3400,1530,0.00877482071518898,0.24904190886254404,35.94166564941406,1020.0756535947712,0.3219348108099819,0.17078359852590663,0.9734629157035997
4,last_label_token,22,4096,4096,10000.0,0.21769849956035614,False,3400,1530,0.008779498748481274,0.2500724487055361,35.9608268737793,1024.296732026144,0.31912896501158694,0.167352286325946,0.9734487682505806
4,last_label_token,23,4096,4096,10000.0,0.21861077845096588,False,3400,1530,0.008775380440056324,0.2502392338771446,35.9439582824707,1024.9798764297386,0.31867485983925936,0.16679695409109407,0.9734612229663381
4,last_label_token,24,4096,4096,10000.0,0.21915759146213531,False,3400,1530,0.008789882063865662,0.250961938247182,36.00335693359375,1027.9400684232025,0.3167071561799193,0.16439061886908612,0.9734173667069393
4,last_label_token,25,4096,4096,10000.0,0.21989218890666962,False,3400,1530,0.008720424957573414,0.25188755209929026,35.7188606262207,1031.7313929738561,0.31418699186455057,0.16130867097081725,0.9736274210367641
4,last_label_token,26,4096,4096,10000.0,0.22050556540489197,False,3400,1530,0.008714141324162483,0.2526629341973199,35.69312286376953,1034.9073784722223,0.31207586281243105,0.1587269386188923,0.9736464241953386
4,last_label_token,27,4096,4096,10000.0,0.22132524847984314,False,3400,1530,0.008756257593631744,0.2536392486173343,35.865631103515625,1038.9063265931372,0.3094176563083948,0.1554761767942292,0.9735190548701488
4,last_label_token,28,4096,4096,31622.776601683792,0.22193311154842377,False,3400,1530,0.015309366397559643,0.25293203740338094,62.7071647644043,1036.0096252042483,0.3113431768273178,0.15783092560174894,0.953700940474683
5,pre_label_token,0,4096,4096,0.1,0.3663851320743561,True,3400,1530,0.3306626081466675,0.36728312423805787,1354.3939208984375,1504.3916870915032,3.107816048952827e-08,-0.22291542011485976,-9.012910551220443e-08
5,pre_label_token,1,4096,4096,100000.0,0.2920401990413666,False,3400,1530,0.08435609191656113,0.3322735169354607,345.5225524902344,1360.9923151552287,0.09532051792925578,-0.1063465232690528,0.7448876968813978
5,pre_label_token,2,4096,4096,100000.0,0.29027259349823,False,3400,1530,0.08078428357839584,0.3087437124813304,330.8923645019531,1264.6142412173203,0.1593850016206333,-0.02800107584633804,0.7556896701680322
5,pre_label_token,3,4096,4096,3162.2776601683795,0.27458158135414124,False,3400,1530,0.020956115797162056,0.30196485581740834,85.83623504638672,1236.8479779411764,0.17784176155838072,-0.005430018811641624,0.9366238662321843
5,pre_label_token,4,4096,4096,3162.2776601683795,0.2411065399646759,False,3400,1530,0.015301513485610485,0.28616658379049864,62.67499923706055,1172.1383272058824,0.22085563966318755,0.04717231763645158,0.9537246894939656
5,pre_label_token,5,4096,4096,31622.776601683792,0.23517808318138123,False,3400,1530,0.026500806212425232,0.2715690164005055,108.54730224609375,1112.3466094771243,0.26060036511609463,0.09577675677157982,0.9198554419277895
5,pre_label_token,6,4096,4096,3162.2776601683795,0.2224358320236206,False,3400,1530,0.009991956874728203,0.2720497654933555,40.92705535888672,1114.3158139297386,0.2592914319084867,0.09417604211834829,0.9697820148722037
5,pre_label_token,7,4096,4096,31622.776601683792,0.217006653547287,False,3400,1530,0.022129569202661514,0.2608083631478104,90.64271545410156,1068.2710477941177,0.28989834318300733,0.13160570704129215,0.9330750721370827
5,pre_label_token,8,4096,4096,31622.776601683792,0.2137780785560608,False,3400,1530,0.020605862140655518,0.2562769098219529,84.401611328125,1049.7101894403595,0.3022361090262623,0.1466937516096838,0.9376831141769028
5,pre_label_token,9,4096,4096,31622.776601683792,0.2039993703365326,False,3400,1530,0.01793399453163147,0.23766996159273035,73.4576416015625,973.4961397058823,0.3528971561123587,0.20864792921585784,0.9457634588666536
5,pre_label_token,10,4096,4096,31622.776601683792,0.20099082589149475,False,3400,1530,0.017500190064311028,0.23336442062278198,71.68077850341797,955.8606515522875,0.36461983148730837,0.22298377014241622,0.9470753837584648
5,pre_label_token,11,4096,4096,31622.776601683792,0.19987903535366058,False,3400,1530,0.016691751778125763,0.23329036313723894,68.36941528320312,955.5573478349673,0.3648214674415742,0.22323035386780077,0.9495202878363111
5,pre_label_token,12,4096,4096,31622.776601683792,0.19965440034866333,False,3400,1530,0.016272488981485367,0.23269353816711824,66.6521224975586,953.1127578635621,0.3664464398734294,0.22521755777373664,0.9507882353577382
5,pre_label_token,13,4096,4096,31622.776601683792,0.19923652708530426,False,3400,1530,0.013790934346616268,0.23106813991771025,56.4876708984375,946.4551036560457,0.37087190375028334,0.23062952595809671,0.9582930296628406
5,pre_label_token,14,4096,4096,31622.776601683792,0.20094698667526245,False,3400,1530,0.014321209862828255,0.234099320181055,58.65967559814453,958.8708078022876,0.36261892404850826,0.22053682950523845,0.9566893540401948
5,pre_label_token,15,4096,4096,31622.776601683792,0.20228467881679535,False,3400,1530,0.013995273038744926,0.23523976195092294,57.32463836669922,963.5420828227125,0.35951384881045856,0.2167395849979994,0.9576750622679457
5,pre_label_token,16,4096,4096,31622.776601683792,0.2024332731962204,False,3400,1530,0.013551600277423859,0.23610790103089577,55.507354736328125,967.0979728349673,0.3571501707765341,0.21384900659229245,0.9590168311597949
5,pre_label_token,17,4096,4096,31622.776601683792,0.20382647216320038,False,3400,1530,0.01469437126070261,0.23842653885386347,60.188140869140625,976.5951337826798,0.35083722689783337,0.20612880993678018,0.9555608277952753
5,pre_label_token,18,4096,4096,31622.776601683792,0.2062685787677765,False,3400,1530,0.014382698573172092,0.24080049976024753,58.91153335571289,986.3188623366013,0.34437365513005724,0.19822440810729347,0.9565033979799363
5,pre_label_token,19,4096,4096,31622.776601683792,0.20930500328540802,False,3400,1530,0.014623853377997875,0.24265195372837042,59.8993034362793,993.9023539624183,0.3393327104516868,0.19205975893658234,0.9557740901579468
5,pre_label_token,20,4096,4096,10000.0,0.21403902769088745,False,3400,1530,0.009367581456899643,0.24589408301060495,38.36961364746094,1007.1821793300653,0.33050538088624326,0.1812646811570744,0.9716702703287324
5,pre_label_token,21,4096,4096,10000.0,0.21716883778572083,False,3400,1530,0.009644683450460434,0.24796656814276002,39.504615783691406,1015.6710784313725,0.32486263573685614,0.17436408088765254,0.9708322499063784
5,pre_label_token,22,4096,4096,10000.0,0.221487358212471,False,3400,1530,0.009874182753264904,0.24878838607688356,40.44464874267578,1019.0372089460784,0.3226250760605496,0.17162773457102953,0.9701381910142183
5,pre_label_token,23,4096,4096,10000.0,0.22446438670158386,False,3400,1530,0.00999944843351841,0.2495094218285255,40.957740783691406,1021.990642871732,0.32066191554036694,0.16922695522412567,0.9697593586683244
5,pre_label_token,24,4096,4096,10000.0,0.22617599368095398,False,3400,1530,0.010121302679181099,0.2511223325542375,41.45685577392578,1028.5970537173203,0.31627045138330356,0.1638565658226694,0.9693908432884686
5,pre_label_token,25,4096,4096,10000.0,0.22694699466228485,False,3400,1530,0.010082365944981575,0.25252540937436174,41.29737091064453,1034.3440767973857,0.3124503009763664,0.15918484483767925,0.9695085969647221
5,pre_label_token,26,4096,4096,10000.0,0.22770258784294128,False,3400,1530,0.0099272346124053,0.25357253380071104,40.661956787109375,1038.6330958946078,0.30959930041384687,0.15569831217866303,0.9699777499404021
5,pre_label_token,27,4096,4096,10000.0,0.2286439836025238,False,3400,1530,0.010128213092684746,0.25640848633510616,41.48516082763672,1050.2491600285948,0.30187786629638724,0.1462556510375601,0.9693699446021453
5,pre_label_token,28,4096,4096,10000.0,0.2314428836107254,False,3400,1530,0.010555901564657688,0.25817900264964383,43.23697280883789,1057.5011948529411,0.29705729017221516,0.140360493978262,0.9680765158926905
5,first_label_token,0,4096,4096,100000.0,0.3164394795894623,False,3400,1530,0.11741749197244644,0.3083943454268711,480.9420471191406,1263.1832465277778,0.16033622159385252,-0.0268378142370147,0.644902387925584
5,first_label_token,1,4096,4096,31622.776601683792,0.29501983523368835,False,3400,1530,0.06829753518104553,0.30718298519358916,279.7467041015625,1258.221502246732,0.16363438618594517,-0.02280443777391805,0.7934524810064176
5,first_label_token,2,4096,4096,31622.776601683792,0.2770400047302246,False,3400,1530,0.05676659196615219,0.29303348267000484,232.5159454345703,1200.2651552287582,0.20215916761497887,0.02430811295637325,0.8283247162397777
5,first_label_token,3,4096,4096,31622.776601683792,0.2726805806159973,False,3400,1530,0.05416285619139671,0.29459610421673144,221.85105895996094,1206.6656632965687,0.19790462555997723,0.019105167710086746,0.8361990145283611
5,first_label_token,4,4096,4096,10000.0,0.25070515275001526,False,3400,1530,0.02389969304203987,0.2810724919138391,97.89314270019531,1151.2729115604575,0.23472529874135084,0.06413373812200318,0.9277218088550945
5,first_label_token,5,4096,4096,10000.0,0.23517794907093048,False,3400,1530,0.01947496272623539,0.2688409169514974,79.76943969726562,1101.1723754084967,0.26802814816461706,0.10486030748118558,0.9411032151755783
5,first_label_token,6,4096,4096,10000.0,0.2290216088294983,False,3400,1530,0.016083206981420517,0.2639363843631121,65.87681579589844,1081.0834507761438,0.28138169509421274,0.12119056644213011,0.9513606678386455
5,first_label_token,7,4096,4096,10000.0,0.22392788529396057,False,3400,1530,0.014264614321291447,0.260334320317686,58.427860260009766,1066.3293913398693,0.291189017281839,0.13318409234814965,0.9568605120279544
5,first_label_token,8,4096,4096,10000.0,0.218351349234581,False,3400,1530,0.013274616561830044,0.2568065911336662,54.37282943725586,1051.8798228145424,0.30079394830529094,0.14493011097091313,0.9598544938822616
5,first_label_token,9,4096,4096,10000.0,0.21520547568798065,False,3400,1530,0.012401056475937366,0.2492421050476872,50.79473114013672,1020.8956775939542,0.3213897376342493,0.17011702011349628,0.9624963413216262
5,first_label_token,10,4096,4096,10000.0,0.2134312093257904,False,3400,1530,0.011575637385249138,0.24680962905385137,47.4138069152832,1010.932199754902,0.3280126281449016,0.1782162552964146,0.9649925992738297
5,first_label_token,11,4096,4096,31622.776601683792,0.21251460909843445,False,3400,1530,0.01919347420334816,0.24334128573049907,78.61647033691406,996.7258782679738,0.3374558695754949,0.1897645412166542,0.9419545014756388
5,first_label_token,12,4096,4096,10000.0,0.21222899854183197,False,3400,1530,0.010663503780961037,0.24507481444115733,43.677711486816406,1003.8264552696079,0.33273599941979515,0.18399253904292578,0.9677511019409754
5,first_label_token,13,4096,4096,10000.0,0.21186348795890808,False,3400,1530,0.010132945142686367,0.24445639217601103,41.50454330444336,1001.2933823529412,0.334419774701357,0.18605165386274958,0.9693556337901227
5,first_label_token,14,4096,4096,10000.0,0.21296276152133942,False,3400,1530,0.009823490865528584,0.2458695667241913,40.23701477050781,1007.0816738153595,0.33057213125954876,0.1813463112204251,0.9702914949894977
5,first_label_token,15,4096,4096,10000.0,0.21286797523498535,False,3400,1530,0.009720837697386742,0.24605668198828604,39.816551208496094,1007.8481541053922,0.3300626734436807,0.1807232873821395,0.9706019418766412
5,first_label_token,16,4096,4096,10000.0,0.21294055879116058,False,3400,1530,0.00971768144518137,0.24738411498225593,39.803619384765625,1013.2853247549019,0.3264484781128456,0.17630343204339316,0.9706114871122139
5,first_label_token,17,4096,4096,10000.0,0.2141098976135254,False,3400,1530,0.009730234742164612,0.24838358561197918,39.85504150390625,1017.3791564542483,0.3237272243097067,0.17297556870206454,0.9705735230430831
5,first_label_token,18,4096,4096,10000.0,0.21474520862102509,False,3400,1530,0.009698022156953812,0.24963749280942032,39.72309875488281,1022.5151756535947,0.32031321730605444,0.16880052676316548,0.9706709413399224
5,first_label_token,19,4096,4096,10000.0,0.21655230224132538,False,3400,1530,0.009795041754841805,0.251264790304346,40.12049102783203,1029.180547896242,0.3158825823627034,0.16338223480165126,0.970377531670241
5,first_label_token,20,4096,4096,10000.0,0.21875004470348358,False,3400,1530,0.009700707159936428,0.25213255290112463,39.73409652709961,1032.7349060457516,0.31351992937773343,0.1604929099441561,0.9706628212708294
5,first_label_token,21,4096,4096,10000.0,0.2189793586730957,False,3400,1530,0.009774048812687397,0.2533655640346552,40.03450393676758,1037.7853707107843,0.3101628159852551,0.15638744408182992,0.9704410191754178
5,first_label_token,22,4096,4096,10000.0,0.2209189087152481,False,3400,1530,0.00988257210701704,0.25446821349898197,40.4790153503418,1042.301815257353,0.30716063767296287,0.15271603381569265,0.9701128196710378
5,first_label_token,23,4096,4096,10000.0,0.22205913066864014,False,3400,1530,0.00996936671435833,0.2553498810412837,40.83452606201172,1045.913112745098,0.3047601257607149,0.1497804106908014,0.969850332734125
5,first_label_token,24,4096,4096,10000.0,0.22255770862102509,False,3400,1530,0.010052303783595562,0.2569580439648597,41.17423629760742,1052.5001582924835,0.30038158842134355,0.144425829694525,0.9695995118832972
5,first_label_token,25,4096,4096,10000.0,0.22369565069675446,False,3400,1530,0.010042312555015087,0.2580101873360428,41.13330841064453,1056.8097273284313,0.29751692280223263,0.14092258582656703,0.9696297276658951
5,first_label_token,26,4096,4096,10000.0,0.22464026510715485,False,3400,1530,0.010125566273927689,0.25926338519925385,41.47431945800781,1061.9427951388889,0.29410484709942497,0.13674990570532508,0.969377949193322
5,first_label_token,27,4096,4096,10000.0,0.22577355802059174,False,3400,1530,0.010313880629837513,0.2613340390273948,42.24565505981445,1070.4242136437908,0.28846708803253485,0.12985540299326426,0.9688084430918069
5,first_label_token,28,4096,4096,10000.0,0.22699931263923645,False,3400,1530,0.010646887123584747,0.2631923189350203,43.60964584350586,1078.0357638888888,0.2834075584020116,0.12366802599727711,0.9678013545503256
5,last_label_token,0,4096,4096,31622.776601683792,0.29873594641685486,False,3400,1530,0.05719349905848503,0.30518388124852397,234.2645721435547,1250.0331444035949,0.16907733673556247,-0.016148169409003765,0.827033650602806
5,last_label_token,1,4096,4096,31622.776601683792,0.27596670389175415,False,3400,1530,0.04706482216715813,0.3005149429919673,192.77752685546875,1230.9092218137255,0.18178943212829402,-0.0006023514481259262,0.857665108634864
5,last_label_token,2,4096,4096,31622.776601683792,0.26101064682006836,False,3400,1530,0.037119846791028976,0.28824073941099876,152.04290771484375,1180.634037990196,0.2152083462833404,0.040266155265693104,0.8877410108610079
5,last_label_token,3,4096,4096,31622.776601683792,0.25559619069099426,False,3400,1530,0.034680116921663284,0.2893993963603101,142.04977416992188,1185.3799070669934,0.21205367666516484,0.03640826102436201,0.8951193174162329
5,last_label_token,4,4096,4096,10000.0,0.2397354692220688,False,3400,1530,0.015635836869478226,0.27950313730177534,64.04438781738281,1144.8448401756536,0.23899817288046832,0.06935910195733486,0.9527136183726379
5,last_label_token,5,4096,4096,10000.0,0.2301793396472931,False,3400,1530,0.013533856719732285,0.2695650088241677,55.43467330932617,1104.1383067810457,0.2660566667586337,0.10244935239441078,0.9590704917759445
5,last_label_token,6,4096,4096,10000.0,0.2252395749092102,False,3400,1530,0.01238510012626648,0.2642327788608526,50.7293701171875,1082.2974571078432,0.2805747032425071,0.12020368363210177,0.9625445970079841
5,last_label_token,7,4096,4096,31622.776601683792,0.21924370527267456,False,3400,1530,0.020276136696338654,0.24945572497797946,83.05105590820312,1021.7706495098039,0.32080811569314727,0.16940574565094035,0.9386802800671823
5,last_label_token,8,4096,4096,31622.776601683792,0.21486297249794006,False,3400,1530,0.01897660829126835,0.24611182368658727,77.72818756103516,1008.0740042892157,0.3299125394109724,0.18053968615275062,0.9426103540766971
5,last_label_token,9,4096,4096,31622.776601683792,0.21210631728172302,False,3400,1530,0.017686165869235992,0.24323032291886074,72.44253540039062,996.2713771446079,0.3377579874809119,0.1901340058733637,0.946512949975192
5,last_label_token,10,4096,4096,31622.776601683792,0.2117532193660736,False,3400,1530,0.017120813950896263,0.24381637822568805,70.1268539428711,998.6718341503268,0.3361623375587174,0.1881826609177628,0.9482227047384025
5,last_label_token,11,4096,4096,31622.776601683792,0.2111208736896515,False,3400,1530,0.016549138352274895,0.24226852367126864,67.78527069091797,992.3318627450981,0.3403766735958714,0.1933364376033141,0.9499515837711731
5,last_label_token,12,4096,4096,31622.776601683792,0.21128982305526733,False,3400,1530,0.01579275354743004,0.24202463112625422,64.68711853027344,991.3328993055555,0.3410407186372564,0.19414850854931232,0.9522390661002352
5,last_label_token,13,4096,4096,31622.776601683792,0.2106521725654602,False,3400,1530,0.015379968099296093,0.2414860831366645,62.9963493347168,989.1269633374183,0.342507020618786,0.19594167190879797,0.9534874246239025
5,last_label_token,14,4096,4096,31622.776601683792,0.2113521248102188,False,3400,1530,0.015134761109948158,0.24252862182317997,61.991981506347656,993.3972758374183,0.33966850562772,0.19247040804811566,0.954228987187697
5,last_label_token,15,4096,4096,31622.776601683792,0.2114509791135788,False,3400,1530,0.015010859817266464,0.24340240503448288,61.48448181152344,996.976273999183,0.3372894603449833,0.18956103679628766,0.9546036933104826
5,last_label_token,16,4096,4096,31622.776601683792,0.21152450144290924,False,3400,1530,0.015012823976576328,0.24424389421550277,61.49252700805664,1000.4229753880719,0.3349983418608067,0.1867591925856017,0.9545977532391274
5,last_label_token,17,4096,4096,31622.776601683792,0.21244972944259644,False,3400,1530,0.014965008944272995,0.24523690167595358,61.29667663574219,1004.4903364991831,0.3322946852970863,0.18345284918037819,0.9547423569391975
5,last_label_token,18,4096,4096,10000.0,0.2126774936914444,False,3400,1530,0.008475219830870628,0.2466990078196806,34.714500427246094,1010.4791309232027,0.32831381603901555,0.17858458262792554,0.9743689779674896
5,last_label_token,19,4096,4096,10000.0,0.2142145335674286,False,3400,1530,0.008416078053414822,0.24700886096829683,34.47225570678711,1011.748299632353,0.3274701803842891,0.17755288754473864,0.9745478363606949
5,last_label_token,20,4096,4096,10000.0,0.2151772677898407,False,3400,1530,0.008359589613974094,0.2470984328026865,34.240875244140625,1012.1151858660131,0.32722630358817495,0.17725464684089365,0.9747186704469818
5,last_label_token,21,4096,4096,10000.0,0.21587510406970978,False,3400,1530,0.008411185815930367,0.24675070943396077,34.45221710205078,1010.6908700980392,0.3281730483062736,0.17841243559155073,0.9745626316166592
5,last_label_token,22,4096,4096,10000.0,0.21709983050823212,False,3400,1530,0.008414550684392452,0.24773580139758541,34.465999603271484,1014.7258374183007,0.3254909432271105,0.17513244782993775,0.9745524554773485
5,last_label_token,23,4096,4096,10000.0,0.2180951088666916,False,3400,1530,0.008411838673055172,0.24789763244928098,34.454891204833984,1015.3887178308823,0.3250503266128789,0.17459361096128911,0.9745606572259433
5,last_label_token,24,4096,4096,10000.0,0.21839149296283722,False,3400,1530,0.00842491164803505,0.2488163293576708,34.5084342956543,1019.1517080269608,0.322548995026397,0.17153469389829445,0.9745211215305364
5,last_label_token,25,4096,4096,10000.0,0.21905195713043213,False,3400,1530,0.00835538748651743,0.24973487480013978,34.22366714477539,1022.9140420751634,0.32004807583543815,0.16847628116016,0.9747313786508484
5,last_label_token,26,4096,4096,10000.0,0.21950827538967133,False,3400,1530,0.00834520161151886,0.25066911971646977,34.18194580078125,1026.7407092524509,0.3175044117636584,0.16536559504651394,0.9747621830891661
5,last_label_token,27,4096,4096,10000.0,0.22041353583335876,False,3400,1530,0.008378323167562485,0.2516642177806181,34.31761169433594,1030.816623263889,0.3147950631234592,0.16205229071297567,0.974662015854611
5,last_label_token,28,4096,4096,10000.0,0.2208634912967682,False,3400,1530,0.008493113331496716,0.252216438218659,34.78778839111328,1033.078528390523,0.313291535233294,0.16021360321437683,0.9743148638892782
6,pre_label_token,0,4096,4096,0.1,0.3663851320743561,True,3400,1530,0.3306626081466675,0.36728312423805787,1354.3939208984375,1504.3916870915032,3.107816048952827e-08,-0.22291542011485976,-9.012910551220443e-08
6,pre_label_token,1,4096,4096,100000.0,0.29005712270736694,False,3400,1530,0.07870874553918839,0.33325900283514287,322.3910217285156,1365.0288756127452,0.09263734028231241,-0.10962782269038418,0.7619665765225397
6,pre_label_token,2,4096,4096,10000.0,0.2870654761791229,False,3400,1530,0.03357241675257683,0.31291812073950676,137.5126190185547,1281.7126327614378,0.1480193606397051,-0.04190029389336658,0.8984692585393947
6,pre_label_token,3,4096,4096,3162.2776601683795,0.26657211780548096,False,3400,1530,0.019117359071969986,0.30631407195446536,78.30470275878906,1254.6624029820262,0.1660001720192098,-0.01991128170781553,0.9421846912109251
6,pre_label_token,4,4096,4096,10000.0,0.239454984664917,False,3400,1530,0.020589560270309448,0.28243558671739366,84.3348388671875,1156.8561734068628,0.23101400717569587,0.05959514229677043,0.9377324147975767
6,pre_label_token,5,4096,4096,31622.776601683792,0.2319338321685791,False,3400,1530,0.02434263378381729,0.26947653652016634,99.7074203491211,1103.7758629493464,0.26629754986872844,0.10274393207334587,0.9263822537593976
6,pre_label_token,6,4096,4096,31622.776601683792,0.22085724771022797,False,3400,1530,0.02259036712348461,0.2642636928683013,92.53014373779297,1082.4240247140524,0.2804905338253795,0.12010075155079525,0.9316815128080218
6,pre_label_token,7,4096,4096,31622.776601683792,0.2150140255689621,False,3400,1530,0.020482290536165237,0.2591619628706789,83.89545440673828,1061.5274050245098,0.29438098917819144,0.1370876041220862,0.9380568232464594
6,pre_label_token,8,4096,4096,31622.776601683792,0.21187005937099457,False,3400,1530,0.019079336896538734,0.25472485411400886,78.14896392822266,1043.3530024509803,0.3064618835236036,0.15186151656501512,0.9422996790502556
6,pre_label_token,9,4096,4096,31622.776601683792,0.20199453830718994,False,3400,1530,0.016438335180282593,0.23502070296044444,67.3314208984375,962.6448095383987,0.36011027965417075,0.2174689694964751,0.950286678152119
6,pre_label_token,10,4096,4096,31622.776601683792,0.1991875022649765,False,3400,1530,0.016052303835749626,0.23082672817255157,65.75023651123047,945.4662530637255,0.37152919433001497,0.23143333676852762,0.9514541260879146
6,pre_label_token,11,4096,4096,31622.776601683792,0.198267862200737,False,3400,1530,0.015167034231126308,0.23055503820282183,62.12417221069336,944.3534620098039,0.3722689232839377,0.2323379627410993,0.9541313858161122
6,pre_label_token,12,4096,4096,31622.776601683792,0.1982710212469101,False,3400,1530,0.01490065548568964,0.23068448110343584,61.033084869384766,944.8836345996732,0.37191648973050473,0.23190696630064578,0.9549369766597162
6,pre_label_token,13,4096,4096,31622.776601683792,0.19787651300430298,False,3400,1530,0.012738346122205257,0.2289832520329095,52.17626953125,937.9154003267973,0.37654841781373627,0.23757142275453347,0.9614762995377729
6,pre_label_token,14,4096,4096,31622.776601683792,0.19977441430091858,False,3400,1530,0.013291491195559502,0.23180215249653735,54.44194793701172,949.4616115196078,0.3688734112860895,0.22818553863069602,0.9598034610928424
6,pre_label_token,15,4096,4096,31622.776601683792,0.20112796127796173,False,3400,1530,0.012966015376150608,0.23303182390001084,53.10879898071289,954.4983379289216,0.36552539096032977,0.22409119282022172,0.9607877751359936
6,pre_label_token,16,4096,4096,31622.776601683792,0.20130978524684906,False,3400,1530,0.012586683966219425,0.2337592579960044,51.55506134033203,957.4779258578432,0.3635448096992241,0.2216691093799512,0.9619349609222732
6,pre_label_token,17,4096,4096,10000.0,0.20258696377277374,False,3400,1530,0.008153127506375313,0.23848162258372588,33.395206451416016,976.8207158905228,0.35068725069551054,0.20594540172060927,0.9753430595406389
6,pre_label_token,18,4096,4096,10000.0,0.2048489898443222,False,3400,1530,0.00805624295026064,0.23966966392168032,32.99837112426758,981.6869332107843,0.34745257634586013,0.20198966845643496,0.9756360608128113
6,pre_label_token,19,4096,4096,10000.0,0.2077513337135315,False,3400,1530,0.008212328888475895,0.24105176302342632,33.6376953125,987.3480494281046,0.3436895418703173,0.19738779542685203,0.9751640208892227
6,pre_label_token,20,4096,4096,10000.0,0.21276094019412994,False,3400,1530,0.00867109838873148,0.2426219846688065,35.516822814941406,993.7796543096405,0.3394143070638228,0.1921595446948937,0.9737765959724006
6,pre_label_token,21,4096,4096,10000.0,0.21577350795269012,False,3400,1530,0.00893468502908945,0.24467955445931627,36.59646987915039,1002.2074754901961,0.33381217184230183,0.18530860693401263,0.9729794490993624
6,pre_label_token,22,4096,4096,10000.0,0.22022555768489838,False,3400,1530,0.009119132533669472,0.2459929204454609,37.351966857910156,1007.5870149101307,0.33023627668498345,0.1809355894695086,0.9724216372492778
6,pre_label_token,23,4096,4096,10000.0,0.22354014217853546,False,3400,1530,0.009234451688826084,0.24650873670391008,37.82431411743164,1009.6997702205882,0.32883186627683136,0.17921811427183354,0.9720728854923235
6,pre_label_token,24,4096,4096,10000.0,0.22527363896369934,False,3400,1530,0.009344140067696571,0.2486278147479288,38.27359390258789,1018.3795138888889,0.323062262833826,0.17216237703415516,0.9717411625032277
6,pre_label_token,25,4096,4096,10000.0,0.22652411460876465,False,3400,1530,0.00930453184992075,0.2504851172952091,38.111366271972656,1025.9870046977123,0.31800539425754215,0.16597825428253232,0.9718609469008882
6,pre_label_token,26,4096,4096,10000.0,0.2275623232126236,False,3400,1530,0.009194238111376762,0.2514189364863377,37.65959930419922,1029.811963848039,0.31546288930568955,0.16286898567456298,0.9721945006374381
6,pre_label_token,27,4096,4096,10000.0,0.2285294383764267,False,3400,1530,0.00937833171337843,0.2544666302749534,38.41364669799805,1042.2953176062092,0.3071649483092945,0.1527213053594969,0.9716377590704806
6,pre_label_token,28,4096,4096,3162.2776601683795,0.23150064051151276,False,3400,1530,0.005991572048515081,0.25594281464620355,24.541479110717773,1048.341743259804,0.3031457483298905,0.14780616357540488,0.9818801024339816
6,first_label_token,0,4096,4096,31622.776601683792,0.31612029671669006,False,3400,1530,0.07795248925685883,0.3043139432769975,319.29339599609375,1246.469904003268,0.17144591260273612,-0.013251601367305188,0.7642536701698348
6,first_label_token,1,4096,4096,31622.776601683792,0.29410600662231445,False,3400,1530,0.06715941429138184,0.30041707107444215,275.0849914550781,1230.5083435457516,0.18205590752023182,-0.00027647457211643633,0.7968944214139544
6,first_label_token,2,4096,4096,31622.776601683792,0.27595198154449463,False,3400,1530,0.05575066804885864,0.287443698932922,228.354736328125,1177.3693729575164,0.21737844450105648,0.04292000192177858,0.831397104782746
6,first_label_token,3,4096,4096,31622.776601683792,0.2707041800022125,False,3400,1530,0.05325869470834732,0.2892455493702608,218.14764404296875,1184.7497549019608,0.21247255511373808,0.036920513954196044,0.8389334076598023
6,first_label_token,4,4096,4096,10000.0,0.2474486082792282,False,3400,1530,0.022851023823022842,0.27864852107428256,93.59779357910156,1141.3443525326797,0.24132503230997748,0.07220465432255563,0.9308932267526618
6,first_label_token,5,4096,4096,10000.0,0.2332720160484314,False,3400,1530,0.018694138154387474,0.26615431168500114,76.5711898803711,1090.1680351307189,0.27534295520503027,0.11380569808407803,0.9434646090041681
6,first_label_token,6,4096,4096,10000.0,0.2271074503660202,False,3400,1530,0.015375124290585518,0.2596929288377949,62.97651290893555,1063.7022263071894,0.2929353307322281,0.1353196860613547,0.9535020734200705
6,first_label_token,7,4096,4096,10000.0,0.2219841033220291,False,3400,1530,0.013588277623057365,0.25741706922942514,55.657588958740234,1054.3803155637254,0.29913180257492866,0.14289744726360365,0.9589059103963472
6,first_label_token,8,4096,4096,10000.0,0.21631132066249847,False,3400,1530,0.0125954058021307,0.25408722746605966,51.590782165527344,1040.7412837009804,0.3081979464844481,0.15398457479610284,0.96190858407626
6,first_label_token,9,4096,4096,10000.0,0.21381142735481262,False,3400,1530,0.011730117723345757,0.24656850715088688,48.04655075073242,1009.9446103962418,0.32866912957270633,0.17901910104075547,0.9645254150557967
6,first_label_token,10,4096,4096,10000.0,0.21142829954624176,False,3400,1530,0.01096306275576353,0.24517161986407113,44.90470504760742,1004.2229575163399,0.33247242776752794,0.18367021319504584,0.9668451664211399
6,first_label_token,11,4096,4096,10000.0,0.21079887449741364,False,3400,1530,0.010455952025949955,0.2436331555734273,42.827579498291016,997.9213950163398,0.3366611969793527,0.18879272381468692,0.9683787863800501
6,first_label_token,12,4096,4096,10000.0,0.21070803701877594,False,3400,1530,0.010226943530142307,0.24396382624806923,41.889564514160156,999.2758297589869,0.33576088154816797,0.18769171415670638,0.969071360958505
6,first_label_token,13,4096,4096,10000.0,0.2105485051870346,False,3400,1530,0.009681844152510166,0.24332724303201914,39.65682601928711,996.6683823529412,0.33749410356207576,0.18981129814986952,0.970719867361502
6,first_label_token,14,4096,4096,10000.0,0.2119593769311905,False,3400,1530,0.009438718669116497,0.24471271489959917,38.66099166870117,1002.3433006535947,0.33372188607346576,0.1851981950716547,0.9714551349705887
6,first_label_token,15,4096,4096,10000.0,0.2121298909187317,False,3400,1530,0.009356511756777763,0.2449179605720869,38.32427215576172,1003.1839665032679,0.3331630646831968,0.18451480375516616,0.9717037476583332
6,first_label_token,16,4096,4096,10000.0,0.21203404664993286,False,3400,1530,0.009360900148749352,0.24613719204672022,38.342247009277344,1008.1779462826797,0.32984346910071205,0.18045521900263595,0.9716904761475575
6,first_label_token,17,4096,4096,10000.0,0.21347911655902863,False,3400,1530,0.009393270127475262,0.2466324139264674,38.47483444213867,1010.2063393586601,0.32849513090688964,0.1788063153826358,0.9715925818563802
6,first_label_token,18,4096,4096,10000.0,0.21426166594028473,False,3400,1530,0.009376384317874908,0.24806086845647277,38.405670166015625,1016.0573427287582,0.3246058847331782,0.1740500961163669,0.9716436484442139
6,first_label_token,19,4096,4096,10000.0,0.21577729284763336,False,3400,1530,0.009451950900256634,0.24947977377698313,38.71519088745117,1021.8691533905229,0.32074263814553017,0.16932567214579952,0.9714151176477746
6,first_label_token,20,4096,4096,10000.0,0.21814024448394775,False,3400,1530,0.009389063343405724,0.24999912237030228,38.457603454589844,1023.9963873570262,0.31932861026647597,0.16759643559429027,0.9716053041429196
6,first_label_token,21,4096,4096,10000.0,0.21838955581188202,False,3400,1530,0.00943844486027956,0.25115642048954184,38.65987014770508,1028.7367238562092,0.31617764032830165,0.1637430657488229,0.9714559630317449
6,first_label_token,22,4096,4096,10000.0,0.22018207609653473,False,3400,1530,0.009581711143255234,0.25235942765778185,39.24668502807617,1033.664231004902,0.31290221858561074,0.1597375018678212,0.9710226927061669
6,first_label_token,23,4096,4096,10000.0,0.22125893831253052,False,3400,1530,0.009663491509854794,0.2533921559651693,39.581661224365234,1037.8943014705883,0.3100904142658927,0.15629890290002701,0.9707753699912439
6,first_label_token,24,4096,4096,10000.0,0.22150248289108276,False,3400,1530,0.00973995216190815,0.2548502666498321,39.89484405517578,1043.866681985294,0.30612042342470613,0.15144393973174208,0.9705441353216415
6,first_label_token,25,4096,4096,10000.0,0.22270046174526215,False,3400,1530,0.009704673662781715,0.2558205037335165,39.750343322753906,1047.8407730800654,0.3034787636546201,0.14821341316380787,0.9706508256502027
6,first_label_token,26,4096,4096,10000.0,0.22384949028491974,False,3400,1530,0.009796193800866604,0.257159350900089,40.125205993652344,1053.3247089460785,0.29983349101177525,0.1437555528998079,0.970374047617009
6,first_label_token,27,4096,4096,10000.0,0.22518540918827057,False,3400,1530,0.009975193068385124,0.2596747678868911,40.85839080810547,1063.627854370915,0.2929847774645741,0.13538015523469416,0.969832712494012
6,first_label_token,28,4096,4096,10000.0,0.22649209201335907,False,3400,1530,0.010289815254509449,0.2612487917632059,42.1470832824707,1070.075048508987,0.28869919034248004,0.13013924449596193,0.9688812223444473
6,last_label_token,0,4096,4096,31622.776601683792,0.29941657185554504,False,3400,1530,0.05782882496714592,0.3018352327783123,236.86688232421875,1236.3171364379084,0.178194685573979,-0.004998422577424222,0.8251122783330982
6,last_label_token,1,4096,4096,31622.776601683792,0.2774069607257843,False,3400,1530,0.04697619006037712,0.2971982631808013,192.4144744873047,1217.324080882353,0.1908197400548297,0.010440951706825574,0.8579331525944339
6,last_label_token,2,4096,4096,31622.776601683792,0.2609465718269348,False,3400,1530,0.03688588738441467,0.28660200779734096,151.0845947265625,1173.9217524509804,0.21967011284593052,0.04572251856561127,0.8884485581371036
6,last_label_token,3,4096,4096,31622.776601683792,0.25511348247528076,False,3400,1530,0.034398145973682404,0.28784084818721595,140.89480590820312,1178.9961065155228,0.2162971281656676,0.041597643460112854,0.8959720626811877
6,last_label_token,4,4096,4096,10000.0,0.2377847582101822,False,3400,1530,0.015168862417340279,0.2796905417847477,62.13166046142578,1145.6124489379085,0.23848792760977433,0.06873511512837005,0.9541258569588006
6,last_label_token,5,4096,4096,10000.0,0.22909998893737793,False,3400,1530,0.0132512291893363,0.2683261933669545,54.277034759521484,1099.064093137255,0.26942958355486,0.10657414448347147,0.9599252226977534
6,last_label_token,6,4096,4096,10000.0,0.22338184714317322,False,3400,1530,0.01205014530569315,0.26194473403731205,49.35739517211914,1072.9256408292483,0.2868043517110529,0.12782201704294516,0.9635575777397333
6,last_label_token,7,4096,4096,31622.776601683792,0.21823611855506897,False,3400,1530,0.01996747963130474,0.24888976601993337,81.78679656982422,1019.4524765114379,0.3223490493846455,0.17129017728221263,0.9396137303129868
6,last_label_token,8,4096,4096,10000.0,0.21374398469924927,False,3400,1530,0.0106968954205513,0.2513626971275978,43.814483642578125,1029.5816125408496,0.31561601193311417,0.16305624170262867,0.9676501179114022
6,last_label_token,9,4096,4096,31622.776601683792,0.2116500288248062,False,3400,1530,0.017358368262648582,0.24322793000663806,71.0998764038086,996.2616064133987,0.33776450265133595,0.1901419733759876,0.9475042856389635
6,last_label_token,10,4096,4096,31622.776601683792,0.21097125113010406,False,3400,1530,0.016780642792582512,0.24401910445269417,68.73351287841797,999.5022799223856,0.3356103758503587,0.1875076584123202,0.9492514608801378
6,last_label_token,11,4096,4096,31622.776601683792,0.21030065417289734,False,3400,1530,0.01622854173183441,0.24269546994975968,66.47209930419922,994.080624489379,0.33921422904819976,0.19191486619675813,0.9509211419898433
6,last_label_token,12,4096,4096,31622.776601683792,0.21053959429264069,False,3400,1530,0.01553004328161478,0.2422923960716896,63.61105728149414,992.4296415441177,0.340311676327814,0.19325695143947108,0.9530335626142667
6,last_label_token,13,4096,4096,31622.776601683792,0.20998656749725342,False,3400,1530,0.015076438896358013,0.24148455725775825,61.75310134887695,989.120756740196,0.34251117512183316,0.1959467525147952,0.9544053670305028
6,last_label_token,14,4096,4096,10000.0,0.2109307199716568,False,3400,1530,0.008527707308530807,0.24587990567575094,34.92948913574219,1007.1240757761437,0.33054398144662245,0.18131188637905415,0.9742102437136075
6,last_label_token,15,4096,4096,10000.0,0.2109297662973404,False,3400,1530,0.00845388788729906,0.24595655927471086,34.62712478637695,1007.4380667892157,0.33033527706703325,0.1810566585670771,0.9744334906912406
6,last_label_token,16,4096,4096,10000.0,0.21099545061588287,False,3400,1530,0.008408783003687859,0.24622820311901616,34.44237518310547,1008.550709763072,0.32959567369857834,0.18015218617491535,0.9745698982757851
6,last_label_token,17,4096,4096,10000.0,0.2117125689983368,False,3400,1530,0.008334661833941936,0.24671424416934742,34.13877487182617,1010.5415645424837,0.3282723321041767,0.17853385128274735,0.9747940578106108
6,last_label_token,18,4096,4096,10000.0,0.2119344174861908,False,3400,1530,0.00823180377483368,0.2464925205006319,33.71746826171875,1009.6333690767974,0.3288760180543132,0.17927210816301975,0.9751051243353541
6,last_label_token,19,4096,4096,10000.0,0.21339255571365356,False,3400,1530,0.008151651360094547,0.2467463200388391,33.389163970947266,1010.6729421977125,0.32818499929093803,0.17842705063543662,0.9753475237478927
6,last_label_token,20,4096,4096,10000.0,0.21431441605091095,False,3400,1530,0.00810439232736826,0.24633578007517298,33.19559097290039,1008.9913679534313,0.3293027744453477,0.17979399515046768,0.9754904459768395
6,last_label_token,21,4096,4096,10000.0,0.21510188281536102,False,3400,1530,0.008124997839331627,0.2461759205737145,33.279991149902344,1008.3365732230392,0.32973802312937583,0.18032626749429226,0.9754281301500334
6,last_label_token,22,4096,4096,10000.0,0.21630647778511047,False,3400,1530,0.008160434663295746,0.24717860066033656,33.425140380859375,1012.4435585171568,0.3270080309536103,0.17698771786199985,0.9753209610105996
6,last_label_token,23,4096,4096,10000.0,0.21705348789691925,False,3400,1530,0.008156802505254745,0.24749397016039082,33.41025924682617,1013.7352915645425,0.3261493759557599,0.17593765539193573,0.9753319454953248
6,last_label_token,24,4096,4096,10000.0,0.21731244027614594,False,3400,1530,0.008163511753082275,0.24851710126290913,33.437744140625,1017.9260391135621,0.32336370189887575,0.1725310115264861,0.9753116551804633
6,last_label_token,25,4096,4096,10000.0,0.21807260811328888,False,3400,1530,0.008067658171057701,0.2494240031522863,33.04513168334961,1021.6406760620915,0.3208944845530646,0.16951136746483353,0.9756015385488943
6,last_label_token,26,4096,4096,10000.0,0.2186354398727417,False,3400,1530,0.008058183826506138,0.2503719124139524,33.00632095336914,1025.5233685661765,0.31831361663496116,0.16635518419241668,0.9756301911548197
6,last_label_token,27,4096,4096,10000.0,0.21944302320480347,False,3400,1530,0.008087314665317535,0.25155271517685035,33.125640869140625,1030.3599468954249,0.31509865071827114,0.16242355267556485,0.9755420927707895
6,last_label_token,28,4096,4096,10000.0,0.21988347172737122,False,3400,1530,0.008198168128728867,0.2519215976490694,33.57969284057617,1031.87085375817,0.31409429621241103,0.16119531202491533,0.9752068462969781
7,pre_label_token,0,4096,4096,0.1,0.3663851320743561,True,3400,1530,0.3306626081466675,0.36728312423805787,1354.3939208984375,1504.3916870915032,3.107816048952827e-08,-0.22291542011485976,-9.012910551220443e-08
7,pre_label_token,1,4096,4096,100000.0,0.2864246666431427,False,3400,1530,0.07254726439714432,0.32984642701990463,297.1535949707031,1351.0509906045752,0.10192874379087591,-0.09826522171212382,0.7806003184261295
7,pre_label_token,2,4096,4096,10000.0,0.28281891345977783,False,3400,1530,0.031068185344338417,0.30709782394708374,127.25527954101562,1257.8727328431373,0.1638662542959637,-0.022520882677931064,0.9060426326441311
7,pre_label_token,3,4096,4096,3162.2776601683795,0.26618215441703796,False,3400,1530,0.01798561029136181,0.30372828689276005,73.66905212402344,1244.07109375,0.17304047638034314,-0.011301584674709986,0.9456073608891056
7,pre_label_token,4,4096,4096,3162.2776601683795,0.23713138699531555,False,3400,1530,0.013109183870255947,0.28304759380864164,53.69522476196289,1159.3629442401962,0.2293476984567817,0.057557387606408716,0.9603548005465429
7,pre_label_token,5,4096,4096,31622.776601683792,0.22970007359981537,False,3400,1530,0.022626709192991257,0.26757847156399994,92.67900085449219,1096.0014297385621,0.2714654020566437,0.10906377839923109,0.9315716059970104
7,pre_label_token,6,4096,4096,31622.776601683792,0.21916185319423676,False,3400,1530,0.021080972626805305,0.26220924090715797,86.34766387939453,1074.0090635212418,0.28608418014810877,0.1269413081061217,0.9362462703449557
7,pre_label_token,7,4096,4096,31622.776601683792,0.2136978805065155,False,3400,1530,0.019104711711406708,0.25771714004815793,78.25289916992188,1055.6093647875816,0.2983148012220088,0.14189832367981225,0.942222939750045
7,pre_label_token,8,4096,4096,31622.776601683792,0.2101956307888031,False,3400,1530,0.017699312418699265,0.25306696673623874,72.49638366699219,1036.5622676674836,0.31097580539160496,0.15738166139414356,0.946473191773556
7,pre_label_token,9,4096,4096,31622.776601683792,0.2009369134902954,False,3400,1530,0.015156487934291363,0.23294104532478682,62.08097457885742,954.1265216503268,0.36577255334382097,0.22439345151965917,0.9541632802532989
7,pre_label_token,10,4096,4096,31622.776601683792,0.19832459092140198,False,3400,1530,0.014830355532467365,0.22861877391540927,60.74513626098633,936.4224979575164,0.3775407806045099,0.23878499855143442,0.9551495799533041
7,pre_label_token,11,4096,4096,31622.776601683792,0.19771096110343933,False,3400,1530,0.013906633481383324,0.228725241368113,56.961570739746094,936.85859375,0.3772509021909133,0.2384305017584717,0.9579431287597919
7,pre_label_token,12,4096,4096,31622.776601683792,0.19736509025096893,False,3400,1530,0.013711192645132542,0.22884267919203816,56.16104507446289,937.3396343954248,0.37693115480116046,0.23803947773284906,0.9585341869836447
7,pre_label_token,13,4096,4096,31622.776601683792,0.19730575382709503,False,3400,1530,0.011873316951096058,0.2271455714905184,48.63311004638672,930.3882582720588,0.3815518616531224,0.24369021156955817,0.964092347520706
7,pre_label_token,14,4096,4096,31622.776601683792,0.19925017654895782,False,3400,1530,0.012440802529454231,0.2303146636563968,50.95752716064453,943.3688623366013,0.37292338988774176,0.23313832006771518,0.9623761400768531
7,pre_label_token,15,4096,4096,31622.776601683792,0.20073583722114563,False,3400,1530,0.01215809490531683,0.23134679108663322,49.799556732177734,947.596466503268,0.3701132215733086,0.2297017217960735,0.9632311132206329
7,pre_label_token,16,4096,4096,31622.776601683792,0.20089899003505707,False,3400,1530,0.011802188120782375,0.23198099448010812,48.34176254272461,950.1941738153595,0.36838647909070565,0.22759006172190444,0.9643074575300389
7,pre_label_token,17,4096,4096,31622.776601683792,0.20214013755321503,False,3400,1530,0.012928333133459091,0.23451803743449692,52.95445251464844,960.5859043096406,0.3614788846271555,0.2191426576739992,0.9609017349402151
7,pre_label_token,18,4096,4096,10000.0,0.2045215368270874,False,3400,1530,0.007386068347841501,0.23779183556051814,30.25333595275879,973.995348243464,0.35256533045537264,0.20824213449052853,0.9776628235803877
7,pre_label_token,19,4096,4096,10000.0,0.20754581689834595,False,3400,1530,0.00752896536141634,0.23916007459553237,30.838642120361328,979.5996604370915,0.34884003271584174,0.20368641029875367,0.9772306700107569
7,pre_label_token,20,4096,4096,10000.0,0.21222244203090668,False,3400,1530,0.007983182556927204,0.2411297311969832,32.69911575317383,987.667373876634,0.34347725830489206,0.19712819057318853,0.9758570123147903
7,pre_label_token,21,4096,4096,10000.0,0.2153671234846115,False,3400,1530,0.008255484513938427,0.2430107465756485,33.8144645690918,995.3720537173202,0.33835582691838595,0.19086511296292508,0.9750335083114808
7,pre_label_token,22,4096,4096,10000.0,0.21972264349460602,False,3400,1530,0.008429409936070442,0.24421104481017666,34.52686309814453,1000.2884446486928,0.33508778077628465,0.18686856881789726,0.9745075176686845
7,pre_label_token,23,4096,4096,10000.0,0.22308635711669922,False,3400,1530,0.008529947139322758,0.2449063905703476,34.93865966796875,1003.1365757761438,0.3331945662704361,0.18455332753315645,0.9742034699480271
7,pre_label_token,24,4096,4096,10000.0,0.22515495121479034,False,3400,1530,0.008643029257655144,0.24731508142807904,35.40184783935547,1013.0025914011438,0.32663643543371257,0.17653328795654843,0.9738614835070497
7,pre_label_token,25,4096,4096,10000.0,0.22659194469451904,False,3400,1530,0.008604533970355988,0.24904511146296082,35.244171142578125,1020.0888071895425,0.32192609110546544,0.17077293506446323,0.9739779021459289
7,pre_label_token,26,4096,4096,10000.0,0.22730785608291626,False,3400,1530,0.008514510467648506,0.25029319501390646,34.87543487548828,1025.2009089052287,0.31852794011568963,0.1666172836900378,0.9742501540081089
7,pre_label_token,27,4096,4096,10000.0,0.22832106053829193,False,3400,1530,0.008708079345524311,0.25322457481833066,35.66829299926758,1037.207878880719,0.31054668663609253,0.15685688543465792,0.9736647570186914
7,pre_label_token,28,4096,4096,10000.0,0.23144958913326263,False,3400,1530,0.009112169034779072,0.25505355261509716,37.32344055175781,1044.6993591707517,0.3055669377197231,0.15076707350726937,0.97244269647807
7,first_label_token,0,4096,4096,31622.776601683792,0.31223395466804504,False,3400,1530,0.07740459591150284,0.30784808015511705,317.04925537109375,1260.945751633987,0.16182353538184757,-0.025018955214599403,0.7659106261764665
7,first_label_token,1,4096,4096,31622.776601683792,0.2904021441936493,False,3400,1530,0.06548747420310974,0.30160514607149014,268.2366943359375,1235.3747268178104,0.1788211415271318,-0.004232319908481941,0.8019507543580802
7,first_label_token,2,4096,4096,31622.776601683792,0.27213096618652344,False,3400,1530,0.05399325117468834,0.29114580466077217,221.15635681152344,1192.5332005718953,0.2072987393131971,0.03059337463424472,0.8367119392674036
7,first_label_token,3,4096,4096,31622.776601683792,0.2668297588825226,False,3400,1530,0.05177048593759537,0.29300875258601566,212.05191040039062,1200.163871017157,0.2022265000938993,0.024390454885678703,0.8434340946689085
7,first_label_token,4,4096,4096,10000.0,0.24497926235198975,False,3400,1530,0.02241388149559498,0.2776258144503325,91.8072509765625,1137.1553462009804,0.24410955064113637,0.07560988483315068,0.9322152461042821
7,first_label_token,5,4096,4096,10000.0,0.23196956515312195,False,3400,1530,0.018469128757715225,0.26500499201755895,75.64955139160156,1085.4604575163398,0.27847220225145464,0.11763250266942937,0.9441450893832871
7,first_label_token,6,4096,4096,10000.0,0.2250928431749344,False,3400,1530,0.015378126874566078,0.25956894307354694,62.988807678222656,1063.1944061478757,0.2932729061671243,0.1357325122789711,0.9534929929126978
7,first_label_token,7,4096,4096,10000.0,0.22073575854301453,False,3400,1530,0.013667377643287182,0.25768486222410514,55.9815788269043,1055.477205882353,0.29840268389594493,0.1420057967602698,0.9586666936678445
7,first_label_token,8,4096,4096,10000.0,0.2153206467628479,False,3400,1530,0.012744789011776447,0.2526516596476237,52.20265579223633,1034.8612030228758,0.3121065599738353,0.1587644786520941,0.9614568147517912
7,first_label_token,9,4096,4096,10000.0,0.21292676031589508,False,3400,1530,0.011585296131670475,0.24419673969543057,47.453372955322266,1000.229856004902,0.3351267292423521,0.18691619949912108,0.9649633889940645
7,first_label_token,10,4096,4096,10000.0,0.21105527877807617,False,3400,1530,0.010768890380859375,0.24164072547862733,44.109375,989.7603936887255,0.3420859766694413,0.19542677075459614,0.9674323885249425
7,first_label_token,11,4096,4096,10000.0,0.2098681926727295,False,3400,1530,0.0103007135912776,0.24035923590067945,42.19172286987305,984.5114634395425,0.34557508208581467,0.19969365170329223,0.9688482632572027
7,first_label_token,12,4096,4096,10000.0,0.20958000421524048,False,3400,1530,0.01002548448741436,0.24092274584801368,41.06438446044922,986.8195925245099,0.3440408163038232,0.19781737436162905,0.969680619628587
7,first_label_token,13,4096,4096,10000.0,0.20963825285434723,False,3400,1530,0.00953740905970335,0.2405722175548279,39.06522750854492,985.383797998366,0.3449951979760527,0.19898450246154575,0.9711566724379337
7,first_label_token,14,4096,4096,10000.0,0.21106821298599243,False,3400,1530,0.009301247075200081,0.24200635049857344,38.09790802001953,991.2580014297386,0.34109049121297863,0.19420937620155354,0.971870880818228
7,first_label_token,15,4096,4096,10000.0,0.2111906111240387,False,3400,1530,0.009259391576051712,0.24228258693919463,37.92646789550781,992.3894837622549,0.34033838360496016,0.1932896121815374,0.9719974615137453
7,first_label_token,16,4096,4096,10000.0,0.21147817373275757,False,3400,1530,0.009285654872655869,0.2439550275116964,38.03403854370117,999.2398029003268,0.335784837824726,0.18772101065762825,0.971918035239579
7,first_label_token,17,4096,4096,10000.0,0.21270324289798737,False,3400,1530,0.009322314523160458,0.2446850184521644,38.184200286865234,1002.2298304738562,0.3337972950556549,0.1852904138816549,0.9718071679902877
7,first_label_token,18,4096,4096,10000.0,0.21330399811267853,False,3400,1530,0.009332772344350815,0.24598317177467097,38.22703552246094,1007.5470383986928,0.33026281934334056,0.18096804889671303,0.9717755411238829
7,first_label_token,19,4096,4096,10000.0,0.21489743888378143,False,3400,1530,0.00937710702419281,0.247378520092933,38.408626556396484,1013.2624208537582,0.3264637112906853,0.1763220609320496,0.971641462813407
7,first_label_token,20,4096,4096,10000.0,0.21710559725761414,False,3400,1530,0.009295288473367691,0.24792306127111896,38.07350158691406,1015.4928819444444,0.3249810916838295,0.17450894249631266,0.9718889010062464
7,first_label_token,21,4096,4096,10000.0,0.21734412014484406,False,3400,1530,0.009353965520858765,0.24901531817866307,38.313846588134766,1019.9667483660131,0.32200720913514247,0.17087213555688763,0.971711448063779
7,first_label_token,22,4096,4096,10000.0,0.2191733419895172,False,3400,1530,0.009494323283433914,0.25075432833503275,38.88874816894531,1027.0897084354576,0.31727241467397016,0.1650818822192951,0.9712869737755848
7,first_label_token,23,4096,4096,10000.0,0.22032254934310913,False,3400,1530,0.009575063362717628,0.25193983028137606,39.21945571899414,1031.9455116421568,0.3140446543134595,0.16113460417931702,0.9710427971297485
7,first_label_token,24,4096,4096,10000.0,0.2207544893026352,False,3400,1530,0.009663895703852177,0.25380334854125974,39.583316802978516,1039.5785615808823,0.3089708622468218,0.154929785429735,0.9707741476152515
7,first_label_token,25,4096,4096,10000.0,0.22186808288097382,False,3400,1530,0.009608466178178787,0.25489881739896886,39.35627746582031,1044.0655330882353,0.30598823453710455,0.15128228389770226,0.9709417793017608
7,first_label_token,26,4096,4096,10000.0,0.22285869717597961,False,3400,1530,0.009665150195360184,0.25580558776855467,39.58845520019531,1047.779723243464,0.30351937527958717,0.1482630777477595,0.9707703537432195
7,first_label_token,27,4096,4096,10000.0,0.22409731149673462,False,3400,1530,0.009803594090044498,0.2583627301883074,40.155517578125,1058.2537326388888,0.2965570560998363,0.1397487499984711,0.9703516674335151
7,first_label_token,28,4096,4096,10000.0,0.22529380023479462,False,3400,1530,0.01011903677135706,0.2599012150483973,41.44757080078125,1064.555361519608,0.29236823088368113,0.13462617089026863,0.9693976959170163
7,last_label_token,0,4096,4096,31622.776601683792,0.2972398102283478,False,3400,1530,0.0585455484688282,0.30404382032506605,239.8025665283203,1245.3634854983661,0.17218137504495123,-0.01235219297785295,0.8229447409441655
7,last_label_token,1,4096,4096,31622.776601683792,0.2740875482559204,False,3400,1530,0.046323589980602264,0.29909424563638526,189.74142456054688,1225.090035232843,0.1856575578810813,0.004128039328912925,0.8599067659468806
7,last_label_token,2,4096,4096,31622.776601683792,0.25789251923561096,False,3400,1530,0.03603403642773628,0.28825389076681696,147.59539794921875,1180.6879187091504,0.21517253915107215,0.04022236617013131,0.8910247521562262
7,last_label_token,3,4096,4096,31622.776601683792,0.2524564862251282,False,3400,1530,0.03370550274848938,0.2895336151123047,138.0577392578125,1185.929692606209,0.21168823992449837,0.03596136278523587,0.8980667757529273
7,last_label_token,4,4096,4096,10000.0,0.2368379533290863,False,3400,1530,0.015441508032381535,0.2786340863096948,63.248416900634766,1141.2852124183007,0.2413643337730358,0.07225271668925637,0.953301313654244
7,last_label_token,5,4096,4096,10000.0,0.22781307995319366,False,3400,1530,0.01361309364438057,0.2684098499273163,55.75923156738281,1099.406755514706,0.26920181224645745,0.1062955994295095,0.9588308610168637
7,last_label_token,6,4096,4096,10000.0,0.2222115844488144,False,3400,1530,0.012430605478584766,0.26142409954195706,50.9157600402832,1070.7930912990196,0.2882218807093011,0.1295555351672374,0.9624069783135853
7,last_label_token,7,4096,4096,31622.776601683792,0.2170453518629074,False,3400,1530,0.020170481875538826,0.24860003976260914,82.61829376220703,1018.2657526552288,0.32313788565073076,0.1722548573459346,0.938999804645164
7,last_label_token,8,4096,4096,31622.776601683792,0.212822824716568,False,3400,1530,0.018864676356315613,0.245073474310582,77.26971435546875,1003.8209507761438,0.3327396481867687,0.1839970011764609,0.9429488620975116
7,last_label_token,9,4096,4096,31622.776601683792,0.21091830730438232,False,3400,1530,0.01730445958673954,0.24105079999936171,70.87906646728516,987.3441074346405,0.3436921638912356,0.1973910019367644,0.947667317924561
7,last_label_token,10,4096,4096,31622.776601683792,0.21041198074817657,False,3400,1530,0.016675181686878204,0.24193951662848978,68.30154418945312,990.9842524509804,0.3412724594647061,0.19443190798947818,0.9495703996189342
7,last_label_token,11,4096,4096,31622.776601683792,0.20957528054714203,False,3400,1530,0.01613572984933853,0.24077177982704312,66.09194946289062,986.2012050653594,0.3444518507519537,0.19832003474206794,0.9512018265564508
7,last_label_token,12,4096,4096,31622.776601683792,0.20969203114509583,False,3400,1530,0.015424453653395176,0.2408869649849686,63.17856216430664,986.6730238970588,0.3441382366849184,0.19793651125160638,0.9533528900348304
7,last_label_token,13,4096,4096,31622.776601683792,0.209214985370636,False,3400,1530,0.014973781071603298,0.24042392930174186,61.33260726928711,984.7764220792484,0.3453989416786396,0.19947824687655802,0.9547158280003191
7,last_label_token,14,4096,4096,31622.776601683792,0.2102062851190567,False,3400,1530,0.014742251485586166,0.24131053849762563,60.38426208496094,988.4079835580065,0.3429849751503138,0.1965261698936822,0.955416026937787
7,last_label_token,15,4096,4096,31622.776601683792,0.21035562455654144,False,3400,1530,0.014625541865825653,0.2422104636048959,59.906219482421875,992.0940767973856,0.34053475345507755,0.1935297559067548,0.9557689837808169
7,last_label_token,16,4096,4096,31622.776601683792,0.21047595143318176,False,3400,1530,0.014659885317087173,0.24301300360486397,60.04689025878906,995.3812959558824,0.338349681715962,0.19085759789988754,0.9556651212529388
7,last_label_token,17,4096,4096,10000.0,0.21137496829032898,False,3400,1530,0.008323004469275475,0.24504275477789586,34.091026306152344,1003.6950954861111,0.33282328810841,0.18409928572955203,0.9748293123735094
7,last_label_token,18,4096,4096,10000.0,0.21151462197303772,False,3400,1530,0.008232373744249344,0.24482840868382671,33.71980285644531,1002.817151756536,0.33340688717208145,0.18481297804586072,0.9751034006162127
7,last_label_token,19,4096,4096,10000.0,0.21307657659053802,False,3400,1530,0.00814748089760542,0.24516322005028818,33.3720817565918,1004.1885442197712,0.3324952978994986,0.18369818143296202,0.9753601361895847
7,last_label_token,20,4096,4096,10000.0,0.21404188871383667,False,3400,1530,0.008074499666690826,0.24500264747470032,33.073150634765625,1003.5308287377451,0.33293248806697673,0.18423282804690955,0.9755808482861275
7,last_label_token,21,4096,4096,10000.0,0.21475054323673248,False,3400,1530,0.00809464231133461,0.2450135785769793,33.15565490722656,1003.5755795547385,0.3329027260081783,0.18419643156513932,0.9755199322769902
7,last_label_token,22,4096,4096,10000.0,0.21596986055374146,False,3400,1530,0.008114581927657127,0.24615134444891237,33.23733139038086,1008.2359119689543,0.3298049364243695,0.1804080967970939,0.9754596302723837
7,last_label_token,23,4096,4096,10000.0,0.21674270927906036,False,3400,1530,0.008113929070532322,0.2464200169432397,33.23465347290039,1009.3363817401961,0.32907342313599053,0.17951351788891445,0.9754616046630996
7,last_label_token,24,4096,4096,10000.0,0.21698838472366333,False,3400,1530,0.0081200385466218,0.2472517456104553,33.259674072265625,1012.7431857638888,0.3268088795550884,0.17674417253824093,0.975443128196485
7,last_label_token,25,4096,4096,10000.0,0.2177249938249588,False,3400,1530,0.00802319310605526,0.2478586757884306,32.862998962402344,1015.229176879085,0.3251563937231512,0.17472332207003927,0.9757360111742065
7,last_label_token,26,4096,4096,10000.0,0.21796968579292297,False,3400,1530,0.007974902167916298,0.2487587642046361,32.665199279785156,1018.9158803104575,0.3227057273874743,0.17172636432544375,0.9758820541234291
7,last_label_token,27,4096,4096,10000.0,0.21879318356513977,False,3400,1530,0.007983711548149586,0.24974320978900186,32.7012825012207,1022.9482077205882,0.3200253822019631,0.1684485287649824,0.9758554125231688
7,last_label_token,28,4096,4096,10000.0,0.21900585293769836,False,3400,1530,0.008090424351394176,0.25025608399335075,33.13837814331055,1025.04891748366,0.3186289821101438,0.1667408495069752,0.9755326883619441
8,pre_label_token,0,4096,4096,0.1,0.3663851320743561,True,3400,1530,0.3306626081466675,0.36728312423805787,1354.3939208984375,1504.3916870915032,3.107816048952827e-08,-0.22291542011485976,-9.012910551220443e-08
8,pre_label_token,1,4096,4096,100000.0,0.28547605872154236,False,3400,1530,0.07036107033491135,0.32664993011873533,288.1989440917969,1337.9581290849674,0.11063183029521584,-0.08762208269260374,0.787211874149125
8,pre_label_token,2,4096,4096,3162.2776601683795,0.27528175711631775,False,3400,1530,0.020280709490180016,0.31260348051981207,83.06977844238281,1280.423845996732,0.1488760300294817,-0.04085265965410989,0.9386664508825667
8,pre_label_token,3,4096,4096,3162.2776601683795,0.2629779875278473,False,3400,1530,0.016964782029390335,0.30150068569806665,69.48775482177734,1234.946808619281,0.17910555527577254,-0.00388450593876688,0.9486945813029874
8,pre_label_token,4,4096,4096,3162.2776601683795,0.23532044887542725,False,3400,1530,0.012574850581586361,0.2831993626613243,51.506591796875,1159.9845690359477,0.22893447814266898,0.0570520540966708,0.9619707478102008
8,pre_label_token,5,4096,4096,31622.776601683792,0.22769811749458313,False,3400,1530,0.021652832627296448,0.2656952446582271,88.69000244140625,1088.2877144607844,0.27659285475720674,0.11533421956753287,0.9345168336383453
8,pre_label_token,6,4096,4096,31622.776601683792,0.21739865839481354,False,3400,1530,0.020363550633192062,0.26027359183317694,83.40910339355469,1066.0806347017974,0.29135436243007506,0.13338629548585268,0.9384159201347971
8,pre_label_token,7,4096,4096,31622.776601683792,0.2122875154018402,False,3400,1530,0.01840951107442379,0.25562807344922833,75.40535736083984,1047.0526092728758,0.30400269265001567,0.14885413403123482,0.9443253870256448
8,pre_label_token,8,4096,4096,31622.776601683792,0.20841416716575623,False,3400,1530,0.01688164845108986,0.2502817484288434,69.14723205566406,1025.1540594362746,0.31855910567694734,0.16665539653666084,0.9489459964426042
8,pre_label_token,9,4096,4096,31622.776601683792,0.19963616132736206,False,3400,1530,0.014362399466335773,0.230488409403882,58.82838821411133,944.080535130719,0.3724503331894632,0.23255981171882267,0.9565647871668772
8,pre_label_token,10,4096,4096,31622.776601683792,0.197318434715271,False,3400,1530,0.014154934324324131,0.2263717109081792,57.97861099243164,927.218545751634,0.3836588480819011,0.24626687784336243,0.9571922096682393
8,pre_label_token,11,4096,4096,31622.776601683792,0.19695672392845154,False,3400,1530,0.013198714703321457,0.22671382567461798,54.06193542480469,928.6198606004901,0.3827273738778624,0.24512776364040278,0.9600840386311371
8,pre_label_token,12,4096,4096,31622.776601683792,0.19677963852882385,False,3400,1530,0.013091716915369034,0.22674174339942682,53.62367248535156,928.734170751634,0.38265136242484743,0.2450348080595165,0.9604076246519326
8,pre_label_token,13,4096,4096,31622.776601683792,0.19684164226055145,False,3400,1530,0.011357167735695839,0.2251878707237493,46.518959045410156,922.3695286968954,0.38688208397136437,0.2502086228377569,0.9656533019473745
8,pre_label_token,14,4096,4096,31622.776601683792,0.19887931644916534,False,3400,1530,0.011925994418561459,0.22835167778862847,48.848873138427734,935.328462009804,0.37826800192466725,0.23967432874533,0.9639330386937769
8,pre_label_token,15,4096,4096,31622.776601683792,0.20036599040031433,False,3400,1530,0.011695043183863163,0.22914629294202218,47.902896881103516,938.583220996732,0.3761045071266229,0.23702855751323748,0.9646314885632925
8,pre_label_token,16,4096,4096,31622.776601683792,0.20073240995407104,False,3400,1530,0.011421259492635727,0.23012611912746056,46.78147888183594,942.5965839460785,0.3734367391560147,0.23376610282330124,0.965459473673063
8,pre_label_token,17,4096,4096,31622.776601683792,0.20196819305419922,False,3400,1530,0.012556279078125954,0.23260196237003103,51.430519104003906,952.7376378676471,0.3666957728489947,0.22552247092377475,0.9620269123255607
8,pre_label_token,18,4096,4096,10000.0,0.2042650431394577,False,3400,1530,0.007128593046218157,0.2349836112627017,29.19871711730957,962.4928819444444,0.36021126903849643,0.21759247097567302,0.9784414883537423
8,pre_label_token,19,4096,4096,10000.0,0.20744891464710236,False,3400,1530,0.007277344819158316,0.23676136989219515,29.80800437927246,969.7745608660131,0.3553709742987585,0.2116731997165866,0.9779916286396949
8,pre_label_token,20,4096,4096,10000.0,0.21242019534111023,False,3400,1530,0.007731458637863398,0.23851298039255578,31.668054580688477,976.949200878268,0.3506018729425293,0.20584099194670902,0.9766182835790629
8,pre_label_token,21,4096,4096,10000.0,0.21561899781227112,False,3400,1530,0.007991760969161987,0.24024440416323592,32.734249114990234,984.0410743464053,0.34588773389662963,0.2000759984357472,0.9758310692150972
8,pre_label_token,22,4096,4096,10000.0,0.2202487289905548,False,3400,1530,0.008174766786396503,0.24154197593140447,33.48384475708008,989.3559283088235,0.3423548415794716,0.1957555698092185,0.975277617360488
8,pre_label_token,23,4096,4096,10000.0,0.22329944372177124,False,3400,1530,0.008239596150815487,0.24282818713219337,33.749385833740234,994.6242238562091,0.3388528806236447,0.19147296762260213,0.9750815583908169
8,pre_label_token,24,4096,4096,10000.0,0.22554081678390503,False,3400,1530,0.008377372287213802,0.24509991415185867,34.313716888427734,1003.9292075163398,0.3326676605600303,0.18390896639492904,0.9746648915363813
8,pre_label_token,25,4096,4096,10000.0,0.22688482701778412,False,3400,1530,0.008333278819918633,0.2470192915473888,34.13311004638672,1011.7910232843137,0.32744178109752786,0.17751815761795864,0.97479824036441
8,pre_label_token,26,4096,4096,10000.0,0.22748567163944244,False,3400,1530,0.00820855051279068,0.24837853051478567,33.622222900390625,1017.3584660947712,0.3237409877981514,0.1729924002848413,0.9751754475698715
8,pre_label_token,27,4096,4096,3162.2776601683795,0.2279851883649826,False,3400,1530,0.005008865613490343,0.2524881182153241,20.516315460205078,1034.191327103758,0.31255183343298576,0.15930901044838008,0.9848520336393367
8,pre_label_token,28,4096,4096,3162.2776601683795,0.23096148669719696,False,3400,1530,0.005243945401161909,0.2537827734853707,21.47920036315918,1039.4942401960784,0.3090268818510231,0.15499829266967047,0.9841410980721835
8,first_label_token,0,4096,4096,31622.776601683792,0.314932644367218,False,3400,1530,0.07676912099123001,0.30823004230175144,314.4463195800781,1262.5102481617646,0.16078356891032475,-0.02629074628855199,0.7678324490917015
8,first_label_token,1,4096,4096,31622.776601683792,0.29124000668525696,False,3400,1530,0.06431024521589279,0.3016918705958946,263.41473388671875,1235.7298968545751,0.1785850170880111,-0.004521080135122757,0.8055109666842268
8,first_label_token,2,4096,4096,31622.776601683792,0.27197644114494324,False,3400,1530,0.053510114550590515,0.2912541445563821,219.1774139404297,1192.9769786560457,0.20700376280844301,0.030232643306798423,0.8381730559940587
8,first_label_token,3,4096,4096,31622.776601683792,0.2664804756641388,False,3400,1530,0.05121086537837982,0.2930370443007525,209.75970458984375,1200.279723243464,0.2021494703803336,0.024296254058224553,0.8451265164785297
8,first_label_token,4,4096,4096,10000.0,0.24376167356967926,False,3400,1530,0.02204192988574505,0.27866299822439555,90.28374481201172,1141.4036611519607,0.24128561544405658,0.07215645082791045,0.9333401136708278
8,first_label_token,5,4096,4096,10000.0,0.2292279452085495,False,3400,1530,0.01789216510951519,0.2648643269258387,73.28630065917969,1084.884272875817,0.27885519040981455,0.11810086480856485,0.9458899606992036
8,first_label_token,6,4096,4096,10000.0,0.22282814979553223,False,3400,1530,0.014864186756312847,0.25888281678841785,60.88370895385742,1060.3840099060458,0.29514101885329513,0.13801705616040094,0.9550472665194257
8,first_label_token,7,4096,4096,10000.0,0.2184353768825531,False,3400,1530,0.013171790167689323,0.25738771102007696,53.95165252685547,1054.2600694444445,0.299211736028165,0.14299519911918734,0.9601654646448305
8,first_label_token,8,4096,4096,10000.0,0.21371999382972717,False,3400,1530,0.012264745309948921,0.2527324639114679,50.23638916015625,1035.1921670751633,0.3118865545992333,0.1584954306786237,0.9629085777672226
8,first_label_token,9,4096,4096,10000.0,0.2114468365907669,False,3400,1530,0.011140079237520695,0.24448014676960464,45.6297607421875,1001.3906377655229,0.33435509818537323,0.18597255995157558,0.9663098277001891
8,first_label_token,10,4096,4096,10000.0,0.20935867726802826,False,3400,1530,0.010369302704930305,0.24187682158027599,42.47266387939453,990.7274586397059,0.34144315896633826,0.19464065904871775,0.9686408339375738
8,first_label_token,11,4096,4096,10000.0,0.20864422619342804,False,3400,1530,0.009891415014863014,0.24036588731154898,40.515235900878906,984.538654003268,0.34555697232191906,0.19967150499308128,0.9700860766755338
8,first_label_token,12,4096,4096,10000.0,0.20864422619342804,False,3400,1530,0.009655492380261421,0.24105896980933894,39.54889678955078,987.3775454452615,0.3436699199895037,0.19736379952548766,0.9707995612064502
8,first_label_token,13,4096,4096,10000.0,0.20879893004894257,False,3400,1530,0.00917472317814827,0.240902449414621,37.57966613769531,986.736448120915,0.3440960773039141,0.19788495389287142,0.9722535183022921
8,first_label_token,14,4096,4096,10000.0,0.2104427069425583,False,3400,1530,0.008915537968277931,0.24261843986760556,36.518043518066406,993.7651399101308,0.33942395847674334,0.19217134755694698,0.9730373542330711
8,first_label_token,15,4096,4096,10000.0,0.2104380577802658,False,3400,1530,0.008845850825309753,0.24276421927159128,36.23260498046875,994.3622191584967,0.33902704560535135,0.19168595667099453,0.9732481042469285
8,first_label_token,16,4096,4096,10000.0,0.2106509506702423,False,3400,1530,0.00888983253389597,0.24444783964967415,36.41275405883789,1001.2583512050653,0.3344430606230525,0.18608013057634765,0.9731150934030451
8,first_label_token,17,4096,4096,10000.0,0.21168090403079987,False,3400,1530,0.008933496661484241,0.24553551767386642,36.59160232543945,1005.7134829452615,0.33148164497770904,0.18245856960573614,0.9729830429974416
8,first_label_token,18,4096,4096,10000.0,0.21234925091266632,False,3400,1530,0.008955801837146282,0.24726356680876288,36.68296432495117,1012.7915594362745,0.32677669403617915,0.1767048123696392,0.9729155869950912
8,first_label_token,19,4096,4096,10000.0,0.2141115665435791,False,3400,1530,0.009016333147883415,0.2482034427667755,36.930904388427734,1016.641321997549,0.3242176983547064,0.17357537699350178,0.9727325263323447
8,first_label_token,20,4096,4096,10000.0,0.21657152473926544,False,3400,1530,0.00890861265361309,0.24900932810664955,36.48967742919922,1019.942223243464,0.3220235182749642,0.17089208025608427,0.973058297983947
8,first_label_token,21,4096,4096,10000.0,0.21693676710128784,False,3400,1530,0.008957337588071823,0.2498131415423225,36.68925476074219,1023.2346226511438,0.31983497935867333,0.1682156821846531,0.9729109425296265
8,first_label_token,22,4096,4096,10000.0,0.2188432365655899,False,3400,1530,0.009083843789994717,0.2509740143819572,37.20742416381836,1027.98960375817,0.3166742765467344,0.16435040985740712,0.9725283585597189
8,first_label_token,23,4096,4096,10000.0,0.22011251747608185,False,3400,1530,0.009158861823379993,0.25211858562394684,37.51469802856445,1032.6777062908498,0.3135579580151032,0.16053941575264696,0.9723014867021265
8,first_label_token,24,4096,4096,10000.0,0.22044962644577026,False,3400,1530,0.00922767911106348,0.2541384061177572,37.796573638916016,1040.9509395424836,0.30805860261937623,0.15381416902951228,0.9720933673315341
8,first_label_token,25,4096,4096,10000.0,0.22143769264221191,False,3400,1530,0.009188494645059109,0.2550799026987911,37.63607406616211,1044.8072380514707,0.3054951944755169,0.1506793375849138,0.9722118702059765
8,first_label_token,26,4096,4096,10000.0,0.22255824506282806,False,3400,1530,0.009252721443772316,0.2560352911357007,37.89915466308594,1048.7205269607844,0.3028939630434986,0.14749825145654893,0.972017633534156
8,first_label_token,27,4096,4096,10000.0,0.2236858755350113,False,3400,1530,0.009397744201123714,0.25850379607256724,38.493160247802734,1058.8315665849673,0.29617297670558584,0.1392790533700965,0.9715790512244264
8,first_label_token,28,4096,4096,10000.0,0.22498229146003723,False,3400,1530,0.009679955430328846,0.2607898500230577,39.64910125732422,1068.195210375817,0.2899487487773721,0.13166734882181652,0.9707255792935591
8,last_label_token,0,4096,4096,31622.776601683792,0.2979828417301178,False,3400,1530,0.0566241629421711,0.3028868438371646,231.9325714111328,1240.6245200163398,0.17533146927905185,-0.008499894044434075,0.8287554545007997
8,last_label_token,1,4096,4096,31622.776601683792,0.27342942357063293,False,3400,1530,0.0447247289121151,0.29781979018566657,183.19247436523438,1219.8698478349672,0.1891275115135953,0.008371499265076854,0.8647420910583365
8,last_label_token,2,4096,4096,31622.776601683792,0.25747907161712646,False,3400,1530,0.035402581095695496,0.2861033925823137,145.00897216796875,1171.8794730392158,0.2210276900571504,0.04738272072280458,0.8929344189083653
8,last_label_token,3,4096,4096,31622.776601683792,0.2520669400691986,False,3400,1530,0.03317135572433472,0.2892003676470588,135.869873046875,1184.5647007761438,0.21259557117087813,0.037070952192069684,0.8996821597096761
8,last_label_token,4,4096,4096,10000.0,0.23603810369968414,False,3400,1530,0.01503115426748991,0.2778918496923509,61.56760787963867,1138.2450163398694,0.24338521778674127,0.07472408698868616,0.9545423182062145
8,last_label_token,5,4096,4096,10000.0,0.22662483155727386,False,3400,1530,0.01317147072404623,0.2678507624108807,53.95033645629883,1097.116681985294,0.270724037097436,0.10815715173050677,0.9601664307161794
8,last_label_token,6,4096,4096,10000.0,0.22120855748653412,False,3400,1530,0.012016181834042072,0.26129236470640094,49.21828079223633,1070.2535437091503,0.2885805545028094,0.12999416289374144,0.963660291121517
8,last_label_token,7,4096,4096,31622.776601683792,0.21618078649044037,False,3400,1530,0.01975351572036743,0.24898557475968902,80.910400390625,1019.8448988970588,0.32208819139674627,0.17097117001643636,0.9402608065924033
8,last_label_token,8,4096,4096,31622.776601683792,0.21218553185462952,False,3400,1530,0.018433231860399246,0.2464346374561584,75.50251770019531,1009.3962928921569,0.32903361593685865,0.17946483704975158,0.9442536498907861
8,last_label_token,9,4096,4096,31622.776601683792,0.21007712185382843,False,3400,1530,0.0169083159416914,0.24209757287517872,69.25646209716797,991.6316636029412,0.3408421204936337,0.19390563980952202,0.9488653477924452
8,last_label_token,10,4096,4096,31622.776601683792,0.20959261059761047,False,3400,1530,0.016299888491630554,0.2427152097614762,66.76434326171875,994.161514501634,0.33916048355922856,0.19184914000749098,0.950705372911427
8,last_label_token,11,4096,4096,31622.776601683792,0.20900379121303558,False,3400,1530,0.01579141616821289,0.24141916137894773,64.68163299560547,988.8528952205883,0.34268922816174296,0.19616449632966626,0.9522431106438418
8,last_label_token,12,4096,4096,31622.776601683792,0.20912981033325195,False,3400,1530,0.015082109719514847,0.24160355337305006,61.77632141113281,989.6081341911764,0.3421871849797854,0.19555053996180627,0.9543882171516589
8,last_label_token,13,4096,4096,31622.776601683792,0.20866966247558594,False,3400,1530,0.014627641066908836,0.2410133505179212,59.914817810058594,987.1906964869281,0.34379412741148807,0.1975156947018457,0.9557626353119526
8,last_label_token,14,4096,4096,31622.776601683792,0.20977036654949188,False,3400,1530,0.01433457713574171,0.24190384359920727,58.71442794799805,990.8381484885621,0.34136958624734237,0.19455068583336166,0.9566489283198718
8,last_label_token,15,4096,4096,10000.0,0.2099248617887497,False,3400,1530,0.008051831275224686,0.24480261958502478,32.98030090332031,1002.7115042892157,0.3334771030254615,0.18489884609836427,0.9756494027369506
8,last_label_token,16,4096,4096,31622.776601683792,0.2100324183702469,False,3400,1530,0.01423666998744011,0.24336140451867597,58.31340026855469,996.8082924836601,0.3374010922491656,0.18969755317753156,0.9569450221469744
8,last_label_token,17,4096,4096,31622.776601683792,0.21109968423843384,False,3400,1530,0.014217786490917206,0.24405230104533676,58.23604965209961,999.6382250816994,0.3355199916496695,0.18739712617612747,0.957002130201407
8,last_label_token,18,4096,4096,10000.0,0.2111644595861435,False,3400,1530,0.007864482700824738,0.24498170840194802,32.21292495727539,1003.4450776143791,0.3329894987781141,0.18430254732683782,0.9762159880921426
8,last_label_token,19,4096,4096,10000.0,0.21279852092266083,False,3400,1530,0.0077753569930791855,0.24493440054600535,31.847862243652344,1003.2513046364379,0.3331183036464853,0.18446006479145016,0.9764855248150213
8,last_label_token,20,4096,4096,10000.0,0.21390818059444427,False,3400,1530,0.007689302787184715,0.24441567464591632,31.495384216308594,1001.1265829248366,0.3345306361217224,0.1861872280074237,0.9767457726069708
8,last_label_token,21,4096,4096,31622.776601683792,0.2147555947303772,False,3400,1530,0.013605570420622826,0.24364552778356216,55.728416442871094,997.9720588235294,0.336627511223232,0.18875152898280834,0.9588536129829174
8,last_label_token,22,4096,4096,31622.776601683792,0.21595993638038635,False,3400,1530,0.013620804995298386,0.2447632247326421,55.79081726074219,1002.550168504902,0.33358436319767903,0.18503001622100979,0.9588075401108318
8,last_label_token,23,4096,4096,10000.0,0.21692566573619843,False,3400,1530,0.007711482234299183,0.245550123227188,31.586231231689453,1005.7732843137255,0.3314418785089991,0.18240993857643595,0.9766786968367839
8,last_label_token,24,4096,4096,10000.0,0.21732169389724731,False,3400,1530,0.00770761352032423,0.24635349971796172,31.57038688659668,1009.0639348447712,0.32925452926045173,0.17973499536807847,0.9766903967212834
8,last_label_token,25,4096,4096,31622.776601683792,0.21795332431793213,False,3400,1530,0.013530286028981209,0.24639899060617085,55.42005920410156,1009.2502553104575,0.3291306714412565,0.17958352772637542,0.9590812903693896
8,last_label_token,26,4096,4096,10000.0,0.218276247382164,False,3400,1530,0.007569367531687021,0.24767156987408406,31.004133224487305,1014.4627272263072,0.3256658260825055,0.17534631477716067,0.977108484517397
8,last_label_token,27,4096,4096,10000.0,0.21897217631340027,False,3400,1530,0.007571075577288866,0.2487058153339461,31.011125564575195,1018.6990170547385,0.32284989101915307,0.17190266425912248,0.9771033189930416
8,last_label_token,28,4096,4096,10000.0,0.21924598515033722,False,3400,1530,0.007659370079636574,0.2492958237143124,31.372783660888672,1021.1157245710784,0.32124347808293685,0.16993815704729842,0.9768362960272442
9,pre_label_token,0,4096,4096,0.1,0.3663851320743561,True,3400,1530,0.3306626081466675,0.36728312423805787,1354.3939208984375,1504.3916870915032,3.107816048952827e-08,-0.22291542011485976,-9.012910551220443e-08
9,pre_label_token,1,4096,4096,100000.0,0.2831186056137085,False,3400,1530,0.0671490728855133,0.32271275987812115,275.0426330566406,1321.8314644607842,0.1213515444841593,-0.07451277850430782,0.7969256962135411
9,pre_label_token,2,4096,4096,3162.2776601683795,0.2744115889072418,False,3400,1530,0.01963268220424652,0.3067702037836212,80.41546630859375,1256.530744485294,0.16475826411525596,-0.021430030081122986,0.940626235050398
9,pre_label_token,3,4096,4096,3162.2776601683795,0.25973257422447205,False,3400,1530,0.016535403206944466,0.30561620051564736,67.72901153564453,1251.8039624183007,0.1679002631779778,-0.017587630857919256,0.9499931220226413
9,pre_label_token,4,4096,4096,3162.2776601683795,0.23364268243312836,False,3400,1530,0.01219215802848339,0.2841580160303053,49.93907928466797,1163.911213235294,0.2263243572960425,0.05386009696576788,0.9631280984696529
9,pre_label_token,5,4096,4096,31622.776601683792,0.22628344595432281,False,3400,1530,0.020587202161550522,0.26514718797471787,84.3251953125,1086.0428768382353,0.27808504601324,0.11715904332100868,0.9377395462630445
9,pre_label_token,6,4096,4096,31622.776601683792,0.2169598788022995,False,3400,1530,0.01948188617825508,0.2601310630249821,79.79780578613281,1065.4968545751633,0.2917424249201799,0.1338608631037187,0.9410822770577714
9,pre_label_token,7,4096,4096,100000.0,0.21238543093204498,False,3400,1530,0.03143450617790222,0.25427999808118235,128.75572204589844,1041.5308619281045,0.30767309087195116,0.153342720754299,0.904934793845444
9,pre_label_token,8,4096,4096,31622.776601683792,0.20909518003463745,False,3400,1530,0.01628434658050537,0.25013745251823877,66.70068359375,1024.5629850898692,0.31895197944815445,0.16713584794456027,0.9507523752399124
9,pre_label_token,9,4096,4096,31622.776601683792,0.19944065809249878,False,3400,1530,0.01369886938482523,0.22962523566351997,56.11056900024414,940.5449729370915,0.3748004921174751,0.23543385740092915,0.958571455368743
9,pre_label_token,10,4096,4096,31622.776601683792,0.19723279774188995,False,3400,1530,0.013541304506361485,0.22566872141719643,55.46518325805664,924.3390829248366,0.3855728741363067,0.24860756989254107,0.9590479679491888
9,pre_label_token,11,4096,4096,31622.776601683792,0.19703306257724762,False,3400,1530,0.012557471171021461,0.22586251801135493,51.43539810180664,925.1328584558823,0.38504522509569883,0.24796229972431916,0.9620233071613433
9,pre_label_token,12,4096,4096,31622.776601683792,0.19677774608135223,False,3400,1530,0.012470848858356476,0.225632715536878,51.080596923828125,924.191592626634,0.3856709071708332,0.2487274560058701,0.9622852730393653
9,pre_label_token,13,4096,4096,31622.776601683792,0.19683128595352173,False,3400,1530,0.010888312011957169,0.2243621495814105,44.59852600097656,918.9873595792484,0.3891302708936192,0.2529579653777274,0.967071229933318
9,pre_label_token,14,4096,4096,31622.776601683792,0.19901864230632782,False,3400,1530,0.011424646712839603,0.22747805850957734,46.79535675048828,931.7500944648693,0.3806466008698626,0.24258315416407916,0.9654492299369232
9,pre_label_token,15,4096,4096,31622.776601683792,0.20042189955711365,False,3400,1530,0.011198104359209538,0.22831738291223064,45.867435455322266,935.1880055147059,0.37836137641717404,0.23978851785561073,0.9661343463319031
9,pre_label_token,16,4096,4096,31622.776601683792,0.20060838758945465,False,3400,1530,0.010874812491238117,0.22918786566241894,44.54323196411133,938.7534875408496,0.375991317283798,0.23689013590474461,0.9671120556015464
9,pre_label_token,17,4096,4096,31622.776601683792,0.20192570984363556,False,3400,1530,0.01201190147548914,0.2314130533754436,49.200748443603516,947.8678921568627,0.3699328095631229,0.22948109315998677,0.9636732359142854
9,pre_label_token,18,4096,4096,10000.0,0.20438310503959656,False,3400,1530,0.006780929863452911,0.23422943938012217,27.774688720703125,959.4037785947712,0.3622646491405792,0.22010358124390783,0.9794929021076241
9,pre_label_token,19,4096,4096,10000.0,0.20723506808280945,False,3400,1530,0.006902208086103201,0.23612146439895132,28.27144432067871,967.1535283905229,0.35711324186055904,0.21380384565009503,0.9791261287543842
9,pre_label_token,20,4096,4096,10000.0,0.21232381463050842,False,3400,1530,0.007314963731914759,0.23806712954652076,29.96208953857422,975.1229319852941,0.35181578886394205,0.2073255084918636,0.9778778603598224
9,pre_label_token,21,4096,4096,10000.0,0.21564891934394836,False,3400,1530,0.007573051378130913,0.2400386673173094,31.01921844482422,983.1983813316994,0.34644789260242204,0.20076102517606176,0.9770973437150046
9,pre_label_token,22,4096,4096,10000.0,0.22037489712238312,False,3400,1530,0.0077317506074905396,0.24114884021235447,31.66925048828125,987.7456571691176,0.34342523028204985,0.19706456469979938,0.976617400595483
9,pre_label_token,23,4096,4096,10000.0,0.2237156629562378,False,3400,1530,0.007790622301399708,0.24212606093462777,31.910388946533203,991.7483302696079,0.34076455619327883,0.19381078522761974,0.9764393589972957
9,pre_label_token,24,4096,4096,10000.0,0.2258717119693756,False,3400,1530,0.007913424633443356,0.2442654478783701,32.413387298583984,1000.5113051470588,0.33493965780816426,0.18668742695048002,0.9760679763852731
9,pre_label_token,25,4096,4096,10000.0,0.2270210087299347,False,3400,1530,0.00785073172301054,0.24637852338404437,32.15659713745117,1009.1663909313726,0.32918639744699896,0.17965167592021714,0.9762575742246982
9,pre_label_token,26,4096,4096,10000.0,0.22790102660655975,False,3400,1530,0.007757094688713551,0.24818462421691495,31.773059844970703,1016.5642156862746,0.3242689355285209,0.17363803572538983,0.9765407542409124
9,pre_label_token,27,4096,4096,10000.0,0.22896036505699158,False,3400,1530,0.00791196245700121,0.25163859012080175,32.40739822387695,1030.7116727941177,0.3148648394277015,0.16213762123404407,0.9760723983445085
9,pre_label_token,28,4096,4096,3162.2776601683795,0.23179058730602264,False,3400,1530,0.0049502914771437645,0.25366302191042434,20.27639389038086,1039.0037428513072,0.30935292887938337,0.1553970206207267,0.9850291753547369
9,first_label_token,0,4096,4096,31622.776601683792,0.3113180994987488,False,3400,1530,0.07398811727762222,0.3076490589216644,303.0553283691406,1260.130499387255,0.16236540952234968,-0.0243562889518234,0.7762428465655629
9,first_label_token,1,4096,4096,31622.776601683792,0.28914687037467957,False,3400,1530,0.06191848963499069,0.3007631781833624,253.61813354492188,1231.926003370098,0.18111356338481344,-0.0014288817821890287,0.8127441879119746
9,first_label_token,2,4096,4096,31622.776601683792,0.27117279171943665,False,3400,1530,0.051507044583559036,0.29156421399584004,210.9728546142578,1194.2469873366013,0.2061595382596979,0.029200228056012967,0.8442308021625577
9,first_label_token,3,4096,4096,31622.776601683792,0.2661590576171875,False,3400,1530,0.049266424030065536,0.29366032282511395,201.79527282714844,1202.8326491013072,0.20045247298551971,0.022220969711715943,0.8510069561643576
9,first_label_token,4,4096,4096,10000.0,0.2434774488210678,False,3400,1530,0.020437024533748627,0.2796492975521711,83.71004486083984,1145.443550857843,0.2386002230804154,0.06887244299529394,0.9381937180914801
9,first_label_token,5,4096,4096,10000.0,0.23109887540340424,False,3400,1530,0.016932684928178787,0.2659052593256134,69.35627746582031,1089.147931985294,0.2760210488478143,0.1146349492818921,0.9487916503495432
9,first_label_token,6,4096,4096,10000.0,0.22469918429851532,False,3400,1530,0.014066161587834358,0.2594627854091669,57.61499786376953,1062.7595383986927,0.29356194112156464,0.13608597759269347,0.9574606789245255
9,first_label_token,7,4096,4096,10000.0,0.21995089948177338,False,3400,1530,0.012457804754376411,0.2580339120104422,51.02716827392578,1056.906934232026,0.29745232774709285,0.1408435915351185,0.9623247214222013
9,first_label_token,8,4096,4096,10000.0,0.21466536819934845,False,3400,1530,0.01158258505165577,0.2529659215141745,47.44226837158203,1036.1484375,0.31125092072431604,0.15771810418728205,0.9649715879261248
9,first_label_token,9,4096,4096,10000.0,0.21239420771598816,False,3400,1530,0.01048994716256857,0.24338974485210343,42.96682357788086,996.9244153390523,0.33732393016172824,0.18960319046802354,0.9682759772360918
9,first_label_token,10,4096,4096,10000.0,0.21052661538124084,False,3400,1530,0.009774546138942242,0.24101466135261884,40.03654098510742,987.196075878268,0.34379055840825756,0.197511330112625,0.9704395151459708
9,first_label_token,11,4096,4096,10000.0,0.20957112312316895,False,3400,1530,0.009341596625745296,0.23984083163192849,38.26318359375,982.3880718954248,0.3469865388569783,0.20141974400721752,0.9717488544590699
9,first_label_token,12,4096,4096,10000.0,0.20942720770835876,False,3400,1530,0.00915939174592495,0.24055755465638404,37.51686477661133,985.323743872549,0.3450351205780471,0.19903332442865296,0.9722998840939704
9,first_label_token,13,4096,4096,10000.0,0.20962385833263397,False,3400,1530,0.008730403147637844,0.24003427168902228,35.75973129272461,983.1803717320262,0.3464598605580955,0.20077566097405708,0.97359724468565
9,first_label_token,14,4096,4096,10000.0,0.21103376150131226,False,3400,1530,0.00845526996999979,0.2414958311841379,34.632789611816406,989.1668938929738,0.3424804796575298,0.1959092145570045,0.974429310953976
9,first_label_token,15,4096,4096,10000.0,0.21117372810840607,False,3400,1530,0.008414370939135551,0.24183055154638353,34.46526336669922,990.5379391339869,0.341569138161681,0.194794720954104,0.9745529990685157
9,first_label_token,16,4096,4096,10000.0,0.211286723613739,False,3400,1530,0.008413862437009811,0.24342629987429948,34.46317672729492,997.0741140727124,0.337224401981293,0.18948147591765063,0.9745545368963772
9,first_label_token,17,4096,4096,10000.0,0.21245327591896057,False,3400,1530,0.00845985859632492,0.24417455585953457,34.65158462524414,1000.1389705882353,0.3351871290640226,0.1869900633747098,0.9744154338882732
9,first_label_token,18,4096,4096,10000.0,0.2130792737007141,False,3400,1530,0.008437907323241234,0.24629385081771152,34.561668395996094,1008.8196231617648,0.3294169350298978,0.17993360389402202,0.9744818196074968
9,first_label_token,19,4096,4096,10000.0,0.21480661630630493,False,3400,1530,0.008498553186655045,0.24782693837982378,34.81007385253906,1015.0991804534314,0.32524280501059133,0.17482899576920596,0.9742984125110014
9,first_label_token,20,4096,4096,10000.0,0.21715086698532104,False,3400,1530,0.008427095599472523,0.24837610394346948,34.51738357543945,1017.3485191993464,0.32374759461202507,0.1730004798596564,0.9745145167570286
9,first_label_token,21,4096,4096,10000.0,0.21753066778182983,False,3400,1530,0.008448783308267593,0.24937225728253135,34.60621643066406,1021.4287785947712,0.32103537277997174,0.16968366185538541,0.9744489281170813
9,first_label_token,22,4096,4096,10000.0,0.21927577257156372,False,3400,1530,0.008591635152697563,0.2506450883703294,35.19133758544922,1026.642289624183,0.31756984179244996,0.16544561044014838,0.9740169111493759
9,first_label_token,23,4096,4096,10000.0,0.22028908133506775,False,3400,1530,0.008659064769744873,0.25207583358864377,35.467529296875,1032.5025939542484,0.313674358772865,0.16068176403865075,0.9738129884152554
9,first_label_token,24,4096,4096,10000.0,0.22075840830802917,False,3400,1530,0.008733773604035378,0.25384850533179987,35.77354049682617,1039.7634701797385,0.3088479140737186,0.15477943020829932,0.9735870516471319
9,first_label_token,25,4096,4096,10000.0,0.22168482840061188,False,3400,1530,0.008708368986845016,0.25518451266818576,35.66947937011719,1045.2357128267975,0.3052103734226559,0.15033102551657185,0.973663881076448
9,first_label_token,26,4096,4096,10000.0,0.2227499634027481,False,3400,1530,0.008784128352999687,0.25664428012822965,35.979793548583984,1051.214986723856,0.30123587168722943,0.14547054590599084,0.9734347672573578
9,first_label_token,27,4096,4096,10000.0,0.2238123118877411,False,3400,1530,0.008919300511479378,0.2586991989534665,36.53345489501953,1059.6319035947713,0.2956409542359124,0.13862843486786525,0.9730259754335098
9,first_label_token,28,4096,4096,10000.0,0.2248009443283081,False,3400,1530,0.009182932786643505,0.2604560527926177,37.6132926940918,1066.8279794730392,0.2908575768667614,0.13277876874110517,0.9722286905502787
9,last_label_token,0,4096,4096,31622.776601683792,0.2964859902858734,False,3400,1530,0.0564114972949028,0.3042390598970301,231.06153869628906,1246.1631995506536,0.17164979721571827,-0.013002267722416194,0.8293986045310605
9,last_label_token,1,4096,4096,31622.776601683792,0.2729937732219696,False,3400,1530,0.044351253658533096,0.2990771125344669,181.6627197265625,1225.0198325163399,0.1857042060940136,0.004185086149601558,0.8658715664753976
9,last_label_token,2,4096,4096,31622.776601683792,0.25783056020736694,False,3400,1530,0.035105183720588684,0.2871023128235262,143.79083251953125,1175.9711039624183,0.21830793479412214,0.04405668996934187,0.8938338172515219
9,last_label_token,3,4096,4096,31622.776601683792,0.25248533487319946,False,3400,1530,0.03290754184126854,0.2896969601998921,134.78929138183594,1186.5986928104576,0.21124350105213718,0.03541748474339801,0.9004799938171434
9,last_label_token,4,4096,4096,10000.0,0.23640228807926178,False,3400,1530,0.014547762461006641,0.2782734646516688,59.5876350402832,1139.8081622753268,0.2423461966004299,0.07345345191863084,0.9560042066633349
9,last_label_token,5,4096,4096,10000.0,0.22703970968723297,False,3400,1530,0.012733396142721176,0.26887706557130503,52.15599060058594,1101.3204529207517,0.2679297264939803,0.10473994609874993,0.9614912694188791
9,last_label_token,6,4096,4096,10000.0,0.22130335867404938,False,3400,1530,0.011491400189697742,0.2614505892485575,47.06877517700195,1070.901611008987,0.2881497573144891,0.12946733435282964,0.9652473520068823
9,last_label_token,7,4096,4096,31622.776601683792,0.21638360619544983,False,3400,1530,0.01912502944469452,0.24909502976860096,78.33610534667969,1020.2932444852942,0.32179017877844984,0.17060672577880664,0.9421614942324132
9,last_label_token,8,4096,4096,31622.776601683792,0.21215401589870453,False,3400,1530,0.017828913405537605,0.24632273717643388,73.0272216796875,1008.9379314746732,0.3293382862820563,0.17983742312452478,0.9460812484593556
9,last_label_token,9,4096,4096,31622.776601683792,0.2101699262857437,False,3400,1530,0.016304979100823402,0.24147604649363,66.78519439697266,989.085853247549,0.3425343473377672,0.1959750901758598,0.9506899777336045
9,last_label_token,10,4096,4096,31622.776601683792,0.20990310609340668,False,3400,1530,0.015733489766716957,0.24249047672047336,64.44437408447266,993.2410181781046,0.33977236311259695,0.19259741697181332,0.952418293459466
9,last_label_token,11,4096,4096,31622.776601683792,0.20935139060020447,False,3400,1530,0.015283478423953056,0.241120186350704,62.60112762451172,987.628293504902,0.34350324601124893,0.19715997134101348,0.9537792316854278
9,last_label_token,12,4096,4096,31622.776601683792,0.20959579944610596,False,3400,1530,0.014661134220659733,0.2412685325722289,60.05200958251953,988.2359094158496,0.3430993444782767,0.19666603391278303,0.9556613442801141
9,last_label_token,13,4096,4096,31622.776601683792,0.20904245972633362,False,3400,1530,0.014269478619098663,0.240471904729706,58.447784423828125,984.9728885825164,0.3452683192151853,0.19931850664682205,0.9568458012680264
9,last_label_token,14,4096,4096,10000.0,0.20992214977741241,False,3400,1530,0.007803924847394228,0.24340391159057617,31.964876174926758,996.9824422998366,0.33728535845206464,0.18955602052802978,0.9763991290261235
9,last_label_token,15,4096,4096,10000.0,0.20995794236660004,False,3400,1530,0.007745032198727131,0.24388453415016723,31.723651885986328,998.9510927287582,0.33597676975594293,0.1879557271832204,0.976577233996338
9,last_label_token,16,4096,4096,31622.776601683792,0.21019624173641205,False,3400,1530,0.013859481550753117,0.24266833698048312,56.768436431884766,993.9695082720589,0.33928810385115893,0.1920052088352625,0.9580857270872661
9,last_label_token,17,4096,4096,10000.0,0.2110692858695984,False,3400,1530,0.00763455405831337,0.244357934340932,31.271133422851562,1000.8901296977124,0.33468784536815777,0.18637948162504892,0.9769113454067279
9,last_label_token,18,4096,4096,10000.0,0.21112370491027832,False,3400,1530,0.007542944047600031,0.24447505552005144,30.895898818969727,1001.3698274101307,0.3343689601056712,0.18598951190818724,0.977188395235505
9,last_label_token,19,4096,4096,10000.0,0.21278434991836548,False,3400,1530,0.007443644106388092,0.24476070778042663,30.48917007446289,1002.5398667279412,0.3335912160911858,0.1850383967304121,0.9774887011900196
9,last_label_token,20,4096,4096,10000.0,0.21390053629875183,False,3400,1530,0.0073848688043653965,0.2443453545663871,30.248422622680664,1000.838569750817,0.33472209625888416,0.1864213675687727,0.9776664512768816
9,last_label_token,21,4096,4096,10000.0,0.2144891321659088,False,3400,1530,0.007359210401773453,0.24438841202679804,30.143325805664062,1001.0149024714052,0.33460486392167266,0.186278002331405,0.9777440482118611
9,last_label_token,22,4096,4096,10000.0,0.21568268537521362,False,3400,1530,0.007391574792563915,0.2455590447569205,30.275890350341797,1005.8098294526144,0.33141758790356024,0.18238023321955765,0.9776461708198909
9,last_label_token,23,4096,4096,10000.0,0.2163814902305603,False,3400,1530,0.007372574880719185,0.2459075366749483,30.19806480407715,1007.2372191584967,0.3304687506600297,0.18121988548720347,0.9777036309411417
9,last_label_token,24,4096,4096,10000.0,0.21677494049072266,False,3400,1530,0.007367395330220461,0.2465529186273712,30.176851272583008,1009.8807342728758,0.32871157236956383,0.17907100499311834,0.9777192950980131
9,last_label_token,25,4096,4096,10000.0,0.21749664843082428,False,3400,1530,0.007269164547324181,0.24729459924635544,29.774497985839844,1012.9186887254901,0.32669220216987704,0.17660148596025294,0.9780163676708702
9,last_label_token,26,4096,4096,10000.0,0.2178739458322525,False,3400,1530,0.007247426547110081,0.2481870900571736,29.685461044311523,1016.5743361928105,0.32426222179728936,0.1736298253996852,0.9780821084036828
9,last_label_token,27,4096,4096,10000.0,0.21873541176319122,False,3400,1530,0.007255556061863899,0.24915604622535456,29.71875762939453,1020.5431295955882,0.3216240495695897,0.17040356380124622,0.9780575228736403
9,last_label_token,28,4096,4096,10000.0,0.21897614002227783,False,3400,1530,0.0073422580026090145,0.2496035719229505,30.07388687133789,1022.3761999591503,0.32040557353801036,0.16891347062687811,0.9777953161819147
10,pre_label_token,0,4096,4096,0.1,0.3663851320743561,True,3400,1530,0.3306626081466675,0.36728312423805787,1354.3939208984375,1504.3916870915032,3.107816048952827e-08,-0.22291542011485976,-9.012910551220443e-08
10,pre_label_token,1,4096,4096,100000.0,0.2823457717895508,False,3400,1530,0.06436711549758911,0.32386735280354817,263.647705078125,1326.5606821895424,0.11820793996396894,-0.07835714106626712,0.8053389778187765
10,pre_label_token,2,4096,4096,10000.0,0.27401864528656006,False,3400,1530,0.026700422167778015,0.3072382309857537,109.36492156982422,1258.4478043300653,0.16348396873738358,-0.022988385596935057,0.9192517571795719
10,pre_label_token,3,4096,4096,3162.2776601683795,0.2580295205116272,False,3400,1530,0.01571785844862461,0.30442575442245584,64.3803482055664,1246.9278799019608,0.17114148494296977,-0.013623890658313043,0.9524655661752678
10,pre_label_token,4,4096,4096,3162.2776601683795,0.23310717940330505,False,3400,1530,0.011665096506476402,0.2864312153236539,47.780235290527344,1173.2222273284315,0.2201351286800598,0.04629119361743883,0.9647220542315841
10,pre_label_token,5,4096,4096,31622.776601683792,0.22513365745544434,False,3400,1530,0.01961647905409336,0.26393934449339224,80.3490982055664,1081.0955269607844,0.2813736355619534,0.12118071031554489,0.9406752371184103
10,pre_label_token,6,4096,4096,31622.776601683792,0.215899258852005,False,3400,1530,0.018652621656656265,0.25945220461078716,76.40113830566406,1062.7162275326798,0.29359074940964724,0.13612120769351166,0.943590164481111
10,pre_label_token,7,4096,4096,31622.776601683792,0.21106530725955963,False,3400,1530,0.0169150959700346,0.25504559660269543,69.28422546386719,1044.6667815563726,0.30558859951584016,0.15079356405259148,0.9488448434209583
10,pre_label_token,8,4096,4096,31622.776601683792,0.20774759352207184,False,3400,1530,0.015388794243335724,0.249637608746298,63.032501220703125,1022.5156505310457,0.3203129016452837,0.16880014073672933,0.9534607323260205
10,pre_label_token,9,4096,4096,31622.776601683792,0.1986982673406601,False,3400,1530,0.01298975758254528,0.228681682137882,53.20604705810547,936.6801725898692,0.3773695006943638,0.2385755377016513,0.9607159732208402
10,pre_label_token,10,4096,4096,31622.776601683792,0.19689403474330902,False,3400,1530,0.012885073199868202,0.22538202323165593,52.77726364135742,923.1647314133987,0.3863534658861324,0.2495621676098846,0.9610325629698261
10,pre_label_token,11,4096,4096,31622.776601683792,0.19682395458221436,False,3400,1530,0.011991806328296661,0.22570926628860774,49.118438720703125,924.5051240808823,0.3854624828128955,0.24847257063669903,0.9637340082801609
10,pre_label_token,12,4096,4096,31622.776601683792,0.19656148552894592,False,3400,1530,0.011974424123764038,0.22546485514422648,49.0472412109375,923.5040415645425,0.38612793984224425,0.24928636832460493,0.9637865760809071
10,pre_label_token,13,4096,4096,31622.776601683792,0.19670450687408447,False,3400,1530,0.010496013797819614,0.2243934668746649,42.99167251586914,919.1156301062091,0.3890450034521976,0.2528536905055385,0.9682576303300663
10,pre_label_token,14,4096,4096,31622.776601683792,0.19886070489883423,False,3400,1530,0.011022127233445644,0.22768615523194954,45.14663314819336,932.6024816176471,0.3800800169399947,0.24189026991792095,0.9666665418003019
10,pre_label_token,15,4096,4096,31622.776601683792,0.20028145611286163,False,3400,1530,0.010789280757308006,0.22837159212897806,44.19289779663086,935.4100056168301,0.3782137812474391,0.2396080214409978,0.9673707233176163
10,pre_label_token,16,4096,4096,31622.776601683792,0.20044328272342682,False,3400,1530,0.010435320436954498,0.22940547170202716,42.74307632446289,939.6448069852942,0.37539884238232557,0.2361655891891854,0.9684411810698235
10,pre_label_token,17,4096,4096,10000.0,0.20164230465888977,False,3400,1530,0.006494547706097364,0.2327228371613945,26.601667404174805,953.2327410130719,0.3663666676447802,0.22512000308219282,0.9803589878884508
10,pre_label_token,18,4096,4096,10000.0,0.20411993563175201,False,3400,1530,0.006421456579118967,0.23383719999026628,26.302288055419922,957.7971507352942,0.3633325974120375,0.22140959169354746,0.9805800323360698
10,pre_label_token,19,4096,4096,10000.0,0.20726118981838226,False,3400,1530,0.006558227352797985,0.23588588502671984,26.862497329711914,966.1885978349674,0.3577546526670011,0.21458823684029882,0.9801664059306754
10,pre_label_token,20,4096,4096,10000.0,0.21221700310707092,False,3400,1530,0.006988034583628178,0.23768886740690742,28.622989654541016,973.5736085580065,0.35284568134441574,0.2085849799264372,0.9788665696051309
10,pre_label_token,21,4096,4096,10000.0,0.2154560387134552,False,3400,1530,0.007232734002172947,0.2397952547260359,29.62527847290039,982.2013786764705,0.3471106308761003,0.20157149805563124,0.9781265420526634
10,pre_label_token,22,4096,4096,10000.0,0.220035582780838,False,3400,1530,0.007378818467259407,0.24093183130999796,30.22364044189453,986.8567912581699,0.3440160793608429,0.1977871231716718,0.9776847488935526
10,pre_label_token,23,4096,4096,10000.0,0.22339291870594025,False,3400,1530,0.007454067934304476,0.24227431054208792,30.5318603515625,992.3555912990196,0.340360917710949,0.19331716948808608,0.9774571771271258
10,pre_label_token,24,4096,4096,10000.0,0.22556130588054657,False,3400,1530,0.00756900105625391,0.24432035707959943,31.002628326416016,1000.7361723856209,0.3347901567940984,0.18650459984937418,0.9771095928237403
10,pre_label_token,25,4096,4096,10000.0,0.22707800567150116,False,3400,1530,0.007512347307056189,0.24695884978849125,30.770578384399414,1011.5434640522876,0.32760634557934143,0.17771940606662617,0.977280926844909
10,pre_label_token,26,4096,4096,10000.0,0.22759732604026794,False,3400,1530,0.007431853096932173,0.24856423895343457,30.44087028503418,1018.119122753268,0.3232353603390552,0.17237406064906213,0.9775243599256255
10,pre_label_token,27,4096,4096,10000.0,0.22871972620487213,False,3400,1530,0.0076171332038939,0.2518599391762727,31.199777603149414,1031.6183389501634,0.3142621734352167,0.1614006116757507,0.9769640300936576
10,pre_label_token,28,4096,4096,3162.2776601683795,0.23159940540790558,False,3400,1530,0.004693181253969669,0.25411692351297616,19.223270416259766,1040.8629340277778,0.3081170932025141,0.15388569806778607,0.9858067360465499
10,first_label_token,0,4096,4096,31622.776601683792,0.3120640218257904,False,3400,1530,0.0758032500743866,0.30672484379188686,310.4901428222656,1256.3449857026144,0.1648817655432585,-0.021278998275718664,0.7707534658020883
10,first_label_token,1,4096,4096,31622.776601683792,0.287310391664505,False,3400,1530,0.06270340085029602,0.2992671337003022,256.8331298828125,1225.7981643178105,0.18518683639366584,0.0035523867454829716,0.8103704351298017
10,first_label_token,2,4096,4096,31622.776601683792,0.2694718539714813,False,3400,1530,0.051718953996896744,0.2892629068661359,211.84083557128906,1184.8208843954249,0.21242529594447546,0.03686271998556678,0.8435899391583473
10,first_label_token,3,4096,4096,31622.776601683792,0.2646854519844055,False,3400,1530,0.04942160099744797,0.2922841078315685,202.4308624267578,1197.195720996732,0.20419948682839695,0.026803250861963224,0.850537665178485
10,first_label_token,4,4096,4096,10000.0,0.24326792359352112,False,3400,1530,0.020788254216313362,0.2794532532785453,85.14868927001953,1144.640522875817,0.2391339918669334,0.06952519709538918,0.9371315184185587
10,first_label_token,5,4096,4096,10000.0,0.2290279120206833,False,3400,1530,0.016915589570999146,0.26537453769858366,69.2862548828125,1086.9741268382354,0.27746604203021785,0.11640205378153257,0.9488433506576496
10,first_label_token,6,4096,4096,10000.0,0.22230154275894165,False,3400,1530,0.013921394012868404,0.26000121372197965,57.022029876708984,1064.9649662990196,0.2920959649834114,0.13429321271210948,0.9578984895037898
10,first_label_token,7,4096,4096,10000.0,0.21796181797981262,False,3400,1530,0.012344308197498322,0.2577980035270741,50.562286376953125,1055.9406173406862,0.2980946346228196,0.1416290785423019,0.9626679612210511
10,first_label_token,8,4096,4096,10000.0,0.21294903755187988,False,3400,1530,0.011447255499660969,0.25255375781090433,46.88795852661133,1034.460222630719,0.31237311682661706,0.15909045514782894,0.965380855744311
10,first_label_token,9,4096,4096,10000.0,0.21057124435901642,False,3400,1530,0.010246822610497475,0.2444340624840431,41.97098922729492,1001.2018969566993,0.3344805716446424,0.1861260033844998,0.969011242028644
10,first_label_token,10,4096,4096,10000.0,0.2091977447271347,False,3400,1530,0.009608310647308826,0.24264973160488154,39.35564041137695,993.8932955473856,0.3393387606164594,0.19206715777660688,0.9709422496630298
10,first_label_token,11,4096,4096,10000.0,0.20844832062721252,False,3400,1530,0.009210062213242054,0.24025893491857192,37.72441482543945,984.1006229575163,0.34584817108002985,0.20002761645576062,0.9721466448989855
10,first_label_token,12,4096,4096,10000.0,0.2084849327802658,False,3400,1530,0.009000154212117195,0.2409726878396826,36.86463165283203,987.0241140727125,0.3439048394869727,0.19765108621035654,0.9727814551704589
10,first_label_token,13,4096,4096,10000.0,0.20819418132305145,False,3400,1530,0.008555399253964424,0.2401719361348869,35.04291534423828,983.7442657271242,0.3460850422435545,0.20031728986321806,0.9741264968754493
10,first_label_token,14,4096,4096,10000.0,0.21010670065879822,False,3400,1530,0.008297747001051903,0.24125825470569087,33.987571716308594,988.1938010620916,0.3431273279753131,0.19670025536388114,0.9749056967903673
10,first_label_token,15,4096,4096,10000.0,0.2104395180940628,False,3400,1530,0.008262851275503635,0.2409838308695874,33.84463882446289,987.0697610294118,0.34387450041386225,0.19761398408886455,0.9750112295232306
10,first_label_token,16,4096,4096,10000.0,0.21051843464374542,False,3400,1530,0.008266457356512547,0.24239392374076096,33.85940933227539,992.8455269607844,0.3400352474389924,0.19291890227825992,0.9750003239014726
10,first_label_token,17,4096,4096,10000.0,0.2118067443370819,False,3400,1530,0.008343540132045746,0.24331538942125108,34.175140380859375,996.6198580473856,0.33752637733023283,0.18985076623984065,0.9747672077867942
10,first_label_token,18,4096,4096,10000.0,0.2123069167137146,False,3400,1530,0.008321971632540226,0.2446389815386604,34.08679962158203,1002.0412785947713,0.33392263953525425,0.18544369958334705,0.9748324359103198
10,first_label_token,19,4096,4096,10000.0,0.213966503739357,False,3400,1530,0.008401382714509964,0.24548257752960803,34.41206359863281,1005.4966426674837,0.33162578484997496,0.18263484048366174,0.974592278459279
10,first_label_token,20,4096,4096,10000.0,0.21651270985603333,False,3400,1530,0.008347303606569767,0.2459008335288054,34.190555572509766,1007.2098141339869,0.33048700128330155,0.18124220445652295,0.9747558261706982
10,first_label_token,21,4096,4096,10000.0,0.21705374121665955,False,3400,1530,0.008394855074584484,0.247394399705276,34.38532638549805,1013.3274305555556,0.3264204759476991,0.17626918776277467,0.9746120195499043
10,first_label_token,22,4096,4096,10000.0,0.21886992454528809,False,3400,1530,0.008547372184693813,0.24889141157561656,35.01003646850586,1019.4592652165032,0.32234456903822206,0.17128469819731384,0.9741507725866918
10,first_label_token,23,4096,4096,10000.0,0.21980085968971252,False,3400,1530,0.008639923296868801,0.2499693166196736,35.38912582397461,1023.8743106617648,0.3194097622381714,0.16769567759493365,0.9738708766497569
10,first_label_token,24,4096,4096,10000.0,0.22014914453029633,False,3400,1530,0.008714786730706692,0.25188844593521814,35.69576644897461,1031.7350745506535,0.3141845582218342,0.16130569483152002,0.973644472336899
10,first_label_token,25,4096,4096,10000.0,0.22109422087669373,False,3400,1530,0.00864007230848074,0.25331619611752576,35.38973617553711,1037.5831392973855,0.31029722977216023,0.1565518207796207,0.9738704260042298
10,first_label_token,26,4096,4096,10000.0,0.22202540934085846,False,3400,1530,0.008723867125809193,0.2547028572730769,35.73295593261719,1043.262890625,0.3065217742149986,0.1519347578173197,0.9736170111250861
10,first_label_token,27,4096,4096,10000.0,0.22325126826763153,False,3400,1530,0.008854474872350693,0.25745000527575124,36.26792907714844,1054.5152318218954,0.2990421277624231,0.14278778254918656,0.9732220231370426
10,first_label_token,28,4096,4096,10000.0,0.22434552013874054,False,3400,1530,0.009130938909947872,0.25928985371309166,37.40032958984375,1062.051225490196,0.2940327814060444,0.13666177545488978,0.9723859320408519
10,last_label_token,0,4096,4096,31622.776601683792,0.29738330841064453,False,3400,1530,0.056672729551792145,0.3024295894149082,232.13148498535156,1238.7516110089869,0.1765764336617589,-0.0069774078560118635,0.8286085778573518
10,last_label_token,1,4096,4096,31622.776601683792,0.27273231744766235,False,3400,1530,0.044380079954862595,0.2953275530946021,181.7808074951172,1209.6616676879084,0.1959131132718589,0.016669716547909164,0.8657843890981637
10,last_label_token,2,4096,4096,31622.776601683792,0.2567015290260315,False,3400,1530,0.0347457230091095,0.28440638648139105,142.31846618652344,1164.9285717933008,0.2256481202816627,0.05303311626752927,0.8949209094567513
10,last_label_token,3,4096,4096,31622.776601683792,0.25182950496673584,False,3400,1530,0.032543011009693146,0.28805351070329255,133.29617309570312,1179.8671849468953,0.2157181129715755,0.04088955682877082,0.9015824192364352
10,last_label_token,4,4096,4096,10000.0,0.2346504032611847,False,3400,1530,0.014367939904332161,0.27626239302890754,58.85108184814453,1131.5707312091504,0.24782173148767217,0.08014956817371943,0.9565480316028695
10,last_label_token,5,4096,4096,10000.0,0.2253922075033188,False,3400,1530,0.01250865776091814,0.2667989369311364,51.2354621887207,1092.8084150326797,0.27358783719507884,0.1116593371388821,0.9621709301864456
10,last_label_token,6,4096,4096,10000.0,0.21972276270389557,False,3400,1530,0.011308016255497932,0.26137237798154744,46.31763458251953,1070.5812653186274,0.28836270274927234,0.12972774861676228,0.9658019473745166
10,last_label_token,7,4096,4096,31622.776601683792,0.2150760293006897,False,3400,1530,0.018739692866802216,0.24861784916298063,76.75778198242188,1018.3387101715687,0.32308939608330245,0.17219555870436898,0.9433268410334383
10,last_label_token,8,4096,4096,31622.776601683792,0.2111777365207672,False,3400,1530,0.01749699003994465,0.24567388522079567,71.66767883300781,1006.2802185457516,0.3311049123333326,0.18199785743134944,0.9470850613711611
10,last_label_token,9,4096,4096,31622.776601683792,0.20926739275455475,False,3400,1530,0.015891212970018387,0.241850357429654,65.09040832519531,990.6191125408496,0.3415152127800125,0.19472877477127648,0.9519413020681475
10,last_label_token,10,4096,4096,31622.776601683792,0.20901750028133392,False,3400,1530,0.015381686389446259,0.24303978128370896,63.003395080566406,995.4909594566993,0.33827677426052605,0.19076843824562262,0.9534822281176671
10,last_label_token,11,4096,4096,31622.776601683792,0.20844590663909912,False,3400,1530,0.014961130917072296,0.24173363143322515,61.28079605102539,990.1409543504902,0.341833022080517,0.19511742867759807,0.9547540849890426
10,last_label_token,12,4096,4096,31622.776601683792,0.20858973264694214,False,3400,1530,0.014315228909254074,0.24170312632143107,58.63517379760742,990.0160003063726,0.3419160781994425,0.1952189992893235,0.9567074418250423
10,last_label_token,13,4096,4096,31622.776601683792,0.2080511599779129,False,3400,1530,0.013971368782222271,0.2407856760461346,57.22672653198242,986.2581597222222,0.34441401558408846,0.19827376553042497,0.9577473542601099
10,last_label_token,14,4096,4096,10000.0,0.20914603769779205,False,3400,1530,0.007548809517174959,0.24432568394280726,30.919919967651367,1000.7579861111111,0.3347756533696534,0.1864868633874247,0.9771706567009413
10,last_label_token,15,4096,4096,10000.0,0.209244966506958,False,3400,1530,0.007505958434194326,0.24461642869936875,30.74440574645996,1001.948894505719,0.3339840440406683,0.1855187921022161,0.9773002482718871
10,last_label_token,16,4096,4096,10000.0,0.20943216979503632,False,3400,1530,0.007467992603778839,0.2443682701759089,30.588899612426758,1000.9323988970589,0.334659704040736,0.18634506716073285,0.9774150657108776
10,last_label_token,17,4096,4096,10000.0,0.21043893694877625,False,3400,1530,0.00743530597537756,0.2449435190437666,30.45500946044922,1003.2886335784314,0.3330934767571563,0.18442970360471267,0.9775139176238002
10,last_label_token,18,4096,4096,10000.0,0.21043382585048676,False,3400,1530,0.007348491810262203,0.24471808913486456,30.09942054748535,1002.3652982026143,0.33370725366935106,0.18518030087847326,0.9777764637079385
10,last_label_token,19,4096,4096,10000.0,0.21199296414852142,False,3400,1530,0.007271693088114262,0.2446209876365911,29.784854888916016,1001.9675653594771,0.3339716314445542,0.1855036125465529,0.9780087207795807
10,last_label_token,20,4096,4096,10000.0,0.21317614614963531,False,3400,1530,0.00722606061026454,0.24421467625237758,29.597944259643555,1000.3033343545752,0.33507789346633654,0.18685647747372236,0.9781467239309449
10,last_label_token,21,4096,4096,10000.0,0.2141018658876419,False,3400,1530,0.007223567459732294,0.2440560814601923,29.587732315063477,999.6537300857843,0.33550969873260206,0.1873845388087365,0.9781542637939216
10,last_label_token,22,4096,4096,10000.0,0.2154177576303482,False,3400,1530,0.0072589460760355,0.24496635362213734,29.732643127441406,1003.3821844362745,0.3330313051621274,0.18435367300009575,0.9780472706878969
10,last_label_token,23,4096,4096,10000.0,0.21616114675998688,False,3400,1530,0.007256417069584131,0.2451896430620181,29.7222843170166,1004.2968009599673,0.3324233560944849,0.1836102026875257,0.9780549189874536
10,last_label_token,24,4096,4096,10000.0,0.2165786325931549,False,3400,1530,0.007271370850503445,0.24593310574300928,29.783536911010742,1007.341983251634,0.3303991338832737,0.18113475005476398,0.9780096953005333
10,last_label_token,25,4096,4096,10000.0,0.2172454446554184,False,3400,1530,0.007142293266952038,0.24677248063430288,29.254833221435547,1010.7800934436275,0.3281137719654108,0.1783399456380087,0.9784000557223195
10,last_label_token,26,4096,4096,10000.0,0.21751290559768677,False,3400,1530,0.007129866164177656,0.24764193615882224,29.203929901123047,1014.3413858251633,0.3257465096543476,0.1754449839643828,0.9784376381510195
10,last_label_token,27,4096,4096,10000.0,0.21831834316253662,False,3400,1530,0.007125914096832275,0.24871674082637613,29.187744140625,1018.7437525531046,0.32282014423426286,0.17186628645605095,0.9784495901153607
10,last_label_token,28,4096,4096,10000.0,0.21862435340881348,False,3400,1530,0.007217247970402241,0.24912783928166807,29.561845779418945,1020.4276296977124,0.32170084847743063,0.1704974823728117,0.9781733753890761
10,last_prompt_token,0,4096,4096,0.1,0.3663851320743561,True,3400,1530,0.3306626081466675,0.36728312423805787,1354.3939208984375,1504.3916870915032,3.107816048952827e-08,-0.22291542011485976,-9.012910551220443e-08
10,last_prompt_token,1,4096,4096,100000.0,0.2808334529399872,False,3400,1530,0.06464546173810959,0.3207364325429879,264.7878112792969,1313.7364225898693,0.12673248126913295,-0.06793234773079249,0.8044971945062704
10,last_prompt_token,2,4096,4096,3162.2776601683795,0.27337631583213806,False,3400,1530,0.018981264904141426,0.31576390609242555,77.74724578857422,1293.3689133986927,0.14027115475526453,-0.051375694642151526,0.9425962714039726
10,last_prompt_token,3,4096,4096,1000.0,0.2578878104686737,False,3400,1530,0.011216950602829456,0.3118507223191604,45.94462966918945,1277.3405381944444,0.15092556110668254,-0.03834625641790179,0.9660773509388524
10,last_prompt_token,4,4096,4096,3162.2776601683795,0.2325916290283203,False,3400,1530,0.011865021660923958,0.2868759217605092,48.59912872314453,1175.0437602124182,0.21892432863593259,0.044810487526782294,0.9641174343938975
10,last_prompt_token,5,4096,4096,100000.0,0.22500106692314148,False,3400,1530,0.03406612202525139,0.26299678204106347,139.5348358154297,1077.2348243464053,0.28393994574838255,0.12431909071286207,0.896976179778724
10,last_prompt_token,6,4096,4096,31622.776601683792,0.21575409173965454,False,3400,1530,0.018366169184446335,0.25897531758726033,75.22782897949219,1060.7629212622548,0.2948891673799674,0.13770906310051811,0.9444564629102958
10,last_prompt_token,7,4096,4096,31622.776601683792,0.2109510749578476,False,3400,1530,0.016443198546767235,0.2545143488965003,67.3513412475586,1042.4907960580065,0.30703502505141844,0.15256242019907096,0.9502719702087254
10,last_prompt_token,8,4096,4096,31622.776601683792,0.2073362171649933,False,3400,1530,0.014815683476626873,0.2482912481220719,60.68504333496094,1017.000949754902,0.32397863114259384,0.17328301800427948,0.9551939516385246
10,last_prompt_token,9,4096,4096,31622.776601683792,0.19846631586551666,False,3400,1530,0.01240556314587593,0.22777162315019595,50.81318664550781,932.952578635621,0.37984731385632453,0.24160569371974827,0.9624827121109634
10,last_prompt_token,10,4096,4096,31622.776601683792,0.19657211005687714,False,3400,1530,0.012295960448682308,0.22465937620674084,50.3642578125,920.2048049428105,0.38832101341218805,0.2519683118940853,0.962814175978881
10,last_prompt_token,11,4096,4096,31622.776601683792,0.1966254860162735,False,3400,1530,0.01145557314157486,0.22495203828499988,46.922027587890625,921.4035283905229,0.38752418380077913,0.250993856644805,0.9653557012742904
10,last_prompt_token,12,4096,4096,31622.776601683792,0.1962951421737671,False,3400,1530,0.011509152129292488,0.22489135966581456,47.1414909362793,921.154993872549,0.38768939318094175,0.25119589374963236,0.9651936660419218
10,last_prompt_token,13,4096,4096,31622.776601683792,0.19637992978096008,False,3400,1530,0.010145009495317936,0.22383785372466045,41.553955078125,916.8398590686274,0.39055776866265934,0.25470367446591957,0.9693191484016279
10,last_prompt_token,14,4096,4096,31622.776601683792,0.1985865831375122,False,3400,1530,0.010764951817691326,0.2273207546059602,44.09324264526367,931.1058236315359,0.38107489144012696,0.24310691732302292,0.9674442996495329
10,last_prompt_token,15,4096,4096,31622.776601683792,0.20018720626831055,False,3400,1530,0.010560932569205761,0.22824336781221277,43.2575798034668,934.8848141339869,0.37856289696857737,0.24003496045305095,0.9680613009730789
10,last_prompt_token,16,4096,4096,31622.776601683792,0.20025764405727386,False,3400,1530,0.01028264407068491,0.2291911704867494,42.11771774291992,938.7670241013072,0.3759823192547309,0.23687913207590594,0.9689029096604431
10,last_prompt_token,17,4096,4096,31622.776601683792,0.2012217789888382,False,3400,1530,0.011490083299577236,0.2316064896926381,47.063385009765625,948.6601894403594,0.3694061414468457,0.22883702257929206,0.9652513345867287
10,last_prompt_token,18,4096,4096,10000.0,0.2039179652929306,False,3400,1530,0.006322128232568502,0.23375412311429292,25.895437240600586,957.4569035947712,0.36355879041658634,0.22168620661532912,0.980880424194888
10,last_prompt_token,19,4096,4096,10000.0,0.20693597197532654,False,3400,1530,0.006504986900836229,0.2354325412924773,26.644428253173828,964.331707005719,0.35898896943854885,0.2160977019004422,0.980327417352737
10,last_prompt_token,20,4096,4096,10000.0,0.21170197427272797,False,3400,1530,0.006965202745050192,0.23768639346353368,28.529470443725586,973.5634727328431,0.3528524171379591,0.20859321723248425,0.9789356183577665
10,last_prompt_token,21,4096,4096,10000.0,0.21456682682037354,False,3400,1530,0.007238838821649551,0.23936061422809277,29.650283813476562,980.42109375,0.34829402443750335,0.20301868833491166,0.9781080796687215
10,last_prompt_token,22,4096,4096,10000.0,0.2189592719078064,False,3400,1530,0.0073911091312766075,0.24054691152634963,30.273983001708984,985.2801521650326,0.34506409857622133,0.19906876207056579,0.9776475790871634
10,last_prompt_token,23,4096,4096,10000.0,0.22236762940883636,False,3400,1530,0.007475588470697403,0.24186406478383182,30.620010375976562,990.6752195669935,0.34147789183372546,0.19468313440915042,0.9773920940551293
10,last_prompt_token,24,4096,4096,10000.0,0.22453905642032623,False,3400,1530,0.007600142154842615,0.2441683563531614,31.13018226623535,1000.1135569852942,0.3352040084297526,0.1870107054119844,0.977015414949895
10,last_prompt_token,25,4096,4096,10000.0,0.22631990909576416,False,3400,1530,0.007540734484791756,0.24651314729179433,30.886850357055664,1009.7178513071896,0.32881985759073573,0.17920342866397554,0.9771950774637129
10,last_prompt_token,26,4096,4096,10000.0,0.2271685004234314,False,3400,1530,0.007453582715243101,0.24823092541663475,30.529874801635742,1016.7538807189543,0.32414287147813226,0.1734838700494563,0.9774586445416237
10,last_prompt_token,27,4096,4096,10000.0,0.22832709550857544,False,3400,1530,0.007650719489902258,0.2516464426626567,31.33734703063965,1030.7438265931373,0.314843459350337,0.16211147520693914,0.9768624574083646
10,last_prompt_token,28,4096,4096,10000.0,0.23180578649044037,False,3400,1530,0.008071635849773884,0.2534460902993196,33.06142044067383,1038.115155228758,0.3099435675176626,0.15611932174164178,0.9755895091298531
