task,arm,row,k,op,start_layer,mean_delta_all,sem_all,n_all,mean_delta_test40,sem_test40,n_test40
synonym,pcasub_matched_k0_zero,cue1,0,zero,0,0.01867121458053589,0.008230354214812599,170,0.033099450170993805,0.015294738967405283,40
synonym,pcasub_matched_k0_zero,cue1,0,zero,1,0.01876075752079487,0.008175340031189783,170,0.032738566398620605,0.015222038570762458,40
synonym,pcasub_matched_k0_zero,cue1,0,zero,2,0.01577772945165634,0.007524722480640171,170,0.02387060597538948,0.014989964645679638,40
synonym,pcasub_matched_k0_zero,cue1,0,zero,3,0.0015418360708281398,0.005417106785859672,170,0.008551502600312233,0.010666554649731385,40
synonym,pcasub_matched_k0_zero,cue1,0,zero,4,-0.004743197467178106,0.004135341850864366,170,-0.008788001723587513,0.008657291002470608,40
synonym,pcasub_matched_k0_zero,cue1,0,zero,5,-0.012121043168008327,0.004105251879875037,170,-0.01310922484844923,0.008147858107867865,40
synonym,pcasub_matched_k0_zero,cue1,0,zero,6,-0.007685244083404541,0.003015999730102292,170,-0.008003818802535534,0.0052330025405862525,40
synonym,pcasub_matched_k0_zero,cue1,0,zero,7,-0.004661817569285631,0.002923121509168019,170,-0.00424544233828783,0.00534219862351875,40
synonym,pcasub_matched_k0_zero,cue1,0,zero,8,-0.004695843439549208,0.0026671787542401587,170,-0.00439485302194953,0.004656123308761342,40
synonym,pcasub_matched_k0_zero,cue1,0,zero,9,0.0010886052623391151,0.002293023847963439,170,0.00015583037748001516,0.0038090399347464115,40
synonym,pcasub_matched_k0_zero,cue1,0,zero,10,-0.00020179888815619051,0.0020175660694061173,170,-0.0005378544447012246,0.0034471489215452435,40
synonym,pcasub_matched_k0_zero,cue1,0,zero,11,-0.002128666266798973,0.0013850928165063136,170,-0.0037806392647325993,0.0027778597965187313,40
synonym,pcasub_matched_k0_zero,cue1,0,zero,12,-0.0021448086481541395,0.0011860450469610546,170,-0.004697876982390881,0.002324524735848587,40
synonym,pcasub_matched_k0_zero,cue1,0,zero,13,-0.0035133562050759792,0.0008759024010715592,170,-0.006992226932197809,0.0018155693893036123,40
synonym,pcasub_matched_k0_zero,cue1,0,zero,14,-0.00040116344462148845,0.0007337650456119552,170,-0.002351444913074374,0.0016816958669122607,40
synonym,pcasub_matched_k0_zero,cue1,0,zero,15,-0.0005676420405507088,0.0006577914688946132,170,-0.0022080838680267334,0.0014465151552359127,40
synonym,pcasub_matched_k0_zero,cue1,0,zero,16,-0.0011400548974052072,0.0005745988663045903,170,-0.0021727383136749268,0.0011711732850978338,40
synonym,pcasub_matched_k0_zero,cue1,0,zero,17,0.0013669150648638606,0.0004939366781591865,170,0.0009038567659445107,0.001112390771111207,40
synonym,pcasub_matched_k0_zero,cue1,0,zero,18,0.00045722932554781437,0.00043450659972062356,170,-2.5439261662540957e-05,0.0009338687141439037,40
synonym,pcasub_matched_k0_zero,cue1,0,zero,19,-0.0004854289873037487,0.00044730078029893124,170,-0.0010880827903747559,0.0009837053378876964,40
synonym,pcasub_matched_k0_zero,cue1,0,zero,20,0.00045339358621276915,0.00040873062982062306,170,-0.0006339490646496415,0.0008984133110038155,40
synonym,pcasub_matched_k0_zero,cue1,0,zero,21,0.0008563788724131882,0.00038691497942119305,170,-0.0002384185791015625,0.0007441027785848578,40
synonym,pcasub_matched_k0_zero,cue1,0,zero,22,0.0005687979864887893,0.0004012999235706257,170,-0.00012819170660804957,0.0008376574323788416,40
synonym,pcasub_matched_k0_zero,cue1,0,zero,23,5.7143322919728234e-05,0.0003794061296473947,170,-0.0006408930057659745,0.0008048466559250003,40
synonym,pcasub_matched_k0_zero,cue1,0,zero,24,0.0005685988580808043,0.00031530251133792014,170,0.00039220452890731394,0.0005754496063796901,40
synonym,pcasub_matched_k0_zero,cue1,0,zero,25,0.0008205767953768373,0.0003122944856758462,170,0.0011325835948809981,0.000591844355430794,40
synonym,pcasub_matched_k0_zero,cue1,0,zero,26,0.00012875234824605286,0.0002469679997909844,170,-1.0579824447631836e-05,0.0005598019189024608,40
synonym,pcasub_matched_k0_zero,cue1,0,zero,27,0.0,0.0,170,0.0,0.0,40
synonym,pcasub_matched_k0_zero,target1,0,zero,0,-0.29475533962249756,0.01882955606731383,170,-0.28637075424194336,0.03071480727867712,40
synonym,pcasub_matched_k0_zero,target1,0,zero,1,-0.2958000600337982,0.01892727004378862,170,-0.2873796820640564,0.030856838876908262,40
synonym,pcasub_matched_k0_zero,target1,0,zero,2,-0.29988962411880493,0.018629958935938995,170,-0.2647232413291931,0.033112606853035124,40
synonym,pcasub_matched_k0_zero,target1,0,zero,3,-0.29969292879104614,0.01856022576960271,170,-0.25905346870422363,0.034480504757323796,40
synonym,pcasub_matched_k0_zero,target1,0,zero,4,-0.2996577024459839,0.01844545679048539,170,-0.2595881521701813,0.036895056063736005,40
synonym,pcasub_matched_k0_zero,target1,0,zero,5,-0.29939210414886475,0.01798869746520799,170,-0.26392149925231934,0.03822492211727659,40
synonym,pcasub_matched_k0_zero,target1,0,zero,6,-0.31147608160972595,0.018791868888654046,170,-0.26720452308654785,0.04037581624007059,40
synonym,pcasub_matched_k0_zero,target1,0,zero,7,-0.29609423875808716,0.018369067567364943,170,-0.2572248578071594,0.039049135607308806,40
synonym,pcasub_matched_k0_zero,target1,0,zero,8,-0.2640106678009033,0.014962368789844525,170,-0.23292768001556396,0.030289935289741228,40
synonym,pcasub_matched_k0_zero,target1,0,zero,9,-0.1660030633211136,0.012643779866637414,170,-0.13133016228675842,0.023871635203478354,40
synonym,pcasub_matched_k0_zero,target1,0,zero,10,-0.12294742465019226,0.011010347645783243,170,-0.10315068811178207,0.020904762091851783,40
synonym,pcasub_matched_k0_zero,target1,0,zero,11,-0.06839945167303085,0.008792135578911349,170,-0.0566486120223999,0.016360007761225044,40
synonym,pcasub_matched_k0_zero,target1,0,zero,12,-0.023056169971823692,0.00731987559019287,170,-0.021403759717941284,0.013608311943678944,40
synonym,pcasub_matched_k0_zero,target1,0,zero,13,-0.027348535135388374,0.006350763322500559,170,-0.027204860001802444,0.010927133614231614,40
synonym,pcasub_matched_k0_zero,target1,0,zero,14,-0.017469998449087143,0.006445255557204309,170,-0.016157835721969604,0.012721963899816434,40
synonym,pcasub_matched_k0_zero,target1,0,zero,15,0.016368182376027107,0.004737016412442891,170,0.012476968578994274,0.009739633722347162,40
synonym,pcasub_matched_k0_zero,target1,0,zero,16,0.019445879384875298,0.004052276856505852,170,0.015843797475099564,0.007324019234628425,40
synonym,pcasub_matched_k0_zero,target1,0,zero,17,0.02662707306444645,0.004134959561888696,170,0.021574104204773903,0.007084134902828349,40
synonym,pcasub_matched_k0_zero,target1,0,zero,18,0.011409797705709934,0.00253792136580501,170,0.00920842308551073,0.003813022005229971,40
synonym,pcasub_matched_k0_zero,target1,0,zero,19,0.01309290062636137,0.0020909004093218834,170,0.010695939883589745,0.0036063536957224598,40
synonym,pcasub_matched_k0_zero,target1,0,zero,20,0.010380061343312263,0.0016561927007427023,170,0.0061883688904345036,0.002331258266541647,40
synonym,pcasub_matched_k0_zero,target1,0,zero,21,0.0057790144346654415,0.0012268041803997324,170,0.0008217275026254356,0.0017396395426284342,40
synonym,pcasub_matched_k0_zero,target1,0,zero,22,0.004410632885992527,0.0010517479012450049,170,-0.0002908468304667622,0.001375860425450482,40
synonym,pcasub_matched_k0_zero,target1,0,zero,23,0.0010938139166682959,0.0005718649144092663,170,-0.0004605770227499306,0.0012634920274367288,40
synonym,pcasub_matched_k0_zero,target1,0,zero,24,-0.0009081111056730151,0.0004522953943375629,170,-0.0024902343284338713,0.0010356538932517543,40
synonym,pcasub_matched_k0_zero,target1,0,zero,25,-0.0005601700395345688,0.00030788844808705046,170,-0.00030222535133361816,0.0007398616865059806,40
synonym,pcasub_matched_k0_zero,target1,0,zero,26,-0.00027416698867455125,0.00020330914518562878,170,-0.0003113269922323525,0.0004898861148505743,40
synonym,pcasub_matched_k0_zero,target1,0,zero,27,0.0,0.0,170,0.0,0.0,40
synonym,pcasub_matched_k0_zero,final_cue,0,zero,0,-0.2834675908088684,0.02835951508360295,170,-0.26070815324783325,0.050910681306739876,40
synonym,pcasub_matched_k0_zero,final_cue,0,zero,1,-0.24173852801322937,0.02708322762390852,170,-0.20442017912864685,0.04863600342885957,40
synonym,pcasub_matched_k0_zero,final_cue,0,zero,2,-0.2468324601650238,0.027029922026290565,170,-0.21279796957969666,0.048550915939210425,40
synonym,pcasub_matched_k0_zero,final_cue,0,zero,3,-0.2496107816696167,0.027090985404377422,170,-0.22055840492248535,0.04935269483112448,40
synonym,pcasub_matched_k0_zero,final_cue,0,zero,4,-0.24643142521381378,0.026937157806328858,170,-0.21625876426696777,0.04922827493431459,40
synonym,pcasub_matched_k0_zero,final_cue,0,zero,5,-0.26082175970077515,0.026978760446963665,170,-0.23496954143047333,0.04968085442943296,40
synonym,pcasub_matched_k0_zero,final_cue,0,zero,6,-0.2589959502220154,0.02699203141732385,170,-0.23239341378211975,0.04983990399681003,40
synonym,pcasub_matched_k0_zero,final_cue,0,zero,7,-0.25930094718933105,0.027465765744561273,170,-0.22636213898658752,0.05204254707077681,40
synonym,pcasub_matched_k0_zero,final_cue,0,zero,8,-0.2721819579601288,0.02715020648103295,170,-0.2531196177005768,0.05240370121981483,40
synonym,pcasub_matched_k0_zero,final_cue,0,zero,9,-0.2581988275051117,0.02625962745475214,170,-0.23927655816078186,0.05124675262322529,40
synonym,pcasub_matched_k0_zero,final_cue,0,zero,10,-0.20832447707653046,0.02427878769866561,170,-0.18166616559028625,0.04739598414749267,40
synonym,pcasub_matched_k0_zero,final_cue,0,zero,11,-0.26430270075798035,0.02431859603827859,170,-0.24531860649585724,0.04809310594547597,40
synonym,pcasub_matched_k0_zero,final_cue,0,zero,12,-0.27009063959121704,0.02318562637268575,170,-0.25968894362449646,0.043332565273970454,40
synonym,pcasub_matched_k0_zero,final_cue,0,zero,13,-0.21465234458446503,0.02163480171371622,170,-0.22086918354034424,0.041794351025556016,40
synonym,pcasub_matched_k0_zero,final_cue,0,zero,14,-0.17670755088329315,0.020020755943966063,170,-0.17514503002166748,0.040050997563851116,40
synonym,pcasub_matched_k0_zero,final_cue,0,zero,15,-0.19400353729724884,0.021236146884139995,170,-0.18988220393657684,0.04107741459092351,40
synonym,pcasub_matched_k0_zero,final_cue,0,zero,16,-0.11798752844333649,0.017072241646738474,170,-0.10294170677661896,0.03582225016853208,40
synonym,pcasub_matched_k0_zero,final_cue,0,zero,17,-0.053851168602705,0.00868103520252019,170,-0.04990677908062935,0.018733691674058323,40
synonym,pcasub_matched_k0_zero,final_cue,0,zero,18,-0.03939356654882431,0.006987673898970351,170,-0.033906012773513794,0.014357018945243221,40
synonym,pcasub_matched_k0_zero,final_cue,0,zero,19,-0.028938358649611473,0.006389921942284932,170,-0.013496959581971169,0.012441599749672724,40
synonym,pcasub_matched_k0_zero,final_cue,0,zero,20,-0.015102674253284931,0.00542498628165267,170,-0.0006373584037646651,0.010657722882135722,40
synonym,pcasub_matched_k0_zero,final_cue,0,zero,21,-0.010451468639075756,0.005194559172975365,170,0.00768662104383111,0.00965197810499913,40
synonym,pcasub_matched_k0_zero,final_cue,0,zero,22,-0.00589285884052515,0.004747701360741198,170,0.006939125247299671,0.009551863534190812,40
synonym,pcasub_matched_k0_zero,final_cue,0,zero,23,-0.0050246696919202805,0.004256552027789988,170,0.008622860535979271,0.0077924109747184896,40
synonym,pcasub_matched_k0_zero,final_cue,0,zero,24,-0.0038509375881403685,0.004172979314814309,170,0.009357726201415062,0.007425523892906782,40
synonym,pcasub_matched_k0_zero,final_cue,0,zero,25,-0.004196117632091045,0.004040238182372922,170,0.006182474084198475,0.007516508651941536,40
synonym,pcasub_matched_k0_zero,final_cue,0,zero,26,-0.005068617407232523,0.003668487868038833,170,0.0013843774795532227,0.007100186878986616,40
synonym,pcasub_matched_k0_zero,final_cue,0,zero,27,-0.003594503737986088,0.002744315698025277,170,-0.0017750024562701583,0.005759325586970087,40
synonym,pcasub_matched_k0_mean,cue1,0,mean,0,0.0019416857976466417,0.004746966211612349,170,0.0018512964015826583,0.010129527340808134,40
synonym,pcasub_matched_k0_mean,cue1,0,mean,1,0.00587262399494648,0.004484830260991945,170,0.004743039608001709,0.009476298732731548,40
synonym,pcasub_matched_k0_mean,cue1,0,mean,2,0.009778331033885479,0.003993004922273592,170,0.010701632127165794,0.007872549517366252,40
synonym,pcasub_matched_k0_mean,cue1,0,mean,3,0.007606474682688713,0.003860941224182963,170,0.007622027304023504,0.00781057399896685,40
synonym,pcasub_matched_k0_mean,cue1,0,mean,4,0.0032929820008575916,0.003538979334603972,170,-0.0013830006355419755,0.006887582424765945,40
synonym,pcasub_matched_k0_mean,cue1,0,mean,5,-0.009938480332493782,0.003176814244900511,170,-0.010693532414734364,0.006063930270902778,40
synonym,pcasub_matched_k0_mean,cue1,0,mean,6,-0.0064797778613865376,0.002396374301095581,170,-0.007354033179581165,0.004047768609081989,40
synonym,pcasub_matched_k0_mean,cue1,0,mean,7,-0.0006459355354309082,0.001973945411555197,170,0.0004393160343170166,0.004034632871510233,40
synonym,pcasub_matched_k0_mean,cue1,0,mean,8,-0.001116631319746375,0.0015415495798419615,170,0.0006638228660449386,0.002953752394067734,40
synonym,pcasub_matched_k0_mean,cue1,0,mean,9,0.0035138996317982674,0.0012894421433482625,170,0.0033972500823438168,0.0022908871224091238,40
synonym,pcasub_matched_k0_mean,cue1,0,mean,10,0.002146026585251093,0.0009339038244648349,170,0.0031717359088361263,0.0015067066789637546,40
synonym,pcasub_matched_k0_mean,cue1,0,mean,11,0.0011291903210803866,0.0005126989096521407,170,0.0006260097143240273,0.00110885944827021,40
synonym,pcasub_matched_k0_mean,cue1,0,mean,12,0.001139419968239963,0.00046892903624251846,170,0.001353448606096208,0.0009024947786316839,40
synonym,pcasub_matched_k0_mean,cue1,0,mean,13,0.000451389467343688,0.00032515995257659757,170,0.00022199749946594238,0.0007716913763317355,40
synonym,pcasub_matched_k0_mean,cue1,0,mean,14,-7.024582737358287e-05,0.00027988935207825535,170,0.00048528314800933003,0.0005282371040594107,40
synonym,pcasub_matched_k0_mean,cue1,0,mean,15,-0.00013871998817194253,0.00027777603047765374,170,-0.0004965722328051925,0.0005374624475327815,40
synonym,pcasub_matched_k0_mean,cue1,0,mean,16,-5.399865403887816e-05,0.000269084652758328,170,0.00016409755335189402,0.0005197269782599785,40
synonym,pcasub_matched_k0_mean,cue1,0,mean,17,2.547151962062344e-05,0.00023537154371642047,170,0.0004177987575531006,0.0004313061869695519,40
synonym,pcasub_matched_k0_mean,cue1,0,mean,18,-1.1866583918163087e-05,0.0002246881311455006,170,0.00035552383633330464,0.0005204744079714247,40
synonym,pcasub_matched_k0_mean,cue1,0,mean,19,0.0002035221696132794,0.00022953644036454774,170,-0.0003003597375936806,0.0003890332073288272,40
synonym,pcasub_matched_k0_mean,cue1,0,mean,20,-0.0003116674197372049,0.00021596907461861282,170,0.00020540952391456813,0.000405035889866268,40
synonym,pcasub_matched_k0_mean,cue1,0,mean,21,2.473101812938694e-05,0.0002103996163901551,170,0.00041621923446655273,0.0004558349356632715,40
synonym,pcasub_matched_k0_mean,cue1,0,mean,22,4.836987136513926e-05,0.00021528451520706976,170,0.0001704096794128418,0.0004030564877717481,40
synonym,pcasub_matched_k0_mean,cue1,0,mean,23,7.909852138254791e-05,0.00017901597364996602,170,0.0004148959997110069,0.0004181872364710566,40
synonym,pcasub_matched_k0_mean,cue1,0,mean,24,5.1956667448394e-05,0.0001543905314224921,170,0.0002510487975087017,0.0003484524088493266,40
synonym,pcasub_matched_k0_mean,cue1,0,mean,25,1.755461926222779e-05,0.00010851697042302932,170,5.754232552135363e-05,0.00013457368323861545,40
synonym,pcasub_matched_k0_mean,cue1,0,mean,26,8.961839193943888e-05,6.261463239234958e-05,170,9.909868094837293e-05,0.00010257123565398804,40
synonym,pcasub_matched_k0_mean,cue1,0,mean,27,0.0,0.0,170,0.0,0.0,40
synonym,pcasub_matched_k0_mean,target1,0,mean,0,-0.018083250150084496,0.005528901453888259,170,-0.011452144011855125,0.011305448275283249,40
synonym,pcasub_matched_k0_mean,target1,0,mean,1,-0.015230230987071991,0.005371360109871263,170,-0.007805651519447565,0.010606946992191967,40
synonym,pcasub_matched_k0_mean,target1,0,mean,2,-0.014819137752056122,0.005240841853536538,170,-0.00809491891413927,0.010478089417840016,40
synonym,pcasub_matched_k0_mean,target1,0,mean,3,-0.01573674939572811,0.005146823908593335,170,-0.0112674655392766,0.010094576065258478,40
synonym,pcasub_matched_k0_mean,target1,0,mean,4,-0.01601993665099144,0.005032063500977711,170,-0.00851815938949585,0.010086415780593256,40
synonym,pcasub_matched_k0_mean,target1,0,mean,5,-0.01778927445411682,0.004898166358674172,170,-0.010880696587264538,0.009372800241365869,40
synonym,pcasub_matched_k0_mean,target1,0,mean,6,-0.017652379348874092,0.005054257404604096,170,-0.01210283674299717,0.008663597051815625,40
synonym,pcasub_matched_k0_mean,target1,0,mean,7,-0.01839899644255638,0.004889397141005063,170,-0.01327582634985447,0.008351189618427167,40
synonym,pcasub_matched_k0_mean,target1,0,mean,8,-0.020316042006015778,0.004222756882333925,170,-0.012131774798035622,0.007940338075274897,40
synonym,pcasub_matched_k0_mean,target1,0,mean,9,-0.016179367899894714,0.003374716504673195,170,-0.007302588317543268,0.006610503239800375,40
synonym,pcasub_matched_k0_mean,target1,0,mean,10,-0.013065989129245281,0.0027195223436510254,170,-0.005285853054374456,0.005714786241997847,40
synonym,pcasub_matched_k0_mean,target1,0,mean,11,-0.0063094194047153,0.002082486480398101,170,-0.0007051170105114579,0.004425573178714534,40
synonym,pcasub_matched_k0_mean,target1,0,mean,12,-0.00283181038685143,0.001463847916953396,170,0.0014122009743005037,0.0032000811949397167,40
synonym,pcasub_matched_k0_mean,target1,0,mean,13,-0.004156768321990967,0.0014087307324518587,170,-0.0002033710479736328,0.0029333831949808014,40
synonym,pcasub_matched_k0_mean,target1,0,mean,14,-0.0032934199552983046,0.0012809010704826465,170,0.0006320774555206299,0.0030144417870472924,40
synonym,pcasub_matched_k0_mean,target1,0,mean,15,0.0009165494120679796,0.0008008709752490394,170,0.0029128254391252995,0.0018473598356642438,40
synonym,pcasub_matched_k0_mean,target1,0,mean,16,0.001402107416652143,0.0006570206766045428,170,0.00221346621401608,0.001140492773515319,40
synonym,pcasub_matched_k0_mean,target1,0,mean,17,0.002440045587718487,0.0007165538987801886,170,0.002518183086067438,0.0011750421900919095,40
synonym,pcasub_matched_k0_mean,target1,0,mean,18,0.0006940648891031742,0.0004058333193887974,170,0.0006890594959259033,0.0007407344670605276,40
synonym,pcasub_matched_k0_mean,target1,0,mean,19,0.0007850626134313643,0.0003837282022341538,170,0.0008011221652850509,0.0007147937267112636,40
synonym,pcasub_matched_k0_mean,target1,0,mean,20,0.0005194011610001326,0.00031926558086195164,170,-0.00012893676466774195,0.00061703600944954,40
synonym,pcasub_matched_k0_mean,target1,0,mean,21,0.00039185179048217833,0.00028577913446803453,170,-0.00013766884512733668,0.000576955325860942,40
synonym,pcasub_matched_k0_mean,target1,0,mean,22,7.101192022673786e-05,0.0002569013166769723,170,-4.553794951789314e-06,0.0005496856088785103,40
synonym,pcasub_matched_k0_mean,target1,0,mean,23,7.325551268877462e-05,0.00023106450697222089,170,0.0001631915511097759,0.0005536472845406078,40
synonym,pcasub_matched_k0_mean,target1,0,mean,24,8.311201236210763e-05,0.0001858666928091193,170,-4.476308822631836e-05,0.0004705981358111797,40
synonym,pcasub_matched_k0_mean,target1,0,mean,25,0.00016440573381260037,0.0001805028791922001,170,0.0002249062090413645,0.0005168942332746877,40
synonym,pcasub_matched_k0_mean,target1,0,mean,26,4.894908852293156e-05,8.426729032982942e-05,170,0.00015259980864357203,0.00020126971927627793,40
synonym,pcasub_matched_k0_mean,target1,0,mean,27,0.0,0.0,170,0.0,0.0,40
synonym,pcasub_matched_k0_mean,final_cue,0,mean,0,-0.008975181728601456,0.008008697466671296,170,-0.006929874420166016,0.016188347273198175,40
synonym,pcasub_matched_k0_mean,final_cue,0,mean,1,-0.0047111050225794315,0.00777703034741521,170,0.00016300678544212133,0.015892395294746363,40
synonym,pcasub_matched_k0_mean,final_cue,0,mean,2,-0.007229074370115995,0.007701150842928988,170,-0.00502770533785224,0.015854542506113057,40
synonym,pcasub_matched_k0_mean,final_cue,0,mean,3,-0.007099625654518604,0.007726081912763833,170,-0.0042035579681396484,0.01590540321495329,40
synonym,pcasub_matched_k0_mean,final_cue,0,mean,4,-0.007913731038570404,0.007694348499182536,170,-0.005869138054549694,0.0156632558678736,40
synonym,pcasub_matched_k0_mean,final_cue,0,mean,5,-0.012432707473635674,0.00775622045559611,170,-0.010681027546525002,0.015886447369630918,40
synonym,pcasub_matched_k0_mean,final_cue,0,mean,6,-0.012698087841272354,0.007820873007160074,170,-0.01030190009623766,0.01598480666049825,40
synonym,pcasub_matched_k0_mean,final_cue,0,mean,7,-0.013563770800828934,0.007793465916201793,170,-0.0121616180986166,0.015892480113642842,40
synonym,pcasub_matched_k0_mean,final_cue,0,mean,8,-0.0140733253210783,0.007822278162004875,170,-0.013784879818558693,0.01588826037354311,40
synonym,pcasub_matched_k0_mean,final_cue,0,mean,9,-0.013432979583740234,0.007643836639684241,170,-0.013668572530150414,0.01538218724967304,40
synonym,pcasub_matched_k0_mean,final_cue,0,mean,10,-0.005154273938387632,0.007227426230060153,170,-0.002342730760574341,0.014602601457630229,40
synonym,pcasub_matched_k0_mean,final_cue,0,mean,11,-0.009050535969436169,0.0070648059855711745,170,-0.010108178481459618,0.013877050014804165,40
synonym,pcasub_matched_k0_mean,final_cue,0,mean,12,-0.010338520631194115,0.00693290943176363,170,-0.011783408932387829,0.013405535879087542,40
synonym,pcasub_matched_k0_mean,final_cue,0,mean,13,-0.005174059886485338,0.006908108648754575,170,-0.00612680334597826,0.013382520507136562,40
synonym,pcasub_matched_k0_mean,final_cue,0,mean,14,0.0037069327663630247,0.006636658904390602,170,0.004917919635772705,0.013166950925659886,40
synonym,pcasub_matched_k0_mean,final_cue,0,mean,15,0.0012349268654361367,0.006447269288669573,170,0.0026211559306830168,0.013544813219263643,40
synonym,pcasub_matched_k0_mean,final_cue,0,mean,16,0.00975758582353592,0.005730906034372954,170,0.012915998697280884,0.013385661162386668,40
synonym,pcasub_matched_k0_mean,final_cue,0,mean,17,0.01625986397266388,0.005044552178949715,170,0.012892419472336769,0.013017702652986825,40
synonym,pcasub_matched_k0_mean,final_cue,0,mean,18,0.014600825496017933,0.005008994161311377,170,0.011449676938354969,0.012634072674422632,40
synonym,pcasub_matched_k0_mean,final_cue,0,mean,19,0.013461495749652386,0.00475543142668795,170,0.012383287772536278,0.011816782526815351,40
synonym,pcasub_matched_k0_mean,final_cue,0,mean,20,0.010102828964591026,0.004620891421757162,170,0.01073194108903408,0.01103733220939886,40
synonym,pcasub_matched_k0_mean,final_cue,0,mean,21,0.006787888240069151,0.004312319646411938,170,0.0062317014671862125,0.009919486302125434,40
synonym,pcasub_matched_k0_mean,final_cue,0,mean,22,0.0038063402753323317,0.0040359507172242634,170,0.0068420469760894775,0.009331628324387787,40
synonym,pcasub_matched_k0_mean,final_cue,0,mean,23,0.004143817815929651,0.0038513619996035225,170,0.008662658743560314,0.008682743739655073,40
synonym,pcasub_matched_k0_mean,final_cue,0,mean,24,0.003465382382273674,0.003615927991068488,170,0.006591456942260265,0.007968824855068756,40
synonym,pcasub_matched_k0_mean,final_cue,0,mean,25,0.005329921375960112,0.0034295966871528204,170,0.011643117293715477,0.007026015699118078,40
synonym,pcasub_matched_k0_mean,final_cue,0,mean,26,0.0041959467343986034,0.0031657724364149006,170,0.0064626457169651985,0.006353924310897196,40
synonym,pcasub_matched_k0_mean,final_cue,0,mean,27,0.004436757415533066,0.0029747630925899306,170,0.004837113432586193,0.006146472604637502,40
synonym,pcasub_matched_k2_zero,cue1,2,zero,0,-0.11219091713428497,0.026460826885510796,170,-0.13261531293392181,0.04829084235396837,40
synonym,pcasub_matched_k2_zero,cue1,2,zero,1,-0.09526461362838745,0.014205196615970207,170,-0.10219057649374008,0.026458470181198488,40
synonym,pcasub_matched_k2_zero,cue1,2,zero,2,-0.04321962967514992,0.01135685917337158,170,-0.034487534314394,0.01938571102384,40
synonym,pcasub_matched_k2_zero,cue1,2,zero,3,-0.0740744024515152,0.01031953832377809,170,-0.05645943805575371,0.01915790396046606,40
synonym,pcasub_matched_k2_zero,cue1,2,zero,4,-0.05821739509701729,0.009027454729323647,170,-0.040535442531108856,0.017170497082591194,40
synonym,pcasub_matched_k2_zero,cue1,2,zero,5,-0.06623160094022751,0.009231483898509089,170,-0.048234663903713226,0.01672378776193317,40
synonym,pcasub_matched_k2_zero,cue1,2,zero,6,-0.03177359700202942,0.007649351543875859,170,-0.02602318488061428,0.012985581030066858,40
synonym,pcasub_matched_k2_zero,cue1,2,zero,7,-0.06010400503873825,0.006678075257721869,170,-0.04564580321311951,0.012952896303917504,40
synonym,pcasub_matched_k2_zero,cue1,2,zero,8,-0.04969536140561104,0.005588575105833367,170,-0.0372266061604023,0.009997757651010474,40
synonym,pcasub_matched_k2_zero,cue1,2,zero,9,-0.036363136023283005,0.004652148831277573,170,-0.024026285856962204,0.008069380012922662,40
synonym,pcasub_matched_k2_zero,cue1,2,zero,10,-0.016522906720638275,0.0033901686364984497,170,-0.011223196983337402,0.00604928428575764,40
synonym,pcasub_matched_k2_zero,cue1,2,zero,11,-0.013772859238088131,0.0024049670886881,170,-0.015148496255278587,0.004878860676010438,40
synonym,pcasub_matched_k2_zero,cue1,2,zero,12,-0.010008446872234344,0.002107019975412583,170,-0.013875740580260754,0.004149306841506868,40
synonym,pcasub_matched_k2_zero,cue1,2,zero,13,-0.005008108913898468,0.0013098661747326529,170,-0.007848268374800682,0.002846824333085824,40
synonym,pcasub_matched_k2_zero,cue1,2,zero,14,-0.0021220804192125797,0.0012275329009023084,170,-0.004427003674209118,0.0027067329671115904,40
synonym,pcasub_matched_k2_zero,cue1,2,zero,15,-0.003115477040410042,0.001215785372110341,170,-0.004293900914490223,0.0023429242516728884,40
synonym,pcasub_matched_k2_zero,cue1,2,zero,16,-0.0028618727810680866,0.0011574141598480363,170,-0.0038823962677270174,0.002092221240176169,40
synonym,pcasub_matched_k2_zero,cue1,2,zero,17,-0.0004040143103338778,0.0010787209885007123,170,-0.0009454727405682206,0.002136822726770481,40
synonym,pcasub_matched_k2_zero,cue1,2,zero,18,-0.0004604602581821382,0.0009618741345137654,170,-0.0014023662079125643,0.0018799930225535865,40
synonym,pcasub_matched_k2_zero,cue1,2,zero,19,-0.0012627001851797104,0.0009088549679108421,170,-0.002321177627891302,0.0019373114534182998,40
synonym,pcasub_matched_k2_zero,cue1,2,zero,20,-0.0007568299770355225,0.000573425927726586,170,-0.0019318044651299715,0.00120794654711643,40
synonym,pcasub_matched_k2_zero,cue1,2,zero,21,0.0006386669119819999,0.000590404286858108,170,-0.0006011426448822021,0.0012064256235534744,40
synonym,pcasub_matched_k2_zero,cue1,2,zero,22,0.0005715969600714743,0.0005312745324102412,170,-0.0007119715446606278,0.0012485571279254662,40
synonym,pcasub_matched_k2_zero,cue1,2,zero,23,-0.00022933202853891999,0.00048487120796268803,170,-0.0011509597534313798,0.0010479104446752196,40
synonym,pcasub_matched_k2_zero,cue1,2,zero,24,6.281382957240567e-05,0.000316521807454267,170,-0.0011125445598736405,0.0006083466006527802,40
synonym,pcasub_matched_k2_zero,cue1,2,zero,25,0.00034706838778220117,0.0003195625833957402,170,1.4358758562593721e-05,0.0007240945015730378,40
synonym,pcasub_matched_k2_zero,cue1,2,zero,26,0.0003491240495350212,0.0002981882581899159,170,-8.838772919261828e-05,0.0006957141135373462,40
synonym,pcasub_matched_k2_zero,cue1,2,zero,27,0.0,0.0,170,0.0,0.0,40
synonym,pcasub_matched_k2_zero,target1,2,zero,0,-0.3292168080806732,0.022585111535286785,170,-0.34239429235458374,0.038678719705991585,40
synonym,pcasub_matched_k2_zero,target1,2,zero,1,-0.30335256457328796,0.021582700697803367,170,-0.30689185857772827,0.03807611443164912,40
synonym,pcasub_matched_k2_zero,target1,2,zero,2,-0.2862367033958435,0.01949453888327356,170,-0.26299408078193665,0.03747224629818133,40
synonym,pcasub_matched_k2_zero,target1,2,zero,3,-0.2939551770687103,0.019185331673935893,170,-0.266262412071228,0.03842361980659573,40
synonym,pcasub_matched_k2_zero,target1,2,zero,4,-0.31214937567710876,0.019463894050407736,170,-0.28784671425819397,0.04183807516668989,40
synonym,pcasub_matched_k2_zero,target1,2,zero,5,-0.31124019622802734,0.019147281063604173,170,-0.2939196825027466,0.04327010086887608,40
synonym,pcasub_matched_k2_zero,target1,2,zero,6,-0.3262474536895752,0.01972915802771397,170,-0.2978688180446625,0.044645896354858945,40
synonym,pcasub_matched_k2_zero,target1,2,zero,7,-0.2884913682937622,0.018801874688301256,170,-0.2639840543270111,0.0411986207939891,40
synonym,pcasub_matched_k2_zero,target1,2,zero,8,-0.25705915689468384,0.015836668820103077,170,-0.2405076026916504,0.033274151509616885,40
synonym,pcasub_matched_k2_zero,target1,2,zero,9,-0.1525251716375351,0.013382430739645634,170,-0.12892785668373108,0.027837670203442723,40
synonym,pcasub_matched_k2_zero,target1,2,zero,10,-0.10806933045387268,0.01225222681193358,170,-0.09698525071144104,0.026222193008579142,40
synonym,pcasub_matched_k2_zero,target1,2,zero,11,-0.05560575798153877,0.010215974011678617,170,-0.05177467316389084,0.02159313811917613,40
synonym,pcasub_matched_k2_zero,target1,2,zero,12,-0.014893321320414543,0.008640625714921553,170,-0.020101409405469894,0.019489882765196465,40
synonym,pcasub_matched_k2_zero,target1,2,zero,13,-0.02355089969933033,0.007571879454374402,170,-0.028103118762373924,0.01643587473000301,40
synonym,pcasub_matched_k2_zero,target1,2,zero,14,-0.01732034608721733,0.007591245333874341,170,-0.019134998321533203,0.01765155805632239,40
synonym,pcasub_matched_k2_zero,target1,2,zero,15,0.014226983301341534,0.005499988635798601,170,0.010184967890381813,0.012046671187273662,40
synonym,pcasub_matched_k2_zero,target1,2,zero,16,0.016886329278349876,0.004256107166851932,170,0.013503974303603172,0.0077661995796266476,40
synonym,pcasub_matched_k2_zero,target1,2,zero,17,0.024604862555861473,0.004208604475882604,170,0.02295508421957493,0.008182662128388916,40
synonym,pcasub_matched_k2_zero,target1,2,zero,18,0.009544496424496174,0.00269300354598524,170,0.009267288260161877,0.00493862030073938,40
synonym,pcasub_matched_k2_zero,target1,2,zero,19,0.011211706325411797,0.0019489233409440065,170,0.010538744740188122,0.003575097932370696,40
synonym,pcasub_matched_k2_zero,target1,2,zero,20,0.009160284884274006,0.0016872519657155592,170,0.00583688635379076,0.002823525347949749,40
synonym,pcasub_matched_k2_zero,target1,2,zero,21,0.006882632616907358,0.0013694831119082024,170,0.003471380565315485,0.0023429678391613555,40
synonym,pcasub_matched_k2_zero,target1,2,zero,22,0.004233429674059153,0.0011836172405346624,170,-0.0003900110605172813,0.0017630128915539552,40
synonym,pcasub_matched_k2_zero,target1,2,zero,23,0.0012160595506429672,0.0007447401392426937,170,-0.0007127404096536338,0.0014951817641499178,40
synonym,pcasub_matched_k2_zero,target1,2,zero,24,0.00039701673085801303,0.000688437230339788,170,-0.0013502180809155107,0.0016678927695508625,40
synonym,pcasub_matched_k2_zero,target1,2,zero,25,-0.0008652901160530746,0.0005498387979285935,170,-0.0013318717246875167,0.0014520968570952174,40
synonym,pcasub_matched_k2_zero,target1,2,zero,26,0.00023744736972730607,0.00028616686991874107,170,-0.0006614268058910966,0.000710600418889169,40
synonym,pcasub_matched_k2_zero,target1,2,zero,27,0.0,0.0,170,0.0,0.0,40
synonym,pcasub_matched_k2_zero,final_cue,2,zero,0,-1.0791866779327393,0.14912525850338637,170,-1.0357272624969482,0.2550444843834965,40
synonym,pcasub_matched_k2_zero,final_cue,2,zero,1,-0.8411515355110168,0.14118738049803303,170,-0.7373478412628174,0.2399908643340511,40
synonym,pcasub_matched_k2_zero,final_cue,2,zero,2,-0.8594954609870911,0.1404574999855608,170,-0.7486308813095093,0.23866129985880907,40
synonym,pcasub_matched_k2_zero,final_cue,2,zero,3,-0.8625972867012024,0.14005379368431803,170,-0.7515931129455566,0.2380454015785243,40
synonym,pcasub_matched_k2_zero,final_cue,2,zero,4,-0.8624783754348755,0.14011651421939958,170,-0.7568372488021851,0.238090807961105,40
synonym,pcasub_matched_k2_zero,final_cue,2,zero,5,-0.8857121467590332,0.14097742213540732,170,-0.7924844026565552,0.24078870857160078,40
synonym,pcasub_matched_k2_zero,final_cue,2,zero,6,-0.8721404075622559,0.14098789079614613,170,-0.7790015935897827,0.2417151759534969,40
synonym,pcasub_matched_k2_zero,final_cue,2,zero,7,-0.9041160345077515,0.14294743208481686,170,-0.8117062449455261,0.24586308387223202,40
synonym,pcasub_matched_k2_zero,final_cue,2,zero,8,-0.9571260213851929,0.14252880451342057,170,-0.8940808176994324,0.24536163455626017,40
synonym,pcasub_matched_k2_zero,final_cue,2,zero,9,-0.9426308274269104,0.14179126222129845,170,-0.8818002939224243,0.24341472045517146,40
synonym,pcasub_matched_k2_zero,final_cue,2,zero,10,-0.9029824733734131,0.14076739062930044,170,-0.8128072619438171,0.2411860568286299,40
synonym,pcasub_matched_k2_zero,final_cue,2,zero,11,-1.0004709959030151,0.14029591689277712,170,-0.9249988794326782,0.24628810193815628,40
synonym,pcasub_matched_k2_zero,final_cue,2,zero,12,-1.0393421649932861,0.1408886899498437,170,-0.9652099609375,0.24778694608212265,40
synonym,pcasub_matched_k2_zero,final_cue,2,zero,13,-0.9327477812767029,0.1380946912565342,170,-0.874576210975647,0.25300511768524786,40
synonym,pcasub_matched_k2_zero,final_cue,2,zero,14,-0.8612277507781982,0.13777541996133777,170,-0.7592094540596008,0.2500811841399627,40
synonym,pcasub_matched_k2_zero,final_cue,2,zero,15,-0.9461279511451721,0.1412711572127491,170,-0.8632509112358093,0.2610280805570735,40
synonym,pcasub_matched_k2_zero,final_cue,2,zero,16,-0.7962119579315186,0.13880180586050014,170,-0.711574912071228,0.25291198653691616,40
synonym,pcasub_matched_k2_zero,final_cue,2,zero,17,-0.6032118797302246,0.13092719696633695,170,-0.510562002658844,0.2667231605421232,40
synonym,pcasub_matched_k2_zero,final_cue,2,zero,18,-0.606115460395813,0.13195307086113128,170,-0.5136570334434509,0.27284981792109136,40
synonym,pcasub_matched_k2_zero,final_cue,2,zero,19,-0.5812527537345886,0.13108530574376626,170,-0.48007136583328247,0.2738009016316095,40
synonym,pcasub_matched_k2_zero,final_cue,2,zero,20,-0.5663974285125732,0.13126340097741834,170,-0.47292786836624146,0.2725704433247399,40
synonym,pcasub_matched_k2_zero,final_cue,2,zero,21,-0.5656512975692749,0.13157161846402676,170,-0.4711676239967346,0.27563395107633876,40
synonym,pcasub_matched_k2_zero,final_cue,2,zero,22,-0.5334270596504211,0.13170303901377342,170,-0.4452316164970398,0.28023428298888203,40
synonym,pcasub_matched_k2_zero,final_cue,2,zero,23,-0.5315728783607483,0.13278475795642172,170,-0.4641838073730469,0.28593876844711885,40
synonym,pcasub_matched_k2_zero,final_cue,2,zero,24,-0.5283132791519165,0.13258455510559367,170,-0.45956453680992126,0.2867431531640191,40
synonym,pcasub_matched_k2_zero,final_cue,2,zero,25,-0.5275318622589111,0.13283249322080376,170,-0.4546028673648834,0.28705093266636855,40
synonym,pcasub_matched_k2_zero,final_cue,2,zero,26,-0.53472501039505,0.13326411290303836,170,-0.46546506881713867,0.28842460296777855,40
synonym,pcasub_matched_k2_zero,final_cue,2,zero,27,-0.5597250461578369,0.13590827717522305,170,-0.4318828582763672,0.2834551580664112,40
synonym,pcasub_matched_k2_mean,cue1,2,mean,0,-0.007842451333999634,0.005667420349906626,170,-0.01325715146958828,0.011590932188261528,40
synonym,pcasub_matched_k2_mean,cue1,2,mean,1,-0.002520959824323654,0.005682622765315786,170,-0.009705054573714733,0.010431996237805927,40
synonym,pcasub_matched_k2_mean,cue1,2,mean,2,0.0008386678528040648,0.005617332494025592,170,-0.003089398145675659,0.009763904296161979,40
synonym,pcasub_matched_k2_mean,cue1,2,mean,3,-0.003423205576837063,0.00541196845630926,170,-0.009424078278243542,0.009427475444467107,40
synonym,pcasub_matched_k2_mean,cue1,2,mean,4,-0.00688828993588686,0.005385816233199368,170,-0.01708553358912468,0.010722034454308926,40
synonym,pcasub_matched_k2_mean,cue1,2,mean,5,-0.021968696266412735,0.0045642880817197895,170,-0.028925156220793724,0.009110427121597106,40
synonym,pcasub_matched_k2_mean,cue1,2,mean,6,-0.013539026491343975,0.0036620763847697467,170,-0.019034195691347122,0.006451603872552487,40
synonym,pcasub_matched_k2_mean,cue1,2,mean,7,-0.020074855536222458,0.003264263276660133,170,-0.018245046958327293,0.0067240969469071574,40
synonym,pcasub_matched_k2_mean,cue1,2,mean,8,-0.013190580531954765,0.0023154097532278282,170,-0.010608869604766369,0.004808766693373939,40
synonym,pcasub_matched_k2_mean,cue1,2,mean,9,-0.00810183398425579,0.001980336466078573,170,-0.006434923503547907,0.0037818180756482764,40
synonym,pcasub_matched_k2_mean,cue1,2,mean,10,-0.002188164973631501,0.0012972926388938528,170,-0.0024369657039642334,0.0026544827598214333,40
synonym,pcasub_matched_k2_mean,cue1,2,mean,11,-0.0018364142160862684,0.0008691084859684414,170,-0.004010879900306463,0.0021539565856239147,40
synonym,pcasub_matched_k2_mean,cue1,2,mean,12,-0.0011635783594101667,0.0007035976453906337,170,-0.0024595975410193205,0.0016230163578181435,40
synonym,pcasub_matched_k2_mean,cue1,2,mean,13,-0.00026820055791176856,0.0003893171427716762,170,-0.0004422187921591103,0.000867564192413547,40
synonym,pcasub_matched_k2_mean,cue1,2,mean,14,-0.001023206626996398,0.00035540867492026603,170,-0.0017746866215020418,0.0006776485721179232,40
synonym,pcasub_matched_k2_mean,cue1,2,mean,15,-0.0005085699958726764,0.0003203506615475654,170,-0.0003967583179473877,0.0006125667457038381,40
synonym,pcasub_matched_k2_mean,cue1,2,mean,16,-0.0006677480414509773,0.0003331965925673665,170,-0.001005280064418912,0.0007001496558814974,40
synonym,pcasub_matched_k2_mean,cue1,2,mean,17,-0.0006183270015753806,0.0003046116701321965,170,0.00034695863723754883,0.0006139087912207946,40
synonym,pcasub_matched_k2_mean,cue1,2,mean,18,-0.00020676711574196815,0.0002933363775118285,170,1.164078730653273e-05,0.0006581058418790406,40
synonym,pcasub_matched_k2_mean,cue1,2,mean,19,-0.0001848136744229123,0.00029761727117585333,170,-0.00031525493250228465,0.000693959422616479,40
synonym,pcasub_matched_k2_mean,cue1,2,mean,20,3.5593791835708544e-05,0.00025631847241889606,170,0.00010451674461364746,0.0005050898652303141,40
synonym,pcasub_matched_k2_mean,cue1,2,mean,21,-0.00030070263892412186,0.00023461248366929747,170,-0.0005071878549642861,0.0005582187800899193,40
synonym,pcasub_matched_k2_mean,cue1,2,mean,22,-0.00025347716291435063,0.00023595745942927136,170,6.132126145530492e-05,0.0005388743287470545,40
synonym,pcasub_matched_k2_mean,cue1,2,mean,23,-9.555956785334274e-05,0.00022384487395150332,170,0.0005639493465423584,0.0004234056601747907,40
synonym,pcasub_matched_k2_mean,cue1,2,mean,24,-5.3848587413085625e-05,0.00016204177526822587,170,0.00021376609220169485,0.0003558891191177365,40
synonym,pcasub_matched_k2_mean,cue1,2,mean,25,4.391915717860684e-05,0.0001488826897911266,170,2.995133399963379e-05,0.00038181793180968335,40
synonym,pcasub_matched_k2_mean,cue1,2,mean,26,2.7727028282242827e-05,9.113562571069879e-05,170,0.0003066837671212852,0.00021426850967143083,40
synonym,pcasub_matched_k2_mean,cue1,2,mean,27,0.0,0.0,170,0.0,0.0,40
synonym,pcasub_matched_k2_mean,target1,2,mean,0,0.001805449603125453,0.0074322205486303805,170,0.01038513146340847,0.015208650143561615,40
synonym,pcasub_matched_k2_mean,target1,2,mean,1,0.0005364235839806497,0.0074159421240415704,170,0.009526324458420277,0.014461724338823355,40
synonym,pcasub_matched_k2_mean,target1,2,mean,2,0.006433296017348766,0.007061202526257908,170,0.013720786198973656,0.01596640802820412,40
synonym,pcasub_matched_k2_mean,target1,2,mean,3,0.003771007526665926,0.007007584925978198,170,0.008770495653152466,0.015612113607418673,40
synonym,pcasub_matched_k2_mean,target1,2,mean,4,-0.0027064215391874313,0.006964217127427328,170,0.0015501677989959717,0.015909842070535585,40
synonym,pcasub_matched_k2_mean,target1,2,mean,5,-0.004621672444045544,0.006708075513660106,170,0.0005442678811959922,0.015884058304046815,40
synonym,pcasub_matched_k2_mean,target1,2,mean,6,-0.0006437231786549091,0.0068058860623873485,170,-0.00556144118309021,0.015514676722050523,40
synonym,pcasub_matched_k2_mean,target1,2,mean,7,-0.010158801451325417,0.006554086771379644,170,-0.010494053363800049,0.015147175292259472,40
synonym,pcasub_matched_k2_mean,target1,2,mean,8,-0.012122799642384052,0.005531374617844462,170,-0.010214465670287609,0.012709038442425527,40
synonym,pcasub_matched_k2_mean,target1,2,mean,9,-0.016737215220928192,0.004709931609948404,170,-0.011148947291076183,0.010511313686414182,40
synonym,pcasub_matched_k2_mean,target1,2,mean,10,-0.012815567664802074,0.0038929946404942686,170,-0.007118308451026678,0.009517017104221523,40
synonym,pcasub_matched_k2_mean,target1,2,mean,11,-0.007925976999104023,0.00334571425724917,170,-0.0029803693760186434,0.008576570507949797,40
synonym,pcasub_matched_k2_mean,target1,2,mean,12,-0.0043021393939852715,0.0028188220479396973,170,-0.0028240561950951815,0.007279573543854378,40
synonym,pcasub_matched_k2_mean,target1,2,mean,13,-0.005462045315653086,0.002406411672440707,170,-0.003960079047828913,0.006006704610706086,40
synonym,pcasub_matched_k2_mean,target1,2,mean,14,-0.0033356365747749805,0.00230190949519726,170,-0.0010714232921600342,0.005611147563844934,40
synonym,pcasub_matched_k2_mean,target1,2,mean,15,0.0002017669758060947,0.0015576095739958694,170,0.0005085945012979209,0.0032021047735428182,40
synonym,pcasub_matched_k2_mean,target1,2,mean,16,-0.0005167810595594347,0.0010904108025145888,170,-0.0005301594501361251,0.002396970970312037,40
synonym,pcasub_matched_k2_mean,target1,2,mean,17,0.0017701411852613091,0.0011373777031986959,170,0.0031218945514410734,0.0029676102702997737,40
synonym,pcasub_matched_k2_mean,target1,2,mean,18,0.0003648964921012521,0.0007778144214060688,170,4.956722114002332e-05,0.0018060044389205192,40
synonym,pcasub_matched_k2_mean,target1,2,mean,19,0.0012350681936368346,0.0005600621351459463,170,0.0011702359188348055,0.0013282893939493045,40
synonym,pcasub_matched_k2_mean,target1,2,mean,20,0.0012463643215596676,0.0005115841501419024,170,0.0006345927831716835,0.0013235681032221437,40
synonym,pcasub_matched_k2_mean,target1,2,mean,21,0.0012299997033551335,0.00040056423872292127,170,0.0016683160793036222,0.0008580178697915726,40
synonym,pcasub_matched_k2_mean,target1,2,mean,22,0.0008335124002769589,0.00038138957513999703,170,0.0008884907001629472,0.0007029776887058729,40
synonym,pcasub_matched_k2_mean,target1,2,mean,23,0.00044986570719629526,0.0002893706829654024,170,0.0006063819164410233,0.0005518838319455385,40
synonym,pcasub_matched_k2_mean,target1,2,mean,24,0.00022263596474658698,0.0002492116975038509,170,0.00035553573979996145,0.0005770494218242212,40
synonym,pcasub_matched_k2_mean,target1,2,mean,25,0.00010114347242051736,0.00022180017793636044,170,5.826949927723035e-05,0.0005409998814574656,40
synonym,pcasub_matched_k2_mean,target1,2,mean,26,-9.430506906937808e-06,0.00012977592857320538,170,-8.484125282848254e-05,0.00027714960968300154,40
synonym,pcasub_matched_k2_mean,target1,2,mean,27,0.0,0.0,170,0.0,0.0,40
synonym,pcasub_matched_k2_mean,final_cue,2,mean,0,0.0387159138917923,0.02107561294316398,170,0.090693898499012,0.037722179313133465,40
synonym,pcasub_matched_k2_mean,final_cue,2,mean,1,0.04543251544237137,0.020627657121562473,170,0.10170029103755951,0.037582583902095575,40
synonym,pcasub_matched_k2_mean,final_cue,2,mean,2,0.04312979429960251,0.020558243957956197,170,0.09856073558330536,0.037525225123353025,40
synonym,pcasub_matched_k2_mean,final_cue,2,mean,3,0.04331427812576294,0.020466864892668666,170,0.09761645644903183,0.037509342784987715,40
synonym,pcasub_matched_k2_mean,final_cue,2,mean,4,0.04178369417786598,0.020535761480439358,170,0.09568142890930176,0.03733485382237138,40
synonym,pcasub_matched_k2_mean,final_cue,2,mean,5,0.03941410779953003,0.020634237749131708,170,0.09372268617153168,0.03778801762544326,40
synonym,pcasub_matched_k2_mean,final_cue,2,mean,6,0.04025409370660782,0.02059599742289577,170,0.09477879106998444,0.0377149932677375,40
synonym,pcasub_matched_k2_mean,final_cue,2,mean,7,0.0374557226896286,0.020644418407413528,170,0.09087079018354416,0.0378631648116414,40
synonym,pcasub_matched_k2_mean,final_cue,2,mean,8,0.028250889852643013,0.020207459251055365,170,0.08035358786582947,0.03766085289490016,40
synonym,pcasub_matched_k2_mean,final_cue,2,mean,9,0.030506610870361328,0.020016543336598885,170,0.07925965636968613,0.03719193162572723,40
synonym,pcasub_matched_k2_mean,final_cue,2,mean,10,0.05161790922284126,0.01990221550410222,170,0.10922539234161377,0.038361266137282864,40
synonym,pcasub_matched_k2_mean,final_cue,2,mean,11,0.06109325587749481,0.019591488281797013,170,0.11422896385192871,0.03710973740288013,40
synonym,pcasub_matched_k2_mean,final_cue,2,mean,12,0.05987242981791496,0.01939210143793047,170,0.11351446807384491,0.03734117754231983,40
synonym,pcasub_matched_k2_mean,final_cue,2,mean,13,0.05985688418149948,0.0195334055005668,170,0.11318419128656387,0.038657479640665474,40
synonym,pcasub_matched_k2_mean,final_cue,2,mean,14,0.06882964819669724,0.01941733593892538,170,0.12862631678581238,0.038042483739196,40
synonym,pcasub_matched_k2_mean,final_cue,2,mean,15,0.06202968582510948,0.019376217873853154,170,0.11768367141485214,0.039149207768668884,40
synonym,pcasub_matched_k2_mean,final_cue,2,mean,16,0.0657026544213295,0.018949251945606378,170,0.1186777800321579,0.03940939680185336,40
synonym,pcasub_matched_k2_mean,final_cue,2,mean,17,0.08275706321001053,0.018851784828380447,170,0.12072829902172089,0.044224596183896916,40
synonym,pcasub_matched_k2_mean,final_cue,2,mean,18,0.08058865368366241,0.018787490565587404,170,0.11843011528253555,0.044506557756590945,40
synonym,pcasub_matched_k2_mean,final_cue,2,mean,19,0.07917633652687073,0.01894266560370268,170,0.11968591064214706,0.04521401803562261,40
synonym,pcasub_matched_k2_mean,final_cue,2,mean,20,0.07356764376163483,0.018895504058500878,170,0.11445486545562744,0.04494239494397694,40
synonym,pcasub_matched_k2_mean,final_cue,2,mean,21,0.06976697593927383,0.019085176533777896,170,0.11010058224201202,0.04504471480609366,40
synonym,pcasub_matched_k2_mean,final_cue,2,mean,22,0.0686156377196312,0.0188769633288976,170,0.11333736032247543,0.04469323001125401,40
synonym,pcasub_matched_k2_mean,final_cue,2,mean,23,0.06942062079906464,0.01877690647529239,170,0.11662054061889648,0.04439414444579347,40
synonym,pcasub_matched_k2_mean,final_cue,2,mean,24,0.06615345925092697,0.018795711207147927,170,0.112745501101017,0.044964070884187725,40
synonym,pcasub_matched_k2_mean,final_cue,2,mean,25,0.06591419130563736,0.01837438989848511,170,0.11856718361377716,0.04271728899892651,40
synonym,pcasub_matched_k2_mean,final_cue,2,mean,26,0.0636085495352745,0.018236700723830976,170,0.11244392395019531,0.0417152432681085,40
synonym,pcasub_matched_k2_mean,final_cue,2,mean,27,0.06423238664865494,0.01806500097331147,170,0.11612067371606827,0.03962511246031842,40
synonym,pcasub_matched_k3_zero,cue1,3,zero,0,-0.23335404694080353,0.03450127033729921,170,-0.2312939167022705,0.0650612487018777,40
synonym,pcasub_matched_k3_zero,cue1,3,zero,1,-0.012637440115213394,0.017547733703257157,170,-0.0030476809479296207,0.027539663722831804,40
synonym,pcasub_matched_k3_zero,cue1,3,zero,2,-0.04635521396994591,0.013999857721325518,170,-0.025243615731596947,0.02264459556935289,40
synonym,pcasub_matched_k3_zero,cue1,3,zero,3,-0.07440441846847534,0.013224141389247244,170,-0.04471724107861519,0.022396417834341733,40
synonym,pcasub_matched_k3_zero,cue1,3,zero,4,-0.07411158829927444,0.014040298066330262,170,-0.03712611272931099,0.02121987371658556,40
synonym,pcasub_matched_k3_zero,cue1,3,zero,5,-0.05995356664061546,0.013068146915569769,170,-0.024410486221313477,0.019004541971313866,40
synonym,pcasub_matched_k3_zero,cue1,3,zero,6,-0.049809530377388,0.0077124052246566755,170,-0.03745155781507492,0.011435134011916079,40
synonym,pcasub_matched_k3_zero,cue1,3,zero,7,-0.07524441182613373,0.007074914071805298,170,-0.057003993541002274,0.013017594273285771,40
synonym,pcasub_matched_k3_zero,cue1,3,zero,8,-0.060049187391996384,0.005684523352958653,170,-0.04583818465471268,0.009600530732124931,40
synonym,pcasub_matched_k3_zero,cue1,3,zero,9,-0.049304671585559845,0.004981752786052565,170,-0.035771727561950684,0.008247570966958146,40
synonym,pcasub_matched_k3_zero,cue1,3,zero,10,-0.018944552168250084,0.0034273983826843555,170,-0.013556075282394886,0.005976307638681152,40
synonym,pcasub_matched_k3_zero,cue1,3,zero,11,-0.016437474638223648,0.0024942727077152138,170,-0.0181890781968832,0.005144060503308318,40
synonym,pcasub_matched_k3_zero,cue1,3,zero,12,-0.009849629364907742,0.0021084118444297554,170,-0.013391906395554543,0.0037808008379106675,40
synonym,pcasub_matched_k3_zero,cue1,3,zero,13,-0.003929954953491688,0.0012629329171927048,170,-0.006009840872138739,0.0027143260254066225,40
synonym,pcasub_matched_k3_zero,cue1,3,zero,14,-0.0004642041167244315,0.0011724353594254925,170,-0.002061688806861639,0.002430227782247525,40
synonym,pcasub_matched_k3_zero,cue1,3,zero,15,-0.0014290044782683253,0.001170716916193678,170,-0.002304858062416315,0.0021330714049167467,40
synonym,pcasub_matched_k3_zero,cue1,3,zero,16,-0.0014652200043201447,0.0010985319432262504,170,-0.0019836127758026123,0.001937886631560034,40
synonym,pcasub_matched_k3_zero,cue1,3,zero,17,0.0006322110421024263,0.0010687984752783212,170,0.0006136238807812333,0.0020816328673442653,40
synonym,pcasub_matched_k3_zero,cue1,3,zero,18,-0.0004737857379950583,0.0009763969726967427,170,-0.0014237642753869295,0.0019449361715444822,40
synonym,pcasub_matched_k3_zero,cue1,3,zero,19,-0.0011549851624295115,0.0009322253101450904,170,-0.0024194002617150545,0.0019399373050883993,40
synonym,pcasub_matched_k3_zero,cue1,3,zero,20,-0.0011273195268586278,0.0005794594077708503,170,-0.0022644579876214266,0.0012669451578575359,40
synonym,pcasub_matched_k3_zero,cue1,3,zero,21,0.0003600576310418546,0.0005932111322324438,170,-0.0013213276397436857,0.0011283423193399643,40
synonym,pcasub_matched_k3_zero,cue1,3,zero,22,0.0005482957931235433,0.0005249267639704334,170,-0.0003294706402812153,0.0011207823934263686,40
synonym,pcasub_matched_k3_zero,cue1,3,zero,23,-0.0002305283269379288,0.00048353812516131826,170,-0.0011177003616467118,0.0011010329907548376,40
synonym,pcasub_matched_k3_zero,cue1,3,zero,24,-0.00015657614858355373,0.00032556831320326165,170,-0.0011234402190893888,0.0006751001765928704,40
synonym,pcasub_matched_k3_zero,cue1,3,zero,25,0.00014585010649170727,0.00032570981441043697,170,-0.0004928767448291183,0.000729851068778812,40
synonym,pcasub_matched_k3_zero,cue1,3,zero,26,0.00026977763627655804,0.00029222093942437254,170,-0.00013865828805137426,0.0006926266909800818,40
synonym,pcasub_matched_k3_zero,cue1,3,zero,27,0.0,0.0,170,0.0,0.0,40
synonym,pcasub_matched_k3_zero,target1,3,zero,0,-0.3723200261592865,0.024312655416169372,170,-0.39762890338897705,0.04426201074156509,40
synonym,pcasub_matched_k3_zero,target1,3,zero,1,-0.33654677867889404,0.022806272279196575,170,-0.3465051054954529,0.040874956597193896,40
synonym,pcasub_matched_k3_zero,target1,3,zero,2,-0.30715739727020264,0.020619762197066422,170,-0.28569671511650085,0.04043508580006433,40
synonym,pcasub_matched_k3_zero,target1,3,zero,3,-0.32322436571121216,0.02050522179132768,170,-0.2922016680240631,0.040873684313746744,40
synonym,pcasub_matched_k3_zero,target1,3,zero,4,-0.3403828740119934,0.02102991883905264,170,-0.311614453792572,0.04433773987963628,40
synonym,pcasub_matched_k3_zero,target1,3,zero,5,-0.33940035104751587,0.020693803971588886,170,-0.31727713346481323,0.04425658233219057,40
synonym,pcasub_matched_k3_zero,target1,3,zero,6,-0.34195131063461304,0.020366845753670922,170,-0.30687397718429565,0.04253898082988825,40
synonym,pcasub_matched_k3_zero,target1,3,zero,7,-0.28058257699012756,0.018791716887357292,170,-0.24911555647850037,0.040201791425304424,40
synonym,pcasub_matched_k3_zero,target1,3,zero,8,-0.27252933382987976,0.016604499370620446,170,-0.2585721015930176,0.034241261279408214,40
synonym,pcasub_matched_k3_zero,target1,3,zero,9,-0.1623639464378357,0.013673772653713721,170,-0.1408158838748932,0.028685675393936728,40
synonym,pcasub_matched_k3_zero,target1,3,zero,10,-0.12015189230442047,0.012139495564486272,170,-0.11010279506444931,0.026175471933103076,40
synonym,pcasub_matched_k3_zero,target1,3,zero,11,-0.06765493750572205,0.010387964050388915,170,-0.06338449567556381,0.021990512293090275,40
synonym,pcasub_matched_k3_zero,target1,3,zero,12,-0.0256574098020792,0.00876804508767622,170,-0.03048793599009514,0.01926411606749889,40
synonym,pcasub_matched_k3_zero,target1,3,zero,13,-0.028670553117990494,0.007737151150054873,170,-0.031715840101242065,0.016567491274570918,40
synonym,pcasub_matched_k3_zero,target1,3,zero,14,-0.024539558216929436,0.007680318665205477,170,-0.02381723001599312,0.01811551742005142,40
synonym,pcasub_matched_k3_zero,target1,3,zero,15,0.006227906793355942,0.005671277525670114,170,0.00330126890912652,0.013031857984376649,40
synonym,pcasub_matched_k3_zero,target1,3,zero,16,0.008536921814084053,0.004441690464386206,170,0.0053196074441075325,0.009381286254154367,40
synonym,pcasub_matched_k3_zero,target1,3,zero,17,0.016730614006519318,0.00428233881921088,170,0.013805878348648548,0.009470613510587133,40
synonym,pcasub_matched_k3_zero,target1,3,zero,18,0.0024220203049480915,0.00305299461714171,170,0.0010910809505730867,0.007324536394288889,40
synonym,pcasub_matched_k3_zero,target1,3,zero,19,0.004963111598044634,0.00235850640660836,170,0.0029465854167938232,0.006030685975644721,40
synonym,pcasub_matched_k3_zero,target1,3,zero,20,0.004073861055076122,0.002083902635336747,170,-0.0004915714380331337,0.005582944691746227,40
synonym,pcasub_matched_k3_zero,target1,3,zero,21,0.002744529163464904,0.0016649943472598963,170,-0.003045153571292758,0.004347135726157227,40
synonym,pcasub_matched_k3_zero,target1,3,zero,22,0.0010681601706892252,0.001591741865185333,170,-0.00503812450915575,0.00461559254017781,40
synonym,pcasub_matched_k3_zero,target1,3,zero,23,-0.00026284140767529607,0.0012663233746888105,170,-0.00435445923358202,0.004209352140991304,40
synonym,pcasub_matched_k3_zero,target1,3,zero,24,-0.0006820320850238204,0.0012003786692440788,170,-0.005121725611388683,0.004096285901396987,40
synonym,pcasub_matched_k3_zero,target1,3,zero,25,-0.0021461318247020245,0.0008674279716316346,170,-0.0044279517605900764,0.002504134786594745,40
synonym,pcasub_matched_k3_zero,target1,3,zero,26,-0.000305522553389892,0.00041976136678320883,170,-0.0017938197124749422,0.0008190367395015745,40
synonym,pcasub_matched_k3_zero,target1,3,zero,27,0.0,0.0,170,0.0,0.0,40
synonym,pcasub_matched_k3_zero,final_cue,3,zero,0,-1.2772305011749268,0.15438685310539735,170,-1.2133954763412476,0.2861267459703555,40
synonym,pcasub_matched_k3_zero,final_cue,3,zero,1,-0.933283805847168,0.14424365342885698,170,-0.778171181678772,0.2675885583185559,40
synonym,pcasub_matched_k3_zero,final_cue,3,zero,2,-0.9971647262573242,0.1432244813055225,170,-0.8337886929512024,0.2668500119139654,40
synonym,pcasub_matched_k3_zero,final_cue,3,zero,3,-1.0255286693572998,0.14330400655539705,170,-0.8647502660751343,0.2673938706781757,40
synonym,pcasub_matched_k3_zero,final_cue,3,zero,4,-1.0293118953704834,0.14367179026446264,170,-0.8743470907211304,0.26905313562834554,40
synonym,pcasub_matched_k3_zero,final_cue,3,zero,5,-1.0505449771881104,0.14416824249979684,170,-0.911845326423645,0.2657513244749337,40
synonym,pcasub_matched_k3_zero,final_cue,3,zero,6,-1.039760947227478,0.1447787985657167,170,-0.897064208984375,0.26735773782827654,40
synonym,pcasub_matched_k3_zero,final_cue,3,zero,7,-1.0878406763076782,0.14610253100160236,170,-0.9491904377937317,0.26893913903148053,40
synonym,pcasub_matched_k3_zero,final_cue,3,zero,8,-1.1700149774551392,0.14671774082151007,170,-1.036630392074585,0.27116934824680233,40
synonym,pcasub_matched_k3_zero,final_cue,3,zero,9,-1.1796842813491821,0.1448712427829484,170,-1.087855577468872,0.26928514358317557,40
synonym,pcasub_matched_k3_zero,final_cue,3,zero,10,-1.134738564491272,0.14368337436328893,170,-1.0173887014389038,0.26634850605206256,40
synonym,pcasub_matched_k3_zero,final_cue,3,zero,11,-1.2327412366867065,0.14366618564521993,170,-1.1286526918411255,0.2724120581720519,40
synonym,pcasub_matched_k3_zero,final_cue,3,zero,12,-1.261236548423767,0.14334101715685624,170,-1.1645443439483643,0.2733938651717383,40
synonym,pcasub_matched_k3_zero,final_cue,3,zero,13,-1.1396516561508179,0.14016531920719336,170,-1.0701401233673096,0.2758877480632415,40
synonym,pcasub_matched_k3_zero,final_cue,3,zero,14,-1.101592779159546,0.13951913312302092,170,-0.9918524622917175,0.2807515463168859,40
synonym,pcasub_matched_k3_zero,final_cue,3,zero,15,-1.1806766986846924,0.14160002858984574,170,-1.1004616022109985,0.28416993633134446,40
synonym,pcasub_matched_k3_zero,final_cue,3,zero,16,-1.0374822616577148,0.13865672576564972,170,-0.9508039355278015,0.27395943757344676,40
synonym,pcasub_matched_k3_zero,final_cue,3,zero,17,-0.8646203279495239,0.13134686683233954,170,-0.7701030969619751,0.2830832931756125,40
synonym,pcasub_matched_k3_zero,final_cue,3,zero,18,-0.8001649975776672,0.13362747143149473,170,-0.6418401002883911,0.27824484634769286,40
synonym,pcasub_matched_k3_zero,final_cue,3,zero,19,-0.7833176851272583,0.13266519579355565,170,-0.6199986338615417,0.2785241455494697,40
synonym,pcasub_matched_k3_zero,final_cue,3,zero,20,-0.7900958061218262,0.1319508216990861,170,-0.6211625337600708,0.27556140264688544,40
synonym,pcasub_matched_k3_zero,final_cue,3,zero,21,-0.7777195572853088,0.13086038953924645,170,-0.6370142102241516,0.27835788166373115,40
synonym,pcasub_matched_k3_zero,final_cue,3,zero,22,-0.7658558487892151,0.13123834019219116,170,-0.618644118309021,0.27894152991471105,40
synonym,pcasub_matched_k3_zero,final_cue,3,zero,23,-0.7395086884498596,0.13082198006871035,170,-0.600999653339386,0.2877959630043786,40
synonym,pcasub_matched_k3_zero,final_cue,3,zero,24,-0.7049657702445984,0.12995808241291085,170,-0.5923773050308228,0.28973514916156606,40
synonym,pcasub_matched_k3_zero,final_cue,3,zero,25,-0.7176735997200012,0.1309681938875185,170,-0.601806104183197,0.2841812266688977,40
synonym,pcasub_matched_k3_zero,final_cue,3,zero,26,-0.7036489248275757,0.1320955817912065,170,-0.6135174632072449,0.2811449929046771,40
synonym,pcasub_matched_k3_zero,final_cue,3,zero,27,-0.5913051962852478,0.13785784352165265,170,-0.42274585366249084,0.2792881753202906,40
synonym,pcasub_matched_k3_mean,cue1,3,mean,0,-0.014642022550106049,0.006471643210894136,170,-0.013910484500229359,0.013374463890011479,40
synonym,pcasub_matched_k3_mean,cue1,3,mean,1,-0.007963016629219055,0.006540030651464049,170,-0.009116381406784058,0.012772830498857812,40
synonym,pcasub_matched_k3_mean,cue1,3,mean,2,-0.005368713289499283,0.00640641751158339,170,-0.0035008788108825684,0.011389331807818516,40
synonym,pcasub_matched_k3_mean,cue1,3,mean,3,-0.00985596515238285,0.006316441886840322,170,-0.00946018099784851,0.011093635464096365,40
synonym,pcasub_matched_k3_mean,cue1,3,mean,4,-0.014581039547920227,0.006247832730093191,170,-0.015551423653960228,0.012589467359197576,40
synonym,pcasub_matched_k3_mean,cue1,3,mean,5,-0.01764789968729019,0.005308519002332522,170,-0.01900278404355049,0.010323204222671923,40
synonym,pcasub_matched_k3_mean,cue1,3,mean,6,-0.009956464171409607,0.004085473139710042,170,-0.009760528802871704,0.007729269785512643,40
synonym,pcasub_matched_k3_mean,cue1,3,mean,7,-0.02649780921638012,0.003711483949132791,170,-0.022206950932741165,0.0073610833253285185,40
synonym,pcasub_matched_k3_mean,cue1,3,mean,8,-0.015096745453774929,0.0023728796720867314,170,-0.012312454171478748,0.004758066787024944,40
synonym,pcasub_matched_k3_mean,cue1,3,mean,9,-0.01019555889070034,0.0020749134157907584,170,-0.00901796855032444,0.004218279624355562,40
synonym,pcasub_matched_k3_mean,cue1,3,mean,10,-0.0030631532426923513,0.0013806119211360339,170,-0.0031136691104620695,0.0027346881562521825,40
synonym,pcasub_matched_k3_mean,cue1,3,mean,11,-0.0028353077359497547,0.000909559116775221,170,-0.005170679185539484,0.002112131003573852,40
synonym,pcasub_matched_k3_mean,cue1,3,mean,12,-0.0014026816934347153,0.000765985320489622,170,-0.002427083207294345,0.0017798457611289187,40
synonym,pcasub_matched_k3_mean,cue1,3,mean,13,-0.0005027542938478291,0.0003947432962061432,170,-0.00045023561688140035,0.0008042408487373158,40
synonym,pcasub_matched_k3_mean,cue1,3,mean,14,-0.0007461950881406665,0.0003742965860568473,170,-0.0007454156875610352,0.0006353444112248913,40
synonym,pcasub_matched_k3_mean,cue1,3,mean,15,-0.0008066384471021593,0.00035016263016519964,170,-0.0008888125303201377,0.0006396821762300482,40
synonym,pcasub_matched_k3_mean,cue1,3,mean,16,-0.0006170293781906366,0.0003247606634558958,170,-0.0006028652423992753,0.0007395537026136515,40
synonym,pcasub_matched_k3_mean,cue1,3,mean,17,-0.0005485047586262226,0.0003043927039784378,170,-0.000414174806792289,0.0006107288925055656,40
synonym,pcasub_matched_k3_mean,cue1,3,mean,18,-0.00018179381731897593,0.00027899602302851355,170,-0.00018478036508895457,0.000526090272997366,40
synonym,pcasub_matched_k3_mean,cue1,3,mean,19,-0.00024360207316931337,0.0003094191040025278,170,-0.00018492937670089304,0.0006899643936904023,40
synonym,pcasub_matched_k3_mean,cue1,3,mean,20,-0.00032518996158614755,0.00024015987028088633,170,-0.00028421878232620656,0.0005199805514192378,40
synonym,pcasub_matched_k3_mean,cue1,3,mean,21,-0.00043335731606930494,0.00024001304759974098,170,2.130866050720215e-05,0.000526004975522046,40
synonym,pcasub_matched_k3_mean,cue1,3,mean,22,-0.00032643534359522164,0.00023955699013759416,170,-0.0004969358560629189,0.0004962261064796849,40
synonym,pcasub_matched_k3_mean,cue1,3,mean,23,-0.00023563820286653936,0.00021097637131056772,170,-0.0003254413604736328,0.0003930537481886099,40
synonym,pcasub_matched_k3_mean,cue1,3,mean,24,-0.00015582687046844512,0.00017931565477803478,170,-0.00017673373804427683,0.0003081112127082463,40
synonym,pcasub_matched_k3_mean,cue1,3,mean,25,-4.142803300055675e-05,0.00013325390467309274,170,0.0001017153263092041,0.0002776791755796253,40
synonym,pcasub_matched_k3_mean,cue1,3,mean,26,2.4627586753922515e-05,9.472737063831383e-05,170,0.0002789795398712158,0.00021014789061283187,40
synonym,pcasub_matched_k3_mean,cue1,3,mean,27,0.0,0.0,170,0.0,0.0,40
synonym,pcasub_matched_k3_mean,target1,3,mean,0,0.0012886039912700653,0.008041174886599861,170,0.009544039145112038,0.015917414513126612,40
synonym,pcasub_matched_k3_mean,target1,3,mean,1,0.0017867712303996086,0.007870243142632375,170,0.008197814226150513,0.01471404170719868,40
synonym,pcasub_matched_k3_mean,target1,3,mean,2,0.00867284182459116,0.007448730975198447,170,0.012942534871399403,0.016411173582484548,40
synonym,pcasub_matched_k3_mean,target1,3,mean,3,0.004495492670685053,0.007261156803536767,170,0.007442754693329334,0.01567842431386023,40
synonym,pcasub_matched_k3_mean,target1,3,mean,4,-0.002948794048279524,0.007219879308532985,170,-0.00012993215932510793,0.016332898699478824,40
synonym,pcasub_matched_k3_mean,target1,3,mean,5,-0.003386957570910454,0.006933868868520207,170,-0.00017611384100746363,0.015965292424107404,40
synonym,pcasub_matched_k3_mean,target1,3,mean,6,0.00045298549230210483,0.006974277784685397,170,-0.004825997166335583,0.01590260301332932,40
synonym,pcasub_matched_k3_mean,target1,3,mean,7,-0.006400603335350752,0.006567808031295624,170,-0.00745088467374444,0.015467254712638295,40
synonym,pcasub_matched_k3_mean,target1,3,mean,8,-0.012025768868625164,0.005786257363729171,170,-0.012167548760771751,0.013474942475250511,40
synonym,pcasub_matched_k3_mean,target1,3,mean,9,-0.016852324828505516,0.0049153979342516484,170,-0.012967449612915516,0.011440093561279525,40
synonym,pcasub_matched_k3_mean,target1,3,mean,10,-0.013193493708968163,0.004187926870906355,170,-0.007807588670402765,0.01093925211406576,40
synonym,pcasub_matched_k3_mean,target1,3,mean,11,-0.007586768828332424,0.003632164415298985,170,-0.0028848289512097836,0.009873728274536453,40
synonym,pcasub_matched_k3_mean,target1,3,mean,12,-0.004548843950033188,0.0030348753197051844,170,-0.003595721675083041,0.008283100071240052,40
synonym,pcasub_matched_k3_mean,target1,3,mean,13,-0.004907666705548763,0.0026750316783778964,170,-0.0025656460784375668,0.007569717194957861,40
synonym,pcasub_matched_k3_mean,target1,3,mean,14,-0.002748616272583604,0.002569441348994061,170,0.0005442976835183799,0.007323066200083288,40
synonym,pcasub_matched_k3_mean,target1,3,mean,15,0.0018268945859745145,0.0017043649688528993,170,0.0038390278350561857,0.00445550629739936,40
synonym,pcasub_matched_k3_mean,target1,3,mean,16,0.0009203717927448452,0.0012195891188465863,170,0.0017667829524725676,0.002801322234736559,40
synonym,pcasub_matched_k3_mean,target1,3,mean,17,0.00339732738211751,0.0013313239292216577,170,0.0029948949813842773,0.003644344904082655,40
synonym,pcasub_matched_k3_mean,target1,3,mean,18,0.0006043528555892408,0.0008465919367323592,170,0.0005098998663015664,0.0019399190454648522,40
synonym,pcasub_matched_k3_mean,target1,3,mean,19,0.0011121925199404359,0.0006422995510156499,170,-0.00032122136326506734,0.0015563922926757122,40
synonym,pcasub_matched_k3_mean,target1,3,mean,20,0.0011597321135923266,0.0005552149866510872,170,-0.0001349210797343403,0.0013832601378929545,40
synonym,pcasub_matched_k3_mean,target1,3,mean,21,0.0009541083709336817,0.00044931290460762687,170,0.0012439906131476164,0.0010141216739488923,40
synonym,pcasub_matched_k3_mean,target1,3,mean,22,0.0005662051844410598,0.0004383345252345714,170,-0.0002883732377085835,0.0010464557122476224,40
synonym,pcasub_matched_k3_mean,target1,3,mean,23,0.0004720796423498541,0.00035463770405724375,170,-0.00022134781465865672,0.0009934688616768646,40
synonym,pcasub_matched_k3_mean,target1,3,mean,24,0.0003427666670177132,0.00031434957463679627,170,0.0005070030456408858,0.0008806452247421763,40
synonym,pcasub_matched_k3_mean,target1,3,mean,25,1.5007748515927233e-05,0.0002576490016270521,170,9.197592589771375e-05,0.0006781845804220485,40
synonym,pcasub_matched_k3_mean,target1,3,mean,26,9.959340241039172e-05,0.00015554204124625478,170,0.0005626797792501748,0.0003397874812010725,40
synonym,pcasub_matched_k3_mean,target1,3,mean,27,0.0,0.0,170,0.0,0.0,40
synonym,pcasub_matched_k3_mean,final_cue,3,mean,0,0.02553904987871647,0.022791451581329638,170,0.06648313254117966,0.038035627545064114,40
synonym,pcasub_matched_k3_mean,final_cue,3,mean,1,0.026112712919712067,0.022589918433438258,170,0.07028137147426605,0.03867041452237822,40
synonym,pcasub_matched_k3_mean,final_cue,3,mean,2,0.025769609957933426,0.022532052796917695,170,0.06776376813650131,0.03852549436950594,40
synonym,pcasub_matched_k3_mean,final_cue,3,mean,3,0.026143057271838188,0.02242928392017567,170,0.06885124742984772,0.03837339288339861,40
synonym,pcasub_matched_k3_mean,final_cue,3,mean,4,0.02412715181708336,0.022464321933377746,170,0.06568898260593414,0.03809931239983557,40
synonym,pcasub_matched_k3_mean,final_cue,3,mean,5,0.020615916699171066,0.022371891430548758,170,0.0619330033659935,0.03841367243490334,40
synonym,pcasub_matched_k3_mean,final_cue,3,mean,6,0.022231191396713257,0.02233253109475779,170,0.06454198807477951,0.03807654323829242,40
synonym,pcasub_matched_k3_mean,final_cue,3,mean,7,0.019459856674075127,0.02226787225742592,170,0.059182148426771164,0.037940571478998465,40
synonym,pcasub_matched_k3_mean,final_cue,3,mean,8,0.014517949894070625,0.021790910474082985,170,0.05048195272684097,0.037080340587009486,40
synonym,pcasub_matched_k3_mean,final_cue,3,mean,9,0.01875751093029976,0.02150907264109613,170,0.05436422675848007,0.03667978099231654,40
synonym,pcasub_matched_k3_mean,final_cue,3,mean,10,0.041483357548713684,0.021482827845767914,170,0.08687569200992584,0.03698496645008205,40
synonym,pcasub_matched_k3_mean,final_cue,3,mean,11,0.05200381949543953,0.02125094701040286,170,0.09518569707870483,0.03623321892668712,40
synonym,pcasub_matched_k3_mean,final_cue,3,mean,12,0.039218589663505554,0.02098075956252208,170,0.07990925014019012,0.036193132573779915,40
synonym,pcasub_matched_k3_mean,final_cue,3,mean,13,0.04225259646773338,0.021006842070751503,170,0.0828293189406395,0.03790842982939461,40
synonym,pcasub_matched_k3_mean,final_cue,3,mean,14,0.04890306666493416,0.02106699344105784,170,0.10041980445384979,0.037679920654044276,40
synonym,pcasub_matched_k3_mean,final_cue,3,mean,15,0.0431978777050972,0.0209554244892406,170,0.0896705761551857,0.03877612949643447,40
synonym,pcasub_matched_k3_mean,final_cue,3,mean,16,0.04765697196125984,0.020269089491121092,170,0.09166567027568817,0.038460730429884855,40
synonym,pcasub_matched_k3_mean,final_cue,3,mean,17,0.06331595033407211,0.01997916016053261,170,0.09524786472320557,0.04316285679860278,40
synonym,pcasub_matched_k3_mean,final_cue,3,mean,18,0.06751884520053864,0.020250195615647913,170,0.10232734680175781,0.044537186802540964,40
synonym,pcasub_matched_k3_mean,final_cue,3,mean,19,0.07002665847539902,0.020374372675027466,170,0.10881833732128143,0.04482776691754923,40
synonym,pcasub_matched_k3_mean,final_cue,3,mean,20,0.06339339911937714,0.02015963941452326,170,0.10328833758831024,0.04477444881679162,40
synonym,pcasub_matched_k3_mean,final_cue,3,mean,21,0.06028380244970322,0.020069858077151982,170,0.0964994952082634,0.04576945457920205,40
synonym,pcasub_matched_k3_mean,final_cue,3,mean,22,0.057141538709402084,0.01990452866669342,170,0.09700904041528702,0.04527769346607224,40
synonym,pcasub_matched_k3_mean,final_cue,3,mean,23,0.05726377293467522,0.019708282421048526,170,0.09752550721168518,0.04549115435553928,40
synonym,pcasub_matched_k3_mean,final_cue,3,mean,24,0.05562248080968857,0.0195379998254762,170,0.09375443309545517,0.045322713451457844,40
synonym,pcasub_matched_k3_mean,final_cue,3,mean,25,0.05607299879193306,0.018997276355312308,170,0.1011144369840622,0.04268380909562268,40
synonym,pcasub_matched_k3_mean,final_cue,3,mean,26,0.055308997631073,0.018864618080720656,170,0.09683361649513245,0.04114578333364487,40
synonym,pcasub_matched_k3_mean,final_cue,3,mean,27,0.06300415843725204,0.01825425058783812,170,0.11530283838510513,0.039274756228018,40
synonym,pcasub_matched_k4_zero,cue1,4,zero,0,-0.18022453784942627,0.03362258169817198,170,-0.1650545299053192,0.062072857507431,40
synonym,pcasub_matched_k4_zero,cue1,4,zero,1,-0.0450914204120636,0.01853484269591173,170,-0.01751849614083767,0.02960940972250192,40
synonym,pcasub_matched_k4_zero,cue1,4,zero,2,-0.044060904532670975,0.01572537415634013,170,-0.01723942719399929,0.027730986880318356,40
synonym,pcasub_matched_k4_zero,cue1,4,zero,3,-0.08054909110069275,0.014731151960144236,170,-0.04406731575727463,0.026744213263027113,40
synonym,pcasub_matched_k4_zero,cue1,4,zero,4,-0.07285312563180923,0.01462948366422006,170,-0.03495491296052933,0.02232689696827657,40
synonym,pcasub_matched_k4_zero,cue1,4,zero,5,-0.05278121680021286,0.0132147675949918,170,-0.011773401871323586,0.020533250613121737,40
synonym,pcasub_matched_k4_zero,cue1,4,zero,6,-0.04434211924672127,0.010044100545391395,170,-0.02447148598730564,0.016371296920738083,40
synonym,pcasub_matched_k4_zero,cue1,4,zero,7,-0.07937309145927429,0.007942959762992537,170,-0.05170217901468277,0.014760391700002658,40
synonym,pcasub_matched_k4_zero,cue1,4,zero,8,-0.0714467465877533,0.0066710466263306244,170,-0.04832112044095993,0.010834016602382646,40
synonym,pcasub_matched_k4_zero,cue1,4,zero,9,-0.06621214747428894,0.006353527917514448,170,-0.04332524538040161,0.009532506566170516,40
synonym,pcasub_matched_k4_zero,cue1,4,zero,10,-0.03319160267710686,0.0043931100499368875,170,-0.02105123922228813,0.00761248947958683,40
synonym,pcasub_matched_k4_zero,cue1,4,zero,11,-0.02737894095480442,0.0030970069926201664,170,-0.026014363393187523,0.005966110522460254,40
synonym,pcasub_matched_k4_zero,cue1,4,zero,12,-0.01600741408765316,0.002412521153133348,170,-0.020225947722792625,0.004563287259506955,40
synonym,pcasub_matched_k4_zero,cue1,4,zero,13,-0.004046474117785692,0.0013136110638239144,170,-0.006998872850090265,0.0028878457554246707,40
synonym,pcasub_matched_k4_zero,cue1,4,zero,14,-0.00013217961532063782,0.001182016512592815,170,-0.0016043900977820158,0.002640496771714507,40
synonym,pcasub_matched_k4_zero,cue1,4,zero,15,-0.0011793631128966808,0.0011778231911044575,170,-0.0030440748669207096,0.0022024931683476607,40
synonym,pcasub_matched_k4_zero,cue1,4,zero,16,-0.0006024896865710616,0.00107285443845199,170,-0.0021864771842956543,0.001938526307404298,40
synonym,pcasub_matched_k4_zero,cue1,4,zero,17,0.0010549682192504406,0.0010399670864547823,170,0.0005309403059072793,0.0019447117548808868,40
synonym,pcasub_matched_k4_zero,cue1,4,zero,18,0.00072864891262725,0.000951549189286717,170,-0.0005255818250589073,0.0018019477101374568,40
synonym,pcasub_matched_k4_zero,cue1,4,zero,19,8.338023326359689e-05,0.0009099094769070712,170,-0.0011495172511786222,0.0019470236588299986,40
synonym,pcasub_matched_k4_zero,cue1,4,zero,20,8.159349818015471e-05,0.0006114137875229691,170,-0.0011699795722961426,0.0012856203350953873,40
synonym,pcasub_matched_k4_zero,cue1,4,zero,21,0.000816841667983681,0.0005880780884414114,170,-0.0007486402755603194,0.0012321661706913487,40
synonym,pcasub_matched_k4_zero,cue1,4,zero,22,0.0017368141561746597,0.0005714783396827479,170,0.00040969252586364746,0.001217770298212298,40
synonym,pcasub_matched_k4_zero,cue1,4,zero,23,-9.702163515612483e-05,0.0005257859498717502,170,-0.001691883779130876,0.0011831276692025998,40
synonym,pcasub_matched_k4_zero,cue1,4,zero,24,-0.00046623876551166177,0.0003384923877468638,170,-0.0015302002429962158,0.0006880194492725762,40
synonym,pcasub_matched_k4_zero,cue1,4,zero,25,3.589321568142623e-05,0.00031872425481521845,170,-7.989406731212512e-05,0.0006550153269661753,40
synonym,pcasub_matched_k4_zero,cue1,4,zero,26,2.8921576813445427e-05,0.00027579126354520655,170,0.00020990372286178172,0.0006490339749592343,40
synonym,pcasub_matched_k4_zero,cue1,4,zero,27,0.0,0.0,170,0.0,0.0,40
synonym,pcasub_matched_k4_zero,target1,4,zero,0,-0.4287059009075165,0.028643103788669702,170,-0.4736991822719574,0.05754070113901156,40
synonym,pcasub_matched_k4_zero,target1,4,zero,1,-0.3387296199798584,0.02437315193227736,170,-0.3683525621891022,0.04219503078035231,40
synonym,pcasub_matched_k4_zero,target1,4,zero,2,-0.3043373227119446,0.023306477689407006,170,-0.29781705141067505,0.044277556160424954,40
synonym,pcasub_matched_k4_zero,target1,4,zero,3,-0.31446924805641174,0.021954889015874154,170,-0.3088754415512085,0.04158357135564983,40
synonym,pcasub_matched_k4_zero,target1,4,zero,4,-0.3317876160144806,0.022274983175233447,170,-0.3316645622253418,0.04528271191744712,40
synonym,pcasub_matched_k4_zero,target1,4,zero,5,-0.33442986011505127,0.02168551986068868,170,-0.31644028425216675,0.045883319235561465,40
synonym,pcasub_matched_k4_zero,target1,4,zero,6,-0.3385510742664337,0.020828061116963684,170,-0.30921056866645813,0.04394335557182295,40
synonym,pcasub_matched_k4_zero,target1,4,zero,7,-0.25961464643478394,0.018835328687989792,170,-0.23607882857322693,0.04071174147956763,40
synonym,pcasub_matched_k4_zero,target1,4,zero,8,-0.2556018531322479,0.016828742426540345,170,-0.24861960113048553,0.034928181249009704,40
synonym,pcasub_matched_k4_zero,target1,4,zero,9,-0.14629903435707092,0.014121298757363503,170,-0.13180920481681824,0.030240035861727736,40
synonym,pcasub_matched_k4_zero,target1,4,zero,10,-0.10529966652393341,0.012560232868166824,170,-0.10016393661499023,0.027665289932836026,40
synonym,pcasub_matched_k4_zero,target1,4,zero,11,-0.03877836838364601,0.010726115506655795,170,-0.041153572499752045,0.022152719008280652,40
synonym,pcasub_matched_k4_zero,target1,4,zero,12,-0.008777333423495293,0.009358399266963994,170,-0.019368654116988182,0.02040647463585416,40
synonym,pcasub_matched_k4_zero,target1,4,zero,13,-0.019584791734814644,0.008204806568289043,170,-0.027014315128326416,0.01789047757317504,40
synonym,pcasub_matched_k4_zero,target1,4,zero,14,-0.0138666070997715,0.008296155347603912,170,-0.018342018127441406,0.01937013026377327,40
synonym,pcasub_matched_k4_zero,target1,4,zero,15,0.01604836992919445,0.006243120118460378,170,0.008522456511855125,0.014062842273416282,40
synonym,pcasub_matched_k4_zero,target1,4,zero,16,0.01886141672730446,0.00519475746038128,170,0.010797947645187378,0.010251877420935935,40
synonym,pcasub_matched_k4_zero,target1,4,zero,17,0.023795492947101593,0.004995918621189877,170,0.017458254471421242,0.010080850718552184,40
synonym,pcasub_matched_k4_zero,target1,4,zero,18,0.009815088473260403,0.003511798531290483,170,0.0038364350330084562,0.007398667520789647,40
synonym,pcasub_matched_k4_zero,target1,4,zero,19,0.011865862645208836,0.002645902572728761,170,0.005552846007049084,0.006152781010062976,40
synonym,pcasub_matched_k4_zero,target1,4,zero,20,0.010198240168392658,0.002382986901170685,170,0.001178228878416121,0.005537128940186031,40
synonym,pcasub_matched_k4_zero,target1,4,zero,21,0.006187538616359234,0.001842406860801849,170,-0.002496731234714389,0.004246825600670921,40
synonym,pcasub_matched_k4_zero,target1,4,zero,22,0.003994424361735582,0.0015981679200073034,170,-0.0035241483710706234,0.0037683407064101546,40
synonym,pcasub_matched_k4_zero,target1,4,zero,23,0.0020020860247313976,0.0012297327768127507,170,-0.004312199540436268,0.003683799532917135,40
synonym,pcasub_matched_k4_zero,target1,4,zero,24,0.0005726519739255309,0.0010616523428846523,170,-0.005148249678313732,0.003291652618008437,40
synonym,pcasub_matched_k4_zero,target1,4,zero,25,-0.001597110298462212,0.0007629272229718035,170,-0.004153251647949219,0.0020883295842801736,40
synonym,pcasub_matched_k4_zero,target1,4,zero,26,-0.0006067503709346056,0.0004189446455298807,170,-0.002003788948059082,0.000866502041892213,40
synonym,pcasub_matched_k4_zero,target1,4,zero,27,0.0,0.0,170,0.0,0.0,40
synonym,pcasub_matched_k4_zero,final_cue,4,zero,0,-1.3570234775543213,0.15316138893642953,170,-1.3403379917144775,0.2713295428692818,40
synonym,pcasub_matched_k4_zero,final_cue,4,zero,1,-0.9826211333274841,0.14238542500450677,170,-0.8329763412475586,0.23639190431331492,40
synonym,pcasub_matched_k4_zero,final_cue,4,zero,2,-1.045162558555603,0.14087231495300243,170,-0.8811200261116028,0.23487302406113633,40
synonym,pcasub_matched_k4_zero,final_cue,4,zero,3,-1.0819016695022583,0.14079167426504047,170,-0.9202763438224792,0.23520917077219639,40
synonym,pcasub_matched_k4_zero,final_cue,4,zero,4,-1.0805712938308716,0.1409583682585691,170,-0.9213508367538452,0.23557526797803466,40
synonym,pcasub_matched_k4_zero,final_cue,4,zero,5,-1.1020622253417969,0.1412015703333751,170,-0.966565728187561,0.23296158310741866,40
synonym,pcasub_matched_k4_zero,final_cue,4,zero,6,-1.0948513746261597,0.1417248296545488,170,-0.9558499455451965,0.23350250148321777,40
synonym,pcasub_matched_k4_zero,final_cue,4,zero,7,-1.130403995513916,0.14354269202024234,170,-0.9918028116226196,0.23532705018965572,40
synonym,pcasub_matched_k4_zero,final_cue,4,zero,8,-1.1962887048721313,0.14357348542580423,170,-1.0653520822525024,0.2363702472217478,40
synonym,pcasub_matched_k4_zero,final_cue,4,zero,9,-1.2130521535873413,0.14213769717680497,170,-1.1232469081878662,0.2386264864139662,40
synonym,pcasub_matched_k4_zero,final_cue,4,zero,10,-1.1748802661895752,0.14039330743792125,170,-1.0706523656845093,0.23221513912113398,40
synonym,pcasub_matched_k4_zero,final_cue,4,zero,11,-1.269403100013733,0.14051498161880538,170,-1.1746742725372314,0.23773990276205792,40
synonym,pcasub_matched_k4_zero,final_cue,4,zero,12,-1.32350492477417,0.14137763583542542,170,-1.2368488311767578,0.24590822637380144,40
synonym,pcasub_matched_k4_zero,final_cue,4,zero,13,-1.1884715557098389,0.13794376882612733,170,-1.1425193548202515,0.24734517157198327,40
synonym,pcasub_matched_k4_zero,final_cue,4,zero,14,-1.1514636278152466,0.13791411828745834,170,-1.0506166219711304,0.25199694143307894,40
synonym,pcasub_matched_k4_zero,final_cue,4,zero,15,-1.2254990339279175,0.13962554774515124,170,-1.1469488143920898,0.25566865721834864,40
synonym,pcasub_matched_k4_zero,final_cue,4,zero,16,-1.1148674488067627,0.13735183691909394,170,-1.0229899883270264,0.2507449956724352,40
synonym,pcasub_matched_k4_zero,final_cue,4,zero,17,-0.9303455352783203,0.1300420694151352,170,-0.8223395347595215,0.2583861981155398,40
synonym,pcasub_matched_k4_zero,final_cue,4,zero,18,-0.8946835398674011,0.1307729007928623,170,-0.7639642953872681,0.2597770018340382,40
synonym,pcasub_matched_k4_zero,final_cue,4,zero,19,-0.8443890810012817,0.1292222955643362,170,-0.6801449060440063,0.253445233514745,40
synonym,pcasub_matched_k4_zero,final_cue,4,zero,20,-0.8481913805007935,0.12894324404083418,170,-0.6561317443847656,0.24828204340518056,40
synonym,pcasub_matched_k4_zero,final_cue,4,zero,21,-0.8150602579116821,0.12949949107200415,170,-0.6164329648017883,0.2533032655306862,40
synonym,pcasub_matched_k4_zero,final_cue,4,zero,22,-0.8050248026847839,0.12898020892761766,170,-0.6140650510787964,0.24862175250989266,40
synonym,pcasub_matched_k4_zero,final_cue,4,zero,23,-0.7889775037765503,0.1299020270775486,170,-0.6019513607025146,0.2593560927724321,40
synonym,pcasub_matched_k4_zero,final_cue,4,zero,24,-0.7526711821556091,0.12942291899018082,170,-0.5950864553451538,0.2597290885818505,40
synonym,pcasub_matched_k4_zero,final_cue,4,zero,25,-0.7724302411079407,0.13099506497390404,170,-0.6043633222579956,0.261026101449489,40
synonym,pcasub_matched_k4_zero,final_cue,4,zero,26,-0.7609405517578125,0.13127088904130052,170,-0.6391440033912659,0.26402657933668366,40
synonym,pcasub_matched_k4_zero,final_cue,4,zero,27,-0.6057645082473755,0.13832902468425137,170,-0.43424826860427856,0.27938157034963357,40
synonym,pcasub_matched_k4_mean,cue1,4,mean,0,0.0008262009941972792,0.00708482958496797,170,0.009825408458709717,0.015130848832727885,40
synonym,pcasub_matched_k4_mean,cue1,4,mean,1,0.005700134672224522,0.007262516243705854,170,0.0123587129637599,0.014931823648225132,40
synonym,pcasub_matched_k4_mean,cue1,4,mean,2,0.00937958899885416,0.007430387961567639,170,0.01777517795562744,0.013946941963541418,40
synonym,pcasub_matched_k4_mean,cue1,4,mean,3,0.003777426201850176,0.007337907744028814,170,0.009601211175322533,0.013725035703673772,40
synonym,pcasub_matched_k4_mean,cue1,4,mean,4,-0.0027404779102653265,0.007030504550081564,170,-0.0016302347648888826,0.013576305768701405,40
synonym,pcasub_matched_k4_mean,cue1,4,mean,5,-0.0014927092706784606,0.006000980909864786,170,0.0027123212348669767,0.01204706229662964,40
synonym,pcasub_matched_k4_mean,cue1,4,mean,6,-0.003363302443176508,0.005065207783738276,170,0.0009938537841662765,0.00922734054606878,40
synonym,pcasub_matched_k4_mean,cue1,4,mean,7,-0.02237839251756668,0.004134809846325728,170,-0.01331418752670288,0.00841169906576177,40
synonym,pcasub_matched_k4_mean,cue1,4,mean,8,-0.01925572380423546,0.0028595163951113845,170,-0.01163589395582676,0.005294116911578367,40
synonym,pcasub_matched_k4_mean,cue1,4,mean,9,-0.016158878803253174,0.0027378427856606987,170,-0.00805755890905857,0.004747847877059812,40
synonym,pcasub_matched_k4_mean,cue1,4,mean,10,-0.00955941155552864,0.0019050278236053477,170,-0.004475140478461981,0.003344930370888206,40
synonym,pcasub_matched_k4_mean,cue1,4,mean,11,-0.006846243981271982,0.0013384855617475614,170,-0.00626180786639452,0.002550490964109924,40
synonym,pcasub_matched_k4_mean,cue1,4,mean,12,-0.004620940424501896,0.000987591496770915,170,-0.005280512385070324,0.002062121870564047,40
synonym,pcasub_matched_k4_mean,cue1,4,mean,13,-0.00048502121353521943,0.00043100228411031426,170,-0.00020368695550132543,0.0008709422963972795,40
synonym,pcasub_matched_k4_mean,cue1,4,mean,14,-0.000689677253831178,0.00038482599731395087,170,-0.00020382404909469187,0.0007402164974974065,40
synonym,pcasub_matched_k4_mean,cue1,4,mean,15,-0.0007972240564413369,0.00034002379366873957,170,-0.0005775332683697343,0.0006933279930538171,40
synonym,pcasub_matched_k4_mean,cue1,4,mean,16,-0.0007520710933022201,0.0003394593959966063,170,-0.000596165657043457,0.0007171594523733308,40
synonym,pcasub_matched_k4_mean,cue1,4,mean,17,-0.0006890366785228252,0.00030378855596718634,170,-0.0007174074416980147,0.0006689749564229814,40
synonym,pcasub_matched_k4_mean,cue1,4,mean,18,-0.00039381490205414593,0.0003015593940926137,170,-0.00020819902420043945,0.0007079326731634311,40
synonym,pcasub_matched_k4_mean,cue1,4,mean,19,-0.00025496483431197703,0.00028333943508303825,170,0.0002879500389099121,0.0006178986662208702,40
synonym,pcasub_matched_k4_mean,cue1,4,mean,20,-0.0006999979959800839,0.000250242795586071,170,-0.0007021784549579024,0.0004795556223875165,40
synonym,pcasub_matched_k4_mean,cue1,4,mean,21,-7.474177255062386e-05,0.000250352778667216,170,-6.627440598094836e-05,0.0005170827197113032,40
synonym,pcasub_matched_k4_mean,cue1,4,mean,22,-0.0002441532560624182,0.0002453403787625638,170,-0.00020418762869667262,0.0005714055415290876,40
synonym,pcasub_matched_k4_mean,cue1,4,mean,23,5.846514341101283e-06,0.00022815239284267332,170,0.0001562476099934429,0.0004913987553181707,40
synonym,pcasub_matched_k4_mean,cue1,4,mean,24,5.047110789746512e-06,0.0001889419154730358,170,0.0003354191721882671,0.0003653244482618992,40
synonym,pcasub_matched_k4_mean,cue1,4,mean,25,-5.743608926422894e-05,0.00018125881421266287,170,-0.0001843273639678955,0.00035039323012635174,40
synonym,pcasub_matched_k4_mean,cue1,4,mean,26,2.866983413696289e-05,0.00012963044518920014,170,0.00015483498282264918,0.0003560234525175821,40
synonym,pcasub_matched_k4_mean,cue1,4,mean,27,0.0,0.0,170,0.0,0.0,40
synonym,pcasub_matched_k4_mean,target1,4,mean,0,0.01423340942710638,0.00865425611691955,170,0.025647317990660667,0.017797014217498793,40
synonym,pcasub_matched_k4_mean,target1,4,mean,1,0.00737780099734664,0.008194826483146922,170,0.01894516870379448,0.01708924529192717,40
synonym,pcasub_matched_k4_mean,target1,4,mean,2,0.013226646929979324,0.007770757722473609,170,0.02452535554766655,0.01790865355586592,40
synonym,pcasub_matched_k4_mean,target1,4,mean,3,0.008620754815638065,0.007241601208132608,170,0.012035960331559181,0.01664642821618526,40
synonym,pcasub_matched_k4_mean,target1,4,mean,4,0.002839114284142852,0.0073296996740041115,170,0.004194968845695257,0.017232973268087856,40
synonym,pcasub_matched_k4_mean,target1,4,mean,5,0.003257609438151121,0.007081967274834739,170,0.005715048406273127,0.016360143235851363,40
synonym,pcasub_matched_k4_mean,target1,4,mean,6,0.0105558130890131,0.00724049891301442,170,0.003633302403613925,0.016610256490958517,40
synonym,pcasub_matched_k4_mean,target1,4,mean,7,0.000517543638125062,0.006774506366109399,170,-0.003676843596622348,0.016045751393697412,40
synonym,pcasub_matched_k4_mean,target1,4,mean,8,-0.00774083286523819,0.006003546646039313,170,-0.009659814648330212,0.014307105380746981,40
synonym,pcasub_matched_k4_mean,target1,4,mean,9,-0.013920440338551998,0.005118033948694663,170,-0.011387932114303112,0.012162524375539373,40
synonym,pcasub_matched_k4_mean,target1,4,mean,10,-0.009773398749530315,0.004371105290781275,170,-0.0052130818367004395,0.011431890867166065,40
synonym,pcasub_matched_k4_mean,target1,4,mean,11,-0.0015203339280560613,0.0037524280127205737,170,0.0023037909995764494,0.010374339414885476,40
synonym,pcasub_matched_k4_mean,target1,4,mean,12,-0.0014667847426608205,0.0031553303473313313,170,-0.00020567774481605738,0.008731809704206657,40
synonym,pcasub_matched_k4_mean,target1,4,mean,13,-0.0035736174322664738,0.002770991068455388,170,-0.0014037012588232756,0.007926076720264479,40
synonym,pcasub_matched_k4_mean,target1,4,mean,14,-0.002392497146502137,0.0027033993489596468,170,0.0001960754452738911,0.007817082082211114,40
synonym,pcasub_matched_k4_mean,target1,4,mean,15,0.0024718171916902065,0.0018342790771763726,170,0.00409885635599494,0.004925845337987707,40
synonym,pcasub_matched_k4_mean,target1,4,mean,16,0.0021096072159707546,0.001340226719458872,170,0.0022873461712151766,0.003168851937493102,40
synonym,pcasub_matched_k4_mean,target1,4,mean,17,0.004315795376896858,0.0014339056615099727,170,0.004160040523856878,0.0038935905325612617,40
synonym,pcasub_matched_k4_mean,target1,4,mean,18,0.001422974281013012,0.0009320935947356854,170,0.0007671177154406905,0.002141366427933143,40
synonym,pcasub_matched_k4_mean,target1,4,mean,19,0.0015539866872131824,0.0006454875782133532,170,0.0007722675800323486,0.001612884033809832,40
synonym,pcasub_matched_k4_mean,target1,4,mean,20,0.0014898742083460093,0.0006056953101660563,170,2.161264455935452e-05,0.001437564700087192,40
synonym,pcasub_matched_k4_mean,target1,4,mean,21,0.0013600268866866827,0.0004605574648229534,170,0.00032176374224945903,0.0009855497071209847,40
synonym,pcasub_matched_k4_mean,target1,4,mean,22,0.0009892793605104089,0.00044055332987792727,170,0.00020418762869667262,0.0009769159239112809,40
synonym,pcasub_matched_k4_mean,target1,4,mean,23,0.0003596610913518816,0.0003462967400416538,170,-0.0003036141279153526,0.0008810925855190809,40
synonym,pcasub_matched_k4_mean,target1,4,mean,24,0.00013130728621035814,0.0002972031426428392,170,0.00012958049774169922,0.0008322169480919698,40
synonym,pcasub_matched_k4_mean,target1,4,mean,25,0.00014829810243099928,0.0002580622015807157,170,0.00021592379198409617,0.0006993494720560533,40
synonym,pcasub_matched_k4_mean,target1,4,mean,26,-9.13851399673149e-05,0.00016562718085604442,170,2.7000903628504602e-06,0.0003959774599678219,40
synonym,pcasub_matched_k4_mean,target1,4,mean,27,0.0,0.0,170,0.0,0.0,40
synonym,pcasub_matched_k4_mean,final_cue,4,mean,0,0.020201941952109337,0.023224739849227856,170,0.07043096423149109,0.038731665546036874,40
synonym,pcasub_matched_k4_mean,final_cue,4,mean,1,0.023379022255539894,0.023027707311160658,170,0.07504062354564667,0.0396890517717793,40
synonym,pcasub_matched_k4_mean,final_cue,4,mean,2,0.02391088753938675,0.022906515420105324,170,0.07597802579402924,0.039700992387538894,40
synonym,pcasub_matched_k4_mean,final_cue,4,mean,3,0.024702683091163635,0.022834466805444053,170,0.07700394093990326,0.03930492583827877,40
synonym,pcasub_matched_k4_mean,final_cue,4,mean,4,0.02313653938472271,0.022877116312152744,170,0.07529096305370331,0.038877372629782025,40
synonym,pcasub_matched_k4_mean,final_cue,4,mean,5,0.01678299345076084,0.02275797243856946,170,0.0664309561252594,0.03914589511954537,40
synonym,pcasub_matched_k4_mean,final_cue,4,mean,6,0.019341187551617622,0.022680307775996552,170,0.06757961213588715,0.039034127374793295,40
synonym,pcasub_matched_k4_mean,final_cue,4,mean,7,0.01808396354317665,0.022686666687388564,170,0.06528560817241669,0.03894942628233921,40
synonym,pcasub_matched_k4_mean,final_cue,4,mean,8,0.009232863783836365,0.022065669389535306,170,0.05283655598759651,0.038092828466416,40
synonym,pcasub_matched_k4_mean,final_cue,4,mean,9,0.009115047752857208,0.0216514304270077,170,0.04945162683725357,0.037296657045991256,40
synonym,pcasub_matched_k4_mean,final_cue,4,mean,10,0.032217659056186676,0.021626070210654578,170,0.08375366777181625,0.03728692878978144,40
synonym,pcasub_matched_k4_mean,final_cue,4,mean,11,0.04569198936223984,0.02171260580605006,170,0.0951652079820633,0.03676883612145644,40
synonym,pcasub_matched_k4_mean,final_cue,4,mean,12,0.04079324007034302,0.02131955330998276,170,0.08666204661130905,0.03743664121030466,40
synonym,pcasub_matched_k4_mean,final_cue,4,mean,13,0.036370862275362015,0.020881865004546935,170,0.07969434559345245,0.03753321694826552,40
synonym,pcasub_matched_k4_mean,final_cue,4,mean,14,0.04055735841393471,0.020870850053433306,170,0.0978011041879654,0.03681894288455021,40
synonym,pcasub_matched_k4_mean,final_cue,4,mean,15,0.041045673191547394,0.020695961704282652,170,0.09425397217273712,0.03795622998972029,40
synonym,pcasub_matched_k4_mean,final_cue,4,mean,16,0.041529908776283264,0.020023197107649264,170,0.09313143789768219,0.03748457331113598,40
synonym,pcasub_matched_k4_mean,final_cue,4,mean,17,0.05520305782556534,0.01966520319638811,170,0.09357894957065582,0.04193975417492212,40
synonym,pcasub_matched_k4_mean,final_cue,4,mean,18,0.056838735938072205,0.019834016065136188,170,0.09553578495979309,0.04302628895095303,40
synonym,pcasub_matched_k4_mean,final_cue,4,mean,19,0.06023626774549484,0.019733423206958218,170,0.10212580859661102,0.04302495540941397,40
synonym,pcasub_matched_k4_mean,final_cue,4,mean,20,0.05377776920795441,0.019527826024395737,170,0.10023313760757446,0.04327731989939845,40
synonym,pcasub_matched_k4_mean,final_cue,4,mean,21,0.05586250498890877,0.01988385191886734,170,0.09997101873159409,0.045363473643375944,40
synonym,pcasub_matched_k4_mean,final_cue,4,mean,22,0.0516502782702446,0.01968513479500003,170,0.09400950372219086,0.04403731606047577,40
synonym,pcasub_matched_k4_mean,final_cue,4,mean,23,0.055655643343925476,0.019294333746711714,170,0.09889671206474304,0.04444647299275884,40
synonym,pcasub_matched_k4_mean,final_cue,4,mean,24,0.052644919604063034,0.019243263596736244,170,0.09322719275951385,0.04397225525471701,40
synonym,pcasub_matched_k4_mean,final_cue,4,mean,25,0.053177256137132645,0.018402231278862688,170,0.09920195490121841,0.04167960048294451,40
synonym,pcasub_matched_k4_mean,final_cue,4,mean,26,0.05087156221270561,0.018405034731350935,170,0.08952398598194122,0.04075288806868079,40
synonym,pcasub_matched_k4_mean,final_cue,4,mean,27,0.058693140745162964,0.018342065051286743,170,0.11063585430383682,0.04101401717796789,40
synonym,pcasub_matched_cf_k0_zero,cue1,0,zero,0,-0.013206922449171543,0.006446286423141692,170,-0.008159386925399303,0.00959443319590042,40
synonym,pcasub_matched_cf_k0_zero,cue1,0,zero,1,-0.010949650779366493,0.005711847014633753,170,0.003430873155593872,0.010355510797907818,40
synonym,pcasub_matched_cf_k0_zero,cue1,0,zero,2,-0.024912109598517418,0.003019718333255017,170,-0.014816480688750744,0.005952577785331376,40
synonym,pcasub_matched_cf_k0_zero,cue1,0,zero,3,-0.021648339927196503,0.003044328257492961,170,-0.012444901280105114,0.005829820692304509,40
synonym,pcasub_matched_cf_k0_zero,cue1,0,zero,4,-0.018475065007805824,0.00249343327198239,170,-0.015339607372879982,0.005466202083107737,40
synonym,pcasub_matched_cf_k0_zero,cue1,0,zero,5,-0.01607547141611576,0.0023390013830642113,170,-0.012448078021407127,0.005171590125416239,40
synonym,pcasub_matched_cf_k0_zero,cue1,0,zero,6,-0.014277752488851547,0.0021060228240485407,170,-0.009843152947723866,0.004874384417650878,40
synonym,pcasub_matched_cf_k0_zero,cue1,0,zero,7,-0.016797039657831192,0.0022446360065855714,170,-0.011085820384323597,0.0045559165563051176,40
synonym,pcasub_matched_cf_k0_zero,cue1,0,zero,8,-0.011576785705983639,0.0020838933495432423,170,-0.006952363066375256,0.004417704164495894,40
synonym,pcasub_matched_cf_k0_zero,cue1,0,zero,9,-0.004338755272328854,0.0017048878304563944,170,0.00125293736346066,0.004050366187786596,40
synonym,pcasub_matched_cf_k0_zero,cue1,0,zero,10,-0.0016582050593569875,0.001361392757173468,170,0.0024674118030816317,0.0029615975529717394,40
synonym,pcasub_matched_cf_k0_zero,cue1,0,zero,11,-0.0004747920320369303,0.0009795452138407375,170,-0.0008375465986318886,0.0018870160566328855,40
synonym,pcasub_matched_cf_k0_zero,cue1,0,zero,12,-0.002047812333330512,0.0007860029912644107,170,-0.00322358007542789,0.0014465459315368913,40
synonym,pcasub_matched_cf_k0_zero,cue1,0,zero,13,-0.0016791220987215638,0.0004910866538450539,170,-0.002644789172336459,0.0008728937200363643,40
synonym,pcasub_matched_cf_k0_zero,cue1,0,zero,14,0.0003157436731271446,0.00040700090077824125,170,-0.0003456115664448589,0.000722901662213816,40
synonym,pcasub_matched_cf_k0_zero,cue1,0,zero,15,-0.0007294563692994416,0.00039253127733496386,170,-0.0013231933116912842,0.0007621947522819156,40
synonym,pcasub_matched_cf_k0_zero,cue1,0,zero,16,-0.0006929197697900236,0.00038749548437359794,170,-0.00031134486198425293,0.0007895426616845371,40
synonym,pcasub_matched_cf_k0_zero,cue1,0,zero,17,-0.0002634272968862206,0.00035084402883549205,170,3.248453140258789e-06,0.000679998836001987,40
synonym,pcasub_matched_cf_k0_zero,cue1,0,zero,18,-0.00047241448191925883,0.00035460706093867826,170,-0.0007945001125335693,0.000700728515398947,40
synonym,pcasub_matched_cf_k0_zero,cue1,0,zero,19,-0.00020826914987992495,0.0003507884926474159,170,7.919668860267848e-05,0.0006435426876874934,40
synonym,pcasub_matched_cf_k0_zero,cue1,0,zero,20,-0.0006607206305488944,0.0003181251068466234,170,-0.000879949308000505,0.000586740201629258,40
synonym,pcasub_matched_cf_k0_zero,cue1,0,zero,21,-0.0004136965435463935,0.00030569875083487276,170,-0.00020215511904098094,0.0005335421137199651,40
synonym,pcasub_matched_cf_k0_zero,cue1,0,zero,22,-0.00017218274297192693,0.00031779874691952384,170,-0.00013653040514327586,0.0005213752037951638,40
synonym,pcasub_matched_cf_k0_zero,cue1,0,zero,23,5.917268572375178e-05,0.0003165851651376414,170,-1.2516975402832031e-05,0.0006571838045174251,40
synonym,pcasub_matched_cf_k0_zero,cue1,0,zero,24,-9.148331446340308e-05,0.0002504821726282449,170,0.0008377730846405029,0.000527106479949775,40
synonym,pcasub_matched_cf_k0_zero,cue1,0,zero,25,0.0002606128982733935,0.00024601275949877956,170,0.0003648936690296978,0.000498863296786987,40
synonym,pcasub_matched_cf_k0_zero,cue1,0,zero,26,0.0001662299910094589,0.0002318786924896304,170,0.0005318343755789101,0.0004790033055889731,40
synonym,pcasub_matched_cf_k0_zero,cue1,0,zero,27,0.0,0.0,170,0.0,0.0,40
synonym,pcasub_matched_cf_k0_zero,target1,0,zero,0,0.01844908483326435,0.008470421977164836,170,0.02059417963027954,0.01787311208216161,40
synonym,pcasub_matched_cf_k0_zero,target1,0,zero,1,-0.0018681021174415946,0.008690757571177965,170,-0.006098336074501276,0.018705878144255252,40
synonym,pcasub_matched_cf_k0_zero,target1,0,zero,2,0.022277146577835083,0.00557331783281335,170,0.029869843274354935,0.011461074457755287,40
synonym,pcasub_matched_cf_k0_zero,target1,0,zero,3,0.024005239829421043,0.005232525211157012,170,0.026481639593839645,0.010571896761263086,40
synonym,pcasub_matched_cf_k0_zero,target1,0,zero,4,0.025246458128094673,0.0044968966496470265,170,0.027332324534654617,0.009689435072115542,40
synonym,pcasub_matched_cf_k0_zero,target1,0,zero,5,0.024221880361437798,0.004260286059645766,170,0.026983153074979782,0.008961498097826063,40
synonym,pcasub_matched_cf_k0_zero,target1,0,zero,6,0.023936888203024864,0.0033175843029811395,170,0.026835208758711815,0.006596943996766348,40
synonym,pcasub_matched_cf_k0_zero,target1,0,zero,7,0.02128519117832184,0.0034392904841382727,170,0.02539222314953804,0.007124943394395832,40
synonym,pcasub_matched_cf_k0_zero,target1,0,zero,8,0.005810805130749941,0.002301056345061721,170,0.009262514300644398,0.004676400031690311,40
synonym,pcasub_matched_cf_k0_zero,target1,0,zero,9,0.006912249606102705,0.0021844746361939235,170,0.010304617695510387,0.004471848954984094,40
synonym,pcasub_matched_cf_k0_zero,target1,0,zero,10,0.004796057939529419,0.0019979277590105853,170,0.00792695302516222,0.004222276125831925,40
synonym,pcasub_matched_cf_k0_zero,target1,0,zero,11,0.0013080835342407227,0.0017134127603271483,170,0.005343240685760975,0.0037031332346429114,40
synonym,pcasub_matched_cf_k0_zero,target1,0,zero,12,0.0027154807467013597,0.001383892520552061,170,0.004642486572265625,0.0028701889939646576,40
synonym,pcasub_matched_cf_k0_zero,target1,0,zero,13,0.001292404718697071,0.0012637403526525284,170,0.002686911728233099,0.0026592667811907804,40
synonym,pcasub_matched_cf_k0_zero,target1,0,zero,14,0.0021139804739505053,0.0012233638653354247,170,0.0019375085830688477,0.00261969493735353,40
synonym,pcasub_matched_cf_k0_zero,target1,0,zero,15,0.0032623771112412214,0.0010258548946322549,170,0.003136360552161932,0.0022100180475644483,40
synonym,pcasub_matched_cf_k0_zero,target1,0,zero,16,0.0030314382165670395,0.0008847384050247205,170,0.003519040299579501,0.0017157269457881586,40
synonym,pcasub_matched_cf_k0_zero,target1,0,zero,17,0.0038239469286054373,0.0008812398751780565,170,0.0031761229038238525,0.001722115457949195,40
synonym,pcasub_matched_cf_k0_zero,target1,0,zero,18,0.0012616830645129085,0.0006161542565362954,170,0.0003016114351339638,0.0012780018016804063,40
synonym,pcasub_matched_cf_k0_zero,target1,0,zero,19,0.001239603734575212,0.0006262404854410924,170,0.00043103695497848094,0.001266600728345627,40
synonym,pcasub_matched_cf_k0_zero,target1,0,zero,20,0.0010265795281156898,0.0005933844551396679,170,0.00014170407666824758,0.0011909893942973232,40
synonym,pcasub_matched_cf_k0_zero,target1,0,zero,21,-0.00014732620911672711,0.0004414740877330983,170,-0.0019570470321923494,0.0008054829449036061,40
synonym,pcasub_matched_cf_k0_zero,target1,0,zero,22,-0.00015660068311262876,0.0003982047543079693,170,-0.0019634664058685303,0.0006679192851229061,40
synonym,pcasub_matched_cf_k0_zero,target1,0,zero,23,-4.0915783756645396e-05,0.0002632021204304006,170,-0.0005144119495525956,0.0005666467375833894,40
synonym,pcasub_matched_cf_k0_zero,target1,0,zero,24,0.0002600802981760353,0.0002694908169376823,170,-0.0006959497695788741,0.0005837247499672245,40
synonym,pcasub_matched_cf_k0_zero,target1,0,zero,25,0.00015289713337551802,0.0002224177903481937,170,-0.0004903256776742637,0.0005241166138489618,40
synonym,pcasub_matched_cf_k0_zero,target1,0,zero,26,1.5328912468248745e-06,0.00015885376592781773,170,-0.00020980238332413137,0.0004403614876986401,40
synonym,pcasub_matched_cf_k0_zero,target1,0,zero,27,0.0,0.0,170,0.0,0.0,40
synonym,pcasub_matched_cf_k0_zero,final_cue,0,zero,0,-0.11355546116828918,0.022362398778136453,170,-0.14762985706329346,0.042302265426303776,40
synonym,pcasub_matched_cf_k0_zero,final_cue,0,zero,1,-0.0017217176500707865,0.013103653504197926,170,0.020907700061798096,0.026136408119114517,40
synonym,pcasub_matched_cf_k0_zero,final_cue,0,zero,2,-0.019441500306129456,0.012770663234819317,170,0.0014397322665899992,0.025261628430299284,40
synonym,pcasub_matched_cf_k0_zero,final_cue,0,zero,3,-0.024897266179323196,0.012658006273720048,170,-0.00359780783765018,0.025231308030889226,40
synonym,pcasub_matched_cf_k0_zero,final_cue,0,zero,4,-0.03273379057645798,0.013002819501105557,170,-0.014927452430129051,0.026370642569977044,40
synonym,pcasub_matched_cf_k0_zero,final_cue,0,zero,5,-0.04364081099629402,0.012788402814730681,170,-0.022678440436720848,0.026548842359314245,40
synonym,pcasub_matched_cf_k0_zero,final_cue,0,zero,6,-0.039443500339984894,0.012811041865011844,170,-0.016644954681396484,0.026752381793973937,40
synonym,pcasub_matched_cf_k0_zero,final_cue,0,zero,7,-0.0765233114361763,0.012714994188466878,170,-0.06686579436063766,0.027120059929799316,40
synonym,pcasub_matched_cf_k0_zero,final_cue,0,zero,8,-0.07714956998825073,0.012769786655912474,170,-0.06753508001565933,0.02788516642938937,40
synonym,pcasub_matched_cf_k0_zero,final_cue,0,zero,9,-0.07328377664089203,0.01275340594473675,170,-0.06558588892221451,0.02793032777960244,40
synonym,pcasub_matched_cf_k0_zero,final_cue,0,zero,10,-0.07434689998626709,0.012573830698458374,170,-0.066038116812706,0.027360655797897614,40
synonym,pcasub_matched_cf_k0_zero,final_cue,0,zero,11,-0.07167313247919083,0.012499199204619182,170,-0.06117174029350281,0.0267436572280391,40
synonym,pcasub_matched_cf_k0_zero,final_cue,0,zero,12,-0.03945322334766388,0.011731433797514712,170,-0.029147153720259666,0.02486686714961272,40
synonym,pcasub_matched_cf_k0_zero,final_cue,0,zero,13,-0.0405283197760582,0.011570459852784935,170,-0.03284912183880806,0.02503191294175461,40
synonym,pcasub_matched_cf_k0_zero,final_cue,0,zero,14,-0.021881163120269775,0.010915061118588937,170,-0.016541123390197754,0.02204660114446613,40
synonym,pcasub_matched_cf_k0_zero,final_cue,0,zero,15,-0.00950536783784628,0.010706692483811212,170,-0.0009538292651996017,0.0218566021041968,40
synonym,pcasub_matched_cf_k0_zero,final_cue,0,zero,16,-0.020775003358721733,0.010485630026454208,170,-0.010783439502120018,0.020148302407541466,40
synonym,pcasub_matched_cf_k0_zero,final_cue,0,zero,17,-0.006050209514796734,0.008223162153455671,170,0.009409105405211449,0.018336350485270582,40
synonym,pcasub_matched_cf_k0_zero,final_cue,0,zero,18,0.003081216476857662,0.007191651067712166,170,0.0035727322101593018,0.01389460517029444,40
synonym,pcasub_matched_cf_k0_zero,final_cue,0,zero,19,-0.006239689886569977,0.006595840841877759,170,-0.00279484991915524,0.012848128474205241,40
synonym,pcasub_matched_cf_k0_zero,final_cue,0,zero,20,-0.00712626101449132,0.006519280760156824,170,-0.003169536590576172,0.012378056259728728,40
synonym,pcasub_matched_cf_k0_zero,final_cue,0,zero,21,-0.0033153356052935123,0.0058617391505366686,170,-0.0020049631129950285,0.010331190157383275,40
synonym,pcasub_matched_cf_k0_zero,final_cue,0,zero,22,-0.005775392986834049,0.005193493449597749,170,-0.0007344007608480752,0.00938715230547391,40
synonym,pcasub_matched_cf_k0_zero,final_cue,0,zero,23,-0.008894484490156174,0.004783725953788556,170,-0.0017661750316619873,0.008861794663057615,40
synonym,pcasub_matched_cf_k0_zero,final_cue,0,zero,24,-0.005242856685072184,0.0046088458904228755,170,0.0024300336372107267,0.00854940902341339,40
synonym,pcasub_matched_cf_k0_zero,final_cue,0,zero,25,-0.006051237229257822,0.004546534215972264,170,-0.0013312518130987883,0.009253728647194948,40
synonym,pcasub_matched_cf_k0_zero,final_cue,0,zero,26,-0.00811142660677433,0.003916168552481302,170,-0.006124299950897694,0.00860559859722881,40
synonym,pcasub_matched_cf_k0_zero,final_cue,0,zero,27,-0.0004999437951482832,0.0013804974915883838,170,-0.003145712660625577,0.0023895229582201814,40
synonym,pcasub_matched_cf_k0_mean,cue1,0,mean,0,-0.023241698741912842,0.0034300878342000377,170,-0.024653207510709763,0.007699160255303548,40
synonym,pcasub_matched_cf_k0_mean,cue1,0,mean,1,-0.021000830456614494,0.0032568343561396556,170,-0.018466662615537643,0.007477060207818258,40
synonym,pcasub_matched_cf_k0_mean,cue1,0,mean,2,-0.013401878997683525,0.00277623139887599,170,-0.009081954136490822,0.005571768624095157,40
synonym,pcasub_matched_cf_k0_mean,cue1,0,mean,3,-0.012201311998069286,0.0027452374201743894,170,-0.009586483240127563,0.005500442411379284,40
synonym,pcasub_matched_cf_k0_mean,cue1,0,mean,4,-0.011921324767172337,0.002781797160644341,170,-0.01141886692494154,0.005965123913768595,40
synonym,pcasub_matched_cf_k0_mean,cue1,0,mean,5,-0.010995408520102501,0.0021087611331238936,170,-0.012639343738555908,0.004673423418542072,40
synonym,pcasub_matched_cf_k0_mean,cue1,0,mean,6,-0.0001233682851307094,0.0016557376968609724,170,0.0007320523145608604,0.0036868609649618506,40
synonym,pcasub_matched_cf_k0_mean,cue1,0,mean,7,-0.009683110751211643,0.0014296064819756618,170,-0.00602263817563653,0.0029171418488557477,40
synonym,pcasub_matched_cf_k0_mean,cue1,0,mean,8,-0.004327190108597279,0.0011446676939625066,170,-0.0007570028537884355,0.0026277282881840935,40
synonym,pcasub_matched_cf_k0_mean,cue1,0,mean,9,-0.0007486813119612634,0.0008939789838579632,170,0.0017615675460547209,0.0021188864752661736,40
synonym,pcasub_matched_cf_k0_mean,cue1,0,mean,10,0.0001379335590172559,0.000646253441889948,170,0.002170604420825839,0.0014558291830502614,40
synonym,pcasub_matched_cf_k0_mean,cue1,0,mean,11,8.928074748837389e-06,0.000469470040857938,170,-0.00021195411682128906,0.001033020826085253,40
synonym,pcasub_matched_cf_k0_mean,cue1,0,mean,12,-0.00047375806025229394,0.00037386154663115247,170,-0.0016199887031689286,0.0008180901841776961,40
synonym,pcasub_matched_cf_k0_mean,cue1,0,mean,13,3.121530244243331e-05,0.0002785165189377674,170,-0.00039365291013382375,0.0005676031221804273,40
synonym,pcasub_matched_cf_k0_mean,cue1,0,mean,14,0.00011469196033431217,0.0002631247983421788,170,0.000267285096924752,0.0004778864866382692,40
synonym,pcasub_matched_cf_k0_mean,cue1,0,mean,15,0.0005088532925583422,0.00028233944440905886,170,0.0003924071788787842,0.0004899495081403891,40
synonym,pcasub_matched_cf_k0_mean,cue1,0,mean,16,0.00018758107034955174,0.0002538296476148009,170,0.00035127997398376465,0.0004212505828311441,40
synonym,pcasub_matched_cf_k0_mean,cue1,0,mean,17,4.7856919991318136e-05,0.00025070069234962356,170,-0.0004024863301310688,0.0005872545266304211,40
synonym,pcasub_matched_cf_k0_mean,cue1,0,mean,18,2.0724885416711913e-06,0.0002161428618155122,170,-0.000386786472517997,0.00037669559201211454,40
synonym,pcasub_matched_cf_k0_mean,cue1,0,mean,19,9.395094821229577e-06,0.000229759888699402,170,-0.00044658780097961426,0.0004345945758271063,40
synonym,pcasub_matched_cf_k0_mean,cue1,0,mean,20,0.00026874683680944145,0.0002123494187385981,170,-0.0002277851162943989,0.000343304851628109,40
synonym,pcasub_matched_cf_k0_mean,cue1,0,mean,21,0.0002693007991183549,0.0002193173353261577,170,9.104013588512316e-05,0.0004271611787968401,40
synonym,pcasub_matched_cf_k0_mean,cue1,0,mean,22,0.00025454338174313307,0.00020078540936941498,170,0.000434446323197335,0.0003304090661254659,40
synonym,pcasub_matched_cf_k0_mean,cue1,0,mean,23,0.00014837103663012385,0.00017252323968771385,170,0.0004014611185993999,0.00035775296282855785,40
synonym,pcasub_matched_cf_k0_mean,cue1,0,mean,24,-4.7353434638353065e-05,0.00015723689499110835,170,0.000400179618736729,0.00042874115162626656,40
synonym,pcasub_matched_cf_k0_mean,cue1,0,mean,25,-4.818930392502807e-05,0.00013469041692826866,170,-6.37233242741786e-05,0.00028713898587229384,40
synonym,pcasub_matched_cf_k0_mean,cue1,0,mean,26,0.000101624165836256,8.583439298481267e-05,170,0.0003659307840280235,0.00027287464894754505,40
synonym,pcasub_matched_cf_k0_mean,cue1,0,mean,27,0.0,0.0,170,0.0,0.0,40
synonym,pcasub_matched_cf_k0_mean,target1,0,mean,0,-0.04532579332590103,0.008072349438270537,170,-0.03732379153370857,0.01223873415402393,40
synonym,pcasub_matched_cf_k0_mean,target1,0,mean,1,-0.028644012287259102,0.00825450527799305,170,-0.014362621121108532,0.012854680733958087,40
synonym,pcasub_matched_cf_k0_mean,target1,0,mean,2,-0.034620992839336395,0.006880873559263674,170,-0.026081448420882225,0.010329006070798993,40
synonym,pcasub_matched_cf_k0_mean,target1,0,mean,3,-0.03470928966999054,0.00650700751259413,170,-0.027431422844529152,0.010705140179387033,40
synonym,pcasub_matched_cf_k0_mean,target1,0,mean,4,-0.029727621003985405,0.006396851715689942,170,-0.02860722504556179,0.010278062899142742,40
synonym,pcasub_matched_cf_k0_mean,target1,0,mean,5,-0.030124574899673462,0.005556535975358223,170,-0.03193623945116997,0.009814744389298207,40
synonym,pcasub_matched_cf_k0_mean,target1,0,mean,6,-0.031442251056432724,0.004552144835266161,170,-0.03358296677470207,0.008323429100434394,40
synonym,pcasub_matched_cf_k0_mean,target1,0,mean,7,-0.038721948862075806,0.004118749137880012,170,-0.04229237884283066,0.007979844832389504,40
synonym,pcasub_matched_cf_k0_mean,target1,0,mean,8,-0.023840276524424553,0.0031431002429938436,170,-0.022927086800336838,0.006815688396659768,40
synonym,pcasub_matched_cf_k0_mean,target1,0,mean,9,-0.01850833185017109,0.0029995895901040763,170,-0.01709643006324768,0.006778727973499814,40
synonym,pcasub_matched_cf_k0_mean,target1,0,mean,10,-0.014111366122961044,0.002703021060018102,170,-0.013706415891647339,0.006596749620128588,40
synonym,pcasub_matched_cf_k0_mean,target1,0,mean,11,-0.008382327854633331,0.0019938662957899944,170,-0.0028457939624786377,0.004780830941897123,40
synonym,pcasub_matched_cf_k0_mean,target1,0,mean,12,-0.006790127605199814,0.0016817814904744024,170,-0.0025320113636553288,0.0039025144818048336,40
synonym,pcasub_matched_cf_k0_mean,target1,0,mean,13,-0.008344716392457485,0.0014166586572294418,170,-0.005337757058441639,0.003152063686191806,40
synonym,pcasub_matched_cf_k0_mean,target1,0,mean,14,-0.008079701103270054,0.0014065821426932344,170,-0.006231039762496948,0.003123620199376357,40
synonym,pcasub_matched_cf_k0_mean,target1,0,mean,15,0.0017839957727119327,0.0008308470166949835,170,0.0022201836109161377,0.001908878716219939,40
synonym,pcasub_matched_cf_k0_mean,target1,0,mean,16,0.0019156326306983829,0.0006477769548873447,170,0.00289192795753479,0.0012361626721677115,40
synonym,pcasub_matched_cf_k0_mean,target1,0,mean,17,0.00271419039927423,0.0006476747397296123,170,0.003345745848491788,0.0013611453776969278,40
synonym,pcasub_matched_cf_k0_mean,target1,0,mean,18,0.000769833626691252,0.00042179120552874417,170,0.0005364835378713906,0.0009071662235316617,40
synonym,pcasub_matched_cf_k0_mean,target1,0,mean,19,0.00044425128726288676,0.0003290681287751802,170,-0.00040035246638581157,0.0007079953301781028,40
synonym,pcasub_matched_cf_k0_mean,target1,0,mean,20,-6.350173498503864e-05,0.0003110832967715207,170,-0.0008382797241210938,0.0006790327693868182,40
synonym,pcasub_matched_cf_k0_mean,target1,0,mean,21,-0.00013076206960249692,0.00024729741331556336,170,-0.000463378441054374,0.000492910622696867,40
synonym,pcasub_matched_cf_k0_mean,target1,0,mean,22,-0.00031051566475071013,0.00023842469476346813,170,-0.00034046173095703125,0.0004101167773732843,40
synonym,pcasub_matched_cf_k0_mean,target1,0,mean,23,-0.00013229285832494497,0.0002141450769148632,170,0.00023092031187843531,0.0004832237819638454,40
synonym,pcasub_matched_cf_k0_mean,target1,0,mean,24,0.000279100495390594,0.000180479986139752,170,0.0003549814282450825,0.0003477223184174988,40
synonym,pcasub_matched_cf_k0_mean,target1,0,mean,25,0.00011734471627278253,0.00011419036703820638,170,0.0004224419535603374,0.00028797683017130394,40
synonym,pcasub_matched_cf_k0_mean,target1,0,mean,26,3.3071111829485744e-05,6.749948210170244e-05,170,0.000254213809967041,0.00019920152239950875,40
synonym,pcasub_matched_cf_k0_mean,target1,0,mean,27,0.0,0.0,170,0.0,0.0,40
synonym,pcasub_matched_cf_k0_mean,final_cue,0,mean,0,-0.02189614437520504,0.011521204575435366,170,-0.008727258071303368,0.024363662553699886,40
synonym,pcasub_matched_cf_k0_mean,final_cue,0,mean,1,-0.020959407091140747,0.011591669176583098,170,-0.008139592595398426,0.024195483174549257,40
synonym,pcasub_matched_cf_k0_mean,final_cue,0,mean,2,-0.02121410146355629,0.011551985409461445,170,-0.008716767653822899,0.024167393983332636,40
synonym,pcasub_matched_cf_k0_mean,final_cue,0,mean,3,-0.020944325253367424,0.011572819872918742,170,-0.006756418850272894,0.024142989701951844,40
synonym,pcasub_matched_cf_k0_mean,final_cue,0,mean,4,-0.02297530323266983,0.011688455145140868,170,-0.010150867514312267,0.024474167439326632,40
synonym,pcasub_matched_cf_k0_mean,final_cue,0,mean,5,-0.020025979727506638,0.011626898048556286,170,-0.00473359227180481,0.02435858048815264,40
synonym,pcasub_matched_cf_k0_mean,final_cue,0,mean,6,-0.017621923238039017,0.011510251339133954,170,-0.0015291869640350342,0.02452140920858385,40
synonym,pcasub_matched_cf_k0_mean,final_cue,0,mean,7,-0.03398193046450615,0.01136453238169041,170,-0.0233325008302927,0.024733267963339658,40
synonym,pcasub_matched_cf_k0_mean,final_cue,0,mean,8,-0.03555746376514435,0.0114301203698062,170,-0.024106711149215698,0.025258499555451466,40
synonym,pcasub_matched_cf_k0_mean,final_cue,0,mean,9,-0.04567394405603409,0.011160145495167495,170,-0.030423175543546677,0.024049630013815736,40
synonym,pcasub_matched_cf_k0_mean,final_cue,0,mean,10,-0.04560890048742294,0.010700012426822296,170,-0.02979016862809658,0.02329240224727621,40
synonym,pcasub_matched_cf_k0_mean,final_cue,0,mean,11,-0.04402182251214981,0.010715355414859282,170,-0.025258058682084084,0.022814716358800658,40
synonym,pcasub_matched_cf_k0_mean,final_cue,0,mean,12,-0.02508801780641079,0.010186553189255074,170,-0.004851901438087225,0.021641018386237377,40
synonym,pcasub_matched_cf_k0_mean,final_cue,0,mean,13,-0.0259275883436203,0.009654800081333436,170,-0.007113027386367321,0.021729178204803357,40
synonym,pcasub_matched_cf_k0_mean,final_cue,0,mean,14,-0.017301077023148537,0.009095415880542515,170,-0.00024309157743118703,0.019324998364565922,40
synonym,pcasub_matched_cf_k0_mean,final_cue,0,mean,15,-0.005196031183004379,0.0087849149458821,170,0.015874207019805908,0.019499892573020976,40
synonym,pcasub_matched_cf_k0_mean,final_cue,0,mean,16,-0.01234530285000801,0.008365055363975284,170,0.007705414202064276,0.019162408786301172,40
synonym,pcasub_matched_cf_k0_mean,final_cue,0,mean,17,-0.0025255875661969185,0.006359060536142906,170,0.02109571173787117,0.014852474392530698,40
synonym,pcasub_matched_cf_k0_mean,final_cue,0,mean,18,0.0013996657216921449,0.005710447002689969,170,0.017791789025068283,0.011951317077030114,40
synonym,pcasub_matched_cf_k0_mean,final_cue,0,mean,19,-0.00490123126655817,0.005145838185898221,170,0.014129835180938244,0.010664910105571915,40
synonym,pcasub_matched_cf_k0_mean,final_cue,0,mean,20,-0.006474377121776342,0.004777811617617875,170,0.012504005804657936,0.010397396018244466,40
synonym,pcasub_matched_cf_k0_mean,final_cue,0,mean,21,-0.008371210657060146,0.004524776601782238,170,0.013525212183594704,0.009874367950380715,40
synonym,pcasub_matched_cf_k0_mean,final_cue,0,mean,22,-0.007575193420052528,0.0043735444544474155,170,0.012237506918609142,0.009515915047587437,40
synonym,pcasub_matched_cf_k0_mean,final_cue,0,mean,23,-0.0053273094817996025,0.004082340541556644,170,0.014776217751204967,0.009106421195798914,40
synonym,pcasub_matched_cf_k0_mean,final_cue,0,mean,24,-0.007461368106305599,0.0038676007095678057,170,0.009343361482024193,0.008272670292073956,40
synonym,pcasub_matched_cf_k0_mean,final_cue,0,mean,25,-0.006404491141438484,0.0037726413280215884,170,0.01286420226097107,0.00771153910202827,40
synonym,pcasub_matched_cf_k0_mean,final_cue,0,mean,26,-0.005259574390947819,0.0037125159579370665,170,0.013301903381943703,0.008184988757840888,40
synonym,pcasub_matched_cf_k0_mean,final_cue,0,mean,27,-0.00515682203695178,0.0035464728271038973,170,0.013518852181732655,0.008017028494172825,40
synonym,pcasub_matched_cf_k2_zero,cue1,2,zero,0,-0.13976521790027618,0.034695047990455474,170,-0.13907989859580994,0.061488445886382845,40
synonym,pcasub_matched_cf_k2_zero,cue1,2,zero,1,-0.08449923247098923,0.0175867923221884,170,-0.057087160646915436,0.030362170360493657,40
synonym,pcasub_matched_cf_k2_zero,cue1,2,zero,2,0.02430015802383423,0.01212609773590098,170,0.05830838531255722,0.020806320338168427,40
synonym,pcasub_matched_cf_k2_zero,cue1,2,zero,3,0.01980179361999035,0.011187260012201198,170,0.039764367043972015,0.01938384147399682,40
synonym,pcasub_matched_cf_k2_zero,cue1,2,zero,4,0.016460666432976723,0.008017151253077967,170,0.0009213149314746261,0.014726823443681668,40
synonym,pcasub_matched_cf_k2_zero,cue1,2,zero,5,0.03738350793719292,0.0065686320383253945,170,0.040295444428920746,0.01465203202563264,40
synonym,pcasub_matched_cf_k2_zero,cue1,2,zero,6,0.0129381800070405,0.005055288841974925,170,0.01680435612797737,0.010576864556908134,40
synonym,pcasub_matched_cf_k2_zero,cue1,2,zero,7,-0.007398225367069244,0.004261854073022805,170,-0.005494070239365101,0.010223160334277337,40
synonym,pcasub_matched_cf_k2_zero,cue1,2,zero,8,-0.013073116540908813,0.003649362847736568,170,-0.011132592335343361,0.008905041108878695,40
synonym,pcasub_matched_cf_k2_zero,cue1,2,zero,9,-0.00246418290771544,0.003317318872145267,170,-0.0021889626514166594,0.007829414396346797,40
synonym,pcasub_matched_cf_k2_zero,cue1,2,zero,10,0.0013296229299157858,0.00243275818292239,170,0.00161837344057858,0.005763799194739133,40
synonym,pcasub_matched_cf_k2_zero,cue1,2,zero,11,-0.001078214729204774,0.0017103257339911037,170,-0.0019064306979998946,0.003979680239935101,40
synonym,pcasub_matched_cf_k2_zero,cue1,2,zero,12,-0.0026103383861482143,0.00131128418683,170,-0.005954050924628973,0.0027608276908900643,40
synonym,pcasub_matched_cf_k2_zero,cue1,2,zero,13,-0.0009625466191209853,0.000658744405595737,170,-0.001850938773714006,0.0012166353300793182,40
synonym,pcasub_matched_cf_k2_zero,cue1,2,zero,14,0.000828309974167496,0.0005978511361029674,170,0.00031597018823958933,0.0011991504152376882,40
synonym,pcasub_matched_cf_k2_zero,cue1,2,zero,15,0.00014499601093120873,0.0005510475225261812,170,-0.00014194249524734914,0.0011853627796542935,40
synonym,pcasub_matched_cf_k2_zero,cue1,2,zero,16,-0.00021617693710140884,0.0005009092733580888,170,-3.4326316381338984e-05,0.001042310556819882,40
synonym,pcasub_matched_cf_k2_zero,cue1,2,zero,17,-0.0009161805501207709,0.0004985570032903982,170,-0.0005803167587146163,0.0010704120438313938,40
synonym,pcasub_matched_cf_k2_zero,cue1,2,zero,18,-0.0006742456462234259,0.0005033541513586935,170,-0.0011358261108398438,0.0010688847883022082,40
synonym,pcasub_matched_cf_k2_zero,cue1,2,zero,19,-0.0005203313776291907,0.0004394795707174712,170,-0.0001757502614054829,0.0009656373667603015,40
synonym,pcasub_matched_cf_k2_zero,cue1,2,zero,20,-0.000645691528916359,0.0003704609104767821,170,-0.0007947623962536454,0.0007392153841854296,40
synonym,pcasub_matched_cf_k2_zero,cue1,2,zero,21,-0.0007292063673958182,0.0003978770729410249,170,-0.0006508886581286788,0.0007222852526640719,40
synonym,pcasub_matched_cf_k2_zero,cue1,2,zero,22,-0.000399255397496745,0.00036891439728316597,170,-0.0008443415281362832,0.0007399515857009445,40
synonym,pcasub_matched_cf_k2_zero,cue1,2,zero,23,0.0005970765487290919,0.00037481926908739026,170,0.0007466793176718056,0.0007694360183136083,40
synonym,pcasub_matched_cf_k2_zero,cue1,2,zero,24,0.0006857700063847005,0.00033460453315022027,170,0.0005419492954388261,0.0006509769314341741,40
synonym,pcasub_matched_cf_k2_zero,cue1,2,zero,25,0.0009608307154849172,0.00031778463965631483,170,0.0008373856544494629,0.0005994307504357817,40
synonym,pcasub_matched_cf_k2_zero,cue1,2,zero,26,0.0009313618647865951,0.0002703321276865027,170,0.001540368772111833,0.0005911008279776059,40
synonym,pcasub_matched_cf_k2_zero,cue1,2,zero,27,0.0,0.0,170,0.0,0.0,40
synonym,pcasub_matched_cf_k2_zero,target1,2,zero,0,-0.0896940603852272,0.021518787009685656,170,-0.10797064006328583,0.04751007498757603,40
synonym,pcasub_matched_cf_k2_zero,target1,2,zero,1,-0.11765466630458832,0.022965651924610777,170,-0.15342506766319275,0.05184592273226044,40
synonym,pcasub_matched_cf_k2_zero,target1,2,zero,2,-0.0681689903140068,0.019494116022523194,170,-0.08051184564828873,0.04346982580927477,40
synonym,pcasub_matched_cf_k2_zero,target1,2,zero,3,-0.07686229795217514,0.020300145756068356,170,-0.09728017449378967,0.046820294736298895,40
synonym,pcasub_matched_cf_k2_zero,target1,2,zero,4,-0.11542042344808578,0.022167706831465885,170,-0.14362294971942902,0.0499526518710325,40
synonym,pcasub_matched_cf_k2_zero,target1,2,zero,5,-0.08264967799186707,0.019198803788869224,170,-0.10909631103277206,0.04757804790878049,40
synonym,pcasub_matched_cf_k2_zero,target1,2,zero,6,-0.05254407227039337,0.018388359160516846,170,-0.08189144730567932,0.04069907519102707,40
synonym,pcasub_matched_cf_k2_zero,target1,2,zero,7,-0.032780036330223083,0.012765292903289649,170,-0.04847271367907524,0.029518912672121908,40
synonym,pcasub_matched_cf_k2_zero,target1,2,zero,8,0.018727673217654228,0.006115704745739837,170,0.019343990832567215,0.012771587666416378,40
synonym,pcasub_matched_cf_k2_zero,target1,2,zero,9,0.02045760676264763,0.005180156192957779,170,0.025165969505906105,0.011001346614528276,40
synonym,pcasub_matched_cf_k2_zero,target1,2,zero,10,0.019517406821250916,0.004958860590754627,170,0.026785636320710182,0.010856830529454494,40
synonym,pcasub_matched_cf_k2_zero,target1,2,zero,11,0.008308377116918564,0.004887157693328455,170,0.018694907426834106,0.010010855102274794,40
synonym,pcasub_matched_cf_k2_zero,target1,2,zero,12,0.012056594714522362,0.004651651684179168,170,0.019260745495557785,0.009979911519583674,40
synonym,pcasub_matched_cf_k2_zero,target1,2,zero,13,0.006965027656406164,0.004248155670444682,170,0.011647271923720837,0.009488763576392976,40
synonym,pcasub_matched_cf_k2_zero,target1,2,zero,14,0.00739001389592886,0.004059175772504754,170,0.011499011889100075,0.00912260216736224,40
synonym,pcasub_matched_cf_k2_zero,target1,2,zero,15,0.011114244349300861,0.0035422396481326504,170,0.012825697660446167,0.008477833655189115,40
synonym,pcasub_matched_cf_k2_zero,target1,2,zero,16,0.00529805663973093,0.0025754868291407006,170,0.008169573731720448,0.005882267043292769,40
synonym,pcasub_matched_cf_k2_zero,target1,2,zero,17,0.004195199813693762,0.00242390896457078,170,0.00961680430918932,0.005906685461156306,40
synonym,pcasub_matched_cf_k2_zero,target1,2,zero,18,-0.0006278911023400724,0.0018051641145050367,170,0.004382354207336903,0.004199783509232496,40
synonym,pcasub_matched_cf_k2_zero,target1,2,zero,19,-0.0012393593788146973,0.0013599924595129602,170,-0.00029821990756317973,0.003200400149331677,40
synonym,pcasub_matched_cf_k2_zero,target1,2,zero,20,-0.0015984668862074614,0.0013399395741520346,170,-0.001453137374483049,0.0027367779996181566,40
synonym,pcasub_matched_cf_k2_zero,target1,2,zero,21,-0.0026933448389172554,0.0011996159484514394,170,-0.004060900304466486,0.0028212914891657982,40
synonym,pcasub_matched_cf_k2_zero,target1,2,zero,22,-0.0016025620279833674,0.0009465469323257392,170,-0.0026259005535393953,0.001942837345621763,40
synonym,pcasub_matched_cf_k2_zero,target1,2,zero,23,-0.001715220743790269,0.0007383143701374465,170,-0.0016118765342980623,0.0013423391434836175,40
synonym,pcasub_matched_cf_k2_zero,target1,2,zero,24,-0.00025977843324653804,0.00047156938019639696,170,-0.0004976987838745117,0.0009849871929117104,40
synonym,pcasub_matched_cf_k2_zero,target1,2,zero,25,0.00020976907399017364,0.0003494834100849218,170,-0.00023033023171592504,0.0007994912850446627,40
synonym,pcasub_matched_cf_k2_zero,target1,2,zero,26,-4.1232739022234455e-05,0.00023417812282082028,170,0.00026235581026412547,0.000520575130410991,40
synonym,pcasub_matched_cf_k2_zero,target1,2,zero,27,0.0,0.0,170,0.0,0.0,40
synonym,pcasub_matched_cf_k2_zero,final_cue,2,zero,0,-0.48650917410850525,0.08535798534905442,170,-0.5936079025268555,0.1942138985703499,40
synonym,pcasub_matched_cf_k2_zero,final_cue,2,zero,1,-0.23581907153129578,0.08279603434967633,170,-0.287748247385025,0.19441804822984815,40
synonym,pcasub_matched_cf_k2_zero,final_cue,2,zero,2,-0.3088946044445038,0.08261894483888998,170,-0.37239140272140503,0.19347569144134535,40
synonym,pcasub_matched_cf_k2_zero,final_cue,2,zero,3,-0.32462337613105774,0.08276694153005106,170,-0.3869628310203552,0.1935429622505734,40
synonym,pcasub_matched_cf_k2_zero,final_cue,2,zero,4,-0.3441462218761444,0.08312676174260704,170,-0.4238762855529785,0.19446614996847242,40
synonym,pcasub_matched_cf_k2_zero,final_cue,2,zero,5,-0.35539141297340393,0.08295786430170889,170,-0.42931628227233887,0.1944266997572888,40
synonym,pcasub_matched_cf_k2_zero,final_cue,2,zero,6,-0.3396765887737274,0.08320959673500336,170,-0.4074098467826843,0.19630790748657334,40
synonym,pcasub_matched_cf_k2_zero,final_cue,2,zero,7,-0.4048243463039398,0.08368398706783729,170,-0.5033559203147888,0.19231891248254876,40
synonym,pcasub_matched_cf_k2_zero,final_cue,2,zero,8,-0.4333034157752991,0.08371529247776721,170,-0.5353633165359497,0.18899810189632607,40
synonym,pcasub_matched_cf_k2_zero,final_cue,2,zero,9,-0.48060041666030884,0.08397780443159537,170,-0.5863129496574402,0.18820153936654535,40
synonym,pcasub_matched_cf_k2_zero,final_cue,2,zero,10,-0.4781719446182251,0.08371523762015635,170,-0.5852433443069458,0.18886246705653756,40
synonym,pcasub_matched_cf_k2_zero,final_cue,2,zero,11,-0.45517227053642273,0.083619556803884,170,-0.5589228272438049,0.18981023340577124,40
synonym,pcasub_matched_cf_k2_zero,final_cue,2,zero,12,-0.4023880958557129,0.08322413400188085,170,-0.5082162022590637,0.1922020320432035,40
synonym,pcasub_matched_cf_k2_zero,final_cue,2,zero,13,-0.4102521538734436,0.08271614338239609,170,-0.5269402861595154,0.18946911065278452,40
synonym,pcasub_matched_cf_k2_zero,final_cue,2,zero,14,-0.3669528365135193,0.08297469644530729,170,-0.4849604070186615,0.19240229888210744,40
synonym,pcasub_matched_cf_k2_zero,final_cue,2,zero,15,-0.3862192630767822,0.08288428195967736,170,-0.4993378221988678,0.19287519250293206,40
synonym,pcasub_matched_cf_k2_zero,final_cue,2,zero,16,-0.39679816365242004,0.08209331749751421,170,-0.4957367479801178,0.18851290011119048,40
synonym,pcasub_matched_cf_k2_zero,final_cue,2,zero,17,-0.36560937762260437,0.08084298454495721,170,-0.45573726296424866,0.18748436732386708,40
synonym,pcasub_matched_cf_k2_zero,final_cue,2,zero,18,-0.3653174638748169,0.08075264320280841,170,-0.4715143144130707,0.183945327141331,40
synonym,pcasub_matched_cf_k2_zero,final_cue,2,zero,19,-0.36975374817848206,0.08025598982290107,170,-0.4739789068698883,0.18223185349199056,40
synonym,pcasub_matched_cf_k2_zero,final_cue,2,zero,20,-0.36591753363609314,0.08015973300171471,170,-0.45660844445228577,0.18131058833574504,40
synonym,pcasub_matched_cf_k2_zero,final_cue,2,zero,21,-0.3534585237503052,0.07957115655187881,170,-0.42772382497787476,0.1758243890197526,40
synonym,pcasub_matched_cf_k2_zero,final_cue,2,zero,22,-0.33553192019462585,0.07851754299186035,170,-0.43093299865722656,0.1741064859391517,40
synonym,pcasub_matched_cf_k2_zero,final_cue,2,zero,23,-0.34801268577575684,0.07892250187521774,170,-0.45047229528427124,0.17382236148459754,40
synonym,pcasub_matched_cf_k2_zero,final_cue,2,zero,24,-0.3379577100276947,0.07815408389111743,170,-0.40275758504867554,0.16617686155073808,40
synonym,pcasub_matched_cf_k2_zero,final_cue,2,zero,25,-0.3280014395713806,0.07812297048282552,170,-0.3973153233528137,0.16532607147314307,40
synonym,pcasub_matched_cf_k2_zero,final_cue,2,zero,26,-0.3461048901081085,0.08060164762892041,170,-0.4182894229888916,0.16904134647391464,40
synonym,pcasub_matched_cf_k2_zero,final_cue,2,zero,27,-0.2955017685890198,0.0845400309423489,170,-0.3698427081108093,0.17428160868741116,40
synonym,pcasub_matched_cf_k2_mean,cue1,2,mean,0,0.02678036317229271,0.006550815886332206,170,0.02561059594154358,0.0124074542536396,40
synonym,pcasub_matched_cf_k2_mean,cue1,2,mean,1,0.029561102390289307,0.006479546135458437,170,0.030524874106049538,0.012402822199459774,40
synonym,pcasub_matched_cf_k2_mean,cue1,2,mean,2,0.0305442214012146,0.0060569111013022495,170,0.030753547325730324,0.010639148721847493,40
synonym,pcasub_matched_cf_k2_mean,cue1,2,mean,3,0.03064408339560032,0.006096566868185028,170,0.029110800474882126,0.010948400774482985,40
synonym,pcasub_matched_cf_k2_mean,cue1,2,mean,4,0.02160814218223095,0.005578342447107919,170,0.011082654818892479,0.011052626705689978,40
synonym,pcasub_matched_cf_k2_mean,cue1,2,mean,5,0.0186234712600708,0.0047419533117034314,170,0.01821180060505867,0.010657880739526386,40
synonym,pcasub_matched_cf_k2_mean,cue1,2,mean,6,0.015048481523990631,0.0036044736076345455,170,0.016618888825178146,0.007176077408569156,40
synonym,pcasub_matched_cf_k2_mean,cue1,2,mean,7,-0.006929985247552395,0.002794278981414987,170,-0.004612326622009277,0.006581348511196759,40
synonym,pcasub_matched_cf_k2_mean,cue1,2,mean,8,-0.009081115014851093,0.002307799974021552,170,-0.006856483407318592,0.00570041474022603,40
synonym,pcasub_matched_cf_k2_mean,cue1,2,mean,9,-0.002256492618471384,0.001899961637527549,170,-0.001896119094453752,0.004868121366774214,40
synonym,pcasub_matched_cf_k2_mean,cue1,2,mean,10,9.054787369677797e-05,0.0013536121193667052,170,0.000996404909528792,0.0034358279549460257,40
synonym,pcasub_matched_cf_k2_mean,cue1,2,mean,11,-0.0004651385243050754,0.0008811038740178032,170,-0.00116776826325804,0.0022514207131723554,40
synonym,pcasub_matched_cf_k2_mean,cue1,2,mean,12,-0.0018872187938541174,0.000688317586461939,170,-0.003647696925327182,0.0014256735620172122,40
synonym,pcasub_matched_cf_k2_mean,cue1,2,mean,13,-0.00031390751246362925,0.0003430637838892239,170,-0.001073384308256209,0.0007725330124477322,40
synonym,pcasub_matched_cf_k2_mean,cue1,2,mean,14,0.0003279451048001647,0.00030944667566631864,170,0.0005572914960794151,0.000694095780772968,40
synonym,pcasub_matched_cf_k2_mean,cue1,2,mean,15,0.00024272449081763625,0.0002880774397896267,170,0.0009906351333484054,0.0005686294529160529,40
synonym,pcasub_matched_cf_k2_mean,cue1,2,mean,16,9.498911822447553e-05,0.00023742195406602776,170,0.0005018293741159141,0.0005162031654254405,40
synonym,pcasub_matched_cf_k2_mean,cue1,2,mean,17,5.441798930405639e-05,0.00027033544914341015,170,-0.00024321675300598145,0.0005880248544988154,40
synonym,pcasub_matched_cf_k2_mean,cue1,2,mean,18,0.00010743141319835559,0.00023984845690987032,170,-3.6692617868538946e-05,0.0004151939466908283,40
synonym,pcasub_matched_cf_k2_mean,cue1,2,mean,19,4.0470851672580466e-05,0.000251329054853168,170,0.00013488531112670898,0.000523672382241415,40
synonym,pcasub_matched_cf_k2_mean,cue1,2,mean,20,-6.605597445741296e-05,0.00022384040962770299,170,-0.0006911695236340165,0.0004910302864228418,40
synonym,pcasub_matched_cf_k2_mean,cue1,2,mean,21,-6.588487303815782e-05,0.00022892752445547753,170,-0.00013099312491249293,0.00048572711745014486,40
synonym,pcasub_matched_cf_k2_mean,cue1,2,mean,22,4.969590008840896e-05,0.0002424486576641362,170,0.00017089248285628855,0.00043661745496882204,40
synonym,pcasub_matched_cf_k2_mean,cue1,2,mean,23,8.333395817317069e-05,0.00024206311866073945,170,8.356571015610825e-06,0.0005333458227668335,40
synonym,pcasub_matched_cf_k2_mean,cue1,2,mean,24,0.00015103605983313173,0.00019887039303202416,170,-0.00010817051224876195,0.00041547406256899376,40
synonym,pcasub_matched_cf_k2_mean,cue1,2,mean,25,0.0001802879269234836,0.0001630028548959615,170,0.00016811490058898926,0.00024930598463345703,40
synonym,pcasub_matched_cf_k2_mean,cue1,2,mean,26,6.984682840993628e-05,0.00011260265706456078,170,-0.00023031234741210938,0.00022848220927321777,40
synonym,pcasub_matched_cf_k2_mean,cue1,2,mean,27,0.0,0.0,170,0.0,0.0,40
synonym,pcasub_matched_cf_k2_mean,target1,2,mean,0,-0.035374872386455536,0.009693171837262059,170,-0.033219896256923676,0.01365660452482029,40
synonym,pcasub_matched_cf_k2_mean,target1,2,mean,1,-0.021455129608511925,0.009280988320841305,170,-0.015272742137312889,0.01310260990248096,40
synonym,pcasub_matched_cf_k2_mean,target1,2,mean,2,-0.02864834852516651,0.007941192890776137,170,-0.028856366872787476,0.010522678240501867,40
synonym,pcasub_matched_cf_k2_mean,target1,2,mean,3,-0.032306868582963943,0.007328243090149129,170,-0.033179402351379395,0.010275201439426873,40
synonym,pcasub_matched_cf_k2_mean,target1,2,mean,4,-0.031577128916978836,0.0075088892027061396,170,-0.0398402139544487,0.010426206170081144,40
synonym,pcasub_matched_cf_k2_mean,target1,2,mean,5,-0.0291408933699131,0.006626422817064475,170,-0.03953704982995987,0.011105442961310096,40
synonym,pcasub_matched_cf_k2_mean,target1,2,mean,6,-0.031335242092609406,0.00563036974810618,170,-0.041333962231874466,0.00893059633556307,40
synonym,pcasub_matched_cf_k2_mean,target1,2,mean,7,-0.03869215399026871,0.005241285857324423,170,-0.0499274805188179,0.008477424286209592,40
synonym,pcasub_matched_cf_k2_mean,target1,2,mean,8,-0.01845916546881199,0.0037796145303685275,170,-0.017602425068616867,0.006736392741795746,40
synonym,pcasub_matched_cf_k2_mean,target1,2,mean,9,-0.016375651583075523,0.0036646401209272116,170,-0.015298890881240368,0.0062731425582844835,40
synonym,pcasub_matched_cf_k2_mean,target1,2,mean,10,-0.011830507777631283,0.0033596566619089234,170,-0.009796863421797752,0.006550968620755143,40
synonym,pcasub_matched_cf_k2_mean,target1,2,mean,11,-0.007852916605770588,0.00248363861699364,170,-0.0018097280990332365,0.005158278859850385,40
synonym,pcasub_matched_cf_k2_mean,target1,2,mean,12,-0.006378361955285072,0.0020832607727180306,170,-0.0021851123310625553,0.004431097009347597,40
synonym,pcasub_matched_cf_k2_mean,target1,2,mean,13,-0.008805067278444767,0.0018584058544353493,170,-0.005390900187194347,0.0038594217702336174,40
synonym,pcasub_matched_cf_k2_mean,target1,2,mean,14,-0.008205837570130825,0.0018193528069802068,170,-0.004959720186889172,0.00359020276418497,40
synonym,pcasub_matched_cf_k2_mean,target1,2,mean,15,0.003454468911513686,0.0011439683308532417,170,0.004679781384766102,0.0028297277297546276,40
synonym,pcasub_matched_cf_k2_mean,target1,2,mean,16,0.003266882849857211,0.0008369507116239794,170,0.004001039080321789,0.001736044900125137,40
synonym,pcasub_matched_cf_k2_mean,target1,2,mean,17,0.0034096885938197374,0.0008005886871264967,170,0.003383159637451172,0.0017170872877424195,40
synonym,pcasub_matched_cf_k2_mean,target1,2,mean,18,0.0011667731450870633,0.000500105445071896,170,0.0011633515823632479,0.0011456062780111713,40
synonym,pcasub_matched_cf_k2_mean,target1,2,mean,19,0.0005848930450156331,0.0004198581890377904,170,0.0004364788474049419,0.0008156249877438055,40
synonym,pcasub_matched_cf_k2_mean,target1,2,mean,20,0.0007019137847237289,0.0003878007726923599,170,8.599161810707301e-05,0.0007744607280272115,40
synonym,pcasub_matched_cf_k2_mean,target1,2,mean,21,0.0002224529453087598,0.00030953635500281974,170,-0.0010151505703106523,0.0006219944175865134,40
synonym,pcasub_matched_cf_k2_mean,target1,2,mean,22,-0.0003375989617779851,0.00028340409634896224,170,-0.0007783591863699257,0.0006124075630179152,40
synonym,pcasub_matched_cf_k2_mean,target1,2,mean,23,6.231771112652496e-05,0.0002478526323379632,170,-3.24249276673072e-06,0.0005178652697470719,40
synonym,pcasub_matched_cf_k2_mean,target1,2,mean,24,0.00021558474691119045,0.00020920562406110847,170,5.293488356983289e-05,0.0005289325159320018,40
synonym,pcasub_matched_cf_k2_mean,target1,2,mean,25,0.0001564001286169514,0.00015864892489456326,170,0.00018222331709694117,0.0004198312652379266,40
synonym,pcasub_matched_cf_k2_mean,target1,2,mean,26,0.0001289020583499223,0.00010408289688076746,170,0.0006767570739611983,0.00035197368153462116,40
synonym,pcasub_matched_cf_k2_mean,target1,2,mean,27,0.0,0.0,170,0.0,0.0,40
synonym,pcasub_matched_cf_k2_mean,final_cue,2,mean,0,-0.005990215111523867,0.01794242392758196,170,-0.0046485066413879395,0.033431631927409125,40
synonym,pcasub_matched_cf_k2_mean,final_cue,2,mean,1,-0.003274184186011553,0.01805985807229349,170,-0.0008871555328369141,0.033675363738596614,40
synonym,pcasub_matched_cf_k2_mean,final_cue,2,mean,2,-0.000994448084384203,0.01806256666682963,170,0.0028993368614465,0.03344225785027333,40
synonym,pcasub_matched_cf_k2_mean,final_cue,2,mean,3,-0.0005326509708538651,0.018117621993660588,170,0.004392432980239391,0.03353180540022888,40
synonym,pcasub_matched_cf_k2_mean,final_cue,2,mean,4,-0.0013429754180833697,0.018167088701385337,170,0.003902566386386752,0.033602848294269724,40
synonym,pcasub_matched_cf_k2_mean,final_cue,2,mean,5,0.003498788457363844,0.01766274954162334,170,0.011226773262023926,0.03302592194083566,40
synonym,pcasub_matched_cf_k2_mean,final_cue,2,mean,6,0.007043526507914066,0.01774468166917428,170,0.018105799332261086,0.03346987818147887,40
synonym,pcasub_matched_cf_k2_mean,final_cue,2,mean,7,-0.011574221774935722,0.017619049740240086,170,-0.008428019471466541,0.033818858462791986,40
synonym,pcasub_matched_cf_k2_mean,final_cue,2,mean,8,-0.023369118571281433,0.01772385406291834,170,-0.016693150624632835,0.033873397013226676,40
synonym,pcasub_matched_cf_k2_mean,final_cue,2,mean,9,-0.024542272090911865,0.017300580737602475,170,-0.011694771237671375,0.03294965797250057,40
synonym,pcasub_matched_cf_k2_mean,final_cue,2,mean,10,-0.017026348039507866,0.016777818563527166,170,-0.0035595118533819914,0.03222431739887547,40
synonym,pcasub_matched_cf_k2_mean,final_cue,2,mean,11,-0.006378378719091415,0.01669275155208904,170,0.011868983507156372,0.03152027108042701,40
synonym,pcasub_matched_cf_k2_mean,final_cue,2,mean,12,0.015879787504673004,0.016420905804346683,170,0.03182094544172287,0.03195424696425143,40
synonym,pcasub_matched_cf_k2_mean,final_cue,2,mean,13,0.010845697484910488,0.01582479329021911,170,0.02433120645582676,0.03064332850975161,40
synonym,pcasub_matched_cf_k2_mean,final_cue,2,mean,14,0.02061869390308857,0.015649046648031895,170,0.03244262933731079,0.029452009411445237,40
synonym,pcasub_matched_cf_k2_mean,final_cue,2,mean,15,0.01936236582696438,0.01531035004425711,170,0.032747797667980194,0.029875255704865322,40
synonym,pcasub_matched_cf_k2_mean,final_cue,2,mean,16,0.010561376810073853,0.0148413037570143,170,0.027194077149033546,0.02849534650240332,40
synonym,pcasub_matched_cf_k2_mean,final_cue,2,mean,17,0.017783792689442635,0.013678740696097093,170,0.0408763661980629,0.025912509793219893,40
synonym,pcasub_matched_cf_k2_mean,final_cue,2,mean,18,0.021456951275467873,0.013497019145793878,170,0.03606731817126274,0.024077052434262832,40
synonym,pcasub_matched_cf_k2_mean,final_cue,2,mean,19,0.017563214525580406,0.013331764021683352,170,0.03433914855122566,0.024081613806028926,40
synonym,pcasub_matched_cf_k2_mean,final_cue,2,mean,20,0.018695222213864326,0.01312504454383206,170,0.035945676267147064,0.024309225314724875,40
synonym,pcasub_matched_cf_k2_mean,final_cue,2,mean,21,0.01729154959321022,0.013006156672432781,170,0.0412820503115654,0.024072436872646208,40
synonym,pcasub_matched_cf_k2_mean,final_cue,2,mean,22,0.019148482009768486,0.012629451744401311,170,0.03732362389564514,0.023191243932825133,40
synonym,pcasub_matched_cf_k2_mean,final_cue,2,mean,23,0.020053092390298843,0.01260119664620851,170,0.03632127493619919,0.02275424048561258,40
synonym,pcasub_matched_cf_k2_mean,final_cue,2,mean,24,0.01945154182612896,0.01264854790731453,170,0.03454555571079254,0.021815990345347536,40
synonym,pcasub_matched_cf_k2_mean,final_cue,2,mean,25,0.019152894616127014,0.012449119920239844,170,0.03605649620294571,0.02145188638357648,40
synonym,pcasub_matched_cf_k2_mean,final_cue,2,mean,26,0.0197299811989069,0.012534388076251119,170,0.034707751125097275,0.021973769985357904,40
synonym,pcasub_matched_cf_k2_mean,final_cue,2,mean,27,0.022202830761671066,0.012454775968492733,170,0.03946249932050705,0.022753609056049916,40
synonym,pcasub_matched_cf_k3_zero,cue1,3,zero,0,-0.21641670167446136,0.03717806803074334,170,-0.20079305768013,0.06577430702807684,40
synonym,pcasub_matched_cf_k3_zero,cue1,3,zero,1,-0.026286602020263672,0.017987351168008172,170,-0.012285053730010986,0.035151547100720895,40
synonym,pcasub_matched_cf_k3_zero,cue1,3,zero,2,0.042120255529880524,0.014546598385680452,170,0.07510620355606079,0.02543288485052766,40
synonym,pcasub_matched_cf_k3_zero,cue1,3,zero,3,0.035457879304885864,0.01324057810090072,170,0.055690936744213104,0.024174207768016286,40
synonym,pcasub_matched_cf_k3_zero,cue1,3,zero,4,0.05384695529937744,0.011930875498992112,170,0.05155273154377937,0.023554452584022268,40
synonym,pcasub_matched_cf_k3_zero,cue1,3,zero,5,0.04467254504561424,0.011465510386011284,170,0.05881967395544052,0.024577462718752836,40
synonym,pcasub_matched_cf_k3_zero,cue1,3,zero,6,0.012573166750371456,0.005738699243715538,170,0.021323371678590775,0.012769906603009813,40
synonym,pcasub_matched_cf_k3_zero,cue1,3,zero,7,0.007546965032815933,0.004842633884915432,170,0.01738411746919155,0.01116187933455346,40
synonym,pcasub_matched_cf_k3_zero,cue1,3,zero,8,-0.007942254655063152,0.00419840410314688,170,-0.0005040705436840653,0.009690146608413766,40
synonym,pcasub_matched_cf_k3_zero,cue1,3,zero,9,0.0039027102757245302,0.003645399099635319,170,0.00992209929972887,0.008235692198310569,40
synonym,pcasub_matched_cf_k3_zero,cue1,3,zero,10,0.0051434882916510105,0.002988522352830099,170,0.0115917744114995,0.0064539275569038875,40
synonym,pcasub_matched_cf_k3_zero,cue1,3,zero,11,-0.0003811243805103004,0.0020308186110376525,170,0.0023893117904663086,0.004420603321499086,40
synonym,pcasub_matched_cf_k3_zero,cue1,3,zero,12,-0.0012809388572350144,0.0016224474128548418,170,-0.0044158222153782845,0.0032520731169096992,40
synonym,pcasub_matched_cf_k3_zero,cue1,3,zero,13,-0.0014737553428858519,0.0008263046208000303,170,-0.002968049142509699,0.0017256719614000835,40
synonym,pcasub_matched_cf_k3_zero,cue1,3,zero,14,0.0008520094561390579,0.0007443492073361461,170,-0.0004023134824819863,0.0014700332558545532,40
synonym,pcasub_matched_cf_k3_zero,cue1,3,zero,15,0.00017167575424537063,0.0006707210077705469,170,-0.0006640076753683388,0.0013772964564894464,40
synonym,pcasub_matched_cf_k3_zero,cue1,3,zero,16,-0.001323404721915722,0.0006096010577724915,170,-0.001282721757888794,0.0011679911039296613,40
synonym,pcasub_matched_cf_k3_zero,cue1,3,zero,17,-0.000893862103112042,0.0005974993473875012,170,-0.0009901404846459627,0.0011247527571351537,40
synonym,pcasub_matched_cf_k3_zero,cue1,3,zero,18,-0.0006911723176017404,0.000537496014058385,170,-0.0011614083778113127,0.0010630015081443188,40
synonym,pcasub_matched_cf_k3_zero,cue1,3,zero,19,-0.00046092516276985407,0.0004975679948529677,170,-0.0005719244363717735,0.0010094652490618325,40
synonym,pcasub_matched_cf_k3_zero,cue1,3,zero,20,6.882267916807905e-05,0.0004752613759792722,170,-0.0006345331785269082,0.0008819885587406332,40
synonym,pcasub_matched_cf_k3_zero,cue1,3,zero,21,2.2832085960544646e-05,0.0004797708430218741,170,-0.00036324263783171773,0.0008328812891535252,40
synonym,pcasub_matched_cf_k3_zero,cue1,3,zero,22,-0.000146163918543607,0.0004656384010265883,170,-0.0003365337906870991,0.0008817695905130962,40
synonym,pcasub_matched_cf_k3_zero,cue1,3,zero,23,0.0007564726984128356,0.0004250781621418629,170,-4.7653913497924805e-05,0.0008178236525759195,40
synonym,pcasub_matched_cf_k3_zero,cue1,3,zero,24,0.0011145395692437887,0.00038020860077915216,170,0.0013091086875647306,0.0007374740934721653,40
synonym,pcasub_matched_cf_k3_zero,cue1,3,zero,25,0.0012528980150818825,0.0003588999547050784,170,0.0011199295986443758,0.0005963039739721222,40
synonym,pcasub_matched_cf_k3_zero,cue1,3,zero,26,0.0013389320811256766,0.0003103135402045721,170,0.0019312262302264571,0.0005318787945443477,40
synonym,pcasub_matched_cf_k3_zero,cue1,3,zero,27,0.0,0.0,170,0.0,0.0,40
synonym,pcasub_matched_cf_k3_zero,target1,3,zero,0,-0.0825418159365654,0.024221637496819992,170,-0.10151901096105576,0.053398914317305535,40
synonym,pcasub_matched_cf_k3_zero,target1,3,zero,1,-0.11168553680181503,0.02564486792440025,170,-0.1500215083360672,0.0568109806118156,40
synonym,pcasub_matched_cf_k3_zero,target1,3,zero,2,-0.05841001495718956,0.021621523886154678,170,-0.06772549450397491,0.04894509291194348,40
synonym,pcasub_matched_cf_k3_zero,target1,3,zero,3,-0.06272473931312561,0.02177895837211719,170,-0.08516404777765274,0.05019118616873031,40
synonym,pcasub_matched_cf_k3_zero,target1,3,zero,4,-0.10781926661729813,0.02273569567709334,170,-0.13212460279464722,0.05064244625879237,40
synonym,pcasub_matched_cf_k3_zero,target1,3,zero,5,-0.07430100440979004,0.019831348613808194,170,-0.09582291543483734,0.04921913334213874,40
synonym,pcasub_matched_cf_k3_zero,target1,3,zero,6,-0.04407602176070213,0.018925087168023214,170,-0.07114757597446442,0.041738587313283323,40
synonym,pcasub_matched_cf_k3_zero,target1,3,zero,7,-0.017990052700042725,0.01358222330125915,170,-0.03312570974230766,0.030688692482884042,40
synonym,pcasub_matched_cf_k3_zero,target1,3,zero,8,0.03227727487683296,0.007297270254485047,170,0.0316600576043129,0.014540840342552477,40
synonym,pcasub_matched_cf_k3_zero,target1,3,zero,9,0.03370080143213272,0.0064687837579281374,170,0.03750890493392944,0.01294607662903271,40
synonym,pcasub_matched_cf_k3_zero,target1,3,zero,10,0.033056460320949554,0.006107741820663659,170,0.03947349637746811,0.012210150185911192,40
synonym,pcasub_matched_cf_k3_zero,target1,3,zero,11,0.02228635922074318,0.006005878665934245,170,0.03263571113348007,0.011980061258613978,40
synonym,pcasub_matched_cf_k3_zero,target1,3,zero,12,0.025670548900961876,0.005763281739148053,170,0.033208031207323074,0.011678868179184027,40
synonym,pcasub_matched_cf_k3_zero,target1,3,zero,13,0.02016204595565796,0.005355330830265101,170,0.026721905916929245,0.011075577285428372,40
synonym,pcasub_matched_cf_k3_zero,target1,3,zero,14,0.020087307319045067,0.005139024984916286,170,0.025541717186570168,0.01067171917809465,40
synonym,pcasub_matched_cf_k3_zero,target1,3,zero,15,0.023216351866722107,0.0046036352745414885,170,0.025093775242567062,0.010077751294710087,40
synonym,pcasub_matched_cf_k3_zero,target1,3,zero,16,0.01786917820572853,0.0035293829670211383,170,0.02132890745997429,0.007315540879101415,40
synonym,pcasub_matched_cf_k3_zero,target1,3,zero,17,0.016737578436732292,0.0032535503281229503,170,0.02241859957575798,0.007316770164080217,40
synonym,pcasub_matched_cf_k3_zero,target1,3,zero,18,0.01152281928807497,0.0023819798925796914,170,0.015359479002654552,0.0054007961115619335,40
synonym,pcasub_matched_cf_k3_zero,target1,3,zero,19,0.010592123493552208,0.001997409468874662,170,0.010546332225203514,0.004519280977738268,40
synonym,pcasub_matched_cf_k3_zero,target1,3,zero,20,0.008668072521686554,0.0018088208599871846,170,0.007921332493424416,0.003670590462341133,40
synonym,pcasub_matched_cf_k3_zero,target1,3,zero,21,0.0027831129264086485,0.0014326293649073432,170,6.346702866721898e-05,0.003231716287245169,40
synonym,pcasub_matched_cf_k3_zero,target1,3,zero,22,0.002681026002392173,0.0011770761133024145,170,0.0003391384962014854,0.0022885341343070313,40
synonym,pcasub_matched_cf_k3_zero,target1,3,zero,23,0.0014097087550908327,0.0007833290398809633,170,0.0015792071353644133,0.0014843446775746987,40
synonym,pcasub_matched_cf_k3_zero,target1,3,zero,24,-5.611006054095924e-05,0.000530558562016439,170,0.00037236808566376567,0.0011428054137395738,40
synonym,pcasub_matched_cf_k3_zero,target1,3,zero,25,0.0006081293686293066,0.0004299782039451083,170,0.000352579343598336,0.0008544434748547085,40
synonym,pcasub_matched_cf_k3_zero,target1,3,zero,26,0.00017331067647319287,0.00027437621575886266,170,0.00033755897311493754,0.0006410750615456309,40
synonym,pcasub_matched_cf_k3_zero,target1,3,zero,27,0.0,0.0,170,0.0,0.0,40
synonym,pcasub_matched_cf_k3_zero,final_cue,3,zero,0,-0.39267608523368835,0.09327974435975049,170,-0.4991969168186188,0.21336843686988216,40
synonym,pcasub_matched_cf_k3_zero,final_cue,3,zero,1,-0.2120278775691986,0.08818095800383235,170,-0.3006141185760498,0.20620566954883862,40
synonym,pcasub_matched_cf_k3_zero,final_cue,3,zero,2,-0.28190693259239197,0.08784111510456401,170,-0.37909913063049316,0.20658560165912446,40
synonym,pcasub_matched_cf_k3_zero,final_cue,3,zero,3,-0.28516894578933716,0.0880180034707772,170,-0.3748789429664612,0.2041771408206954,40
synonym,pcasub_matched_cf_k3_zero,final_cue,3,zero,4,-0.297086238861084,0.0887031841733349,170,-0.3999328017234802,0.20531978329674583,40
synonym,pcasub_matched_cf_k3_zero,final_cue,3,zero,5,-0.27077722549438477,0.08859580040007942,170,-0.3594384789466858,0.20633761005446946,40
synonym,pcasub_matched_cf_k3_zero,final_cue,3,zero,6,-0.2773219347000122,0.08869194750604406,170,-0.36436721682548523,0.20929439678565664,40
synonym,pcasub_matched_cf_k3_zero,final_cue,3,zero,7,-0.37866514921188354,0.08899062891129825,170,-0.5036298036575317,0.20420511220788914,40
synonym,pcasub_matched_cf_k3_zero,final_cue,3,zero,8,-0.40824803709983826,0.08923041152836071,170,-0.5292461514472961,0.20121047740022957,40
synonym,pcasub_matched_cf_k3_zero,final_cue,3,zero,9,-0.4482410252094269,0.0894539197208685,170,-0.5783733129501343,0.20054787218095146,40
synonym,pcasub_matched_cf_k3_zero,final_cue,3,zero,10,-0.44731199741363525,0.08916507611382825,170,-0.5754291415214539,0.20156503923614696,40
synonym,pcasub_matched_cf_k3_zero,final_cue,3,zero,11,-0.46926817297935486,0.08901684170635348,170,-0.5943511128425598,0.1999576080560464,40
synonym,pcasub_matched_cf_k3_zero,final_cue,3,zero,12,-0.4161197543144226,0.08849598697712238,170,-0.5471838712692261,0.20146018423145776,40
synonym,pcasub_matched_cf_k3_zero,final_cue,3,zero,13,-0.4711032509803772,0.0877804608728248,170,-0.6206724643707275,0.1985696127854536,40
synonym,pcasub_matched_cf_k3_zero,final_cue,3,zero,14,-0.41336962580680847,0.0879550543623171,170,-0.5572810769081116,0.20149803230793015,40
synonym,pcasub_matched_cf_k3_zero,final_cue,3,zero,15,-0.4331209063529968,0.08779018895581704,170,-0.5689020752906799,0.20213702017670032,40
synonym,pcasub_matched_cf_k3_zero,final_cue,3,zero,16,-0.443710595369339,0.08677079740203913,170,-0.5681190490722656,0.1974500975951759,40
synonym,pcasub_matched_cf_k3_zero,final_cue,3,zero,17,-0.42764928936958313,0.08513963377196734,170,-0.5423985123634338,0.19622323937924568,40
synonym,pcasub_matched_cf_k3_zero,final_cue,3,zero,18,-0.42455631494522095,0.08515898936566525,170,-0.5518377423286438,0.1935127667234276,40
synonym,pcasub_matched_cf_k3_zero,final_cue,3,zero,19,-0.4345054626464844,0.08494730298829747,170,-0.5604599118232727,0.19268727152562642,40
synonym,pcasub_matched_cf_k3_zero,final_cue,3,zero,20,-0.4195301830768585,0.08465585364474146,170,-0.5251306295394897,0.1895366264943802,40
synonym,pcasub_matched_cf_k3_zero,final_cue,3,zero,21,-0.3982650339603424,0.0837953845896206,170,-0.4935982823371887,0.18241185803895835,40
synonym,pcasub_matched_cf_k3_zero,final_cue,3,zero,22,-0.35964807868003845,0.08223648671891973,170,-0.4702425003051758,0.18171707818494998,40
synonym,pcasub_matched_cf_k3_zero,final_cue,3,zero,23,-0.37456369400024414,0.08209604209218685,170,-0.49497517943382263,0.18271897783877963,40
synonym,pcasub_matched_cf_k3_zero,final_cue,3,zero,24,-0.36426177620887756,0.08125821094448027,170,-0.44942331314086914,0.17569902669075965,40
synonym,pcasub_matched_cf_k3_zero,final_cue,3,zero,25,-0.34988999366760254,0.08125289889916214,170,-0.4416833519935608,0.17451184486973698,40
synonym,pcasub_matched_cf_k3_zero,final_cue,3,zero,26,-0.36149466037750244,0.08317104097750498,170,-0.450357586145401,0.17720439246543293,40
synonym,pcasub_matched_cf_k3_zero,final_cue,3,zero,27,-0.31297755241394043,0.08844520711533771,170,-0.4193041920661926,0.18444800161914082,40
synonym,pcasub_matched_cf_k3_mean,cue1,3,mean,0,0.031246628612279892,0.0067907830763978706,170,0.03528127819299698,0.013252739349245196,40
synonym,pcasub_matched_cf_k3_mean,cue1,3,mean,1,0.033581919968128204,0.006745688977405298,170,0.03791382163763046,0.012802371035636374,40
synonym,pcasub_matched_cf_k3_mean,cue1,3,mean,2,0.02941184863448143,0.006339717513980823,170,0.03347126767039299,0.010714628115390167,40
synonym,pcasub_matched_cf_k3_mean,cue1,3,mean,3,0.028941793367266655,0.0062321280246846085,170,0.0315055325627327,0.01080930249642167,40
synonym,pcasub_matched_cf_k3_mean,cue1,3,mean,4,0.02193831466138363,0.00579539115593711,170,0.014481169171631336,0.010992546654018791,40
synonym,pcasub_matched_cf_k3_mean,cue1,3,mean,5,0.018336400389671326,0.00482397829718942,170,0.018562978133559227,0.010932794097531222,40
synonym,pcasub_matched_cf_k3_mean,cue1,3,mean,6,0.015458974055945873,0.003690339197314075,170,0.01715065911412239,0.007713958207638207,40
synonym,pcasub_matched_cf_k3_mean,cue1,3,mean,7,0.0027406837325543165,0.0029633558524153197,170,0.007280153222382069,0.006826727222624177,40
synonym,pcasub_matched_cf_k3_mean,cue1,3,mean,8,-0.006288614124059677,0.002518210054786695,170,-0.001973384525626898,0.006170666605837443,40
synonym,pcasub_matched_cf_k3_mean,cue1,3,mean,9,0.0019215744687244296,0.002004241384301968,170,0.00386826996691525,0.005023450388598524,40
synonym,pcasub_matched_cf_k3_mean,cue1,3,mean,10,0.0026467943098396063,0.0014443053216601435,170,0.0051243724301457405,0.0034422468016429546,40
synonym,pcasub_matched_cf_k3_mean,cue1,3,mean,11,0.00018462013395037502,0.0009412191011586508,170,0.00045465826406143606,0.0022849100407980123,40
synonym,pcasub_matched_cf_k3_mean,cue1,3,mean,12,-0.0014386759139597416,0.0007744722500361876,170,-0.0018929243087768555,0.0016958737283214605,40
synonym,pcasub_matched_cf_k3_mean,cue1,3,mean,13,-0.0004991345340386033,0.00037353532956241456,170,-0.000577604747377336,0.0008344117106658257,40
synonym,pcasub_matched_cf_k3_mean,cue1,3,mean,14,0.00010551459854468703,0.000331401434395367,170,-0.00018606781668495387,0.000766211574952226,40
synonym,pcasub_matched_cf_k3_mean,cue1,3,mean,15,-4.840879046241753e-05,0.0003084348456056208,170,0.0004551649035420269,0.000666706419079794,40
synonym,pcasub_matched_cf_k3_mean,cue1,3,mean,16,0.00010058564657811075,0.00025780375294726684,170,-1.5485285985050723e-05,0.0004101971049913888,40
synonym,pcasub_matched_cf_k3_mean,cue1,3,mean,17,7.762803579680622e-05,0.00025978101981572946,170,-0.00020347237295936793,0.0005589082281338519,40
synonym,pcasub_matched_cf_k3_mean,cue1,3,mean,18,-0.0002268068928970024,0.00026219311182234454,170,-0.000611293304245919,0.0006216725917214952,40
synonym,pcasub_matched_cf_k3_mean,cue1,3,mean,19,-8.354186866199598e-05,0.00025723489095133323,170,-0.00027851463528349996,0.000578806174315489,40
synonym,pcasub_matched_cf_k3_mean,cue1,3,mean,20,0.00010287306213285774,0.0002350208442959615,170,-0.00024284124083351344,0.000492256589487314,40
synonym,pcasub_matched_cf_k3_mean,cue1,3,mean,21,0.0001648401521379128,0.00023699245040184532,170,0.0001493990421295166,0.0005053109686557658,40
synonym,pcasub_matched_cf_k3_mean,cue1,3,mean,22,0.0001276756083825603,0.00022957008350870704,170,0.00036249757977202535,0.00045240739080368455,40
synonym,pcasub_matched_cf_k3_mean,cue1,3,mean,23,-7.005018414929509e-05,0.00023734948916210075,170,-0.0001923680247273296,0.0004891873161123252,40
synonym,pcasub_matched_cf_k3_mean,cue1,3,mean,24,0.0002465801953803748,0.0001899339239360602,170,0.0004062354564666748,0.0004187469896485446,40
synonym,pcasub_matched_cf_k3_mean,cue1,3,mean,25,-3.3335825719404966e-05,0.00016495731799845206,170,-0.0001218497782247141,0.00015201002232768427,40
synonym,pcasub_matched_cf_k3_mean,cue1,3,mean,26,-1.7090755136450753e-05,0.0001438834596416854,170,-0.0005481719854287803,0.0003369404892917641,40
synonym,pcasub_matched_cf_k3_mean,cue1,3,mean,27,0.0,0.0,170,0.0,0.0,40
synonym,pcasub_matched_cf_k3_mean,target1,3,mean,0,-0.026393376290798187,0.01071385368776203,170,-0.019587427377700806,0.01674912151705452,40
synonym,pcasub_matched_cf_k3_mean,target1,3,mean,1,-0.013687430880963802,0.010135784756139327,170,-0.005259382538497448,0.0169382405612729,40
synonym,pcasub_matched_cf_k3_mean,target1,3,mean,2,-0.021768342703580856,0.008740304851018664,170,-0.020379478111863136,0.014314496405142766,40
synonym,pcasub_matched_cf_k3_mean,target1,3,mean,3,-0.020059866830706596,0.007824090748896992,170,-0.02237512543797493,0.013749568391439508,40
synonym,pcasub_matched_cf_k3_mean,target1,3,mean,4,-0.02374146319925785,0.008161413055233083,170,-0.03339720517396927,0.013608533415241968,40
synonym,pcasub_matched_cf_k3_mean,target1,3,mean,5,-0.02485017292201519,0.007150104998988556,170,-0.03638234734535217,0.012687922071323448,40
synonym,pcasub_matched_cf_k3_mean,target1,3,mean,6,-0.030173666775226593,0.005831458320776228,170,-0.037534575909376144,0.009510251619187256,40
synonym,pcasub_matched_cf_k3_mean,target1,3,mean,7,-0.03892788663506508,0.0055631520318011355,170,-0.048731785267591476,0.008955457696552652,40
synonym,pcasub_matched_cf_k3_mean,target1,3,mean,8,-0.020079230889678,0.004199132966507818,170,-0.021056294441223145,0.007337828811211082,40
synonym,pcasub_matched_cf_k3_mean,target1,3,mean,9,-0.019177380949258804,0.004092526628456207,170,-0.01793702319264412,0.006864645981510298,40
synonym,pcasub_matched_cf_k3_mean,target1,3,mean,10,-0.015071438625454903,0.0036990915576965134,170,-0.01331819873303175,0.0066075587282483726,40
synonym,pcasub_matched_cf_k3_mean,target1,3,mean,11,-0.01060904935002327,0.0029239060872899847,170,-0.003745120717212558,0.005682445503595315,40
synonym,pcasub_matched_cf_k3_mean,target1,3,mean,12,-0.00918735470622778,0.002552810064252072,170,-0.0040389178320765495,0.004905926150268194,40
synonym,pcasub_matched_cf_k3_mean,target1,3,mean,13,-0.012193402275443077,0.0023121645826854804,170,-0.008172738365828991,0.004098880535001023,40
synonym,pcasub_matched_cf_k3_mean,target1,3,mean,14,-0.008744205348193645,0.002098106470798248,170,-0.0060728611424565315,0.0038764468076209115,40
synonym,pcasub_matched_cf_k3_mean,target1,3,mean,15,0.003994180355221033,0.0013754690201180503,170,0.005200761370360851,0.003066787415595986,40
synonym,pcasub_matched_cf_k3_mean,target1,3,mean,16,0.0023329569958150387,0.0010398355853329197,170,0.003548568580299616,0.001854904299799836,40
synonym,pcasub_matched_cf_k3_mean,target1,3,mean,17,0.0031939316540956497,0.0009663728871792465,170,0.0037270307075232267,0.0019752308013245355,40
synonym,pcasub_matched_cf_k3_mean,target1,3,mean,18,0.0009194553131237626,0.0006725520233913106,170,0.001417094492353499,0.0013830788669527408,40
synonym,pcasub_matched_cf_k3_mean,target1,3,mean,19,-0.0006317577208392322,0.0005713087310929258,170,-0.0005048632738180459,0.0008757096043208797,40
synonym,pcasub_matched_cf_k3_mean,target1,3,mean,20,0.0003434503742028028,0.0005493035433622288,170,0.00010126829147338867,0.0009326699109560234,40
synonym,pcasub_matched_cf_k3_mean,target1,3,mean,21,-0.0002864715061150491,0.0004071099017081502,170,-0.0008741915225982666,0.0007090689665916681,40
synonym,pcasub_matched_cf_k3_mean,target1,3,mean,22,-0.00014020064554642886,0.0003840390620290186,170,-0.0010515510803088546,0.0006617573984508941,40
synonym,pcasub_matched_cf_k3_mean,target1,3,mean,23,0.00022101927606854588,0.0002441976190134498,170,0.0005221903556957841,0.000551663501608987,40
synonym,pcasub_matched_cf_k3_mean,target1,3,mean,24,-2.658367156982422e-05,0.00022339190580142633,170,-0.00022298097610473633,0.0005072607724895358,40
synonym,pcasub_matched_cf_k3_mean,target1,3,mean,25,0.00011373408051440492,0.0001740657171326145,170,0.0006448447820730507,0.0004512026237871458,40
synonym,pcasub_matched_cf_k3_mean,target1,3,mean,26,-8.340617932844907e-05,0.00014354601033426582,170,0.000442141288658604,0.00035193388586314046,40
synonym,pcasub_matched_cf_k3_mean,target1,3,mean,27,0.0,0.0,170,0.0,0.0,40
synonym,pcasub_matched_cf_k3_mean,final_cue,3,mean,0,-0.015133644454181194,0.019096447487075528,170,-0.021358292549848557,0.036515609306024446,40
synonym,pcasub_matched_cf_k3_mean,final_cue,3,mean,1,-0.013111715205013752,0.019169630968561436,170,-0.016957944259047508,0.03684874259017912,40
synonym,pcasub_matched_cf_k3_mean,final_cue,3,mean,2,-0.012419992126524448,0.019170870979140216,170,-0.013427632860839367,0.03646406768993194,40
synonym,pcasub_matched_cf_k3_mean,final_cue,3,mean,3,-0.01150124054402113,0.019246726483421687,170,-0.012062733992934227,0.036621091028115386,40
synonym,pcasub_matched_cf_k3_mean,final_cue,3,mean,4,-0.0128654595464468,0.019364338915368505,170,-0.013421809300780296,0.036495728699122425,40
synonym,pcasub_matched_cf_k3_mean,final_cue,3,mean,5,-0.005843838676810265,0.018888073137963337,170,-0.0028274059295654297,0.03640591491207514,40
synonym,pcasub_matched_cf_k3_mean,final_cue,3,mean,6,-0.0025973033625632524,0.01900588442874952,170,0.003682392882183194,0.03697876289023694,40
synonym,pcasub_matched_cf_k3_mean,final_cue,3,mean,7,-0.021472424268722534,0.018919352261954715,170,-0.022107576951384544,0.037786596908927265,40
synonym,pcasub_matched_cf_k3_mean,final_cue,3,mean,8,-0.03601812571287155,0.019215398216153916,170,-0.031448494642972946,0.03844055060076471,40
synonym,pcasub_matched_cf_k3_mean,final_cue,3,mean,9,-0.038521528244018555,0.018606539307569992,170,-0.029755091294646263,0.037486608964651426,40
synonym,pcasub_matched_cf_k3_mean,final_cue,3,mean,10,-0.032999079674482346,0.017935453582402252,170,-0.025442445650696754,0.03697292452286278,40
synonym,pcasub_matched_cf_k3_mean,final_cue,3,mean,11,-0.01640472747385502,0.01767584908194959,170,-0.00047104357508942485,0.034575954288825886,40
synonym,pcasub_matched_cf_k3_mean,final_cue,3,mean,12,0.008836591616272926,0.01739295066848614,170,0.02577195130288601,0.03471627537264474,40
synonym,pcasub_matched_cf_k3_mean,final_cue,3,mean,13,0.00952209159731865,0.01694742229616512,170,0.02294756844639778,0.0329220282169732,40
synonym,pcasub_matched_cf_k3_mean,final_cue,3,mean,14,0.020391467958688736,0.01671258143554749,170,0.036100782454013824,0.03195444487500987,40
synonym,pcasub_matched_cf_k3_mean,final_cue,3,mean,15,0.01875321753323078,0.016274472555095086,170,0.039245180785655975,0.03173618464965051,40
synonym,pcasub_matched_cf_k3_mean,final_cue,3,mean,16,0.009539020247757435,0.01565836558467648,170,0.03164702653884888,0.030701078397850138,40
synonym,pcasub_matched_cf_k3_mean,final_cue,3,mean,17,0.016283996403217316,0.014195261674070356,170,0.042804695665836334,0.028324047672726706,40
synonym,pcasub_matched_cf_k3_mean,final_cue,3,mean,18,0.020185008645057678,0.013995749114845597,170,0.037896424531936646,0.026596027582640472,40
synonym,pcasub_matched_cf_k3_mean,final_cue,3,mean,19,0.015641219913959503,0.013958119079530457,170,0.036463428288698196,0.026791431471479752,40
synonym,pcasub_matched_cf_k3_mean,final_cue,3,mean,20,0.016999665647745132,0.013756767647475045,170,0.03921462222933769,0.026713511178582908,40
synonym,pcasub_matched_cf_k3_mean,final_cue,3,mean,21,0.015138729475438595,0.013697838001877205,170,0.04465986043214798,0.02653553757296965,40
synonym,pcasub_matched_cf_k3_mean,final_cue,3,mean,22,0.020215967670083046,0.013100164331573948,170,0.04351402074098587,0.025235303943345472,40
synonym,pcasub_matched_cf_k3_mean,final_cue,3,mean,23,0.02129431813955307,0.012984801061672328,170,0.041027624160051346,0.024949287556183756,40
synonym,pcasub_matched_cf_k3_mean,final_cue,3,mean,24,0.021070173010230064,0.013029766016706005,170,0.03889555484056473,0.024046187780267046,40
synonym,pcasub_matched_cf_k3_mean,final_cue,3,mean,25,0.022092659026384354,0.012770222088198663,170,0.04118220880627632,0.023504103144641353,40
synonym,pcasub_matched_cf_k3_mean,final_cue,3,mean,26,0.023089321330189705,0.012821075093464484,170,0.04152145981788635,0.023652738836395414,40
synonym,pcasub_matched_cf_k3_mean,final_cue,3,mean,27,0.025212464854121208,0.012834261491674593,170,0.04543498903512955,0.024210727015110536,40
synonym,pcasub_matched_cf_k4_zero,cue1,4,zero,0,-0.2401980608701706,0.0380602858428358,170,-0.24826112389564514,0.06931542998573753,40
synonym,pcasub_matched_cf_k4_zero,cue1,4,zero,1,-0.01848861388862133,0.017573071062272422,170,-0.011810380034148693,0.03820369147627231,40
synonym,pcasub_matched_cf_k4_zero,cue1,4,zero,2,0.03050999343395233,0.01579666619311831,170,0.062389809638261795,0.033705886760926035,40
synonym,pcasub_matched_cf_k4_zero,cue1,4,zero,3,0.011775493621826172,0.014309448933939197,170,0.03722352534532547,0.027480839462044566,40
synonym,pcasub_matched_cf_k4_zero,cue1,4,zero,4,0.033603470772504807,0.013405155504943764,170,0.03385802358388901,0.02581012396085036,40
synonym,pcasub_matched_cf_k4_zero,cue1,4,zero,5,0.03201466426253319,0.012987225082352137,170,0.05170614644885063,0.025567897685075336,40
synonym,pcasub_matched_cf_k4_zero,cue1,4,zero,6,-0.008756624534726143,0.00982952957198598,170,0.002752286149188876,0.01887016292240931,40
synonym,pcasub_matched_cf_k4_zero,cue1,4,zero,7,-0.01794995740056038,0.007898770243145684,170,-0.0005616366979666054,0.01562587547337206,40
synonym,pcasub_matched_cf_k4_zero,cue1,4,zero,8,-0.031121332198381424,0.006007599823474931,170,-0.020460736006498337,0.012049406596685045,40
synonym,pcasub_matched_cf_k4_zero,cue1,4,zero,9,-0.020025713369250298,0.00472572974472548,170,-0.009393220767378807,0.00998999907806329,40
synonym,pcasub_matched_cf_k4_zero,cue1,4,zero,10,0.0017690900713205338,0.0037065667643261524,170,0.005111420061439276,0.007716425023877412,40
synonym,pcasub_matched_cf_k4_zero,cue1,4,zero,11,-0.005053325556218624,0.002423174386875378,170,-0.004332047887146473,0.005650090039689923,40
synonym,pcasub_matched_cf_k4_zero,cue1,4,zero,12,-0.0008537222165614367,0.001851096649221902,170,-0.005590945482254028,0.0038197798330027507,40
synonym,pcasub_matched_cf_k4_zero,cue1,4,zero,13,-0.0030065998435020447,0.000904859290965773,170,-0.004915756173431873,0.0018551340176444612,40
synonym,pcasub_matched_cf_k4_zero,cue1,4,zero,14,0.001538280164822936,0.0007723998037843018,170,0.00030591487302444875,0.0015397937058512607,40
synonym,pcasub_matched_cf_k4_zero,cue1,4,zero,15,0.0008867625147104263,0.0007078061812945027,170,1.1354684829711914e-05,0.0013767636877959502,40
synonym,pcasub_matched_cf_k4_zero,cue1,4,zero,16,-0.0007522453088313341,0.0006848550569224009,170,-0.00018109679513145238,0.0013595341131739226,40
synonym,pcasub_matched_cf_k4_zero,cue1,4,zero,17,-0.0003557135059963912,0.000614247883129782,170,-0.0003317594528198242,0.001290931529467143,40
synonym,pcasub_matched_cf_k4_zero,cue1,4,zero,18,-0.0005897125811316073,0.0005426596295388022,170,-0.001484686159528792,0.0011690469224847652,40
synonym,pcasub_matched_cf_k4_zero,cue1,4,zero,19,-0.00042186168138869107,0.000550878271082263,170,-0.0010809898376464844,0.0010872670016606482,40
synonym,pcasub_matched_cf_k4_zero,cue1,4,zero,20,9.502522880211473e-05,0.0004981787143488532,170,0.00013263225264381617,0.0009753583338462024,40
synonym,pcasub_matched_cf_k4_zero,cue1,4,zero,21,-7.872826972743496e-05,0.000511645936383299,170,-6.468892388511449e-05,0.0010315702167984569,40
synonym,pcasub_matched_cf_k4_zero,cue1,4,zero,22,-0.00010926688264589757,0.0004888252416953477,170,-1.811981201171875e-05,0.0010081704355953012,40
synonym,pcasub_matched_cf_k4_zero,cue1,4,zero,23,0.0009295789641328156,0.00048072731546744787,170,0.0011663377517834306,0.000985154548251721,40
synonym,pcasub_matched_cf_k4_zero,cue1,4,zero,24,0.0012315931962803006,0.00040910391871951167,170,0.0009473681566305459,0.0008672967772815988,40
synonym,pcasub_matched_cf_k4_zero,cue1,4,zero,25,0.0012662954395636916,0.0003781758691517942,170,0.0010885238880291581,0.0006780692061071358,40
synonym,pcasub_matched_cf_k4_zero,cue1,4,zero,26,0.0013941017678007483,0.0003092918529169231,170,0.0018822550773620605,0.0005411106540527343,40
synonym,pcasub_matched_cf_k4_zero,cue1,4,zero,27,0.0,0.0,170,0.0,0.0,40
synonym,pcasub_matched_cf_k4_zero,target1,4,zero,0,-0.08705351501703262,0.023614162600043353,170,-0.09981519728899002,0.05189729942272091,40
synonym,pcasub_matched_cf_k4_zero,target1,4,zero,1,-0.11557487398386002,0.025237822166096463,170,-0.1489378660917282,0.05463755764768514,40
synonym,pcasub_matched_cf_k4_zero,target1,4,zero,2,-0.0630255714058876,0.021795136795852873,170,-0.06300951540470123,0.04812171347439329,40
synonym,pcasub_matched_cf_k4_zero,target1,4,zero,3,-0.06492669880390167,0.021846444662142063,170,-0.07707705348730087,0.04896275409105435,40
synonym,pcasub_matched_cf_k4_zero,target1,4,zero,4,-0.1173432320356369,0.022970765111089544,170,-0.14406666159629822,0.04940123008855297,40
synonym,pcasub_matched_cf_k4_zero,target1,4,zero,5,-0.07881385833024979,0.02005375051116366,170,-0.10414643585681915,0.04762521663954351,40
synonym,pcasub_matched_cf_k4_zero,target1,4,zero,6,-0.03219471871852875,0.019011270760415686,170,-0.06589269638061523,0.041086622153352174,40
synonym,pcasub_matched_cf_k4_zero,target1,4,zero,7,-0.013587435707449913,0.014046467261818057,170,-0.03316649794578552,0.030176789237921407,40
synonym,pcasub_matched_cf_k4_zero,target1,4,zero,8,0.037853438407182693,0.008211598054800012,170,0.03583267331123352,0.015155256648229363,40
synonym,pcasub_matched_cf_k4_zero,target1,4,zero,9,0.027002161368727684,0.007149836425268728,170,0.02892901375889778,0.012972285668044094,40
synonym,pcasub_matched_cf_k4_zero,target1,4,zero,10,0.03356792405247688,0.006960314236988125,170,0.03757315129041672,0.013915264461787726,40
synonym,pcasub_matched_cf_k4_zero,target1,4,zero,11,0.032867953181266785,0.006541363805694599,170,0.03840716928243637,0.012614564328232929,40
synonym,pcasub_matched_cf_k4_zero,target1,4,zero,12,0.04088068753480911,0.006110982991171882,170,0.042728930711746216,0.012418622075009067,40
synonym,pcasub_matched_cf_k4_zero,target1,4,zero,13,0.034308984875679016,0.005571648104282844,170,0.03469774127006531,0.01115460493614033,40
synonym,pcasub_matched_cf_k4_zero,target1,4,zero,14,0.03555063158273697,0.005395259170901832,170,0.034188032150268555,0.010867067699043172,40
synonym,pcasub_matched_cf_k4_zero,target1,4,zero,15,0.03909363970160484,0.004887647411792056,170,0.03424333781003952,0.010436352630572202,40
synonym,pcasub_matched_cf_k4_zero,target1,4,zero,16,0.03365343436598778,0.0037753502082744496,170,0.03108394704759121,0.007684525461540584,40
synonym,pcasub_matched_cf_k4_zero,target1,4,zero,17,0.03347340226173401,0.0035207580362972566,170,0.03300181031227112,0.007716151129524206,40
synonym,pcasub_matched_cf_k4_zero,target1,4,zero,18,0.024771034717559814,0.0027067993779659803,170,0.02649484947323799,0.0056977776971737564,40
synonym,pcasub_matched_cf_k4_zero,target1,4,zero,19,0.01575346291065216,0.0022715845222030817,170,0.014672458171844482,0.004247694405339696,40
synonym,pcasub_matched_cf_k4_zero,target1,4,zero,20,0.011471650563180447,0.00209983091408125,170,0.011464756913483143,0.0034978662039876133,40
synonym,pcasub_matched_cf_k4_zero,target1,4,zero,21,0.004592637065798044,0.0016745915719928999,170,0.0012809574836865067,0.002642159575497524,40
synonym,pcasub_matched_cf_k4_zero,target1,4,zero,22,0.004606720060110092,0.0014292689076671758,170,0.002554261591285467,0.0017765401802467746,40
synonym,pcasub_matched_cf_k4_zero,target1,4,zero,23,0.002420838689431548,0.000868057405572891,170,0.002829438541084528,0.0015413273669741905,40
synonym,pcasub_matched_cf_k4_zero,target1,4,zero,24,0.00238495459780097,0.0006973753780215009,170,0.003132599638774991,0.0012032833484980543,40
synonym,pcasub_matched_cf_k4_zero,target1,4,zero,25,0.0014464816777035594,0.0004931513143162319,170,0.0017105222214013338,0.0009113603412564135,40
synonym,pcasub_matched_cf_k4_zero,target1,4,zero,26,0.00043173221638426185,0.00033689640984554,170,0.0015386820305138826,0.000719071117154692,40
synonym,pcasub_matched_cf_k4_zero,target1,4,zero,27,0.0,0.0,170,0.0,0.0,40
synonym,pcasub_matched_cf_k4_zero,final_cue,4,zero,0,-0.5890570878982544,0.12316319930153474,170,-0.6391845941543579,0.2585944002334253,40
synonym,pcasub_matched_cf_k4_zero,final_cue,4,zero,1,-0.38603663444519043,0.11792812835437383,170,-0.4057205319404602,0.23724833013536473,40
synonym,pcasub_matched_cf_k4_zero,final_cue,4,zero,2,-0.4616473615169525,0.11729545552834286,170,-0.49883565306663513,0.23773232560730598,40
synonym,pcasub_matched_cf_k4_zero,final_cue,4,zero,3,-0.4622196853160858,0.11852195284898186,170,-0.49485498666763306,0.23798137273600603,40
synonym,pcasub_matched_cf_k4_zero,final_cue,4,zero,4,-0.4772194027900696,0.11890962244198366,170,-0.5216865539550781,0.2402307133246443,40
synonym,pcasub_matched_cf_k4_zero,final_cue,4,zero,5,-0.46378928422927856,0.1186321709321317,170,-0.5009110569953918,0.23967471603391594,40
synonym,pcasub_matched_cf_k4_zero,final_cue,4,zero,6,-0.4876651465892792,0.11794859938615919,170,-0.5201703310012817,0.23906729964327886,40
synonym,pcasub_matched_cf_k4_zero,final_cue,4,zero,7,-0.5876100659370422,0.11870216010065199,170,-0.6636778116226196,0.23886386623223974,40
synonym,pcasub_matched_cf_k4_zero,final_cue,4,zero,8,-0.5574986934661865,0.11775699089436563,170,-0.6144040822982788,0.2343229452445177,40
synonym,pcasub_matched_cf_k4_zero,final_cue,4,zero,9,-0.6575114727020264,0.11949275884540941,170,-0.7246170043945312,0.2355717621303136,40
synonym,pcasub_matched_cf_k4_zero,final_cue,4,zero,10,-0.6422674059867859,0.12030633378618141,170,-0.7013689279556274,0.23897388576529222,40
synonym,pcasub_matched_cf_k4_zero,final_cue,4,zero,11,-0.6201065182685852,0.12042945255081815,170,-0.6685778498649597,0.2394144728108809,40
synonym,pcasub_matched_cf_k4_zero,final_cue,4,zero,12,-0.609847903251648,0.11862524058729325,170,-0.6668137907981873,0.23632570787677556,40
synonym,pcasub_matched_cf_k4_zero,final_cue,4,zero,13,-0.662822961807251,0.1184732575764098,170,-0.7477694749832153,0.23909755171635563,40
synonym,pcasub_matched_cf_k4_zero,final_cue,4,zero,14,-0.5960580706596375,0.1181018258362221,170,-0.6716946363449097,0.2394041437541544,40
synonym,pcasub_matched_cf_k4_zero,final_cue,4,zero,15,-0.6325621008872986,0.11859351460234675,170,-0.6995418667793274,0.2421671852771445,40
synonym,pcasub_matched_cf_k4_zero,final_cue,4,zero,16,-0.6357240676879883,0.11837821676559747,170,-0.6858330368995667,0.24078901014989937,40
synonym,pcasub_matched_cf_k4_zero,final_cue,4,zero,17,-0.6291189789772034,0.11830407670452221,170,-0.678040087223053,0.24479579827354048,40
synonym,pcasub_matched_cf_k4_zero,final_cue,4,zero,18,-0.6373630166053772,0.11826831868517762,170,-0.7010827660560608,0.24172501494548823,40
synonym,pcasub_matched_cf_k4_zero,final_cue,4,zero,19,-0.6453039050102234,0.11781027592037951,170,-0.7011337876319885,0.2371710883936397,40
synonym,pcasub_matched_cf_k4_zero,final_cue,4,zero,20,-0.6120326519012451,0.11723688588581628,170,-0.6472948789596558,0.2312766463045818,40
synonym,pcasub_matched_cf_k4_zero,final_cue,4,zero,21,-0.584690511226654,0.11665070488498787,170,-0.605008602142334,0.22356911548443217,40
synonym,pcasub_matched_cf_k4_zero,final_cue,4,zero,22,-0.5498942732810974,0.11649224867602312,170,-0.5872181057929993,0.22420567187817,40
synonym,pcasub_matched_cf_k4_zero,final_cue,4,zero,23,-0.5716847777366638,0.11713896505043388,170,-0.6230600476264954,0.22777929932182506,40
synonym,pcasub_matched_cf_k4_zero,final_cue,4,zero,24,-0.5541785359382629,0.11672735925322747,170,-0.5548354983329773,0.21860027373966195,40
synonym,pcasub_matched_cf_k4_zero,final_cue,4,zero,25,-0.5493119955062866,0.1177859739987692,170,-0.5577727556228638,0.22209403948012302,40
synonym,pcasub_matched_cf_k4_zero,final_cue,4,zero,26,-0.5685349702835083,0.11856385492074259,170,-0.5924953818321228,0.22026230944045003,40
synonym,pcasub_matched_cf_k4_zero,final_cue,4,zero,27,-0.5550071001052856,0.12835698989652464,170,-0.5813631415367126,0.23975337142391556,40
synonym,pcasub_matched_cf_k4_mean,cue1,4,mean,0,0.030037108808755875,0.0070525253093736764,170,0.0326654426753521,0.01317621032185862,40
synonym,pcasub_matched_cf_k4_mean,cue1,4,mean,1,0.03263996168971062,0.007068149442666311,170,0.03660005331039429,0.012865426816925629,40
synonym,pcasub_matched_cf_k4_mean,cue1,4,mean,2,0.029318613931536674,0.00659600941474446,170,0.03232710435986519,0.010723132387802212,40
synonym,pcasub_matched_cf_k4_mean,cue1,4,mean,3,0.028781991451978683,0.006487663347565155,170,0.030237024649977684,0.010543794611603947,40
synonym,pcasub_matched_cf_k4_mean,cue1,4,mean,4,0.022405190393328667,0.006022575379805852,170,0.013965683989226818,0.010813628260141995,40
synonym,pcasub_matched_cf_k4_mean,cue1,4,mean,5,0.018983684480190277,0.005011642755335638,170,0.020357251167297363,0.010494189693647665,40
synonym,pcasub_matched_cf_k4_mean,cue1,4,mean,6,0.01650455966591835,0.003861741231007983,170,0.018815452232956886,0.006483858024998198,40
synonym,pcasub_matched_cf_k4_mean,cue1,4,mean,7,0.003428108524531126,0.003225427231056277,170,0.008259570226073265,0.006351195969727187,40
synonym,pcasub_matched_cf_k4_mean,cue1,4,mean,8,-0.004050320014357567,0.002704516215630719,170,0.0005911171319894493,0.005874294067023934,40
synonym,pcasub_matched_cf_k4_mean,cue1,4,mean,9,0.003345187520608306,0.0021821037588246332,170,0.006995022296905518,0.004794348364503025,40
synonym,pcasub_matched_cf_k4_mean,cue1,4,mean,10,0.003369729034602642,0.0014914907242083342,170,0.006001025438308716,0.0033661536491410527,40
synonym,pcasub_matched_cf_k4_mean,cue1,4,mean,11,0.0004228984471410513,0.000979727429680972,170,0.0010480761993676424,0.0023090843098241207,40
synonym,pcasub_matched_cf_k4_mean,cue1,4,mean,12,-0.0016449184622615576,0.0008001545405655619,170,-0.002340000821277499,0.0016916285131017826,40
synonym,pcasub_matched_cf_k4_mean,cue1,4,mean,13,0.00021116032439749688,0.00037218121086729755,170,0.0003792524221353233,0.0008237053865560088,40
synonym,pcasub_matched_cf_k4_mean,cue1,4,mean,14,3.0483568480121903e-05,0.0003299582435117858,170,-0.00020096897787880152,0.0007074951048459289,40
synonym,pcasub_matched_cf_k4_mean,cue1,4,mean,15,-9.098929876927286e-05,0.00029753984194386037,170,-0.000413101923186332,0.0006037283516318864,40
synonym,pcasub_matched_cf_k4_mean,cue1,4,mean,16,-0.00011731526319636032,0.0002683302713225478,170,-0.0001992642937693745,0.000614044744425955,40
synonym,pcasub_matched_cf_k4_mean,cue1,4,mean,17,-0.00020825688261538744,0.0002773241516225841,170,-0.0001577436923980713,0.0005767564211310527,40
synonym,pcasub_matched_cf_k4_mean,cue1,4,mean,18,-0.00029266547062434256,0.0002571653903584096,170,-0.0008862674003466964,0.000604572159759555,40
synonym,pcasub_matched_cf_k4_mean,cue1,4,mean,19,-6.190678686834872e-05,0.0002636582493217282,170,-0.0005008876323699951,0.0005074724884069139,40
synonym,pcasub_matched_cf_k4_mean,cue1,4,mean,20,5.168108327779919e-05,0.0002606956169040561,170,-0.00018511414236854762,0.0005659287220639073,40
synonym,pcasub_matched_cf_k4_mean,cue1,4,mean,21,2.1595113139483146e-05,0.00022832182285954355,170,-0.0005342543008737266,0.000528993074562516,40
synonym,pcasub_matched_cf_k4_mean,cue1,4,mean,22,7.590932364109904e-05,0.0002483975119864414,170,-0.0004821837064810097,0.0005448857207798311,40
synonym,pcasub_matched_cf_k4_mean,cue1,4,mean,23,0.00029396414174698293,0.00020972823566247064,170,-0.00011111497587990016,0.0004485252328570342,40
synonym,pcasub_matched_cf_k4_mean,cue1,4,mean,24,0.0002491498598828912,0.0001769610811192632,170,0.0001669466437306255,0.000348537338187075,40
synonym,pcasub_matched_cf_k4_mean,cue1,4,mean,25,0.00020792204304598272,0.00017333362160124548,170,0.00011689066741382703,0.0002157732719949969,40
synonym,pcasub_matched_cf_k4_mean,cue1,4,mean,26,-1.7288853086938616e-06,0.00014750906200100216,170,-0.00045039653195999563,0.0003490027377049838,40
synonym,pcasub_matched_cf_k4_mean,cue1,4,mean,27,0.0,0.0,170,0.0,0.0,40
synonym,pcasub_matched_cf_k4_mean,target1,4,mean,0,-0.01739559695124626,0.01154746422803319,170,-0.010891467332839966,0.015823575362617363,40
synonym,pcasub_matched_cf_k4_mean,target1,4,mean,1,-0.0036395122297108173,0.01085545146718983,170,0.005288922693580389,0.015137561305951855,40
synonym,pcasub_matched_cf_k4_mean,target1,4,mean,2,-0.011472353711724281,0.00945590238449705,170,-0.007862699218094349,0.012660969688927663,40
synonym,pcasub_matched_cf_k4_mean,target1,4,mean,3,-0.008062477223575115,0.008574086861550883,170,-0.010160958394408226,0.012602134825778367,40
synonym,pcasub_matched_cf_k4_mean,target1,4,mean,4,-0.011556674726307392,0.0088602355884577,170,-0.025408471003174782,0.012573843011642381,40
synonym,pcasub_matched_cf_k4_mean,target1,4,mean,5,-0.007866528816521168,0.007890083883326309,170,-0.02432798221707344,0.012537376776358428,40
synonym,pcasub_matched_cf_k4_mean,target1,4,mean,6,-0.01298262644559145,0.006745623833992404,170,-0.024886345490813255,0.00964695140734264,40
synonym,pcasub_matched_cf_k4_mean,target1,4,mean,7,-0.023266812786459923,0.0064605974023744005,170,-0.037253785878419876,0.009769228448976253,40
synonym,pcasub_matched_cf_k4_mean,target1,4,mean,8,-0.007739810273051262,0.004831913793460168,170,-0.010026222094893456,0.007517497616713654,40
synonym,pcasub_matched_cf_k4_mean,target1,4,mean,9,-0.014256501570343971,0.0046375947071134035,170,-0.014613926410675049,0.007231270360350973,40
synonym,pcasub_matched_cf_k4_mean,target1,4,mean,10,-0.011198860593140125,0.004202267278961555,170,-0.010627794079482555,0.007239645637357959,40
synonym,pcasub_matched_cf_k4_mean,target1,4,mean,11,-0.006843021139502525,0.0032089202330888894,170,-0.0008094728109426796,0.006216220832466835,40
synonym,pcasub_matched_cf_k4_mean,target1,4,mean,12,-0.006009988021105528,0.0027004587524442534,170,-0.0016604959964752197,0.005115315143684227,40
synonym,pcasub_matched_cf_k4_mean,target1,4,mean,13,-0.009071385487914085,0.0024556572354216847,170,-0.0059074340388178825,0.004119021783303673,40
synonym,pcasub_matched_cf_k4_mean,target1,4,mean,14,-0.005123119801282883,0.002383053330308834,170,-0.003557008458301425,0.0041135857166676604,40
synonym,pcasub_matched_cf_k4_mean,target1,4,mean,15,0.0056504542008042336,0.0015597334492579349,170,0.004886793904006481,0.0033257698410760696,40
synonym,pcasub_matched_cf_k4_mean,target1,4,mean,16,0.004108326975256205,0.0011760146756756473,170,0.0038677870761603117,0.002058672863284041,40
synonym,pcasub_matched_cf_k4_mean,target1,4,mean,17,0.004800090566277504,0.0010599233995632594,170,0.004130721092224121,0.0019944193095921066,40
synonym,pcasub_matched_cf_k4_mean,target1,4,mean,18,0.0025631915777921677,0.0007729054509552228,170,0.0024060786236077547,0.0015579746952131106,40
synonym,pcasub_matched_cf_k4_mean,target1,4,mean,19,0.00035898544592782855,0.0006183187750022392,170,3.138780448352918e-05,0.0010444551790564976,40
synonym,pcasub_matched_cf_k4_mean,target1,4,mean,20,0.00017299300816375762,0.0005927578069364627,170,0.00010191798355663195,0.0010059524803544399,40
synonym,pcasub_matched_cf_k4_mean,target1,4,mean,21,-0.00011171487858518958,0.0004934336381533649,170,-0.001084184623323381,0.0008015370991570838,40
synonym,pcasub_matched_cf_k4_mean,target1,4,mean,22,0.00024524470791220665,0.00044321820975541236,170,-0.0009843349689617753,0.0006821099577195947,40
synonym,pcasub_matched_cf_k4_mean,target1,4,mean,23,0.0003007019404321909,0.00028177511816610635,170,0.0005420446395874023,0.0005988210778035963,40
synonym,pcasub_matched_cf_k4_mean,target1,4,mean,24,0.0002545160532463342,0.00022578958697081394,170,0.0004137396754231304,0.0005018815462945641,40
synonym,pcasub_matched_cf_k4_mean,target1,4,mean,25,0.00031738035613670945,0.0001986498554362877,170,0.0007354438421316445,0.00043423630434250823,40
synonym,pcasub_matched_cf_k4_mean,target1,4,mean,26,0.00017805695824790746,0.00011644927023793683,170,0.0006642043590545654,0.0003601092641687944,40
synonym,pcasub_matched_cf_k4_mean,target1,4,mean,27,0.0,0.0,170,0.0,0.0,40
synonym,pcasub_matched_cf_k4_mean,final_cue,4,mean,0,0.002653314732015133,0.021643482930634575,170,0.028316378593444824,0.03710114006529001,40
synonym,pcasub_matched_cf_k4_mean,final_cue,4,mean,1,0.005847462452948093,0.02160354430419581,170,0.032900355756282806,0.03743047770382733,40
synonym,pcasub_matched_cf_k4_mean,final_cue,4,mean,2,0.006284310482442379,0.021669974585211655,170,0.03618898242712021,0.037513972483087084,40
synonym,pcasub_matched_cf_k4_mean,final_cue,4,mean,3,0.006739236414432526,0.02171762070597604,170,0.037202805280685425,0.037512561190892926,40
synonym,pcasub_matched_cf_k4_mean,final_cue,4,mean,4,0.0076042041182518005,0.021989357881363573,170,0.03808671236038208,0.03804684720020365,40
synonym,pcasub_matched_cf_k4_mean,final_cue,4,mean,5,0.01748022437095642,0.021486679307196936,170,0.05264430493116379,0.037552183395949956,40
synonym,pcasub_matched_cf_k4_mean,final_cue,4,mean,6,0.02181040309369564,0.021557356481586746,170,0.05911598354578018,0.03801808652605658,40
synonym,pcasub_matched_cf_k4_mean,final_cue,4,mean,7,-0.0005052202031947672,0.021396333393580574,170,0.030672062188386917,0.03930702510596657,40
synonym,pcasub_matched_cf_k4_mean,final_cue,4,mean,8,-0.0037220329977571964,0.021531751691718545,170,0.03187444061040878,0.03933879685093857,40
synonym,pcasub_matched_cf_k4_mean,final_cue,4,mean,9,-0.012384181842207909,0.020801617462796105,170,0.031736768782138824,0.03771862634380326,40
synonym,pcasub_matched_cf_k4_mean,final_cue,4,mean,10,-0.010347004979848862,0.020175193832935426,170,0.03155883029103279,0.03828697656437132,40
synonym,pcasub_matched_cf_k4_mean,final_cue,4,mean,11,0.0013047176180407405,0.019938410098599896,170,0.04898126795887947,0.03609776786117431,40
synonym,pcasub_matched_cf_k4_mean,final_cue,4,mean,12,0.025122951716184616,0.019742913573636736,170,0.07040466368198395,0.034915128563274084,40
synonym,pcasub_matched_cf_k4_mean,final_cue,4,mean,13,0.023245787248015404,0.019393045445983997,170,0.06666451692581177,0.03403914491734497,40
synonym,pcasub_matched_cf_k4_mean,final_cue,4,mean,14,0.03607504814863205,0.018631777237165578,170,0.08066056668758392,0.03237771001707362,40
synonym,pcasub_matched_cf_k4_mean,final_cue,4,mean,15,0.03254637494683266,0.018280026807740254,170,0.08078967779874802,0.03131750915231835,40
synonym,pcasub_matched_cf_k4_mean,final_cue,4,mean,16,0.024281766265630722,0.017788988332877655,170,0.07901102304458618,0.031160360941870646,40
synonym,pcasub_matched_cf_k4_mean,final_cue,4,mean,17,0.02627384290099144,0.016867183897349435,170,0.08013993501663208,0.02920102322852851,40
synonym,pcasub_matched_cf_k4_mean,final_cue,4,mean,18,0.03046434000134468,0.016589680958487295,170,0.07577688992023468,0.02739679335995772,40
synonym,pcasub_matched_cf_k4_mean,final_cue,4,mean,19,0.02628355659544468,0.016611800004332194,170,0.07774699479341507,0.027513784535084497,40
synonym,pcasub_matched_cf_k4_mean,final_cue,4,mean,20,0.02909664623439312,0.016227152151395172,170,0.08276183903217316,0.027601998543501004,40
synonym,pcasub_matched_cf_k4_mean,final_cue,4,mean,21,0.02753421477973461,0.016218014930586555,170,0.08763980120420456,0.027163960776967522,40
synonym,pcasub_matched_cf_k4_mean,final_cue,4,mean,22,0.03103416971862316,0.01581993839165813,170,0.08657361567020416,0.025947238419166296,40
synonym,pcasub_matched_cf_k4_mean,final_cue,4,mean,23,0.032844480127096176,0.015711398037107038,170,0.08453922718763351,0.025625494427944113,40
synonym,pcasub_matched_cf_k4_mean,final_cue,4,mean,24,0.03149636462330818,0.016095011595505998,170,0.08355043828487396,0.02571122512755821,40
synonym,pcasub_matched_cf_k4_mean,final_cue,4,mean,25,0.030752083286643028,0.015833664223041683,170,0.08332082629203796,0.02555531857151171,40
synonym,pcasub_matched_cf_k4_mean,final_cue,4,mean,26,0.03093668632209301,0.015919399811612146,170,0.08104348182678223,0.025600649559517734,40
synonym,pcasub_matched_cf_k4_mean,final_cue,4,mean,27,0.034561630338430405,0.015908194001727407,170,0.08320452272891998,0.026004019958196713,40
synonym,pcasub_icl10_k0_zero,cue1,0,zero,0,-0.027552234008908272,0.00969678101090979,170,-0.04017696529626846,0.02198980311287251,40
synonym,pcasub_icl10_k0_zero,cue1,0,zero,1,-0.0074338484555482864,0.004942106733538376,170,-0.00849795900285244,0.00945845554640532,40
synonym,pcasub_icl10_k0_zero,cue1,0,zero,2,-0.0007707076729275286,0.005054901981531684,170,-0.009142279624938965,0.009849366991624014,40
synonym,pcasub_icl10_k0_zero,cue1,0,zero,3,-0.010735539719462395,0.004267345548443119,170,-0.015836501494050026,0.007809172720114636,40
synonym,pcasub_icl10_k0_zero,cue1,0,zero,4,-0.011324787512421608,0.0038074053388860944,170,-0.01568785309791565,0.007115212193085443,40
synonym,pcasub_icl10_k0_zero,cue1,0,zero,5,-0.00792169850319624,0.003845333376743553,170,-0.009496742859482765,0.007061266785905975,40
synonym,pcasub_icl10_k0_zero,cue1,0,zero,6,-0.010736404918134212,0.0026070916701965486,170,-0.012589335441589355,0.0057774456127500946,40
synonym,pcasub_icl10_k0_zero,cue1,0,zero,7,-0.02467668242752552,0.0024397342424365615,170,-0.02239961549639702,0.0044137927764260655,40
synonym,pcasub_icl10_k0_zero,cue1,0,zero,8,-0.010418918915092945,0.0015256021580770025,170,-0.007934635505080223,0.0032833247571206615,40
synonym,pcasub_icl10_k0_zero,cue1,0,zero,9,-0.011074138805270195,0.001263487636210839,170,-0.011700826697051525,0.0024726484218681845,40
synonym,pcasub_icl10_k0_zero,cue1,0,zero,10,-0.010472320951521397,0.0013149950756311984,170,-0.010682785883545876,0.0026029703002245917,40
synonym,pcasub_icl10_k0_zero,cue1,0,zero,11,-0.009323607198894024,0.0011808168595011895,170,-0.009020984172821045,0.002318632325878924,40
synonym,pcasub_icl10_k0_zero,cue1,0,zero,12,-0.010626737959682941,0.0011035781291334234,170,-0.011208522133529186,0.002123900067225117,40
synonym,pcasub_icl10_k0_zero,cue1,0,zero,13,-0.007898678071796894,0.0010290334217489111,170,-0.008837115950882435,0.0019325487840281008,40
synonym,pcasub_icl10_k0_zero,cue1,0,zero,14,-0.005206070374697447,0.0009262426876775595,170,-0.006726592779159546,0.0017777404559849409,40
synonym,pcasub_icl10_k0_zero,cue1,0,zero,15,-0.004376085940748453,0.000843444981313619,170,-0.006285595707595348,0.0017272312448979909,40
synonym,pcasub_icl10_k0_zero,cue1,0,zero,16,-0.004170906729996204,0.0007526915642207618,170,-0.005627477075904608,0.0016410144564344652,40
synonym,pcasub_icl10_k0_zero,cue1,0,zero,17,-0.0030508525669574738,0.0007181022691325056,170,-0.004699778743088245,0.001295928187097797,40
synonym,pcasub_icl10_k0_zero,cue1,0,zero,18,-0.0020615477114915848,0.0006173774098284058,170,-0.0038187026511877775,0.0012338272074140229,40
synonym,pcasub_icl10_k0_zero,cue1,0,zero,19,-0.00154631317127496,0.0005632523766482546,170,-0.003109800862148404,0.0011581415832037875,40
synonym,pcasub_icl10_k0_zero,cue1,0,zero,20,0.0005344261298887432,0.0003628372740094296,170,-0.0008809507125988603,0.0007161887472247611,40
synonym,pcasub_icl10_k0_zero,cue1,0,zero,21,0.0003627629776019603,0.00036647598362342414,170,-0.00121431949082762,0.0007296189212262148,40
synonym,pcasub_icl10_k0_zero,cue1,0,zero,22,8.573882951168343e-05,0.00036392046182175195,170,-0.0009209632989950478,0.0007216968215697629,40
synonym,pcasub_icl10_k0_zero,cue1,0,zero,23,0.0006383050931617618,0.0003471161398892621,170,-0.001069313264451921,0.0006851208812894985,40
synonym,pcasub_icl10_k0_zero,cue1,0,zero,24,0.0006040033185854554,0.0002746251643112644,170,0.00014979839033912867,0.0005766637240905454,40
synonym,pcasub_icl10_k0_zero,cue1,0,zero,25,0.0002653441042639315,0.00022616537589103075,170,0.0006624042871408165,0.0004016023443642654,40
synonym,pcasub_icl10_k0_zero,cue1,0,zero,26,-0.00014794469461776316,0.00013843733282253566,170,-0.00021688341803383082,9.670951915434993e-05,40
synonym,pcasub_icl10_k0_zero,cue1,0,zero,27,0.0,0.0,170,0.0,0.0,40
synonym,pcasub_icl10_k0_zero,target1,0,zero,0,-0.11506322026252747,0.017303619620670656,170,-0.14321808516979218,0.03389557715465541,40
synonym,pcasub_icl10_k0_zero,target1,0,zero,1,-0.09574486315250397,0.01303796380092867,170,-0.07354150712490082,0.02433140781223406,40
synonym,pcasub_icl10_k0_zero,target1,0,zero,2,-0.13155238330364227,0.010594526955475884,170,-0.12462989240884781,0.015965218207572986,40
synonym,pcasub_icl10_k0_zero,target1,0,zero,3,-0.13498704135417938,0.010505576482335735,170,-0.13570645451545715,0.016402987380934292,40
synonym,pcasub_icl10_k0_zero,target1,0,zero,4,-0.1158686950802803,0.009734888764586155,170,-0.11771941184997559,0.01611773200776041,40
synonym,pcasub_icl10_k0_zero,target1,0,zero,5,-0.12111053615808487,0.009316644625032433,170,-0.12463454157114029,0.015158927421582449,40
synonym,pcasub_icl10_k0_zero,target1,0,zero,6,-0.10474082827568054,0.008529771054912367,170,-0.10773546993732452,0.017455718292598437,40
synonym,pcasub_icl10_k0_zero,target1,0,zero,7,-0.09764150530099869,0.008137045990209877,170,-0.10403704643249512,0.01660370187512521,40
synonym,pcasub_icl10_k0_zero,target1,0,zero,8,-0.054281167685985565,0.005839458389026424,170,-0.058820247650146484,0.012262670753433869,40
synonym,pcasub_icl10_k0_zero,target1,0,zero,9,-0.04472433403134346,0.005587464810646929,170,-0.04934701323509216,0.01100076937481614,40
synonym,pcasub_icl10_k0_zero,target1,0,zero,10,-0.034730710089206696,0.005523044832495668,170,-0.039229460060596466,0.011499287726698618,40
synonym,pcasub_icl10_k0_zero,target1,0,zero,11,-0.012460760772228241,0.004702934407396714,170,-0.020070862025022507,0.009660868185586122,40
synonym,pcasub_icl10_k0_zero,target1,0,zero,12,0.0003633972373791039,0.0049378255541576285,170,-0.006661498453468084,0.010837961859109055,40
synonym,pcasub_icl10_k0_zero,target1,0,zero,13,0.005967931356281042,0.004548121372369758,170,0.0019214749336242676,0.010404473683939378,40
synonym,pcasub_icl10_k0_zero,target1,0,zero,14,0.008585082367062569,0.004827669757253439,170,0.0030284165404736996,0.011441374091008281,40
synonym,pcasub_icl10_k0_zero,target1,0,zero,15,0.02758660539984703,0.003953899160083015,170,0.020860712975263596,0.009025052779152234,40
synonym,pcasub_icl10_k0_zero,target1,0,zero,16,0.028685009106993675,0.0035296455406897786,170,0.022727560251951218,0.007160175043519954,40
synonym,pcasub_icl10_k0_zero,target1,0,zero,17,0.02810777723789215,0.003439387627824168,170,0.0231998972594738,0.006895696176842128,40
synonym,pcasub_icl10_k0_zero,target1,0,zero,18,0.012164859101176262,0.0022063422513223896,170,0.01184532605111599,0.003718153836580823,40
synonym,pcasub_icl10_k0_zero,target1,0,zero,19,0.010439119301736355,0.00197771701516008,170,0.00840991735458374,0.0033140533474700163,40
synonym,pcasub_icl10_k0_zero,target1,0,zero,20,0.007939673960208893,0.0015588022984569568,170,0.006794196553528309,0.0025790687475114615,40
synonym,pcasub_icl10_k0_zero,target1,0,zero,21,0.0017730386462062597,0.0010093136106580805,170,3.6454199289437383e-05,0.0017842746033692684,40
synonym,pcasub_icl10_k0_zero,target1,0,zero,22,0.00033723886008374393,0.000846542436310061,170,-0.0011317431926727295,0.0012898194594911116,40
synonym,pcasub_icl10_k0_zero,target1,0,zero,23,0.0006880749715492129,0.0006008061255982933,170,-0.0007142365211620927,0.0009511577061699737,40
synonym,pcasub_icl10_k0_zero,target1,0,zero,24,0.00099814566783607,0.000555018949264367,170,-0.0013004362117499113,0.0009589343178581631,40
synonym,pcasub_icl10_k0_zero,target1,0,zero,25,0.0007913649315014482,0.00036710645328780233,170,0.0001395106373820454,0.000602961447442907,40
synonym,pcasub_icl10_k0_zero,target1,0,zero,26,0.0003933661209885031,0.00020097166095836487,170,0.0002613067626953125,0.00045994099488091706,40
synonym,pcasub_icl10_k0_zero,target1,0,zero,27,0.0,0.0,170,0.0,0.0,40
synonym,pcasub_icl10_k0_zero,final_cue,0,zero,0,-5.4685187339782715,0.16673352758022586,170,-5.147220611572266,0.36548873392358344,40
synonym,pcasub_icl10_k0_zero,final_cue,0,zero,1,-5.431507110595703,0.1665479442826916,170,-5.120292663574219,0.3652922933593428,40
synonym,pcasub_icl10_k0_zero,final_cue,0,zero,2,-5.445028305053711,0.16668660603707156,170,-5.131246089935303,0.36402099004165867,40
synonym,pcasub_icl10_k0_zero,final_cue,0,zero,3,-5.4569525718688965,0.16734473279454087,170,-5.137415409088135,0.36543614620776776,40
synonym,pcasub_icl10_k0_zero,final_cue,0,zero,4,-5.466182231903076,0.16725251715068776,170,-5.150755405426025,0.36508963274269385,40
synonym,pcasub_icl10_k0_zero,final_cue,0,zero,5,-5.467195510864258,0.1673248743394101,170,-5.151242733001709,0.3650440567223202,40
synonym,pcasub_icl10_k0_zero,final_cue,0,zero,6,-5.43931770324707,0.16554233113217431,170,-5.123553276062012,0.36216986474765794,40
synonym,pcasub_icl10_k0_zero,final_cue,0,zero,7,-5.439403057098389,0.1659627232900532,170,-5.1185221672058105,0.36152886007401597,40
synonym,pcasub_icl10_k0_zero,final_cue,0,zero,8,-5.461219787597656,0.1660660750289106,170,-5.12166690826416,0.36112610225625597,40
synonym,pcasub_icl10_k0_zero,final_cue,0,zero,9,-5.4180755615234375,0.16555931870567014,170,-5.071475982666016,0.35992261635846606,40
synonym,pcasub_icl10_k0_zero,final_cue,0,zero,10,-5.475656509399414,0.16573270532772355,170,-5.135098457336426,0.3571468143037171,40
synonym,pcasub_icl10_k0_zero,final_cue,0,zero,11,-5.368010997772217,0.16068984630607566,170,-5.014728546142578,0.35325977161325783,40
synonym,pcasub_icl10_k0_zero,final_cue,0,zero,12,-5.295815467834473,0.1613937974544821,170,-4.984445095062256,0.353259093062086,40
synonym,pcasub_icl10_k0_zero,final_cue,0,zero,13,-5.0466508865356445,0.16088053136141978,170,-4.72888708114624,0.349940751648183,40
synonym,pcasub_icl10_k0_zero,final_cue,0,zero,14,-4.8758392333984375,0.1556063377947816,170,-4.550803184509277,0.34341263700786745,40
synonym,pcasub_icl10_k0_zero,final_cue,0,zero,15,-4.895999908447266,0.15624621525370533,170,-4.570478916168213,0.34830359615702816,40
synonym,pcasub_icl10_k0_zero,final_cue,0,zero,16,-4.323137283325195,0.14783981667987992,170,-4.074331760406494,0.3345304775633738,40
synonym,pcasub_icl10_k0_zero,final_cue,0,zero,17,-4.032124996185303,0.14382611386674274,170,-3.7512154579162598,0.329871809098698,40
synonym,pcasub_icl10_k0_zero,final_cue,0,zero,18,-3.4188425540924072,0.1389121793735474,170,-3.0931713581085205,0.316177195105894,40
synonym,pcasub_icl10_k0_zero,final_cue,0,zero,19,-3.1718411445617676,0.13040492508215867,170,-2.8904643058776855,0.292116053282962,40
synonym,pcasub_icl10_k0_zero,final_cue,0,zero,20,-2.7654001712799072,0.12428806375512325,170,-2.546180009841919,0.2824424015938325,40
synonym,pcasub_icl10_k0_zero,final_cue,0,zero,21,-2.425443649291992,0.11528986127535644,170,-2.2557473182678223,0.26164145311910764,40
synonym,pcasub_icl10_k0_zero,final_cue,0,zero,22,-2.1562917232513428,0.11376340253854322,170,-1.9620651006698608,0.26294429021763754,40
synonym,pcasub_icl10_k0_zero,final_cue,0,zero,23,-1.9188458919525146,0.10706430081572604,170,-1.7522544860839844,0.24667659133266448,40
synonym,pcasub_icl10_k0_zero,final_cue,0,zero,24,-1.6555217504501343,0.10373547698828682,170,-1.5388866662979126,0.24117156222165417,40
synonym,pcasub_icl10_k0_zero,final_cue,0,zero,25,-1.5804336071014404,0.10355223428214919,170,-1.4717075824737549,0.2419239623793359,40
synonym,pcasub_icl10_k0_zero,final_cue,0,zero,26,-1.4059301614761353,0.10088833041299058,170,-1.2723288536071777,0.23841061289811047,40
synonym,pcasub_icl10_k0_zero,final_cue,0,zero,27,-1.1124937534332275,0.09916500599667653,170,-1.0308191776275635,0.22539605796861514,40
synonym,pcasub_icl10_k0_mean,cue1,0,mean,0,-0.006431936286389828,0.0020263404299762436,170,-0.005816561169922352,0.004200076546739422,40
synonym,pcasub_icl10_k0_mean,cue1,0,mean,1,-0.006580665707588196,0.001938887255324135,170,-0.005372661165893078,0.003907578876748646,40
synonym,pcasub_icl10_k0_mean,cue1,0,mean,2,-0.005917125381529331,0.0017974096197784489,170,-0.007501363754272461,0.003866884949593419,40
synonym,pcasub_icl10_k0_mean,cue1,0,mean,3,-0.0056653860956430435,0.0017711378242198882,170,-0.005998039152473211,0.0035916240697210734,40
synonym,pcasub_icl10_k0_mean,cue1,0,mean,4,-0.005403807852417231,0.00172327055871173,170,-0.005890792701393366,0.003553625204099391,40
synonym,pcasub_icl10_k0_mean,cue1,0,mean,5,-0.002361985854804516,0.0015884536942761406,170,-0.0006237745401449502,0.00334491299479483,40
synonym,pcasub_icl10_k0_mean,cue1,0,mean,6,-0.002553880913183093,0.0014858091043087169,170,-0.0003413856029510498,0.002744184044026859,40
synonym,pcasub_icl10_k0_mean,cue1,0,mean,7,0.006938854232430458,0.000991149169979286,170,0.0038568496238440275,0.001877438147807275,40
synonym,pcasub_icl10_k0_mean,cue1,0,mean,8,0.0004584550915751606,0.0006516776310219428,170,-0.002071171998977661,0.00142703949966256,40
synonym,pcasub_icl10_k0_mean,cue1,0,mean,9,0.00045998761197552085,0.0005762354159806115,170,-0.0013537645572796464,0.0011257620431012183,40
synonym,pcasub_icl10_k0_mean,cue1,0,mean,10,0.000416966388002038,0.0004580394790557944,170,-0.0011901974212378263,0.0008523262420534135,40
synonym,pcasub_icl10_k0_mean,cue1,0,mean,11,0.00016022885392885655,0.0003624731637602744,170,-0.0013367950450628996,0.0007567315907206385,40
synonym,pcasub_icl10_k0_mean,cue1,0,mean,12,0.00021042123262304813,0.0003344989251063996,170,-0.00140342116355896,0.000845554866818002,40
synonym,pcasub_icl10_k0_mean,cue1,0,mean,13,-7.2742209340503905e-06,0.0003171557414339143,170,-0.0013737678527832031,0.0007341485595336451,40
synonym,pcasub_icl10_k0_mean,cue1,0,mean,14,-0.00025608259602449834,0.00030703294078854505,170,-0.0008953988435678184,0.0006598479424949621,40
synonym,pcasub_icl10_k0_mean,cue1,0,mean,15,-0.00016132171731442213,0.00030000491654533776,170,-0.0010913253063336015,0.00067380897087454,40
synonym,pcasub_icl10_k0_mean,cue1,0,mean,16,-0.0005702467751689255,0.0002748392197088428,170,-0.0013334512477740645,0.0006944119373193848,40
synonym,pcasub_icl10_k0_mean,cue1,0,mean,17,-0.00046416555414907634,0.000288839357003982,170,-0.0019053637515753508,0.0006283857275930932,40
synonym,pcasub_icl10_k0_mean,cue1,0,mean,18,-0.0006263347459025681,0.00028143407954235133,170,-0.002067405031993985,0.00068540221202165,40
synonym,pcasub_icl10_k0_mean,cue1,0,mean,19,-0.00044314301339909434,0.0002747968979192156,170,-0.001903575612232089,0.0005536499719448799,40
synonym,pcasub_icl10_k0_mean,cue1,0,mean,20,1.8845586282623117e-06,0.0002212418160300052,170,-0.00015491247177124023,0.0005271667072564748,40
synonym,pcasub_icl10_k0_mean,cue1,0,mean,21,-6.518223381135613e-05,0.00022519795692349862,170,-0.000733536493498832,0.0004855832124734398,40
synonym,pcasub_icl10_k0_mean,cue1,0,mean,22,-6.185349047882482e-05,0.00023277027152444248,170,-0.000633925199508667,0.0004855907592936559,40
synonym,pcasub_icl10_k0_mean,cue1,0,mean,23,0.00012726116983685642,0.00022022471806722296,170,0.00034558773040771484,0.0004996071555639895,40
synonym,pcasub_icl10_k0_mean,cue1,0,mean,24,-7.57487359805964e-05,0.0001719794314769477,170,0.00029819010524079204,0.00044456558195158,40
synonym,pcasub_icl10_k0_mean,cue1,0,mean,25,0.0001559993834234774,0.0001341140995115885,170,0.0001992642937693745,0.00033687396683259143,40
synonym,pcasub_icl10_k0_mean,cue1,0,mean,26,-2.976901305373758e-05,8.641315685093543e-05,170,1.5228986740112305e-05,9.38646900532742e-05,40
synonym,pcasub_icl10_k0_mean,cue1,0,mean,27,0.0,0.0,170,0.0,0.0,40
synonym,pcasub_icl10_k0_mean,target1,0,mean,0,-0.014167062938213348,0.008430500493729462,170,-0.009392810054123402,0.017025609914845325,40
synonym,pcasub_icl10_k0_mean,target1,0,mean,1,-0.011332127265632153,0.009176705716899655,170,-0.002317410660907626,0.01749537348278188,40
synonym,pcasub_icl10_k0_mean,target1,0,mean,2,-0.005620942916721106,0.007599687691612085,170,-0.0013537406921386719,0.015148875204309699,40
synonym,pcasub_icl10_k0_mean,target1,0,mean,3,-0.007370588835328817,0.006754598196268785,170,-0.0076742349192500114,0.014148077018094035,40
synonym,pcasub_icl10_k0_mean,target1,0,mean,4,-0.011724213138222694,0.006219774776439412,170,-0.01140931248664856,0.013107650736620194,40
synonym,pcasub_icl10_k0_mean,target1,0,mean,5,-0.007852706126868725,0.006390137372694241,170,-0.007775485515594482,0.0132685804562025,40
synonym,pcasub_icl10_k0_mean,target1,0,mean,6,-0.011195882223546505,0.005874890119873099,170,-0.014231795445084572,0.011534034023248456,40
synonym,pcasub_icl10_k0_mean,target1,0,mean,7,-0.0163588747382164,0.005128021462471587,170,-0.018874401226639748,0.010417552286560034,40
synonym,pcasub_icl10_k0_mean,target1,0,mean,8,-0.027283187955617905,0.0031502357324395725,170,-0.027208734303712845,0.006940797447003528,40
synonym,pcasub_icl10_k0_mean,target1,0,mean,9,-0.02433338761329651,0.0029962027040670107,170,-0.025923769921064377,0.006400842708111592,40
synonym,pcasub_icl10_k0_mean,target1,0,mean,10,-0.02158241905272007,0.002873065367843262,170,-0.023165786638855934,0.0061457604793191635,40
synonym,pcasub_icl10_k0_mean,target1,0,mean,11,-0.01052556186914444,0.002146200452526282,170,-0.012765037827193737,0.004571942615578349,40
synonym,pcasub_icl10_k0_mean,target1,0,mean,12,-0.003539740340784192,0.002071306385018451,170,-0.0056154727935791016,0.004909548623971898,40
synonym,pcasub_icl10_k0_mean,target1,0,mean,13,-0.0007585964049212635,0.0018894455478126657,170,-0.0008812308078631759,0.004799089976424134,40
synonym,pcasub_icl10_k0_mean,target1,0,mean,14,0.00022024406644050032,0.002051206356398194,170,-0.0006900608423165977,0.005449734258748688,40
synonym,pcasub_icl10_k0_mean,target1,0,mean,15,0.009434650652110577,0.0014865941110057674,170,0.0071533797308802605,0.00383106369133476,40
synonym,pcasub_icl10_k0_mean,target1,0,mean,16,0.010017156600952148,0.001324325583803075,170,0.008034711703658104,0.00276340642095101,40
synonym,pcasub_icl10_k0_mean,target1,0,mean,17,0.00980672612786293,0.0013080097303235223,170,0.007790190167725086,0.002762764978046403,40
synonym,pcasub_icl10_k0_mean,target1,0,mean,18,0.003599911229684949,0.00074949125120396,170,0.0033071041107177734,0.0014248939938957728,40
synonym,pcasub_icl10_k0_mean,target1,0,mean,19,0.0031339761335402727,0.0007035210018796296,170,0.0023245811462402344,0.0012949836933443188,40
synonym,pcasub_icl10_k0_mean,target1,0,mean,20,0.0021362602710723877,0.0005331732986089987,170,0.001676070736721158,0.001032864735754931,40
synonym,pcasub_icl10_k0_mean,target1,0,mean,21,0.0004963786923326552,0.0003650250783883159,170,-0.0001629054604563862,0.0008595147907848653,40
synonym,pcasub_icl10_k0_mean,target1,0,mean,22,3.6380570236360654e-05,0.0003161171968595953,170,3.762841151910834e-05,0.0005593614791119007,40
synonym,pcasub_icl10_k0_mean,target1,0,mean,23,4.513894964475185e-05,0.0002708779180570362,170,4.826784061151557e-05,0.0005735037784316923,40
synonym,pcasub_icl10_k0_mean,target1,0,mean,24,0.0001687649346422404,0.0002498076668739002,170,-2.816915548464749e-05,0.00046003089407588093,40
synonym,pcasub_icl10_k0_mean,target1,0,mean,25,0.0002774736494757235,0.00018319234856517744,170,4.238486144458875e-05,0.0003605196271197618,40
synonym,pcasub_icl10_k0_mean,target1,0,mean,26,0.0001425466180080548,0.00010593628769241847,170,-0.00017137527174782008,7.598736817072729e-05,40
synonym,pcasub_icl10_k0_mean,target1,0,mean,27,0.0,0.0,170,0.0,0.0,40
synonym,pcasub_icl10_k0_mean,final_cue,0,mean,0,-1.2605705261230469,0.06015371546919929,170,-1.1679705381393433,0.13150016361762165,40
synonym,pcasub_icl10_k0_mean,final_cue,0,mean,1,-1.2596415281295776,0.06011083510337824,170,-1.167357087135315,0.13139007811431638,40
synonym,pcasub_icl10_k0_mean,final_cue,0,mean,2,-1.258027195930481,0.06009851042680536,170,-1.166766881942749,0.13146392710018234,40
synonym,pcasub_icl10_k0_mean,final_cue,0,mean,3,-1.2580993175506592,0.06020962451759924,170,-1.1664263010025024,0.13168338185833375,40
synonym,pcasub_icl10_k0_mean,final_cue,0,mean,4,-1.2647802829742432,0.06035472746978751,170,-1.1728289127349854,0.1320288963452936,40
synonym,pcasub_icl10_k0_mean,final_cue,0,mean,5,-1.2626100778579712,0.060267357581560224,170,-1.1682307720184326,0.13177395901544933,40
synonym,pcasub_icl10_k0_mean,final_cue,0,mean,6,-1.2600653171539307,0.06008972406613286,170,-1.1648563146591187,0.13136286067286912,40
synonym,pcasub_icl10_k0_mean,final_cue,0,mean,7,-1.2537589073181152,0.060281725704137576,170,-1.155914068222046,0.13203504100312727,40
synonym,pcasub_icl10_k0_mean,final_cue,0,mean,8,-1.2578846216201782,0.05994537540609388,170,-1.1504383087158203,0.13072964048905938,40
synonym,pcasub_icl10_k0_mean,final_cue,0,mean,9,-1.2766752243041992,0.060013947419667,170,-1.1744054555892944,0.13112578243289413,40
synonym,pcasub_icl10_k0_mean,final_cue,0,mean,10,-1.2137253284454346,0.0557675523356708,170,-1.120737075805664,0.12334059520085895,40
synonym,pcasub_icl10_k0_mean,final_cue,0,mean,11,-1.0778368711471558,0.05383902388300542,170,-0.9516938924789429,0.12010338777359707,40
synonym,pcasub_icl10_k0_mean,final_cue,0,mean,12,-0.9956266283988953,0.0537534414385986,170,-0.8704524040222168,0.11876769748916506,40
synonym,pcasub_icl10_k0_mean,final_cue,0,mean,13,-0.8593583703041077,0.05034890953670709,170,-0.7361886501312256,0.10928332387968488,40
synonym,pcasub_icl10_k0_mean,final_cue,0,mean,14,-0.8130611777305603,0.0481053658251544,170,-0.6885150671005249,0.10592083894232651,40
synonym,pcasub_icl10_k0_mean,final_cue,0,mean,15,-0.7923707962036133,0.04621077137627256,170,-0.6820410490036011,0.10216489799285514,40
synonym,pcasub_icl10_k0_mean,final_cue,0,mean,16,-0.6567660570144653,0.04392688446340102,170,-0.5606909990310669,0.09561671897136191,40
synonym,pcasub_icl10_k0_mean,final_cue,0,mean,17,-0.5675696134567261,0.04213665661917746,170,-0.4582206606864929,0.09373859299531602,40
synonym,pcasub_icl10_k0_mean,final_cue,0,mean,18,-0.44723793864250183,0.03972359374713688,170,-0.3302561938762665,0.08701535719581614,40
synonym,pcasub_icl10_k0_mean,final_cue,0,mean,19,-0.4029525816440582,0.0389222749109242,170,-0.2947450578212738,0.08398410889784401,40
synonym,pcasub_icl10_k0_mean,final_cue,0,mean,20,-0.3507812023162842,0.03753831338978347,170,-0.25783583521842957,0.08198140281151711,40
synonym,pcasub_icl10_k0_mean,final_cue,0,mean,21,-0.2982403337955475,0.035081606716837396,170,-0.22657957673072815,0.07734356681024827,40
synonym,pcasub_icl10_k0_mean,final_cue,0,mean,22,-0.23742268979549408,0.034404419225328546,170,-0.15726080536842346,0.07681210574140632,40
synonym,pcasub_icl10_k0_mean,final_cue,0,mean,23,-0.21239054203033447,0.032754144575073925,170,-0.14597029983997345,0.07097193360961093,40
synonym,pcasub_icl10_k0_mean,final_cue,0,mean,24,-0.17396493256092072,0.03131617573604303,170,-0.12603406608104706,0.06858912106304432,40
synonym,pcasub_icl10_k0_mean,final_cue,0,mean,25,-0.15352307260036469,0.03128424860652338,170,-0.10745034366846085,0.06884475579270408,40
synonym,pcasub_icl10_k0_mean,final_cue,0,mean,26,-0.1186874732375145,0.030472477109708365,170,-0.06241461634635925,0.06680257122222806,40
synonym,pcasub_icl10_k0_mean,final_cue,0,mean,27,-0.063895583152771,0.029420577850029234,170,-0.01974201202392578,0.062144152502080816,40
synonym,pcasub_icl10_k2_zero,cue1,2,zero,0,0.0843331441283226,0.024492677523402867,170,0.07132844626903534,0.04399569354311015,40
synonym,pcasub_icl10_k2_zero,cue1,2,zero,1,0.04672721028327942,0.00996483244056777,170,0.05378594994544983,0.019018227264652382,40
synonym,pcasub_icl10_k2_zero,cue1,2,zero,2,0.03270675987005234,0.00922382154742574,170,0.03353380039334297,0.019069781839187405,40
synonym,pcasub_icl10_k2_zero,cue1,2,zero,3,0.024848684668540955,0.008596854484357496,170,0.030071299523115158,0.015454128988408485,40
synonym,pcasub_icl10_k2_zero,cue1,2,zero,4,-0.018240466713905334,0.006351553614956989,170,-0.009722262620925903,0.010112020484967241,40
synonym,pcasub_icl10_k2_zero,cue1,2,zero,5,-0.012780941091477871,0.0063219693625677625,170,-0.0013284027809277177,0.009967109756416796,40
synonym,pcasub_icl10_k2_zero,cue1,2,zero,6,-0.01936592534184456,0.003728125519676816,170,-0.013845473527908325,0.006967788115706751,40
synonym,pcasub_icl10_k2_zero,cue1,2,zero,7,-0.03331628441810608,0.003689607191069182,170,-0.023246467113494873,0.0061315020694093164,40
synonym,pcasub_icl10_k2_zero,cue1,2,zero,8,-0.01789318583905697,0.0026411108175636165,170,-0.00977477990090847,0.005365549736934951,40
synonym,pcasub_icl10_k2_zero,cue1,2,zero,9,-0.0063980957493186,0.0019396312616714031,170,-0.00513109564781189,0.0037497830386851306,40
synonym,pcasub_icl10_k2_zero,cue1,2,zero,10,-0.0038280244916677475,0.001819320806707206,170,-0.0019517361652106047,0.003326881616542044,40
synonym,pcasub_icl10_k2_zero,cue1,2,zero,11,-0.002462782897055149,0.0017932767273770526,170,-0.0010093211894854903,0.0035389438777473875,40
synonym,pcasub_icl10_k2_zero,cue1,2,zero,12,-0.004152335226535797,0.0017118250324962077,170,-0.0026463984977453947,0.003181432229096957,40
synonym,pcasub_icl10_k2_zero,cue1,2,zero,13,-0.0020338173490017653,0.001656142986032862,170,-0.0013598620425909758,0.0029498660393527686,40
synonym,pcasub_icl10_k2_zero,cue1,2,zero,14,0.0010079997591674328,0.001650826940680606,170,0.0008477151277475059,0.003031548992740549,40
synonym,pcasub_icl10_k2_zero,cue1,2,zero,15,0.0018312341999262571,0.0016081065762245566,170,0.0018079340225085616,0.002861300385927951,40
synonym,pcasub_icl10_k2_zero,cue1,2,zero,16,0.0032354032155126333,0.0015760503027460189,170,0.004094469361007214,0.002738282356990394,40
synonym,pcasub_icl10_k2_zero,cue1,2,zero,17,0.004272306337952614,0.0015784663233575783,170,0.0039062381256371737,0.0027651225310543824,40
synonym,pcasub_icl10_k2_zero,cue1,2,zero,18,0.00568421883508563,0.001527133456855107,170,0.006221509072929621,0.002520960735183364,40
synonym,pcasub_icl10_k2_zero,cue1,2,zero,19,0.0063936179503798485,0.0015155496437455457,170,0.005307394079864025,0.0025768528538410006,40
synonym,pcasub_icl10_k2_zero,cue1,2,zero,20,0.009609871543943882,0.0014087613041412434,170,0.009890669956803322,0.00228286437394062,40
synonym,pcasub_icl10_k2_zero,cue1,2,zero,21,0.009492927230894566,0.0014032119710844775,170,0.009177392348647118,0.00246610131604134,40
synonym,pcasub_icl10_k2_zero,cue1,2,zero,22,0.008171360939741135,0.001228758482786566,170,0.006580859422683716,0.0022874849422282145,40
synonym,pcasub_icl10_k2_zero,cue1,2,zero,23,0.006937307305634022,0.0011114029101739237,170,0.005344742443412542,0.0021500275269506534,40
synonym,pcasub_icl10_k2_zero,cue1,2,zero,24,0.004453119356185198,0.0009957343519535415,170,0.004844647832214832,0.0020876539782089297,40
synonym,pcasub_icl10_k2_zero,cue1,2,zero,25,0.0025132305454462767,0.0008582717506609229,170,0.0034389912616461515,0.0013861712225534638,40
synonym,pcasub_icl10_k2_zero,cue1,2,zero,26,0.0007626620936207473,0.0007970552284104188,170,0.0006728350999765098,0.0017129906528466049,40
synonym,pcasub_icl10_k2_zero,cue1,2,zero,27,0.0,0.0,170,0.0,0.0,40
synonym,pcasub_icl10_k2_zero,target1,2,zero,0,-0.17507807910442352,0.02124539039156965,170,-0.14866194128990173,0.04143713153088234,40
synonym,pcasub_icl10_k2_zero,target1,2,zero,1,-0.14298227429389954,0.017583105433591952,170,-0.05381955951452255,0.03239261693812944,40
synonym,pcasub_icl10_k2_zero,target1,2,zero,2,-0.16966521739959717,0.012855070812060247,170,-0.11333529651165009,0.020039385520143203,40
synonym,pcasub_icl10_k2_zero,target1,2,zero,3,-0.1798636019229889,0.013695699697920616,170,-0.14829950034618378,0.01990627168644443,40
synonym,pcasub_icl10_k2_zero,target1,2,zero,4,-0.15890249609947205,0.011992314880286728,170,-0.13388392329216003,0.01924202074496664,40
synonym,pcasub_icl10_k2_zero,target1,2,zero,5,-0.12597772479057312,0.010143903682546383,170,-0.11642041057348251,0.015495378067021556,40
synonym,pcasub_icl10_k2_zero,target1,2,zero,6,-0.12203235924243927,0.009304567379141867,170,-0.11395885795354843,0.017059181705287002,40
synonym,pcasub_icl10_k2_zero,target1,2,zero,7,-0.11936066299676895,0.009049390916465687,170,-0.11360512673854828,0.01697557736828597,40
synonym,pcasub_icl10_k2_zero,target1,2,zero,8,-0.07857278734445572,0.0075964168065646475,170,-0.06676657497882843,0.01350223766735289,40
synonym,pcasub_icl10_k2_zero,target1,2,zero,9,-0.061996616423130035,0.007181901841682409,170,-0.05121561884880066,0.011978579284006087,40
synonym,pcasub_icl10_k2_zero,target1,2,zero,10,-0.04926089197397232,0.007061257955302213,170,-0.04455803707242012,0.01241560629202322,40
synonym,pcasub_icl10_k2_zero,target1,2,zero,11,-0.02605338953435421,0.005877099853010492,170,-0.022604698315262794,0.01008423640616989,40
synonym,pcasub_icl10_k2_zero,target1,2,zero,12,-0.00713887857273221,0.004889217139469434,170,-0.00619623064994812,0.01020922294032985,40
synonym,pcasub_icl10_k2_zero,target1,2,zero,13,-0.007603039499372244,0.00459113545361728,170,-0.0020797669421881437,0.00993001209157018,40
synonym,pcasub_icl10_k2_zero,target1,2,zero,14,-0.0055457171984016895,0.004695531201381327,170,-0.0026686489582061768,0.011561166645799256,40
synonym,pcasub_icl10_k2_zero,target1,2,zero,15,0.01539919525384903,0.003688386894944304,170,0.014952200464904308,0.009223475396077933,40
synonym,pcasub_icl10_k2_zero,target1,2,zero,16,0.01576438546180725,0.0031748925142201247,170,0.01610264740884304,0.007039864740048401,40
synonym,pcasub_icl10_k2_zero,target1,2,zero,17,0.01700923778116703,0.0031837234467014487,170,0.01749073900282383,0.006709631790937147,40
synonym,pcasub_icl10_k2_zero,target1,2,zero,18,0.0035611717030406,0.002312771587863964,170,0.007055777125060558,0.003925759866110496,40
synonym,pcasub_icl10_k2_zero,target1,2,zero,19,0.0027189720422029495,0.002100916637629491,170,0.004601406864821911,0.003673033128755647,40
synonym,pcasub_icl10_k2_zero,target1,2,zero,20,0.001494990079663694,0.0017572007053195146,170,0.0033967196941375732,0.0028138224196048523,40
synonym,pcasub_icl10_k2_zero,target1,2,zero,21,-0.003963908646255732,0.0013896602840437293,170,-0.001997143030166626,0.002156876211076083,40
synonym,pcasub_icl10_k2_zero,target1,2,zero,22,-0.002510715974494815,0.001172395930517688,170,-0.0002442598342895508,0.0017530812761496336,40
synonym,pcasub_icl10_k2_zero,target1,2,zero,23,-0.0016770134679973125,0.000806337093310167,170,-0.001307022524997592,0.001193289885981718,40
synonym,pcasub_icl10_k2_zero,target1,2,zero,24,0.0005537878023460507,0.0006556129503092315,170,0.00014828443818259984,0.00094739526656158,40
synonym,pcasub_icl10_k2_zero,target1,2,zero,25,0.0013150236336514354,0.0005173747709714286,170,0.0009095668792724609,0.0006934386552078144,40
synonym,pcasub_icl10_k2_zero,target1,2,zero,26,0.00033358580549247563,0.0002867155531710972,170,0.00019062162027694285,0.00048604750757863405,40
synonym,pcasub_icl10_k2_zero,target1,2,zero,27,0.0,0.0,170,0.0,0.0,40
synonym,pcasub_icl10_k2_zero,final_cue,2,zero,0,-6.986257553100586,0.27878233720551665,170,-6.296002388000488,0.5244626428449916,40
synonym,pcasub_icl10_k2_zero,final_cue,2,zero,1,-6.920285224914551,0.2744251800337296,170,-6.232835292816162,0.5215994584782276,40
synonym,pcasub_icl10_k2_zero,final_cue,2,zero,2,-6.965872764587402,0.2756875633748052,170,-6.2730913162231445,0.5240952450827406,40
synonym,pcasub_icl10_k2_zero,final_cue,2,zero,3,-6.90073823928833,0.27566199972814515,170,-6.213625907897949,0.5234203128505079,40
synonym,pcasub_icl10_k2_zero,final_cue,2,zero,4,-6.935184478759766,0.27608595763072985,170,-6.276904106140137,0.5226939238210792,40
synonym,pcasub_icl10_k2_zero,final_cue,2,zero,5,-6.9650397300720215,0.2771292213881663,170,-6.300326347351074,0.5252717020255199,40
synonym,pcasub_icl10_k2_zero,final_cue,2,zero,6,-6.9123382568359375,0.27526033230143926,170,-6.230757236480713,0.5250964850340422,40
synonym,pcasub_icl10_k2_zero,final_cue,2,zero,7,-6.914024353027344,0.2758399212460295,170,-6.226010322570801,0.5245949603234956,40
synonym,pcasub_icl10_k2_zero,final_cue,2,zero,8,-6.980882167816162,0.27823754627208097,170,-6.271288871765137,0.5240478972898629,40
synonym,pcasub_icl10_k2_zero,final_cue,2,zero,9,-6.94806432723999,0.2770725900478901,170,-6.225419044494629,0.5149559901387034,40
synonym,pcasub_icl10_k2_zero,final_cue,2,zero,10,-7.02150821685791,0.2775795475157037,170,-6.325318336486816,0.5206141267821766,40
synonym,pcasub_icl10_k2_zero,final_cue,2,zero,11,-6.796895980834961,0.27112973706249777,170,-6.049013137817383,0.5088497835381081,40
synonym,pcasub_icl10_k2_zero,final_cue,2,zero,12,-6.70037317276001,0.27337515050428723,170,-5.987946510314941,0.5182305650020244,40
synonym,pcasub_icl10_k2_zero,final_cue,2,zero,13,-6.496502876281738,0.2734079919273212,170,-5.797545433044434,0.512179207954484,40
synonym,pcasub_icl10_k2_zero,final_cue,2,zero,14,-6.211293697357178,0.2672082224644083,170,-5.506489276885986,0.4957886159128377,40
synonym,pcasub_icl10_k2_zero,final_cue,2,zero,15,-6.24202823638916,0.2651768451343184,170,-5.576390266418457,0.5001860798736517,40
synonym,pcasub_icl10_k2_zero,final_cue,2,zero,16,-5.580276012420654,0.2536778304624753,170,-5.0742950439453125,0.4916730899639131,40
synonym,pcasub_icl10_k2_zero,final_cue,2,zero,17,-5.19509220123291,0.2481374677679517,170,-4.586606502532959,0.4829952498167106,40
synonym,pcasub_icl10_k2_zero,final_cue,2,zero,18,-4.482894420623779,0.23575892102121443,170,-3.9228904247283936,0.45059450675708257,40
synonym,pcasub_icl10_k2_zero,final_cue,2,zero,19,-3.8945765495300293,0.21987791696573564,170,-3.3337879180908203,0.4079610989346109,40
synonym,pcasub_icl10_k2_zero,final_cue,2,zero,20,-3.3214375972747803,0.20112356268284054,170,-2.8118791580200195,0.3803167734056874,40
synonym,pcasub_icl10_k2_zero,final_cue,2,zero,21,-2.7346537113189697,0.19356484219787082,170,-2.3983616828918457,0.3640315452821091,40
synonym,pcasub_icl10_k2_zero,final_cue,2,zero,22,-2.510983467102051,0.19355224323324366,170,-2.1575913429260254,0.3771211366620211,40
synonym,pcasub_icl10_k2_zero,final_cue,2,zero,23,-2.3861260414123535,0.1845842672970599,170,-2.1982951164245605,0.3525856310240589,40
synonym,pcasub_icl10_k2_zero,final_cue,2,zero,24,-2.030836343765259,0.17992510069162657,170,-1.8496606349945068,0.3551113492747064,40
synonym,pcasub_icl10_k2_zero,final_cue,2,zero,25,-2.2061386108398438,0.18751134141137696,170,-1.9113132953643799,0.36412461988450984,40
synonym,pcasub_icl10_k2_zero,final_cue,2,zero,26,-2.117913007736206,0.18802771610238792,170,-1.8083887100219727,0.3579571174947271,40
synonym,pcasub_icl10_k2_zero,final_cue,2,zero,27,-1.4049081802368164,0.17876155247944767,170,-1.3243978023529053,0.3817294415508332,40
synonym,pcasub_icl10_k2_mean,cue1,2,mean,0,-0.010468493215739727,0.003272241916156088,170,-0.013706368394196033,0.006809480124653745,40
synonym,pcasub_icl10_k2_mean,cue1,2,mean,1,-0.014568328857421875,0.0029013521805923413,170,-0.01441085897386074,0.005785070478131305,40
synonym,pcasub_icl10_k2_mean,cue1,2,mean,2,-0.011209366843104362,0.0026483831653197685,170,-0.013008314184844494,0.0051747107539824545,40
synonym,pcasub_icl10_k2_mean,cue1,2,mean,3,-0.007135277613997459,0.002598379310155361,170,-0.008922028355300426,0.0051653871545912465,40
synonym,pcasub_icl10_k2_mean,cue1,2,mean,4,0.0012519429437816143,0.0022215719526786164,170,-0.00038774608401581645,0.004441631045073945,40
synonym,pcasub_icl10_k2_mean,cue1,2,mean,5,0.0050694141536951065,0.002150032485218126,170,0.0051736594177782536,0.003938410840128082,40
synonym,pcasub_icl10_k2_mean,cue1,2,mean,6,0.0005248290835879743,0.0018449087392887365,170,0.00193070771638304,0.002972017613305947,40
synonym,pcasub_icl10_k2_mean,cue1,2,mean,7,0.011222058907151222,0.0014176095224843223,170,0.008385044522583485,0.0025735301913755383,40
synonym,pcasub_icl10_k2_mean,cue1,2,mean,8,0.00416538305580616,0.0011301007839749724,170,0.0016381561290472746,0.0026001992550962866,40
synonym,pcasub_icl10_k2_mean,cue1,2,mean,9,0.005237491335719824,0.000935035334117972,170,0.004447579383850098,0.0018715610523605869,40
synonym,pcasub_icl10_k2_mean,cue1,2,mean,10,0.0039014669600874186,0.0007328288233391399,170,0.0038850544951856136,0.0015231079440498744,40
synonym,pcasub_icl10_k2_mean,cue1,2,mean,11,0.0023610598873347044,0.000627131135896554,170,0.002587211085483432,0.0012437097868938187,40
synonym,pcasub_icl10_k2_mean,cue1,2,mean,12,0.0022003191988915205,0.0006039072234829565,170,0.002846282673999667,0.0012739780580237514,40
synonym,pcasub_icl10_k2_mean,cue1,2,mean,13,0.002395039889961481,0.0005506178045744564,170,0.003155273152515292,0.001147678450773713,40
synonym,pcasub_icl10_k2_mean,cue1,2,mean,14,0.0021195460576564074,0.0005293777662285461,170,0.002923816442489624,0.0010794504102321924,40
synonym,pcasub_icl10_k2_mean,cue1,2,mean,15,0.0014337139436975121,0.0005558884209677198,170,0.0017218232387676835,0.0010767272966156988,40
synonym,pcasub_icl10_k2_mean,cue1,2,mean,16,0.0017661378951743245,0.0005390066698032369,170,0.002092593815177679,0.0010801340417024951,40
synonym,pcasub_icl10_k2_mean,cue1,2,mean,17,0.001469639129936695,0.0005297742338966061,170,0.0018960416782647371,0.0010641676943433627,40
synonym,pcasub_icl10_k2_mean,cue1,2,mean,18,0.0015978715382516384,0.0005538485464222812,170,0.0016310751670971513,0.0010873630119392992,40
synonym,pcasub_icl10_k2_mean,cue1,2,mean,19,0.0020456654019653797,0.0005390288842784674,170,0.0024054348468780518,0.0011186323963812087,40
synonym,pcasub_icl10_k2_mean,cue1,2,mean,20,0.003219377715140581,0.0005100419941283154,170,0.0038222074508666992,0.0009669570663266671,40
synonym,pcasub_icl10_k2_mean,cue1,2,mean,21,0.00287148030474782,0.0005092793804794474,170,0.0032543123234063387,0.0009808379879706834,40
synonym,pcasub_icl10_k2_mean,cue1,2,mean,22,0.002608196809887886,0.0004751979468667171,170,0.00308414688333869,0.0008710846920099414,40
synonym,pcasub_icl10_k2_mean,cue1,2,mean,23,0.0020622105803340673,0.0004568925406996033,170,0.002372056245803833,0.0010201752545473646,40
synonym,pcasub_icl10_k2_mean,cue1,2,mean,24,0.0011445399140939116,0.0003948828331108464,170,0.0017098247772082686,0.0008891693029555689,40
synonym,pcasub_icl10_k2_mean,cue1,2,mean,25,0.0008233858970925212,0.00037251974946972443,170,0.0010797381401062012,0.000643454113787787,40
synonym,pcasub_icl10_k2_mean,cue1,2,mean,26,-0.00017670358647592366,0.00029857338647552303,170,-0.0005888998275622725,0.0006252351326285566,40
synonym,pcasub_icl10_k2_mean,cue1,2,mean,27,0.0,0.0,170,0.0,0.0,40
synonym,pcasub_icl10_k2_mean,target1,2,mean,0,-0.013238167390227318,0.009811397988730356,170,0.007822936400771141,0.01896775177496698,40
synonym,pcasub_icl10_k2_mean,target1,2,mean,1,-0.011721394956111908,0.0101018313236186,170,0.008379179053008556,0.01815696205334248,40
synonym,pcasub_icl10_k2_mean,target1,2,mean,2,-0.004594886209815741,0.008590954434022977,170,0.007415694184601307,0.015439467099720256,40
synonym,pcasub_icl10_k2_mean,target1,2,mean,3,-0.004478045739233494,0.007518958431465905,170,0.002125817583873868,0.01424342288205598,40
synonym,pcasub_icl10_k2_mean,target1,2,mean,4,-0.011354676447808743,0.006931292846543645,170,-0.00573039660230279,0.01392016510913973,40
synonym,pcasub_icl10_k2_mean,target1,2,mean,5,-0.005150788463652134,0.0066248062318444885,170,0.00018118023581337184,0.013024188942486855,40
synonym,pcasub_icl10_k2_mean,target1,2,mean,6,-0.011018556542694569,0.005937158651098504,170,-0.009532243013381958,0.011635750728768005,40
synonym,pcasub_icl10_k2_mean,target1,2,mean,7,-0.020333200693130493,0.0053283145997841865,170,-0.01822291687130928,0.010126562213552126,40
synonym,pcasub_icl10_k2_mean,target1,2,mean,8,-0.0330701507627964,0.0034526397408806185,170,-0.026885230094194412,0.006758007423914627,40
synonym,pcasub_icl10_k2_mean,target1,2,mean,9,-0.028863059356808662,0.00316324012909699,170,-0.025601882487535477,0.006040566788064174,40
synonym,pcasub_icl10_k2_mean,target1,2,mean,10,-0.02564748004078865,0.0030257438132310316,170,-0.023323427885770798,0.006056219408584861,40
synonym,pcasub_icl10_k2_mean,target1,2,mean,11,-0.015311790630221367,0.002287878518353308,170,-0.013740962371230125,0.0044037859137021265,40
synonym,pcasub_icl10_k2_mean,target1,2,mean,12,-0.007105130236595869,0.002067197207105082,170,-0.005731058306992054,0.004929996751754164,40
synonym,pcasub_icl10_k2_mean,target1,2,mean,13,-0.004988979548215866,0.0019605662974152747,170,-0.0028921901248395443,0.0048518853218301895,40
synonym,pcasub_icl10_k2_mean,target1,2,mean,14,-0.003412008984014392,0.0020118703065287002,170,-0.0023160516284406185,0.00520587757529694,40
synonym,pcasub_icl10_k2_mean,target1,2,mean,15,0.005567144602537155,0.0015584875814863284,170,0.005057943053543568,0.0040136781864295625,40
synonym,pcasub_icl10_k2_mean,target1,2,mean,16,0.006047804374247789,0.0013259368832636816,170,0.00588148832321167,0.002990476620161805,40
synonym,pcasub_icl10_k2_mean,target1,2,mean,17,0.006141579244285822,0.0013268306051739177,170,0.005446344614028931,0.0027525504857321293,40
synonym,pcasub_icl10_k2_mean,target1,2,mean,18,0.0014513349160552025,0.000914505158970905,170,0.0025941431522369385,0.0014951878016060906,40
synonym,pcasub_icl10_k2_mean,target1,2,mean,19,0.00113797711674124,0.0008233768101080009,170,0.0020155073143541813,0.0014417225930749068,40
synonym,pcasub_icl10_k2_mean,target1,2,mean,20,0.0006158309988677502,0.0006883305151436648,170,0.001287174178287387,0.0011003216017116428,40
synonym,pcasub_icl10_k2_mean,target1,2,mean,21,-0.0011335302842780948,0.0005043863030213305,170,-0.000675886869430542,0.000825692666794559,40
synonym,pcasub_icl10_k2_mean,target1,2,mean,22,-0.0008392765303142369,0.00042687028457367814,170,5.8215857279719785e-05,0.0007158454221255665,40
synonym,pcasub_icl10_k2_mean,target1,2,mean,23,-0.00027920393040403724,0.0003090603866565234,170,-0.0005472361808642745,0.0005758851867543062,40
synonym,pcasub_icl10_k2_mean,target1,2,mean,24,-0.00025195794296450913,0.00026019218403774014,170,-0.0006955087301321328,0.0004587114153920582,40
synonym,pcasub_icl10_k2_mean,target1,2,mean,25,-0.0001581654796609655,0.0002279894807385516,170,-0.0002924799919128418,0.0003403776425419676,40
synonym,pcasub_icl10_k2_mean,target1,2,mean,26,0.00010505879617994651,0.00013336836100668567,170,-3.702640606206842e-05,0.00020225008803609996,40
synonym,pcasub_icl10_k2_mean,target1,2,mean,27,0.0,0.0,170,0.0,0.0,40
synonym,pcasub_icl10_k2_mean,final_cue,2,mean,0,-1.3298486471176147,0.07636949723787714,170,-1.1747729778289795,0.15946753605026043,40
synonym,pcasub_icl10_k2_mean,final_cue,2,mean,1,-1.3313803672790527,0.07638146533997944,170,-1.1761668920516968,0.15944962983878194,40
synonym,pcasub_icl10_k2_mean,final_cue,2,mean,2,-1.3291479349136353,0.07637318184073981,170,-1.1745516061782837,0.15951094447661296,40
synonym,pcasub_icl10_k2_mean,final_cue,2,mean,3,-1.3350836038589478,0.07662666057464661,170,-1.1808013916015625,0.16036224346758682,40
synonym,pcasub_icl10_k2_mean,final_cue,2,mean,4,-1.3424149751663208,0.07666580147999415,170,-1.1881517171859741,0.1604525473193693,40
synonym,pcasub_icl10_k2_mean,final_cue,2,mean,5,-1.339315414428711,0.07684440414654667,170,-1.1827443838119507,0.15953380788137442,40
synonym,pcasub_icl10_k2_mean,final_cue,2,mean,6,-1.3512537479400635,0.07695618567160599,170,-1.190945029258728,0.1599861376319643,40
synonym,pcasub_icl10_k2_mean,final_cue,2,mean,7,-1.3513962030410767,0.07740824895682052,170,-1.186568021774292,0.16154198007436318,40
synonym,pcasub_icl10_k2_mean,final_cue,2,mean,8,-1.3682883977890015,0.07731435101290107,170,-1.1929939985275269,0.15967585126000786,40
synonym,pcasub_icl10_k2_mean,final_cue,2,mean,9,-1.3756872415542603,0.07694040496554903,170,-1.2066271305084229,0.1584283726279119,40
synonym,pcasub_icl10_k2_mean,final_cue,2,mean,10,-1.3078089952468872,0.07318163918447396,170,-1.1564087867736816,0.15333962523648875,40
synonym,pcasub_icl10_k2_mean,final_cue,2,mean,11,-1.1690391302108765,0.0724652582157405,170,-0.9731209874153137,0.1502389856568766,40
synonym,pcasub_icl10_k2_mean,final_cue,2,mean,12,-1.071470022201538,0.07265348382153113,170,-0.8829822540283203,0.15142600726442815,40
synonym,pcasub_icl10_k2_mean,final_cue,2,mean,13,-0.9395829439163208,0.06911587649863206,170,-0.7566863298416138,0.137272004703983,40
synonym,pcasub_icl10_k2_mean,final_cue,2,mean,14,-0.8714461326599121,0.06837934450084325,170,-0.6774383783340454,0.13536488008966382,40
synonym,pcasub_icl10_k2_mean,final_cue,2,mean,15,-0.8503063321113586,0.06530092738110276,170,-0.6699419617652893,0.1301458979948612,40
synonym,pcasub_icl10_k2_mean,final_cue,2,mean,16,-0.6942727565765381,0.06297659212315822,170,-0.5351400375366211,0.12503620033600824,40
synonym,pcasub_icl10_k2_mean,final_cue,2,mean,17,-0.5797434449195862,0.060827001213135834,170,-0.4064309000968933,0.11962337878979022,40
synonym,pcasub_icl10_k2_mean,final_cue,2,mean,18,-0.43266746401786804,0.057764122511671005,170,-0.24905148148536682,0.11180203985921218,40
synonym,pcasub_icl10_k2_mean,final_cue,2,mean,19,-0.3539384603500366,0.05628289844647818,170,-0.16337771713733673,0.10706793912260289,40
synonym,pcasub_icl10_k2_mean,final_cue,2,mean,20,-0.28574293851852417,0.05394545221953846,170,-0.1274961680173874,0.10542360229821301,40
synonym,pcasub_icl10_k2_mean,final_cue,2,mean,21,-0.18204018473625183,0.05030000397662675,170,-0.07071699947118759,0.0996365220834513,40
synonym,pcasub_icl10_k2_mean,final_cue,2,mean,22,-0.11069616675376892,0.04972866195953557,170,0.02042851783335209,0.09830493137901568,40
synonym,pcasub_icl10_k2_mean,final_cue,2,mean,23,-0.0831834152340889,0.04786224603676471,170,0.011358847841620445,0.09303763078618667,40
synonym,pcasub_icl10_k2_mean,final_cue,2,mean,24,-0.037656839936971664,0.04597956483237431,170,0.0385938361287117,0.08903745853647078,40
synonym,pcasub_icl10_k2_mean,final_cue,2,mean,25,-0.04711984097957611,0.04754487647207806,170,0.04355475306510925,0.09191600454781888,40
synonym,pcasub_icl10_k2_mean,final_cue,2,mean,26,-0.009359029121696949,0.04711254364090229,170,0.08980099111795425,0.08800263030216442,40
synonym,pcasub_icl10_k2_mean,final_cue,2,mean,27,0.0963011234998703,0.04361318121570674,170,0.1794084757566452,0.08873436292207124,40
synonym,pcasub_icl10_k3_zero,cue1,3,zero,0,0.04929205775260925,0.025897286077830452,170,0.04183996841311455,0.045628933228544284,40
synonym,pcasub_icl10_k3_zero,cue1,3,zero,1,0.001527991029433906,0.010579701686141377,170,0.01315295696258545,0.01692195768922978,40
synonym,pcasub_icl10_k3_zero,cue1,3,zero,2,0.008905544877052307,0.009440771398268696,170,0.01277109980583191,0.01900324259294145,40
synonym,pcasub_icl10_k3_zero,cue1,3,zero,3,0.010087582282721996,0.008123408731010525,170,0.01819678023457527,0.014050167738594119,40
synonym,pcasub_icl10_k3_zero,cue1,3,zero,4,-0.00746798375621438,0.006398974019510029,170,0.008694636635482311,0.010332729855962378,40
synonym,pcasub_icl10_k3_zero,cue1,3,zero,5,0.0013636641670018435,0.006332319736583178,170,0.0184931643307209,0.010570676311586001,40
synonym,pcasub_icl10_k3_zero,cue1,3,zero,6,-0.0053801811300218105,0.00377653964699322,170,0.0071354033425450325,0.007533323998168096,40
synonym,pcasub_icl10_k3_zero,cue1,3,zero,7,-0.03421515226364136,0.003839340754190709,170,-0.021210575476288795,0.006704227531387313,40
synonym,pcasub_icl10_k3_zero,cue1,3,zero,8,-0.016775185242295265,0.002606789096186657,170,-0.006864780094474554,0.005068724830673565,40
synonym,pcasub_icl10_k3_zero,cue1,3,zero,9,-0.008136305026710033,0.0020642580391733046,170,-0.001967990305274725,0.0036184539359330596,40
synonym,pcasub_icl10_k3_zero,cue1,3,zero,10,-0.0029248076025396585,0.0019508952149093182,170,0.0010234892833977938,0.003274202013588472,40
synonym,pcasub_icl10_k3_zero,cue1,3,zero,11,-0.002201669616624713,0.0018009056496037848,170,0.0012142121559008956,0.003207568818634267,40
synonym,pcasub_icl10_k3_zero,cue1,3,zero,12,-0.004378567915409803,0.0017778274527190303,170,-0.0017122745048254728,0.0029418851113123885,40
synonym,pcasub_icl10_k3_zero,cue1,3,zero,13,-0.0021602921187877655,0.0016879864005525996,170,-0.0011464059352874756,0.0029568188327834225,40
synonym,pcasub_icl10_k3_zero,cue1,3,zero,14,0.0008042563567869365,0.0016957558954071566,170,0.00018322467803955078,0.003114692716012099,40
synonym,pcasub_icl10_k3_zero,cue1,3,zero,15,0.0023469163570553064,0.0016045814032934521,170,0.0025329410564154387,0.0029323035211110634,40
synonym,pcasub_icl10_k3_zero,cue1,3,zero,16,0.0025262541603296995,0.001594535889021714,170,0.003056985093280673,0.0029282342756505693,40
synonym,pcasub_icl10_k3_zero,cue1,3,zero,17,0.004267625976353884,0.0016147570615326172,170,0.003950339742004871,0.003045296427701134,40
synonym,pcasub_icl10_k3_zero,cue1,3,zero,18,0.006144993472844362,0.0015598383072953572,170,0.006695645861327648,0.002679020454258141,40
synonym,pcasub_icl10_k3_zero,cue1,3,zero,19,0.005844491999596357,0.0014925715905722804,170,0.005146884825080633,0.0024449001260427837,40
synonym,pcasub_icl10_k3_zero,cue1,3,zero,20,0.00899630505591631,0.0013798041999594872,170,0.009290223941206932,0.0022979525659366615,40
synonym,pcasub_icl10_k3_zero,cue1,3,zero,21,0.008824347518384457,0.00138689126042063,170,0.009070158004760742,0.0025212048840207923,40
synonym,pcasub_icl10_k3_zero,cue1,3,zero,22,0.008023100905120373,0.00118407381585837,170,0.006790763232856989,0.002197135588641894,40
synonym,pcasub_icl10_k3_zero,cue1,3,zero,23,0.007028752937912941,0.001128999417436135,170,0.005629622843116522,0.0022554476964396397,40
synonym,pcasub_icl10_k3_zero,cue1,3,zero,24,0.004235579166561365,0.000971638717817396,170,0.003995311446487904,0.0020906425190144857,40
synonym,pcasub_icl10_k3_zero,cue1,3,zero,25,0.001946033793501556,0.0008248978230840694,170,0.0031975985039025545,0.0013591307816505712,40
synonym,pcasub_icl10_k3_zero,cue1,3,zero,26,0.0008347262628376484,0.0007800574405417177,170,0.00047240854473784566,0.0016564291128289257,40
synonym,pcasub_icl10_k3_zero,cue1,3,zero,27,0.0,0.0,170,0.0,0.0,40
synonym,pcasub_icl10_k3_zero,target1,3,zero,0,-0.21363063156604767,0.023763025584309226,170,-0.19746658205986023,0.045940015955695405,40
synonym,pcasub_icl10_k3_zero,target1,3,zero,1,-0.17783617973327637,0.019448975065988014,170,-0.09489791095256805,0.035341572057875255,40
synonym,pcasub_icl10_k3_zero,target1,3,zero,2,-0.19211867451667786,0.015092321898500717,170,-0.14390972256660461,0.026388661873317485,40
synonym,pcasub_icl10_k3_zero,target1,3,zero,3,-0.1964755356311798,0.015448872368876158,170,-0.16211342811584473,0.026837721384232058,40
synonym,pcasub_icl10_k3_zero,target1,3,zero,4,-0.17436859011650085,0.014080420694338784,170,-0.1477290838956833,0.026114812285639298,40
synonym,pcasub_icl10_k3_zero,target1,3,zero,5,-0.14145709574222565,0.011996463487107902,170,-0.13181868195533752,0.020812707672289234,40
synonym,pcasub_icl10_k3_zero,target1,3,zero,6,-0.136042520403862,0.010872159038296919,170,-0.12649215757846832,0.021776290389635397,40
synonym,pcasub_icl10_k3_zero,target1,3,zero,7,-0.13133208453655243,0.010674672782073246,170,-0.12673251330852509,0.021416337841630797,40
synonym,pcasub_icl10_k3_zero,target1,3,zero,8,-0.06996869295835495,0.008078155202086395,170,-0.06123076751828194,0.01364666539940951,40
synonym,pcasub_icl10_k3_zero,target1,3,zero,9,-0.044864751398563385,0.0076059711737891675,170,-0.03814880922436714,0.012851359838552968,40
synonym,pcasub_icl10_k3_zero,target1,3,zero,10,-0.04578522965312004,0.007278811811298058,170,-0.04095054417848587,0.012740190538237153,40
synonym,pcasub_icl10_k3_zero,target1,3,zero,11,-0.02218206413090229,0.00625402992581986,170,-0.019758690148591995,0.011163249395339608,40
synonym,pcasub_icl10_k3_zero,target1,3,zero,12,-0.004970379639416933,0.005451300220427905,170,-0.0051527442410588264,0.011265255898755454,40
synonym,pcasub_icl10_k3_zero,target1,3,zero,13,-0.0017015902558341622,0.0050802753408540745,170,0.004689681343734264,0.011538683748031714,40
synonym,pcasub_icl10_k3_zero,target1,3,zero,14,0.005071690306067467,0.005242607011452599,170,0.009487802162766457,0.013194575969026342,40
synonym,pcasub_icl10_k3_zero,target1,3,zero,15,0.01637052558362484,0.003744097084504887,170,0.017216766253113747,0.008799582358572214,40
synonym,pcasub_icl10_k3_zero,target1,3,zero,16,0.01578994281589985,0.00328181771213485,170,0.017739897593855858,0.007071860901683994,40
synonym,pcasub_icl10_k3_zero,target1,3,zero,17,0.016756702214479446,0.0031902186449704385,170,0.018984008580446243,0.006791568611994244,40
synonym,pcasub_icl10_k3_zero,target1,3,zero,18,0.0023952412884682417,0.0022923356992355605,170,0.007158756256103516,0.0036997958466745886,40
synonym,pcasub_icl10_k3_zero,target1,3,zero,19,0.0022045602090656757,0.0021263098542641462,170,0.0055103600025177,0.003531984310585418,40
synonym,pcasub_icl10_k3_zero,target1,3,zero,20,0.0009443528251722455,0.0018068561289399532,170,0.004038506653159857,0.002750208836267239,40
synonym,pcasub_icl10_k3_zero,target1,3,zero,21,-0.003387674456462264,0.0014695796801379385,170,-0.0006638646009378135,0.0022019637865198227,40
synonym,pcasub_icl10_k3_zero,target1,3,zero,22,-0.002608818933367729,0.0011645260776640995,170,-0.0003150522825308144,0.0017430948818746707,40
synonym,pcasub_icl10_k3_zero,target1,3,zero,23,-0.0018700382206588984,0.0008103514132714264,170,-0.001663941191509366,0.0014477163145042507,40
synonym,pcasub_icl10_k3_zero,target1,3,zero,24,0.00016036067972891033,0.0006613657851021117,170,0.0002864837588276714,0.0012097287011001324,40
synonym,pcasub_icl10_k3_zero,target1,3,zero,25,0.0011381114600226283,0.0004974670654204897,170,0.0005495130899362266,0.0006643210348714078,40
synonym,pcasub_icl10_k3_zero,target1,3,zero,26,0.0003509118396323174,0.0002839704047516821,170,6.165504601085559e-05,0.0004943860812697405,40
synonym,pcasub_icl10_k3_zero,target1,3,zero,27,0.0,0.0,170,0.0,0.0,40
synonym,pcasub_icl10_k3_zero,final_cue,3,zero,0,-6.563994884490967,0.2562334271219289,170,-5.900017738342285,0.5083117301561455,40
synonym,pcasub_icl10_k3_zero,final_cue,3,zero,1,-6.434186935424805,0.2523333252779445,170,-5.763478755950928,0.5026194397703577,40
synonym,pcasub_icl10_k3_zero,final_cue,3,zero,2,-6.463611602783203,0.2541198182331621,170,-5.816930770874023,0.5049576894111475,40
synonym,pcasub_icl10_k3_zero,final_cue,3,zero,3,-6.383484840393066,0.2536594165910971,170,-5.732944011688232,0.5018134340701025,40
synonym,pcasub_icl10_k3_zero,final_cue,3,zero,4,-6.405955791473389,0.2536878145476515,170,-5.788693904876709,0.5005779431753753,40
synonym,pcasub_icl10_k3_zero,final_cue,3,zero,5,-6.494738578796387,0.2559467961051933,170,-5.899068832397461,0.5067129882007729,40
synonym,pcasub_icl10_k3_zero,final_cue,3,zero,6,-6.445513725280762,0.2540333992101897,170,-5.830048561096191,0.5074747749829981,40
synonym,pcasub_icl10_k3_zero,final_cue,3,zero,7,-6.448978424072266,0.25483077286988814,170,-5.827585697174072,0.5066219115546002,40
synonym,pcasub_icl10_k3_zero,final_cue,3,zero,8,-6.524964332580566,0.2572703273965058,170,-5.879805564880371,0.5049118118124752,40
synonym,pcasub_icl10_k3_zero,final_cue,3,zero,9,-6.4866557121276855,0.25625493130538546,170,-5.820851802825928,0.4974628655347184,40
synonym,pcasub_icl10_k3_zero,final_cue,3,zero,10,-6.575242519378662,0.25852802955478815,170,-5.942419052124023,0.5053884940106759,40
synonym,pcasub_icl10_k3_zero,final_cue,3,zero,11,-6.307995796203613,0.25091342745022394,170,-5.631369590759277,0.4912834884994289,40
synonym,pcasub_icl10_k3_zero,final_cue,3,zero,12,-6.176509380340576,0.25176112382494986,170,-5.53272008895874,0.49989633852328635,40
synonym,pcasub_icl10_k3_zero,final_cue,3,zero,13,-5.9333038330078125,0.25094721973851275,170,-5.318575382232666,0.48707662202332047,40
synonym,pcasub_icl10_k3_zero,final_cue,3,zero,14,-5.651569843292236,0.24606770839613112,170,-5.015324592590332,0.47174634158221085,40
synonym,pcasub_icl10_k3_zero,final_cue,3,zero,15,-5.683765411376953,0.2442635330043468,170,-5.113991737365723,0.47263268020175153,40
synonym,pcasub_icl10_k3_zero,final_cue,3,zero,16,-4.970006465911865,0.2343671834337345,170,-4.57314920425415,0.46434116185503616,40
synonym,pcasub_icl10_k3_zero,final_cue,3,zero,17,-4.586443901062012,0.23282193596520226,170,-4.038354873657227,0.45541546204368427,40
synonym,pcasub_icl10_k3_zero,final_cue,3,zero,18,-3.906477689743042,0.22156776909649087,170,-3.4133217334747314,0.4298335551042075,40
synonym,pcasub_icl10_k3_zero,final_cue,3,zero,19,-3.348113536834717,0.20630528460344158,170,-2.8567326068878174,0.40345065620368953,40
synonym,pcasub_icl10_k3_zero,final_cue,3,zero,20,-2.894221782684326,0.19533747446341154,170,-2.4832499027252197,0.4045463655570227,40
synonym,pcasub_icl10_k3_zero,final_cue,3,zero,21,-2.479160785675049,0.18607502287213937,170,-2.187289237976074,0.3708408062912803,40
synonym,pcasub_icl10_k3_zero,final_cue,3,zero,22,-2.3528997898101807,0.1903405129761819,170,-1.9894965887069702,0.3822778239895223,40
synonym,pcasub_icl10_k3_zero,final_cue,3,zero,23,-2.1379330158233643,0.18056543529730743,170,-1.9200626611709595,0.35601691351078185,40
synonym,pcasub_icl10_k3_zero,final_cue,3,zero,24,-1.8594863414764404,0.1761685612152588,170,-1.6567127704620361,0.35673957050876565,40
synonym,pcasub_icl10_k3_zero,final_cue,3,zero,25,-1.9204158782958984,0.18077936169378525,170,-1.6196941137313843,0.36836205886063733,40
synonym,pcasub_icl10_k3_zero,final_cue,3,zero,26,-1.80307936668396,0.17802563762978102,170,-1.503291130065918,0.3712932868310194,40
synonym,pcasub_icl10_k3_zero,final_cue,3,zero,27,-1.3502405881881714,0.17776788000222726,170,-1.2411855459213257,0.3833785470820694,40
synonym,pcasub_icl10_k3_mean,cue1,3,mean,0,-0.01269654929637909,0.0033468114094663396,170,-0.020449882373213768,0.006439655010511294,40
synonym,pcasub_icl10_k3_mean,cue1,3,mean,1,-0.01671886444091797,0.0029132822823704466,170,-0.018992280587553978,0.00568056594041019,40
synonym,pcasub_icl10_k3_mean,cue1,3,mean,2,-0.013647466897964478,0.002719108911552524,170,-0.017774736508727074,0.005314066433833774,40
synonym,pcasub_icl10_k3_mean,cue1,3,mean,3,-0.011858339421451092,0.0026937338379297935,170,-0.016338080167770386,0.005124279440805637,40
synonym,pcasub_icl10_k3_mean,cue1,3,mean,4,-0.004929210525006056,0.002304720376320311,170,-0.010153466835618019,0.004258855747487905,40
synonym,pcasub_icl10_k3_mean,cue1,3,mean,5,0.00013587965804617852,0.0021541518060751697,170,-0.003179150866344571,0.0036747607247512508,40
synonym,pcasub_icl10_k3_mean,cue1,3,mean,6,-0.0039137667044997215,0.0018241034189372075,170,-0.005363387055695057,0.002982726882516336,40
synonym,pcasub_icl10_k3_mean,cue1,3,mean,7,0.01221819780766964,0.001510738174126499,170,0.00809566956013441,0.002606984472304387,40
synonym,pcasub_icl10_k3_mean,cue1,3,mean,8,0.005460320971906185,0.0011823298724090079,170,0.0022384286858141422,0.0025826008066276015,40
synonym,pcasub_icl10_k3_mean,cue1,3,mean,9,0.0062030889093875885,0.0010169936047490884,170,0.0045070769265294075,0.0022276453580187404,40
synonym,pcasub_icl10_k3_mean,cue1,3,mean,10,0.0033515000250190496,0.0008253426125929442,170,0.003121107816696167,0.001786639666383707,40
synonym,pcasub_icl10_k3_mean,cue1,3,mean,11,0.00232053198851645,0.000685857422616642,170,0.002017718506976962,0.0014486194295946903,40
synonym,pcasub_icl10_k3_mean,cue1,3,mean,12,0.001882297801785171,0.0006166943325723645,170,0.0014921308029443026,0.0014199899596781121,40
synonym,pcasub_icl10_k3_mean,cue1,3,mean,13,0.0019209475722163916,0.0005754446235199158,170,0.0016585945850238204,0.0013246617663195993,40
synonym,pcasub_icl10_k3_mean,cue1,3,mean,14,0.001972394762560725,0.0005755743746268486,170,0.0023948787711560726,0.0012715163957105473,40
synonym,pcasub_icl10_k3_mean,cue1,3,mean,15,0.0015298682264983654,0.0005829492232574562,170,0.001508224057033658,0.0012607619192063762,40
synonym,pcasub_icl10_k3_mean,cue1,3,mean,16,0.0014763021608814597,0.0005484141429174313,170,0.0013108908897265792,0.0011309019062471914,40
synonym,pcasub_icl10_k3_mean,cue1,3,mean,17,0.0017865202389657497,0.0005773728185411651,170,0.002410316374152899,0.001239575749220738,40
synonym,pcasub_icl10_k3_mean,cue1,3,mean,18,0.001394509570673108,0.0005809205273788136,170,0.0017338574398308992,0.0012678146988014535,40
synonym,pcasub_icl10_k3_mean,cue1,3,mean,19,0.001427189796231687,0.0005706195109273351,170,0.001406896160915494,0.001172653787155437,40
synonym,pcasub_icl10_k3_mean,cue1,3,mean,20,0.0026094678323715925,0.000520206687988227,170,0.002664625644683838,0.0010271412273030788,40
synonym,pcasub_icl10_k3_mean,cue1,3,mean,21,0.0024669754784554243,0.0005376842299498071,170,0.0027933181263506413,0.0010936382113558233,40
synonym,pcasub_icl10_k3_mean,cue1,3,mean,22,0.0022302514407783747,0.00046437892599603836,170,0.002617400838062167,0.000975151146020954,40
synonym,pcasub_icl10_k3_mean,cue1,3,mean,23,0.0019792956300079823,0.0004542548039108242,170,0.002156716538593173,0.0009164262823780263,40
synonym,pcasub_icl10_k3_mean,cue1,3,mean,24,0.0010208627209067345,0.0004028977943452409,170,0.0019745707977563143,0.0008570275060966839,40
synonym,pcasub_icl10_k3_mean,cue1,3,mean,25,0.00038484440301544964,0.0003683893928042468,170,0.0007651388878002763,0.0007607118941438546,40
synonym,pcasub_icl10_k3_mean,cue1,3,mean,26,-0.00013378752919379622,0.0002881118329401845,170,-0.0002558946725912392,0.0005470235324713737,40
synonym,pcasub_icl10_k3_mean,cue1,3,mean,27,0.0,0.0,170,0.0,0.0,40
synonym,pcasub_icl10_k3_mean,target1,3,mean,0,-0.009981847368180752,0.010894054082230814,170,0.013438421301543713,0.021280038587153223,40
synonym,pcasub_icl10_k3_mean,target1,3,mean,1,-0.014142239466309547,0.010972555323369314,170,0.004503202624619007,0.019580307955122517,40
synonym,pcasub_icl10_k3_mean,target1,3,mean,2,-0.007973742671310902,0.009303879944705797,170,0.00017668008513282984,0.01648277368955363,40
synonym,pcasub_icl10_k3_mean,target1,3,mean,3,-0.0046318406239151955,0.007836823428950626,170,0.004556703381240368,0.01574116791448884,40
synonym,pcasub_icl10_k3_mean,target1,3,mean,4,-0.011794954538345337,0.007324088768993492,170,-0.004989516921341419,0.015448704113154644,40
synonym,pcasub_icl10_k3_mean,target1,3,mean,5,-0.005729752592742443,0.006981201843755942,170,-0.001099318265914917,0.014359477515200825,40
synonym,pcasub_icl10_k3_mean,target1,3,mean,6,-0.011887829750776291,0.006380697292159009,170,-0.008229690603911877,0.013368776311786608,40
synonym,pcasub_icl10_k3_mean,target1,3,mean,7,-0.022488366812467575,0.005900140621004505,170,-0.019279038533568382,0.0120346092333705,40
synonym,pcasub_icl10_k3_mean,target1,3,mean,8,-0.03027990646660328,0.0038751299166581332,170,-0.02319977805018425,0.008082074574428716,40
synonym,pcasub_icl10_k3_mean,target1,3,mean,9,-0.022436922416090965,0.003614677408970948,170,-0.01794830523431301,0.007374415206598378,40
synonym,pcasub_icl10_k3_mean,target1,3,mean,10,-0.024348005652427673,0.0033496874340022856,170,-0.020049404352903366,0.006553051984899859,40
synonym,pcasub_icl10_k3_mean,target1,3,mean,11,-0.014795918017625809,0.002659042970546432,170,-0.011631620116531849,0.005036420022498013,40
synonym,pcasub_icl10_k3_mean,target1,3,mean,12,-0.006881354842334986,0.002395788010379531,170,-0.005001926328986883,0.005478984997630954,40
synonym,pcasub_icl10_k3_mean,target1,3,mean,13,-0.003339008428156376,0.0022319913272826892,170,0.0010339319705963135,0.0055617093385810345,40
synonym,pcasub_icl10_k3_mean,target1,3,mean,14,-0.00010869818652281538,0.0023146877470682477,170,0.0029017149936407804,0.005977463885165765,40
synonym,pcasub_icl10_k3_mean,target1,3,mean,15,0.005728140007704496,0.0016388442670254278,170,0.006466281600296497,0.004069653356923333,40
synonym,pcasub_icl10_k3_mean,target1,3,mean,16,0.005518500227481127,0.0014260584517066996,170,0.007022875361144543,0.0029850328962643035,40
synonym,pcasub_icl10_k3_mean,target1,3,mean,17,0.006166163831949234,0.0014032142568182633,170,0.006728959269821644,0.0029013081046498747,40
synonym,pcasub_icl10_k3_mean,target1,3,mean,18,0.0007604914717376232,0.0009537653510503831,170,0.0024664103984832764,0.001668285645967183,40
synonym,pcasub_icl10_k3_mean,target1,3,mean,19,0.000871270545758307,0.0008575200299621277,170,0.0022679269313812256,0.0014563644550792437,40
synonym,pcasub_icl10_k3_mean,target1,3,mean,20,0.0005392400780692697,0.0007468315142274928,170,0.001995950937271118,0.0014121172640837575,40
synonym,pcasub_icl10_k3_mean,target1,3,mean,21,-0.0009303478873334825,0.000560244743846675,170,0.0002308189868927002,0.0009205704806480808,40
synonym,pcasub_icl10_k3_mean,target1,3,mean,22,-0.0007434624130837619,0.00042664378264134446,170,-6.540417962241918e-05,0.000732767970012951,40
synonym,pcasub_icl10_k3_mean,target1,3,mean,23,-0.0005717494641430676,0.0003015712870512178,170,-0.0008406698470935225,0.00044201714961277,40
synonym,pcasub_icl10_k3_mean,target1,3,mean,24,-0.0004112892202101648,0.00026664318550110677,170,-0.000747120357118547,0.00045495917319439535,40
synonym,pcasub_icl10_k3_mean,target1,3,mean,25,-7.246347377076745e-05,0.00024707725072302617,170,-7.928609556984156e-05,0.00043797915903209746,40
synonym,pcasub_icl10_k3_mean,target1,3,mean,26,8.589730896346737e-06,0.00013656668293507258,170,-0.00040099024772644043,0.0001976971466203928,40
synonym,pcasub_icl10_k3_mean,target1,3,mean,27,0.0,0.0,170,0.0,0.0,40
synonym,pcasub_icl10_k3_mean,final_cue,3,mean,0,-1.3107540607452393,0.07532403003307117,170,-1.1662126779556274,0.15827260743669286,40
synonym,pcasub_icl10_k3_mean,final_cue,3,mean,1,-1.310508131980896,0.0753361535650709,170,-1.165196180343628,0.158264747552286,40
synonym,pcasub_icl10_k3_mean,final_cue,3,mean,2,-1.3091011047363281,0.07522989894430558,170,-1.1647924184799194,0.15825609602484533,40
synonym,pcasub_icl10_k3_mean,final_cue,3,mean,3,-1.3151702880859375,0.07548277424449293,170,-1.1711320877075195,0.15883384465035913,40
synonym,pcasub_icl10_k3_mean,final_cue,3,mean,4,-1.32472825050354,0.07553268095597145,170,-1.180699348449707,0.15876757281924514,40
synonym,pcasub_icl10_k3_mean,final_cue,3,mean,5,-1.3119463920593262,0.0753916191811164,170,-1.1628029346466064,0.1572019479307859,40
synonym,pcasub_icl10_k3_mean,final_cue,3,mean,6,-1.3268725872039795,0.07553229695269544,170,-1.175398588180542,0.1575543327483604,40
synonym,pcasub_icl10_k3_mean,final_cue,3,mean,7,-1.3243390321731567,0.07594321245829853,170,-1.1699094772338867,0.15919664334355663,40
synonym,pcasub_icl10_k3_mean,final_cue,3,mean,8,-1.343039870262146,0.07602537544496184,170,-1.176766037940979,0.15756534035625872,40
synonym,pcasub_icl10_k3_mean,final_cue,3,mean,9,-1.3566155433654785,0.07534853767072221,170,-1.1954398155212402,0.15673600945947241,40
synonym,pcasub_icl10_k3_mean,final_cue,3,mean,10,-1.2879607677459717,0.07184357519775152,170,-1.1424545049667358,0.15082483919916487,40
synonym,pcasub_icl10_k3_mean,final_cue,3,mean,11,-1.1417503356933594,0.07050164374946354,170,-0.9503881335258484,0.14690068352933602,40
synonym,pcasub_icl10_k3_mean,final_cue,3,mean,12,-1.0404176712036133,0.07052694225100445,170,-0.8498090505599976,0.14646120855372333,40
synonym,pcasub_icl10_k3_mean,final_cue,3,mean,13,-0.9096097946166992,0.06747647965546393,170,-0.7270114421844482,0.1333723899682015,40
synonym,pcasub_icl10_k3_mean,final_cue,3,mean,14,-0.8457831740379333,0.06694162252106121,170,-0.6510953903198242,0.1322037552125418,40
synonym,pcasub_icl10_k3_mean,final_cue,3,mean,15,-0.8334529995918274,0.06395203358770334,170,-0.655839741230011,0.12781088089645937,40
synonym,pcasub_icl10_k3_mean,final_cue,3,mean,16,-0.6750144958496094,0.06130137326009949,170,-0.5227271318435669,0.12279637831241905,40
synonym,pcasub_icl10_k3_mean,final_cue,3,mean,17,-0.5555449724197388,0.05854950064046173,170,-0.3894306421279907,0.11561822107382586,40
synonym,pcasub_icl10_k3_mean,final_cue,3,mean,18,-0.4137585759162903,0.05575188591630313,170,-0.23303000628948212,0.10924295008496183,40
synonym,pcasub_icl10_k3_mean,final_cue,3,mean,19,-0.3281499445438385,0.05412108800363707,170,-0.14432014524936676,0.10517702434183264,40
synonym,pcasub_icl10_k3_mean,final_cue,3,mean,20,-0.25323599576950073,0.05170810741801278,170,-0.10259635746479034,0.10401316771734115,40
synonym,pcasub_icl10_k3_mean,final_cue,3,mean,21,-0.1646278202533722,0.048953368488207666,170,-0.051687609404325485,0.09768980589312103,40
synonym,pcasub_icl10_k3_mean,final_cue,3,mean,22,-0.10170020908117294,0.04919481511946617,170,0.03310961276292801,0.09601180539115163,40
synonym,pcasub_icl10_k3_mean,final_cue,3,mean,23,-0.06460318714380264,0.04708239024080041,170,0.03401711955666542,0.09042428519115657,40
synonym,pcasub_icl10_k3_mean,final_cue,3,mean,24,-0.022911539301276207,0.0452996870321996,170,0.05621445178985596,0.0865816781781294,40
synonym,pcasub_icl10_k3_mean,final_cue,3,mean,25,-0.020554933696985245,0.04683362926142744,170,0.07469208538532257,0.09235297265382457,40
synonym,pcasub_icl10_k3_mean,final_cue,3,mean,26,0.020916804671287537,0.04552143978115991,170,0.1215878501534462,0.08843701614398848,40
synonym,pcasub_icl10_k3_mean,final_cue,3,mean,27,0.09264958649873734,0.04362683161787536,170,0.18272387981414795,0.08946697200390832,40
synonym,pcasub_icl10_k4_zero,cue1,4,zero,0,-0.08142431825399399,0.02704972105234291,170,-0.0911891907453537,0.050393215355816624,40
synonym,pcasub_icl10_k4_zero,cue1,4,zero,1,0.007547555025666952,0.011384651410472763,170,0.017595356330275536,0.01997620722267015,40
synonym,pcasub_icl10_k4_zero,cue1,4,zero,2,0.00829971581697464,0.010250023445018347,170,0.01197103876620531,0.020595502970974917,40
synonym,pcasub_icl10_k4_zero,cue1,4,zero,3,0.0021723017562180758,0.008725885870864578,170,0.00931925792247057,0.014650433425042096,40
synonym,pcasub_icl10_k4_zero,cue1,4,zero,4,-0.0027525024488568306,0.005599517484899297,170,0.009503627195954323,0.009567527346093674,40
synonym,pcasub_icl10_k4_zero,cue1,4,zero,5,0.003305354854092002,0.006122168800885995,170,0.01874135062098503,0.01050719879189482,40
synonym,pcasub_icl10_k4_zero,cue1,4,zero,6,-0.003564962651580572,0.003651246292376043,170,0.007009589578956366,0.007533002982205735,40
synonym,pcasub_icl10_k4_zero,cue1,4,zero,7,-0.03212937340140343,0.003840972196680303,170,-0.01742604374885559,0.007023445804358848,40
synonym,pcasub_icl10_k4_zero,cue1,4,zero,8,-0.016181647777557373,0.0027062288016697074,170,-0.00641515851020813,0.005607241771466193,40
synonym,pcasub_icl10_k4_zero,cue1,4,zero,9,-0.007672848645597696,0.002167455062425077,170,-0.0024639307521283627,0.004001339393072621,40
synonym,pcasub_icl10_k4_zero,cue1,4,zero,10,-0.0004467091057449579,0.0020501037755632826,170,0.0028619051445275545,0.003792274655229578,40
synonym,pcasub_icl10_k4_zero,cue1,4,zero,11,-0.0011814285535365343,0.0019372209553943083,170,0.0014291644329205155,0.003546045398756933,40
synonym,pcasub_icl10_k4_zero,cue1,4,zero,12,-0.003514312207698822,0.001897486044979198,170,-0.00167247059289366,0.0033331205175940164,40
synonym,pcasub_icl10_k4_zero,cue1,4,zero,13,-0.001963263377547264,0.0018637473285759716,170,-0.0009760856628417969,0.0034002587972963394,40
synonym,pcasub_icl10_k4_zero,cue1,4,zero,14,0.0022265403531491756,0.0017558904084268216,170,0.001723170280456543,0.0033704838305122363,40
synonym,pcasub_icl10_k4_zero,cue1,4,zero,15,0.002622839994728565,0.001697341908937758,170,0.002708441112190485,0.0032366973358427904,40
synonym,pcasub_icl10_k4_zero,cue1,4,zero,16,0.0031731980852782726,0.0016613474590046996,170,0.0033261417411267757,0.0032083445581249626,40
synonym,pcasub_icl10_k4_zero,cue1,4,zero,17,0.005040906369686127,0.0016446571737593653,170,0.004756665322929621,0.0031060291136591023,40
synonym,pcasub_icl10_k4_zero,cue1,4,zero,18,0.006975495256483555,0.0015561014182723456,170,0.006748384330421686,0.002790273395430205,40
synonym,pcasub_icl10_k4_zero,cue1,4,zero,19,0.007182006258517504,0.0015219449840197699,170,0.006287610623985529,0.0026443822428993007,40
synonym,pcasub_icl10_k4_zero,cue1,4,zero,20,0.010197101160883904,0.001414906213707564,170,0.01012162584811449,0.0025296908968092903,40
synonym,pcasub_icl10_k4_zero,cue1,4,zero,21,0.01052358653396368,0.0014863513946493908,170,0.009823346510529518,0.0026861855894400443,40
synonym,pcasub_icl10_k4_zero,cue1,4,zero,22,0.0096160639077425,0.00129243274029022,170,0.008091479539871216,0.002578758922931275,40
synonym,pcasub_icl10_k4_zero,cue1,4,zero,23,0.007694086525589228,0.0011815889375165144,170,0.006072509102523327,0.0024258091006041493,40
synonym,pcasub_icl10_k4_zero,cue1,4,zero,24,0.004787200130522251,0.0010237739483078532,170,0.004668557550758123,0.002190027882921147,40
synonym,pcasub_icl10_k4_zero,cue1,4,zero,25,0.002599854953587055,0.0008575471730508337,170,0.003413677215576172,0.0015092618482201235,40
synonym,pcasub_icl10_k4_zero,cue1,4,zero,26,0.0010346672497689724,0.0007592076198105469,170,0.0005648195510730147,0.0016941121164142487,40
synonym,pcasub_icl10_k4_zero,cue1,4,zero,27,0.0,0.0,170,0.0,0.0,40
synonym,pcasub_icl10_k4_zero,target1,4,zero,0,-0.2540818154811859,0.025992608033898437,170,-0.2309732437133789,0.05383441222910562,40
synonym,pcasub_icl10_k4_zero,target1,4,zero,1,-0.18391944468021393,0.019671900396380417,170,-0.09206201881170273,0.0375764957901929,40
synonym,pcasub_icl10_k4_zero,target1,4,zero,2,-0.19522923231124878,0.015563714491474622,170,-0.1414775848388672,0.027112435653438217,40
synonym,pcasub_icl10_k4_zero,target1,4,zero,3,-0.203487366437912,0.015728363896131917,170,-0.16445103287696838,0.027716911655664093,40
synonym,pcasub_icl10_k4_zero,target1,4,zero,4,-0.17969951033592224,0.014237497462963822,170,-0.1520906388759613,0.02740780332393652,40
synonym,pcasub_icl10_k4_zero,target1,4,zero,5,-0.14746296405792236,0.012269055526931314,170,-0.13481517136096954,0.021822118510617997,40
synonym,pcasub_icl10_k4_zero,target1,4,zero,6,-0.13700489699840546,0.011098757542883059,170,-0.12628813087940216,0.021963089872643178,40
synonym,pcasub_icl10_k4_zero,target1,4,zero,7,-0.13496382534503937,0.010769006158278884,170,-0.12813854217529297,0.02120342356282994,40
synonym,pcasub_icl10_k4_zero,target1,4,zero,8,-0.0744217112660408,0.008193025324923735,170,-0.06351238489151001,0.014829226946654634,40
synonym,pcasub_icl10_k4_zero,target1,4,zero,9,-0.04854651540517807,0.007685782711820361,170,-0.04110661894083023,0.01405786976561032,40
synonym,pcasub_icl10_k4_zero,target1,4,zero,10,-0.046053994446992874,0.00730312801874453,170,-0.04179830104112625,0.014132040356458745,40
synonym,pcasub_icl10_k4_zero,target1,4,zero,11,-0.019622856751084328,0.0063944094091398455,170,-0.016826171427965164,0.012624100563885444,40
synonym,pcasub_icl10_k4_zero,target1,4,zero,12,-0.004741101060062647,0.005763554312902006,170,-0.002696388866752386,0.013030597481331781,40
synonym,pcasub_icl10_k4_zero,target1,4,zero,13,0.0002632421674206853,0.00538048933061163,170,0.007592523004859686,0.013022101455201338,40
synonym,pcasub_icl10_k4_zero,target1,4,zero,14,0.006739275064319372,0.005554739388602607,170,0.011120593175292015,0.01476434402497044,40
synonym,pcasub_icl10_k4_zero,target1,4,zero,15,0.01790463738143444,0.0038495734129161572,170,0.020304370671510696,0.009037836282695565,40
synonym,pcasub_icl10_k4_zero,target1,4,zero,16,0.016625937074422836,0.003317167727998683,170,0.019971126690506935,0.007052825538646173,40
synonym,pcasub_icl10_k4_zero,target1,4,zero,17,0.01753782480955124,0.003229100119533287,170,0.019759660586714745,0.006598258100641627,40
synonym,pcasub_icl10_k4_zero,target1,4,zero,18,0.0009143184288404882,0.0023187264958093425,170,0.007194000296294689,0.0035897182951408566,40
synonym,pcasub_icl10_k4_zero,target1,4,zero,19,0.001005447586067021,0.0021193045087858444,170,0.005753594450652599,0.0033117859145395433,40
synonym,pcasub_icl10_k4_zero,target1,4,zero,20,-0.0004089537833351642,0.0018344556501113233,170,0.004236495587974787,0.002725935906371965,40
synonym,pcasub_icl10_k4_zero,target1,4,zero,21,-0.004039347171783447,0.0015044996923333233,170,-0.0004951179143972695,0.0020835455629108265,40
synonym,pcasub_icl10_k4_zero,target1,4,zero,22,-0.003300595562905073,0.0011718606402367328,170,-0.0006311476463451982,0.001689841720584679,40
synonym,pcasub_icl10_k4_zero,target1,4,zero,23,-0.0019466824596747756,0.0007743946065166522,170,-0.0009802281856536865,0.001412558292894432,40
synonym,pcasub_icl10_k4_zero,target1,4,zero,24,-2.1874553567613475e-05,0.0006433928460570562,170,-0.000230950114200823,0.001079642578044523,40
synonym,pcasub_icl10_k4_zero,target1,4,zero,25,0.0008502451819367707,0.00046603704728466277,170,0.0002990901411976665,0.0006234758031742882,40
synonym,pcasub_icl10_k4_zero,target1,4,zero,26,0.0004823958151973784,0.0003077993758985862,170,0.0003959655878134072,0.0006605125044390603,40
synonym,pcasub_icl10_k4_zero,target1,4,zero,27,0.0,0.0,170,0.0,0.0,40
synonym,pcasub_icl10_k4_zero,final_cue,4,zero,0,-6.675774097442627,0.25693209365382264,170,-6.092072010040283,0.5116094134565954,40
synonym,pcasub_icl10_k4_zero,final_cue,4,zero,1,-6.5850372314453125,0.2526787087959096,170,-5.986828327178955,0.5030507344346212,40
synonym,pcasub_icl10_k4_zero,final_cue,4,zero,2,-6.632524490356445,0.2547943474162781,170,-6.05826997756958,0.5077550920115326,40
synonym,pcasub_icl10_k4_zero,final_cue,4,zero,3,-6.553467750549316,0.253577934753102,170,-5.975813865661621,0.5029806928747749,40
synonym,pcasub_icl10_k4_zero,final_cue,4,zero,4,-6.581801414489746,0.2541653134784341,170,-6.034074306488037,0.5044704519724964,40
synonym,pcasub_icl10_k4_zero,final_cue,4,zero,5,-6.678653717041016,0.25630435801276896,170,-6.144031524658203,0.508848388738477,40
synonym,pcasub_icl10_k4_zero,final_cue,4,zero,6,-6.624798774719238,0.25371645022051964,170,-6.0621538162231445,0.5074275025846949,40
synonym,pcasub_icl10_k4_zero,final_cue,4,zero,7,-6.649888515472412,0.2558640708280187,170,-6.081151962280273,0.5073076252110075,40
synonym,pcasub_icl10_k4_zero,final_cue,4,zero,8,-6.714287757873535,0.2582331333246832,170,-6.124002456665039,0.504646234423284,40
synonym,pcasub_icl10_k4_zero,final_cue,4,zero,9,-6.689981460571289,0.25730808771864677,170,-6.086884021759033,0.4995687113991613,40
synonym,pcasub_icl10_k4_zero,final_cue,4,zero,10,-6.780303001403809,0.2598274600690635,170,-6.204949855804443,0.5076938339196325,40
synonym,pcasub_icl10_k4_zero,final_cue,4,zero,11,-6.538933277130127,0.25297450103365854,170,-5.924797534942627,0.4954207280858516,40
synonym,pcasub_icl10_k4_zero,final_cue,4,zero,12,-6.417179107666016,0.25494101838184346,170,-5.829039573669434,0.5030537125203197,40
synonym,pcasub_icl10_k4_zero,final_cue,4,zero,13,-6.205882549285889,0.25420740755183285,170,-5.658611297607422,0.48950466660251385,40
synonym,pcasub_icl10_k4_zero,final_cue,4,zero,14,-5.85961389541626,0.25029966221406885,170,-5.276766777038574,0.47370840999280345,40
synonym,pcasub_icl10_k4_zero,final_cue,4,zero,15,-5.885184288024902,0.2469500199233088,170,-5.384465217590332,0.46916731936728845,40
synonym,pcasub_icl10_k4_zero,final_cue,4,zero,16,-5.122198581695557,0.23909073458844543,170,-4.788680553436279,0.4632934411484653,40
synonym,pcasub_icl10_k4_zero,final_cue,4,zero,17,-4.720585346221924,0.2360640939104202,170,-4.231550693511963,0.4574883604790068,40
synonym,pcasub_icl10_k4_zero,final_cue,4,zero,18,-3.9701170921325684,0.22168490838154403,170,-3.5369324684143066,0.43014862903165396,40
synonym,pcasub_icl10_k4_zero,final_cue,4,zero,19,-3.390774965286255,0.2071561992913379,170,-2.9436843395233154,0.40053940779558866,40
synonym,pcasub_icl10_k4_zero,final_cue,4,zero,20,-2.9123761653900146,0.19531483655599727,170,-2.5031580924987793,0.3994972662875416,40
synonym,pcasub_icl10_k4_zero,final_cue,4,zero,21,-2.4824740886688232,0.1851087792003482,170,-2.1923680305480957,0.3636914026585928,40
synonym,pcasub_icl10_k4_zero,final_cue,4,zero,22,-2.3626625537872314,0.1903949682978941,170,-1.9887826442718506,0.37661071539166635,40
synonym,pcasub_icl10_k4_zero,final_cue,4,zero,23,-2.1325278282165527,0.17988955295979026,170,-1.9170691967010498,0.35080062677202284,40
synonym,pcasub_icl10_k4_zero,final_cue,4,zero,24,-1.8577948808670044,0.1754681575256879,170,-1.6547393798828125,0.34943029268054093,40
synonym,pcasub_icl10_k4_zero,final_cue,4,zero,25,-1.9150574207305908,0.17970667597105833,170,-1.6285247802734375,0.3594854409173801,40
synonym,pcasub_icl10_k4_zero,final_cue,4,zero,26,-1.783415675163269,0.17622585084686537,170,-1.5211691856384277,0.36090866430297636,40
synonym,pcasub_icl10_k4_zero,final_cue,4,zero,27,-1.3926563262939453,0.17950139879122587,170,-1.2446914911270142,0.39264823464024456,40
synonym,pcasub_icl10_k4_mean,cue1,4,mean,0,-0.008414234034717083,0.0035546094679477936,170,-0.01485898531973362,0.007205538427632272,40
synonym,pcasub_icl10_k4_mean,cue1,4,mean,1,-0.014085640199482441,0.002859518395128447,170,-0.015166819095611572,0.005037950296755285,40
synonym,pcasub_icl10_k4_mean,cue1,4,mean,2,-0.014476658776402473,0.002747558297117116,170,-0.018062274903059006,0.00504081529059184,40
synonym,pcasub_icl10_k4_mean,cue1,4,mean,3,-0.012007501907646656,0.002749767458821063,170,-0.014998132362961769,0.0048893122489207675,40
synonym,pcasub_icl10_k4_mean,cue1,4,mean,4,-0.004863143432885408,0.002583874043550862,170,-0.0086792828515172,0.005176245740400642,40
synonym,pcasub_icl10_k4_mean,cue1,4,mean,5,-0.00023908579896669835,0.002357411968700061,170,-0.0025856078136712313,0.004706029215996094,40
synonym,pcasub_icl10_k4_mean,cue1,4,mean,6,-0.005514297168701887,0.0018742411323864438,170,-0.008932739496231079,0.0033293649253444526,40
synonym,pcasub_icl10_k4_mean,cue1,4,mean,7,0.010059226304292679,0.0015765938788119475,170,0.004609984345734119,0.0029394789641449693,40
synonym,pcasub_icl10_k4_mean,cue1,4,mean,8,0.0030664061196148396,0.001178308409529668,170,7.516145615227288e-06,0.002632886337326099,40
synonym,pcasub_icl10_k4_mean,cue1,4,mean,9,0.005935480818152428,0.0010552950743637974,170,0.004808878991752863,0.0023205830132428658,40
synonym,pcasub_icl10_k4_mean,cue1,4,mean,10,0.003678510896861553,0.000867130254806038,170,0.0028855502605438232,0.001978937063139516,40
synonym,pcasub_icl10_k4_mean,cue1,4,mean,11,0.0027547043282538652,0.0007207180771627775,170,0.00209786300547421,0.0016093257632986003,40
synonym,pcasub_icl10_k4_mean,cue1,4,mean,12,0.002047142246738076,0.0006320396063431344,170,0.001737487269565463,0.0015947832984385723,40
synonym,pcasub_icl10_k4_mean,cue1,4,mean,13,0.0019308935152366757,0.000631614888434066,170,0.0017771304119378328,0.00154198544969703,40
synonym,pcasub_icl10_k4_mean,cue1,4,mean,14,0.0019451719708740711,0.0005740925048418612,170,0.0019607902504503727,0.0013817685917082059,40
synonym,pcasub_icl10_k4_mean,cue1,4,mean,15,0.0014721120242029428,0.0005800979132180691,170,0.0021663426887243986,0.00126217056081002,40
synonym,pcasub_icl10_k4_mean,cue1,4,mean,16,0.0014603838790208101,0.0005911762220150713,170,0.0016741275321692228,0.0012601680396760089,40
synonym,pcasub_icl10_k4_mean,cue1,4,mean,17,0.0017715345602482557,0.000574091147687426,170,0.002324724104255438,0.0013328117431328189,40
synonym,pcasub_icl10_k4_mean,cue1,4,mean,18,0.0017574373632669449,0.000584171090824312,170,0.002152740955352783,0.0012311466505007963,40
synonym,pcasub_icl10_k4_mean,cue1,4,mean,19,0.001723401714116335,0.0005486766451568908,170,0.00142459268681705,0.0011593959751649665,40
synonym,pcasub_icl10_k4_mean,cue1,4,mean,20,0.002876375336199999,0.000556672070510335,170,0.0030573606491088867,0.0012821393734741735,40
synonym,pcasub_icl10_k4_mean,cue1,4,mean,21,0.0029943780973553658,0.0005317822153128151,170,0.0030199408065527678,0.0010828405891282705,40
synonym,pcasub_icl10_k4_mean,cue1,4,mean,22,0.0027994776610285044,0.0005044540893139148,170,0.0032657503616064787,0.0011443687467507678,40
synonym,pcasub_icl10_k4_mean,cue1,4,mean,23,0.0021096072159707546,0.00048059724292920137,170,0.0020321072079241276,0.001098234335308669,40
synonym,pcasub_icl10_k4_mean,cue1,4,mean,24,0.0011949664913117886,0.00042090634083692777,170,0.00221899151802063,0.0009116575755316544,40
synonym,pcasub_icl10_k4_mean,cue1,4,mean,25,0.00055624422384426,0.000395319622551471,170,0.0008059918764047325,0.0008057111165704309,40
synonym,pcasub_icl10_k4_mean,cue1,4,mean,26,-2.453432352922391e-05,0.00029298680310096726,170,-0.00010820627358043566,0.0005528425358092768,40
synonym,pcasub_icl10_k4_mean,cue1,4,mean,27,0.0,0.0,170,0.0,0.0,40
synonym,pcasub_icl10_k4_mean,target1,4,mean,0,-0.009707588702440262,0.011354262579790943,170,0.018151527270674706,0.02205173033162253,40
synonym,pcasub_icl10_k4_mean,target1,4,mean,1,-0.01229590643197298,0.011220429438033405,170,0.013298595324158669,0.020103169330293887,40
synonym,pcasub_icl10_k4_mean,target1,4,mean,2,-0.005608539097011089,0.009602519635318402,170,0.006374937482178211,0.017209874255280627,40
synonym,pcasub_icl10_k4_mean,target1,4,mean,3,-0.0016647345619276166,0.007901690839490452,170,0.009677928872406483,0.01613137253557023,40
synonym,pcasub_icl10_k4_mean,target1,4,mean,4,-0.00883579347282648,0.007431755401804976,170,-0.002648860216140747,0.01624542567836626,40
synonym,pcasub_icl10_k4_mean,target1,4,mean,5,-0.00357663631439209,0.007033108572297003,170,0.0032425106037408113,0.014896996066899504,40
synonym,pcasub_icl10_k4_mean,target1,4,mean,6,-0.008564125746488571,0.006429366278792526,170,-0.0022002696059644222,0.013651189073888282,40
synonym,pcasub_icl10_k4_mean,target1,4,mean,7,-0.019882192835211754,0.005926177414558216,170,-0.01580892875790596,0.012390274892982327,40
synonym,pcasub_icl10_k4_mean,target1,4,mean,8,-0.028248652815818787,0.004033481553302185,170,-0.02013186179101467,0.008971643969297007,40
synonym,pcasub_icl10_k4_mean,target1,4,mean,9,-0.01946358010172844,0.0037325378430335225,170,-0.014403944835066795,0.008116926894599148,40
synonym,pcasub_icl10_k4_mean,target1,4,mean,10,-0.021401289850473404,0.0034423616531961787,170,-0.017781918868422508,0.007306352165316409,40
synonym,pcasub_icl10_k4_mean,target1,4,mean,11,-0.011158718727529049,0.0027798005721824705,170,-0.008936244063079357,0.00610204222838643,40
synonym,pcasub_icl10_k4_mean,target1,4,mean,12,-0.0027226852253079414,0.002643392837031985,170,-0.0006532490369863808,0.006846571899299216,40
synonym,pcasub_icl10_k4_mean,target1,4,mean,13,0.00019074187730439007,0.0025253695444371746,170,0.004775983281433582,0.006814800743347332,40
synonym,pcasub_icl10_k4_mean,target1,4,mean,14,0.0033553368411958218,0.0025403685295394,170,0.0065319775603711605,0.00710742063501185,40
synonym,pcasub_icl10_k4_mean,target1,4,mean,15,0.008457543328404427,0.0017882522559408444,170,0.010143935680389404,0.004427272501744645,40
synonym,pcasub_icl10_k4_mean,target1,4,mean,16,0.008782208897173405,0.0015965464776030226,170,0.009946244768798351,0.0035210061536927943,40
synonym,pcasub_icl10_k4_mean,target1,4,mean,17,0.008859948255121708,0.00152503072463056,170,0.009785699658095837,0.0031929734892189696,40
synonym,pcasub_icl10_k4_mean,target1,4,mean,18,0.0019054269650951028,0.0010425153939091932,170,0.004329794552177191,0.0017720346181365214,40
synonym,pcasub_icl10_k4_mean,target1,4,mean,19,0.001025104196742177,0.0008712251468832457,170,0.002946698572486639,0.0014527893974947508,40
synonym,pcasub_icl10_k4_mean,target1,4,mean,20,0.00019046769011765718,0.000757047172807909,170,0.0017000914085656404,0.0013670061278354408,40
synonym,pcasub_icl10_k4_mean,target1,4,mean,21,-0.0009985348442569375,0.0005914077597046517,170,7.62939453125e-06,0.0010111805492625477,40
synonym,pcasub_icl10_k4_mean,target1,4,mean,22,-0.0009564757347106934,0.0004246456584520866,170,-2.2786854970036075e-05,0.0008274575919399145,40
synonym,pcasub_icl10_k4_mean,target1,4,mean,23,-0.0005688053788617253,0.000328917770349585,170,-0.0007260739803314209,0.0006841649016437894,40
synonym,pcasub_icl10_k4_mean,target1,4,mean,24,-0.0002541661378927529,0.0002841074059204667,170,-0.0005792677402496338,0.0004765087317768757,40
synonym,pcasub_icl10_k4_mean,target1,4,mean,25,-0.0001298862334806472,0.00024561520253571235,170,-0.00016835331916809082,0.0004314398209080117,40
synonym,pcasub_icl10_k4_mean,target1,4,mean,26,5.675063584931195e-05,0.0001470952191847113,170,-0.00036407113657332957,0.00020204339719657308,40
synonym,pcasub_icl10_k4_mean,target1,4,mean,27,0.0,0.0,170,0.0,0.0,40
synonym,pcasub_icl10_k4_mean,final_cue,4,mean,0,-1.2967863082885742,0.07518215910845598,170,-1.1512224674224854,0.15790388084506382,40
synonym,pcasub_icl10_k4_mean,final_cue,4,mean,1,-1.2962841987609863,0.0751795030857969,170,-1.1505769491195679,0.15786117924284856,40
synonym,pcasub_icl10_k4_mean,final_cue,4,mean,2,-1.295493483543396,0.07518679914804109,170,-1.1509581804275513,0.15773941700479496,40
synonym,pcasub_icl10_k4_mean,final_cue,4,mean,3,-1.3046430349349976,0.07547910335603299,170,-1.160513162612915,0.15884292969660402,40
synonym,pcasub_icl10_k4_mean,final_cue,4,mean,4,-1.3078588247299194,0.07543298639117128,170,-1.1654493808746338,0.15870482568449584,40
synonym,pcasub_icl10_k4_mean,final_cue,4,mean,5,-1.2971839904785156,0.07533805072411309,170,-1.15267813205719,0.15690999186479032,40
synonym,pcasub_icl10_k4_mean,final_cue,4,mean,6,-1.306203842163086,0.07561490794318075,170,-1.1629812717437744,0.15732842232975489,40
synonym,pcasub_icl10_k4_mean,final_cue,4,mean,7,-1.2978060245513916,0.07614075014353239,170,-1.1464147567749023,0.15890407469664208,40
synonym,pcasub_icl10_k4_mean,final_cue,4,mean,8,-1.3314907550811768,0.07628564280821237,170,-1.1676270961761475,0.1575223371757449,40
synonym,pcasub_icl10_k4_mean,final_cue,4,mean,9,-1.3404942750930786,0.07559342661706207,170,-1.1808698177337646,0.15709696098559106,40
synonym,pcasub_icl10_k4_mean,final_cue,4,mean,10,-1.2737802267074585,0.07186296736318999,170,-1.1304298639297485,0.15157274395533332,40
synonym,pcasub_icl10_k4_mean,final_cue,4,mean,11,-1.1264897584915161,0.07058354616247527,170,-0.9386546015739441,0.14735662279518705,40
synonym,pcasub_icl10_k4_mean,final_cue,4,mean,12,-1.0205817222595215,0.07029483055652704,170,-0.8324163556098938,0.14595720524653535,40
synonym,pcasub_icl10_k4_mean,final_cue,4,mean,13,-0.8909842371940613,0.06730754107135763,170,-0.7078671455383301,0.1324779935534955,40
synonym,pcasub_icl10_k4_mean,final_cue,4,mean,14,-0.8417835831642151,0.06772306918774042,170,-0.6419196128845215,0.13151981332863882,40
synonym,pcasub_icl10_k4_mean,final_cue,4,mean,15,-0.832299530506134,0.06495970847009537,170,-0.6477387547492981,0.12855889874448975,40
synonym,pcasub_icl10_k4_mean,final_cue,4,mean,16,-0.6768592000007629,0.062367348068431396,170,-0.524275004863739,0.12316707458731073,40
synonym,pcasub_icl10_k4_mean,final_cue,4,mean,17,-0.5650604367256165,0.05950855339376287,170,-0.40225324034690857,0.11518118699756735,40
synonym,pcasub_icl10_k4_mean,final_cue,4,mean,18,-0.4275107979774475,0.05642440822515523,170,-0.24388763308525085,0.10820946952867729,40
synonym,pcasub_icl10_k4_mean,final_cue,4,mean,19,-0.3421551287174225,0.05476378148658485,170,-0.1470559537410736,0.10320344883428466,40
synonym,pcasub_icl10_k4_mean,final_cue,4,mean,20,-0.2675376832485199,0.052378170277311384,170,-0.103266641497612,0.10177629550648498,40
synonym,pcasub_icl10_k4_mean,final_cue,4,mean,21,-0.1761503517627716,0.04940169231294868,170,-0.052036501467227936,0.09540404030060683,40
synonym,pcasub_icl10_k4_mean,final_cue,4,mean,22,-0.11290782690048218,0.04956321140518636,170,0.0387105830013752,0.09418361889648702,40
synonym,pcasub_icl10_k4_mean,final_cue,4,mean,23,-0.07268285006284714,0.04722545888991935,170,0.03782537579536438,0.08883846398101397,40
synonym,pcasub_icl10_k4_mean,final_cue,4,mean,24,-0.032486774027347565,0.045604521632805095,170,0.059465277940034866,0.0845508310668158,40
synonym,pcasub_icl10_k4_mean,final_cue,4,mean,25,-0.027086229994893074,0.04687453018179001,170,0.07329080998897552,0.09044569725035609,40
synonym,pcasub_icl10_k4_mean,final_cue,4,mean,26,0.013746602460741997,0.04575029201925882,170,0.11447872966527939,0.08621064262765181,40
synonym,pcasub_icl10_k4_mean,final_cue,4,mean,27,0.0885934978723526,0.04387050455384121,170,0.18730297684669495,0.08965521340815621,40
synonym,pcasub_icl10_cf_k0_zero,cue1,0,zero,0,0.03367292881011963,0.012861083434783717,170,0.022062724456191063,0.022330006994480723,40
synonym,pcasub_icl10_cf_k0_zero,cue1,0,zero,1,-0.011072435416281223,0.0030724096399180442,170,-0.011277496814727783,0.005233534425749577,40
synonym,pcasub_icl10_cf_k0_zero,cue1,0,zero,2,-0.006818559020757675,0.0031128962710319495,170,-0.002647352172061801,0.005332632936860513,40
synonym,pcasub_icl10_cf_k0_zero,cue1,0,zero,3,-0.006114744581282139,0.003136839618154618,170,-0.000755137181840837,0.005603955628247824,40
synonym,pcasub_icl10_cf_k0_zero,cue1,0,zero,4,-0.005269206129014492,0.0030213326327412178,170,-0.0015048921341076493,0.005329183046050336,40
synonym,pcasub_icl10_cf_k0_zero,cue1,0,zero,5,-0.005642130505293608,0.0029917983807785545,170,-0.0030520677100867033,0.005120250543222981,40
synonym,pcasub_icl10_cf_k0_zero,cue1,0,zero,6,-0.01228940486907959,0.0018221948312260891,170,-0.01106263417750597,0.0033725518801339767,40
synonym,pcasub_icl10_cf_k0_zero,cue1,0,zero,7,-0.005110755562782288,0.0009215518619448929,170,-0.004609525203704834,0.0017701541714212246,40
synonym,pcasub_icl10_cf_k0_zero,cue1,0,zero,8,-0.0022906686645001173,0.0006874472218938261,170,-0.002108681248500943,0.0015432293129236637,40
synonym,pcasub_icl10_cf_k0_zero,cue1,0,zero,9,-0.0017266606446355581,0.0006233108175903619,170,-0.0012067377101629972,0.0011552030354804433,40
synonym,pcasub_icl10_cf_k0_zero,cue1,0,zero,10,-0.002512977458536625,0.0006031501455956009,170,-0.00199221377260983,0.0011357566836577833,40
synonym,pcasub_icl10_cf_k0_zero,cue1,0,zero,11,-0.0033568262588232756,0.0005579546885954658,170,-0.0022400259040296078,0.0011012080769838499,40
synonym,pcasub_icl10_cf_k0_zero,cue1,0,zero,12,-0.002775162924081087,0.0005359112505384478,170,-0.0015989899402484298,0.0010076018103023397,40
synonym,pcasub_icl10_cf_k0_zero,cue1,0,zero,13,-0.0028119198977947235,0.0005135494883371706,170,-0.0009965061908587813,0.0010450227735642587,40
synonym,pcasub_icl10_cf_k0_zero,cue1,0,zero,14,-0.0020645412150770426,0.0005085528028522956,170,-0.0005458295345306396,0.0010429285861749407,40
synonym,pcasub_icl10_cf_k0_zero,cue1,0,zero,15,-0.0024225302040576935,0.00047210206331225264,170,-0.0009812951320782304,0.0008576562850688309,40
synonym,pcasub_icl10_cf_k0_zero,cue1,0,zero,16,-0.0021641503553837538,0.0004610714334934381,170,-0.0010892271529883146,0.0009532306888351726,40
synonym,pcasub_icl10_cf_k0_zero,cue1,0,zero,17,-0.0022848928347229958,0.0004706997656346825,170,-0.0006897688144817948,0.000998323491832428,40
synonym,pcasub_icl10_cf_k0_zero,cue1,0,zero,18,-0.003227035515010357,0.0004955580134196961,170,-0.002248448086902499,0.0009396154152627613,40
synonym,pcasub_icl10_cf_k0_zero,cue1,0,zero,19,-0.003112243954092264,0.0004707024442289627,170,-0.001539379358291626,0.000828986540901929,40
synonym,pcasub_icl10_cf_k0_zero,cue1,0,zero,20,-0.002823008457198739,0.0004717045242064806,170,-0.0013244866859167814,0.0009449753510489857,40
synonym,pcasub_icl10_cf_k0_zero,cue1,0,zero,21,-0.002944621257483959,0.0004599822813445185,170,-0.0016397833824157715,0.0009379029129075896,40
synonym,pcasub_icl10_cf_k0_zero,cue1,0,zero,22,-0.0027495829854160547,0.0004332916964988962,170,-0.0015223503578454256,0.0008283515035910663,40
synonym,pcasub_icl10_cf_k0_zero,cue1,0,zero,23,-0.002576153026893735,0.0004155651524130287,170,-0.001011753105558455,0.0008447667579049035,40
synonym,pcasub_icl10_cf_k0_zero,cue1,0,zero,24,-0.0018673553131520748,0.00038104657221376987,170,-0.0018452287185937166,0.0008609327094553111,40
synonym,pcasub_icl10_cf_k0_zero,cue1,0,zero,25,-0.001386313233524561,0.00035276897382901476,170,-0.0012453794479370117,0.0006959351433352837,40
synonym,pcasub_icl10_cf_k0_zero,cue1,0,zero,26,-0.00035089394077658653,0.00022773297855027965,170,-0.00044348835945129395,0.000529137936696907,40
synonym,pcasub_icl10_cf_k0_zero,cue1,0,zero,27,0.0,0.0,170,0.0,0.0,40
synonym,pcasub_icl10_cf_k0_zero,target1,0,zero,0,0.01296253316104412,0.012642891859061641,170,0.006314003374427557,0.021019621014164346,40
synonym,pcasub_icl10_cf_k0_zero,target1,0,zero,1,-0.010849034413695335,0.009893228401127831,170,-0.0013480186462402344,0.017570226158922807,40
synonym,pcasub_icl10_cf_k0_zero,target1,0,zero,2,-0.007240015547722578,0.006422354218971229,170,-0.004527014680206776,0.012891670019103648,40
synonym,pcasub_icl10_cf_k0_zero,target1,0,zero,3,-0.011225256137549877,0.005853792797030437,170,0.0003363966825418174,0.013222102057013577,40
synonym,pcasub_icl10_cf_k0_zero,target1,0,zero,4,-0.012579579837620258,0.006238672651946715,170,-0.004501241259276867,0.014722770985294434,40
synonym,pcasub_icl10_cf_k0_zero,target1,0,zero,5,-0.05219853296875954,0.005560476580404892,170,-0.03573879599571228,0.012249514400158108,40
synonym,pcasub_icl10_cf_k0_zero,target1,0,zero,6,-0.05178701877593994,0.0054903742680622045,170,-0.03430839255452156,0.011636807430853281,40
synonym,pcasub_icl10_cf_k0_zero,target1,0,zero,7,-0.04812018573284149,0.0048494825147710465,170,-0.03810553625226021,0.010022491783655342,40
synonym,pcasub_icl10_cf_k0_zero,target1,0,zero,8,-0.043396927416324615,0.003417190867030551,170,-0.035941820591688156,0.006721246678573462,40
synonym,pcasub_icl10_cf_k0_zero,target1,0,zero,9,-0.03359941765666008,0.0030886183496263886,170,-0.025380413979291916,0.005993474040895908,40
synonym,pcasub_icl10_cf_k0_zero,target1,0,zero,10,-0.030474724248051643,0.0030431716761973615,170,-0.023781513795256615,0.005590575447328583,40
synonym,pcasub_icl10_cf_k0_zero,target1,0,zero,11,-0.025280358269810677,0.0030223172125694382,170,-0.018304193392395973,0.0058563690069018005,40
synonym,pcasub_icl10_cf_k0_zero,target1,0,zero,12,-0.02425636723637581,0.0030308932857336488,170,-0.01729261875152588,0.005782875200164849,40
synonym,pcasub_icl10_cf_k0_zero,target1,0,zero,13,-0.023780906572937965,0.0029718542106308143,170,-0.018307726830244064,0.005885402986381959,40
synonym,pcasub_icl10_cf_k0_zero,target1,0,zero,14,-0.024415304884314537,0.0029980807200887445,170,-0.017855625599622726,0.005962803174517767,40
synonym,pcasub_icl10_cf_k0_zero,target1,0,zero,15,-0.02559586986899376,0.0030424013839115568,170,-0.01931602880358696,0.006066509000963723,40
synonym,pcasub_icl10_cf_k0_zero,target1,0,zero,16,-0.019005725160241127,0.002355938098983324,170,-0.01422352809458971,0.004659872421789647,40
synonym,pcasub_icl10_cf_k0_zero,target1,0,zero,17,-0.019916608929634094,0.00234969090283009,170,-0.014221263118088245,0.004275530317907117,40
synonym,pcasub_icl10_cf_k0_zero,target1,0,zero,18,-0.011197877116501331,0.0018786831702823654,170,-0.0073479535058140755,0.003182670054867418,40
synonym,pcasub_icl10_cf_k0_zero,target1,0,zero,19,-0.009900770150125027,0.0017711145383069457,170,-0.006973904557526112,0.003035445949817574,40
synonym,pcasub_icl10_cf_k0_zero,target1,0,zero,20,-0.007301176432520151,0.001553302822968393,170,-0.004275673534721136,0.0025404381578170597,40
synonym,pcasub_icl10_cf_k0_zero,target1,0,zero,21,-0.004963509738445282,0.0014127227665087067,170,-0.0013812541728839278,0.002078081076054292,40
synonym,pcasub_icl10_cf_k0_zero,target1,0,zero,22,-0.002928926609456539,0.0011181955395517871,170,-0.00035537482472136617,0.0015221136780967277,40
synonym,pcasub_icl10_cf_k0_zero,target1,0,zero,23,-0.0017304844222962856,0.0008289002858013152,170,-0.0008490026229992509,0.0012023426097478058,40
synonym,pcasub_icl10_cf_k0_zero,target1,0,zero,24,-0.0022237503435462713,0.0007382680125991039,170,-0.002989786909893155,0.001221505348385371,40
synonym,pcasub_icl10_cf_k0_zero,target1,0,zero,25,-0.0024362558033317327,0.0006800030869578374,170,-0.001938974834047258,0.0009678161521635536,40
synonym,pcasub_icl10_cf_k0_zero,target1,0,zero,26,0.00012071553646819666,0.00017020927351823012,170,-0.00018001199350692332,0.00041929544100258707,40
synonym,pcasub_icl10_cf_k0_zero,target1,0,zero,27,0.0,0.0,170,0.0,0.0,40
synonym,pcasub_icl10_cf_k0_zero,final_cue,0,zero,0,-0.4344845116138458,0.05800242397324029,170,-0.36541232466697693,0.12978494646874253,40
synonym,pcasub_icl10_cf_k0_zero,final_cue,0,zero,1,-0.43670937418937683,0.058019763549739145,170,-0.3657309114933014,0.1297124545852202,40
synonym,pcasub_icl10_cf_k0_zero,final_cue,0,zero,2,-0.43667566776275635,0.05806810224784062,170,-0.36480990052223206,0.13073562493342192,40
synonym,pcasub_icl10_cf_k0_zero,final_cue,0,zero,3,-0.434344083070755,0.058034067671770495,170,-0.36234670877456665,0.1306460467544204,40
synonym,pcasub_icl10_cf_k0_zero,final_cue,0,zero,4,-0.4360066056251526,0.05800203539849671,170,-0.3642989993095398,0.1302835590638433,40
synonym,pcasub_icl10_cf_k0_zero,final_cue,0,zero,5,-0.43630650639533997,0.058023036720520366,170,-0.36534321308135986,0.13051280569237692,40
synonym,pcasub_icl10_cf_k0_zero,final_cue,0,zero,6,-0.4305076003074646,0.05793350909959931,170,-0.35959431529045105,0.12948119115181483,40
synonym,pcasub_icl10_cf_k0_zero,final_cue,0,zero,7,-0.4402092397212982,0.0577021836975442,170,-0.37266427278518677,0.12899194633261385,40
synonym,pcasub_icl10_cf_k0_zero,final_cue,0,zero,8,-0.4367668926715851,0.058081620077449665,170,-0.36829257011413574,0.13026570939829585,40
synonym,pcasub_icl10_cf_k0_zero,final_cue,0,zero,9,-0.4539750814437866,0.058133817094181514,170,-0.3850213885307312,0.13035757768750222,40
synonym,pcasub_icl10_cf_k0_zero,final_cue,0,zero,10,-0.4601517617702484,0.058077258897386415,170,-0.39406800270080566,0.12854310358110138,40
synonym,pcasub_icl10_cf_k0_zero,final_cue,0,zero,11,-0.4506029784679413,0.05782148985822627,170,-0.3873733878135681,0.12825337165505787,40
synonym,pcasub_icl10_cf_k0_zero,final_cue,0,zero,12,-0.43198081851005554,0.05783580769466034,170,-0.3711121678352356,0.12934966531634456,40
synonym,pcasub_icl10_cf_k0_zero,final_cue,0,zero,13,-0.40431126952171326,0.05827335657033523,170,-0.33420538902282715,0.130196308692334,40
synonym,pcasub_icl10_cf_k0_zero,final_cue,0,zero,14,-0.4226648211479187,0.05870017621161972,170,-0.3597387671470642,0.12968885608335595,40
synonym,pcasub_icl10_cf_k0_zero,final_cue,0,zero,15,-0.43318256735801697,0.059040073968498925,170,-0.3610878586769104,0.12905778464492365,40
synonym,pcasub_icl10_cf_k0_zero,final_cue,0,zero,16,-0.41990384459495544,0.05903181789806473,170,-0.34760338068008423,0.12835874499744776,40
synonym,pcasub_icl10_cf_k0_zero,final_cue,0,zero,17,-0.4143664240837097,0.05884172713350491,170,-0.3410396873950958,0.12908476647832515,40
synonym,pcasub_icl10_cf_k0_zero,final_cue,0,zero,18,-0.39833536744117737,0.05909342756652638,170,-0.33473411202430725,0.13006958926099743,40
synonym,pcasub_icl10_cf_k0_zero,final_cue,0,zero,19,-0.3861675560474396,0.0590936332825671,170,-0.3185388445854187,0.1295743317244684,40
synonym,pcasub_icl10_cf_k0_zero,final_cue,0,zero,20,-0.3754020631313324,0.059212989729392464,170,-0.3108181655406952,0.13079893752748106,40
synonym,pcasub_icl10_cf_k0_zero,final_cue,0,zero,21,-0.37555137276649475,0.05909169040884919,170,-0.31424736976623535,0.13025995113765723,40
synonym,pcasub_icl10_cf_k0_zero,final_cue,0,zero,22,-0.3812878727912903,0.05870907228751394,170,-0.31801268458366394,0.12876716683262804,40
synonym,pcasub_icl10_cf_k0_zero,final_cue,0,zero,23,-0.36893728375434875,0.0580686828242222,170,-0.32700929045677185,0.12959420761920948,40
synonym,pcasub_icl10_cf_k0_zero,final_cue,0,zero,24,-0.355974406003952,0.05831715122967059,170,-0.31029772758483887,0.12969650863268256,40
synonym,pcasub_icl10_cf_k0_zero,final_cue,0,zero,25,-0.3194999396800995,0.057402565141437836,170,-0.24930405616760254,0.125219380879433,40
synonym,pcasub_icl10_cf_k0_zero,final_cue,0,zero,26,-0.2639198899269104,0.0568777835215628,170,-0.19959506392478943,0.12795119019987594,40
synonym,pcasub_icl10_cf_k0_zero,final_cue,0,zero,27,-0.11619532108306885,0.05614228467544515,170,-0.04117586091160774,0.12337310911117512,40
synonym,pcasub_icl10_cf_k0_mean,cue1,0,mean,0,-0.0298228207975626,0.004339901024571383,170,-0.025980597361922264,0.008345490848820122,40
synonym,pcasub_icl10_cf_k0_mean,cue1,0,mean,1,-0.0330418236553669,0.004236879002812584,170,-0.027166152372956276,0.00831056666819573,40
synonym,pcasub_icl10_cf_k0_mean,cue1,0,mean,2,-0.034151341766119,0.004256492027278111,170,-0.029420053586363792,0.008423746883182186,40
synonym,pcasub_icl10_cf_k0_mean,cue1,0,mean,3,-0.03422068431973457,0.004193032914467042,170,-0.028922850266098976,0.008300089178400366,40
synonym,pcasub_icl10_cf_k0_mean,cue1,0,mean,4,-0.033601824194192886,0.004202318993688458,170,-0.031300075352191925,0.00840145247185126,40
synonym,pcasub_icl10_cf_k0_mean,cue1,0,mean,5,-0.018010864034295082,0.003192344091674482,170,-0.015102708712220192,0.0045886009879444155,40
synonym,pcasub_icl10_cf_k0_mean,cue1,0,mean,6,-0.024714291095733643,0.0019805307534503636,170,-0.022460276260972023,0.003196299980315176,40
synonym,pcasub_icl10_cf_k0_mean,cue1,0,mean,7,-0.02063233219087124,0.0016686516641754906,170,-0.01927316188812256,0.0028278007504502914,40
synonym,pcasub_icl10_cf_k0_mean,cue1,0,mean,8,-0.018250342458486557,0.0015962437607347695,170,-0.01623447611927986,0.002620394987759522,40
synonym,pcasub_icl10_cf_k0_mean,cue1,0,mean,9,-0.017024509608745575,0.0015775743157476812,170,-0.01605323515832424,0.0024075952733709203,40
synonym,pcasub_icl10_cf_k0_mean,cue1,0,mean,10,-0.008898788131773472,0.0010709905654080558,170,-0.008146899752318859,0.0016908660265636615,40
synonym,pcasub_icl10_cf_k0_mean,cue1,0,mean,11,-0.004348336718976498,0.00047379172058420265,170,-0.0036419332027435303,0.0009364461925371062,40
synonym,pcasub_icl10_cf_k0_mean,cue1,0,mean,12,-0.0020925384014844894,0.00038534396601856073,170,-0.0018686950206756592,0.0007866544751809762,40
synonym,pcasub_icl10_cf_k0_mean,cue1,0,mean,13,-0.0008119015255942941,0.0003473488204457354,170,-0.001368749188259244,0.0007342855803377629,40
synonym,pcasub_icl10_cf_k0_mean,cue1,0,mean,14,-0.00043111725244671106,0.0003000867029573599,170,0.00013988613500259817,0.0006886333554868339,40
synonym,pcasub_icl10_cf_k0_mean,cue1,0,mean,15,-0.0009748914744704962,0.0002755824939070078,170,-0.0007017016177996993,0.0005214284364880048,40
synonym,pcasub_icl10_cf_k0_mean,cue1,0,mean,16,-0.0009394901571795344,0.0002992154276671917,170,-0.0003030717489309609,0.0005659213593124771,40
synonym,pcasub_icl10_cf_k0_mean,cue1,0,mean,17,-0.0007000940968282521,0.0002708638643657127,170,-0.0003340900002513081,0.000620469886275357,40
synonym,pcasub_icl10_cf_k0_mean,cue1,0,mean,18,-0.0011429695878177881,0.00029418575975807983,170,-0.0007992804166860878,0.0006807940131564585,40
synonym,pcasub_icl10_cf_k0_mean,cue1,0,mean,19,-0.0009072934626601636,0.0002833843640377648,170,-0.0009923398029059172,0.0006618756442388646,40
synonym,pcasub_icl10_cf_k0_mean,cue1,0,mean,20,-0.0010538153583183885,0.0002926175320934989,170,-0.0010506451362743974,0.0007106825135676167,40
synonym,pcasub_icl10_cf_k0_mean,cue1,0,mean,21,-0.001171708106994629,0.0002858119204620242,170,-0.0008896171930246055,0.000641695373353633,40
synonym,pcasub_icl10_cf_k0_mean,cue1,0,mean,22,-0.001251392182894051,0.00027397664092143766,170,-0.0005405485862866044,0.0006263564060438759,40
synonym,pcasub_icl10_cf_k0_mean,cue1,0,mean,23,-0.0008824635879136622,0.00026530999555596577,170,-0.0002481401024851948,0.0005968555176817654,40
synonym,pcasub_icl10_cf_k0_mean,cue1,0,mean,24,-0.0007435812731273472,0.00024856301339836736,170,-0.00029841065406799316,0.0005512357625646441,40
synonym,pcasub_icl10_cf_k0_mean,cue1,0,mean,25,-0.0003370456979610026,0.00024219178047266504,170,-4.497766349231824e-05,0.0005624038048166548,40
synonym,pcasub_icl10_cf_k0_mean,cue1,0,mean,26,-0.00030786043498665094,0.00017354367696469875,170,-0.00014551877393387258,0.00040122478247092,40
synonym,pcasub_icl10_cf_k0_mean,cue1,0,mean,27,0.0,0.0,170,0.0,0.0,40
synonym,pcasub_icl10_cf_k0_mean,target1,0,mean,0,-0.0758785828948021,0.009613655730322676,170,-0.05399439483880997,0.01736155046886534,40
synonym,pcasub_icl10_cf_k0_mean,target1,0,mean,1,-0.07239006459712982,0.009127988729856635,170,-0.05396249145269394,0.016505076347166157,40
synonym,pcasub_icl10_cf_k0_mean,target1,0,mean,2,-0.06860336661338806,0.00903891711282584,170,-0.046890370547771454,0.017386735790917856,40
synonym,pcasub_icl10_cf_k0_mean,target1,0,mean,3,-0.060312844812870026,0.0071163538539078695,170,-0.042873114347457886,0.01475383237200844,40
synonym,pcasub_icl10_cf_k0_mean,target1,0,mean,4,-0.05529182776808739,0.006598154004468959,170,-0.03527071326971054,0.0136276753909205,40
synonym,pcasub_icl10_cf_k0_mean,target1,0,mean,5,-0.03736015781760216,0.006214341587230636,170,-0.021914005279541016,0.013845970957486728,40
synonym,pcasub_icl10_cf_k0_mean,target1,0,mean,6,-0.03651867434382439,0.00560306380086792,170,-0.021198933944106102,0.01103568648719916,40
synonym,pcasub_icl10_cf_k0_mean,target1,0,mean,7,-0.03177611157298088,0.004924696870725609,170,-0.025902455672621727,0.009725815899482904,40
synonym,pcasub_icl10_cf_k0_mean,target1,0,mean,8,-0.025290723890066147,0.00319817214139475,170,-0.022783171385526657,0.005792571649288487,40
synonym,pcasub_icl10_cf_k0_mean,target1,0,mean,9,-0.018528146669268608,0.0030242438004341194,170,-0.015648096799850464,0.005641526865266436,40
synonym,pcasub_icl10_cf_k0_mean,target1,0,mean,10,-0.015217054635286331,0.0029150817262932945,170,-0.01324772834777832,0.005383608504623058,40
synonym,pcasub_icl10_cf_k0_mean,target1,0,mean,11,-0.0017044463893398643,0.002269057929219636,170,0.0003079235611949116,0.00461828819073147,40
synonym,pcasub_icl10_cf_k0_mean,target1,0,mean,12,0.0028857325669378042,0.0017883779712990619,170,0.005286896135658026,0.004479751248839199,40
synonym,pcasub_icl10_cf_k0_mean,target1,0,mean,13,-0.0006498971488326788,0.0014018511023317745,170,0.0014212846290320158,0.0035088384706790927,40
synonym,pcasub_icl10_cf_k0_mean,target1,0,mean,14,0.003375273896381259,0.0014076264373166084,170,0.004320305772125721,0.0033796460383920925,40
synonym,pcasub_icl10_cf_k0_mean,target1,0,mean,15,0.00757211958989501,0.001180472142274623,170,0.007158505730330944,0.00252579659032278,40
synonym,pcasub_icl10_cf_k0_mean,target1,0,mean,16,0.0033414058852940798,0.0006251771192264435,170,0.0031914054416120052,0.0013866144601895672,40
synonym,pcasub_icl10_cf_k0_mean,target1,0,mean,17,0.004119371995329857,0.0006409737539907223,170,0.004264354705810547,0.0013800396704173447,40
synonym,pcasub_icl10_cf_k0_mean,target1,0,mean,18,0.0021965871565043926,0.0004867219737519445,170,0.002176129724830389,0.0009743281376660759,40
synonym,pcasub_icl10_cf_k0_mean,target1,0,mean,19,0.0011593755334615707,0.0004242640480536342,170,0.0002894103527069092,0.000632359625422565,40
synonym,pcasub_icl10_cf_k0_mean,target1,0,mean,20,0.0005598152638413012,0.0003569892955477167,170,0.0007361173629760742,0.0006918974840784256,40
synonym,pcasub_icl10_cf_k0_mean,target1,0,mean,21,-6.273213512031361e-05,0.0003004250629868347,170,3.0416249501286075e-05,0.0005533117271441723,40
synonym,pcasub_icl10_cf_k0_mean,target1,0,mean,22,-0.00016029301332309842,0.00026324597794741506,170,-7.722377631580457e-05,0.0006127437094344652,40
synonym,pcasub_icl10_cf_k0_mean,target1,0,mean,23,0.0003836845571640879,0.0002019675265971527,170,0.0006131291156634688,0.0004422229385152467,40
synonym,pcasub_icl10_cf_k0_mean,target1,0,mean,24,0.0003313071501906961,0.00018906739868641557,170,0.0009104072814807296,0.0004646194712085107,40
synonym,pcasub_icl10_cf_k0_mean,target1,0,mean,25,0.0004938034689985216,0.00016706326453613552,170,0.0009498417493887246,0.0003853308845858617,40
synonym,pcasub_icl10_cf_k0_mean,target1,0,mean,26,1.8595597794046625e-05,8.606320743687493e-05,170,9.171963029075414e-05,9.598684669458814e-05,40
synonym,pcasub_icl10_cf_k0_mean,target1,0,mean,27,0.0,0.0,170,0.0,0.0,40
synonym,pcasub_icl10_cf_k0_mean,final_cue,0,mean,0,-0.017995044589042664,0.016381315752310246,170,0.0024819672107696533,0.035858896643971044,40
synonym,pcasub_icl10_cf_k0_mean,final_cue,0,mean,1,-0.019306059926748276,0.016420372085507704,170,0.0017217814456671476,0.0360268239225127,40
synonym,pcasub_icl10_cf_k0_mean,final_cue,0,mean,2,-0.01919456012547016,0.01640612967828857,170,0.0019643425475806,0.03587477427017544,40
synonym,pcasub_icl10_cf_k0_mean,final_cue,0,mean,3,-0.016488969326019287,0.016415012039780075,170,0.004081606864929199,0.03595469487538087,40
synonym,pcasub_icl10_cf_k0_mean,final_cue,0,mean,4,-0.013789432123303413,0.01637289168044279,170,0.0074033914133906364,0.03599700301215967,40
synonym,pcasub_icl10_cf_k0_mean,final_cue,0,mean,5,-0.013710717670619488,0.01613484964965819,170,0.008946383371949196,0.0351735670286785,40
synonym,pcasub_icl10_cf_k0_mean,final_cue,0,mean,6,-0.011661553755402565,0.016096024175573095,170,0.011870717629790306,0.03468457666616693,40
synonym,pcasub_icl10_cf_k0_mean,final_cue,0,mean,7,-0.015982819721102715,0.016190303837034768,170,0.005883905105292797,0.03467532669429003,40
synonym,pcasub_icl10_cf_k0_mean,final_cue,0,mean,8,-0.015420857816934586,0.01675638295208421,170,0.008071884512901306,0.03596830595218496,40
synonym,pcasub_icl10_cf_k0_mean,final_cue,0,mean,9,-0.038122862577438354,0.016285341219246425,170,-0.011442875489592552,0.03578736368519501,40
synonym,pcasub_icl10_cf_k0_mean,final_cue,0,mean,10,-0.03779517859220505,0.015558771592162892,170,-0.01454135775566101,0.032288935261508174,40
synonym,pcasub_icl10_cf_k0_mean,final_cue,0,mean,11,-0.022680478170514107,0.015343966331044437,170,-0.0025121509097516537,0.032317905626815975,40
synonym,pcasub_icl10_cf_k0_mean,final_cue,0,mean,12,-0.006735148839652538,0.014927961639167322,170,0.01186462678015232,0.03171059290371904,40
synonym,pcasub_icl10_cf_k0_mean,final_cue,0,mean,13,0.004871765151619911,0.015060793629526694,170,0.028584450483322144,0.03224316133037611,40
synonym,pcasub_icl10_cf_k0_mean,final_cue,0,mean,14,-0.0030937327537685633,0.01498564213125124,170,0.017415612936019897,0.031617624324938906,40
synonym,pcasub_icl10_cf_k0_mean,final_cue,0,mean,15,-0.007482470013201237,0.015028931643419946,170,0.018346363678574562,0.03147924465141719,40
synonym,pcasub_icl10_cf_k0_mean,final_cue,0,mean,16,0.0016728470800444484,0.014956640740977384,170,0.027493035420775414,0.031025161976966812,40
synonym,pcasub_icl10_cf_k0_mean,final_cue,0,mean,17,0.005285292863845825,0.014803761722449913,170,0.0327274389564991,0.031078623798632337,40
synonym,pcasub_icl10_cf_k0_mean,final_cue,0,mean,18,0.012869513593614101,0.014659176488964112,170,0.03520401194691658,0.031337048127554,40
synonym,pcasub_icl10_cf_k0_mean,final_cue,0,mean,19,0.01800232194364071,0.014684934422995958,170,0.042014021426439285,0.03167107907836306,40
synonym,pcasub_icl10_cf_k0_mean,final_cue,0,mean,20,0.024561062455177307,0.014641004905367235,170,0.04647091031074524,0.03214806992310359,40
synonym,pcasub_icl10_cf_k0_mean,final_cue,0,mean,21,0.02441960759460926,0.014660927361044011,170,0.04394468665122986,0.03205855300219398,40
synonym,pcasub_icl10_cf_k0_mean,final_cue,0,mean,22,0.021723126992583275,0.014571392882921598,170,0.04288928583264351,0.03203852631830358,40
synonym,pcasub_icl10_cf_k0_mean,final_cue,0,mean,23,0.02237333171069622,0.014354800177982668,170,0.04317730665206909,0.032273502934510284,40
synonym,pcasub_icl10_cf_k0_mean,final_cue,0,mean,24,0.02224315144121647,0.014298832843371186,170,0.04532812908291817,0.032346687505687165,40
synonym,pcasub_icl10_cf_k0_mean,final_cue,0,mean,25,0.02632932923734188,0.014376743222326065,170,0.04780607670545578,0.031550956672308006,40
synonym,pcasub_icl10_cf_k0_mean,final_cue,0,mean,26,0.032780129462480545,0.014044991820659342,170,0.053302962332963943,0.031560859278471694,40
synonym,pcasub_icl10_cf_k0_mean,final_cue,0,mean,27,0.04868241399526596,0.014128918250938368,170,0.07087714970111847,0.03103026053507726,40
synonym,pcasub_icl10_cf_k2_zero,cue1,2,zero,0,0.011441517621278763,0.014251909014483104,170,-0.01470368541777134,0.020242109750964535,40
synonym,pcasub_icl10_cf_k2_zero,cue1,2,zero,1,-0.025670360773801804,0.007277786088261694,170,-0.030211633071303368,0.014560725661615412,40
synonym,pcasub_icl10_cf_k2_zero,cue1,2,zero,2,-0.010379522107541561,0.006955175336004267,170,-0.008444267325103283,0.013509771234616367,40
synonym,pcasub_icl10_cf_k2_zero,cue1,2,zero,3,-0.010643568821251392,0.006294546842906428,170,-0.014420676045119762,0.012131281570630127,40
synonym,pcasub_icl10_cf_k2_zero,cue1,2,zero,4,0.021552635356783867,0.005714476179920836,170,0.015777980908751488,0.011627517405608594,40
synonym,pcasub_icl10_cf_k2_zero,cue1,2,zero,5,0.01771845854818821,0.0056149713310248905,170,0.012185340747237206,0.011036235453945803,40
synonym,pcasub_icl10_cf_k2_zero,cue1,2,zero,6,0.0031674683559685946,0.0037132053923901996,170,-0.00035915971966460347,0.007171193842800472,40
synonym,pcasub_icl10_cf_k2_zero,cue1,2,zero,7,0.01115673128515482,0.002784360039651636,170,0.01011577807366848,0.005567984169859987,40
synonym,pcasub_icl10_cf_k2_zero,cue1,2,zero,8,0.012315039522945881,0.0026719679379547945,170,0.011998295783996582,0.00586941462439605,40
synonym,pcasub_icl10_cf_k2_zero,cue1,2,zero,9,0.011489645577967167,0.0024824874643157814,170,0.010616039857268333,0.0049000845432834,40
synonym,pcasub_icl10_cf_k2_zero,cue1,2,zero,10,0.004764287266880274,0.002274240544862147,170,0.00335388770326972,0.004634633793416776,40
synonym,pcasub_icl10_cf_k2_zero,cue1,2,zero,11,0.008896907791495323,0.0020761062831102075,170,0.008154397830367088,0.004196236430103438,40
synonym,pcasub_icl10_cf_k2_zero,cue1,2,zero,12,0.006494264118373394,0.0019010432181833033,170,0.007318520452827215,0.004335234574745302,40
synonym,pcasub_icl10_cf_k2_zero,cue1,2,zero,13,0.006275216117501259,0.0017979293384979885,170,0.006327623035758734,0.004205235773921656,40
synonym,pcasub_icl10_cf_k2_zero,cue1,2,zero,14,0.006308716721832752,0.0017632230424115731,170,0.005809372756630182,0.003907849826001281,40
synonym,pcasub_icl10_cf_k2_zero,cue1,2,zero,15,0.005927540361881256,0.00177100139448455,170,0.006374835968017578,0.003966471758379213,40
synonym,pcasub_icl10_cf_k2_zero,cue1,2,zero,16,0.006242544390261173,0.0017806847628096048,170,0.00583158154040575,0.0039648846436808995,40
synonym,pcasub_icl10_cf_k2_zero,cue1,2,zero,17,0.0044107441790401936,0.0017789284621119634,170,0.0039871870540082455,0.0036912011596749793,40
synonym,pcasub_icl10_cf_k2_zero,cue1,2,zero,18,0.005555946845561266,0.001732286064196255,170,0.005008894018828869,0.0038132537846449965,40
synonym,pcasub_icl10_cf_k2_zero,cue1,2,zero,19,0.0024911020882427692,0.0016191825278585922,170,0.002432995941489935,0.0036026384513507337,40
synonym,pcasub_icl10_cf_k2_zero,cue1,2,zero,20,0.0006523079937323928,0.001510592172880933,170,0.0017011523013934493,0.003283450218405034,40
synonym,pcasub_icl10_cf_k2_zero,cue1,2,zero,21,-0.0018533647526055574,0.0015340288013949686,170,-0.00031873583793640137,0.0037362081866180717,40
synonym,pcasub_icl10_cf_k2_zero,cue1,2,zero,22,-0.004906515125185251,0.0016059481292389811,170,-0.0012764155399054289,0.003527897394521491,40
synonym,pcasub_icl10_cf_k2_zero,cue1,2,zero,23,-0.005154408980160952,0.0014806454888282997,170,-0.0016672431956976652,0.0030882410007135727,40
synonym,pcasub_icl10_cf_k2_zero,cue1,2,zero,24,-5.9183905250392854e-05,0.0013272890376563264,170,0.00332946190610528,0.0031412059839125827,40
synonym,pcasub_icl10_cf_k2_zero,cue1,2,zero,25,-0.004425285384058952,0.00155854358196408,170,-0.001092588878236711,0.003382885060001307,40
synonym,pcasub_icl10_cf_k2_zero,cue1,2,zero,26,-0.0034811212681233883,0.0005482269627491309,170,-0.004191672895103693,0.0010007607834383978,40
synonym,pcasub_icl10_cf_k2_zero,cue1,2,zero,27,0.0,0.0,170,0.0,0.0,40
synonym,pcasub_icl10_cf_k2_zero,target1,2,zero,0,0.11432315409183502,0.028714100965789517,170,0.1174333319067955,0.05629873102302568,40
synonym,pcasub_icl10_cf_k2_zero,target1,2,zero,1,0.10312715172767639,0.02396345929424965,170,0.11437924206256866,0.04850769599929449,40
synonym,pcasub_icl10_cf_k2_zero,target1,2,zero,2,0.1217515617609024,0.020207221534741644,170,0.11446209251880646,0.04266676992175264,40
synonym,pcasub_icl10_cf_k2_zero,target1,2,zero,3,0.11008642613887787,0.015803906254884738,170,0.11866007000207901,0.03384825763474309,40
synonym,pcasub_icl10_cf_k2_zero,target1,2,zero,4,0.12000127881765366,0.014242969509646956,170,0.12628218531608582,0.030670588360647125,40
synonym,pcasub_icl10_cf_k2_zero,target1,2,zero,5,0.09374009072780609,0.011078632799766243,170,0.10691914707422256,0.022335430691694334,40
synonym,pcasub_icl10_cf_k2_zero,target1,2,zero,6,0.09902951866388321,0.010571366757891564,170,0.10925121605396271,0.02184252452346208,40
synonym,pcasub_icl10_cf_k2_zero,target1,2,zero,7,0.07686730474233627,0.008570060541487248,170,0.07794186472892761,0.017468584847977902,40
synonym,pcasub_icl10_cf_k2_zero,target1,2,zero,8,0.04436328262090683,0.006370924065924501,170,0.04219117760658264,0.01201326785658471,40
synonym,pcasub_icl10_cf_k2_zero,target1,2,zero,9,0.018567387014627457,0.00500782272274617,170,0.015772825106978416,0.010265711147343284,40
synonym,pcasub_icl10_cf_k2_zero,target1,2,zero,10,0.01791583187878132,0.0047729092900808436,170,0.014364516362547874,0.00939887969595208,40
synonym,pcasub_icl10_cf_k2_zero,target1,2,zero,11,0.013108362443745136,0.004598434087311968,170,0.008810299448668957,0.008656348570287532,40
synonym,pcasub_icl10_cf_k2_zero,target1,2,zero,12,0.018215062096714973,0.004282599107145734,170,0.018662815913558006,0.008271617124109367,40
synonym,pcasub_icl10_cf_k2_zero,target1,2,zero,13,0.00741115165874362,0.0034020215947612857,170,0.01125712413340807,0.0062761848471754806,40
synonym,pcasub_icl10_cf_k2_zero,target1,2,zero,14,0.007945235818624496,0.0032110113937861458,170,0.00926427822560072,0.005112525544422318,40
synonym,pcasub_icl10_cf_k2_zero,target1,2,zero,15,0.0020926962606608868,0.002824156379162239,170,0.0015727996360510588,0.004217179040271762,40
synonym,pcasub_icl10_cf_k2_zero,target1,2,zero,16,0.0076502044685184956,0.0026751533937019885,170,0.00886448659002781,0.004679307140465047,40
synonym,pcasub_icl10_cf_k2_zero,target1,2,zero,17,-0.0012096731225028634,0.002474996543266365,170,0.0013831257820129395,0.004177656379614066,40
synonym,pcasub_icl10_cf_k2_zero,target1,2,zero,18,0.004177105147391558,0.0021665297688169246,170,0.00546296825632453,0.0037367639270960303,40
synonym,pcasub_icl10_cf_k2_zero,target1,2,zero,19,0.005161186680197716,0.0019138156128614653,170,0.004855739884078503,0.0031169598544325146,40
synonym,pcasub_icl10_cf_k2_zero,target1,2,zero,20,0.00415719673037529,0.0019208299584165484,170,0.004081648774445057,0.0035477261676534404,40
synonym,pcasub_icl10_cf_k2_zero,target1,2,zero,21,0.008113455958664417,0.001745143602457937,170,0.00712773809209466,0.003253290621486212,40
synonym,pcasub_icl10_cf_k2_zero,target1,2,zero,22,0.006461158394813538,0.0015154637858702177,170,0.006324672605842352,0.003062446631862743,40
synonym,pcasub_icl10_cf_k2_zero,target1,2,zero,23,0.0038709973450750113,0.0011845569628373372,170,0.00424458971247077,0.0024686810768874854,40
synonym,pcasub_icl10_cf_k2_zero,target1,2,zero,24,0.0016758389538154006,0.000851679337276857,170,0.0013367831707000732,0.0016005767530290122,40
synonym,pcasub_icl10_cf_k2_zero,target1,2,zero,25,-0.0014605300966650248,0.0006513086993030833,170,0.00015467405319213867,0.0010506678687133785,40
synonym,pcasub_icl10_cf_k2_zero,target1,2,zero,26,-0.0005655765417031944,0.00031105293936967843,170,-0.0008021295070648193,0.0007691605041550868,40
synonym,pcasub_icl10_cf_k2_zero,target1,2,zero,27,0.0,0.0,170,0.0,0.0,40
synonym,pcasub_icl10_cf_k2_zero,final_cue,2,zero,0,-1.2214288711547852,0.1407926982737765,170,-1.2481024265289307,0.3120970669097658,40
synonym,pcasub_icl10_cf_k2_zero,final_cue,2,zero,1,-1.16322922706604,0.13959325489822585,170,-1.195335865020752,0.3137715804126578,40
synonym,pcasub_icl10_cf_k2_zero,final_cue,2,zero,2,-1.1504701375961304,0.13906917271288927,170,-1.1811050176620483,0.31285493317410934,40
synonym,pcasub_icl10_cf_k2_zero,final_cue,2,zero,3,-1.1546000242233276,0.13887944766573518,170,-1.1904624700546265,0.3126780009560584,40
synonym,pcasub_icl10_cf_k2_zero,final_cue,2,zero,4,-1.150536060333252,0.1387110256574645,170,-1.188900351524353,0.31154197435393316,40
synonym,pcasub_icl10_cf_k2_zero,final_cue,2,zero,5,-1.1158394813537598,0.13841570885234294,170,-1.1521265506744385,0.3125312265678659,40
synonym,pcasub_icl10_cf_k2_zero,final_cue,2,zero,6,-1.1098699569702148,0.1385519934435857,170,-1.1504127979278564,0.3115124573779592,40
synonym,pcasub_icl10_cf_k2_zero,final_cue,2,zero,7,-1.1333104372024536,0.13880634989926624,170,-1.184657096862793,0.31111071738695695,40
synonym,pcasub_icl10_cf_k2_zero,final_cue,2,zero,8,-1.0996938943862915,0.13888555514641077,170,-1.150516152381897,0.31392593195560226,40
synonym,pcasub_icl10_cf_k2_zero,final_cue,2,zero,9,-1.1102646589279175,0.13871282681568767,170,-1.1584614515304565,0.31240778680052644,40
synonym,pcasub_icl10_cf_k2_zero,final_cue,2,zero,10,-1.063933253288269,0.13808896777913462,170,-1.1167981624603271,0.30902517151173753,40
synonym,pcasub_icl10_cf_k2_zero,final_cue,2,zero,11,-1.0174616575241089,0.1375266589819648,170,-1.0891205072402954,0.31155675169056385,40
synonym,pcasub_icl10_cf_k2_zero,final_cue,2,zero,12,-0.9689748287200928,0.1400222048433987,170,-1.0421133041381836,0.3268334454377436,40
synonym,pcasub_icl10_cf_k2_zero,final_cue,2,zero,13,-0.8831949830055237,0.13923450440908164,170,-0.9401530027389526,0.3273647510052754,40
synonym,pcasub_icl10_cf_k2_zero,final_cue,2,zero,14,-0.8792485594749451,0.14047796187441103,170,-0.9644282460212708,0.3248264041633746,40
synonym,pcasub_icl10_cf_k2_zero,final_cue,2,zero,15,-0.8738157153129578,0.13936411465766996,170,-0.942866325378418,0.3236129661817314,40
synonym,pcasub_icl10_cf_k2_zero,final_cue,2,zero,16,-0.8504496216773987,0.1403749392812188,170,-0.9449664950370789,0.32614328350143235,40
synonym,pcasub_icl10_cf_k2_zero,final_cue,2,zero,17,-0.8184395432472229,0.1413082501006246,170,-0.9472450017929077,0.3304570217871018,40
synonym,pcasub_icl10_cf_k2_zero,final_cue,2,zero,18,-0.7474182844161987,0.1379136885695066,170,-1.0102578401565552,0.32129590241641715,40
synonym,pcasub_icl10_cf_k2_zero,final_cue,2,zero,19,-0.7505967020988464,0.13943749585512832,170,-1.0171102285385132,0.3200067305845419,40
synonym,pcasub_icl10_cf_k2_zero,final_cue,2,zero,20,-0.7353691458702087,0.13734558315145606,170,-1.0387425422668457,0.3214058277062513,40
synonym,pcasub_icl10_cf_k2_zero,final_cue,2,zero,21,-0.7595141530036926,0.13926271950693317,170,-1.0810716152191162,0.3319533779101048,40
synonym,pcasub_icl10_cf_k2_zero,final_cue,2,zero,22,-0.7447116374969482,0.13746225614681692,170,-1.0939126014709473,0.3259951708595399,40
synonym,pcasub_icl10_cf_k2_zero,final_cue,2,zero,23,-0.7535538673400879,0.1343770823980057,170,-1.0744400024414062,0.31762354577726293,40
synonym,pcasub_icl10_cf_k2_zero,final_cue,2,zero,24,-0.7445357441902161,0.13416808404357,170,-0.9822918176651001,0.3244594587685716,40
synonym,pcasub_icl10_cf_k2_zero,final_cue,2,zero,25,-0.7209568023681641,0.13362176623996544,170,-0.8845945596694946,0.30587888051717715,40
synonym,pcasub_icl10_cf_k2_zero,final_cue,2,zero,26,-0.7253691554069519,0.13482363249332896,170,-0.9305083155632019,0.30690038276041476,40
synonym,pcasub_icl10_cf_k2_zero,final_cue,2,zero,27,-0.8052154779434204,0.14935431645752598,170,-1.0296964645385742,0.3176351942390458,40
synonym,pcasub_icl10_cf_k2_mean,cue1,2,mean,0,-0.03512733802199364,0.00562882116346632,170,-0.03374546766281128,0.011037998980168386,40
synonym,pcasub_icl10_cf_k2_mean,cue1,2,mean,1,-0.03808274120092392,0.004923515717791812,170,-0.032161541283130646,0.009562406405218877,40
synonym,pcasub_icl10_cf_k2_mean,cue1,2,mean,2,-0.0389675498008728,0.00487169584713461,170,-0.03477482870221138,0.009354876359283964,40
synonym,pcasub_icl10_cf_k2_mean,cue1,2,mean,3,-0.03893762826919556,0.004854136268758876,170,-0.036493800580501556,0.00936258839964211,40
synonym,pcasub_icl10_cf_k2_mean,cue1,2,mean,4,-0.03683525323867798,0.004730712072945013,170,-0.036371003836393356,0.009173331524716954,40
synonym,pcasub_icl10_cf_k2_mean,cue1,2,mean,5,-0.020261941477656364,0.003585358873134317,170,-0.018614912405610085,0.005720969775159064,40
synonym,pcasub_icl10_cf_k2_mean,cue1,2,mean,6,-0.0257729422301054,0.0023361433586818288,170,-0.02394862100481987,0.0037815282777519804,40
synonym,pcasub_icl10_cf_k2_mean,cue1,2,mean,7,-0.02176276594400406,0.0019517207933810662,170,-0.019478779286146164,0.0030413617733367855,40
synonym,pcasub_icl10_cf_k2_mean,cue1,2,mean,8,-0.01722419448196888,0.0017340587936054816,170,-0.016771072521805763,0.002901649147296126,40
synonym,pcasub_icl10_cf_k2_mean,cue1,2,mean,9,-0.016287295147776604,0.0016813337723691148,170,-0.016498375684022903,0.0026864874622486864,40
synonym,pcasub_icl10_cf_k2_mean,cue1,2,mean,10,-0.009309380315244198,0.0011933100375115836,170,-0.008660620078444481,0.0018815364025084045,40
synonym,pcasub_icl10_cf_k2_mean,cue1,2,mean,11,-0.003953178413212299,0.000742687478873891,170,-0.004148709587752819,0.001555052271915399,40
synonym,pcasub_icl10_cf_k2_mean,cue1,2,mean,12,-0.0018524267943575978,0.0007155475330518224,170,-0.0016111970180645585,0.0013517618455090772,40
synonym,pcasub_icl10_cf_k2_mean,cue1,2,mean,13,-0.0005520526319742203,0.0006568128891175801,170,-0.000345635402482003,0.0013447812208780168,40
synonym,pcasub_icl10_cf_k2_mean,cue1,2,mean,14,0.0005592637462541461,0.000652189778248317,170,0.0014366507530212402,0.0012808299817598102,40
synonym,pcasub_icl10_cf_k2_mean,cue1,2,mean,15,0.0006325991707853973,0.0006484536035171136,170,0.0005662500625476241,0.0013286501687693889,40
synonym,pcasub_icl10_cf_k2_mean,cue1,2,mean,16,0.0001489449932705611,0.0006290605094992867,170,0.00068625807762146,0.0012453644916502627,40
synonym,pcasub_icl10_cf_k2_mean,cue1,2,mean,17,0.00017210841178894043,0.0006321621073882155,170,0.000580906867980957,0.0012938281831348488,40
synonym,pcasub_icl10_cf_k2_mean,cue1,2,mean,18,0.0004512110317591578,0.0006136796639964758,170,0.0007151126628741622,0.001225086517053551,40
synonym,pcasub_icl10_cf_k2_mean,cue1,2,mean,19,-0.00014109787298366427,0.0006169674063305833,170,0.0003271579626016319,0.0013666350451633541,40
synonym,pcasub_icl10_cf_k2_mean,cue1,2,mean,20,-0.0009386175079271197,0.0005851829923141907,170,-0.0001964867115020752,0.00116401978306319,40
synonym,pcasub_icl10_cf_k2_mean,cue1,2,mean,21,-0.0014809208223596215,0.0005717469134025759,170,-0.0009865344036370516,0.001284602361082635,40
synonym,pcasub_icl10_cf_k2_mean,cue1,2,mean,22,-0.0021565339993685484,0.0006029632154294334,170,-0.001021015690639615,0.0013976169141619106,40
synonym,pcasub_icl10_cf_k2_mean,cue1,2,mean,23,-0.0018931301310658455,0.0005276502872053597,170,-0.001471787691116333,0.001190030984943642,40
synonym,pcasub_icl10_cf_k2_mean,cue1,2,mean,24,-0.0006752438494004309,0.0004657077944757406,170,0.0006372987991198897,0.0011708643440478186,40
synonym,pcasub_icl10_cf_k2_mean,cue1,2,mean,25,-0.0013088268460705876,0.0004960205530800011,170,-0.0005676150321960449,0.000966120436881643,40
synonym,pcasub_icl10_cf_k2_mean,cue1,2,mean,26,-0.0012214288581162691,0.000289068376814939,170,-0.0020506740547716618,0.0006185261198977598,40
synonym,pcasub_icl10_cf_k2_mean,cue1,2,mean,27,0.0,0.0,170,0.0,0.0,40
synonym,pcasub_icl10_cf_k2_mean,target1,2,mean,0,-0.05424139276146889,0.010496375260981116,170,-0.04644664004445076,0.017700831944974366,40
synonym,pcasub_icl10_cf_k2_mean,target1,2,mean,1,-0.04755435138940811,0.01024085422393673,170,-0.03638306260108948,0.017224681042917002,40
synonym,pcasub_icl10_cf_k2_mean,target1,2,mean,2,-0.04777485877275467,0.009396037873780828,170,-0.02996283769607544,0.01658429484039519,40
synonym,pcasub_icl10_cf_k2_mean,target1,2,mean,3,-0.04210662096738815,0.007448064683799895,170,-0.03143058344721794,0.014159045750664827,40
synonym,pcasub_icl10_cf_k2_mean,target1,2,mean,4,-0.036335259675979614,0.006842241229683474,170,-0.021457070484757423,0.012528269347349213,40
synonym,pcasub_icl10_cf_k2_mean,target1,2,mean,5,-0.016984328627586365,0.006516980740534893,170,-0.004529512021690607,0.012861757221612771,40
synonym,pcasub_icl10_cf_k2_mean,target1,2,mean,6,-0.018456796184182167,0.005787979092703303,170,-0.002966666128486395,0.010411710385065184,40
synonym,pcasub_icl10_cf_k2_mean,target1,2,mean,7,-0.013300585560500622,0.005618388503034618,170,-0.007923537865281105,0.010386333042455367,40
synonym,pcasub_icl10_cf_k2_mean,target1,2,mean,8,-0.011241978965699673,0.0035754545029238506,170,-0.008928758092224598,0.005628262721309735,40
synonym,pcasub_icl10_cf_k2_mean,target1,2,mean,9,-0.007660543080419302,0.0033448771072501315,170,-0.006499337963759899,0.006194829977991434,40
synonym,pcasub_icl10_cf_k2_mean,target1,2,mean,10,-0.004202529322355986,0.0032253698019949094,170,-0.004817092325538397,0.0061943781995636715,40
synonym,pcasub_icl10_cf_k2_mean,target1,2,mean,11,0.007379176560789347,0.0028665175976971993,170,0.006374972872436047,0.0053398955548713545,40
synonym,pcasub_icl10_cf_k2_mean,target1,2,mean,12,0.011417310684919357,0.002250962203412776,170,0.012364792637526989,0.005191630945789381,40
synonym,pcasub_icl10_cf_k2_mean,target1,2,mean,13,0.005635887384414673,0.0018127774651703532,170,0.005991512443870306,0.004124398064398073,40
synonym,pcasub_icl10_cf_k2_mean,target1,2,mean,14,0.009523719549179077,0.001908156707441344,170,0.008025395683944225,0.004009013736143444,40
synonym,pcasub_icl10_cf_k2_mean,target1,2,mean,15,0.012875739485025406,0.0017499389290821217,170,0.01080668531358242,0.00353062043451047,40
synonym,pcasub_icl10_cf_k2_mean,target1,2,mean,16,0.00895687472075224,0.0012686441087731756,170,0.0084121348336339,0.002405881666603034,40
synonym,pcasub_icl10_cf_k2_mean,target1,2,mean,17,0.007531795185059309,0.0010797288542418754,170,0.006796699948608875,0.002074958238662648,40
synonym,pcasub_icl10_cf_k2_mean,target1,2,mean,18,0.005923078861087561,0.0008790287134570468,170,0.0050139962695539,0.0014583269228454739,40
synonym,pcasub_icl10_cf_k2_mean,target1,2,mean,19,0.005088487174361944,0.0007823836746730047,170,0.004353630356490612,0.001105421926882435,40
synonym,pcasub_icl10_cf_k2_mean,target1,2,mean,20,0.0033371311146765947,0.0006620216478402662,170,0.0026064098346978426,0.0009584272451671588,40
synonym,pcasub_icl10_cf_k2_mean,target1,2,mean,21,0.003526626154780388,0.0005947883599738061,170,0.002112066838890314,0.00095703288730129,40
synonym,pcasub_icl10_cf_k2_mean,target1,2,mean,22,0.002659776946529746,0.0005129374831160306,170,0.0025049864780157804,0.0008280035399584706,40
synonym,pcasub_icl10_cf_k2_mean,target1,2,mean,23,0.0015563154593110085,0.0003772439326298271,170,0.001232492970302701,0.0005855751566566856,40
synonym,pcasub_icl10_cf_k2_mean,target1,2,mean,24,0.0011265954235568643,0.00029254990651657146,170,0.0009156226878985763,0.00053384420741115,40
synonym,pcasub_icl10_cf_k2_mean,target1,2,mean,25,0.00020823514205403626,0.00023517534561404342,170,0.00022771357907913625,0.0005432440112796616,40
synonym,pcasub_icl10_cf_k2_mean,target1,2,mean,26,4.723913662019186e-05,0.00011233511013920684,170,0.0002755582390818745,0.00012448293116556732,40
synonym,pcasub_icl10_cf_k2_mean,target1,2,mean,27,0.0,0.0,170,0.0,0.0,40
synonym,pcasub_icl10_cf_k2_mean,final_cue,2,mean,0,0.14761300384998322,0.034481576455001016,170,0.12140455096960068,0.08123272526095855,40
synonym,pcasub_icl10_cf_k2_mean,final_cue,2,mean,1,0.1470218151807785,0.034472259804090216,170,0.12122644484043121,0.08121186923674704,40
synonym,pcasub_icl10_cf_k2_mean,final_cue,2,mean,2,0.1507413536310196,0.03439975632840558,170,0.12471427023410797,0.08087181143212721,40
synonym,pcasub_icl10_cf_k2_mean,final_cue,2,mean,3,0.15928584337234497,0.03431584704112994,170,0.13175968825817108,0.0806537043519976,40
synonym,pcasub_icl10_cf_k2_mean,final_cue,2,mean,4,0.1627597063779831,0.03443952809627798,170,0.14102217555046082,0.08141180622438693,40
synonym,pcasub_icl10_cf_k2_mean,final_cue,2,mean,5,0.14933942258358002,0.03432580369750076,170,0.12661397457122803,0.08108678021308718,40
synonym,pcasub_icl10_cf_k2_mean,final_cue,2,mean,6,0.14102275669574738,0.034369093209669466,170,0.11719544976949692,0.08064046317982536,40
synonym,pcasub_icl10_cf_k2_mean,final_cue,2,mean,7,0.13480085134506226,0.0345112635654106,170,0.1080794706940651,0.08087066166486385,40
synonym,pcasub_icl10_cf_k2_mean,final_cue,2,mean,8,0.1272229254245758,0.03492259278882892,170,0.10221140086650848,0.08184465590175258,40
synonym,pcasub_icl10_cf_k2_mean,final_cue,2,mean,9,0.10658453404903412,0.03478979165587566,170,0.08429256826639175,0.0820887364128478,40
synonym,pcasub_icl10_cf_k2_mean,final_cue,2,mean,10,0.12595905363559723,0.03410085549270794,170,0.0985066145658493,0.07756741330237282,40
synonym,pcasub_icl10_cf_k2_mean,final_cue,2,mean,11,0.1410222053527832,0.03446595575030906,170,0.10188503563404083,0.07896226947925844,40
synonym,pcasub_icl10_cf_k2_mean,final_cue,2,mean,12,0.15395204722881317,0.03330998245989623,170,0.11289648711681366,0.07573069308429044,40
synonym,pcasub_icl10_cf_k2_mean,final_cue,2,mean,13,0.15977664291858673,0.03312003341083113,170,0.11868377029895782,0.07490790737901559,40
synonym,pcasub_icl10_cf_k2_mean,final_cue,2,mean,14,0.15002916753292084,0.03333551639201707,170,0.10834252834320068,0.07466620179702171,40
synonym,pcasub_icl10_cf_k2_mean,final_cue,2,mean,15,0.1489078551530838,0.03278813343646833,170,0.11388286203145981,0.0735146203517148,40
synonym,pcasub_icl10_cf_k2_mean,final_cue,2,mean,16,0.15964551270008087,0.033021701143367284,170,0.12494351714849472,0.07409461196582433,40
synonym,pcasub_icl10_cf_k2_mean,final_cue,2,mean,17,0.1624961644411087,0.03295064225143526,170,0.1307036429643631,0.07429614637601452,40
synonym,pcasub_icl10_cf_k2_mean,final_cue,2,mean,18,0.1705760955810547,0.03274023588498751,170,0.12870776653289795,0.07392355581243486,40
synonym,pcasub_icl10_cf_k2_mean,final_cue,2,mean,19,0.1717769354581833,0.03308611997865166,170,0.12895873188972473,0.07450878263732137,40
synonym,pcasub_icl10_cf_k2_mean,final_cue,2,mean,20,0.17599017918109894,0.03289668293395457,170,0.13268956542015076,0.07497106447176452,40
synonym,pcasub_icl10_cf_k2_mean,final_cue,2,mean,21,0.16636832058429718,0.033585769955552146,170,0.12814322113990784,0.07797814409640164,40
synonym,pcasub_icl10_cf_k2_mean,final_cue,2,mean,22,0.1649562120437622,0.03393372949549377,170,0.13155940175056458,0.07765318876751562,40
synonym,pcasub_icl10_cf_k2_mean,final_cue,2,mean,23,0.15824070572853088,0.0338596237204253,170,0.12785236537456512,0.07633294965872517,40
synonym,pcasub_icl10_cf_k2_mean,final_cue,2,mean,24,0.15574458241462708,0.03366615692706391,170,0.14783377945423126,0.07654945460414354,40
synonym,pcasub_icl10_cf_k2_mean,final_cue,2,mean,25,0.15568648278713226,0.034014445612670675,170,0.15495111048221588,0.07377600862985224,40
synonym,pcasub_icl10_cf_k2_mean,final_cue,2,mean,26,0.16689486801624298,0.033924163699600315,170,0.16880963742733002,0.07297667534945328,40
synonym,pcasub_icl10_cf_k2_mean,final_cue,2,mean,27,0.19551897048950195,0.03455992455197587,170,0.19890010356903076,0.06793394220936888,40
synonym,pcasub_icl10_cf_k3_zero,cue1,3,zero,0,-0.004438832402229309,0.017103024766498335,170,-0.045047324150800705,0.02789080452992463,40
synonym,pcasub_icl10_cf_k3_zero,cue1,3,zero,1,0.018533451482653618,0.010371952485219594,170,0.018083805218338966,0.021200855435131054,40
synonym,pcasub_icl10_cf_k3_zero,cue1,3,zero,2,0.020226532593369484,0.008637885691545862,170,0.03592231869697571,0.015738864845841444,40
synonym,pcasub_icl10_cf_k3_zero,cue1,3,zero,3,1.1808731414930662e-06,0.007744346068579032,170,0.006435042712837458,0.013601578265730855,40
synonym,pcasub_icl10_cf_k3_zero,cue1,3,zero,4,0.02819627895951271,0.006638010915924884,170,0.03006048873066902,0.012376013537971908,40
synonym,pcasub_icl10_cf_k3_zero,cue1,3,zero,5,0.027402207255363464,0.006478627841910004,170,0.02819650247693062,0.012052673302239638,40
synonym,pcasub_icl10_cf_k3_zero,cue1,3,zero,6,0.006936671677976847,0.0036183485831476187,170,0.00418971199542284,0.006749421866726791,40
synonym,pcasub_icl10_cf_k3_zero,cue1,3,zero,7,0.014021738432347775,0.0027255095375861276,170,0.013332968577742577,0.005243399923646054,40
synonym,pcasub_icl10_cf_k3_zero,cue1,3,zero,8,0.01367491576820612,0.002591451536767414,170,0.01395183801651001,0.005106870951323853,40
synonym,pcasub_icl10_cf_k3_zero,cue1,3,zero,9,0.014577031135559082,0.0024053322346603767,170,0.012423920445144176,0.0043266298744037476,40
synonym,pcasub_icl10_cf_k3_zero,cue1,3,zero,10,0.007738817948848009,0.0021953034428623727,170,0.006483197212219238,0.004234783673451648,40
synonym,pcasub_icl10_cf_k3_zero,cue1,3,zero,11,0.012180059216916561,0.0020114537315462436,170,0.010800582356750965,0.0040158537322221854,40
synonym,pcasub_icl10_cf_k3_zero,cue1,3,zero,12,0.009145868942141533,0.0018492296332940123,170,0.0102253258228302,0.00417998713220684,40
synonym,pcasub_icl10_cf_k3_zero,cue1,3,zero,13,0.010384364053606987,0.001753220957081765,170,0.008788692764937878,0.004069383880220985,40
synonym,pcasub_icl10_cf_k3_zero,cue1,3,zero,14,0.009340214543044567,0.0017086594340612771,170,0.008503347635269165,0.0035595207064246545,40
synonym,pcasub_icl10_cf_k3_zero,cue1,3,zero,15,0.009137870743870735,0.0017046663999958978,170,0.009211105294525623,0.0037601813052751043,40
synonym,pcasub_icl10_cf_k3_zero,cue1,3,zero,16,0.009771750308573246,0.0017125876104304852,170,0.009590202942490578,0.00366864728498365,40
synonym,pcasub_icl10_cf_k3_zero,cue1,3,zero,17,0.0074146706610918045,0.001781603484933123,170,0.006516247987747192,0.003594928767073046,40
synonym,pcasub_icl10_cf_k3_zero,cue1,3,zero,18,0.008275238797068596,0.0017158396381741902,170,0.006604534573853016,0.003633918659037246,40
synonym,pcasub_icl10_cf_k3_zero,cue1,3,zero,19,0.0051590390503406525,0.0015494792189198838,170,0.003019571304321289,0.0035416828212794563,40
synonym,pcasub_icl10_cf_k3_zero,cue1,3,zero,20,0.002024556277319789,0.0014484334997356065,170,0.001265364931896329,0.003097787838728147,40
synonym,pcasub_icl10_cf_k3_zero,cue1,3,zero,21,-0.00019479008915368468,0.00147176969882143,170,-0.00025084614753723145,0.003322549962620574,40
synonym,pcasub_icl10_cf_k3_zero,cue1,3,zero,22,-0.003393760183826089,0.0015897079906910822,170,-0.0014064132701605558,0.003318977850136653,40
synonym,pcasub_icl10_cf_k3_zero,cue1,3,zero,23,-0.003007743740454316,0.001444050890918115,170,-0.0012239634525030851,0.0027704222395339073,40
synonym,pcasub_icl10_cf_k3_zero,cue1,3,zero,24,0.0018046887125819921,0.0012752651652587444,170,0.0044484734535217285,0.003022777010686498,40
synonym,pcasub_icl10_cf_k3_zero,cue1,3,zero,25,-0.0032381766941398382,0.001531161919794166,170,-9.216069884132594e-05,0.0032934187948215356,40
synonym,pcasub_icl10_cf_k3_zero,cue1,3,zero,26,-0.0030666813254356384,0.0005221202757420018,170,-0.003597044851630926,0.0010111946857452939,40
synonym,pcasub_icl10_cf_k3_zero,cue1,3,zero,27,0.0,0.0,170,0.0,0.0,40
synonym,pcasub_icl10_cf_k3_zero,target1,3,zero,0,0.18547877669334412,0.027774977525366513,170,0.1736094355583191,0.05633367169621328,40
synonym,pcasub_icl10_cf_k3_zero,target1,3,zero,1,0.15942907333374023,0.024295274696462376,170,0.1580440104007721,0.04964292624622501,40
synonym,pcasub_icl10_cf_k3_zero,target1,3,zero,2,0.17647700011730194,0.020183383617089844,170,0.15280373394489288,0.04328265406555467,40
synonym,pcasub_icl10_cf_k3_zero,target1,3,zero,3,0.16664238274097443,0.01646943307548548,170,0.15639731287956238,0.0358520545863219,40
synonym,pcasub_icl10_cf_k3_zero,target1,3,zero,4,0.17007684707641602,0.015651330096083882,170,0.16369067132472992,0.03389196763939422,40
synonym,pcasub_icl10_cf_k3_zero,target1,3,zero,5,0.14802011847496033,0.01268143275929041,170,0.14952018857002258,0.026965088737694518,40
synonym,pcasub_icl10_cf_k3_zero,target1,3,zero,6,0.12073350697755814,0.012567981505700586,170,0.12032563984394073,0.02650362210708973,40
synonym,pcasub_icl10_cf_k3_zero,target1,3,zero,7,0.08272964507341385,0.00994690543048597,170,0.07886771857738495,0.02037338584190631,40
synonym,pcasub_icl10_cf_k3_zero,target1,3,zero,8,0.043160706758499146,0.00662136848823069,170,0.03936588019132614,0.012797139358980065,40
synonym,pcasub_icl10_cf_k3_zero,target1,3,zero,9,0.0261872299015522,0.005314332194783182,170,0.02174401842057705,0.010133897870057156,40
synonym,pcasub_icl10_cf_k3_zero,target1,3,zero,10,0.019155237823724747,0.005039666994416077,170,0.01585974171757698,0.009986680538738628,40
synonym,pcasub_icl10_cf_k3_zero,target1,3,zero,11,0.020262395963072777,0.004665558659965242,170,0.01568642258644104,0.007879673715650203,40
synonym,pcasub_icl10_cf_k3_zero,target1,3,zero,12,0.01934845931828022,0.004412120212116417,170,0.01898455061018467,0.008548880672370753,40
synonym,pcasub_icl10_cf_k3_zero,target1,3,zero,13,0.007032444700598717,0.003773819623788153,170,0.009995346888899803,0.007525771582260959,40
synonym,pcasub_icl10_cf_k3_zero,target1,3,zero,14,0.009550690650939941,0.0035131862574151688,170,0.0074530900456011295,0.007581535294533651,40
synonym,pcasub_icl10_cf_k3_zero,target1,3,zero,15,-0.0009992673294618726,0.0030968755629274844,170,-0.004627508111298084,0.006930684560658993,40
synonym,pcasub_icl10_cf_k3_zero,target1,3,zero,16,0.006998152006417513,0.0026484237370944658,170,0.008427190594375134,0.004440616163416794,40
synonym,pcasub_icl10_cf_k3_zero,target1,3,zero,17,0.0002583941968623549,0.0024696793550472167,170,0.0028395415283739567,0.004104015906868623,40
synonym,pcasub_icl10_cf_k3_zero,target1,3,zero,18,0.006183653138577938,0.002138755674727666,170,0.00611503142863512,0.0034575919536639133,40
synonym,pcasub_icl10_cf_k3_zero,target1,3,zero,19,0.006431262008845806,0.0018825710605935993,170,0.004971033427864313,0.0028549604679263545,40
synonym,pcasub_icl10_cf_k3_zero,target1,3,zero,20,0.0059572067111730576,0.001897669903690591,170,0.004167634062469006,0.002968029652621243,40
synonym,pcasub_icl10_cf_k3_zero,target1,3,zero,21,0.007830148562788963,0.0017013335144195213,170,0.0064133405685424805,0.0028721106720879636,40
synonym,pcasub_icl10_cf_k3_zero,target1,3,zero,22,0.006577827036380768,0.0014766173116059643,170,0.006548011209815741,0.0027847472087166843,40
synonym,pcasub_icl10_cf_k3_zero,target1,3,zero,23,0.0036406018771231174,0.00117963813515954,170,0.004034936428070068,0.002324864453199581,40
synonym,pcasub_icl10_cf_k3_zero,target1,3,zero,24,0.0018762486288323998,0.0009052323655771192,170,0.0017002165550366044,0.001708457259535945,40
synonym,pcasub_icl10_cf_k3_zero,target1,3,zero,25,-0.0014554805820807815,0.0006341404814089807,170,0.00013442635827232152,0.0010432666837206198,40
synonym,pcasub_icl10_cf_k3_zero,target1,3,zero,26,-0.0004383963823784143,0.0003227101459625173,170,-0.00035353301791474223,0.0008228349620819196,40
synonym,pcasub_icl10_cf_k3_zero,target1,3,zero,27,0.0,0.0,170,0.0,0.0,40
synonym,pcasub_icl10_cf_k3_zero,final_cue,3,zero,0,-1.1802278757095337,0.14124663586069536,170,-1.255828857421875,0.29514489837886726,40
synonym,pcasub_icl10_cf_k3_zero,final_cue,3,zero,1,-1.0905606746673584,0.13913103381206737,170,-1.1524308919906616,0.2964167483072176,40
synonym,pcasub_icl10_cf_k3_zero,final_cue,3,zero,2,-1.0963804721832275,0.1381896589238654,170,-1.1741304397583008,0.29282970062927555,40
synonym,pcasub_icl10_cf_k3_zero,final_cue,3,zero,3,-1.1017080545425415,0.13790300962125948,170,-1.1859372854232788,0.2923200898505982,40
synonym,pcasub_icl10_cf_k3_zero,final_cue,3,zero,4,-1.0943560600280762,0.13764722686769662,170,-1.1811548471450806,0.29028980819859446,40
synonym,pcasub_icl10_cf_k3_zero,final_cue,3,zero,5,-1.0559557676315308,0.13735160834571536,170,-1.134710669517517,0.2911651015129495,40
synonym,pcasub_icl10_cf_k3_zero,final_cue,3,zero,6,-1.0499707460403442,0.13724451714638444,170,-1.134351372718811,0.2894872894974167,40
synonym,pcasub_icl10_cf_k3_zero,final_cue,3,zero,7,-1.0770671367645264,0.1375724102294208,170,-1.1725959777832031,0.2887446529371517,40
synonym,pcasub_icl10_cf_k3_zero,final_cue,3,zero,8,-1.034555435180664,0.13754602371859787,170,-1.129601001739502,0.29290019455656974,40
synonym,pcasub_icl10_cf_k3_zero,final_cue,3,zero,9,-1.047114372253418,0.13756966734887785,170,-1.136948823928833,0.29238864236759526,40
synonym,pcasub_icl10_cf_k3_zero,final_cue,3,zero,10,-1.00312340259552,0.13690792913202704,170,-1.1009496450424194,0.28895709599986097,40
synonym,pcasub_icl10_cf_k3_zero,final_cue,3,zero,11,-0.9506159424781799,0.13704782518265132,170,-1.0640902519226074,0.29412889993957875,40
synonym,pcasub_icl10_cf_k3_zero,final_cue,3,zero,12,-0.8910967707633972,0.13951891369257746,170,-1.0032809972763062,0.3089507005206307,40
synonym,pcasub_icl10_cf_k3_zero,final_cue,3,zero,13,-0.7924100756645203,0.1388262266402673,170,-0.8969281911849976,0.31036080525023857,40
synonym,pcasub_icl10_cf_k3_zero,final_cue,3,zero,14,-0.8015466332435608,0.14007534358245027,170,-0.9253215789794922,0.3088789060369239,40
synonym,pcasub_icl10_cf_k3_zero,final_cue,3,zero,15,-0.7429699897766113,0.1386679441470703,170,-0.8695451617240906,0.3083330116191981,40
synonym,pcasub_icl10_cf_k3_zero,final_cue,3,zero,16,-0.7237495183944702,0.1398760458822014,170,-0.8840444684028625,0.31643822997196275,40
synonym,pcasub_icl10_cf_k3_zero,final_cue,3,zero,17,-0.7015873789787292,0.14004662562316586,170,-0.8981969952583313,0.320072550048208,40
synonym,pcasub_icl10_cf_k3_zero,final_cue,3,zero,18,-0.609106183052063,0.13764182339302705,170,-0.925298810005188,0.3171111265506801,40
synonym,pcasub_icl10_cf_k3_zero,final_cue,3,zero,19,-0.6056236624717712,0.1385495522799025,170,-0.9310773611068726,0.31621756890061703,40
synonym,pcasub_icl10_cf_k3_zero,final_cue,3,zero,20,-0.54738849401474,0.1350794975333081,170,-0.9101760983467102,0.31220889591260975,40
synonym,pcasub_icl10_cf_k3_zero,final_cue,3,zero,21,-0.5979809761047363,0.13896884728556425,170,-1.0038094520568848,0.32830526062669935,40
synonym,pcasub_icl10_cf_k3_zero,final_cue,3,zero,22,-0.5992512702941895,0.1375713770777496,170,-1.0205714702606201,0.32707172999091294,40
synonym,pcasub_icl10_cf_k3_zero,final_cue,3,zero,23,-0.6139187216758728,0.13533492371240038,170,-0.9979778528213501,0.3230562526425439,40
synonym,pcasub_icl10_cf_k3_zero,final_cue,3,zero,24,-0.6167892217636108,0.1339797395796225,170,-0.9000698924064636,0.32334686103051763,40
synonym,pcasub_icl10_cf_k3_zero,final_cue,3,zero,25,-0.5923314094543457,0.1321091681928291,170,-0.7885792255401611,0.29291913744344955,40
synonym,pcasub_icl10_cf_k3_zero,final_cue,3,zero,26,-0.5979180932044983,0.13427367580153746,170,-0.8455045819282532,0.2998003625741205,40
synonym,pcasub_icl10_cf_k3_zero,final_cue,3,zero,27,-0.7206030488014221,0.15078729782543634,170,-0.9878565669059753,0.326161792869508,40
synonym,pcasub_icl10_cf_k3_mean,cue1,3,mean,0,-0.033745817840099335,0.0057908391171027475,170,-0.03538195416331291,0.011385764702005568,40
synonym,pcasub_icl10_cf_k3_mean,cue1,3,mean,1,-0.037236519157886505,0.005225473150994464,170,-0.03413409739732742,0.009877010883634133,40
synonym,pcasub_icl10_cf_k3_mean,cue1,3,mean,2,-0.038383230566978455,0.005170287537337715,170,-0.03484407812356949,0.009656428740983714,40
synonym,pcasub_icl10_cf_k3_mean,cue1,3,mean,3,-0.039063941687345505,0.00512340599452467,170,-0.038559556007385254,0.009875953003508629,40
synonym,pcasub_icl10_cf_k3_mean,cue1,3,mean,4,-0.03740137815475464,0.004999258649684334,170,-0.0379917249083519,0.009697106470085794,40
synonym,pcasub_icl10_cf_k3_mean,cue1,3,mean,5,-0.021100351586937904,0.003827541796388562,170,-0.021985966712236404,0.005975675031078261,40
synonym,pcasub_icl10_cf_k3_mean,cue1,3,mean,6,-0.02656804583966732,0.0026731182334824833,170,-0.026058543473482132,0.004125789624418398,40
synonym,pcasub_icl10_cf_k3_mean,cue1,3,mean,7,-0.01896999403834343,0.002019804374215833,170,-0.016993457451462746,0.003230831284523248,40
synonym,pcasub_icl10_cf_k3_mean,cue1,3,mean,8,-0.015342657454311848,0.0017723439773669669,170,-0.01527869701385498,0.002867079556780616,40
synonym,pcasub_icl10_cf_k3_mean,cue1,3,mean,9,-0.014889680780470371,0.0018044178224239826,170,-0.014879316091537476,0.0028675357528592372,40
synonym,pcasub_icl10_cf_k3_mean,cue1,3,mean,10,-0.00841534323990345,0.0012315457922799516,170,-0.008912676945328712,0.001970335160643505,40
synonym,pcasub_icl10_cf_k3_mean,cue1,3,mean,11,-0.003069040598347783,0.0007694518500632853,170,-0.0031489848624914885,0.0015294354926290677,40
synonym,pcasub_icl10_cf_k3_mean,cue1,3,mean,12,-0.0006079761660657823,0.0007381361543313372,170,-0.00022919774346519262,0.001398159990707409,40
synonym,pcasub_icl10_cf_k3_mean,cue1,3,mean,13,0.0003015044785570353,0.0006805943062873632,170,-0.0001445233792765066,0.0014100288932680693,40
synonym,pcasub_icl10_cf_k3_mean,cue1,3,mean,14,0.0013642966514453292,0.0006791957229271948,170,0.0008435130002908409,0.001372913410562993,40
synonym,pcasub_icl10_cf_k3_mean,cue1,3,mean,15,0.0013948401901870966,0.0006482394588330592,170,0.0008397639030590653,0.0012916822356029757,40
synonym,pcasub_icl10_cf_k3_mean,cue1,3,mean,16,0.0012560297036543489,0.000645854938490235,170,0.0017496108775958419,0.0013623391742138356,40
synonym,pcasub_icl10_cf_k3_mean,cue1,3,mean,17,0.0011711029801517725,0.0006270156349111917,170,0.0006839394336566329,0.0013136688839241154,40
synonym,pcasub_icl10_cf_k3_mean,cue1,3,mean,18,0.0015132188564166427,0.000620469364777926,170,0.0009171843412332237,0.0013817735983791787,40
synonym,pcasub_icl10_cf_k3_mean,cue1,3,mean,19,0.0010331750381737947,0.0006199586461351679,170,0.0006894111866131425,0.0013477504712748251,40
synonym,pcasub_icl10_cf_k3_mean,cue1,3,mean,20,-0.00032274864497594535,0.000577292282139807,170,-0.0007424533250741661,0.0011543837085012804,40
synonym,pcasub_icl10_cf_k3_mean,cue1,3,mean,21,-0.0005696665029972792,0.0005432893134821915,170,-0.0006199061754159629,0.001140524654229012,40
synonym,pcasub_icl10_cf_k3_mean,cue1,3,mean,22,-0.0014282346237450838,0.0005954236511078887,170,-0.0007193327182903886,0.0013217244702639983,40
synonym,pcasub_icl10_cf_k3_mean,cue1,3,mean,23,-0.0011481856927275658,0.0005161387247121829,170,-0.0005114733939990401,0.0011171246521433135,40
synonym,pcasub_icl10_cf_k3_mean,cue1,3,mean,24,-0.000167083038832061,0.00046629819236968705,170,0.000668299209792167,0.0010586977590507697,40
synonym,pcasub_icl10_cf_k3_mean,cue1,3,mean,25,-0.0011601840378716588,0.0004620674062759972,170,-0.0004437089082784951,0.0010080069825135487,40
synonym,pcasub_icl10_cf_k3_mean,cue1,3,mean,26,-0.0008517075912095606,0.0002823830876385309,170,-0.0014367818366736174,0.0006520739813972877,40
synonym,pcasub_icl10_cf_k3_mean,cue1,3,mean,27,0.0,0.0,170,0.0,0.0,40
synonym,pcasub_icl10_cf_k3_mean,target1,3,mean,0,-0.03793073445558548,0.010773937628921685,170,-0.03115040622651577,0.017390586804425956,40
synonym,pcasub_icl10_cf_k3_mean,target1,3,mean,1,-0.03378160297870636,0.010812446528877452,170,-0.026090919971466064,0.017661134345342687,40
synonym,pcasub_icl10_cf_k3_mean,target1,3,mean,2,-0.03214605525135994,0.009757382670771923,170,-0.02230878546833992,0.01665331032720218,40
synonym,pcasub_icl10_cf_k3_mean,target1,3,mean,3,-0.025453977286815643,0.007708529191589456,170,-0.017694974318146706,0.013580682188151571,40
synonym,pcasub_icl10_cf_k3_mean,target1,3,mean,4,-0.021455779671669006,0.007173440055207487,170,-0.010686701163649559,0.01189953042857001,40
synonym,pcasub_icl10_cf_k3_mean,target1,3,mean,5,-0.005082062445580959,0.006957699357537204,170,0.005242043640464544,0.012825122526576093,40
synonym,pcasub_icl10_cf_k3_mean,target1,3,mean,6,-0.012692762538790703,0.00627826156111626,170,-0.00039030908374115825,0.011314129253729622,40
synonym,pcasub_icl10_cf_k3_mean,target1,3,mean,7,-0.011554615572094917,0.005919864789275364,170,-0.0069634197279810905,0.010817553490184512,40
synonym,pcasub_icl10_cf_k3_mean,target1,3,mean,8,-0.01090486440807581,0.0035696393104561273,170,-0.008074450306594372,0.005672438640871376,40
synonym,pcasub_icl10_cf_k3_mean,target1,3,mean,9,-0.0075644985772669315,0.00333509645238082,170,-0.006934535689651966,0.005943959832037248,40
synonym,pcasub_icl10_cf_k3_mean,target1,3,mean,10,-0.004895087331533432,0.0032185551724293582,170,-0.00513872504234314,0.006057270809489107,40
synonym,pcasub_icl10_cf_k3_mean,target1,3,mean,11,0.007349154446274042,0.0029197194801446227,170,0.006788748316466808,0.005240940175648222,40
synonym,pcasub_icl10_cf_k3_mean,target1,3,mean,12,0.011197871528565884,0.0023226709580317743,170,0.012172931805253029,0.005338422415565181,40
synonym,pcasub_icl10_cf_k3_mean,target1,3,mean,13,0.005709736607968807,0.0018633716110849356,170,0.0061269463039934635,0.0040280691258651555,40
synonym,pcasub_icl10_cf_k3_mean,target1,3,mean,14,0.00959383137524128,0.0018018582291590046,170,0.0075817229226231575,0.0037350071746047623,40
synonym,pcasub_icl10_cf_k3_mean,target1,3,mean,15,0.012044740840792656,0.0016308819133826966,170,0.008999675512313843,0.003257705621753873,40
synonym,pcasub_icl10_cf_k3_mean,target1,3,mean,16,0.008961934596300125,0.0012845445301371645,170,0.009487008675932884,0.0026389314507604266,40
synonym,pcasub_icl10_cf_k3_mean,target1,3,mean,17,0.007646576035767794,0.0011316255826976237,170,0.006857937667518854,0.0022676888597126152,40
synonym,pcasub_icl10_cf_k3_mean,target1,3,mean,18,0.006292727310210466,0.000942197538077322,170,0.005467581562697887,0.0016816418243167622,40
synonym,pcasub_icl10_cf_k3_mean,target1,3,mean,19,0.005332347005605698,0.0007975966616009232,170,0.004052502103149891,0.00131921892595227,40
synonym,pcasub_icl10_cf_k3_mean,target1,3,mean,20,0.0035471287555992603,0.0007017362723680277,170,0.0029443621169775724,0.0011900897397000558,40
synonym,pcasub_icl10_cf_k3_mean,target1,3,mean,21,0.0034563846420496702,0.0005965387677640311,170,0.002521765185520053,0.0010280521469100345,40
synonym,pcasub_icl10_cf_k3_mean,target1,3,mean,22,0.002271064557135105,0.0004963214127895531,170,0.0017617583507671952,0.0008010999726046673,40
synonym,pcasub_icl10_cf_k3_mean,target1,3,mean,23,0.0015439128037542105,0.0003789556972332363,170,0.0013019859325140715,0.000599767449058689,40
synonym,pcasub_icl10_cf_k3_mean,target1,3,mean,24,0.0009802787099033594,0.0003079426271206913,170,0.0009023070451803505,0.000579016417682581,40
synonym,pcasub_icl10_cf_k3_mean,target1,3,mean,25,0.0002321790234418586,0.00023290555839288778,170,0.0008452296024188399,0.0004418867552849395,40
synonym,pcasub_icl10_cf_k3_mean,target1,3,mean,26,6.293549176916713e-06,0.00012664183933565768,170,0.00025488733081147075,0.00013107473809703324,40
synonym,pcasub_icl10_cf_k3_mean,target1,3,mean,27,0.0,0.0,170,0.0,0.0,40
synonym,pcasub_icl10_cf_k3_mean,final_cue,3,mean,0,0.17793472111225128,0.03503309658870199,170,0.1318114995956421,0.07962149607916019,40
synonym,pcasub_icl10_cf_k3_mean,final_cue,3,mean,1,0.17852683365345,0.03495337019425432,170,0.13346898555755615,0.07960444748096832,40
synonym,pcasub_icl10_cf_k3_mean,final_cue,3,mean,2,0.18193767964839935,0.034909852108707035,170,0.1369418203830719,0.079415951620031,40
synonym,pcasub_icl10_cf_k3_mean,final_cue,3,mean,3,0.19097284972667694,0.0349472535706436,170,0.14538022875785828,0.0794418590807438,40
synonym,pcasub_icl10_cf_k3_mean,final_cue,3,mean,4,0.19399872422218323,0.03504084065476818,170,0.15350289642810822,0.08018864234261437,40
synonym,pcasub_icl10_cf_k3_mean,final_cue,3,mean,5,0.18576909601688385,0.03475383934915927,170,0.14479327201843262,0.07947830293326341,40
synonym,pcasub_icl10_cf_k3_mean,final_cue,3,mean,6,0.18841736018657684,0.03462181307995939,170,0.1492714136838913,0.07851809647921312,40
synonym,pcasub_icl10_cf_k3_mean,final_cue,3,mean,7,0.17943719029426575,0.03473687920446886,170,0.13842126727104187,0.07879555322607203,40
synonym,pcasub_icl10_cf_k3_mean,final_cue,3,mean,8,0.17627251148223877,0.03471548245050026,170,0.13678455352783203,0.0783901141887512,40
synonym,pcasub_icl10_cf_k3_mean,final_cue,3,mean,9,0.15457504987716675,0.03443590063675996,170,0.11736802011728287,0.07896552558245097,40
synonym,pcasub_icl10_cf_k3_mean,final_cue,3,mean,10,0.17408451437950134,0.033650792224555956,170,0.13161256909370422,0.07447033140425181,40
synonym,pcasub_icl10_cf_k3_mean,final_cue,3,mean,11,0.18910256028175354,0.03398906939618106,170,0.13607719540596008,0.0755719875046602,40
synonym,pcasub_icl10_cf_k3_mean,final_cue,3,mean,12,0.19631202518939972,0.032944701629326036,170,0.14291071891784668,0.07244641588164476,40
synonym,pcasub_icl10_cf_k3_mean,final_cue,3,mean,13,0.1979694813489914,0.03285970433276838,170,0.14466334879398346,0.0719734468662455,40
synonym,pcasub_icl10_cf_k3_mean,final_cue,3,mean,14,0.1893043965101242,0.03293686156244084,170,0.13633646070957184,0.07123427374425328,40
synonym,pcasub_icl10_cf_k3_mean,final_cue,3,mean,15,0.17825114727020264,0.03231938886608524,170,0.13088642060756683,0.07064946630168824,40
synonym,pcasub_icl10_cf_k3_mean,final_cue,3,mean,16,0.18844778835773468,0.03245497402278957,170,0.14062413573265076,0.07067775811582422,40
synonym,pcasub_icl10_cf_k3_mean,final_cue,3,mean,17,0.18992215394973755,0.03253971303142945,170,0.14689192175865173,0.07066803221569487,40
synonym,pcasub_icl10_cf_k3_mean,final_cue,3,mean,18,0.19891664385795593,0.032603521575793014,170,0.14490726590156555,0.07119476698713868,40
synonym,pcasub_icl10_cf_k3_mean,final_cue,3,mean,19,0.19928094744682312,0.03279976553570412,170,0.14537593722343445,0.07214179823926954,40
synonym,pcasub_icl10_cf_k3_mean,final_cue,3,mean,20,0.2082434743642807,0.03251658369125123,170,0.15598276257514954,0.07284150230143448,40
synonym,pcasub_icl10_cf_k3_mean,final_cue,3,mean,21,0.19813483953475952,0.03365258881131157,170,0.15033796429634094,0.07659428610309255,40
synonym,pcasub_icl10_cf_k3_mean,final_cue,3,mean,22,0.19447676837444305,0.034032301765005116,170,0.1541425883769989,0.07699568210634798,40
synonym,pcasub_icl10_cf_k3_mean,final_cue,3,mean,23,0.18766288459300995,0.0341096327104453,170,0.14932675659656525,0.07646347651608139,40
synonym,pcasub_icl10_cf_k3_mean,final_cue,3,mean,24,0.18308602273464203,0.03380024492813856,170,0.1705482006072998,0.07547155721907055,40
synonym,pcasub_icl10_cf_k3_mean,final_cue,3,mean,25,0.18474487960338593,0.03401679534700245,170,0.17977173626422882,0.07111153608889019,40
synonym,pcasub_icl10_cf_k3_mean,final_cue,3,mean,26,0.19638611376285553,0.03394435358613003,170,0.19367694854736328,0.07136241624818633,40
synonym,pcasub_icl10_cf_k3_mean,final_cue,3,mean,27,0.21548789739608765,0.03490890352918594,170,0.21566089987754822,0.06802895822206674,40
synonym,pcasub_icl10_cf_k4_zero,cue1,4,zero,0,-0.02667989768087864,0.017391702657839108,170,-0.06820419430732727,0.030461184641728232,40
synonym,pcasub_icl10_cf_k4_zero,cue1,4,zero,1,0.017175963148474693,0.01211693994348829,170,0.02267615869641304,0.022456679304208162,40
synonym,pcasub_icl10_cf_k4_zero,cue1,4,zero,2,0.02147539332509041,0.010640448490098904,170,0.03934130817651749,0.018485363149897873,40
synonym,pcasub_icl10_cf_k4_zero,cue1,4,zero,3,0.003885193495079875,0.00978637720384442,170,0.013085233978927135,0.01583940115505169,40
synonym,pcasub_icl10_cf_k4_zero,cue1,4,zero,4,0.0347556546330452,0.0071325837066537326,170,0.03903380036354065,0.012165145515048558,40
synonym,pcasub_icl10_cf_k4_zero,cue1,4,zero,5,0.034174419939517975,0.006701312027388011,170,0.03305641561746597,0.012301903027175154,40
synonym,pcasub_icl10_cf_k4_zero,cue1,4,zero,6,0.010424105450510979,0.0038672844211551996,170,0.007729768753051758,0.007950742526576073,40
synonym,pcasub_icl10_cf_k4_zero,cue1,4,zero,7,0.014348837547004223,0.0030491957275897595,170,0.014026308432221413,0.006483236608777481,40
synonym,pcasub_icl10_cf_k4_zero,cue1,4,zero,8,0.0029850073624402285,0.002852741194453638,170,0.00028386712074279785,0.005856259449160518,40
synonym,pcasub_icl10_cf_k4_zero,cue1,4,zero,9,0.002649355912581086,0.002576862269446288,170,-0.0010206639999523759,0.004866763380900411,40
synonym,pcasub_icl10_cf_k4_zero,cue1,4,zero,10,-0.004597727674990892,0.0024050410893194144,170,-0.007985889911651611,0.00481829910039571,40
synonym,pcasub_icl10_cf_k4_zero,cue1,4,zero,11,0.000542925379704684,0.002145048442698254,170,-0.0024572075344622135,0.004280490456290676,40
synonym,pcasub_icl10_cf_k4_zero,cue1,4,zero,12,-0.000784257601480931,0.0019764957190266707,170,-0.0009152591228485107,0.004143508527500483,40
synonym,pcasub_icl10_cf_k4_zero,cue1,4,zero,13,0.0022544623352587223,0.0019558665430350073,170,0.0004957437631674111,0.004234888813542073,40
synonym,pcasub_icl10_cf_k4_zero,cue1,4,zero,14,0.002435451839119196,0.0019052411111392322,170,0.0011791586875915527,0.004000576023004328,40
synonym,pcasub_icl10_cf_k4_zero,cue1,4,zero,15,0.002288850024342537,0.0018996559206337022,170,0.000988304615020752,0.003981991849374155,40
synonym,pcasub_icl10_cf_k4_zero,cue1,4,zero,16,0.0026575890369713306,0.0019092207165186201,170,0.0005443096160888672,0.004116488702301596,40
synonym,pcasub_icl10_cf_k4_zero,cue1,4,zero,17,0.0012086447095498443,0.0019536209524488495,170,-0.0003918111324310303,0.003924671651449099,40
synonym,pcasub_icl10_cf_k4_zero,cue1,4,zero,18,0.002660812810063362,0.0018864356649918907,170,-0.0006454885005950928,0.0039824568807544924,40
synonym,pcasub_icl10_cf_k4_zero,cue1,4,zero,19,0.0005714013241231441,0.0017254615774037526,170,-0.001994484569877386,0.003798804237708019,40
synonym,pcasub_icl10_cf_k4_zero,cue1,4,zero,20,0.001082332688383758,0.0015467873388120544,170,-0.000928729772567749,0.003235995223866398,40
synonym,pcasub_icl10_cf_k4_zero,cue1,4,zero,21,-0.002222904469817877,0.0015458297592141782,170,-0.003721898887306452,0.00360999766866034,40
synonym,pcasub_icl10_cf_k4_zero,cue1,4,zero,22,-0.0060056112706661224,0.0017640959070010143,170,-0.006520694587379694,0.0038112519997861288,40
synonym,pcasub_icl10_cf_k4_zero,cue1,4,zero,23,-0.005212948191910982,0.0016204441100499758,170,-0.004684239625930786,0.003188191529420023,40
synonym,pcasub_icl10_cf_k4_zero,cue1,4,zero,24,-0.0011582437437027693,0.0015829119327125402,170,0.0012054324615746737,0.003614098721207013,40
synonym,pcasub_icl10_cf_k4_zero,cue1,4,zero,25,-0.005480457562953234,0.001730258475469915,170,-0.0031077503226697445,0.0037438451269116283,40
synonym,pcasub_icl10_cf_k4_zero,cue1,4,zero,26,-0.00469324691221118,0.0007541802912071064,170,-0.00628622155636549,0.0013932842294552407,40
synonym,pcasub_icl10_cf_k4_zero,cue1,4,zero,27,0.0,0.0,170,0.0,0.0,40
synonym,pcasub_icl10_cf_k4_zero,target1,4,zero,0,0.19075654447078705,0.027009220135392843,170,0.18535557389259338,0.05612058777961947,40
synonym,pcasub_icl10_cf_k4_zero,target1,4,zero,1,0.17281262576580048,0.022984212082951233,170,0.16769282519817352,0.04781233654949354,40
synonym,pcasub_icl10_cf_k4_zero,target1,4,zero,2,0.18010260164737701,0.020241397826306483,170,0.15495698153972626,0.04491996977018061,40
synonym,pcasub_icl10_cf_k4_zero,target1,4,zero,3,0.17244690656661987,0.01729382525139863,170,0.15396034717559814,0.03866200567122471,40
synonym,pcasub_icl10_cf_k4_zero,target1,4,zero,4,0.17900361120700836,0.01664814888586041,170,0.16331765055656433,0.03773007689482766,40
synonym,pcasub_icl10_cf_k4_zero,target1,4,zero,5,0.1560303121805191,0.013655851357966388,170,0.15325358510017395,0.029277211802288948,40
synonym,pcasub_icl10_cf_k4_zero,target1,4,zero,6,0.13886098563671112,0.012834696923960782,170,0.13354671001434326,0.027574804662858304,40
synonym,pcasub_icl10_cf_k4_zero,target1,4,zero,7,0.09353429824113846,0.010242737668576205,170,0.08729492127895355,0.021812331352396738,40
synonym,pcasub_icl10_cf_k4_zero,target1,4,zero,8,0.04750341549515724,0.0069815807041309335,170,0.03730200603604317,0.013930966559998027,40
synonym,pcasub_icl10_cf_k4_zero,target1,4,zero,9,0.029250215739011765,0.005679474738459333,170,0.019699841737747192,0.01143591858670849,40
synonym,pcasub_icl10_cf_k4_zero,target1,4,zero,10,0.022900031879544258,0.005359470294151131,170,0.014631574973464012,0.01072261287206129,40
synonym,pcasub_icl10_cf_k4_zero,target1,4,zero,11,0.0236604493111372,0.0050082370119948405,170,0.015370840206742287,0.008913038234972222,40
synonym,pcasub_icl10_cf_k4_zero,target1,4,zero,12,0.022133804857730865,0.004640010727724963,170,0.01975753903388977,0.008905442820596732,40
synonym,pcasub_icl10_cf_k4_zero,target1,4,zero,13,0.009411203674972057,0.0038639289639576884,170,0.010176867246627808,0.007829343713933066,40
synonym,pcasub_icl10_cf_k4_zero,target1,4,zero,14,0.011696155183017254,0.0035842942926235946,170,0.007322418503463268,0.008119529185464672,40
synonym,pcasub_icl10_cf_k4_zero,target1,4,zero,15,0.0012355541111901402,0.0032060816374436855,170,-0.003814566181972623,0.007297895603533633,40
synonym,pcasub_icl10_cf_k4_zero,target1,4,zero,16,0.007989744655787945,0.002706074228922445,170,0.009591246023774147,0.004392902000027811,40
synonym,pcasub_icl10_cf_k4_zero,target1,4,zero,17,0.00025459457538090646,0.002472737952569301,170,0.0022631525062024593,0.004239127402285464,40
synonym,pcasub_icl10_cf_k4_zero,target1,4,zero,18,0.005897387396544218,0.0021554591029422686,170,0.0055984496138989925,0.003457703278465539,40
synonym,pcasub_icl10_cf_k4_zero,target1,4,zero,19,0.006105423904955387,0.00186666349631153,170,0.004809516482055187,0.002923234378409286,40
synonym,pcasub_icl10_cf_k4_zero,target1,4,zero,20,0.005643034819513559,0.0019059106882801013,170,0.004224282689392567,0.00301145398251688,40
synonym,pcasub_icl10_cf_k4_zero,target1,4,zero,21,0.007854925468564034,0.0016685482347216845,170,0.0061393678188323975,0.0028663700820527934,40
synonym,pcasub_icl10_cf_k4_zero,target1,4,zero,22,0.006203486118465662,0.0014368635438871214,170,0.006349414587020874,0.0026768237037413985,40
synonym,pcasub_icl10_cf_k4_zero,target1,4,zero,23,0.0039937980473041534,0.0011862216198960053,170,0.004111218266189098,0.0023729563257369373,40
synonym,pcasub_icl10_cf_k4_zero,target1,4,zero,24,0.0016459703911095858,0.000869786348894284,170,0.0007530450820922852,0.0016291009356001374,40
synonym,pcasub_icl10_cf_k4_zero,target1,4,zero,25,-0.0002901501429732889,0.0005524409629853315,170,0.0012076437706127763,0.0009494533028413753,40
synonym,pcasub_icl10_cf_k4_zero,target1,4,zero,26,-0.00035944581031799316,0.0003738256891823882,170,-0.0002551138459239155,0.0008463745619347365,40
synonym,pcasub_icl10_cf_k4_zero,target1,4,zero,27,0.0,0.0,170,0.0,0.0,40
synonym,pcasub_icl10_cf_k4_zero,final_cue,4,zero,0,-1.3092671632766724,0.14211602842051585,170,-1.4357353448867798,0.2882182291683283,40
synonym,pcasub_icl10_cf_k4_zero,final_cue,4,zero,1,-1.1921428442001343,0.14013420579890146,170,-1.3142114877700806,0.2912531246788489,40
synonym,pcasub_icl10_cf_k4_zero,final_cue,4,zero,2,-1.2132043838500977,0.13946669838997533,170,-1.342013955116272,0.2854984829798287,40
synonym,pcasub_icl10_cf_k4_zero,final_cue,4,zero,3,-1.2206299304962158,0.13929624665010285,170,-1.361554741859436,0.28510147399838554,40
synonym,pcasub_icl10_cf_k4_zero,final_cue,4,zero,4,-1.2149895429611206,0.1392581388964265,170,-1.354609727859497,0.2837069382484422,40
synonym,pcasub_icl10_cf_k4_zero,final_cue,4,zero,5,-1.1736425161361694,0.1384850123007275,170,-1.3074954748153687,0.27937648121584496,40
synonym,pcasub_icl10_cf_k4_zero,final_cue,4,zero,6,-1.168003797531128,0.13856732614582065,170,-1.3050071001052856,0.27687185459745467,40
synonym,pcasub_icl10_cf_k4_zero,final_cue,4,zero,7,-1.1898906230926514,0.13877568449479635,170,-1.3372886180877686,0.2752224663365635,40
synonym,pcasub_icl10_cf_k4_zero,final_cue,4,zero,8,-1.1518491506576538,0.13884555480515978,170,-1.3059816360473633,0.281933469366327,40
synonym,pcasub_icl10_cf_k4_zero,final_cue,4,zero,9,-1.17498779296875,0.13929469235112854,170,-1.3263704776763916,0.2810345963987514,40
synonym,pcasub_icl10_cf_k4_zero,final_cue,4,zero,10,-1.141746997833252,0.13914811281491465,170,-1.2962334156036377,0.2747517780070473,40
synonym,pcasub_icl10_cf_k4_zero,final_cue,4,zero,11,-1.0930315256118774,0.13889590494899273,170,-1.2755719423294067,0.28078081826049234,40
synonym,pcasub_icl10_cf_k4_zero,final_cue,4,zero,12,-1.050700068473816,0.1393354332701261,170,-1.2358959913253784,0.29462699419697885,40
synonym,pcasub_icl10_cf_k4_zero,final_cue,4,zero,13,-0.974695086479187,0.1400142687756945,170,-1.1452842950820923,0.29503710298576685,40
synonym,pcasub_icl10_cf_k4_zero,final_cue,4,zero,14,-0.9733144640922546,0.14087807500214258,170,-1.172506332397461,0.2909146595846185,40
synonym,pcasub_icl10_cf_k4_zero,final_cue,4,zero,15,-0.8797239661216736,0.1386527120171219,170,-1.0919172763824463,0.28780152335425874,40
synonym,pcasub_icl10_cf_k4_zero,final_cue,4,zero,16,-0.8045266270637512,0.13860261787547296,170,-1.0026700496673584,0.28722925968405044,40
synonym,pcasub_icl10_cf_k4_zero,final_cue,4,zero,17,-0.7357566356658936,0.13869774097270157,170,-0.9747534990310669,0.29550322994351697,40
synonym,pcasub_icl10_cf_k4_zero,final_cue,4,zero,18,-0.5966763496398926,0.13651010173808126,170,-0.9613445401191711,0.2959794220769823,40
synonym,pcasub_icl10_cf_k4_zero,final_cue,4,zero,19,-0.5950155258178711,0.13787284707822245,170,-0.9712257385253906,0.29379037829941734,40
synonym,pcasub_icl10_cf_k4_zero,final_cue,4,zero,20,-0.5251759886741638,0.13297518700958183,170,-0.9452459216117859,0.28860323156375906,40
synonym,pcasub_icl10_cf_k4_zero,final_cue,4,zero,21,-0.6197426915168762,0.13878087768195763,170,-1.0596704483032227,0.31174979949894543,40
synonym,pcasub_icl10_cf_k4_zero,final_cue,4,zero,22,-0.6314303874969482,0.13623991886166806,170,-1.0886220932006836,0.31087867173483963,40
synonym,pcasub_icl10_cf_k4_zero,final_cue,4,zero,23,-0.6276323199272156,0.13478607331576117,170,-1.0613025426864624,0.3106576525392643,40
synonym,pcasub_icl10_cf_k4_zero,final_cue,4,zero,24,-0.6552401781082153,0.13579665108006114,170,-0.9523501396179199,0.30716814659227076,40
synonym,pcasub_icl10_cf_k4_zero,final_cue,4,zero,25,-0.6497872471809387,0.134046035002345,170,-0.8683083653450012,0.26947319650098683,40
synonym,pcasub_icl10_cf_k4_zero,final_cue,4,zero,26,-0.6682100296020508,0.1399096004541765,170,-0.9152438044548035,0.29187460215765754,40
synonym,pcasub_icl10_cf_k4_zero,final_cue,4,zero,27,-0.7551181316375732,0.15302980381385028,170,-1.0095651149749756,0.32168882124218584,40
synonym,pcasub_icl10_cf_k4_mean,cue1,4,mean,0,-0.04200240969657898,0.006089116518910309,170,-0.04773438721895218,0.011146656698716301,40
synonym,pcasub_icl10_cf_k4_mean,cue1,4,mean,1,-0.043635133653879166,0.005427345730353031,170,-0.04300367832183838,0.009335961156349486,40
synonym,pcasub_icl10_cf_k4_mean,cue1,4,mean,2,-0.044394347816705704,0.0054310709049903904,170,-0.044721364974975586,0.009502094868642721,40
synonym,pcasub_icl10_cf_k4_mean,cue1,4,mean,3,-0.0467144176363945,0.005520437953112997,170,-0.04984090477228165,0.009942363843369639,40
synonym,pcasub_icl10_cf_k4_mean,cue1,4,mean,4,-0.04447280615568161,0.005347428477134246,170,-0.04959143325686455,0.009684130356965045,40
synonym,pcasub_icl10_cf_k4_mean,cue1,4,mean,5,-0.026361005380749702,0.0038503457052190245,170,-0.029751379042863846,0.005288363952120794,40
synonym,pcasub_icl10_cf_k4_mean,cue1,4,mean,6,-0.0345277264714241,0.0028483900144757007,170,-0.03565625101327896,0.003915435227034826,40
synonym,pcasub_icl10_cf_k4_mean,cue1,4,mean,7,-0.03142986819148064,0.002327260140040155,170,-0.031152945011854172,0.0031432687323532933,40
synonym,pcasub_icl10_cf_k4_mean,cue1,4,mean,8,-0.02015005052089691,0.001970140093376974,170,-0.020090561360120773,0.003352856225547887,40
synonym,pcasub_icl10_cf_k4_mean,cue1,4,mean,9,-0.017719019204378128,0.0018485466274671518,170,-0.017310524359345436,0.0029808708801357876,40
synonym,pcasub_icl10_cf_k4_mean,cue1,4,mean,10,-0.010921182110905647,0.0012962867731697522,170,-0.01193003635853529,0.001951488873062414,40
synonym,pcasub_icl10_cf_k4_mean,cue1,4,mean,11,-0.005446243565529585,0.0008493894605985998,170,-0.00604473939165473,0.0016207044538690317,40
synonym,pcasub_icl10_cf_k4_mean,cue1,4,mean,12,-0.0034756839741021395,0.0008079515356547289,170,-0.0044265566393733025,0.001493162308687617,40
synonym,pcasub_icl10_cf_k4_mean,cue1,4,mean,13,-0.002755953697487712,0.000774912039502406,170,-0.003540611360222101,0.0015087149430438812,40
synonym,pcasub_icl10_cf_k4_mean,cue1,4,mean,14,-0.0007266511092893779,0.0007512175516456631,170,-0.0011913895141333342,0.0015236536711858877,40
synonym,pcasub_icl10_cf_k4_mean,cue1,4,mean,15,-0.0010629843454807997,0.0007357322766805148,170,-0.0016295671230182052,0.001471597251513376,40
synonym,pcasub_icl10_cf_k4_mean,cue1,4,mean,16,-0.0011700672330334783,0.0007128892960881521,170,-0.0012541592586785555,0.0014380983523108594,40
synonym,pcasub_icl10_cf_k4_mean,cue1,4,mean,17,-0.0012543229386210442,0.0007272015610461154,170,-0.0023098825477063656,0.0015244740289502509,40
synonym,pcasub_icl10_cf_k4_mean,cue1,4,mean,18,-0.0008255274733528495,0.0007203415739507527,170,-0.001332014799118042,0.0015584045326416112,40
synonym,pcasub_icl10_cf_k4_mean,cue1,4,mean,19,-0.001052278676070273,0.0006834312590614083,170,-0.0016344189643859863,0.0015282062076502662,40
synonym,pcasub_icl10_cf_k4_mean,cue1,4,mean,20,-0.0007928729173727334,0.000626465915935714,170,-0.0015500306617468596,0.0013864292133635811,40
synonym,pcasub_icl10_cf_k4_mean,cue1,4,mean,21,-0.001291926484555006,0.0005931677390051045,170,-0.0025776505935937166,0.0012472863170285976,40
synonym,pcasub_icl10_cf_k4_mean,cue1,4,mean,22,-0.002305384958162904,0.0006424077662245699,170,-0.002824628259986639,0.001387474282301597,40
synonym,pcasub_icl10_cf_k4_mean,cue1,4,mean,23,-0.00196347595192492,0.0005612203235981142,170,-0.0017453134059906006,0.0011904827633714048,40
synonym,pcasub_icl10_cf_k4_mean,cue1,4,mean,24,-0.0012874153908342123,0.0005711725156451299,170,-0.0005389750003814697,0.0012240422580181926,40
synonym,pcasub_icl10_cf_k4_mean,cue1,4,mean,25,-0.0018797169905155897,0.0005226518874201454,170,-0.0013513326412066817,0.0010190092156033492,40
synonym,pcasub_icl10_cf_k4_mean,cue1,4,mean,26,-0.0015593350399285555,0.00036959068876703076,170,-0.0019326626788824797,0.0007451711138173932,40
synonym,pcasub_icl10_cf_k4_mean,cue1,4,mean,27,0.0,0.0,170,0.0,0.0,40
synonym,pcasub_icl10_cf_k4_mean,target1,4,mean,0,-0.03855755552649498,0.010828218091999268,170,-0.03181678056716919,0.018297107609167237,40
synonym,pcasub_icl10_cf_k4_mean,target1,4,mean,1,-0.03428589552640915,0.010793217793404659,170,-0.031809817999601364,0.017734626385019294,40
synonym,pcasub_icl10_cf_k4_mean,target1,4,mean,2,-0.033286817371845245,0.009665467600911628,170,-0.023895377293229103,0.01571508845990263,40
synonym,pcasub_icl10_cf_k4_mean,target1,4,mean,3,-0.019800648093223572,0.007824049605688848,170,-0.018164431676268578,0.014183353432746853,40
synonym,pcasub_icl10_cf_k4_mean,target1,4,mean,4,-0.015517761930823326,0.007227423944326366,170,-0.007642376236617565,0.011938884040454865,40
synonym,pcasub_icl10_cf_k4_mean,target1,4,mean,5,5.663317642756738e-05,0.006979034968127032,170,0.006560480687767267,0.012989510972270291,40
synonym,pcasub_icl10_cf_k4_mean,target1,4,mean,6,-0.007652611006051302,0.00613439861950676,170,0.004579657223075628,0.011444524170580218,40
synonym,pcasub_icl10_cf_k4_mean,target1,4,mean,7,-0.009577112272381783,0.005914796174605419,170,-0.005053293891251087,0.011083317009731895,40
synonym,pcasub_icl10_cf_k4_mean,target1,4,mean,8,-0.012682000175118446,0.0035831457113962447,170,-0.011011099442839622,0.005838120574736849,40
synonym,pcasub_icl10_cf_k4_mean,target1,4,mean,9,-0.009169514290988445,0.0033101105249351164,170,-0.00932612456381321,0.005933439932793646,40
synonym,pcasub_icl10_cf_k4_mean,target1,4,mean,10,-0.006836676504462957,0.003116566016625004,170,-0.00717427721247077,0.005665936447828256,40
synonym,pcasub_icl10_cf_k4_mean,target1,4,mean,11,0.006318259052932262,0.002864479866027185,170,0.005439019296318293,0.005281584919623895,40
synonym,pcasub_icl10_cf_k4_mean,target1,4,mean,12,0.009723147377371788,0.0022713390915378344,170,0.011069631204009056,0.005114321466751195,40
synonym,pcasub_icl10_cf_k4_mean,target1,4,mean,13,0.004490189254283905,0.0018423451459896334,170,0.006209260318428278,0.00396292732984067,40
synonym,pcasub_icl10_cf_k4_mean,target1,4,mean,14,0.008528800681233406,0.0018156016321210341,170,0.0075566889718174934,0.004020626267699301,40
synonym,pcasub_icl10_cf_k4_mean,target1,4,mean,15,0.01157643273472786,0.00162835260609038,170,0.009320652112364769,0.003519121878346754,40
synonym,pcasub_icl10_cf_k4_mean,target1,4,mean,16,0.00833748746663332,0.001252196111309133,170,0.007850224152207375,0.0027202386093152045,40
synonym,pcasub_icl10_cf_k4_mean,target1,4,mean,17,0.00786818191409111,0.001151462894790879,170,0.007292794995009899,0.002534555613934313,40
synonym,pcasub_icl10_cf_k4_mean,target1,4,mean,18,0.005896796006709337,0.0009351878354189913,170,0.004643857479095459,0.001716097439440131,40
synonym,pcasub_icl10_cf_k4_mean,target1,4,mean,19,0.004725441336631775,0.0008084475398862412,170,0.003841870930045843,0.0012964887869916994,40
synonym,pcasub_icl10_cf_k4_mean,target1,4,mean,20,0.0036271025892347097,0.0007012194108157203,170,0.0024751306045800447,0.0011613133828924432,40
synonym,pcasub_icl10_cf_k4_mean,target1,4,mean,21,0.0031565981917083263,0.0005969604856475057,170,0.001969063188880682,0.0010528967208263565,40
synonym,pcasub_icl10_cf_k4_mean,target1,4,mean,22,0.0027384078130126,0.0004907080434721953,170,0.00240630516782403,0.0007389685111299719,40
synonym,pcasub_icl10_cf_k4_mean,target1,4,mean,23,0.0014965306036174297,0.00040709736588691883,170,0.0015682578086853027,0.0006225757068119349,40
synonym,pcasub_icl10_cf_k4_mean,target1,4,mean,24,0.0009903413010761142,0.0002852417013116553,170,0.0013026893138885498,0.0004811958593373999,40
synonym,pcasub_icl10_cf_k4_mean,target1,4,mean,25,0.000549068849068135,0.00024442074591699047,170,0.0007542848470620811,0.0005510536449080158,40
synonym,pcasub_icl10_cf_k4_mean,target1,4,mean,26,-6.850747740827501e-05,0.00016089742621983892,170,-0.00027741194935515523,0.000369009100401432,40
synonym,pcasub_icl10_cf_k4_mean,target1,4,mean,27,0.0,0.0,170,0.0,0.0,40
synonym,pcasub_icl10_cf_k4_mean,final_cue,4,mean,0,0.20497646927833557,0.03296684810397637,170,0.14059630036354065,0.07303705697942306,40
synonym,pcasub_icl10_cf_k4_mean,final_cue,4,mean,1,0.20409676432609558,0.03296565266520641,170,0.14158499240875244,0.07307230394307015,40
synonym,pcasub_icl10_cf_k4_mean,final_cue,4,mean,2,0.20623824000358582,0.032982964812899834,170,0.14387603104114532,0.07326926755717242,40
synonym,pcasub_icl10_cf_k4_mean,final_cue,4,mean,3,0.2193281352519989,0.0329152476637626,170,0.15602602064609528,0.07308461681954206,40
synonym,pcasub_icl10_cf_k4_mean,final_cue,4,mean,4,0.22183528542518616,0.033003406130145976,170,0.16320332884788513,0.07396640349163847,40
synonym,pcasub_icl10_cf_k4_mean,final_cue,4,mean,5,0.214150533080101,0.03267426275072882,170,0.15514717996120453,0.0731864560412454,40
synonym,pcasub_icl10_cf_k4_mean,final_cue,4,mean,6,0.21873900294303894,0.0323915357672993,170,0.16099467873573303,0.07183897593020311,40
synonym,pcasub_icl10_cf_k4_mean,final_cue,4,mean,7,0.2066960483789444,0.032606168455516935,170,0.14820758998394012,0.07240106133283415,40
synonym,pcasub_icl10_cf_k4_mean,final_cue,4,mean,8,0.20891651511192322,0.03254127875907269,170,0.15720471739768982,0.0721170358336592,40
synonym,pcasub_icl10_cf_k4_mean,final_cue,4,mean,9,0.18774960935115814,0.03220611018539625,170,0.1336068958044052,0.07219642160860072,40
synonym,pcasub_icl10_cf_k4_mean,final_cue,4,mean,10,0.19120483100414276,0.031406361648294384,170,0.13019530475139618,0.06786411269676376,40
synonym,pcasub_icl10_cf_k4_mean,final_cue,4,mean,11,0.2111598551273346,0.03164529168665475,170,0.1402842104434967,0.0685333479264498,40
synonym,pcasub_icl10_cf_k4_mean,final_cue,4,mean,12,0.21198223531246185,0.030531300468685168,170,0.1406850665807724,0.0645649309291427,40
synonym,pcasub_icl10_cf_k4_mean,final_cue,4,mean,13,0.21406999230384827,0.030641358550470014,170,0.14315970242023468,0.06421640537135792,40
synonym,pcasub_icl10_cf_k4_mean,final_cue,4,mean,14,0.2014584243297577,0.030767853343908337,170,0.13710375130176544,0.06419076179165638,40
synonym,pcasub_icl10_cf_k4_mean,final_cue,4,mean,15,0.1860673576593399,0.030697605887470253,170,0.13048222661018372,0.06492922808951129,40
synonym,pcasub_icl10_cf_k4_mean,final_cue,4,mean,16,0.18847544491291046,0.030657662689563915,170,0.1332116425037384,0.06369930696898607,40
synonym,pcasub_icl10_cf_k4_mean,final_cue,4,mean,17,0.18740001320838928,0.030705283667256656,170,0.13377273082733154,0.06325224541429962,40
synonym,pcasub_icl10_cf_k4_mean,final_cue,4,mean,18,0.1967478096485138,0.03082727099366944,170,0.12881453335285187,0.06336568126401573,40
synonym,pcasub_icl10_cf_k4_mean,final_cue,4,mean,19,0.19804005324840546,0.03122121492591319,170,0.13105885684490204,0.06414552033470775,40
synonym,pcasub_icl10_cf_k4_mean,final_cue,4,mean,20,0.2107774019241333,0.031177161978660037,170,0.14793434739112854,0.06453218612294168,40
synonym,pcasub_icl10_cf_k4_mean,final_cue,4,mean,21,0.1939847618341446,0.03237771164936296,170,0.13721708953380585,0.06917386253535655,40
synonym,pcasub_icl10_cf_k4_mean,final_cue,4,mean,22,0.18874533474445343,0.032668088983773456,170,0.13860900700092316,0.07005472562391356,40
synonym,pcasub_icl10_cf_k4_mean,final_cue,4,mean,23,0.1830902099609375,0.03298963229835293,170,0.136426642537117,0.07087224784544592,40
synonym,pcasub_icl10_cf_k4_mean,final_cue,4,mean,24,0.17720693349838257,0.033420214257448795,170,0.15971729159355164,0.06976526700320315,40
synonym,pcasub_icl10_cf_k4_mean,final_cue,4,mean,25,0.17697186768054962,0.033311308185491974,170,0.16705675423145294,0.06415856359612154,40
synonym,pcasub_icl10_cf_k4_mean,final_cue,4,mean,26,0.19203589856624603,0.03340049980354652,170,0.1860053837299347,0.06600877001874376,40
synonym,pcasub_icl10_cf_k4_mean,final_cue,4,mean,27,0.21200081706047058,0.035330072836552005,170,0.2075907289981842,0.06623143375847855,40
