family,layer,variant,n,success,convention_rate,judge_ok,unscorable,margin,unsteered
bash_subst,0,base,40,0.0,0.0,0.675,0.275,-4.4703,0.0
bash_subst,20,full,40,0.0,0.0,0.575,0.175,-3.9227,0.0
bash_subst,20,mean1,40,0.0,0.0,0.8,0.15,-3.5281,0.0
bash_subst,20,mean2,40,0.0,0.0,0.7,0.225,-3.6016,0.0
bash_subst,20,own1,40,0.025,0.025,0.75,0.25,-3.5125,0.0
bash_subst,20,own10,40,0.025,0.075,0.675,0.2,-3.7969,0.0
bash_subst,20,own2,40,0.0,0.0,0.65,0.175,-3.5797,0.0
bash_subst,21,full,40,0.0,0.0,0.6,0.1,-4.0945,0.0
bash_subst,21,mean1,40,0.0,0.0,0.625,0.125,-3.4156,0.0
bash_subst,21,mean2,40,0.0,0.025,0.7,0.225,-3.5578,0.0
bash_subst,21,own1,40,0.05,0.05,0.825,0.2,-3.4406,0.0
bash_subst,21,own10,40,0.0,0.025,0.7,0.175,-3.7812,0.0
bash_subst,21,own2,40,0.025,0.025,0.85,0.175,-3.5953,0.0
bash_subst,22,full,40,0.05,0.075,0.75,0.225,-4.1438,0.0
bash_subst,22,mean1,40,0.0,0.0,0.75,0.225,-3.3531,0.0
bash_subst,22,mean2,40,0.0,0.0,0.8,0.275,-3.4938,0.0
bash_subst,22,own1,40,0.025,0.05,0.825,0.25,-3.3609,0.0
bash_subst,22,own10,40,0.0,0.025,0.775,0.25,-3.5812,0.0
bash_subst,22,own2,40,0.05,0.05,0.675,0.2,-3.4938,0.0
bash_subst,23,full,40,0.125,0.15,0.65,0.175,-2.2695,0.0
bash_subst,23,mean1,40,0.025,0.025,0.75,0.225,-2.9047,0.0
bash_subst,23,mean2,40,0.075,0.075,0.825,0.2,-2.7297,0.0
bash_subst,23,own1,40,0.05,0.05,0.775,0.225,-2.8453,0.0
bash_subst,23,own10,40,0.1,0.1,0.625,0.2,-2.1406,0.0
bash_subst,23,own2,40,0.05,0.075,0.725,0.175,-2.6641,0.0
bash_subst,24,full,40,0.325,0.375,0.675,0.025,-1.1156,0.0
bash_subst,24,mean1,40,0.025,0.075,0.7,0.25,-1.6828,0.0
bash_subst,24,mean2,40,0.025,0.075,0.8,0.2,-1.5156,0.0
bash_subst,24,own1,40,0.025,0.05,0.725,0.25,-1.5828,0.0
bash_subst,24,own10,40,0.15,0.225,0.75,0.1,-1.1875,0.0
bash_subst,24,own2,40,0.175,0.2,0.85,0.225,-1.4125,0.0
bash_subst,25,full,40,0.375,0.45,0.75,0.1,0.868,0.0
bash_subst,25,mean1,40,0.175,0.325,0.7,0.175,0.4359,0.0
bash_subst,25,mean2,40,0.25,0.325,0.675,0.175,0.6078,0.0
bash_subst,25,own1,40,0.225,0.3,0.75,0.2,0.4656,0.0
bash_subst,25,own10,40,0.325,0.375,0.725,0.175,0.4438,0.0
bash_subst,25,own2,40,0.3,0.425,0.7,0.1,0.6687,0.0
bash_subst,26,full,40,0.5,0.55,0.8,0.075,1.2336,0.0
bash_subst,26,mean1,40,0.325,0.45,0.8,0.2,0.8109,0.0
bash_subst,26,mean2,40,0.2,0.35,0.7,0.225,0.8484,0.0
bash_subst,26,own1,40,0.375,0.375,0.875,0.15,0.8016,0.0
bash_subst,26,own10,40,0.45,0.525,0.875,0.1,1.0844,0.0
bash_subst,26,own2,40,0.15,0.225,0.675,0.35,0.8938,0.0
bash_subst,27,full,40,0.525,0.6,0.75,0.05,2.2961,0.0
bash_subst,27,mean1,40,0.375,0.475,0.775,0.2,1.9109,0.0
bash_subst,27,mean2,40,0.55,0.675,0.85,0.2,1.9719,0.0
bash_subst,27,own1,40,0.475,0.575,0.75,0.2,1.7703,0.0
bash_subst,27,own10,40,0.55,0.675,0.8,0.1,2.2406,0.0
bash_subst,27,own2,40,0.575,0.6,0.9,0.125,1.9188,0.0
bash_subst,28,full,40,0.575,0.675,0.775,0.1,3.1461,0.0
bash_subst,28,mean1,40,0.45,0.6,0.7,0.2,2.9859,0.0
bash_subst,28,mean2,40,0.625,0.7,0.825,0.05,3.0734,0.0
bash_subst,28,own1,40,0.375,0.55,0.775,0.125,2.5859,0.0
bash_subst,28,own10,40,0.525,0.675,0.8,0.1,3.5641,0.0
bash_subst,28,own2,40,0.375,0.6,0.65,0.15,2.6375,0.0
bash_test,0,base,40,0.325,0.35,0.875,0.15,-0.4062,0.325
bash_test,20,full,40,0.3,0.45,0.675,0.075,-0.25,0.325
bash_test,20,mean1,40,0.325,0.4,0.775,0.125,-0.4562,0.325
bash_test,20,mean2,40,0.25,0.275,0.825,0.125,-0.4875,0.325
bash_test,20,own1,40,0.25,0.325,0.725,0.1,-0.45,0.325
bash_test,20,own10,40,0.25,0.275,0.975,0.1,-0.375,0.325
bash_test,20,own2,40,0.25,0.25,0.825,0.2,-0.4937,0.325
bash_test,21,full,40,0.4,0.5,0.85,0.1,-0.2125,0.325
bash_test,21,mean1,40,0.3,0.35,0.825,0.15,-0.4062,0.325
bash_test,21,mean2,40,0.375,0.425,0.8,0.1,-0.4281,0.325
bash_test,21,own1,40,0.325,0.4,0.8,0.075,-0.4219,0.325
bash_test,21,own10,40,0.25,0.25,0.8,0.2,-0.325,0.325
bash_test,21,own2,40,0.25,0.25,0.925,0.125,-0.4219,0.325
bash_test,22,full,40,0.25,0.35,0.75,0.15,-0.0406,0.325
bash_test,22,mean1,40,0.3,0.325,0.8,0.125,-0.4438,0.325
bash_test,22,mean2,40,0.3,0.4,0.825,0.15,-0.525,0.325
bash_test,22,own1,40,0.35,0.375,0.875,0.2,-0.4375,0.325
bash_test,22,own10,40,0.2,0.375,0.725,0.075,-0.4641,0.325
bash_test,22,own2,40,0.35,0.4,0.875,0.1,-0.5156,0.325
bash_test,23,full,40,0.55,0.625,0.875,0.0,1.6031,0.325
bash_test,23,mean1,40,0.45,0.5,0.875,0.1,0.1969,0.325
bash_test,23,mean2,40,0.35,0.425,0.8,0.125,0.1406,0.325
bash_test,23,own1,40,0.5,0.525,0.875,0.15,0.2344,0.325
bash_test,23,own10,40,0.4,0.5,0.8,0.125,0.35,0.325
bash_test,23,own2,40,0.325,0.425,0.725,0.1,0.1875,0.325
bash_test,24,full,40,0.675,0.75,0.85,0.025,2.0375,0.325
bash_test,24,mean1,40,0.4,0.525,0.725,0.1,0.7125,0.325
bash_test,24,mean2,40,0.5,0.625,0.8,0.125,0.7469,0.325
bash_test,24,own1,40,0.6,0.775,0.725,0.05,0.7656,0.325
bash_test,24,own10,40,0.65,0.675,0.9,0.1,0.9875,0.325
bash_test,24,own2,40,0.525,0.6,0.825,0.1,0.8156,0.325
bash_test,25,full,40,0.75,0.85,0.825,0.025,3.3156,0.325
bash_test,25,mean1,40,0.65,0.775,0.85,0.1,2.2719,0.325
bash_test,25,mean2,40,0.725,0.825,0.875,0.075,2.3812,0.325
bash_test,25,own1,40,0.65,0.75,0.85,0.05,2.3625,0.325
bash_test,25,own10,40,0.675,0.75,0.9,0.1,2.6906,0.325
bash_test,25,own2,40,0.575,0.7,0.8,0.15,2.4719,0.325
bash_test,26,full,40,0.7,0.85,0.825,0.025,3.2625,0.325
bash_test,26,mean1,40,0.675,0.775,0.875,0.1,2.0969,0.325
bash_test,26,mean2,40,0.775,0.85,0.925,0.075,2.1,0.325
bash_test,26,own1,40,0.55,0.7,0.725,0.05,2.2031,0.325
bash_test,26,own10,40,0.5,0.625,0.75,0.15,2.2172,0.325
bash_test,26,own2,40,0.6,0.675,0.85,0.1,2.2031,0.325
bash_test,27,full,40,0.775,0.9,0.8,0.05,4.6531,0.325
bash_test,27,mean1,40,0.75,0.925,0.825,0.05,3.0906,0.325
bash_test,27,mean2,40,0.65,0.825,0.8,0.075,3.1984,0.325
bash_test,27,own1,40,0.65,0.8,0.825,0.05,3.2437,0.325
bash_test,27,own10,40,0.575,0.7,0.75,0.075,3.4766,0.325
bash_test,27,own2,40,0.75,0.9,0.8,0.05,3.2938,0.325
bash_test,28,full,40,0.675,0.95,0.7,0.025,4.7844,0.325
bash_test,28,mean1,40,0.575,0.775,0.75,0.1,3.2078,0.325
bash_test,28,mean2,40,0.6,0.75,0.8,0.075,2.4359,0.325
bash_test,28,own1,40,0.55,0.75,0.8,0.075,3.1266,0.325
bash_test,28,own10,40,0.7,0.9,0.775,0.05,3.15,0.325
bash_test,28,own2,40,0.75,0.9,0.85,0.025,2.5828,0.325
blank_lines,0,base,40,0.55,0.75,0.725,0.175,2.3734,0.55
blank_lines,20,full,40,0.4,0.65,0.55,0.3,2.6812,0.55
blank_lines,20,mean1,40,0.475,0.65,0.675,0.25,2.6344,0.55
blank_lines,20,mean2,40,0.4,0.55,0.575,0.275,2.5469,0.55
blank_lines,20,own1,40,0.525,0.75,0.6,0.2,2.6734,0.55
blank_lines,20,own10,40,0.525,0.625,0.75,0.325,2.6109,0.55
blank_lines,20,own2,40,0.525,0.7,0.675,0.25,2.5984,0.55
blank_lines,21,full,40,0.475,0.675,0.7,0.275,2.8234,0.55
blank_lines,21,mean1,40,0.45,0.725,0.6,0.2,2.7219,0.55
blank_lines,21,mean2,40,0.5,0.65,0.7,0.25,2.5625,0.55
blank_lines,21,own1,40,0.55,0.725,0.75,0.2,2.7672,0.55
blank_lines,21,own10,40,0.55,0.725,0.7,0.2,2.6688,0.55
blank_lines,21,own2,40,0.525,0.7,0.725,0.25,2.6312,0.55
blank_lines,22,full,40,0.35,0.55,0.475,0.4,3.1949,0.55
blank_lines,22,mean1,40,0.4,0.625,0.625,0.325,2.4484,0.55
blank_lines,22,mean2,40,0.525,0.75,0.675,0.2,2.3422,0.55
blank_lines,22,own1,40,0.425,0.6,0.725,0.3,2.4859,0.55
blank_lines,22,own10,40,0.525,0.65,0.75,0.225,2.3172,0.55
blank_lines,22,own2,40,0.4,0.7,0.6,0.175,2.3828,0.55
blank_lines,23,full,40,0.5,0.825,0.6,0.125,4.7275,0.55
blank_lines,23,mean1,40,0.575,0.75,0.725,0.225,4.7156,0.55
blank_lines,23,mean2,40,0.575,0.75,0.725,0.225,4.6594,0.55
blank_lines,23,own1,40,0.4,0.6,0.65,0.4,4.9391,0.55
blank_lines,23,own10,40,0.55,0.8,0.65,0.15,4.1703,0.55
blank_lines,23,own2,40,0.45,0.8,0.575,0.175,4.8656,0.55
blank_lines,24,full,40,0.375,0.7,0.5,0.3,5.4945,0.55
blank_lines,24,mean1,40,0.475,0.75,0.675,0.15,5.3078,0.55
blank_lines,24,mean2,40,0.6,0.725,0.825,0.225,5.8516,0.55
blank_lines,24,own1,40,0.525,0.725,0.675,0.275,5.5625,0.55
blank_lines,24,own10,40,0.675,0.775,0.825,0.225,5.5641,0.55
blank_lines,24,own2,40,0.7,0.85,0.775,0.125,6.1422,0.55
blank_lines,25,full,40,0.4,0.75,0.5,0.2,5.7102,0.55
blank_lines,25,mean1,40,0.45,0.625,0.675,0.3,5.3937,0.55
blank_lines,25,mean2,40,0.65,0.8,0.775,0.2,5.8641,0.55
blank_lines,25,own1,40,0.575,0.725,0.775,0.225,5.6813,0.55
blank_lines,25,own10,40,0.6,0.825,0.7,0.15,6.0937,0.55
blank_lines,25,own2,40,0.475,0.75,0.675,0.2,6.1469,0.55
blank_lines,26,full,40,0.375,0.75,0.425,0.25,6.7027,0.55
blank_lines,26,mean1,40,0.475,0.65,0.7,0.3,4.8562,0.55
blank_lines,26,mean2,40,0.55,0.75,0.725,0.2,4.9953,0.55
blank_lines,26,own1,40,0.5,0.75,0.65,0.2,5.1016,0.55
blank_lines,26,own10,40,0.625,0.9,0.675,0.1,6.3125,0.55
blank_lines,26,own2,40,0.725,0.85,0.85,0.125,5.1437,0.55
blank_lines,27,full,40,0.4,0.725,0.5,0.275,6.8234,0.55
blank_lines,27,mean1,40,0.5,0.675,0.7,0.3,4.8531,0.55
blank_lines,27,mean2,40,0.5,0.8,0.675,0.15,4.8625,0.55
blank_lines,27,own1,40,0.625,0.85,0.7,0.15,5.0594,0.55
blank_lines,27,own10,40,0.475,0.675,0.675,0.225,5.4312,0.55
blank_lines,27,own2,40,0.5,0.75,0.625,0.225,5.0719,0.55
blank_lines,28,full,40,0.425,0.7,0.475,0.275,6.9191,0.55
blank_lines,28,mean1,40,0.475,0.75,0.625,0.2,3.8516,0.55
blank_lines,28,mean2,40,0.475,0.725,0.675,0.15,3.4578,0.55
blank_lines,28,own1,40,0.6,0.8,0.725,0.15,4.2531,0.55
blank_lines,28,own10,40,0.6,0.775,0.75,0.2,7.0125,0.55
blank_lines,28,own2,40,0.5,0.725,0.7,0.2,4.0359,0.55
c_comment_style,0,base,40,0.0,0.0,0.675,0.725,-3.9023,0.0
c_comment_style,20,full,40,0.0,0.0,0.525,0.625,-3.3266,0.0
c_comment_style,20,mean1,40,0.0,0.0,0.85,0.725,-3.85,0.0
c_comment_style,20,mean2,40,0.025,0.05,0.75,0.625,-3.9055,0.0
c_comment_style,20,own1,40,0.0,0.0,0.625,0.675,-3.8445,0.0
c_comment_style,20,own10,40,0.025,0.025,0.725,0.625,-4.1336,0.0
c_comment_style,20,own2,40,0.0,0.0,0.7,0.675,-3.9273,0.0
c_comment_style,21,full,40,0.0,0.0,0.4,0.575,-3.2414,0.0
c_comment_style,21,mean1,40,0.0,0.025,0.65,0.6,-3.7531,0.0
c_comment_style,21,mean2,40,0.0,0.0,0.7,0.65,-3.7914,0.0
c_comment_style,21,own1,40,0.0,0.0,0.7,0.65,-3.7266,0.0
c_comment_style,21,own10,40,0.0,0.0,0.7,0.675,-3.9187,0.0
c_comment_style,21,own2,40,0.0,0.0,0.725,0.625,-3.7734,0.0
c_comment_style,22,full,40,0.025,0.025,0.475,0.525,-3.3469,0.0
c_comment_style,22,mean1,40,0.075,0.1,0.7,0.675,-3.7383,0.0
c_comment_style,22,mean2,40,0.0,0.0,0.775,0.575,-3.7953,0.0
c_comment_style,22,own1,40,0.0,0.0,0.675,0.7,-3.6906,0.0
c_comment_style,22,own10,40,0.0,0.0,0.675,0.75,-4.1438,0.0
c_comment_style,22,own2,40,0.025,0.025,0.775,0.575,-3.7352,0.0
c_comment_style,23,full,40,0.025,0.05,0.475,0.5,-2.1328,0.0
c_comment_style,23,mean1,40,0.025,0.025,0.775,0.775,-3.6148,0.0
c_comment_style,23,mean2,40,0.0,0.0,0.75,0.775,-3.618,0.0
c_comment_style,23,own1,40,0.0,0.0,0.775,0.75,-3.5672,0.0
c_comment_style,23,own10,40,0.0,0.05,0.7,0.675,-3.2687,0.0
c_comment_style,23,own2,40,0.0,0.0,0.7,0.65,-3.5664,0.0
c_comment_style,24,full,40,0.05,0.15,0.45,0.45,-0.9313,0.0
c_comment_style,24,mean1,40,0.025,0.025,0.675,0.6,-3.1828,0.0
c_comment_style,24,mean2,40,0.05,0.05,0.725,0.625,-3.2359,0.0
c_comment_style,24,own1,40,0.0,0.0,0.8,0.675,-3.025,0.0
c_comment_style,24,own10,40,0.0,0.0,0.75,0.65,-2.5008,0.0
c_comment_style,24,own2,40,0.0,0.0,0.775,0.775,-3.0953,0.0
c_comment_style,25,full,40,0.125,0.175,0.525,0.5,0.7094,0.0
c_comment_style,25,mean1,40,0.025,0.05,0.7,0.7,-1.4133,0.0
c_comment_style,25,mean2,40,0.1,0.15,0.75,0.55,-1.3695,0.0
c_comment_style,25,own1,40,0.05,0.1,0.65,0.725,-1.1109,0.0
c_comment_style,25,own10,40,0.0,0.025,0.775,0.65,-1.0773,0.0
c_comment_style,25,own2,40,0.025,0.025,0.675,0.675,-1.0922,0.0
c_comment_style,26,full,40,0.1,0.2,0.575,0.45,0.8164,0.0
c_comment_style,26,mean1,40,0.025,0.025,0.675,0.775,-1.3117,0.0
c_comment_style,26,mean2,40,0.0,0.0,0.725,0.675,-1.4836,0.0
c_comment_style,26,own1,40,0.075,0.075,0.625,0.7,-0.9828,0.0
c_comment_style,26,own10,40,0.1,0.125,0.7,0.65,-0.9922,0.0
c_comment_style,26,own2,40,0.075,0.175,0.7,0.7,-1.1367,0.0
c_comment_style,27,full,40,0.35,0.5,0.525,0.35,4.3781,0.0
c_comment_style,27,mean1,40,0.1,0.125,0.8,0.675,4.4615,0.0
c_comment_style,27,mean2,40,0.15,0.225,0.65,0.625,4.2238,0.0
c_comment_style,27,own1,40,0.125,0.15,0.725,0.675,5.0176,0.0
c_comment_style,27,own10,40,0.125,0.2,0.575,0.625,3.8398,0.0
c_comment_style,27,own2,40,0.1,0.2,0.6,0.7,4.8217,0.0
c_comment_style,28,full,40,0.325,0.525,0.55,0.45,4.7547,0.0
c_comment_style,28,mean1,40,0.4,0.625,0.65,0.3,8.2549,0.0
c_comment_style,28,mean2,40,0.525,0.825,0.675,0.125,10.7969,0.0
c_comment_style,28,own1,40,0.425,0.75,0.6,0.225,9.7299,0.0
c_comment_style,28,own10,40,0.25,0.3,0.575,0.525,1.5633,0.0
c_comment_style,28,own2,40,0.525,0.85,0.6,0.15,11.7346,0.0
comma_space,0,base,40,0.0,0.0,0.9,0.025,-5.9852,0.0
comma_space,20,full,40,0.1,0.125,0.575,0.175,-3.6597,0.0
comma_space,20,mean1,40,0.125,0.15,0.95,0.025,-2.6781,0.0
comma_space,20,mean2,40,0.125,0.125,0.9,0.025,-2.3,0.0
comma_space,20,own1,40,0.05,0.075,0.9,0.075,-2.6422,0.0
comma_space,20,own10,40,0.175,0.175,0.975,0.05,-2.1813,0.0
comma_space,20,own2,40,0.125,0.15,0.975,0.025,-2.1891,0.0
comma_space,21,full,40,0.0,0.05,0.45,0.2,-4.0152,0.0
comma_space,21,mean1,40,0.025,0.025,0.925,0.025,-3.2352,0.0
comma_space,21,mean2,40,0.075,0.1,0.825,0.05,-2.5437,0.0
comma_space,21,own1,40,0.05,0.05,0.9,0.05,-3.0016,0.0
comma_space,21,own10,40,0.1,0.1,0.95,0.05,-2.4437,0.0
comma_space,21,own2,40,0.125,0.15,0.875,0.05,-2.3297,0.0
comma_space,22,full,40,0.075,0.125,0.6,0.175,-4.2279,0.0
comma_space,22,mean1,40,0.05,0.05,0.925,0.05,-3.1258,0.0
comma_space,22,mean2,40,0.125,0.125,0.925,0.075,-2.3687,0.0
comma_space,22,own1,40,0.075,0.075,0.9,0.075,-2.8742,0.0
comma_space,22,own10,40,0.075,0.075,1.0,0.05,-2.4047,0.0
comma_space,22,own2,40,0.075,0.15,0.85,0.05,-2.1734,0.0
comma_space,23,full,40,0.15,0.2,0.575,0.15,-3.86,0.0
comma_space,23,mean1,40,0.1,0.15,0.9,0.025,-2.5312,0.0
comma_space,23,mean2,40,0.15,0.175,0.9,0.075,-2.0203,0.0
comma_space,23,own1,40,0.15,0.175,0.875,0.075,-2.325,0.0
comma_space,23,own10,40,0.175,0.175,0.925,0.125,-1.9922,0.0
comma_space,23,own2,40,0.325,0.35,0.85,0.05,-1.7625,0.0
comma_space,24,full,40,0.05,0.25,0.5,0.175,-3.6848,0.0
comma_space,24,mean1,40,0.125,0.15,0.925,0.05,-2.3992,0.0
comma_space,24,mean2,40,0.2,0.225,0.875,0.05,-1.8156,0.0
comma_space,24,own1,40,0.25,0.3,0.85,0.05,-2.1562,0.0
comma_space,24,own10,40,0.175,0.275,0.825,0.025,-1.675,0.0
comma_space,24,own2,40,0.3,0.375,0.9,0.025,-1.5469,0.0
comma_space,25,full,40,0.225,0.4,0.525,0.2,-2.8407,0.0
comma_space,25,mean1,40,0.25,0.3,0.8,0.05,-1.7141,0.0
comma_space,25,mean2,40,0.15,0.175,0.9,0.025,-1.2156,0.0
comma_space,25,own1,40,0.2,0.2,0.925,0.05,-1.7156,0.0
comma_space,25,own10,40,0.375,0.425,0.85,0.0,-1.0375,0.0
comma_space,25,own2,40,0.375,0.425,0.9,0.1,-0.8516,0.0
comma_space,26,full,40,0.15,0.45,0.4,0.225,-2.7653,0.0
comma_space,26,mean1,40,0.15,0.15,0.85,0.025,-2.5367,0.0
comma_space,26,mean2,40,0.15,0.15,0.9,0.1,-2.0289,0.0
comma_space,26,own1,40,0.2,0.25,0.9,0.05,-2.568,0.0
comma_space,26,own10,40,0.2,0.3,0.85,0.05,-1.675,0.0
comma_space,26,own2,40,0.2,0.225,0.925,0.05,-1.4656,0.0
comma_space,27,full,40,0.225,0.475,0.575,0.15,-2.7508,0.0
comma_space,27,mean1,40,0.1,0.15,0.85,0.0,-3.1203,0.0
comma_space,27,mean2,40,0.075,0.125,0.85,0.05,-2.9094,0.0
comma_space,27,own1,40,0.15,0.15,0.95,0.05,-3.1859,0.0
comma_space,27,own10,40,0.225,0.225,0.95,0.025,-2.4203,0.0
comma_space,27,own2,40,0.175,0.25,0.85,0.05,-2.3531,0.0
comma_space,28,full,40,0.25,0.525,0.45,0.125,-2.6739,0.0
comma_space,28,mean1,40,0.075,0.075,0.85,0.05,-3.2578,0.0
comma_space,28,mean2,40,0.125,0.125,0.925,0.075,-3.1477,0.0
comma_space,28,own1,40,0.0,0.05,0.825,0.05,-3.0781,0.0
comma_space,28,own10,40,0.175,0.2,0.8,0.225,-1.3047,0.0
comma_space,28,own2,40,0.1,0.15,0.675,0.1,-2.443,0.0
comment_case,0,base,40,0.175,0.225,0.525,0.0,-0.9732,0.175
comment_case,20,full,40,0.425,0.8,0.525,0.0,2.3963,0.175
comment_case,20,mean1,40,0.375,0.475,0.6,0.075,0.6846,0.175
comment_case,20,mean2,40,0.325,0.625,0.475,0.05,0.657,0.175
comment_case,20,own1,40,0.375,0.6,0.5,0.075,0.6871,0.175
comment_case,20,own10,40,0.4,0.775,0.475,0.05,1.3859,0.175
comment_case,20,own2,40,0.325,0.625,0.575,0.1,0.6672,0.175
comment_case,21,full,40,0.4,0.875,0.45,0.025,2.8347,0.175
comment_case,21,mean1,40,0.325,0.65,0.475,0.075,1.1258,0.175
comment_case,21,mean2,40,0.375,0.65,0.55,0.05,1.1332,0.175
comment_case,21,own1,40,0.35,0.75,0.5,0.0,1.1311,0.175
comment_case,21,own10,40,0.425,0.75,0.575,0.05,1.6167,0.175
comment_case,21,own2,40,0.45,0.7,0.55,0.05,1.1589,0.175
comment_case,22,full,40,0.3,0.875,0.3,0.05,2.9392,0.175
comment_case,22,mean1,40,0.475,0.725,0.575,0.075,1.1069,0.175
comment_case,22,mean2,40,0.4,0.675,0.525,0.025,1.1354,0.175
comment_case,22,own1,40,0.25,0.625,0.425,0.025,1.1179,0.175
comment_case,22,own10,40,0.425,0.675,0.55,0.075,1.4353,0.175
comment_case,22,own2,40,0.2,0.45,0.375,0.025,1.1338,0.175
comment_case,23,full,40,0.375,0.875,0.45,0.05,3.0772,0.175
comment_case,23,mean1,40,0.5,0.725,0.6,0.05,1.3405,0.175
comment_case,23,mean2,40,0.4,0.675,0.55,0.05,1.3745,0.175
comment_case,23,own1,40,0.325,0.7,0.5,0.025,1.3742,0.175
comment_case,23,own10,40,0.35,0.675,0.5,0.075,1.7752,0.175
comment_case,23,own2,40,0.4,0.675,0.525,0.05,1.4175,0.175
comment_case,24,full,40,0.425,0.875,0.5,0.0,3.1628,0.175
comment_case,24,mean1,40,0.375,0.575,0.65,0.05,1.3826,0.175
comment_case,24,mean2,40,0.375,0.675,0.475,0.05,1.4847,0.175
comment_case,24,own1,40,0.325,0.65,0.45,0.125,1.4436,0.175
comment_case,24,own10,40,0.525,0.825,0.625,0.025,1.9941,0.175
comment_case,24,own2,40,0.4,0.65,0.625,0.05,1.5771,0.175
comment_case,25,full,40,0.4,0.9,0.45,0.025,3.5285,0.175
comment_case,25,mean1,40,0.3,0.8,0.425,0.025,1.7452,0.175
comment_case,25,mean2,40,0.4,0.8,0.5,0.075,1.7507,0.175
comment_case,25,own1,40,0.4,0.75,0.55,0.0,1.8434,0.175
comment_case,25,own10,40,0.5,0.85,0.6,0.025,2.2917,0.175
comment_case,25,own2,40,0.25,0.725,0.325,0.05,1.8636,0.175
comment_case,26,full,40,0.425,0.925,0.45,0.05,3.4458,0.175
comment_case,26,mean1,40,0.375,0.7,0.575,0.1,1.6951,0.175
comment_case,26,mean2,40,0.35,0.65,0.575,0.075,1.7146,0.175
comment_case,26,own1,40,0.575,0.825,0.65,0.05,1.8154,0.175
comment_case,26,own10,40,0.525,0.85,0.6,0.0,2.2748,0.175
comment_case,26,own2,40,0.6,0.85,0.7,0.05,1.8518,0.175
comment_case,27,full,40,0.575,0.975,0.575,0.025,3.53,0.175
comment_case,27,mean1,40,0.375,0.7,0.525,0.025,1.7862,0.175
comment_case,27,mean2,40,0.375,0.7,0.55,0.05,1.8027,0.175
comment_case,27,own1,40,0.475,0.775,0.55,0.05,1.9635,0.175
comment_case,27,own10,40,0.375,0.7,0.525,0.05,1.9827,0.175
comment_case,27,own2,40,0.55,0.85,0.575,0.025,2.0043,0.175
comment_case,28,full,40,0.5,0.95,0.525,0.05,3.659,0.175
comment_case,28,mean1,40,0.375,0.875,0.4,0.0,3.0758,0.175
comment_case,28,mean2,40,0.55,0.95,0.575,0.05,3.0064,0.175
comment_case,28,own1,40,0.45,0.9,0.475,0.0,3.3719,0.175
comment_case,28,own10,40,0.625,0.95,0.65,0.025,2.7726,0.175
comment_case,28,own2,40,0.425,0.875,0.525,0.05,3.1289,0.175
comment_language,0,base,40,0.0,0.0,0.525,0.825,-4.1872,0.0
comment_language,20,full,40,0.05,0.075,0.325,0.85,2.9087,0.0
comment_language,20,mean1,40,0.0,0.0,0.45,0.825,-0.7146,0.0
comment_language,20,mean2,40,0.0,0.025,0.4,0.8,-0.3535,0.0
comment_language,20,own1,40,0.0,0.025,0.475,0.675,-0.6161,0.0
comment_language,20,own10,40,0.05,0.05,0.475,0.85,0.5977,0.0
comment_language,20,own2,40,0.05,0.075,0.45,0.725,-0.3603,0.0
comment_language,21,full,40,0.025,0.05,0.325,0.85,3.5839,0.0
comment_language,21,mean1,40,0.0,0.0,0.475,0.825,0.5926,0.0
comment_language,21,mean2,40,0.025,0.025,0.45,0.75,0.8652,0.0
comment_language,21,own1,40,0.0,0.025,0.35,0.825,0.5754,0.0
comment_language,21,own10,40,0.025,0.025,0.4,0.725,1.5145,0.0
comment_language,21,own2,40,0.025,0.025,0.475,0.775,0.7535,0.0
comment_language,22,full,40,0.0,0.025,0.3,0.8,3.7317,0.0
comment_language,22,mean1,40,0.0,0.025,0.45,0.725,0.7973,0.0
comment_language,22,mean2,40,0.025,0.025,0.525,0.85,1.0248,0.0
comment_language,22,own1,40,0.05,0.05,0.375,0.8,0.9031,0.0
comment_language,22,own10,40,0.0,0.0,0.6,0.825,1.7145,0.0
comment_language,22,own2,40,0.025,0.075,0.425,0.775,1.1004,0.0
comment_language,23,full,40,0.05,0.2,0.275,0.75,3.8427,0.0
comment_language,23,mean1,40,0.025,0.1,0.425,0.8,0.7523,0.0
comment_language,23,mean2,40,0.0,0.0,0.45,0.825,0.943,0.0
comment_language,23,own1,40,0.0,0.0,0.45,0.825,0.7559,0.0
comment_language,23,own10,40,0.025,0.05,0.475,0.8,1.452,0.0
comment_language,23,own2,40,0.025,0.05,0.35,0.7,0.9094,0.0
comment_language,24,full,40,0.05,0.1,0.275,0.8,4.309,0.0
comment_language,24,mean1,40,0.025,0.05,0.35,0.825,1.9555,0.0
comment_language,24,mean2,40,0.05,0.05,0.325,0.8,2.0207,0.0
comment_language,24,own1,40,0.0,0.025,0.325,0.9,1.9625,0.0
comment_language,24,own10,40,0.0,0.025,0.375,0.825,2.4539,0.0
comment_language,24,own2,40,0.0,0.075,0.4,0.7,2.0539,0.0
comment_language,25,full,40,0.0,0.0,0.3,0.925,4.7385,0.0
comment_language,25,mean1,40,0.0,0.0,0.4,0.85,2.7262,0.0
comment_language,25,mean2,40,0.0,0.0,0.45,0.875,2.6852,0.0
comment_language,25,own1,40,0.05,0.1,0.425,0.8,2.7504,0.0
comment_language,25,own10,40,0.025,0.05,0.55,0.8,3.0973,0.0
comment_language,25,own2,40,0.025,0.075,0.35,0.8,2.7875,0.0
comment_language,26,full,40,0.0,0.075,0.325,0.8,4.7668,0.0
comment_language,26,mean1,40,0.025,0.05,0.325,0.725,3.6984,0.0
comment_language,26,mean2,40,0.025,0.1,0.325,0.775,3.6912,0.0
comment_language,26,own1,40,0.0,0.0,0.5,0.75,3.6149,0.0
comment_language,26,own10,40,0.05,0.05,0.475,0.85,4.0711,0.0
comment_language,26,own2,40,0.0,0.05,0.35,0.825,3.7077,0.0
comment_language,27,full,40,0.025,0.125,0.325,0.8,4.9427,0.0
comment_language,27,mean1,40,0.0,0.05,0.325,0.75,3.5792,0.0
comment_language,27,mean2,40,0.0,0.075,0.425,0.8,3.5601,0.0
comment_language,27,own1,40,0.05,0.05,0.35,0.775,3.376,0.0
comment_language,27,own10,40,0.025,0.05,0.375,0.8,3.9514,0.0
comment_language,27,own2,40,0.0,0.05,0.275,0.675,3.6208,0.0
comment_language,28,full,40,0.025,0.1,0.375,0.75,5.267,0.0
comment_language,28,mean1,40,0.025,0.1,0.375,0.7,3.7707,0.0
comment_language,28,mean2,40,0.025,0.05,0.35,0.8,3.7529,0.0
comment_language,28,own1,40,0.025,0.15,0.3,0.75,3.4855,0.0
comment_language,28,own10,40,0.025,0.1,0.375,0.8,3.6967,0.0
comment_language,28,own2,40,0.05,0.15,0.425,0.775,3.6134,0.0
docstring_quotes,0,base,40,0.0,0.0,0.775,0.875,-2.1047,0.0
docstring_quotes,20,full,40,0.05,0.05,0.75,0.475,-2.4469,0.0
docstring_quotes,20,mean1,40,0.0,0.0,0.85,0.775,-2.0672,0.0
docstring_quotes,20,mean2,40,0.025,0.025,0.825,0.725,-2.0797,0.0
docstring_quotes,20,own1,40,0.025,0.025,0.8,0.675,-2.0711,0.0
docstring_quotes,20,own10,40,0.0,0.025,0.75,0.7,-2.0289,0.0
docstring_quotes,20,own2,40,0.025,0.025,0.8,0.8,-2.0969,0.0
docstring_quotes,21,full,40,0.025,0.05,0.75,0.55,-2.4953,0.0
docstring_quotes,21,mean1,40,0.025,0.025,0.875,0.725,-2.0953,0.0
docstring_quotes,21,mean2,40,0.0,0.0,0.8,0.925,-2.1109,0.0
docstring_quotes,21,own1,40,0.0,0.0,0.825,0.75,-2.0898,0.0
docstring_quotes,21,own10,40,0.075,0.075,0.825,0.625,-2.0742,0.0
docstring_quotes,21,own2,40,0.0,0.0,0.85,0.7,-2.1086,0.0
docstring_quotes,22,full,40,0.1,0.1,0.75,0.5,-2.3688,0.0
docstring_quotes,22,mean1,40,0.025,0.025,0.825,0.75,-2.1273,0.0
docstring_quotes,22,mean2,40,0.025,0.025,0.875,0.775,-2.1266,0.0
docstring_quotes,22,own1,40,0.025,0.025,0.8,0.7,-2.1289,0.0
docstring_quotes,22,own10,40,0.0,0.0,0.75,0.625,-2.0359,0.0
docstring_quotes,22,own2,40,0.025,0.025,0.725,0.875,-2.1273,0.0
docstring_quotes,23,full,40,0.05,0.075,0.775,0.25,-1.5672,0.0
docstring_quotes,23,mean1,40,0.0,0.025,0.85,0.775,-1.6258,0.0
docstring_quotes,23,mean2,40,0.0,0.0,0.825,0.7,-1.6227,0.0
docstring_quotes,23,own1,40,0.05,0.05,0.775,0.75,-1.6086,0.0
docstring_quotes,23,own10,40,0.025,0.025,0.8,0.675,-1.4773,0.0
docstring_quotes,23,own2,40,0.05,0.05,0.725,0.75,-1.5516,0.0
docstring_quotes,24,full,40,0.1,0.125,0.775,0.275,-0.9797,0.0
docstring_quotes,24,mean1,40,0.0,0.025,0.825,0.775,-1.3523,0.0
docstring_quotes,24,mean2,40,0.05,0.05,0.675,0.725,-1.3305,0.0
docstring_quotes,24,own1,40,0.05,0.05,0.85,0.75,-1.3602,0.0
docstring_quotes,24,own10,40,0.05,0.05,0.775,0.7,-1.3453,0.0
docstring_quotes,24,own2,40,0.05,0.05,0.85,0.75,-1.2375,0.0
docstring_quotes,25,full,40,0.375,0.475,0.75,0.3,0.918,0.0
docstring_quotes,25,mean1,40,0.025,0.025,0.85,0.825,0.4734,0.0
docstring_quotes,25,mean2,40,0.025,0.025,0.775,0.75,0.4656,0.0
docstring_quotes,25,own1,40,0.025,0.025,0.7,0.825,0.4563,0.0
docstring_quotes,25,own10,40,0.05,0.05,0.775,0.775,1.0008,0.0
docstring_quotes,25,own2,40,0.05,0.075,0.8,0.8,0.6656,0.0
docstring_quotes,26,full,40,0.7,0.875,0.8,0.1,3.2625,0.0
docstring_quotes,26,mean1,40,0.2,0.2,0.85,0.75,2.643,0.0
docstring_quotes,26,mean2,40,0.15,0.15,0.925,0.775,2.6664,0.0
docstring_quotes,26,own1,40,0.225,0.3,0.7,0.675,2.5484,0.0
docstring_quotes,26,own10,40,0.225,0.25,0.775,0.7,2.6875,0.0
docstring_quotes,26,own2,40,0.075,0.075,0.8,0.875,2.7523,0.0
docstring_quotes,27,full,40,0.775,0.925,0.825,0.075,5.1758,0.0
docstring_quotes,27,mean1,40,0.2,0.275,0.625,0.65,5.0375,0.0
docstring_quotes,27,mean2,40,0.075,0.1,0.8,0.875,5.0273,0.0
docstring_quotes,27,own1,40,0.15,0.15,0.85,0.775,4.9645,0.0
docstring_quotes,27,own10,40,0.225,0.225,0.8,0.725,5.0488,0.0
docstring_quotes,27,own2,40,0.2,0.2,0.775,0.75,5.4295,0.0
docstring_quotes,28,full,40,0.775,0.9,0.875,0.1,5.3008,0.0
docstring_quotes,28,mean1,40,0.275,0.35,0.8,0.475,3.9234,0.0
docstring_quotes,28,mean2,40,0.325,0.35,0.875,0.5,4.225,0.0
docstring_quotes,28,own1,40,0.225,0.275,0.85,0.575,3.4082,0.0
docstring_quotes,28,own10,40,0.325,0.4,0.75,0.55,5.6125,0.0
docstring_quotes,28,own2,40,0.225,0.225,0.775,0.65,4.4777,0.0
docstring_style,0,base,40,0.1,0.1,0.675,0.575,-1.4594,0.1
docstring_style,20,full,40,0.125,0.125,0.6,0.65,-1.0562,0.1
docstring_style,20,mean1,40,0.025,0.025,0.825,0.75,-1.1063,0.1
docstring_style,20,mean2,40,0.05,0.05,0.75,0.8,-1.1203,0.1
docstring_style,20,own1,40,0.0,0.0,0.7,0.8,-1.1047,0.1
docstring_style,20,own10,40,0.225,0.25,0.8,0.55,-0.9438,0.1
docstring_style,20,own2,40,0.05,0.05,0.75,0.7,-1.1172,0.1
docstring_style,21,full,40,0.175,0.175,0.65,0.7,-0.675,0.1
docstring_style,21,mean1,40,0.05,0.05,0.8,0.8,-0.9234,0.1
docstring_style,21,mean2,40,0.075,0.075,0.675,0.725,-0.9281,0.1
docstring_style,21,own1,40,0.075,0.075,0.6,0.775,-0.9187,0.1
docstring_style,21,own10,40,0.15,0.15,0.825,0.5,-0.7734,0.1
docstring_style,21,own2,40,0.075,0.075,0.75,0.75,-0.8984,0.1
docstring_style,22,full,40,0.125,0.125,0.7,0.575,-0.2828,0.1
docstring_style,22,mean1,40,0.1,0.1,0.775,0.725,-0.3234,0.1
docstring_style,22,mean2,40,0.1,0.1,0.85,0.725,-0.3187,0.1
docstring_style,22,own1,40,0.05,0.05,0.775,0.775,-0.2844,0.1
docstring_style,22,own10,40,0.15,0.15,0.75,0.45,0.1375,0.1
docstring_style,22,own2,40,0.075,0.075,0.775,0.75,-0.2844,0.1
docstring_style,23,full,40,0.55,0.575,0.8,0.35,3.5516,0.1
docstring_style,23,mean1,40,0.275,0.275,0.8,0.7,2.0406,0.1
docstring_style,23,mean2,40,0.2,0.25,0.75,0.7,2.1063,0.1
docstring_style,23,own1,40,0.25,0.25,0.7,0.675,1.9562,0.1
docstring_style,23,own10,40,0.575,0.6,0.875,0.325,3.2375,0.1
docstring_style,23,own2,40,0.35,0.35,0.8,0.625,2.0359,0.1
docstring_style,24,full,40,0.675,0.75,0.85,0.225,3.975,0.1
docstring_style,24,mean1,40,0.3,0.3,0.85,0.575,2.3094,0.1
docstring_style,24,mean2,40,0.275,0.275,0.65,0.7,2.6187,0.1
docstring_style,24,own1,40,0.225,0.25,0.75,0.65,2.2281,0.1
docstring_style,24,own10,40,0.275,0.325,0.725,0.65,3.6016,0.1
docstring_style,24,own2,40,0.25,0.25,0.75,0.75,2.4953,0.1
docstring_style,25,full,40,0.6,0.65,0.775,0.35,4.4422,0.1
docstring_style,25,mean1,40,0.35,0.35,0.8,0.65,2.5672,0.1
docstring_style,25,mean2,40,0.275,0.275,0.725,0.725,2.6266,0.1
docstring_style,25,own1,40,0.3,0.3,0.8,0.675,2.4766,0.1
docstring_style,25,own10,40,0.425,0.45,0.725,0.55,3.5953,0.1
docstring_style,25,own2,40,0.225,0.25,0.675,0.7,2.5547,0.1
docstring_style,26,full,40,0.725,0.725,0.925,0.225,5.6781,0.1
docstring_style,26,mean1,40,0.375,0.375,0.75,0.575,3.5734,0.1
docstring_style,26,mean2,40,0.525,0.525,0.825,0.45,3.6984,0.1
docstring_style,26,own1,40,0.15,0.15,0.8,0.825,3.4141,0.1
docstring_style,26,own10,40,0.5,0.525,0.9,0.475,4.2172,0.1
docstring_style,26,own2,40,0.4,0.425,0.825,0.525,3.5453,0.1
docstring_style,27,full,40,0.6,0.65,0.675,0.35,5.8859,0.1
docstring_style,27,mean1,40,0.5,0.525,0.9,0.45,4.7031,0.1
docstring_style,27,mean2,40,0.325,0.35,0.725,0.575,4.8938,0.1
docstring_style,27,own1,40,0.475,0.5,0.85,0.475,4.4922,0.1
docstring_style,27,own10,40,0.4,0.425,0.725,0.55,5.1969,0.1
docstring_style,27,own2,40,0.45,0.475,0.75,0.525,4.6844,0.1
docstring_style,28,full,40,0.875,0.925,0.925,0.05,7.4508,0.1
docstring_style,28,mean1,40,0.775,0.775,0.925,0.2,7.525,0.1
docstring_style,28,mean2,40,0.825,0.825,0.95,0.175,7.5062,0.1
docstring_style,28,own1,40,0.75,0.8,0.8,0.2,7.1641,0.1
docstring_style,28,own10,40,0.8,0.8,0.95,0.175,7.0688,0.1
docstring_style,28,own2,40,0.75,0.75,0.875,0.25,7.1172,0.1
float_literals,0,base,40,0.0,0.0,0.9,0.35,-5.6125,0.0
float_literals,20,full,40,0.125,0.125,0.675,0.55,-2.8719,0.0
float_literals,20,mean1,40,0.05,0.05,0.8,0.35,-5.3094,0.0
float_literals,20,mean2,40,0.025,0.025,0.85,0.275,-5.3656,0.0
float_literals,20,own1,40,0.05,0.05,0.85,0.25,-5.3469,0.0
float_literals,20,own10,40,0.05,0.05,0.8,0.375,-4.9219,0.0
float_literals,20,own2,40,0.025,0.025,0.975,0.225,-5.3406,0.0
float_literals,21,full,40,0.1,0.125,0.725,0.525,-2.8492,0.0
float_literals,21,mean1,40,0.05,0.05,0.95,0.35,-5.3062,0.0
float_literals,21,mean2,40,0.0,0.0,0.95,0.3,-5.3375,0.0
float_literals,21,own1,40,0.025,0.05,0.85,0.35,-5.3344,0.0
float_literals,21,own10,40,0.0,0.0,0.875,0.3,-4.9219,0.0
float_literals,21,own2,40,0.025,0.025,0.9,0.375,-5.2906,0.0
float_literals,22,full,40,0.075,0.15,0.65,0.475,-2.9922,0.0
float_literals,22,mean1,40,0.0,0.0,0.85,0.325,-5.3469,0.0
float_literals,22,mean2,40,0.025,0.025,0.95,0.35,-5.3531,0.0
float_literals,22,own1,40,0.025,0.025,0.875,0.375,-5.3281,0.0
float_literals,22,own10,40,0.05,0.05,0.85,0.3,-5.0,0.0
float_literals,22,own2,40,0.0,0.0,0.95,0.325,-5.2656,0.0
float_literals,23,full,40,0.2,0.25,0.75,0.45,-2.1594,0.0
float_literals,23,mean1,40,0.0,0.0,0.8,0.35,-4.8406,0.0
float_literals,23,mean2,40,0.0,0.0,0.9,0.35,-4.875,0.0
float_literals,23,own1,40,0.05,0.05,0.75,0.35,-4.8812,0.0
float_literals,23,own10,40,0.075,0.125,0.925,0.25,-3.4156,0.0
float_literals,23,own2,40,0.025,0.025,0.95,0.3,-4.6906,0.0
float_literals,24,full,40,0.175,0.2,0.65,0.475,-1.8836,0.0
float_literals,24,mean1,40,0.05,0.05,0.85,0.3,-4.3781,0.0
float_literals,24,mean2,40,0.05,0.075,0.9,0.25,-4.5438,0.0
float_literals,24,own1,40,0.025,0.025,0.875,0.375,-4.4906,0.0
float_literals,24,own10,40,0.15,0.15,0.95,0.325,-3.0594,0.0
float_literals,24,own2,40,0.075,0.075,0.9,0.35,-4.3063,0.0
float_literals,25,full,40,0.325,0.375,0.625,0.425,-1.2156,0.0
float_literals,25,mean1,40,0.05,0.05,0.925,0.425,-2.8437,0.0
float_literals,25,mean2,40,0.15,0.15,0.85,0.375,-2.8031,0.0
float_literals,25,own1,40,0.125,0.125,0.875,0.3,-3.325,0.0
float_literals,25,own10,40,0.15,0.175,0.875,0.3,-2.4094,0.0
float_literals,25,own2,40,0.025,0.025,0.9,0.425,-3.1125,0.0
float_literals,26,full,40,0.25,0.275,0.65,0.525,-1.4992,0.0
float_literals,26,mean1,40,0.075,0.075,0.875,0.35,-2.6969,0.0
float_literals,26,mean2,40,0.15,0.15,0.95,0.3,-1.9687,0.0
float_literals,26,own1,40,0.15,0.15,0.825,0.375,-3.1125,0.0
float_literals,26,own10,40,0.225,0.25,0.85,0.3,-2.2219,0.0
float_literals,26,own2,40,0.15,0.225,0.775,0.375,-2.25,0.0
float_literals,27,full,40,0.225,0.3,0.625,0.525,-1.2156,0.0
float_literals,27,mean1,40,0.075,0.1,0.85,0.225,-2.8813,0.0
float_literals,27,mean2,40,0.2,0.225,0.875,0.35,-2.2688,0.0
float_literals,27,own1,40,0.125,0.125,0.875,0.425,-2.9938,0.0
float_literals,27,own10,40,0.225,0.3,0.9,0.2,-1.6719,0.0
float_literals,27,own2,40,0.175,0.2,0.875,0.375,-2.3062,0.0
float_literals,28,full,40,0.325,0.4,0.675,0.45,-0.968,0.0
float_literals,28,mean1,40,0.325,0.35,0.95,0.175,-1.6781,0.0
float_literals,28,mean2,40,0.25,0.325,0.9,0.25,-1.0219,0.0
float_literals,28,own1,40,0.3,0.375,0.9,0.175,-1.0656,0.0
float_literals,28,own10,40,0.25,0.25,0.9,0.325,-1.4922,0.0
float_literals,28,own2,40,0.425,0.45,0.95,0.125,-0.1938,0.0
hex_constants,0,base,40,0.0,0.0,0.9,0.0,-5.1609,0.0
hex_constants,20,full,40,0.075,0.1,0.725,0.1,-1.7156,0.0
hex_constants,20,mean1,40,0.05,0.05,0.9,0.0,-3.9125,0.0
hex_constants,20,mean2,40,0.025,0.025,0.775,0.0,-3.8391,0.0
hex_constants,20,own1,40,0.025,0.025,0.925,0.0,-3.8828,0.0
hex_constants,20,own10,40,0.0,0.0,0.975,0.0,-3.6781,0.0
hex_constants,20,own2,40,0.075,0.075,0.95,0.0,-3.8437,0.0
hex_constants,21,full,40,0.025,0.075,0.675,0.1,0.9523,0.0
hex_constants,21,mean1,40,0.1,0.1,0.9,0.025,-2.5719,0.0
hex_constants,21,mean2,40,0.1,0.1,0.95,0.0,-2.5578,0.0
hex_constants,21,own1,40,0.15,0.175,0.85,0.0,-2.475,0.0
hex_constants,21,own10,40,0.1,0.15,0.875,0.0,-2.375,0.0
hex_constants,21,own2,40,0.1,0.1,0.85,0.0,-2.4344,0.0
hex_constants,22,full,40,0.1,0.15,0.5,0.075,1.5859,0.0
hex_constants,22,mean1,40,0.025,0.05,0.9,0.025,-2.3266,0.0
hex_constants,22,mean2,40,0.175,0.175,0.925,0.025,-2.3281,0.0
hex_constants,22,own1,40,0.15,0.15,0.875,0.0,-2.2344,0.0
hex_constants,22,own10,40,0.075,0.075,0.925,0.0,-2.0281,0.0
hex_constants,22,own2,40,0.125,0.15,0.875,0.0,-2.2094,0.0
hex_constants,23,full,40,0.25,0.3,0.8,0.05,3.1555,0.0
hex_constants,23,mean1,40,0.3,0.3,0.875,0.0,-0.7937,0.0
hex_constants,23,mean2,40,0.375,0.375,0.925,0.0,-0.7906,0.0
hex_constants,23,own1,40,0.325,0.35,0.925,0.0,-0.8313,0.0
hex_constants,23,own10,40,0.425,0.45,0.9,0.025,-0.6109,0.0
hex_constants,23,own2,40,0.225,0.25,0.925,0.0,-0.7688,0.0
hex_constants,24,full,40,0.375,0.4,0.775,0.025,3.4555,0.0
hex_constants,24,mean1,40,0.175,0.175,0.9,0.025,-0.5125,0.0
hex_constants,24,mean2,40,0.3,0.35,0.875,0.0,-0.6344,0.0
hex_constants,24,own1,40,0.3,0.3,0.825,0.025,-0.7125,0.0
hex_constants,24,own10,40,0.3,0.35,0.85,0.025,-0.225,0.0
hex_constants,24,own2,40,0.25,0.375,0.775,0.025,-0.8297,0.0
hex_constants,25,full,40,0.225,0.325,0.65,0.05,3.8152,0.0
hex_constants,25,mean1,40,0.2,0.25,0.9,0.0,-0.4062,0.0
hex_constants,25,mean2,40,0.25,0.275,0.8,0.025,-0.5094,0.0
hex_constants,25,own1,40,0.275,0.375,0.825,0.025,-0.6937,0.0
hex_constants,25,own10,40,0.3,0.375,0.825,0.0,-0.4937,0.0
hex_constants,25,own2,40,0.325,0.35,0.875,0.0,-0.7922,0.0
hex_constants,26,full,40,0.275,0.4,0.675,0.05,5.0117,0.0
hex_constants,26,mean1,40,0.375,0.45,0.85,0.025,0.3469,0.0
hex_constants,26,mean2,40,0.4,0.45,0.85,0.0,0.3625,0.0
hex_constants,26,own1,40,0.425,0.45,0.95,0.05,0.1031,0.0
hex_constants,26,own10,40,0.35,0.35,0.875,0.05,0.5812,0.0
hex_constants,26,own2,40,0.275,0.35,0.875,0.05,0.1016,0.0
hex_constants,27,full,40,0.45,0.55,0.7,0.075,6.1982,0.0
hex_constants,27,mean1,40,0.35,0.4,0.875,0.025,0.7656,0.0
hex_constants,27,mean2,40,0.375,0.4,0.875,0.0,0.7719,0.0
hex_constants,27,own1,40,0.35,0.4,0.825,0.025,0.4563,0.0
hex_constants,27,own10,40,0.375,0.4,0.8,0.1,1.6578,0.0
hex_constants,27,own2,40,0.275,0.35,0.875,0.0,0.4062,0.0
hex_constants,28,full,40,0.575,0.6,0.8,0.125,6.4445,0.0
hex_constants,28,mean1,40,0.3,0.375,0.9,0.05,0.1781,0.0
hex_constants,28,mean2,40,0.425,0.45,0.875,0.0,0.2187,0.0
hex_constants,28,own1,40,0.25,0.275,0.85,0.025,0.4063,0.0
hex_constants,28,own10,40,0.475,0.525,0.875,0.025,1.8609,0.0
hex_constants,28,own2,40,0.325,0.35,0.85,0.0,0.2828,0.0
js_arrow,0,base,40,0.0,0.0,0.75,0.0,-3.7922,0.0
js_arrow,20,full,40,0.025,0.05,0.675,0.0,-3.1258,0.0
js_arrow,20,mean1,40,0.025,0.05,0.725,0.025,-2.0531,0.0
js_arrow,20,mean2,40,0.05,0.125,0.7,0.05,-2.1438,0.0
js_arrow,20,own1,40,0.075,0.075,0.7,0.025,-2.3156,0.0
js_arrow,20,own10,40,0.075,0.075,0.75,0.025,-2.3094,0.0
js_arrow,20,own2,40,0.025,0.025,0.75,0.025,-2.2969,0.0
js_arrow,21,full,40,0.025,0.075,0.625,0.025,-2.9953,0.0
js_arrow,21,mean1,40,0.1,0.1,0.725,0.05,-1.5062,0.0
js_arrow,21,mean2,40,0.075,0.125,0.725,0.025,-1.8437,0.0
js_arrow,21,own1,40,0.05,0.075,0.75,0.05,-1.8313,0.0
js_arrow,21,own10,40,0.075,0.075,0.675,0.05,-2.0969,0.0
js_arrow,21,own2,40,0.05,0.05,0.7,0.0,-2.0625,0.0
js_arrow,22,full,40,0.05,0.05,0.7,0.0,-2.9289,0.0
js_arrow,22,mean1,40,0.125,0.175,0.625,0.025,-1.5031,0.0
js_arrow,22,mean2,40,0.075,0.1,0.725,0.0,-2.0094,0.0
js_arrow,22,own1,40,0.1,0.15,0.725,0.05,-1.8516,0.0
js_arrow,22,own10,40,0.025,0.1,0.625,0.0,-2.2812,0.0
js_arrow,22,own2,40,0.025,0.075,0.725,0.0,-2.2344,0.0
js_arrow,23,full,40,0.575,0.725,0.75,0.0,1.6187,0.0
js_arrow,23,mean1,40,0.5,0.775,0.625,0.05,2.8422,0.0
js_arrow,23,mean2,40,0.525,0.825,0.625,0.0,2.0219,0.0
js_arrow,23,own1,40,0.4,0.625,0.7,0.025,2.0359,0.0
js_arrow,23,own10,40,0.475,0.8,0.6,0.0,1.7313,0.0
js_arrow,23,own2,40,0.35,0.675,0.575,0.025,1.3219,0.0
js_arrow,24,full,40,0.55,0.75,0.675,0.025,2.4141,0.0
js_arrow,24,mean1,40,0.7,0.95,0.75,0.0,3.6703,0.0
js_arrow,24,mean2,40,0.55,0.9,0.6,0.0,2.6375,0.0
js_arrow,24,own1,40,0.625,0.825,0.725,0.025,2.9922,0.0
js_arrow,24,own10,40,0.425,0.775,0.6,0.0,2.3156,0.0
js_arrow,24,own2,40,0.5,0.825,0.65,0.0,2.0547,0.0
js_arrow,25,full,40,0.625,0.8,0.725,0.0,3.1609,0.0
js_arrow,25,mean1,40,0.6,0.875,0.65,0.025,4.5828,0.0
js_arrow,25,mean2,40,0.7,0.95,0.725,0.025,3.6625,0.0
js_arrow,25,own1,40,0.6,0.825,0.75,0.025,3.8984,0.0
js_arrow,25,own10,40,0.55,0.85,0.625,0.0,3.3172,0.0
js_arrow,25,own2,40,0.675,0.85,0.8,0.0,3.0828,0.0
js_arrow,26,full,40,0.475,0.8,0.6,0.05,3.0719,0.0
js_arrow,26,mean1,40,0.55,0.9,0.625,0.025,4.3422,0.0
js_arrow,26,mean2,40,0.65,0.9,0.7,0.025,4.1984,0.0
js_arrow,26,own1,40,0.5,0.75,0.675,0.025,3.7266,0.0
js_arrow,26,own10,40,0.575,0.875,0.65,0.05,3.2016,0.0
js_arrow,26,own2,40,0.6,0.85,0.7,0.025,3.5656,0.0
js_arrow,27,full,40,0.5,0.825,0.6,0.025,3.2719,0.0
js_arrow,27,mean1,40,0.55,0.95,0.55,0.0,4.4844,0.0
js_arrow,27,mean2,40,0.625,0.9,0.675,0.0,4.5047,0.0
js_arrow,27,own1,40,0.6,0.85,0.75,0.0,3.7703,0.0
js_arrow,27,own10,40,0.475,0.75,0.6,0.0,3.2094,0.0
js_arrow,27,own2,40,0.45,0.825,0.6,0.0,3.7953,0.0
js_arrow,28,full,40,0.55,0.875,0.6,0.0,3.3789,0.0
js_arrow,28,mean1,40,0.675,0.825,0.8,0.0,5.1656,0.0
js_arrow,28,mean2,40,0.7,0.975,0.7,0.025,7.8938,0.0
js_arrow,28,own1,40,0.525,0.8,0.6,0.05,4.9797,0.0
js_arrow,28,own10,40,0.5,0.8,0.675,0.0,4.0547,0.0
js_arrow,28,own2,40,0.65,0.9,0.725,0.0,7.0844,0.0
js_camel_snake,0,base,40,0.025,0.025,0.65,0.15,-3.1856,0.025
js_camel_snake,20,full,40,0.125,0.225,0.375,0.125,-1.3397,0.025
js_camel_snake,20,mean1,40,0.025,0.025,0.625,0.225,-2.4821,0.025
js_camel_snake,20,mean2,40,0.025,0.025,0.625,0.15,-2.4703,0.025
js_camel_snake,20,own1,40,0.075,0.075,0.65,0.125,-2.4986,0.025
js_camel_snake,20,own10,40,0.05,0.075,0.65,0.1,-2.8402,0.025
js_camel_snake,20,own2,40,0.05,0.125,0.5,0.175,-2.4993,0.025
js_camel_snake,21,full,40,0.225,0.5,0.45,0.1,1.3497,0.025
js_camel_snake,21,mean1,40,0.2,0.2,0.675,0.15,-1.0596,0.025
js_camel_snake,21,mean2,40,0.2,0.325,0.55,0.15,-1.0258,0.025
js_camel_snake,21,own1,40,0.175,0.225,0.6,0.175,-1.0854,0.025
js_camel_snake,21,own10,40,0.225,0.325,0.65,0.125,-1.0113,0.025
js_camel_snake,21,own2,40,0.2,0.375,0.55,0.175,-1.064,0.025
js_camel_snake,22,full,40,0.4,0.7,0.475,0.075,2.9931,0.025
js_camel_snake,22,mean1,40,0.35,0.55,0.6,0.05,-0.0453,0.025
js_camel_snake,22,mean2,40,0.25,0.325,0.725,0.15,-0.0736,0.025
js_camel_snake,22,own1,40,0.375,0.525,0.7,0.15,0.042,0.025
js_camel_snake,22,own10,40,0.275,0.4,0.75,0.2,0.3566,0.025
js_camel_snake,22,own2,40,0.175,0.35,0.525,0.175,0.0006,0.025
js_camel_snake,23,full,40,0.4,0.725,0.55,0.05,3.3632,0.025
js_camel_snake,23,mean1,40,0.325,0.55,0.625,0.15,0.5437,0.025
js_camel_snake,23,mean2,40,0.175,0.325,0.575,0.275,0.5168,0.025
js_camel_snake,23,own1,40,0.275,0.475,0.6,0.125,0.6082,0.025
js_camel_snake,23,own10,40,0.475,0.575,0.65,0.1,1.2424,0.025
js_camel_snake,23,own2,40,0.325,0.475,0.7,0.15,0.6031,0.025
js_camel_snake,24,full,40,0.425,0.75,0.525,0.05,3.5617,0.025
js_camel_snake,24,mean1,40,0.35,0.525,0.65,0.075,0.8115,0.025
js_camel_snake,24,mean2,40,0.35,0.575,0.6,0.15,0.8162,0.025
js_camel_snake,24,own1,40,0.35,0.475,0.65,0.2,0.9506,0.025
js_camel_snake,24,own10,40,0.325,0.475,0.675,0.175,1.183,0.025
js_camel_snake,24,own2,40,0.4,0.45,0.75,0.15,0.9511,0.025
js_camel_snake,25,full,40,0.5,0.9,0.525,0.025,5.6278,0.025
js_camel_snake,25,mean1,40,0.55,0.75,0.725,0.125,3.1851,0.025
js_camel_snake,25,mean2,40,0.45,0.75,0.65,0.125,3.0856,0.025
js_camel_snake,25,own1,40,0.35,0.6,0.5,0.25,3.1943,0.025
js_camel_snake,25,own10,40,0.4,0.575,0.65,0.25,3.6531,0.025
js_camel_snake,25,own2,40,0.525,0.65,0.775,0.2,3.0559,0.025
js_camel_snake,26,full,40,0.425,0.85,0.425,0.075,5.6131,0.025
js_camel_snake,26,mean1,40,0.575,0.775,0.65,0.2,3.5808,0.025
js_camel_snake,26,mean2,40,0.4,0.7,0.575,0.15,3.65,0.025
js_camel_snake,26,own1,40,0.5,0.675,0.725,0.15,4.0316,0.025
js_camel_snake,26,own10,40,0.575,0.8,0.75,0.125,4.6066,0.025
js_camel_snake,26,own2,40,0.375,0.675,0.55,0.15,4.1131,0.025
js_camel_snake,27,full,40,0.425,0.85,0.45,0.075,5.676,0.025
js_camel_snake,27,mean1,40,0.525,0.775,0.65,0.15,3.8055,0.025
js_camel_snake,27,mean2,40,0.5,0.675,0.75,0.225,3.7545,0.025
js_camel_snake,27,own1,40,0.425,0.7,0.65,0.2,3.8603,0.025
js_camel_snake,27,own10,40,0.325,0.6,0.525,0.225,4.7363,0.025
js_camel_snake,27,own2,40,0.475,0.7,0.575,0.2,3.8116,0.025
js_camel_snake,28,full,40,0.45,0.9,0.5,0.075,5.7051,0.025
js_camel_snake,28,mean1,40,0.625,0.925,0.675,0.075,4.4936,0.025
js_camel_snake,28,mean2,40,0.55,0.9,0.625,0.075,5.3131,0.025
js_camel_snake,28,own1,40,0.5,0.775,0.675,0.05,4.5203,0.025
js_camel_snake,28,own10,40,0.6,0.725,0.75,0.175,5.5702,0.025
js_camel_snake,28,own2,40,0.5,0.775,0.625,0.2,5.365,0.025
js_func_pascal,0,base,40,0.0,0.0,0.625,0.525,-5.5997,0.0
js_func_pascal,20,full,40,0.0,0.075,0.475,0.475,-3.5981,0.0
js_func_pascal,20,mean1,40,0.025,0.075,0.6,0.5,-4.2183,0.0
js_func_pascal,20,mean2,40,0.075,0.125,0.65,0.425,-4.3159,0.0
js_func_pascal,20,own1,40,0.075,0.075,0.675,0.4,-4.2352,0.0
js_func_pascal,20,own10,40,0.0,0.025,0.6,0.425,-5.3131,0.0
js_func_pascal,20,own2,40,0.0,0.05,0.75,0.475,-4.3405,0.0
js_func_pascal,21,full,40,0.175,0.375,0.525,0.4,-1.0453,0.0
js_func_pascal,21,mean1,40,0.075,0.175,0.775,0.45,-1.5484,0.0
js_func_pascal,21,mean2,40,0.1,0.25,0.65,0.35,-1.293,0.0
js_func_pascal,21,own1,40,0.075,0.25,0.575,0.5,-1.866,0.0
js_func_pascal,21,own10,40,0.025,0.15,0.55,0.275,-1.8615,0.0
js_func_pascal,21,own2,40,0.075,0.15,0.6,0.35,-1.7082,0.0
js_func_pascal,22,full,40,0.25,0.375,0.5,0.375,-0.9184,0.0
js_func_pascal,22,mean1,40,0.2,0.25,0.725,0.45,-1.5094,0.0
js_func_pascal,22,mean2,40,0.175,0.25,0.675,0.5,-1.3895,0.0
js_func_pascal,22,own1,40,0.05,0.15,0.525,0.475,-1.8014,0.0
js_func_pascal,22,own10,40,0.225,0.425,0.675,0.25,-1.3973,0.0
js_func_pascal,22,own2,40,0.175,0.275,0.65,0.4,-1.7285,0.0
js_func_pascal,23,full,40,0.275,0.475,0.6,0.35,0.1052,0.0
js_func_pascal,23,mean1,40,0.325,0.55,0.575,0.25,-0.6324,0.0
js_func_pascal,23,mean2,40,0.125,0.4,0.5,0.325,-0.2969,0.0
js_func_pascal,23,own1,40,0.1,0.325,0.6,0.4,-0.6834,0.0
js_func_pascal,23,own10,40,0.25,0.45,0.625,0.25,-0.3617,0.0
js_func_pascal,23,own2,40,0.1,0.425,0.5,0.4,-0.4691,0.0
js_func_pascal,24,full,40,0.4,0.625,0.525,0.225,0.4797,0.0
js_func_pascal,24,mean1,40,0.325,0.45,0.75,0.175,-0.3781,0.0
js_func_pascal,24,mean2,40,0.275,0.475,0.625,0.3,0.0164,0.0
js_func_pascal,24,own1,40,0.2,0.475,0.625,0.225,-0.4768,0.0
js_func_pascal,24,own10,40,0.275,0.45,0.65,0.325,-0.5438,0.0
js_func_pascal,24,own2,40,0.275,0.55,0.525,0.3,-0.1582,0.0
js_func_pascal,25,full,40,0.35,0.55,0.675,0.25,1.591,0.0
js_func_pascal,25,mean1,40,0.275,0.55,0.675,0.2,1.3207,0.0
js_func_pascal,25,mean2,40,0.325,0.625,0.575,0.175,1.3863,0.0
js_func_pascal,25,own1,40,0.35,0.7,0.475,0.15,1.1883,0.0
js_func_pascal,25,own10,40,0.3,0.6,0.5,0.2,1.0062,0.0
js_func_pascal,25,own2,40,0.3,0.65,0.575,0.15,1.1039,0.0
js_func_pascal,26,full,40,0.475,0.75,0.575,0.1,1.7184,0.0
js_func_pascal,26,mean1,40,0.525,0.725,0.675,0.2,1.6738,0.0
js_func_pascal,26,mean2,40,0.3,0.65,0.575,0.25,1.65,0.0
js_func_pascal,26,own1,40,0.375,0.625,0.55,0.175,1.5344,0.0
js_func_pascal,26,own10,40,0.425,0.6,0.6,0.1,1.2914,0.0
js_func_pascal,26,own2,40,0.275,0.65,0.5,0.125,1.4523,0.0
js_func_pascal,27,full,40,0.425,0.775,0.6,0.1,3.3293,0.0
js_func_pascal,27,mean1,40,0.45,0.7,0.575,0.275,2.7645,0.0
js_func_pascal,27,mean2,40,0.35,0.55,0.55,0.35,2.775,0.0
js_func_pascal,27,own1,40,0.425,0.575,0.6,0.3,2.3686,0.0
js_func_pascal,27,own10,40,0.3,0.5,0.7,0.275,3.2488,0.0
js_func_pascal,27,own2,40,0.35,0.525,0.6,0.35,2.3734,0.0
js_func_pascal,28,full,40,0.425,0.775,0.6,0.15,3.8645,0.0
js_func_pascal,28,mean1,40,0.325,0.6,0.525,0.275,2.2393,0.0
js_func_pascal,28,mean2,40,0.35,0.55,0.675,0.325,2.4053,0.0
js_func_pascal,28,own1,40,0.3,0.625,0.525,0.15,1.893,0.0
js_func_pascal,28,own10,40,0.45,0.7,0.6,0.225,2.9711,0.0
js_func_pascal,28,own2,40,0.225,0.5,0.6,0.275,1.9385,0.0
js_quotes,0,base,40,0.475,0.525,0.925,0.075,0.3539,0.475
js_quotes,20,full,40,0.425,0.5,0.75,0.05,0.0699,0.475
js_quotes,20,mean1,40,0.425,0.575,0.8,0.05,0.4711,0.475
js_quotes,20,mean2,40,0.4,0.45,0.775,0.075,0.4766,0.475
js_quotes,20,own1,40,0.375,0.475,0.85,0.125,0.5234,0.475
js_quotes,20,own10,40,0.6,0.7,0.85,0.0,0.4398,0.475
js_quotes,20,own2,40,0.4,0.45,0.85,0.1,0.5203,0.475
js_quotes,21,full,40,0.4,0.55,0.75,0.05,0.0688,0.475
js_quotes,21,mean1,40,0.35,0.475,0.75,0.175,0.4828,0.475
js_quotes,21,mean2,40,0.35,0.45,0.825,0.05,0.4859,0.475
js_quotes,21,own1,40,0.35,0.425,0.775,0.125,0.5328,0.475
js_quotes,21,own10,40,0.375,0.425,0.825,0.075,0.4016,0.475
js_quotes,21,own2,40,0.425,0.5,0.85,0.075,0.5234,0.475
js_quotes,22,full,40,0.45,0.6,0.775,0.05,0.0273,0.475
js_quotes,22,mean1,40,0.475,0.525,0.825,0.125,0.5563,0.475
js_quotes,22,mean2,40,0.375,0.45,0.775,0.175,0.5742,0.475
js_quotes,22,own1,40,0.5,0.625,0.825,0.05,0.6234,0.475
js_quotes,22,own10,40,0.425,0.575,0.725,0.025,0.443,0.475
js_quotes,22,own2,40,0.4,0.525,0.825,0.05,0.6367,0.475
js_quotes,23,full,40,0.55,0.775,0.7,0.0,1.9101,0.475
js_quotes,23,mean1,40,0.625,0.725,0.875,0.0,1.007,0.475
js_quotes,23,mean2,40,0.425,0.6,0.7,0.075,0.9984,0.475
js_quotes,23,own1,40,0.55,0.65,0.8,0.175,0.9852,0.475
js_quotes,23,own10,40,0.55,0.6,0.9,0.1,0.8727,0.475
js_quotes,23,own2,40,0.5,0.575,0.825,0.075,0.9273,0.475
js_quotes,24,full,40,0.65,0.85,0.75,0.025,2.5256,0.475
js_quotes,24,mean1,40,0.525,0.7,0.75,0.125,1.518,0.475
js_quotes,24,mean2,40,0.575,0.65,0.825,0.05,1.5195,0.475
js_quotes,24,own1,40,0.675,0.725,0.85,0.075,1.3227,0.475
js_quotes,24,own10,40,0.65,0.75,0.875,0.125,1.4898,0.475
js_quotes,24,own2,40,0.425,0.55,0.7,0.025,1.3109,0.475
js_quotes,25,full,40,0.75,0.9,0.8,0.025,4.3715,0.475
js_quotes,25,mean1,40,0.65,0.75,0.825,0.1,2.7141,0.475
js_quotes,25,mean2,40,0.7,0.825,0.775,0.075,2.6602,0.475
js_quotes,25,own1,40,0.7,0.85,0.775,0.05,2.6445,0.475
js_quotes,25,own10,40,0.675,0.825,0.8,0.1,2.6914,0.475
js_quotes,25,own2,40,0.7,0.825,0.85,0.125,2.575,0.475
js_quotes,26,full,40,0.75,0.95,0.775,0.025,4.7434,0.475
js_quotes,26,mean1,40,0.7,0.8,0.8,0.125,3.3602,0.475
js_quotes,26,mean2,40,0.575,0.75,0.75,0.075,3.3984,0.475
js_quotes,26,own1,40,0.8,0.9,0.875,0.05,3.357,0.475
js_quotes,26,own10,40,0.725,0.85,0.825,0.05,3.5094,0.475
js_quotes,26,own2,40,0.75,0.9,0.85,0.075,3.2953,0.475
js_quotes,27,full,40,0.7,0.975,0.7,0.025,5.8766,0.475
js_quotes,27,mean1,40,0.825,0.875,0.9,0.075,4.6246,0.475
js_quotes,27,mean2,40,0.775,0.875,0.85,0.125,4.5805,0.475
js_quotes,27,own1,40,0.7,0.825,0.8,0.1,4.5844,0.475
js_quotes,27,own10,40,0.725,0.9,0.775,0.05,5.3371,0.475
js_quotes,27,own2,40,0.625,0.725,0.825,0.175,4.5129,0.475
js_quotes,28,full,40,0.725,0.95,0.725,0.025,6.057,0.475
js_quotes,28,mean1,40,0.85,0.975,0.875,0.0,8.1039,0.475
js_quotes,28,mean2,40,0.8,0.95,0.85,0.025,8.1324,0.475
js_quotes,28,own1,40,0.75,0.925,0.825,0.025,7.2937,0.475
js_quotes,28,own10,40,0.75,0.825,0.925,0.05,7.8516,0.475
js_quotes,28,own2,40,0.8,0.925,0.875,0.05,7.3273,0.475
js_semicolons,0,base,40,0.1,0.15,0.9,0.0,-2.2703,0.1
js_semicolons,20,full,40,0.125,0.325,0.525,0.025,-0.7318,0.1
js_semicolons,20,mean1,40,0.075,0.15,0.75,0.0,-1.9844,0.1
js_semicolons,20,mean2,40,0.15,0.15,0.875,0.0,-1.8516,0.1
js_semicolons,20,own1,40,0.225,0.25,0.875,0.0,-1.9766,0.1
js_semicolons,20,own10,40,0.125,0.175,0.85,0.0,-2.0078,0.1
js_semicolons,20,own2,40,0.175,0.2,0.9,0.0,-1.8531,0.1
js_semicolons,21,full,40,0.125,0.325,0.6,0.025,-0.6701,0.1
js_semicolons,21,mean1,40,0.1,0.1,0.9,0.0,-2.0078,0.1
js_semicolons,21,mean2,40,0.175,0.225,0.9,0.0,-1.7563,0.1
js_semicolons,21,own1,40,0.125,0.125,0.825,0.0,-1.9547,0.1
js_semicolons,21,own10,40,0.1,0.1,0.775,0.0,-1.9016,0.1
js_semicolons,21,own2,40,0.15,0.175,0.85,0.0,-1.7125,0.1
js_semicolons,22,full,40,0.25,0.475,0.65,0.0,-0.1565,0.1
js_semicolons,22,mean1,40,0.175,0.25,0.875,0.0,-1.4594,0.1
js_semicolons,22,mean2,40,0.125,0.275,0.8,0.0,-1.3281,0.1
js_semicolons,22,own1,40,0.2,0.25,0.7,0.0,-1.45,0.1
js_semicolons,22,own10,40,0.15,0.225,0.7,0.0,-1.2406,0.1
js_semicolons,22,own2,40,0.175,0.225,0.8,0.0,-1.3375,0.1
js_semicolons,23,full,40,0.25,0.375,0.6,0.05,0.124,0.1
js_semicolons,23,mean1,40,0.25,0.325,0.825,0.0,-1.0828,0.1
js_semicolons,23,mean2,40,0.35,0.375,0.925,0.0,-1.0891,0.1
js_semicolons,23,own1,40,0.25,0.275,0.825,0.0,-1.1438,0.1
js_semicolons,23,own10,40,0.25,0.35,0.825,0.0,-0.7047,0.1
js_semicolons,23,own2,40,0.2,0.225,0.875,0.0,-1.1109,0.1
js_semicolons,24,full,40,0.3,0.6,0.525,0.05,-0.0212,0.1
js_semicolons,24,mean1,40,0.25,0.325,0.825,0.0,-0.8891,0.1
js_semicolons,24,mean2,40,0.35,0.375,0.925,0.0,-0.8547,0.1
js_semicolons,24,own1,40,0.275,0.3,0.9,0.0,-0.9969,0.1
js_semicolons,24,own10,40,0.3,0.4,0.75,0.0,-0.5891,0.1
js_semicolons,24,own2,40,0.25,0.3,0.85,0.0,-0.9594,0.1
js_semicolons,25,full,40,0.3,0.85,0.4,0.025,1.7085,0.1
js_semicolons,25,mean1,40,0.5,0.6,0.85,0.0,1.2641,0.1
js_semicolons,25,mean2,40,0.525,0.65,0.775,0.0,1.3703,0.1
js_semicolons,25,own1,40,0.45,0.575,0.775,0.0,1.2656,0.1
js_semicolons,25,own10,40,0.55,0.7,0.825,0.0,1.6406,0.1
js_semicolons,25,own2,40,0.525,0.7,0.8,0.0,1.2906,0.1
js_semicolons,26,full,40,0.5,0.825,0.65,0.05,2.4365,0.1
js_semicolons,26,mean1,40,0.65,0.75,0.8,0.0,2.1859,0.1
js_semicolons,26,mean2,40,0.625,0.825,0.8,0.0,2.5453,0.1
js_semicolons,26,own1,40,0.625,0.8,0.825,0.0,2.0844,0.1
js_semicolons,26,own10,40,0.7,0.875,0.775,0.0,3.1281,0.1
js_semicolons,26,own2,40,0.65,0.775,0.85,0.0,2.5781,0.1
js_semicolons,27,full,40,0.5,0.9,0.55,0.05,2.4635,0.1
js_semicolons,27,mean1,40,0.5,0.575,0.8,0.0,0.7312,0.1
js_semicolons,27,mean2,40,0.575,0.6,0.925,0.0,1.3688,0.1
js_semicolons,27,own1,40,0.55,0.625,0.875,0.0,0.7297,0.1
js_semicolons,27,own10,40,0.6,0.725,0.825,0.025,2.0922,0.1
js_semicolons,27,own2,40,0.55,0.725,0.775,0.0,1.6797,0.1
js_semicolons,28,full,40,0.525,0.9,0.575,0.025,2.4755,0.1
js_semicolons,28,mean1,40,0.325,0.35,0.9,0.0,-3.0578,0.1
js_semicolons,28,mean2,40,0.375,0.5,0.775,0.0,-1.85,0.1
js_semicolons,28,own1,40,0.35,0.375,0.9,0.0,-1.5016,0.1
js_semicolons,28,own10,40,0.475,0.55,0.85,0.0,0.2094,0.1
js_semicolons,28,own2,40,0.475,0.525,0.9,0.0,-0.2406,0.1
js_strict_eq,0,base,40,0.025,0.05,0.825,0.05,-3.0047,0.025
js_strict_eq,20,full,40,0.0,0.05,0.725,0.05,-2.1953,0.025
js_strict_eq,20,mean1,40,0.1,0.1,0.8,0.05,-2.1844,0.025
js_strict_eq,20,mean2,40,0.075,0.075,0.775,0.075,-2.1734,0.025
js_strict_eq,20,own1,40,0.05,0.075,0.75,0.075,-2.2438,0.025
js_strict_eq,20,own10,40,0.0,0.05,0.725,0.15,-2.4891,0.025
js_strict_eq,20,own2,40,0.075,0.125,0.7,0.075,-2.2109,0.025
js_strict_eq,21,full,40,0.025,0.1,0.575,0.05,-2.1688,0.025
js_strict_eq,21,mean1,40,0.025,0.025,0.725,0.1,-2.0781,0.025
js_strict_eq,21,mean2,40,0.125,0.125,0.8,0.0,-2.1047,0.025
js_strict_eq,21,own1,40,0.05,0.05,0.75,0.05,-2.1375,0.025
js_strict_eq,21,own10,40,0.05,0.05,0.8,0.025,-2.4234,0.025
js_strict_eq,21,own2,40,0.1,0.15,0.8,0.075,-2.1875,0.025
js_strict_eq,22,full,40,0.025,0.075,0.6,0.125,-2.0969,0.025
js_strict_eq,22,mean1,40,0.075,0.125,0.825,0.025,-2.1719,0.025
js_strict_eq,22,mean2,40,0.225,0.3,0.825,0.025,-2.1094,0.025
js_strict_eq,22,own1,40,0.175,0.175,0.8,0.075,-2.2437,0.025
js_strict_eq,22,own10,40,0.1,0.125,0.9,0.075,-2.2953,0.025
js_strict_eq,22,own2,40,0.125,0.125,0.8,0.05,-2.1844,0.025
js_strict_eq,23,full,40,0.175,0.3,0.625,0.025,-0.95,0.025
js_strict_eq,23,mean1,40,0.125,0.15,0.725,0.05,-1.9125,0.025
js_strict_eq,23,mean2,40,0.125,0.175,0.775,0.125,-1.7281,0.025
js_strict_eq,23,own1,40,0.05,0.05,0.8,0.1,-1.9484,0.025
js_strict_eq,23,own10,40,0.15,0.225,0.75,0.075,-1.6438,0.025
js_strict_eq,23,own2,40,0.1,0.125,0.85,0.075,-1.7656,0.025
js_strict_eq,24,full,40,0.175,0.375,0.5,0.05,-0.5188,0.025
js_strict_eq,24,mean1,40,0.1,0.125,0.725,0.1,-1.5625,0.025
js_strict_eq,24,mean2,40,0.125,0.175,0.75,0.075,-1.4047,0.025
js_strict_eq,24,own1,40,0.2,0.25,0.75,0.075,-1.5641,0.025
js_strict_eq,24,own10,40,0.225,0.25,0.85,0.025,-1.1047,0.025
js_strict_eq,24,own2,40,0.1,0.125,0.725,0.05,-1.4391,0.025
js_strict_eq,25,full,40,0.525,0.775,0.575,0.05,2.0469,0.025
js_strict_eq,25,mean1,40,0.375,0.55,0.625,0.075,1.1734,0.025
js_strict_eq,25,mean2,40,0.5,0.675,0.75,0.025,1.2578,0.025
js_strict_eq,25,own1,40,0.4,0.6,0.725,0.05,1.325,0.025
js_strict_eq,25,own10,40,0.55,0.75,0.725,0.0,1.3484,0.025
js_strict_eq,25,own2,40,0.475,0.675,0.75,0.075,1.3734,0.025
js_strict_eq,26,full,40,0.55,0.775,0.675,0.1,2.0328,0.025
js_strict_eq,26,mean1,40,0.475,0.55,0.825,0.025,1.0141,0.025
js_strict_eq,26,mean2,40,0.525,0.625,0.825,0.05,1.0984,0.025
js_strict_eq,26,own1,40,0.425,0.65,0.625,0.05,1.1078,0.025
js_strict_eq,26,own10,40,0.475,0.625,0.75,0.05,1.2484,0.025
js_strict_eq,26,own2,40,0.5,0.625,0.8,0.025,1.1219,0.025
js_strict_eq,27,full,40,0.625,0.9,0.675,0.0,2.7047,0.025
js_strict_eq,27,mean1,40,0.575,0.7,0.775,0.05,1.3984,0.025
js_strict_eq,27,mean2,40,0.5,0.65,0.725,0.025,1.3953,0.025
js_strict_eq,27,own1,40,0.525,0.725,0.75,0.025,1.4516,0.025
js_strict_eq,27,own10,40,0.6,0.7,0.775,0.0,1.9063,0.025
js_strict_eq,27,own2,40,0.425,0.625,0.775,0.025,1.4641,0.025
js_strict_eq,28,full,40,0.6,0.9,0.625,0.025,3.0469,0.025
js_strict_eq,28,mean1,40,0.575,0.8,0.75,0.075,2.2594,0.025
js_strict_eq,28,mean2,40,0.7,0.85,0.8,0.025,2.4734,0.025
js_strict_eq,28,own1,40,0.725,0.875,0.775,0.025,2.2828,0.025
js_strict_eq,28,own10,40,0.675,0.85,0.775,0.0,2.3391,0.025
js_strict_eq,28,own2,40,0.525,0.775,0.675,0.05,2.5312,0.025
js_template,0,base,40,0.2,0.325,0.725,0.175,-1.0625,0.2
js_template,20,full,40,0.1,0.225,0.65,0.2,-2.0439,0.2
js_template,20,mean1,40,0.125,0.125,0.825,0.2,-0.8719,0.2
js_template,20,mean2,40,0.225,0.275,0.85,0.225,-0.8562,0.2
js_template,20,own1,40,0.225,0.225,0.775,0.2,-0.8922,0.2
js_template,20,own10,40,0.125,0.175,0.825,0.15,-0.8859,0.2
js_template,20,own2,40,0.225,0.3,0.725,0.175,-0.8828,0.2
js_template,21,full,40,0.1,0.15,0.575,0.2,-2.1904,0.2
js_template,21,mean1,40,0.1,0.125,0.8,0.3,-0.6953,0.2
js_template,21,mean2,40,0.125,0.2,0.85,0.175,-0.6578,0.2
js_template,21,own1,40,0.275,0.3,0.875,0.25,-0.7203,0.2
js_template,21,own10,40,0.15,0.175,0.75,0.2,-0.9,0.2
js_template,21,own2,40,0.15,0.275,0.7,0.2,-0.6938,0.2
js_template,22,full,40,0.225,0.3,0.575,0.15,-2.1266,0.2
js_template,22,mean1,40,0.075,0.15,0.825,0.225,-0.5172,0.2
js_template,22,mean2,40,0.25,0.325,0.825,0.15,-0.5078,0.2
js_template,22,own1,40,0.175,0.175,0.875,0.175,-0.5656,0.2
js_template,22,own10,40,0.2,0.275,0.75,0.15,-0.8063,0.2
js_template,22,own2,40,0.15,0.25,0.725,0.275,-0.5938,0.2
js_template,23,full,40,0.35,0.5,0.6,0.225,0.8945,0.2
js_template,23,mean1,40,0.4,0.5,0.75,0.25,1.5031,0.2
js_template,23,mean2,40,0.35,0.45,0.8,0.225,1.4187,0.2
js_template,23,own1,40,0.375,0.475,0.75,0.3,1.2547,0.2
js_template,23,own10,40,0.425,0.5,0.75,0.3,1.2484,0.2
js_template,23,own2,40,0.425,0.5,0.825,0.325,1.1391,0.2
js_template,24,full,40,0.2,0.325,0.55,0.4,1.0633,0.2
js_template,24,mean1,40,0.525,0.625,0.775,0.275,1.1781,0.2
js_template,24,mean2,40,0.375,0.45,0.825,0.3,1.1078,0.2
js_template,24,own1,40,0.3,0.4,0.75,0.325,1.0078,0.2
js_template,24,own10,40,0.425,0.525,0.775,0.2,1.7172,0.2
js_template,24,own2,40,0.375,0.45,0.775,0.275,0.9672,0.2
js_template,25,full,40,0.275,0.475,0.5,0.325,1.3697,0.2
js_template,25,mean1,40,0.375,0.55,0.675,0.25,1.5984,0.2
js_template,25,mean2,40,0.25,0.325,0.825,0.375,1.5203,0.2
js_template,25,own1,40,0.425,0.5,0.825,0.25,1.4187,0.2
js_template,25,own10,40,0.425,0.55,0.775,0.25,2.0812,0.2
js_template,25,own2,40,0.45,0.525,0.85,0.25,1.3562,0.2
js_template,26,full,40,0.275,0.45,0.575,0.375,1.011,0.2
js_template,26,mean1,40,0.375,0.425,0.85,0.275,1.5078,0.2
js_template,26,mean2,40,0.5,0.575,0.775,0.275,1.4438,0.2
js_template,26,own1,40,0.325,0.425,0.8,0.425,1.3063,0.2
js_template,26,own10,40,0.225,0.375,0.675,0.225,1.9313,0.2
js_template,26,own2,40,0.325,0.475,0.725,0.35,1.3094,0.2
js_template,27,full,40,0.35,0.475,0.6,0.225,1.0837,0.2
js_template,27,mean1,40,0.35,0.475,0.825,0.225,1.5828,0.2
js_template,27,mean2,40,0.325,0.475,0.725,0.325,1.7438,0.2
js_template,27,own1,40,0.425,0.5,0.8,0.275,1.4375,0.2
js_template,27,own10,40,0.45,0.55,0.75,0.3,2.2438,0.2
js_template,27,own2,40,0.35,0.45,0.825,0.325,1.7797,0.2
js_template,28,full,40,0.275,0.425,0.575,0.375,0.8314,0.2
js_template,28,mean1,40,0.4,0.4,0.775,0.35,2.2203,0.2
js_template,28,mean2,40,0.425,0.525,0.75,0.225,2.5813,0.2
js_template,28,own1,40,0.325,0.425,0.825,0.3,2.0305,0.2
js_template,28,own10,40,0.425,0.5,0.775,0.375,4.0102,0.2
js_template,28,own2,40,0.275,0.35,0.725,0.3,2.5297,0.2
js_var,0,base,40,0.175,0.225,0.775,0.3,-1.5203,0.175
js_var,20,full,40,0.1,0.175,0.525,0.1,0.0359,0.175
js_var,20,mean1,40,0.15,0.175,0.725,0.275,-0.9562,0.175
js_var,20,mean2,40,0.05,0.1,0.7,0.275,-0.8766,0.175
js_var,20,own1,40,0.075,0.075,0.6,0.35,-0.9422,0.175
js_var,20,own10,40,0.125,0.2,0.675,0.275,-1.05,0.175
js_var,20,own2,40,0.05,0.1,0.675,0.275,-0.7906,0.175
js_var,21,full,40,0.1,0.225,0.6,0.2,0.2414,0.175
js_var,21,mean1,40,0.15,0.2,0.625,0.4,-1.1172,0.175
js_var,21,mean2,40,0.1,0.125,0.75,0.325,-1.1781,0.175
js_var,21,own1,40,0.075,0.125,0.65,0.375,-1.1234,0.175
js_var,21,own10,40,0.05,0.1,0.625,0.325,-1.6344,0.175
js_var,21,own2,40,0.15,0.15,0.675,0.3,-1.1703,0.175
js_var,22,full,40,0.175,0.225,0.525,0.2,0.2727,0.175
js_var,22,mean1,40,0.125,0.125,0.625,0.375,-1.1328,0.175
js_var,22,mean2,40,0.175,0.25,0.6,0.325,-1.2063,0.175
js_var,22,own1,40,0.1,0.15,0.725,0.225,-1.1891,0.175
js_var,22,own10,40,0.15,0.25,0.725,0.25,-1.65,0.175
js_var,22,own2,40,0.0,0.075,0.575,0.225,-1.2625,0.175
js_var,23,full,40,0.375,0.575,0.55,0.15,2.0273,0.175
js_var,23,mean1,40,0.2,0.25,0.725,0.225,-0.2297,0.175
js_var,23,mean2,40,0.05,0.075,0.6,0.425,-0.3047,0.175
js_var,23,own1,40,0.225,0.325,0.725,0.225,-0.5172,0.175
js_var,23,own10,40,0.1,0.15,0.675,0.25,-0.3758,0.175
js_var,23,own2,40,0.1,0.175,0.625,0.3,-0.5352,0.175
js_var,24,full,40,0.5,0.65,0.65,0.175,3.3125,0.175
js_var,24,mean1,40,0.275,0.375,0.7,0.25,1.5109,0.175
js_var,24,mean2,40,0.225,0.325,0.65,0.275,1.5156,0.175
js_var,24,own1,40,0.225,0.25,0.75,0.225,1.2625,0.175
js_var,24,own10,40,0.2,0.225,0.525,0.5,1.6945,0.175
js_var,24,own2,40,0.15,0.225,0.65,0.3,1.2781,0.175
js_var,25,full,40,0.375,0.75,0.45,0.15,5.0945,0.175
js_var,25,mean1,40,0.225,0.25,0.675,0.3,3.8047,0.175
js_var,25,mean2,40,0.2,0.35,0.7,0.2,4.0445,0.175
js_var,25,own1,40,0.25,0.25,0.75,0.325,3.5289,0.175
js_var,25,own10,40,0.25,0.275,0.55,0.325,3.5156,0.175
js_var,25,own2,40,0.325,0.4,0.725,0.25,3.8008,0.175
js_var,26,full,40,0.45,0.7,0.55,0.25,5.0406,0.175
js_var,26,mean1,40,0.35,0.425,0.675,0.25,3.4078,0.175
js_var,26,mean2,40,0.175,0.275,0.65,0.3,4.1133,0.175
js_var,26,own1,40,0.25,0.275,0.775,0.3,3.1609,0.175
js_var,26,own10,40,0.275,0.35,0.625,0.3,3.6891,0.175
js_var,26,own2,40,0.2,0.25,0.6,0.3,3.8328,0.175
js_var,27,full,40,0.525,0.75,0.575,0.15,5.3871,0.175
js_var,27,mean1,40,0.3,0.4,0.7,0.275,4.1141,0.175
js_var,27,mean2,40,0.275,0.375,0.675,0.275,4.4398,0.175
js_var,27,own1,40,0.25,0.325,0.625,0.4,3.8703,0.175
js_var,27,own10,40,0.3,0.425,0.625,0.225,3.6953,0.175
js_var,27,own2,40,0.15,0.3,0.65,0.25,4.1641,0.175
js_var,28,full,40,0.4,0.775,0.425,0.15,5.4947,0.175
js_var,28,mean1,40,0.15,0.225,0.675,0.275,2.8984,0.175
js_var,28,mean2,40,0.15,0.2,0.625,0.3,0.2688,0.175
js_var,28,own1,40,0.125,0.25,0.625,0.225,2.1656,0.175
js_var,28,own10,40,0.4,0.6,0.7,0.125,5.0039,0.175
js_var,28,own2,40,0.075,0.15,0.725,0.325,-0.5117,0.175
line_wrap,0,base,40,0.4,0.475,0.625,0.525,3.2461,0.4
line_wrap,20,full,40,0.275,0.3,0.725,0.625,-1.7301,0.4
line_wrap,20,mean1,40,0.25,0.325,0.675,0.65,3.5617,0.4
line_wrap,20,mean2,40,0.275,0.35,0.65,0.65,3.6039,0.4
line_wrap,20,own1,40,0.4,0.45,0.775,0.55,3.5625,0.4
line_wrap,20,own10,40,0.35,0.35,0.775,0.65,3.0695,0.4
line_wrap,20,own2,40,0.275,0.35,0.65,0.65,3.5313,0.4
line_wrap,21,full,40,0.1,0.175,0.625,0.75,-2.0941,0.4
line_wrap,21,mean1,40,0.4,0.475,0.75,0.5,3.6883,0.4
line_wrap,21,mean2,40,0.375,0.4,0.65,0.575,3.7602,0.4
line_wrap,21,own1,40,0.35,0.425,0.725,0.55,3.5672,0.4
line_wrap,21,own10,40,0.35,0.375,0.65,0.625,3.3797,0.4
line_wrap,21,own2,40,0.325,0.4,0.675,0.6,3.5859,0.4
line_wrap,22,full,40,0.2,0.35,0.575,0.6,-2.5938,0.4
line_wrap,22,mean1,40,0.325,0.4,0.6,0.6,3.6102,0.4
line_wrap,22,mean2,40,0.25,0.3,0.725,0.7,3.6969,0.4
line_wrap,22,own1,40,0.275,0.3,0.825,0.6,3.4125,0.4
line_wrap,22,own10,40,0.325,0.425,0.675,0.55,3.657,0.4
line_wrap,22,own2,40,0.25,0.3,0.6,0.625,3.4672,0.4
line_wrap,23,full,40,0.25,0.3,0.65,0.575,-2.6566,0.4
line_wrap,23,mean1,40,0.25,0.325,0.625,0.65,3.3273,0.4
line_wrap,23,mean2,40,0.375,0.45,0.75,0.55,3.3242,0.4
line_wrap,23,own1,40,0.275,0.35,0.675,0.625,3.2031,0.4
line_wrap,23,own10,40,0.35,0.4,0.55,0.55,2.582,0.4
line_wrap,23,own2,40,0.35,0.425,0.7,0.525,3.1961,0.4
line_wrap,24,full,40,0.15,0.275,0.7,0.625,-2.5652,0.4
line_wrap,24,mean1,40,0.375,0.45,0.725,0.55,3.1523,0.4
line_wrap,24,mean2,40,0.375,0.4,0.675,0.575,3.157,0.4
line_wrap,24,own1,40,0.325,0.375,0.55,0.55,3.1711,0.4
line_wrap,24,own10,40,0.3,0.425,0.625,0.575,2.4227,0.4
line_wrap,24,own2,40,0.375,0.475,0.65,0.525,3.1313,0.4
line_wrap,25,full,40,0.3,0.4,0.65,0.5,-2.3437,0.4
line_wrap,25,mean1,40,0.35,0.45,0.7,0.55,3.3344,0.4
line_wrap,25,mean2,40,0.4,0.5,0.7,0.475,3.2812,0.4
line_wrap,25,own1,40,0.175,0.325,0.6,0.625,3.3289,0.4
line_wrap,25,own10,40,0.325,0.4,0.725,0.575,2.457,0.4
line_wrap,25,own2,40,0.3,0.325,0.75,0.675,3.2234,0.4
line_wrap,26,full,40,0.225,0.25,0.725,0.6,-2.2201,0.4
line_wrap,26,mean1,40,0.45,0.525,0.8,0.4,3.193,0.4
line_wrap,26,mean2,40,0.325,0.35,0.675,0.65,3.032,0.4
line_wrap,26,own1,40,0.3,0.425,0.75,0.55,3.3453,0.4
line_wrap,26,own10,40,0.35,0.375,0.825,0.6,2.4172,0.4
line_wrap,26,own2,40,0.35,0.425,0.7,0.525,3.2156,0.4
line_wrap,27,full,40,0.35,0.4,0.675,0.475,-1.7523,0.4
line_wrap,27,mean1,40,0.275,0.325,0.675,0.675,2.8508,0.4
line_wrap,27,mean2,40,0.325,0.375,0.8,0.6,2.5875,0.4
line_wrap,27,own1,40,0.325,0.35,0.725,0.625,3.0953,0.4
line_wrap,27,own10,40,0.325,0.375,0.8,0.6,2.1781,0.4
line_wrap,27,own2,40,0.35,0.35,0.825,0.625,2.825,0.4
line_wrap,28,full,40,0.25,0.375,0.6,0.55,-1.2707,0.4
line_wrap,28,mean1,40,0.175,0.2,0.7,0.55,1.4781,0.4
line_wrap,28,mean2,40,0.375,0.4,0.725,0.575,3.4086,0.4
line_wrap,28,own1,40,0.3,0.3,0.775,0.45,2.1402,0.4
line_wrap,28,own10,40,0.325,0.425,0.65,0.55,3.4844,0.4
line_wrap,28,own2,40,0.275,0.325,0.625,0.6,3.6937,0.4
num_separators,0,base,40,0.075,0.075,0.925,0.025,-4.5469,0.075
num_separators,20,full,40,0.025,0.025,0.8,0.05,-0.5469,0.075
num_separators,20,mean1,40,0.05,0.05,0.85,0.125,-3.1187,0.075
num_separators,20,mean2,40,0.075,0.075,0.95,0.1,-3.2344,0.075
num_separators,20,own1,40,0.0,0.0,0.875,0.05,-3.1719,0.075
num_separators,20,own10,40,0.025,0.025,0.875,0.125,-3.2031,0.075
num_separators,20,own2,40,0.025,0.025,0.9,0.1,-3.2531,0.075
num_separators,21,full,40,0.05,0.05,0.875,0.125,0.0281,0.075
num_separators,21,mean1,40,0.125,0.125,0.95,0.15,-2.7438,0.075
num_separators,21,mean2,40,0.1,0.1,0.925,0.175,-2.7969,0.075
num_separators,21,own1,40,0.025,0.025,0.85,0.075,-2.6844,0.075
num_separators,21,own10,40,0.125,0.125,0.9,0.125,-2.6406,0.075
num_separators,21,own2,40,0.05,0.05,0.85,0.15,-2.775,0.075
num_separators,22,full,40,0.05,0.075,0.775,0.075,0.2813,0.075
num_separators,22,mean1,40,0.05,0.05,0.95,0.125,-2.7875,0.075
num_separators,22,mean2,40,0.175,0.175,0.925,0.1,-2.7906,0.075
num_separators,22,own1,40,0.025,0.025,0.85,0.075,-2.7063,0.075
num_separators,22,own10,40,0.05,0.05,0.875,0.15,-2.5125,0.075
num_separators,22,own2,40,0.075,0.075,0.925,0.075,-2.7375,0.075
num_separators,23,full,40,0.425,0.475,0.85,0.125,2.8406,0.075
num_separators,23,mean1,40,0.2,0.225,0.85,0.075,-0.9344,0.075
num_separators,23,mean2,40,0.275,0.275,0.9,0.1,-0.8719,0.075
num_separators,23,own1,40,0.325,0.325,0.875,0.15,-0.875,0.075
num_separators,23,own10,40,0.4,0.425,0.9,0.125,-0.5938,0.075
num_separators,23,own2,40,0.25,0.25,0.875,0.125,-0.8281,0.075
num_separators,24,full,40,0.425,0.5,0.825,0.125,3.1,0.075
num_separators,24,mean1,40,0.275,0.275,0.95,0.025,-0.8281,0.075
num_separators,24,mean2,40,0.25,0.25,0.9,0.175,-0.7719,0.075
num_separators,24,own1,40,0.325,0.325,0.95,0.125,-0.7063,0.075
num_separators,24,own10,40,0.525,0.525,0.95,0.05,-0.1375,0.075
num_separators,24,own2,40,0.375,0.375,0.875,0.1,-0.6594,0.075
num_separators,25,full,40,0.6,0.65,0.775,0.125,4.8688,0.075
num_separators,25,mean1,40,0.55,0.575,0.85,0.1,0.7063,0.075
num_separators,25,mean2,40,0.6,0.625,0.9,0.075,0.9,0.075
num_separators,25,own1,40,0.575,0.65,0.8,0.025,0.9031,0.075
num_separators,25,own10,40,0.625,0.625,0.95,0.075,1.2906,0.075
num_separators,25,own2,40,0.625,0.625,0.875,0.1,1.0375,0.075
num_separators,26,full,40,0.7,0.725,0.875,0.125,5.6156,0.075
num_separators,26,mean1,40,0.7,0.75,0.925,0.05,1.0156,0.075
num_separators,26,mean2,40,0.575,0.575,0.95,0.05,1.1812,0.075
num_separators,26,own1,40,0.575,0.625,0.9,0.075,1.2125,0.075
num_separators,26,own10,40,0.625,0.65,0.925,0.175,1.625,0.075
num_separators,26,own2,40,0.65,0.65,0.875,0.1,1.3781,0.075
num_separators,27,full,40,0.825,0.825,0.9,0.05,7.6016,0.075
num_separators,27,mean1,40,0.8,0.825,0.95,0.1,2.2031,0.075
num_separators,27,mean2,40,0.775,0.8,0.95,0.05,2.2156,0.075
num_separators,27,own1,40,0.7,0.75,0.825,0.075,2.1844,0.075
num_separators,27,own10,40,0.725,0.825,0.8,0.075,2.8594,0.075
num_separators,27,own2,40,0.675,0.725,0.95,0.0,2.2344,0.075
num_separators,28,full,40,0.75,0.8,0.95,0.0,8.2312,0.075
num_separators,28,mean1,40,0.675,0.725,0.925,0.05,2.3281,0.075
num_separators,28,mean2,40,0.875,0.9,0.975,0.025,2.4094,0.075
num_separators,28,own1,40,0.725,0.725,0.875,0.125,2.0844,0.075
num_separators,28,own10,40,0.8,0.85,0.95,0.075,4.6937,0.075
num_separators,28,own2,40,0.725,0.75,0.9,0.075,2.2781,0.075
operator_spaces,0,base,40,0.0,0.0,0.925,0.075,-5.0977,0.0
operator_spaces,20,full,40,0.125,0.225,0.625,0.075,-2.4875,0.0
operator_spaces,20,mean1,40,0.0,0.0,0.9,0.075,-2.9406,0.0
operator_spaces,20,mean2,40,0.075,0.075,0.9,0.1,-2.9859,0.0
operator_spaces,20,own1,40,0.05,0.075,0.925,0.1,-2.8727,0.0
operator_spaces,20,own10,40,0.05,0.05,0.875,0.1,-2.9102,0.0
operator_spaces,20,own2,40,0.075,0.075,0.975,0.1,-2.868,0.0
operator_spaces,21,full,40,0.125,0.225,0.525,0.075,-2.5343,0.0
operator_spaces,21,mean1,40,0.025,0.05,0.9,0.125,-2.8711,0.0
operator_spaces,21,mean2,40,0.025,0.025,0.95,0.125,-2.8867,0.0
operator_spaces,21,own1,40,0.125,0.175,0.875,0.175,-2.793,0.0
operator_spaces,21,own10,40,0.025,0.025,0.95,0.125,-2.8398,0.0
operator_spaces,21,own2,40,0.175,0.225,0.9,0.05,-2.7461,0.0
operator_spaces,22,full,40,0.15,0.325,0.525,0.075,-2.3949,0.0
operator_spaces,22,mean1,40,0.1,0.1,0.925,0.125,-2.6508,0.0
operator_spaces,22,mean2,40,0.075,0.1,0.975,0.1,-2.7656,0.0
operator_spaces,22,own1,40,0.1,0.1,0.95,0.075,-2.6125,0.0
operator_spaces,22,own10,40,0.05,0.05,0.875,0.075,-2.7812,0.0
operator_spaces,22,own2,40,0.1,0.1,0.9,0.1,-2.6055,0.0
operator_spaces,23,full,40,0.25,0.45,0.45,0.1,-1.5611,0.0
operator_spaces,23,mean1,40,0.2,0.2,0.9,0.025,-1.9648,0.0
operator_spaces,23,mean2,40,0.075,0.1,0.925,0.075,-2.3125,0.0
operator_spaces,23,own1,40,0.1,0.125,0.95,0.175,-1.9328,0.0
operator_spaces,23,own10,40,0.2,0.225,0.9,0.125,-2.1531,0.0
operator_spaces,23,own2,40,0.075,0.075,0.95,0.125,-2.1758,0.0
operator_spaces,24,full,40,0.15,0.35,0.525,0.125,-1.254,0.0
operator_spaces,24,mean1,40,0.225,0.3,0.85,0.1,-1.6164,0.0
operator_spaces,24,mean2,40,0.175,0.2,0.9,0.1,-1.9977,0.0
operator_spaces,24,own1,40,0.2,0.225,0.875,0.1,-1.6023,0.0
operator_spaces,24,own10,40,0.125,0.15,0.775,0.1,-1.9313,0.0
operator_spaces,24,own2,40,0.225,0.225,0.9,0.1,-1.9148,0.0
operator_spaces,25,full,40,0.375,0.7,0.45,0.075,0.5916,0.0
operator_spaces,25,mean1,40,0.475,0.5,0.875,0.125,-0.0242,0.0
operator_spaces,25,mean2,40,0.375,0.525,0.8,0.125,0.1609,0.0
operator_spaces,25,own1,40,0.425,0.5,0.825,0.1,0.0859,0.0
operator_spaces,25,own10,40,0.475,0.55,0.9,0.05,0.225,0.0
operator_spaces,25,own2,40,0.475,0.475,0.9,0.15,0.2625,0.0
operator_spaces,26,full,40,0.375,0.675,0.475,0.125,0.6924,0.0
operator_spaces,26,mean1,40,0.325,0.375,0.9,0.075,-0.4922,0.0
operator_spaces,26,mean2,40,0.45,0.5,0.9,0.15,-0.1094,0.0
operator_spaces,26,own1,40,0.425,0.425,0.975,0.2,-0.375,0.0
operator_spaces,26,own10,40,0.475,0.5,0.95,0.075,-0.0602,0.0
operator_spaces,26,own2,40,0.475,0.525,0.9,0.15,-0.0492,0.0
operator_spaces,27,full,40,0.375,0.675,0.575,0.1,0.903,0.0
operator_spaces,27,mean1,40,0.425,0.45,0.9,0.1,-0.6621,0.0
operator_spaces,27,mean2,40,0.325,0.4,0.85,0.1,-0.4023,0.0
operator_spaces,27,own1,40,0.275,0.325,0.9,0.075,-0.5695,0.0
operator_spaces,27,own10,40,0.45,0.525,0.875,0.125,-0.5328,0.0
operator_spaces,27,own2,40,0.45,0.5,0.875,0.125,-0.3605,0.0
operator_spaces,28,full,40,0.35,0.675,0.475,0.125,0.966,0.0
operator_spaces,28,mean1,40,0.425,0.425,0.925,0.125,-0.8664,0.0
operator_spaces,28,mean2,40,0.4,0.45,0.875,0.15,-0.3852,0.0
operator_spaces,28,own1,40,0.25,0.3,0.85,0.175,-1.5281,0.0
operator_spaces,28,own10,40,0.3,0.4,0.85,0.1,-1.3512,0.0
operator_spaces,28,own2,40,0.275,0.3,0.85,0.075,-1.1586,0.0
php_array,0,base,40,0.1,0.125,0.725,0.325,-1.7297,0.1
php_array,20,full,40,0.15,0.225,0.5,0.525,1.4484,0.1
php_array,20,mean1,40,0.1,0.175,0.5,0.25,-1.2734,0.1
php_array,20,mean2,40,0.175,0.225,0.875,0.15,-0.9844,0.1
php_array,20,own1,40,0.15,0.2,0.75,0.275,-1.2672,0.1
php_array,20,own10,40,0.2,0.275,0.675,0.175,-0.6734,0.1
php_array,20,own2,40,0.1,0.175,0.725,0.325,-0.8359,0.1
php_array,21,full,40,0.175,0.2,0.6,0.425,2.2117,0.1
php_array,21,mean1,40,0.125,0.225,0.625,0.075,-0.7672,0.1
php_array,21,mean2,40,0.075,0.075,0.75,0.275,-0.4516,0.1
php_array,21,own1,40,0.2,0.25,0.7,0.225,-0.7578,0.1
php_array,21,own10,40,0.15,0.225,0.675,0.175,-0.6,0.1
php_array,21,own2,40,0.1,0.15,0.65,0.15,-0.3281,0.1
php_array,22,full,40,0.125,0.25,0.375,0.55,2.5633,0.1
php_array,22,mean1,40,0.075,0.1,0.775,0.175,-1.1141,0.1
php_array,22,mean2,40,0.15,0.175,0.85,0.25,-0.5266,0.1
php_array,22,own1,40,0.1,0.15,0.725,0.325,-1.15,0.1
php_array,22,own10,40,0.1,0.175,0.6,0.325,-0.5266,0.1
php_array,22,own2,40,0.15,0.25,0.65,0.225,-0.3563,0.1
php_array,23,full,40,0.55,0.8,0.6,0.15,6.4883,0.1
php_array,23,mean1,40,0.325,0.475,0.7,0.1,0.7094,0.1
php_array,23,mean2,40,0.4,0.525,0.75,0.15,1.2281,0.1
php_array,23,own1,40,0.35,0.45,0.8,0.175,0.8797,0.1
php_array,23,own10,40,0.6,0.75,0.825,0.025,2.0563,0.1
php_array,23,own2,40,0.375,0.5,0.75,0.1,1.4969,0.1
php_array,24,full,40,0.45,0.7,0.575,0.15,7.1703,0.1
php_array,24,mean1,40,0.45,0.6,0.65,0.175,1.1734,0.1
php_array,24,mean2,40,0.375,0.6,0.625,0.1,1.8484,0.1
php_array,24,own1,40,0.45,0.65,0.7,0.125,1.4625,0.1
php_array,24,own10,40,0.525,0.725,0.725,0.1,2.6516,0.1
php_array,24,own2,40,0.5,0.675,0.75,0.125,2.1938,0.1
php_array,25,full,40,0.525,0.775,0.675,0.15,9.8062,0.1
php_array,25,mean1,40,0.625,0.825,0.675,0.0,2.7313,0.1
php_array,25,mean2,40,0.675,0.8,0.775,0.075,3.3828,0.1
php_array,25,own1,40,0.45,0.7,0.65,0.075,3.0922,0.1
php_array,25,own10,40,0.725,0.875,0.775,0.025,4.0078,0.1
php_array,25,own2,40,0.575,0.9,0.625,0.025,3.7531,0.1
php_array,26,full,40,0.625,0.825,0.725,0.125,9.75,0.1
php_array,26,mean1,40,0.525,0.725,0.65,0.075,2.9016,0.1
php_array,26,mean2,40,0.625,0.875,0.675,0.0,3.3953,0.1
php_array,26,own1,40,0.5,0.725,0.6,0.075,3.2531,0.1
php_array,26,own10,40,0.625,0.925,0.65,0.025,4.4734,0.1
php_array,26,own2,40,0.475,0.7,0.675,0.075,3.7156,0.1
php_array,27,full,40,0.575,0.7,0.65,0.15,9.9008,0.1
php_array,27,mean1,40,0.425,0.775,0.6,0.05,3.3031,0.1
php_array,27,mean2,40,0.45,0.775,0.575,0.025,3.7844,0.1
php_array,27,own1,40,0.6,0.8,0.75,0.075,3.85,0.1
php_array,27,own10,40,0.65,0.85,0.75,0.075,5.0938,0.1
php_array,27,own2,40,0.65,0.8,0.725,0.075,4.2844,0.1
php_array,28,full,40,0.6,0.8,0.7,0.125,10.4422,0.1
php_array,28,mean1,40,0.575,0.775,0.725,0.05,2.7984,0.1
php_array,28,mean2,40,0.475,0.75,0.6,0.05,3.3984,0.1
php_array,28,own1,40,0.5,0.65,0.675,0.075,3.9453,0.1
php_array,28,own10,40,0.65,0.9,0.725,0.025,5.7398,0.1
php_array,28,own2,40,0.575,0.775,0.675,0.025,4.6672,0.1
py2_except,0,base,40,0.0,0.0,0.9,0.8,-5.6969,0.0
py2_except,20,full,40,0.0,0.0,0.825,0.825,-3.1984,0.0
py2_except,20,mean1,40,0.0,0.025,0.825,0.85,-3.55,0.0
py2_except,20,mean2,40,0.0,0.0,0.875,0.825,-3.5969,0.0
py2_except,20,own1,40,0.0,0.0,0.775,0.825,-3.55,0.0
py2_except,20,own10,40,0.025,0.025,0.95,0.85,-3.1812,0.0
py2_except,20,own2,40,0.0,0.0,0.925,0.9,-3.5938,0.0
py2_except,21,full,40,0.0,0.0,0.875,0.875,-2.1344,0.0
py2_except,21,mean1,40,0.025,0.05,0.825,0.825,-3.2562,0.0
py2_except,21,mean2,40,0.025,0.025,0.85,0.775,-3.3062,0.0
py2_except,21,own1,40,0.0,0.0,0.95,0.875,-3.25,0.0
py2_except,21,own10,40,0.0,0.0,0.8,0.9,-2.8656,0.0
py2_except,21,own2,40,0.0,0.0,0.875,0.775,-3.2875,0.0
py2_except,22,full,40,0.0,0.0,0.925,0.925,-1.6,0.0
py2_except,22,mean1,40,0.0,0.0,0.875,0.875,-2.3406,0.0
py2_except,22,mean2,40,0.0,0.0,0.825,0.85,-2.3469,0.0
py2_except,22,own1,40,0.0,0.0,0.85,0.75,-2.2719,0.0
py2_except,22,own10,40,0.0,0.0,0.825,0.95,-1.9125,0.0
py2_except,22,own2,40,0.0,0.0,0.95,0.9,-2.2969,0.0
py2_except,23,full,40,0.25,0.275,0.875,0.725,5.7156,0.0
py2_except,23,mean1,40,0.075,0.075,0.875,0.925,3.1188,0.0
py2_except,23,mean2,40,0.175,0.175,0.9,0.8,3.1312,0.0
py2_except,23,own1,40,0.125,0.125,0.775,0.85,3.25,0.0
py2_except,23,own10,40,0.175,0.2,0.85,0.75,4.1375,0.0
py2_except,23,own2,40,0.05,0.075,0.95,0.9,3.6344,0.0
py2_except,24,full,40,0.2,0.25,0.85,0.725,5.8969,0.0
py2_except,24,mean1,40,0.25,0.275,0.925,0.625,4.4469,0.0
py2_except,24,mean2,40,0.1,0.15,0.925,0.825,4.45,0.0
py2_except,24,own1,40,0.025,0.025,0.925,0.975,4.5469,0.0
py2_except,24,own10,40,0.2,0.2,0.8,0.8,4.9313,0.0
py2_except,24,own2,40,0.075,0.1,0.85,0.9,5.175,0.0
py2_except,25,full,40,0.35,0.35,0.975,0.625,6.1562,0.0
py2_except,25,mean1,40,0.175,0.175,0.9,0.8,4.5781,0.0
py2_except,25,mean2,40,0.125,0.15,0.9,0.85,4.7375,0.0
py2_except,25,own1,40,0.125,0.125,0.925,0.85,4.6969,0.0
py2_except,25,own10,40,0.225,0.225,0.875,0.75,5.3312,0.0
py2_except,25,own2,40,0.2,0.225,0.875,0.75,5.6281,0.0
py2_except,26,full,40,0.225,0.3,0.825,0.7,6.3891,0.0
py2_except,26,mean1,40,0.125,0.175,0.875,0.825,3.8375,0.0
py2_except,26,mean2,40,0.1,0.125,0.875,0.825,4.2094,0.0
py2_except,26,own1,40,0.275,0.325,0.85,0.65,3.9406,0.0
py2_except,26,own10,40,0.15,0.15,0.975,0.85,5.65,0.0
py2_except,26,own2,40,0.2,0.225,0.85,0.675,5.4312,0.0
py2_except,27,full,40,0.25,0.25,0.925,0.75,6.575,0.0
py2_except,27,mean1,40,0.05,0.05,0.825,0.9,4.2375,0.0
py2_except,27,mean2,40,0.05,0.075,0.8,0.9,4.925,0.0
py2_except,27,own1,40,0.1,0.125,0.8,0.825,4.2594,0.0
py2_except,27,own10,40,0.15,0.15,0.9,0.85,7.2656,0.0
py2_except,27,own2,40,0.125,0.125,0.9,0.875,6.8875,0.0
py2_except,28,full,40,0.275,0.4,0.775,0.6,6.6609,0.0
py2_except,28,mean1,40,0.05,0.05,0.875,0.9,2.4188,0.0
py2_except,28,mean2,40,0.05,0.05,0.8,0.925,3.3062,0.0
py2_except,28,own1,40,0.1,0.125,0.8,0.825,3.0594,0.0
py2_except,28,own10,40,0.15,0.15,0.925,0.825,6.2219,0.0
py2_except,28,own2,40,0.175,0.175,0.9,0.8,5.7844,0.0
py2_iter,0,base,40,0.0,0.0,0.9,0.25,-5.8141,0.0
py2_iter,20,full,40,0.0,0.025,0.65,0.325,-1.4108,0.0
py2_iter,20,mean1,40,0.025,0.025,0.9,0.225,-3.6672,0.0
py2_iter,20,mean2,40,0.1,0.1,0.9,0.2,-3.6422,0.0
py2_iter,20,own1,40,0.025,0.025,0.95,0.25,-3.8297,0.0
py2_iter,20,own10,40,0.025,0.025,0.95,0.225,-3.2344,0.0
py2_iter,20,own2,40,0.1,0.125,0.95,0.225,-3.8047,0.0
py2_iter,21,full,40,0.05,0.075,0.6,0.325,-1.0085,0.0
py2_iter,21,mean1,40,0.025,0.025,0.925,0.225,-3.7375,0.0
py2_iter,21,mean2,40,0.0,0.025,0.875,0.175,-3.6562,0.0
py2_iter,21,own1,40,0.05,0.05,0.925,0.25,-3.8984,0.0
py2_iter,21,own10,40,0.025,0.025,0.875,0.275,-3.0562,0.0
py2_iter,21,own2,40,0.025,0.025,0.825,0.325,-3.7578,0.0
py2_iter,22,full,40,0.05,0.05,0.625,0.35,-0.4511,0.0
py2_iter,22,mean1,40,0.05,0.05,0.9,0.275,-3.5312,0.0
py2_iter,22,mean2,40,0.05,0.05,0.875,0.175,-3.4484,0.0
py2_iter,22,own1,40,0.05,0.125,0.9,0.225,-3.7031,0.0
py2_iter,22,own10,40,0.075,0.075,0.95,0.2,-3.0969,0.0
py2_iter,22,own2,40,0.0,0.025,0.925,0.25,-3.5469,0.0
py2_iter,23,full,40,0.1,0.35,0.45,0.275,2.8415,0.0
py2_iter,23,mean1,40,0.425,0.45,0.85,0.25,0.7281,0.0
py2_iter,23,mean2,40,0.45,0.525,0.875,0.225,0.8328,0.0
py2_iter,23,own1,40,0.45,0.5,0.925,0.15,0.5984,0.0
py2_iter,23,own10,40,0.4,0.475,0.9,0.225,0.6797,0.0
py2_iter,23,own2,40,0.525,0.6,0.925,0.175,0.6922,0.0
py2_iter,24,full,40,0.275,0.575,0.475,0.2,2.9252,0.0
py2_iter,24,mean1,40,0.35,0.4,0.825,0.225,0.7578,0.0
py2_iter,24,mean2,40,0.475,0.525,0.9,0.175,1.0078,0.0
py2_iter,24,own1,40,0.45,0.5,0.875,0.2,0.7234,0.0
py2_iter,24,own10,40,0.475,0.475,0.9,0.2,1.0125,0.0
py2_iter,24,own2,40,0.375,0.4,0.85,0.175,1.0656,0.0
py2_iter,25,full,40,0.25,0.45,0.45,0.175,3.2568,0.0
py2_iter,25,mean1,40,0.275,0.35,0.85,0.2,0.6953,0.0
py2_iter,25,mean2,40,0.5,0.6,0.875,0.075,0.9859,0.0
py2_iter,25,own1,40,0.375,0.425,0.925,0.225,0.6641,0.0
py2_iter,25,own10,40,0.375,0.525,0.75,0.175,1.0125,0.0
py2_iter,25,own2,40,0.425,0.475,0.9,0.15,0.9656,0.0
py2_iter,26,full,40,0.175,0.425,0.45,0.175,3.2433,0.0
py2_iter,26,mean1,40,0.35,0.375,0.85,0.2,0.2672,0.0
py2_iter,26,mean2,40,0.425,0.45,0.95,0.2,0.9469,0.0
py2_iter,26,own1,40,0.275,0.375,0.875,0.175,0.2422,0.0
py2_iter,26,own10,40,0.45,0.475,0.85,0.25,1.0391,0.0
py2_iter,26,own2,40,0.375,0.475,0.825,0.2,1.0094,0.0
py2_iter,27,full,40,0.325,0.7,0.5,0.2,3.5414,0.0
py2_iter,27,mean1,40,0.4,0.45,0.9,0.175,0.6281,0.0
py2_iter,27,mean2,40,0.4,0.5,0.825,0.125,0.9344,0.0
py2_iter,27,own1,40,0.375,0.425,0.875,0.25,0.5281,0.0
py2_iter,27,own10,40,0.475,0.55,0.825,0.15,0.9594,0.0
py2_iter,27,own2,40,0.5,0.55,0.95,0.15,1.0156,0.0
py2_iter,28,full,40,0.25,0.6,0.5,0.2,4.1548,0.0
py2_iter,28,mean1,40,0.525,0.575,0.925,0.075,1.3875,0.0
py2_iter,28,mean2,40,0.625,0.675,0.925,0.075,2.2672,0.0
py2_iter,28,own1,40,0.55,0.575,0.95,0.025,1.3312,0.0
py2_iter,28,own10,40,0.425,0.525,0.75,0.275,1.6625,0.0
py2_iter,28,own2,40,0.625,0.675,0.9,0.175,2.8375,0.0
py2_print,0,base,40,0.025,0.025,0.925,0.5,-4.6117,0.025
py2_print,20,full,40,0.275,0.325,0.775,0.625,4.1197,0.025
py2_print,20,mean1,40,0.225,0.25,0.85,0.6,1.1594,0.025
py2_print,20,mean2,40,0.4,0.425,0.9,0.45,1.1547,0.025
py2_print,20,own1,40,0.375,0.425,0.9,0.475,0.8328,0.025
py2_print,20,own10,40,0.35,0.35,0.85,0.575,1.2695,0.025
py2_print,20,own2,40,0.225,0.3,0.8,0.5,0.8578,0.025
py2_print,21,full,40,0.5,0.5,0.875,0.475,4.3638,0.025
py2_print,21,mean1,40,0.25,0.275,0.9,0.65,1.3125,0.025
py2_print,21,mean2,40,0.375,0.45,0.85,0.475,1.3203,0.025
py2_print,21,own1,40,0.3,0.45,0.725,0.475,0.9719,0.025
py2_print,21,own10,40,0.325,0.375,0.925,0.55,1.4055,0.025
py2_print,21,own2,40,0.375,0.4,0.85,0.475,0.9852,0.025
py2_print,22,full,40,0.375,0.475,0.825,0.5,4.6486,0.025
py2_print,22,mean1,40,0.175,0.325,0.675,0.55,1.1703,0.025
py2_print,22,mean2,40,0.15,0.25,0.775,0.6,1.1687,0.025
py2_print,22,own1,40,0.375,0.45,0.875,0.45,0.8703,0.025
py2_print,22,own10,40,0.35,0.45,0.875,0.5,1.2773,0.025
py2_print,22,own2,40,0.4,0.5,0.75,0.45,0.9008,0.025
py2_print,23,full,40,0.5,0.525,0.825,0.425,5.9709,0.025
py2_print,23,mean1,40,0.425,0.525,0.825,0.425,3.2609,0.025
py2_print,23,mean2,40,0.325,0.425,0.825,0.525,3.0492,0.025
py2_print,23,own1,40,0.375,0.4,0.875,0.55,3.1328,0.025
py2_print,23,own10,40,0.425,0.55,0.8,0.375,3.2578,0.025
py2_print,23,own2,40,0.4,0.45,0.9,0.525,2.9641,0.025
py2_print,24,full,40,0.35,0.375,0.825,0.625,6.0578,0.025
py2_print,24,mean1,40,0.6,0.6,0.875,0.4,4.3008,0.025
py2_print,24,mean2,40,0.45,0.675,0.7,0.325,3.8797,0.025
py2_print,24,own1,40,0.425,0.45,0.9,0.525,4.1883,0.025
py2_print,24,own10,40,0.4,0.45,0.825,0.525,4.2477,0.025
py2_print,24,own2,40,0.425,0.525,0.825,0.475,3.8695,0.025
py2_print,25,full,40,0.475,0.55,0.85,0.45,6.4896,0.025
py2_print,25,mean1,40,0.4,0.475,0.875,0.525,4.1516,0.025
py2_print,25,mean2,40,0.325,0.4,0.775,0.6,3.7391,0.025
py2_print,25,own1,40,0.35,0.4,0.9,0.55,4.0703,0.025
py2_print,25,own10,40,0.35,0.45,0.825,0.5,3.9406,0.025
py2_print,25,own2,40,0.4,0.45,0.9,0.525,3.7672,0.025
py2_print,26,full,40,0.425,0.5,0.775,0.5,6.5002,0.025
py2_print,26,mean1,40,0.35,0.475,0.75,0.525,4.7367,0.025
py2_print,26,mean2,40,0.5,0.525,0.85,0.475,4.075,0.025
py2_print,26,own1,40,0.45,0.5,0.875,0.425,4.607,0.025
py2_print,26,own10,40,0.375,0.475,0.8,0.45,4.0664,0.025
py2_print,26,own2,40,0.375,0.45,0.775,0.475,4.1281,0.025
py2_print,27,full,40,0.45,0.525,0.875,0.45,6.7089,0.025
py2_print,27,mean1,40,0.525,0.575,0.925,0.4,5.2484,0.025
py2_print,27,mean2,40,0.525,0.525,0.925,0.475,5.2469,0.025
py2_print,27,own1,40,0.475,0.6,0.8,0.375,5.2781,0.025
py2_print,27,own10,40,0.425,0.45,0.95,0.525,4.8297,0.025
py2_print,27,own2,40,0.35,0.45,0.775,0.5,5.3906,0.025
py2_print,28,full,40,0.4,0.45,0.825,0.525,6.8002,0.025
py2_print,28,mean1,40,0.525,0.6,0.875,0.4,8.825,0.025
py2_print,28,mean2,40,0.375,0.45,0.825,0.55,8.6969,0.025
py2_print,28,own1,40,0.45,0.575,0.85,0.4,9.1594,0.025
py2_print,28,own10,40,0.425,0.525,0.825,0.45,8.1656,0.025
py2_print,28,own2,40,0.375,0.425,0.8,0.575,8.9375,0.025
py_builtin_generics,0,base,40,0.125,0.125,0.875,0.825,5.401,0.125
py_builtin_generics,20,full,40,0.0,0.05,0.1,0.85,-0.043,0.125
py_builtin_generics,20,mean1,40,0.075,0.075,0.75,0.9,5.1749,0.125
py_builtin_generics,20,mean2,40,0.05,0.05,0.75,0.85,5.0515,0.125
py_builtin_generics,20,own1,40,0.1,0.1,0.65,0.9,5.1493,0.125
py_builtin_generics,20,own10,40,0.1,0.125,0.675,0.825,5.1987,0.125
py_builtin_generics,20,own2,40,0.075,0.075,0.7,0.925,5.0248,0.125
py_builtin_generics,21,full,40,0.0,0.0,0.125,0.95,0.0533,0.125
py_builtin_generics,21,mean1,40,0.05,0.05,0.875,0.875,5.0606,0.125
py_builtin_generics,21,mean2,40,0.075,0.075,0.8,0.85,5.0276,0.125
py_builtin_generics,21,own1,40,0.1,0.1,0.775,0.85,5.0683,0.125
py_builtin_generics,21,own10,40,0.15,0.15,0.75,0.8,5.4447,0.125
py_builtin_generics,21,own2,40,0.125,0.125,0.775,0.85,5.0411,0.125
py_builtin_generics,22,full,40,0.0,0.05,0.125,0.85,0.1543,0.125
py_builtin_generics,22,mean1,40,0.125,0.125,0.775,0.85,5.0632,0.125
py_builtin_generics,22,mean2,40,0.05,0.05,0.65,0.85,5.059,0.125
py_builtin_generics,22,own1,40,0.125,0.15,0.85,0.825,5.0317,0.125
py_builtin_generics,22,own10,40,0.1,0.1,0.8,0.85,5.6152,0.125
py_builtin_generics,22,own2,40,0.125,0.15,0.775,0.8,5.0141,0.125
py_builtin_generics,23,full,40,0.05,0.2,0.25,0.75,-0.1114,0.125
py_builtin_generics,23,mean1,40,0.1,0.1,0.775,0.8,4.7886,0.125
py_builtin_generics,23,mean2,40,0.075,0.075,0.85,0.9,4.763,0.125
py_builtin_generics,23,own1,40,0.125,0.15,0.75,0.85,4.7785,0.125
py_builtin_generics,23,own10,40,0.125,0.125,0.675,0.8,4.7542,0.125
py_builtin_generics,23,own2,40,0.15,0.15,0.75,0.8,4.7264,0.125
py_builtin_generics,24,full,40,0.075,0.225,0.325,0.725,-0.178,0.125
py_builtin_generics,24,mean1,40,0.075,0.075,0.75,0.85,5.2497,0.125
py_builtin_generics,24,mean2,40,0.15,0.15,0.7,0.85,5.0779,0.125
py_builtin_generics,24,own1,40,0.1,0.1,0.825,0.85,5.2114,0.125
py_builtin_generics,24,own10,40,0.025,0.025,0.775,0.95,5.1293,0.125
py_builtin_generics,24,own2,40,0.125,0.125,0.775,0.875,5.0171,0.125
py_builtin_generics,25,full,40,0.0,0.15,0.175,0.775,-0.3709,0.125
py_builtin_generics,25,mean1,40,0.05,0.05,0.65,0.875,5.1156,0.125
py_builtin_generics,25,mean2,40,0.125,0.15,0.775,0.8,4.9803,0.125
py_builtin_generics,25,own1,40,0.175,0.175,0.875,0.8,5.119,0.125
py_builtin_generics,25,own10,40,0.125,0.125,0.775,0.875,5.1166,0.125
py_builtin_generics,25,own2,40,0.15,0.2,0.725,0.775,4.9776,0.125
py_builtin_generics,26,full,40,0.075,0.25,0.175,0.75,-0.8398,0.125
py_builtin_generics,26,mean1,40,0.125,0.125,0.825,0.85,5.0825,0.125
py_builtin_generics,26,mean2,40,0.075,0.075,0.65,0.85,4.9617,0.125
py_builtin_generics,26,own1,40,0.1,0.1,0.675,0.85,5.1002,0.125
py_builtin_generics,26,own10,40,0.125,0.125,0.775,0.825,5.0239,0.125
py_builtin_generics,26,own2,40,0.075,0.1,0.7,0.875,4.9367,0.125
py_builtin_generics,27,full,40,0.075,0.2,0.275,0.8,-1.5101,0.125
py_builtin_generics,27,mean1,40,0.1,0.1,0.7,0.875,5.1345,0.125
py_builtin_generics,27,mean2,40,0.075,0.075,0.725,0.925,5.086,0.125
py_builtin_generics,27,own1,40,0.05,0.075,0.7,0.825,5.1363,0.125
py_builtin_generics,27,own10,40,0.1,0.1,0.775,0.825,4.9289,0.125
py_builtin_generics,27,own2,40,0.125,0.125,0.8,0.825,5.0668,0.125
py_builtin_generics,28,full,40,0.1,0.325,0.225,0.625,-2.4034,0.125
py_builtin_generics,28,mean1,40,0.125,0.125,0.8,0.8,5.1479,0.125
py_builtin_generics,28,mean2,40,0.075,0.075,0.775,0.85,5.1006,0.125
py_builtin_generics,28,own1,40,0.15,0.15,0.775,0.85,5.1434,0.125
py_builtin_generics,28,own10,40,0.1,0.175,0.5,0.8,3.2034,0.125
py_builtin_generics,28,own2,40,0.1,0.125,0.675,0.85,5.1025,0.125
py_class_naming,0,base,40,0.025,0.025,0.95,0.0,-3.7787,0.025
py_class_naming,20,full,40,0.275,0.4,0.675,0.1,-0.2074,0.025
py_class_naming,20,mean1,40,0.125,0.15,0.75,0.025,-1.7479,0.025
py_class_naming,20,mean2,40,0.15,0.225,0.75,0.025,-1.4738,0.025
py_class_naming,20,own1,40,0.05,0.15,0.7,0.05,-1.673,0.025
py_class_naming,20,own10,40,0.05,0.1,0.775,0.075,-1.6863,0.025
py_class_naming,20,own2,40,0.175,0.225,0.775,0.075,-1.3328,0.025
py_class_naming,21,full,40,0.475,0.65,0.725,0.15,2.3555,0.025
py_class_naming,21,mean1,40,0.375,0.6,0.7,0.05,1.1994,0.025
py_class_naming,21,mean2,40,0.55,0.75,0.725,0.15,1.7174,0.025
py_class_naming,21,own1,40,0.525,0.7,0.8,0.05,1.2795,0.025
py_class_naming,21,own10,40,0.55,0.675,0.775,0.15,1.825,0.025
py_class_naming,21,own2,40,0.55,0.7,0.775,0.175,1.8437,0.025
py_class_naming,22,full,40,0.375,0.575,0.675,0.225,2.597,0.025
py_class_naming,22,mean1,40,0.4,0.55,0.725,0.1,1.1916,0.025
py_class_naming,22,mean2,40,0.525,0.7,0.8,0.15,1.5758,0.025
py_class_naming,22,own1,40,0.425,0.55,0.75,0.225,1.267,0.025
py_class_naming,22,own10,40,0.5,0.575,0.85,0.225,2.1631,0.025
py_class_naming,22,own2,40,0.475,0.65,0.675,0.125,1.7121,0.025
py_class_naming,23,full,40,0.375,0.6,0.65,0.2,2.7445,0.025
py_class_naming,23,mean1,40,0.475,0.6,0.8,0.125,1.3436,0.025
py_class_naming,23,mean2,40,0.525,0.7,0.75,0.1,1.69,0.025
py_class_naming,23,own1,40,0.5,0.625,0.8,0.1,1.4148,0.025
py_class_naming,23,own10,40,0.575,0.725,0.775,0.075,2.385,0.025
py_class_naming,23,own2,40,0.425,0.525,0.75,0.15,1.735,0.025
py_class_naming,24,full,40,0.45,0.7,0.625,0.25,2.8266,0.025
py_class_naming,24,mean1,40,0.475,0.675,0.75,0.075,1.3684,0.025
py_class_naming,24,mean2,40,0.6,0.7,0.825,0.1,1.6949,0.025
py_class_naming,24,own1,40,0.4,0.625,0.7,0.15,1.3753,0.025
py_class_naming,24,own10,40,0.5,0.65,0.75,0.15,2.3019,0.025
py_class_naming,24,own2,40,0.6,0.7,0.825,0.125,1.742,0.025
py_class_naming,25,full,40,0.575,0.725,0.725,0.175,3.3204,0.025
py_class_naming,25,mean1,40,0.425,0.525,0.725,0.25,2.0619,0.025
py_class_naming,25,mean2,40,0.525,0.675,0.725,0.15,2.4096,0.025
py_class_naming,25,own1,40,0.675,0.775,0.85,0.05,2.0655,0.025
py_class_naming,25,own10,40,0.55,0.725,0.775,0.125,3.2515,0.025
py_class_naming,25,own2,40,0.575,0.8,0.725,0.1,2.5343,0.025
py_class_naming,26,full,40,0.425,0.6,0.675,0.2,2.8496,0.025
py_class_naming,26,mean1,40,0.65,0.875,0.725,0.1,2.067,0.025
py_class_naming,26,mean2,40,0.625,0.725,0.8,0.175,2.1889,0.025
py_class_naming,26,own1,40,0.525,0.675,0.75,0.1,2.0816,0.025
py_class_naming,26,own10,40,0.6,0.75,0.75,0.1,3.0131,0.025
py_class_naming,26,own2,40,0.625,0.8,0.775,0.075,2.3729,0.025
py_class_naming,27,full,40,0.3,0.45,0.725,0.4,2.9084,0.025
py_class_naming,27,mean1,40,0.6,0.7,0.75,0.175,1.9414,0.025
py_class_naming,27,mean2,40,0.575,0.775,0.675,0.175,1.9623,0.025
py_class_naming,27,own1,40,0.55,0.675,0.825,0.15,1.9324,0.025
py_class_naming,27,own10,40,0.4,0.6,0.65,0.2,2.7301,0.025
py_class_naming,27,own2,40,0.6,0.725,0.725,0.15,1.9812,0.025
py_class_naming,28,full,40,0.375,0.55,0.65,0.3,3.0457,0.025
py_class_naming,28,mean1,40,0.45,0.625,0.725,0.275,2.227,0.025
py_class_naming,28,mean2,40,0.55,0.725,0.825,0.125,2.0459,0.025
py_class_naming,28,own1,40,0.5,0.6,0.75,0.225,2.1417,0.025
py_class_naming,28,own10,40,0.575,0.675,0.85,0.2,2.5718,0.025
py_class_naming,28,own2,40,0.5,0.725,0.675,0.075,1.805,0.025
py_comprehension,0,base,40,0.15,0.175,0.75,0.425,-1.1078,0.15
py_comprehension,20,full,40,0.275,0.3,0.75,0.375,-1.1504,0.15
py_comprehension,20,mean1,40,0.2,0.225,0.7,0.425,-0.625,0.15
py_comprehension,20,mean2,40,0.275,0.35,0.725,0.3,-0.5188,0.15
py_comprehension,20,own1,40,0.25,0.375,0.575,0.4,-0.4937,0.15
py_comprehension,20,own10,40,0.3,0.4,0.7,0.225,-0.2328,0.15
py_comprehension,20,own2,40,0.225,0.25,0.7,0.475,-0.3453,0.15
py_comprehension,21,full,40,0.25,0.325,0.65,0.225,-1.0031,0.15
py_comprehension,21,mean1,40,0.2,0.25,0.7,0.425,-0.6547,0.15
py_comprehension,21,mean2,40,0.325,0.4,0.8,0.35,-0.6094,0.15
py_comprehension,21,own1,40,0.15,0.2,0.65,0.45,-0.4406,0.15
py_comprehension,21,own10,40,0.4,0.45,0.725,0.325,-0.0234,0.15
py_comprehension,21,own2,40,0.225,0.3,0.55,0.35,-0.3734,0.15
py_comprehension,22,full,40,0.35,0.425,0.65,0.325,-0.6782,0.15
py_comprehension,22,mean1,40,0.25,0.325,0.725,0.375,-0.6766,0.15
py_comprehension,22,mean2,40,0.2,0.25,0.675,0.425,-0.5938,0.15
py_comprehension,22,own1,40,0.375,0.4,0.8,0.3,-0.4219,0.15
py_comprehension,22,own10,40,0.375,0.45,0.65,0.35,0.1125,0.15
py_comprehension,22,own2,40,0.375,0.45,0.7,0.275,-0.325,0.15
py_comprehension,23,full,40,0.25,0.425,0.475,0.35,0.5353,0.15
py_comprehension,23,mean1,40,0.3,0.425,0.625,0.275,-0.2672,0.15
py_comprehension,23,mean2,40,0.25,0.375,0.7,0.275,-0.0844,0.15
py_comprehension,23,own1,40,0.375,0.5,0.775,0.275,0.2312,0.15
py_comprehension,23,own10,40,0.325,0.4,0.8,0.25,1.0062,0.15
py_comprehension,23,own2,40,0.3,0.475,0.65,0.3,0.4656,0.15
py_comprehension,24,full,40,0.4,0.55,0.65,0.15,0.7063,0.15
py_comprehension,24,mean1,40,0.375,0.375,0.8,0.225,-0.0781,0.15
py_comprehension,24,mean2,40,0.35,0.45,0.775,0.375,-0.0078,0.15
py_comprehension,24,own1,40,0.3,0.425,0.625,0.325,0.4672,0.15
py_comprehension,24,own10,40,0.525,0.65,0.825,0.175,1.1187,0.15
py_comprehension,24,own2,40,0.425,0.55,0.675,0.375,0.6688,0.15
py_comprehension,25,full,40,0.425,0.525,0.75,0.25,0.8765,0.15
py_comprehension,25,mean1,40,0.45,0.475,0.85,0.25,0.0594,0.15
py_comprehension,25,mean2,40,0.425,0.45,0.825,0.325,0.2406,0.15
py_comprehension,25,own1,40,0.425,0.55,0.7,0.25,0.5812,0.15
py_comprehension,25,own10,40,0.525,0.575,0.85,0.225,1.2906,0.15
py_comprehension,25,own2,40,0.375,0.45,0.725,0.275,0.8437,0.15
py_comprehension,26,full,40,0.425,0.6,0.6,0.2,1.0111,0.15
py_comprehension,26,mean1,40,0.325,0.425,0.625,0.2,-0.1031,0.15
py_comprehension,26,mean2,40,0.275,0.4,0.6,0.35,0.0531,0.15
py_comprehension,26,own1,40,0.375,0.475,0.725,0.3,0.4172,0.15
py_comprehension,26,own10,40,0.35,0.475,0.675,0.3,1.1109,0.15
py_comprehension,26,own2,40,0.425,0.475,0.725,0.3,0.7547,0.15
py_comprehension,27,full,40,0.425,0.525,0.675,0.225,1.1443,0.15
py_comprehension,27,mean1,40,0.425,0.475,0.8,0.375,-0.1125,0.15
py_comprehension,27,mean2,40,0.375,0.4,0.8,0.375,0.15,0.15
py_comprehension,27,own1,40,0.4,0.475,0.7,0.3,0.4672,0.15
py_comprehension,27,own10,40,0.475,0.6,0.75,0.3,1.2812,0.15
py_comprehension,27,own2,40,0.45,0.525,0.725,0.25,0.8594,0.15
py_comprehension,28,full,40,0.275,0.525,0.6,0.2,1.2248,0.15
py_comprehension,28,mean1,40,0.375,0.475,0.675,0.175,0.2,0.15
py_comprehension,28,mean2,40,0.275,0.325,0.725,0.45,-0.125,0.15
py_comprehension,28,own1,40,0.225,0.35,0.675,0.25,-0.2359,0.15
py_comprehension,28,own10,40,0.4,0.475,0.65,0.275,1.0789,0.15
py_comprehension,28,own2,40,0.325,0.35,0.65,0.425,-0.0281,0.15
py_const_naming,0,base,40,0.05,0.1,0.75,0.8,0.674,0.05
py_const_naming,20,full,40,0.125,0.15,0.8,0.75,3.432,0.05
py_const_naming,20,mean1,40,0.025,0.025,0.85,0.825,1.0044,0.05
py_const_naming,20,mean2,40,0.0,0.0,0.775,0.775,1.1979,0.05
py_const_naming,20,own1,40,0.025,0.075,0.7,0.775,0.9041,0.05
py_const_naming,20,own10,40,0.0,0.0,0.675,0.875,1.2945,0.05
py_const_naming,20,own2,40,0.0,0.025,0.725,0.875,1.1191,0.05
py_const_naming,21,full,40,0.075,0.1,0.85,0.9,5.3198,0.05
py_const_naming,21,mean1,40,0.025,0.05,0.775,0.825,1.8857,0.05
py_const_naming,21,mean2,40,0.025,0.025,0.725,0.9,1.9569,0.05
py_const_naming,21,own1,40,0.025,0.025,0.75,0.85,1.7867,0.05
py_const_naming,21,own10,40,0.025,0.05,0.7,0.825,2.7751,0.05
py_const_naming,21,own2,40,0.075,0.075,0.725,0.8,1.8657,0.05
py_const_naming,22,full,40,0.125,0.15,0.8,0.825,5.5274,0.05
py_const_naming,22,mean1,40,0.025,0.05,0.65,0.825,2.0809,0.05
py_const_naming,22,mean2,40,0.025,0.025,0.825,0.8,2.0732,0.05
py_const_naming,22,own1,40,0.0,0.0,0.675,0.875,1.991,0.05
py_const_naming,22,own10,40,0.025,0.025,0.7,0.8,2.8722,0.05
py_const_naming,22,own2,40,0.025,0.025,0.75,0.95,1.9698,0.05
py_const_naming,23,full,40,0.05,0.125,0.75,0.825,5.6155,0.05
py_const_naming,23,mean1,40,0.0,0.0,0.75,0.925,2.2237,0.05
py_const_naming,23,mean2,40,0.025,0.025,0.75,0.85,2.166,0.05
py_const_naming,23,own1,40,0.025,0.05,0.7,0.775,2.1727,0.05
py_const_naming,23,own10,40,0.0,0.0,0.825,0.925,3.5232,0.05
py_const_naming,23,own2,40,0.05,0.05,0.825,0.85,2.096,0.05
py_const_naming,24,full,40,0.075,0.1,0.8,0.9,5.5343,0.05
py_const_naming,24,mean1,40,0.0,0.05,0.625,0.925,2.4799,0.05
py_const_naming,24,mean2,40,0.025,0.025,0.625,0.875,2.4051,0.05
py_const_naming,24,own1,40,0.05,0.05,0.775,0.875,2.3898,0.05
py_const_naming,24,own10,40,0.0,0.025,0.675,0.825,2.52,0.05
py_const_naming,24,own2,40,0.0,0.0,0.8,0.9,2.3197,0.05
py_const_naming,25,full,40,0.05,0.075,0.775,0.875,5.6012,0.05
py_const_naming,25,mean1,40,0.05,0.075,0.875,0.8,2.9478,0.05
py_const_naming,25,mean2,40,0.05,0.05,0.725,0.9,2.9566,0.05
py_const_naming,25,own1,40,0.05,0.075,0.6,0.875,2.8957,0.05
py_const_naming,25,own10,40,0.0,0.0,0.75,0.9,3.341,0.05
py_const_naming,25,own2,40,0.025,0.025,0.7,0.875,2.9107,0.05
py_const_naming,26,full,40,0.075,0.125,0.85,0.875,5.6346,0.05
py_const_naming,26,mean1,40,0.0,0.0,0.725,0.925,2.9831,0.05
py_const_naming,26,mean2,40,0.05,0.05,0.775,0.8,3.0672,0.05
py_const_naming,26,own1,40,0.05,0.05,0.85,0.825,2.9774,0.05
py_const_naming,26,own10,40,0.05,0.05,0.825,0.875,3.7507,0.05
py_const_naming,26,own2,40,0.05,0.05,0.825,0.85,3.0446,0.05
py_const_naming,27,full,40,0.05,0.075,0.65,0.925,5.7141,0.05
py_const_naming,27,mean1,40,0.025,0.05,0.8,0.875,2.925,0.05
py_const_naming,27,mean2,40,0.05,0.05,0.775,0.775,3.3245,0.05
py_const_naming,27,own1,40,0.025,0.05,0.775,0.8,3.117,0.05
py_const_naming,27,own10,40,0.025,0.025,0.75,0.875,4.1803,0.05
py_const_naming,27,own2,40,0.05,0.05,0.825,0.9,3.4698,0.05
py_const_naming,28,full,40,0.1,0.1,0.8,0.875,5.851,0.05
py_const_naming,28,mean1,40,0.0,0.0,0.725,0.9,4.92,0.05
py_const_naming,28,mean2,40,0.0,0.025,0.625,0.9,4.8393,0.05
py_const_naming,28,own1,40,0.0,0.0,0.8,0.85,5.0006,0.05
py_const_naming,28,own10,40,0.05,0.05,0.775,0.9,5.1066,0.05
py_const_naming,28,own2,40,0.025,0.025,0.7,0.925,4.8974,0.05
py_enumerate,0,base,40,0.125,0.15,0.8,0.175,-1.9531,0.125
py_enumerate,20,full,40,0.025,0.025,0.525,0.475,0.6366,0.125
py_enumerate,20,mean1,40,0.075,0.075,0.975,0.125,-2.0547,0.125
py_enumerate,20,mean2,40,0.075,0.075,0.875,0.15,-2.0234,0.125
py_enumerate,20,own1,40,0.075,0.075,0.875,0.2,-1.975,0.125
py_enumerate,20,own10,40,0.075,0.075,0.9,0.15,-1.7094,0.125
py_enumerate,20,own2,40,0.15,0.15,0.875,0.2,-1.9688,0.125
py_enumerate,21,full,40,0.1,0.15,0.55,0.425,0.8637,0.125
py_enumerate,21,mean1,40,0.0,0.0,0.8,0.175,-2.2422,0.125
py_enumerate,21,mean2,40,0.05,0.075,0.825,0.175,-2.2437,0.125
py_enumerate,21,own1,40,0.025,0.05,0.875,0.15,-2.1406,0.125
py_enumerate,21,own10,40,0.05,0.075,0.75,0.15,-2.1172,0.125
py_enumerate,21,own2,40,0.125,0.125,0.875,0.15,-2.1219,0.125
py_enumerate,22,full,40,0.1,0.15,0.7,0.35,0.9759,0.125
py_enumerate,22,mean1,40,0.0,0.0,0.775,0.1,-2.0187,0.125
py_enumerate,22,mean2,40,0.025,0.025,0.925,0.15,-2.0734,0.125
py_enumerate,22,own1,40,0.05,0.1,0.825,0.15,-1.8922,0.125
py_enumerate,22,own10,40,0.075,0.075,0.85,0.225,-2.0156,0.125
py_enumerate,22,own2,40,0.05,0.05,0.8,0.175,-1.9422,0.125
py_enumerate,23,full,40,0.175,0.25,0.65,0.375,1.5947,0.125
py_enumerate,23,mean1,40,0.2,0.2,0.95,0.2,-0.5984,0.125
py_enumerate,23,mean2,40,0.175,0.2,0.8,0.175,-0.6203,0.125
py_enumerate,23,own1,40,0.35,0.375,0.875,0.25,-0.5078,0.125
py_enumerate,23,own10,40,0.2,0.25,0.8,0.225,-0.575,0.125
py_enumerate,23,own2,40,0.2,0.25,0.85,0.25,-0.5297,0.125
py_enumerate,24,full,40,0.1,0.15,0.6,0.5,1.6212,0.125
py_enumerate,24,mean1,40,0.15,0.2,0.875,0.175,-0.6937,0.125
py_enumerate,24,mean2,40,0.2,0.225,0.8,0.225,-0.6859,0.125
py_enumerate,24,own1,40,0.2,0.2,0.875,0.3,-0.5875,0.125
py_enumerate,24,own10,40,0.275,0.275,0.925,0.125,-0.5844,0.125
py_enumerate,24,own2,40,0.2,0.2,0.85,0.225,-0.5625,0.125
py_enumerate,25,full,40,0.175,0.25,0.7,0.35,1.4672,0.125
py_enumerate,25,mean1,40,0.175,0.2,0.825,0.175,-0.7578,0.125
py_enumerate,25,mean2,40,0.225,0.225,0.825,0.2,-0.8563,0.125
py_enumerate,25,own1,40,0.15,0.15,0.8,0.2,-0.6219,0.125
py_enumerate,25,own10,40,0.2,0.225,0.85,0.225,-0.6391,0.125
py_enumerate,25,own2,40,0.25,0.25,0.9,0.275,-0.6609,0.125
py_enumerate,26,full,40,0.15,0.275,0.65,0.325,1.4079,0.125
py_enumerate,26,mean1,40,0.25,0.275,0.825,0.15,-0.6578,0.125
py_enumerate,26,mean2,40,0.125,0.125,0.825,0.2,-0.7547,0.125
py_enumerate,26,own1,40,0.175,0.225,0.875,0.175,-0.6062,0.125
py_enumerate,26,own10,40,0.15,0.175,0.775,0.175,-0.5969,0.125
py_enumerate,26,own2,40,0.2,0.2,0.85,0.2,-0.6437,0.125
py_enumerate,27,full,40,0.3,0.35,0.675,0.275,1.4484,0.125
py_enumerate,27,mean1,40,0.275,0.3,0.9,0.175,-0.7281,0.125
py_enumerate,27,mean2,40,0.125,0.15,0.825,0.175,-0.7672,0.125
py_enumerate,27,own1,40,0.325,0.325,0.9,0.15,-0.6469,0.125
py_enumerate,27,own10,40,0.275,0.3,0.875,0.225,-0.6438,0.125
py_enumerate,27,own2,40,0.3,0.325,0.9,0.075,-0.6781,0.125
py_enumerate,28,full,40,0.2,0.225,0.55,0.425,1.4677,0.125
py_enumerate,28,mean1,40,0.375,0.4,0.9,0.35,1.75,0.125
py_enumerate,28,mean2,40,0.15,0.275,0.825,0.225,-0.5359,0.125
py_enumerate,28,own1,40,0.3,0.375,0.8,0.225,1.0016,0.125
py_enumerate,28,own10,40,0.2,0.2,0.825,0.25,-0.4688,0.125
py_enumerate,28,own2,40,0.2,0.2,0.925,0.35,-0.2547,0.125
py_fstring,0,base,40,0.175,0.175,0.925,0.525,0.3203,0.175
py_fstring,20,full,40,0.2,0.225,0.775,0.35,-1.8012,0.175
py_fstring,20,mean1,40,0.15,0.15,0.875,0.525,0.5828,0.175
py_fstring,20,mean2,40,0.15,0.15,0.875,0.575,0.5844,0.175
py_fstring,20,own1,40,0.15,0.175,0.8,0.475,0.5891,0.175
py_fstring,20,own10,40,0.15,0.15,0.85,0.475,0.6828,0.175
py_fstring,20,own2,40,0.15,0.175,0.875,0.5,0.5891,0.175
py_fstring,21,full,40,0.15,0.2,0.675,0.35,-1.9953,0.175
py_fstring,21,mean1,40,0.125,0.175,0.875,0.6,0.7141,0.175
py_fstring,21,mean2,40,0.15,0.175,0.85,0.475,0.7422,0.175
py_fstring,21,own1,40,0.225,0.275,0.85,0.35,0.7125,0.175
py_fstring,21,own10,40,0.075,0.075,0.825,0.475,0.5359,0.175
py_fstring,21,own2,40,0.125,0.125,0.9,0.5,0.7203,0.175
py_fstring,22,full,40,0.15,0.2,0.6,0.35,-2.0172,0.175
py_fstring,22,mean1,40,0.125,0.125,0.875,0.575,0.7953,0.175
py_fstring,22,mean2,40,0.2,0.225,0.875,0.575,0.7937,0.175
py_fstring,22,own1,40,0.225,0.25,0.825,0.5,0.7281,0.175
py_fstring,22,own10,40,0.125,0.15,0.75,0.475,0.5984,0.175
py_fstring,22,own2,40,0.225,0.225,0.875,0.55,0.8484,0.175
py_fstring,23,full,40,0.35,0.5,0.675,0.45,1.8557,0.175
py_fstring,23,mean1,40,0.3,0.375,0.8,0.525,3.1063,0.175
py_fstring,23,mean2,40,0.3,0.3,0.95,0.575,3.2766,0.175
py_fstring,23,own1,40,0.25,0.275,0.825,0.625,3.3328,0.175
py_fstring,23,own10,40,0.35,0.375,0.85,0.475,3.5125,0.175
py_fstring,23,own2,40,0.2,0.225,0.85,0.675,3.5516,0.175
py_fstring,24,full,40,0.375,0.45,0.75,0.475,1.9457,0.175
py_fstring,24,mean1,40,0.2,0.25,0.75,0.625,2.6219,0.175
py_fstring,24,mean2,40,0.4,0.45,0.875,0.5,2.5859,0.175
py_fstring,24,own1,40,0.275,0.3,0.75,0.5,2.7859,0.175
py_fstring,24,own10,40,0.375,0.425,0.8,0.475,3.1688,0.175
py_fstring,24,own2,40,0.225,0.25,0.75,0.625,2.6969,0.175
py_fstring,25,full,40,0.325,0.5,0.65,0.475,2.6523,0.175
py_fstring,25,mean1,40,0.35,0.375,0.925,0.525,3.1609,0.175
py_fstring,25,mean2,40,0.175,0.2,0.925,0.65,3.0906,0.175
py_fstring,25,own1,40,0.425,0.475,0.9,0.475,3.3391,0.175
py_fstring,25,own10,40,0.375,0.45,0.775,0.45,3.8047,0.175
py_fstring,25,own2,40,0.375,0.425,0.825,0.425,3.2313,0.175
py_fstring,26,full,40,0.175,0.275,0.65,0.6,2.6626,0.175
py_fstring,26,mean1,40,0.25,0.3,0.825,0.675,3.425,0.175
py_fstring,26,mean2,40,0.25,0.275,0.85,0.6,3.2547,0.175
py_fstring,26,own1,40,0.375,0.475,0.8,0.45,3.5844,0.175
py_fstring,26,own10,40,0.4,0.425,0.85,0.475,4.1047,0.175
py_fstring,26,own2,40,0.425,0.5,0.875,0.475,3.3813,0.175
py_fstring,27,full,40,0.3,0.4,0.7,0.5,2.7932,0.175
py_fstring,27,mean1,40,0.2,0.25,0.85,0.7,3.3328,0.175
py_fstring,27,mean2,40,0.275,0.35,0.8,0.6,3.2922,0.175
py_fstring,27,own1,40,0.25,0.35,0.75,0.625,3.4844,0.175
py_fstring,27,own10,40,0.3,0.4,0.875,0.55,3.9781,0.175
py_fstring,27,own2,40,0.15,0.175,0.85,0.675,3.4094,0.175
py_fstring,28,full,40,0.3,0.4,0.6,0.5,2.9193,0.175
py_fstring,28,mean1,40,0.225,0.3,0.775,0.6,2.5688,0.175
py_fstring,28,mean2,40,0.375,0.375,0.875,0.525,5.0875,0.175
py_fstring,28,own1,40,0.3,0.3,0.85,0.525,2.7219,0.175
py_fstring,28,own10,40,0.325,0.375,0.775,0.575,6.6687,0.175
py_fstring,28,own2,40,0.3,0.35,0.9,0.55,5.0109,0.175
py_indent,0,base,40,0.025,0.025,0.8,0.0,-3.4141,0.025
py_indent,20,full,40,0.0,0.0,0.725,0.425,-3.8453,0.025
py_indent,20,mean1,40,0.0,0.025,0.7,0.1,-3.2344,0.025
py_indent,20,mean2,40,0.05,0.05,0.75,0.05,-3.2406,0.025
py_indent,20,own1,40,0.075,0.075,0.725,0.175,-3.1375,0.025
py_indent,20,own10,40,0.025,0.025,0.7,0.05,-3.1031,0.025
py_indent,20,own2,40,0.05,0.1,0.675,0.05,-3.1297,0.025
py_indent,21,full,40,0.025,0.025,0.775,0.45,-3.7844,0.025
py_indent,21,mean1,40,0.0,0.0,0.775,0.025,-3.5156,0.025
py_indent,21,mean2,40,0.025,0.025,0.85,0.025,-3.6687,0.025
py_indent,21,own1,40,0.0,0.025,0.7,0.025,-3.4094,0.025
py_indent,21,own10,40,0.05,0.05,0.675,0.025,-3.5031,0.025
py_indent,21,own2,40,0.025,0.025,0.6,0.05,-3.5719,0.025
py_indent,22,full,40,0.0,0.0,0.7,0.625,-3.4531,0.025
py_indent,22,mean1,40,0.0,0.0,0.775,0.025,-3.7594,0.025
py_indent,22,mean2,40,0.05,0.05,0.75,0.05,-3.7781,0.025
py_indent,22,own1,40,0.0,0.0,0.775,0.125,-3.6172,0.025
py_indent,22,own10,40,0.05,0.05,0.775,0.075,-3.6812,0.025
py_indent,22,own2,40,0.0,0.0,0.675,0.1,-3.6219,0.025
py_indent,23,full,40,0.15,0.175,0.775,0.425,-3.7984,0.025
py_indent,23,mean1,40,0.0,0.0,0.65,0.1,-3.0562,0.025
py_indent,23,mean2,40,0.075,0.1,0.775,0.1,-2.0281,0.025
py_indent,23,own1,40,0.05,0.05,0.6,0.05,-2.7312,0.025
py_indent,23,own10,40,0.1,0.175,0.725,0.125,-1.7375,0.025
py_indent,23,own2,40,0.175,0.175,0.7,0.05,-2.0781,0.025
py_indent,24,full,40,0.15,0.2,0.7,0.4,-3.3453,0.025
py_indent,24,mean1,40,0.15,0.175,0.775,0.05,-3.125,0.025
py_indent,24,mean2,40,0.1,0.125,0.625,0.125,-1.2594,0.025
py_indent,24,own1,40,0.025,0.05,0.7,0.05,-3.0156,0.025
py_indent,24,own10,40,0.25,0.35,0.675,0.1,-1.0844,0.025
py_indent,24,own2,40,0.175,0.25,0.775,0.075,-1.3937,0.025
py_indent,25,full,40,0.225,0.275,0.725,0.375,-3.1781,0.025
py_indent,25,mean1,40,0.05,0.1,0.725,0.05,-1.6469,0.025
py_indent,25,mean2,40,0.075,0.125,0.675,0.05,-1.625,0.025
py_indent,25,own1,40,0.125,0.15,0.65,0.1,-1.8188,0.025
py_indent,25,own10,40,0.325,0.45,0.675,0.075,-0.6016,0.025
py_indent,25,own2,40,0.15,0.175,0.75,0.2,-1.4125,0.025
py_indent,26,full,40,0.225,0.275,0.75,0.375,-2.7422,0.025
py_indent,26,mean1,40,0.075,0.075,0.725,0.025,-2.7156,0.025
py_indent,26,mean2,40,0.075,0.1,0.7,0.1,-2.3719,0.025
py_indent,26,own1,40,0.0,0.0,0.675,0.1,-2.8516,0.025
py_indent,26,own10,40,0.3,0.35,0.7,0.225,-0.4094,0.025
py_indent,26,own2,40,0.075,0.075,0.675,0.125,-1.9812,0.025
py_indent,27,full,40,0.2,0.25,0.65,0.4,-2.5625,0.025
py_indent,27,mean1,40,0.075,0.075,0.675,0.05,-2.9656,0.025
py_indent,27,mean2,40,0.05,0.075,0.65,0.05,-2.7875,0.025
py_indent,27,own1,40,0.025,0.025,0.8,0.025,-2.9812,0.025
py_indent,27,own10,40,0.225,0.3,0.675,0.15,-1.9422,0.025
py_indent,27,own2,40,0.025,0.05,0.675,0.15,-2.3047,0.025
py_indent,28,full,40,0.225,0.25,0.7,0.425,-2.5078,0.025
py_indent,28,mean1,40,0.0,0.0,0.75,0.175,-3.625,0.025
py_indent,28,mean2,40,0.025,0.025,0.7,0.25,-3.65,0.025
py_indent,28,own1,40,0.025,0.025,0.65,0.275,-3.3484,0.025
py_indent,28,own10,40,0.2,0.275,0.65,0.1,-4.3578,0.025
py_indent,28,own2,40,0.05,0.075,0.7,0.4,-3.3297,0.025
py_is_none,0,base,40,0.05,0.075,0.975,0.225,-3.3219,0.05
py_is_none,20,full,40,0.025,0.025,0.85,0.35,-3.4812,0.05
py_is_none,20,mean1,40,0.0,0.05,0.85,0.4,-2.2594,0.05
py_is_none,20,mean2,40,0.025,0.025,0.85,0.375,-2.2625,0.05
py_is_none,20,own1,40,0.1,0.1,0.95,0.45,-2.3437,0.05
py_is_none,20,own10,40,0.0,0.0,0.85,0.35,-2.4375,0.05
py_is_none,20,own2,40,0.025,0.025,0.85,0.425,-2.325,0.05
py_is_none,21,full,40,0.025,0.025,0.925,0.075,-3.5188,0.05
py_is_none,21,mean1,40,0.075,0.075,0.9,0.275,-2.2375,0.05
py_is_none,21,mean2,40,0.025,0.025,0.85,0.375,-2.4406,0.05
py_is_none,21,own1,40,0.025,0.025,0.875,0.425,-2.2312,0.05
py_is_none,21,own10,40,0.025,0.025,0.8,0.275,-2.8656,0.05
py_is_none,21,own2,40,0.0,0.0,0.875,0.4,-2.4125,0.05
py_is_none,22,full,40,0.075,0.125,0.8,0.15,-3.5656,0.05
py_is_none,22,mean1,40,0.025,0.05,0.85,0.4,-2.1813,0.05
py_is_none,22,mean2,40,0.0,0.0,0.825,0.4,-2.5875,0.05
py_is_none,22,own1,40,0.025,0.025,0.95,0.325,-2.2031,0.05
py_is_none,22,own10,40,0.025,0.025,0.875,0.2,-2.7312,0.05
py_is_none,22,own2,40,0.0,0.0,0.875,0.275,-2.5062,0.05
py_is_none,23,full,40,0.075,0.075,0.825,0.175,-2.0563,0.05
py_is_none,23,mean1,40,0.05,0.05,0.9,0.475,-1.2562,0.05
py_is_none,23,mean2,40,0.05,0.05,0.95,0.5,-1.0625,0.05
py_is_none,23,own1,40,0.0,0.0,0.925,0.45,-1.1281,0.05
py_is_none,23,own10,40,0.15,0.15,0.75,0.375,-1.0625,0.05
py_is_none,23,own2,40,0.075,0.1,0.925,0.425,-0.8687,0.05
py_is_none,24,full,40,0.25,0.275,0.875,0.275,-1.4344,0.05
py_is_none,24,mean1,40,0.125,0.15,0.9,0.375,-0.5875,0.05
py_is_none,24,mean2,40,0.025,0.025,0.875,0.45,-0.4812,0.05
py_is_none,24,own1,40,0.1,0.1,0.9,0.375,-0.5328,0.05
py_is_none,24,own10,40,0.225,0.225,0.95,0.325,-0.3562,0.05
py_is_none,24,own2,40,0.1,0.1,0.85,0.375,-0.2844,0.05
py_is_none,25,full,40,0.425,0.55,0.8,0.425,1.8094,0.05
py_is_none,25,mean1,40,0.275,0.325,0.875,0.575,2.4703,0.05
py_is_none,25,mean2,40,0.425,0.475,0.825,0.5,2.2469,0.05
py_is_none,25,own1,40,0.425,0.475,0.9,0.425,2.5766,0.05
py_is_none,25,own10,40,0.375,0.45,0.875,0.4,2.1578,0.05
py_is_none,25,own2,40,0.325,0.325,0.85,0.5,2.3344,0.05
py_is_none,26,full,40,0.45,0.5,0.875,0.4,1.7437,0.05
py_is_none,26,mean1,40,0.275,0.325,0.875,0.575,2.0922,0.05
py_is_none,26,mean2,40,0.275,0.3,0.85,0.55,1.8969,0.05
py_is_none,26,own1,40,0.225,0.25,0.825,0.55,2.2844,0.05
py_is_none,26,own10,40,0.25,0.25,0.8,0.5,2.0312,0.05
py_is_none,26,own2,40,0.275,0.3,0.875,0.5,2.0172,0.05
py_is_none,27,full,40,0.35,0.45,0.7,0.425,2.2844,0.05
py_is_none,27,mean1,40,0.325,0.35,0.9,0.55,2.6984,0.05
py_is_none,27,mean2,40,0.325,0.35,0.85,0.5,2.4531,0.05
py_is_none,27,own1,40,0.275,0.3,0.85,0.625,2.9109,0.05
py_is_none,27,own10,40,0.3,0.325,0.825,0.6,2.5047,0.05
py_is_none,27,own2,40,0.325,0.35,0.875,0.5,2.6687,0.05
py_is_none,28,full,40,0.4,0.4,0.9,0.525,2.4094,0.05
py_is_none,28,mean1,40,0.3,0.3,0.875,0.6,3.0969,0.05
py_is_none,28,mean2,40,0.275,0.275,0.9,0.55,3.1469,0.05
py_is_none,28,own1,40,0.375,0.4,0.8,0.425,3.5844,0.05
py_is_none,28,own10,40,0.3,0.35,0.825,0.5,2.0625,0.05
py_is_none,28,own2,40,0.4,0.4,0.875,0.4,3.5688,0.05
py_join_concat,0,base,40,0.15,0.2,0.8,0.55,0.6836,0.15
py_join_concat,20,full,40,0.125,0.25,0.525,0.65,2.2333,0.15
py_join_concat,20,mean1,40,0.175,0.175,0.9,0.525,1.0211,0.15
py_join_concat,20,mean2,40,0.175,0.2,0.875,0.575,0.9297,0.15
py_join_concat,20,own1,40,0.175,0.2,0.775,0.6,1.1445,0.15
py_join_concat,20,own10,40,0.275,0.3,0.8,0.475,1.4445,0.15
py_join_concat,20,own2,40,0.125,0.175,0.8,0.5,1.1117,0.15
py_join_concat,21,full,40,0.15,0.325,0.525,0.5,2.4969,0.15
py_join_concat,21,mean1,40,0.275,0.275,0.875,0.45,1.3656,0.15
py_join_concat,21,mean2,40,0.2,0.275,0.8,0.425,1.3195,0.15
py_join_concat,21,own1,40,0.225,0.225,0.825,0.5,1.6766,0.15
py_join_concat,21,own10,40,0.275,0.3,0.875,0.425,1.9648,0.15
py_join_concat,21,own2,40,0.2,0.3,0.85,0.425,1.6781,0.15
py_join_concat,22,full,40,0.275,0.4,0.55,0.4,2.0822,0.15
py_join_concat,22,mean1,40,0.25,0.325,0.775,0.55,1.4086,0.15
py_join_concat,22,mean2,40,0.2,0.25,0.825,0.475,1.4188,0.15
py_join_concat,22,own1,40,0.25,0.3,0.85,0.45,1.7367,0.15
py_join_concat,22,own10,40,0.275,0.3,0.9,0.475,2.0922,0.15
py_join_concat,22,own2,40,0.25,0.25,0.875,0.625,1.7641,0.15
py_join_concat,23,full,40,0.15,0.3,0.5,0.5,2.034,0.15
py_join_concat,23,mean1,40,0.2,0.225,0.85,0.55,1.6477,0.15
py_join_concat,23,mean2,40,0.2,0.225,0.8,0.5,1.6984,0.15
py_join_concat,23,own1,40,0.275,0.325,0.725,0.475,1.9094,0.15
py_join_concat,23,own10,40,0.25,0.275,0.875,0.55,2.6406,0.15
py_join_concat,23,own2,40,0.2,0.225,0.85,0.525,2.0578,0.15
py_join_concat,24,full,40,0.15,0.275,0.525,0.45,1.6344,0.15
py_join_concat,24,mean1,40,0.125,0.2,0.8,0.55,1.5406,0.15
py_join_concat,24,mean2,40,0.325,0.325,0.9,0.475,1.5242,0.15
py_join_concat,24,own1,40,0.225,0.25,0.775,0.475,1.6867,0.15
py_join_concat,24,own10,40,0.325,0.35,0.9,0.45,1.9258,0.15
py_join_concat,24,own2,40,0.225,0.225,0.825,0.525,1.843,0.15
py_join_concat,25,full,40,0.15,0.3,0.4,0.375,1.0688,0.15
py_join_concat,25,mean1,40,0.275,0.325,0.875,0.45,1.6523,0.15
py_join_concat,25,mean2,40,0.15,0.225,0.8,0.5,1.5836,0.15
py_join_concat,25,own1,40,0.15,0.15,0.85,0.675,1.7992,0.15
py_join_concat,25,own10,40,0.2,0.225,0.875,0.6,2.0672,0.15
py_join_concat,25,own2,40,0.3,0.375,0.775,0.325,1.9406,0.15
py_join_concat,26,full,40,0.25,0.375,0.525,0.425,0.5654,0.15
py_join_concat,26,mean1,40,0.15,0.175,0.825,0.6,1.5039,0.15
py_join_concat,26,mean2,40,0.175,0.175,0.85,0.525,1.4625,0.15
py_join_concat,26,own1,40,0.325,0.325,0.85,0.475,1.593,0.15
py_join_concat,26,own10,40,0.225,0.225,0.85,0.525,2.1812,0.15
py_join_concat,26,own2,40,0.15,0.175,0.775,0.575,1.6969,0.15
py_join_concat,27,full,40,0.125,0.35,0.4,0.375,0.1556,0.15
py_join_concat,27,mean1,40,0.15,0.2,0.85,0.65,1.3383,0.15
py_join_concat,27,mean2,40,0.175,0.275,0.775,0.45,1.3039,0.15
py_join_concat,27,own1,40,0.075,0.1,0.8,0.625,1.2484,0.15
py_join_concat,27,own10,40,0.25,0.275,0.9,0.5,1.6734,0.15
py_join_concat,27,own2,40,0.225,0.275,0.825,0.5,1.382,0.15
py_join_concat,28,full,40,0.125,0.35,0.275,0.5,-0.1266,0.15
py_join_concat,28,mean1,40,0.225,0.25,0.75,0.4,1.5977,0.15
py_join_concat,28,mean2,40,0.15,0.225,0.8,0.5,1.4961,0.15
py_join_concat,28,own1,40,0.175,0.225,0.85,0.475,1.3609,0.15
py_join_concat,28,own10,40,0.25,0.275,0.8,0.475,1.1687,0.15
py_join_concat,28,own2,40,0.25,0.325,0.75,0.425,1.2461,0.15
py_literal_ctor,0,base,40,0.05,0.075,0.65,0.225,-3.1398,0.05
py_literal_ctor,20,full,40,0.05,0.125,0.625,0.125,-2.6016,0.05
py_literal_ctor,20,mean1,40,0.05,0.125,0.725,0.225,-2.6398,0.05
py_literal_ctor,20,mean2,40,0.1,0.125,0.625,0.25,-2.4594,0.05
py_literal_ctor,20,own1,40,0.1,0.125,0.7,0.175,-2.6078,0.05
py_literal_ctor,20,own10,40,0.125,0.175,0.575,0.175,-2.3156,0.05
py_literal_ctor,20,own2,40,0.025,0.025,0.675,0.225,-2.3953,0.05
py_literal_ctor,21,full,40,0.05,0.125,0.65,0.1,-1.8813,0.05
py_literal_ctor,21,mean1,40,0.075,0.15,0.6,0.25,-1.8617,0.05
py_literal_ctor,21,mean2,40,0.025,0.175,0.525,0.225,-1.7836,0.05
py_literal_ctor,21,own1,40,0.075,0.175,0.675,0.275,-1.7742,0.05
py_literal_ctor,21,own10,40,0.125,0.225,0.6,0.2,-1.7703,0.05
py_literal_ctor,21,own2,40,0.125,0.225,0.525,0.3,-1.6516,0.05
py_literal_ctor,22,full,40,0.1,0.125,0.6,0.075,-1.9609,0.05
py_literal_ctor,22,mean1,40,0.1,0.125,0.725,0.275,-1.9508,0.05
py_literal_ctor,22,mean2,40,0.15,0.175,0.7,0.25,-1.8242,0.05
py_literal_ctor,22,own1,40,0.125,0.175,0.7,0.15,-1.8797,0.05
py_literal_ctor,22,own10,40,0.15,0.175,0.625,0.2,-1.7867,0.05
py_literal_ctor,22,own2,40,0.025,0.1,0.675,0.25,-1.6766,0.05
py_literal_ctor,23,full,40,0.45,0.55,0.6,0.15,1.0203,0.05
py_literal_ctor,23,mean1,40,0.225,0.325,0.675,0.3,0.0633,0.05
py_literal_ctor,23,mean2,40,0.225,0.275,0.725,0.25,0.1945,0.05
py_literal_ctor,23,own1,40,0.3,0.4,0.7,0.225,0.2695,0.05
py_literal_ctor,23,own10,40,0.325,0.375,0.525,0.35,0.7867,0.05
py_literal_ctor,23,own2,40,0.175,0.25,0.65,0.325,0.4039,0.05
py_literal_ctor,24,full,40,0.45,0.7,0.55,0.2,2.9719,0.05
py_literal_ctor,24,mean1,40,0.475,0.575,0.725,0.3,1.8242,0.05
py_literal_ctor,24,mean2,40,0.55,0.725,0.675,0.25,2.1195,0.05
py_literal_ctor,24,own1,40,0.45,0.55,0.7,0.3,2.0996,0.05
py_literal_ctor,24,own10,40,0.525,0.625,0.725,0.25,2.5211,0.05
py_literal_ctor,24,own2,40,0.375,0.575,0.6,0.2,2.3652,0.05
py_literal_ctor,25,full,40,0.55,0.775,0.625,0.15,5.3086,0.05
py_literal_ctor,25,mean1,40,0.625,0.8,0.725,0.2,3.4922,0.05
py_literal_ctor,25,mean2,40,0.575,0.7,0.65,0.25,3.6727,0.05
py_literal_ctor,25,own1,40,0.575,0.775,0.7,0.15,3.9652,0.05
py_literal_ctor,25,own10,40,0.525,0.7,0.65,0.175,4.109,0.05
py_literal_ctor,25,own2,40,0.475,0.725,0.5,0.25,4.0652,0.05
py_literal_ctor,26,full,40,0.525,0.775,0.625,0.125,5.5906,0.05
py_literal_ctor,26,mean1,40,0.425,0.7,0.5,0.25,3.5762,0.05
py_literal_ctor,26,mean2,40,0.525,0.75,0.625,0.2,3.8242,0.05
py_literal_ctor,26,own1,40,0.6,0.75,0.7,0.15,4.1037,0.05
py_literal_ctor,26,own10,40,0.625,0.8,0.675,0.15,4.3285,0.05
py_literal_ctor,26,own2,40,0.525,0.825,0.6,0.15,4.2207,0.05
py_literal_ctor,27,full,40,0.575,0.8,0.65,0.125,5.6797,0.05
py_literal_ctor,27,mean1,40,0.375,0.675,0.525,0.25,3.5563,0.05
py_literal_ctor,27,mean2,40,0.525,0.825,0.575,0.125,3.7633,0.05
py_literal_ctor,27,own1,40,0.475,0.675,0.625,0.2,4.0906,0.05
py_literal_ctor,27,own10,40,0.625,0.825,0.7,0.175,4.3922,0.05
py_literal_ctor,27,own2,40,0.5,0.65,0.65,0.275,4.1789,0.05
py_literal_ctor,28,full,40,0.55,0.675,0.575,0.25,5.8805,0.05
py_literal_ctor,28,mean1,40,0.6,0.8,0.65,0.15,3.4445,0.05
py_literal_ctor,28,mean2,40,0.45,0.7,0.525,0.2,3.5367,0.05
py_literal_ctor,28,own1,40,0.6,0.725,0.675,0.225,4.2312,0.05
py_literal_ctor,28,own10,40,0.55,0.85,0.625,0.125,5.0672,0.05
py_literal_ctor,28,own2,40,0.475,0.725,0.65,0.125,4.3055,0.05
py_loop_vars,0,base,40,0.675,0.7,0.95,0.05,-4.2578,0.675
py_loop_vars,20,full,40,0.475,0.675,0.725,0.025,-2.1219,0.675
py_loop_vars,20,mean1,40,0.65,0.725,0.85,0.025,-3.0531,0.675
py_loop_vars,20,mean2,40,0.6,0.7,0.9,0.05,-2.8109,0.675
py_loop_vars,20,own1,40,0.825,0.825,0.975,0.025,-3.0563,0.675
py_loop_vars,20,own10,40,0.7,0.75,0.9,0.05,-2.6125,0.675
py_loop_vars,20,own2,40,0.725,0.8,0.9,0.05,-2.7531,0.675
py_loop_vars,21,full,40,0.525,0.75,0.65,0.025,-1.4578,0.675
py_loop_vars,21,mean1,40,0.775,0.85,0.875,0.0,-2.8828,0.675
py_loop_vars,21,mean2,40,0.7,0.775,0.925,0.025,-2.7031,0.675
py_loop_vars,21,own1,40,0.7,0.7,0.925,0.05,-2.8266,0.675
py_loop_vars,21,own10,40,0.675,0.725,0.925,0.025,-2.1672,0.675
py_loop_vars,21,own2,40,0.7,0.775,0.925,0.05,-2.6328,0.675
py_loop_vars,22,full,40,0.6,0.825,0.75,0.0,-1.4422,0.675
py_loop_vars,22,mean1,40,0.6,0.8,0.75,0.0,-2.8156,0.675
py_loop_vars,22,mean2,40,0.625,0.8,0.825,0.05,-2.5469,0.675
py_loop_vars,22,own1,40,0.8,0.825,0.975,0.025,-2.7672,0.675
py_loop_vars,22,own10,40,0.775,0.8,0.95,0.025,-1.825,0.675
py_loop_vars,22,own2,40,0.725,0.775,0.925,0.025,-2.5219,0.675
py_loop_vars,23,full,40,0.65,0.8,0.825,0.025,-0.0859,0.675
py_loop_vars,23,mean1,40,0.75,0.775,0.95,0.075,-1.7031,0.675
py_loop_vars,23,mean2,40,0.775,0.825,0.9,0.0,-1.2219,0.675
py_loop_vars,23,own1,40,0.8,0.875,0.9,0.025,-1.7188,0.675
py_loop_vars,23,own10,40,0.8,0.825,0.95,0.05,-0.7375,0.675
py_loop_vars,23,own2,40,0.875,0.9,0.925,0.025,-1.1797,0.675
py_loop_vars,24,full,40,0.725,0.9,0.8,0.0,0.2156,0.675
py_loop_vars,24,mean1,40,0.7,0.8,0.9,0.05,-1.5687,0.675
py_loop_vars,24,mean2,40,0.75,0.85,0.9,0.05,-0.7766,0.675
py_loop_vars,24,own1,40,0.675,0.775,0.875,0.0,-1.5422,0.675
py_loop_vars,24,own10,40,0.725,0.85,0.85,0.025,-0.1406,0.675
py_loop_vars,24,own2,40,0.8,0.85,0.925,0.0,-0.6438,0.675
py_loop_vars,25,full,40,0.7,0.925,0.75,0.025,0.9891,0.675
py_loop_vars,25,mean1,40,0.725,0.85,0.875,0.05,-0.8406,0.675
py_loop_vars,25,mean2,40,0.775,0.825,0.875,0.05,0.1391,0.675
py_loop_vars,25,own1,40,0.85,0.925,0.925,0.05,-0.8375,0.675
py_loop_vars,25,own10,40,0.8,0.925,0.85,0.025,0.7078,0.675
py_loop_vars,25,own2,40,0.85,0.925,0.9,0.0,0.2625,0.675
py_loop_vars,26,full,40,0.65,0.9,0.725,0.0,0.5469,0.675
py_loop_vars,26,mean1,40,0.8,0.875,0.925,0.0,-1.4703,0.675
py_loop_vars,26,mean2,40,0.8,0.9,0.875,0.025,-0.0562,0.675
py_loop_vars,26,own1,40,0.775,0.9,0.825,0.025,-1.3937,0.675
py_loop_vars,26,own10,40,0.75,0.85,0.875,0.025,0.6938,0.675
py_loop_vars,26,own2,40,0.875,0.875,0.975,0.05,0.1797,0.675
py_loop_vars,27,full,40,0.65,0.925,0.725,0.025,0.9875,0.675
py_loop_vars,27,mean1,40,0.75,0.775,0.925,0.125,-1.0656,0.675
py_loop_vars,27,mean2,40,0.8,0.9,0.9,0.025,0.8141,0.675
py_loop_vars,27,own1,40,0.825,0.85,0.975,0.025,-1.0281,0.675
py_loop_vars,27,own10,40,0.725,0.875,0.825,0.025,1.0609,0.675
py_loop_vars,27,own2,40,0.775,0.875,0.875,0.05,1.1875,0.675
py_loop_vars,28,full,40,0.775,0.925,0.85,0.025,2.3391,0.675
py_loop_vars,28,mean1,40,0.775,0.875,0.9,0.075,1.0688,0.675
py_loop_vars,28,mean2,40,0.85,0.925,0.9,0.025,0.6781,0.675
py_loop_vars,28,own1,40,0.8,0.9,0.875,0.025,0.7031,0.675
py_loop_vars,28,own10,40,0.825,0.95,0.875,0.025,2.0766,0.675
py_loop_vars,28,own2,40,0.8,0.9,0.875,0.05,0.4359,0.675
py_not_in,0,base,40,0.05,0.075,0.875,0.35,-2.5031,0.05
py_not_in,20,full,40,0.1,0.125,0.725,0.25,-1.0344,0.05
py_not_in,20,mean1,40,0.075,0.075,0.925,0.5,-2.05,0.05
py_not_in,20,mean2,40,0.05,0.05,0.9,0.375,-2.1,0.05
py_not_in,20,own1,40,0.0,0.0,0.925,0.5,-2.1,0.05
py_not_in,20,own10,40,0.025,0.025,0.825,0.3,-2.15,0.05
py_not_in,20,own2,40,0.1,0.1,0.925,0.425,-2.1656,0.05
py_not_in,21,full,40,0.2,0.2,0.7,0.375,0.3797,0.05
py_not_in,21,mean1,40,0.05,0.05,0.85,0.4,-1.5,0.05
py_not_in,21,mean2,40,0.025,0.025,0.875,0.45,-1.5469,0.05
py_not_in,21,own1,40,0.075,0.075,0.8,0.475,-1.5375,0.05
py_not_in,21,own10,40,0.05,0.075,0.875,0.35,-1.6406,0.05
py_not_in,21,own2,40,0.025,0.025,0.875,0.475,-1.6,0.05
py_not_in,22,full,40,0.175,0.175,0.8,0.45,1.1727,0.05
py_not_in,22,mean1,40,0.075,0.1,0.85,0.4,-0.9312,0.05
py_not_in,22,mean2,40,0.125,0.15,0.875,0.325,-0.8562,0.05
py_not_in,22,own1,40,0.15,0.15,0.9,0.475,-1.075,0.05
py_not_in,22,own10,40,0.1,0.1,0.875,0.5,-1.15,0.05
py_not_in,22,own2,40,0.1,0.1,0.9,0.4,-0.9594,0.05
py_not_in,23,full,40,0.25,0.3,0.8,0.375,2.7172,0.05
py_not_in,23,mean1,40,0.15,0.175,0.85,0.5,-0.0219,0.05
py_not_in,23,mean2,40,0.125,0.15,0.925,0.425,-0.075,0.05
py_not_in,23,own1,40,0.15,0.15,0.875,0.525,-0.1437,0.05
py_not_in,23,own10,40,0.25,0.25,0.95,0.425,0.0359,0.05
py_not_in,23,own2,40,0.175,0.175,0.95,0.375,-0.1594,0.05
py_not_in,24,full,40,0.3,0.35,0.825,0.525,3.4547,0.05
py_not_in,24,mean1,40,0.2,0.2,0.875,0.425,0.075,0.05
py_not_in,24,mean2,40,0.3,0.3,0.8,0.275,0.0094,0.05
py_not_in,24,own1,40,0.125,0.175,0.775,0.375,-0.125,0.05
py_not_in,24,own10,40,0.225,0.25,0.975,0.3,-0.0438,0.05
py_not_in,24,own2,40,0.2,0.225,0.85,0.425,-0.1562,0.05
py_not_in,25,full,40,0.375,0.4,0.775,0.475,4.2281,0.05
py_not_in,25,mean1,40,0.25,0.25,0.825,0.4,0.0719,0.05
py_not_in,25,mean2,40,0.125,0.15,0.875,0.475,-0.0781,0.05
py_not_in,25,own1,40,0.05,0.1,0.8,0.475,-0.1375,0.05
py_not_in,25,own10,40,0.2,0.225,0.775,0.375,-0.2094,0.05
py_not_in,25,own2,40,0.175,0.175,0.85,0.35,-0.2469,0.05
py_not_in,26,full,40,0.2,0.2,0.55,0.65,5.2734,0.05
py_not_in,26,mean1,40,0.15,0.15,0.85,0.35,-0.0844,0.05
py_not_in,26,mean2,40,0.075,0.1,0.825,0.275,-0.1844,0.05
py_not_in,26,own1,40,0.225,0.225,0.825,0.35,-0.2562,0.05
py_not_in,26,own10,40,0.275,0.275,0.9,0.4,-0.1063,0.05
py_not_in,26,own2,40,0.2,0.2,0.85,0.375,-0.3281,0.05
py_not_in,27,full,40,0.15,0.2,0.525,0.525,6.4219,0.05
py_not_in,27,mean1,40,0.1,0.125,0.825,0.45,-0.0969,0.05
py_not_in,27,mean2,40,0.125,0.15,0.85,0.55,-0.0562,0.05
py_not_in,27,own1,40,0.125,0.125,0.725,0.525,-0.2406,0.05
py_not_in,27,own10,40,0.25,0.25,0.9,0.35,0.0563,0.05
py_not_in,27,own2,40,0.15,0.15,0.85,0.45,-0.2188,0.05
py_not_in,28,full,40,0.15,0.175,0.55,0.575,8.35,0.05
py_not_in,28,mean1,40,0.125,0.15,0.85,0.425,-0.0781,0.05
py_not_in,28,mean2,40,0.1,0.175,0.825,0.375,-0.0687,0.05
py_not_in,28,own1,40,0.2,0.2,0.85,0.35,-0.4656,0.05
py_not_in,28,own10,40,0.15,0.2,0.85,0.525,-0.475,0.05
py_not_in,28,own2,40,0.25,0.25,0.8,0.3,-0.4562,0.05
py_optional,0,base,40,0.35,0.4,0.825,0.6,2.1234,0.35
py_optional,20,full,40,0.025,0.075,0.325,0.85,0.7909,0.35
py_optional,20,mean1,40,0.275,0.3,0.875,0.675,2.275,0.35
py_optional,20,mean2,40,0.25,0.275,0.8,0.725,2.3031,0.35
py_optional,20,own1,40,0.275,0.275,0.875,0.7,2.3266,0.35
py_optional,20,own10,40,0.3,0.3,0.9,0.65,2.4609,0.35
py_optional,20,own2,40,0.325,0.35,0.875,0.625,2.3266,0.35
py_optional,21,full,40,0.0,0.0,0.3,0.95,0.7811,0.35
py_optional,21,mean1,40,0.225,0.225,0.825,0.75,2.2906,0.35
py_optional,21,mean2,40,0.425,0.425,0.95,0.525,2.2312,0.35
py_optional,21,own1,40,0.4,0.4,0.85,0.5,2.3812,0.35
py_optional,21,own10,40,0.325,0.35,0.8,0.55,2.5891,0.35
py_optional,21,own2,40,0.2,0.275,0.85,0.7,2.3484,0.35
py_optional,22,full,40,0.0,0.0,0.25,0.95,0.9773,0.35
py_optional,22,mean1,40,0.3,0.325,0.8,0.65,2.2594,0.35
py_optional,22,mean2,40,0.325,0.325,0.825,0.65,2.2641,0.35
py_optional,22,own1,40,0.225,0.275,0.8,0.7,2.3484,0.35
py_optional,22,own10,40,0.3,0.35,0.85,0.575,2.857,0.35
py_optional,22,own2,40,0.3,0.325,0.825,0.625,2.3563,0.35
py_optional,23,full,40,0.075,0.125,0.175,0.85,1.1375,0.35
py_optional,23,mean1,40,0.275,0.325,0.75,0.625,2.3063,0.35
py_optional,23,mean2,40,0.375,0.425,0.8,0.55,2.2531,0.35
py_optional,23,own1,40,0.325,0.325,0.975,0.6,2.3891,0.35
py_optional,23,own10,40,0.35,0.35,0.775,0.6,2.6984,0.35
py_optional,23,own2,40,0.3,0.325,0.8,0.675,2.3641,0.35
py_optional,24,full,40,0.075,0.075,0.45,0.925,1.2995,0.35
py_optional,24,mean1,40,0.275,0.3,0.925,0.675,2.2953,0.35
py_optional,24,mean2,40,0.225,0.225,0.8,0.75,2.3031,0.35
py_optional,24,own1,40,0.425,0.425,0.85,0.575,2.3938,0.35
py_optional,24,own10,40,0.375,0.375,0.95,0.6,2.8133,0.35
py_optional,24,own2,40,0.35,0.375,0.825,0.625,2.375,0.35
py_optional,25,full,40,0.1,0.125,0.3,0.825,1.3233,0.35
py_optional,25,mean1,40,0.35,0.4,0.925,0.575,2.2859,0.35
py_optional,25,mean2,40,0.3,0.325,0.8,0.625,2.2781,0.35
py_optional,25,own1,40,0.35,0.35,0.9,0.55,2.3719,0.35
py_optional,25,own10,40,0.35,0.35,0.9,0.625,2.7617,0.35
py_optional,25,own2,40,0.3,0.325,0.825,0.65,2.3906,0.35
py_optional,26,full,40,0.05,0.1,0.325,0.875,1.2114,0.35
py_optional,26,mean1,40,0.25,0.25,0.85,0.7,2.3063,0.35
py_optional,26,mean2,40,0.3,0.375,0.8,0.6,2.3172,0.35
py_optional,26,own1,40,0.225,0.25,0.825,0.7,2.3891,0.35
py_optional,26,own10,40,0.275,0.275,0.875,0.65,2.7805,0.35
py_optional,26,own2,40,0.325,0.325,0.85,0.6,2.3906,0.35
py_optional,27,full,40,0.15,0.2,0.4,0.8,1.4837,0.35
py_optional,27,mean1,40,0.25,0.25,0.85,0.725,2.307,0.35
py_optional,27,mean2,40,0.5,0.5,0.85,0.475,2.2555,0.35
py_optional,27,own1,40,0.375,0.45,0.825,0.55,2.35,0.35
py_optional,27,own10,40,0.3,0.325,0.8,0.65,2.6328,0.35
py_optional,27,own2,40,0.175,0.175,0.75,0.8,2.332,0.35
py_optional,28,full,40,0.05,0.15,0.375,0.85,1.4148,0.35
py_optional,28,mean1,40,0.4,0.4,0.85,0.575,2.4875,0.35
py_optional,28,mean2,40,0.35,0.375,0.825,0.575,2.2891,0.35
py_optional,28,own1,40,0.3,0.3,0.875,0.7,2.5891,0.35
py_optional,28,own10,40,0.225,0.25,0.575,0.75,1.7016,0.35
py_optional,28,own2,40,0.4,0.4,0.925,0.6,2.4266,0.35
py_paren_if,0,base,40,0.0,0.0,0.625,0.35,-3.7016,0.0
py_paren_if,20,full,40,0.1,0.2,0.45,0.475,2.2266,0.0
py_paren_if,20,mean1,40,0.075,0.125,0.65,0.3,0.5313,0.0
py_paren_if,20,mean2,40,0.15,0.2,0.525,0.25,0.6172,0.0
py_paren_if,20,own1,40,0.2,0.3,0.65,0.325,0.2813,0.0
py_paren_if,20,own10,40,0.05,0.125,0.625,0.375,0.4766,0.0
py_paren_if,20,own2,40,0.05,0.125,0.625,0.375,0.3062,0.0
py_paren_if,21,full,40,0.125,0.225,0.5,0.45,3.3563,0.0
py_paren_if,21,mean1,40,0.05,0.175,0.55,0.3,0.9422,0.0
py_paren_if,21,mean2,40,0.275,0.3,0.75,0.3,0.9469,0.0
py_paren_if,21,own1,40,0.125,0.225,0.575,0.325,0.7563,0.0
py_paren_if,21,own10,40,0.2,0.25,0.625,0.425,0.9078,0.0
py_paren_if,21,own2,40,0.125,0.15,0.65,0.325,0.7469,0.0
py_paren_if,22,full,40,0.125,0.175,0.5,0.55,3.8734,0.0
py_paren_if,22,mean1,40,0.15,0.2,0.65,0.375,1.1,0.0
py_paren_if,22,mean2,40,0.225,0.225,0.725,0.325,1.075,0.0
py_paren_if,22,own1,40,0.2,0.275,0.6,0.325,0.8219,0.0
py_paren_if,22,own10,40,0.125,0.2,0.65,0.325,1.05,0.0
py_paren_if,22,own2,40,0.15,0.225,0.625,0.35,0.825,0.0
py_paren_if,23,full,40,0.275,0.375,0.55,0.325,5.2687,0.0
py_paren_if,23,mean1,40,0.25,0.425,0.65,0.325,2.1312,0.0
py_paren_if,23,mean2,40,0.35,0.375,0.8,0.325,2.2031,0.0
py_paren_if,23,own1,40,0.25,0.375,0.625,0.375,1.8688,0.0
py_paren_if,23,own10,40,0.325,0.475,0.625,0.325,2.15,0.0
py_paren_if,23,own2,40,0.225,0.325,0.725,0.35,1.8813,0.0
py_paren_if,24,full,40,0.35,0.425,0.675,0.3,5.4922,0.0
py_paren_if,24,mean1,40,0.225,0.4,0.5,0.275,2.3438,0.0
py_paren_if,24,mean2,40,0.3,0.375,0.75,0.35,2.4766,0.0
py_paren_if,24,own1,40,0.325,0.4,0.7,0.275,2.0156,0.0
py_paren_if,24,own10,40,0.15,0.3,0.65,0.425,2.2578,0.0
py_paren_if,24,own2,40,0.175,0.35,0.525,0.25,2.0781,0.0
py_paren_if,25,full,40,0.3,0.375,0.65,0.375,6.7766,0.0
py_paren_if,25,mean1,40,0.25,0.425,0.625,0.45,3.0,0.0
py_paren_if,25,mean2,40,0.25,0.4,0.525,0.3,3.0781,0.0
py_paren_if,25,own1,40,0.275,0.375,0.6,0.4,2.8031,0.0
py_paren_if,25,own10,40,0.3,0.525,0.625,0.3,3.0,0.0
py_paren_if,25,own2,40,0.375,0.5,0.575,0.375,2.85,0.0
py_paren_if,26,full,40,0.2,0.3,0.55,0.325,6.9937,0.0
py_paren_if,26,mean1,40,0.325,0.45,0.7,0.35,3.2875,0.0
py_paren_if,26,mean2,40,0.2,0.35,0.675,0.45,3.3531,0.0
py_paren_if,26,own1,40,0.3,0.475,0.575,0.35,3.0,0.0
py_paren_if,26,own10,40,0.35,0.425,0.7,0.35,3.1375,0.0
py_paren_if,26,own2,40,0.425,0.5,0.725,0.25,3.0438,0.0
py_paren_if,27,full,40,0.175,0.35,0.525,0.45,7.2797,0.0
py_paren_if,27,mean1,40,0.225,0.4,0.625,0.4,3.4375,0.0
py_paren_if,27,mean2,40,0.25,0.375,0.575,0.35,3.425,0.0
py_paren_if,27,own1,40,0.325,0.425,0.625,0.375,3.1625,0.0
py_paren_if,27,own10,40,0.225,0.3,0.575,0.4,3.0875,0.0
py_paren_if,27,own2,40,0.35,0.475,0.675,0.325,3.1938,0.0
py_paren_if,28,full,40,0.225,0.4,0.55,0.375,7.5922,0.0
py_paren_if,28,mean1,40,0.3,0.3,0.55,0.55,4.0188,0.0
py_paren_if,28,mean2,40,0.225,0.425,0.625,0.375,3.8438,0.0
py_paren_if,28,own1,40,0.2,0.35,0.575,0.375,4.175,0.0
py_paren_if,28,own10,40,0.25,0.35,0.6,0.325,3.0688,0.0
py_paren_if,28,own2,40,0.2,0.35,0.575,0.4,3.625,0.0
py_private,0,base,40,0.575,0.6,0.975,0.325,-1.0922,0.575
py_private,20,full,40,0.175,0.325,0.5,0.65,-3.9969,0.575
py_private,20,mean1,40,0.65,0.675,0.925,0.275,-1.0719,0.575
py_private,20,mean2,40,0.775,0.8,0.975,0.175,-1.0859,0.575
py_private,20,own1,40,0.65,0.65,0.95,0.275,-1.1953,0.575
py_private,20,own10,40,0.625,0.675,0.925,0.275,-0.8949,0.575
py_private,20,own2,40,0.55,0.6,0.9,0.325,-1.1832,0.575
py_private,21,full,40,0.275,0.45,0.525,0.525,-3.7444,0.575
py_private,21,mean1,40,0.6,0.65,0.9,0.175,-1.0605,0.575
py_private,21,mean2,40,0.575,0.625,0.925,0.275,-1.0812,0.575
py_private,21,own1,40,0.575,0.625,0.925,0.3,-1.2988,0.575
py_private,21,own10,40,0.525,0.575,0.9,0.35,-0.7656,0.575
py_private,21,own2,40,0.55,0.575,0.925,0.275,-1.3313,0.575
py_private,22,full,40,0.15,0.175,0.575,0.725,-3.6613,0.575
py_private,22,mean1,40,0.625,0.625,0.975,0.275,-0.9605,0.575
py_private,22,mean2,40,0.725,0.725,0.975,0.225,-0.9781,0.575
py_private,22,own1,40,0.675,0.725,0.925,0.175,-1.2043,0.575
py_private,22,own10,40,0.55,0.575,0.975,0.3,-0.568,0.575
py_private,22,own2,40,0.675,0.725,0.925,0.2,-1.2461,0.575
py_private,23,full,40,0.275,0.4,0.625,0.525,-3.7231,0.575
py_private,23,mean1,40,0.625,0.65,0.95,0.225,-0.7332,0.575
py_private,23,mean2,40,0.675,0.675,0.975,0.3,-0.6953,0.575
py_private,23,own1,40,0.625,0.65,0.95,0.2,-1.0621,0.575
py_private,23,own10,40,0.625,0.625,0.975,0.25,-0.4414,0.575
py_private,23,own2,40,0.65,0.675,0.95,0.25,-1.0609,0.575
py_private,24,full,40,0.2,0.3,0.55,0.675,-3.7606,0.575
py_private,24,mean1,40,0.6,0.65,0.925,0.275,-0.6418,0.575
py_private,24,mean2,40,0.65,0.725,0.85,0.175,-0.6703,0.575
py_private,24,own1,40,0.5,0.55,0.925,0.325,-0.9848,0.575
py_private,24,own10,40,0.575,0.65,0.9,0.3,-0.507,0.575
py_private,24,own2,40,0.65,0.725,0.875,0.2,-1.0516,0.575
py_private,25,full,40,0.2,0.275,0.55,0.675,-3.6646,0.575
py_private,25,mean1,40,0.7,0.725,0.975,0.225,-0.4617,0.575
py_private,25,mean2,40,0.625,0.7,0.85,0.225,-0.391,0.575
py_private,25,own1,40,0.7,0.7,0.975,0.225,-0.868,0.575
py_private,25,own10,40,0.6,0.65,0.9,0.35,-0.407,0.575
py_private,25,own2,40,0.425,0.475,0.925,0.275,-0.8789,0.575
py_private,26,full,40,0.225,0.325,0.55,0.675,-3.5642,0.575
py_private,26,mean1,40,0.6,0.7,0.875,0.2,-0.6207,0.575
py_private,26,mean2,40,0.625,0.675,0.9,0.2,-0.5227,0.575
py_private,26,own1,40,0.375,0.45,0.9,0.4,-1.0016,0.575
py_private,26,own10,40,0.6,0.625,0.95,0.275,-0.7164,0.575
py_private,26,own2,40,0.65,0.725,0.9,0.175,-1.0051,0.575
py_private,27,full,40,0.25,0.325,0.55,0.625,-3.2244,0.575
py_private,27,mean1,40,0.525,0.55,0.95,0.275,-0.9152,0.575
py_private,27,mean2,40,0.575,0.6,0.95,0.25,-0.9133,0.575
py_private,27,own1,40,0.4,0.45,0.925,0.325,-1.5414,0.575
py_private,27,own10,40,0.425,0.475,0.85,0.375,-1.4904,0.575
py_private,27,own2,40,0.45,0.525,0.875,0.2,-1.7672,0.575
py_private,28,full,40,0.225,0.3,0.575,0.65,-2.738,0.575
py_private,28,mean1,40,0.65,0.65,1.0,0.25,-1.3609,0.575
py_private,28,mean2,40,0.325,0.35,0.925,0.225,-2.6566,0.575
py_private,28,own1,40,0.6,0.625,0.9,0.25,-1.5883,0.575
py_private,28,own10,40,0.375,0.4,0.95,0.35,-4.8598,0.575
py_private,28,own2,40,0.3,0.325,0.925,0.2,-5.7606,0.575
py_quotes,0,base,40,0.475,0.575,0.825,0.05,0.268,0.475
py_quotes,20,full,40,0.275,0.55,0.475,0.075,0.651,0.475
py_quotes,20,mean1,40,0.45,0.55,0.825,0.025,0.468,0.475
py_quotes,20,mean2,40,0.5,0.575,0.725,0.125,0.4617,0.475
py_quotes,20,own1,40,0.5,0.625,0.8,0.025,0.5086,0.475
py_quotes,20,own10,40,0.45,0.575,0.825,0.125,0.4445,0.475
py_quotes,20,own2,40,0.45,0.525,0.775,0.05,0.5078,0.475
py_quotes,21,full,40,0.325,0.525,0.55,0.1,0.6297,0.475
py_quotes,21,mean1,40,0.475,0.55,0.75,0.05,0.4539,0.475
py_quotes,21,mean2,40,0.45,0.575,0.85,0.075,0.5391,0.475
py_quotes,21,own1,40,0.325,0.425,0.7,0.025,0.5016,0.475
py_quotes,21,own10,40,0.425,0.525,0.75,0.05,0.5898,0.475
py_quotes,21,own2,40,0.4,0.475,0.875,0.075,0.5703,0.475
py_quotes,22,full,40,0.375,0.55,0.625,0.025,0.6406,0.475
py_quotes,22,mean1,40,0.5,0.625,0.8,0.075,0.4016,0.475
py_quotes,22,mean2,40,0.4,0.475,0.8,0.05,0.5016,0.475
py_quotes,22,own1,40,0.475,0.55,0.875,0.05,0.4172,0.475
py_quotes,22,own10,40,0.45,0.6,0.75,0.125,0.5141,0.475
py_quotes,22,own2,40,0.375,0.45,0.775,0.125,0.5039,0.475
py_quotes,23,full,40,0.575,0.8,0.7,0.0,1.8382,0.475
py_quotes,23,mean1,40,0.575,0.7,0.725,0.075,0.9094,0.475
py_quotes,23,mean2,40,0.475,0.7,0.675,0.025,0.9219,0.475
py_quotes,23,own1,40,0.4,0.625,0.725,0.025,1.0367,0.475
py_quotes,23,own10,40,0.55,0.625,0.85,0.05,1.4594,0.475
py_quotes,23,own2,40,0.425,0.55,0.725,0.025,1.0305,0.475
py_quotes,24,full,40,0.675,0.875,0.775,0.0,2.5663,0.475
py_quotes,24,mean1,40,0.525,0.675,0.8,0.05,1.4969,0.475
py_quotes,24,mean2,40,0.45,0.6,0.7,0.075,1.5148,0.475
py_quotes,24,own1,40,0.675,0.8,0.875,0.075,1.7266,0.475
py_quotes,24,own10,40,0.575,0.725,0.8,0.1,2.0445,0.475
py_quotes,24,own2,40,0.575,0.75,0.8,0.05,1.7172,0.475
py_quotes,25,full,40,0.65,0.95,0.675,0.025,3.9264,0.475
py_quotes,25,mean1,40,0.675,0.75,0.9,0.1,2.5594,0.475
py_quotes,25,mean2,40,0.6,0.75,0.8,0.075,2.5578,0.475
py_quotes,25,own1,40,0.675,0.85,0.775,0.075,2.7328,0.475
py_quotes,25,own10,40,0.625,0.85,0.75,0.05,2.9914,0.475
py_quotes,25,own2,40,0.675,0.825,0.825,0.05,2.7266,0.475
py_quotes,26,full,40,0.575,0.925,0.575,0.075,4.0591,0.475
py_quotes,26,mean1,40,0.725,0.85,0.825,0.025,2.7172,0.475
py_quotes,26,mean2,40,0.7,0.825,0.8,0.125,2.732,0.475
py_quotes,26,own1,40,0.625,0.7,0.85,0.075,2.993,0.475
py_quotes,26,own10,40,0.6,0.8,0.8,0.025,2.9953,0.475
py_quotes,26,own2,40,0.675,0.875,0.775,0.025,3.0695,0.475
py_quotes,27,full,40,0.75,0.975,0.75,0.0,4.7274,0.475
py_quotes,27,mean1,40,0.65,0.85,0.775,0.025,2.952,0.475
py_quotes,27,mean2,40,0.775,0.975,0.8,0.0,2.9832,0.475
py_quotes,27,own1,40,0.775,0.85,0.9,0.05,3.3742,0.475
py_quotes,27,own10,40,0.725,0.95,0.775,0.025,3.9582,0.475
py_quotes,27,own2,40,0.625,0.8,0.75,0.025,3.5719,0.475
py_quotes,28,full,40,0.5,1.0,0.5,0.0,4.8887,0.475
py_quotes,28,mean1,40,0.725,0.9,0.825,0.05,3.7172,0.475
py_quotes,28,mean2,40,0.7,0.85,0.825,0.05,3.8145,0.475
py_quotes,28,own1,40,0.75,0.825,0.875,0.025,4.0906,0.475
py_quotes,28,own10,40,0.75,0.925,0.75,0.025,7.1727,0.475
py_quotes,28,own2,40,0.7,0.85,0.825,0.075,4.334,0.475
py_self_name,0,base,40,0.0,0.0,0.9,0.0,-9.5719,0.0
py_self_name,20,full,40,0.0,0.0,0.95,0.0,-5.3407,0.0
py_self_name,20,mean1,40,0.0,0.0,0.95,0.0,-8.4906,0.0
py_self_name,20,mean2,40,0.0,0.0,0.95,0.0,-8.175,0.0
py_self_name,20,own1,40,0.025,0.025,0.875,0.0,-8.5453,0.0
py_self_name,20,own10,40,0.0,0.0,0.85,0.025,-8.0938,0.0
py_self_name,20,own2,40,0.0,0.0,0.975,0.0,-8.2687,0.0
py_self_name,21,full,40,0.0,0.0,0.8,0.05,-5.0911,0.0
py_self_name,21,mean1,40,0.0,0.0,0.85,0.0,-8.2562,0.0
py_self_name,21,mean2,40,0.0,0.0,0.85,0.0,-7.9266,0.0
py_self_name,21,own1,40,0.0,0.0,0.925,0.0,-8.2188,0.0
py_self_name,21,own10,40,0.0,0.0,0.95,0.0,-7.8312,0.0
py_self_name,21,own2,40,0.0,0.0,0.925,0.0,-7.9766,0.0
py_self_name,22,full,40,0.0,0.0,0.875,0.025,-5.1558,0.0
py_self_name,22,mean1,40,0.0,0.0,0.975,0.0,-8.2156,0.0
py_self_name,22,mean2,40,0.0,0.0,0.925,0.0,-8.1687,0.0
py_self_name,22,own1,40,0.0,0.0,0.925,0.0,-8.3406,0.0
py_self_name,22,own10,40,0.0,0.0,0.925,0.0,-8.1953,0.0
py_self_name,22,own2,40,0.0,0.0,0.95,0.0,-8.3078,0.0
py_self_name,23,full,40,0.025,0.025,0.925,0.05,0.1215,0.0
py_self_name,23,mean1,40,0.05,0.05,0.875,0.0,-4.0328,0.0
py_self_name,23,mean2,40,0.0,0.025,0.85,0.0,-3.9328,0.0
py_self_name,23,own1,40,0.025,0.05,0.775,0.0,-4.2562,0.0
py_self_name,23,own10,40,0.0,0.0,0.85,0.0,-4.3922,0.0
py_self_name,23,own2,40,0.0,0.0,0.925,0.0,-4.1516,0.0
py_self_name,24,full,40,0.35,0.475,0.75,0.125,3.5727,0.0
py_self_name,24,mean1,40,0.025,0.025,0.975,0.0,-3.0469,0.0
py_self_name,24,mean2,40,0.05,0.05,0.85,0.0,-2.9828,0.0
py_self_name,24,own1,40,0.025,0.025,0.925,0.0,-3.2641,0.0
py_self_name,24,own10,40,0.1,0.125,0.9,0.0,-2.8984,0.0
py_self_name,24,own2,40,0.125,0.15,0.85,0.025,-3.2422,0.0
py_self_name,25,full,40,0.45,0.6,0.675,0.15,5.0502,0.0
py_self_name,25,mean1,40,0.075,0.1,0.85,0.0,-1.9125,0.0
py_self_name,25,mean2,40,0.175,0.225,0.825,0.0,-1.5031,0.0
py_self_name,25,own1,40,0.3,0.3,0.95,0.0,-1.7016,0.0
py_self_name,25,own10,40,0.15,0.225,0.85,0.0,-1.4734,0.0
py_self_name,25,own2,40,0.3,0.325,0.925,0.025,-1.4453,0.0
py_self_name,26,full,40,0.625,0.725,0.8,0.1,7.089,0.0
py_self_name,26,mean1,40,0.35,0.375,0.925,0.025,-0.0812,0.0
py_self_name,26,mean2,40,0.5,0.575,0.875,0.0,0.2859,0.0
py_self_name,26,own1,40,0.45,0.525,0.875,0.0,0.5453,0.0
py_self_name,26,own10,40,0.45,0.475,0.9,0.0,-0.1344,0.0
py_self_name,26,own2,40,0.5,0.55,0.875,0.025,0.675,0.0
py_self_name,27,full,40,0.65,0.85,0.75,0.025,8.7485,0.0
py_self_name,27,mean1,40,0.75,0.95,0.8,0.0,5.4531,0.0
py_self_name,27,mean2,40,0.825,0.975,0.85,0.0,5.4297,0.0
py_self_name,27,own1,40,0.775,0.9,0.875,0.025,6.3414,0.0
py_self_name,27,own10,40,0.55,0.925,0.625,0.0,5.4156,0.0
py_self_name,27,own2,40,0.8,0.9,0.85,0.05,6.3641,0.0
py_self_name,28,full,40,0.775,0.925,0.825,0.025,9.4873,0.0
py_self_name,28,mean1,40,0.825,0.95,0.85,0.0,3.8203,0.0
py_self_name,28,mean2,40,0.8,0.875,0.925,0.0,3.3625,0.0
py_self_name,28,own1,40,0.75,0.85,0.875,0.025,4.0672,0.0
py_self_name,28,own10,40,0.7,0.925,0.75,0.0,1.8609,0.0
py_self_name,28,own2,40,0.75,0.825,0.875,0.0,3.0562,0.0
py_snake_camel,0,base,40,0.0,0.0,0.825,0.15,-3.809,0.0
py_snake_camel,20,full,40,0.15,0.2,0.475,0.2,-2.6467,0.0
py_snake_camel,20,mean1,40,0.05,0.075,0.7,0.2,-2.0109,0.0
py_snake_camel,20,mean2,40,0.15,0.2,0.75,0.1,-1.9898,0.0
py_snake_camel,20,own1,40,0.175,0.225,0.75,0.1,-1.9062,0.0
py_snake_camel,20,own10,40,0.125,0.175,0.725,0.15,-2.2586,0.0
py_snake_camel,20,own2,40,0.1,0.15,0.775,0.075,-1.8812,0.0
py_snake_camel,21,full,40,0.375,0.525,0.65,0.075,0.7186,0.0
py_snake_camel,21,mean1,40,0.275,0.4,0.625,0.225,0.2672,0.0
py_snake_camel,21,mean2,40,0.275,0.425,0.725,0.0,0.2891,0.0
py_snake_camel,21,own1,40,0.45,0.6,0.8,0.075,0.3906,0.0
py_snake_camel,21,own10,40,0.325,0.4,0.75,0.225,0.843,0.0
py_snake_camel,21,own2,40,0.25,0.35,0.7,0.225,0.3891,0.0
py_snake_camel,22,full,40,0.45,0.75,0.5,0.125,2.2241,0.0
py_snake_camel,22,mean1,40,0.625,0.8,0.75,0.075,1.4961,0.0
py_snake_camel,22,mean2,40,0.275,0.525,0.575,0.3,1.4711,0.0
py_snake_camel,22,own1,40,0.4,0.55,0.725,0.15,1.5719,0.0
py_snake_camel,22,own10,40,0.4,0.625,0.625,0.1,1.807,0.0
py_snake_camel,22,own2,40,0.375,0.525,0.7,0.15,1.5414,0.0
py_snake_camel,23,full,40,0.35,0.725,0.45,0.05,2.6635,0.0
py_snake_camel,23,mean1,40,0.575,0.8,0.75,0.025,1.7797,0.0
py_snake_camel,23,mean2,40,0.45,0.675,0.75,0.125,1.7477,0.0
py_snake_camel,23,own1,40,0.35,0.525,0.725,0.175,1.8781,0.0
py_snake_camel,23,own10,40,0.55,0.75,0.75,0.0,1.9969,0.0
py_snake_camel,23,own2,40,0.5,0.6,0.825,0.15,1.8539,0.0
py_snake_camel,24,full,40,0.45,0.775,0.625,0.125,2.8391,0.0
py_snake_camel,24,mean1,40,0.575,0.675,0.75,0.1,1.8234,0.0
py_snake_camel,24,mean2,40,0.4,0.675,0.675,0.15,1.7141,0.0
py_snake_camel,24,own1,40,0.425,0.775,0.575,0.075,1.9258,0.0
py_snake_camel,24,own10,40,0.375,0.65,0.55,0.15,1.9172,0.0
py_snake_camel,24,own2,40,0.525,0.725,0.675,0.15,1.8133,0.0
py_snake_camel,25,full,40,0.4,0.9,0.425,0.025,5.139,0.0
py_snake_camel,25,mean1,40,0.65,0.85,0.725,0.1,4.9773,0.0
py_snake_camel,25,mean2,40,0.525,0.85,0.575,0.1,4.9258,0.0
py_snake_camel,25,own1,40,0.725,0.875,0.8,0.075,4.9199,0.0
py_snake_camel,25,own10,40,0.6,0.8,0.775,0.125,4.952,0.0
py_snake_camel,25,own2,40,0.55,0.825,0.675,0.125,4.8676,0.0
py_snake_camel,26,full,40,0.55,0.9,0.6,0.05,5.1565,0.0
py_snake_camel,26,mean1,40,0.65,0.925,0.7,0.05,4.793,0.0
py_snake_camel,26,mean2,40,0.6,0.85,0.725,0.125,4.8063,0.0
py_snake_camel,26,own1,40,0.425,0.675,0.575,0.225,4.7422,0.0
py_snake_camel,26,own10,40,0.6,0.825,0.675,0.075,4.9836,0.0
py_snake_camel,26,own2,40,0.325,0.7,0.525,0.175,4.7445,0.0
py_snake_camel,27,full,40,0.375,0.775,0.425,0.1,5.2469,0.0
py_snake_camel,27,mean1,40,0.65,0.775,0.775,0.15,4.6656,0.0
py_snake_camel,27,mean2,40,0.5,0.9,0.525,0.05,4.4875,0.0
py_snake_camel,27,own1,40,0.5,0.75,0.725,0.125,4.6352,0.0
py_snake_camel,27,own10,40,0.45,0.7,0.65,0.2,4.85,0.0
py_snake_camel,27,own2,40,0.65,0.925,0.7,0.05,4.4625,0.0
py_snake_camel,28,full,40,0.475,0.825,0.525,0.125,5.3307,0.0
py_snake_camel,28,mean1,40,0.6,0.975,0.625,0.0,6.6141,0.0
py_snake_camel,28,mean2,40,0.525,0.95,0.575,0.0,6.3504,0.0
py_snake_camel,28,own1,40,0.625,0.95,0.625,0.0,6.416,0.0
py_snake_camel,28,own10,40,0.55,0.875,0.625,0.05,5.7293,0.0
py_snake_camel,28,own2,40,0.625,0.95,0.65,0.05,6.1838,0.0
py_tabs,0,base,40,0.0,0.0,0.725,0.2,-5.4344,0.0
py_tabs,20,full,40,0.3,0.475,0.65,0.35,1.2523,0.0
py_tabs,20,mean1,40,0.0,0.0,0.7,0.1,-5.1219,0.0
py_tabs,20,mean2,40,0.0,0.025,0.7,0.075,-4.8203,0.0
py_tabs,20,own1,40,0.0,0.025,0.7,0.125,-4.9344,0.0
py_tabs,20,own10,40,0.15,0.175,0.85,0.1,-4.3562,0.0
py_tabs,20,own2,40,0.025,0.025,0.675,0.05,-4.6297,0.0
py_tabs,21,full,40,0.3,0.475,0.65,0.35,1.4766,0.0
py_tabs,21,mean1,40,0.0,0.0,0.75,0.05,-5.2094,0.0
py_tabs,21,mean2,40,0.0,0.0,0.75,0.15,-5.2484,0.0
py_tabs,21,own1,40,0.025,0.025,0.7,0.075,-5.0797,0.0
py_tabs,21,own10,40,0.025,0.05,0.8,0.1,-4.8641,0.0
py_tabs,21,own2,40,0.05,0.05,0.675,0.05,-5.0969,0.0
py_tabs,22,full,40,0.35,0.55,0.675,0.35,1.6664,0.0
py_tabs,22,mean1,40,0.0,0.0,0.625,0.15,-4.7437,0.0
py_tabs,22,mean2,40,0.05,0.125,0.6,0.075,-4.6453,0.0
py_tabs,22,own1,40,0.025,0.05,0.8,0.075,-4.45,0.0
py_tabs,22,own10,40,0.05,0.075,0.75,0.05,-4.6813,0.0
py_tabs,22,own2,40,0.075,0.075,0.8,0.125,-4.3812,0.0
py_tabs,23,full,40,0.55,0.975,0.55,0.0,2.7422,0.0
py_tabs,23,mean1,40,0.1,0.175,0.65,0.125,-3.1875,0.0
py_tabs,23,mean2,40,0.0,0.025,0.7,0.2,-3.2016,0.0
py_tabs,23,own1,40,0.025,0.075,0.7,0.125,-3.2203,0.0
py_tabs,23,own10,40,0.125,0.175,0.8,0.05,-3.1531,0.0
py_tabs,23,own2,40,0.125,0.2,0.775,0.05,-3.2094,0.0
py_tabs,24,full,40,0.5,0.975,0.5,0.0,2.5637,0.0
py_tabs,24,mean1,40,0.1,0.1,0.65,0.2,-2.0625,0.0
py_tabs,24,mean2,40,0.2,0.25,0.75,0.05,-2.3625,0.0
py_tabs,24,own1,40,0.2,0.325,0.65,0.125,-2.0859,0.0
py_tabs,24,own10,40,0.175,0.25,0.725,0.175,-2.3297,0.0
py_tabs,24,own2,40,0.275,0.375,0.625,0.05,-2.3391,0.0
py_tabs,25,full,40,0.5,1.0,0.5,0.0,3.1746,0.0
py_tabs,25,mean1,40,0.425,0.8,0.6,0.05,0.5375,0.0
py_tabs,25,mean2,40,0.375,0.575,0.675,0.075,-0.1312,0.0
py_tabs,25,own1,40,0.45,0.7,0.65,0.0,0.2344,0.0
py_tabs,25,own10,40,0.425,0.65,0.7,0.075,-0.3297,0.0
py_tabs,25,own2,40,0.425,0.65,0.7,0.075,-0.3516,0.0
py_tabs,26,full,40,0.525,1.0,0.525,0.0,3.5043,0.0
py_tabs,26,mean1,40,0.4,0.5,0.775,0.1,-0.3094,0.0
py_tabs,26,mean2,40,0.45,0.6,0.75,0.075,-0.2969,0.0
py_tabs,26,own1,40,0.4,0.625,0.725,0.15,-0.5719,0.0
py_tabs,26,own10,40,0.35,0.5,0.65,0.075,-0.8391,0.0
py_tabs,26,own2,40,0.35,0.525,0.65,0.125,-0.5703,0.0
py_tabs,27,full,40,0.575,1.0,0.575,0.0,3.5344,0.0
py_tabs,27,mean1,40,0.325,0.475,0.675,0.15,-0.2453,0.0
py_tabs,27,mean2,40,0.35,0.45,0.7,0.2,-0.2125,0.0
py_tabs,27,own1,40,0.425,0.6,0.65,0.1,-0.4187,0.0
py_tabs,27,own10,40,0.3,0.475,0.725,0.15,-1.45,0.0
py_tabs,27,own2,40,0.35,0.6,0.65,0.125,-0.3859,0.0
py_tabs,28,full,40,0.525,1.0,0.525,0.0,3.6484,0.0
py_tabs,28,mean1,40,0.525,0.75,0.7,0.05,0.4,0.0
py_tabs,28,mean2,40,0.35,0.625,0.625,0.05,0.3172,0.0
py_tabs,28,own1,40,0.45,0.625,0.725,0.125,0.2703,0.0
py_tabs,28,own10,40,0.425,0.625,0.725,0.0,-0.8359,0.0
py_tabs,28,own2,40,0.45,0.525,0.775,0.1,-0.0547,0.0
py_type_hints,0,base,40,0.1,0.1,0.9,0.25,-1.6047,0.1
py_type_hints,20,full,40,0.1,0.175,0.6,0.425,-1.1023,0.1
py_type_hints,20,mean1,40,0.1,0.1,0.825,0.275,-0.6328,0.1
py_type_hints,20,mean2,40,0.15,0.15,0.8,0.225,-0.6953,0.1
py_type_hints,20,own1,40,0.15,0.175,0.825,0.3,-0.2984,0.1
py_type_hints,20,own10,40,0.125,0.125,0.85,0.275,-0.7156,0.1
py_type_hints,20,own2,40,0.125,0.15,0.825,0.3,-0.3578,0.1
py_type_hints,21,full,40,0.075,0.075,0.575,0.525,-0.5328,0.1
py_type_hints,21,mean1,40,0.1,0.1,0.925,0.3,-0.2266,0.1
py_type_hints,21,mean2,40,0.1,0.1,0.85,0.2,-0.2656,0.1
py_type_hints,21,own1,40,0.175,0.175,0.825,0.3,0.0875,0.1
py_type_hints,21,own10,40,0.125,0.125,0.875,0.3,-0.6828,0.1
py_type_hints,21,own2,40,0.125,0.125,0.825,0.225,0.0547,0.1
py_type_hints,22,full,40,0.0,0.025,0.6,0.65,0.4547,0.1
py_type_hints,22,mean1,40,0.175,0.175,0.875,0.225,0.2203,0.1
py_type_hints,22,mean2,40,0.1,0.125,0.85,0.35,0.175,0.1
py_type_hints,22,own1,40,0.125,0.125,0.875,0.35,0.4938,0.1
py_type_hints,22,own10,40,0.15,0.15,0.9,0.325,-0.3125,0.1
py_type_hints,22,own2,40,0.125,0.125,0.825,0.325,0.4516,0.1
py_type_hints,23,full,40,0.075,0.075,0.475,0.65,1.4547,0.1
py_type_hints,23,mean1,40,0.15,0.15,0.85,0.35,2.2461,0.1
py_type_hints,23,mean2,40,0.225,0.225,0.825,0.325,2.1812,0.1
py_type_hints,23,own1,40,0.2,0.225,0.85,0.35,2.1602,0.1
py_type_hints,23,own10,40,0.15,0.225,0.775,0.425,1.9062,0.1
py_type_hints,23,own2,40,0.2,0.2,0.875,0.4,2.0289,0.1
py_type_hints,24,full,40,0.1,0.1,0.725,0.6,1.6047,0.1
py_type_hints,24,mean1,40,0.2,0.25,0.625,0.4,2.4914,0.1
py_type_hints,24,mean2,40,0.2,0.2,0.8,0.3,2.2844,0.1
py_type_hints,24,own1,40,0.2,0.2,0.85,0.425,2.3578,0.1
py_type_hints,24,own10,40,0.15,0.15,0.7,0.475,1.65,0.1
py_type_hints,24,own2,40,0.125,0.15,0.65,0.4,2.2172,0.1
py_type_hints,25,full,40,0.15,0.15,0.775,0.625,2.2063,0.1
py_type_hints,25,mean1,40,0.2,0.2,0.85,0.4,2.9953,0.1
py_type_hints,25,mean2,40,0.125,0.15,0.875,0.375,3.1203,0.1
py_type_hints,25,own1,40,0.15,0.175,0.7,0.375,2.8664,0.1
py_type_hints,25,own10,40,0.075,0.075,0.625,0.6,2.1547,0.1
py_type_hints,25,own2,40,0.225,0.225,0.825,0.4,3.0297,0.1
py_type_hints,26,full,40,0.125,0.125,0.675,0.625,2.4953,0.1
py_type_hints,26,mean1,40,0.15,0.225,0.775,0.35,3.0891,0.1
py_type_hints,26,mean2,40,0.2,0.225,0.85,0.5,3.3969,0.1
py_type_hints,26,own1,40,0.175,0.25,0.725,0.375,3.0633,0.1
py_type_hints,26,own10,40,0.2,0.225,0.725,0.35,2.4703,0.1
py_type_hints,26,own2,40,0.2,0.2,0.7,0.275,3.4164,0.1
py_type_hints,27,full,40,0.175,0.175,0.75,0.625,2.6031,0.1
py_type_hints,27,mean1,40,0.225,0.25,0.75,0.325,3.2687,0.1
py_type_hints,27,mean2,40,0.125,0.175,0.825,0.475,3.4078,0.1
py_type_hints,27,own1,40,0.2,0.225,0.875,0.4,3.3258,0.1
py_type_hints,27,own10,40,0.175,0.175,0.775,0.525,3.0,0.1
py_type_hints,27,own2,40,0.225,0.25,0.725,0.325,3.5055,0.1
py_type_hints,28,full,40,0.075,0.075,0.525,0.725,2.6266,0.1
py_type_hints,28,mean1,40,0.2,0.2,0.775,0.35,3.7094,0.1
py_type_hints,28,mean2,40,0.175,0.175,0.775,0.45,3.6391,0.1
py_type_hints,28,own1,40,0.275,0.325,0.8,0.35,3.9922,0.1
py_type_hints,28,own10,40,0.125,0.175,0.575,0.35,1.1953,0.1
py_type_hints,28,own2,40,0.25,0.25,0.9,0.375,3.8984,0.1
py_with_open,0,base,40,0.025,0.025,0.775,0.125,-5.0297,0.025
py_with_open,20,full,40,0.025,0.05,0.6,0.325,-5.0953,0.025
py_with_open,20,mean1,40,0.1,0.1,0.9,0.15,-4.475,0.025
py_with_open,20,mean2,40,0.05,0.1,0.875,0.1,-4.4063,0.025
py_with_open,20,own1,40,0.0,0.0,0.875,0.15,-4.5703,0.025
py_with_open,20,own10,40,0.125,0.125,0.875,0.15,-4.5953,0.025
py_with_open,20,own2,40,0.05,0.05,0.8,0.2,-4.475,0.025
py_with_open,21,full,40,0.05,0.075,0.75,0.125,-4.7453,0.025
py_with_open,21,mean1,40,0.0,0.0,0.7,0.125,-4.2062,0.025
py_with_open,21,mean2,40,0.075,0.1,0.875,0.15,-4.2031,0.025
py_with_open,21,own1,40,0.025,0.025,0.825,0.175,-4.2969,0.025
py_with_open,21,own10,40,0.025,0.025,0.9,0.15,-4.2688,0.025
py_with_open,21,own2,40,0.05,0.05,0.75,0.25,-4.2422,0.025
py_with_open,22,full,40,0.075,0.1,0.85,0.2,-4.3727,0.025
py_with_open,22,mean1,40,0.075,0.075,0.925,0.125,-3.7484,0.025
py_with_open,22,mean2,40,0.05,0.05,0.9,0.1,-3.7766,0.025
py_with_open,22,own1,40,0.025,0.05,0.725,0.2,-3.7469,0.025
py_with_open,22,own10,40,0.0,0.0,0.825,0.225,-3.7563,0.025
py_with_open,22,own2,40,0.025,0.05,0.75,0.1,-3.7391,0.025
py_with_open,23,full,40,0.175,0.175,0.825,0.1,-2.2891,0.025
py_with_open,23,mean1,40,0.075,0.1,0.75,0.225,-2.6453,0.025
py_with_open,23,mean2,40,0.05,0.075,0.825,0.225,-2.6906,0.025
py_with_open,23,own1,40,0.1,0.1,0.8,0.175,-2.5313,0.025
py_with_open,23,own10,40,0.075,0.125,0.825,0.125,-2.4172,0.025
py_with_open,23,own2,40,0.15,0.15,0.85,0.15,-2.5047,0.025
py_with_open,24,full,40,0.3,0.325,0.775,0.25,-1.4062,0.025
py_with_open,24,mean1,40,0.15,0.15,0.775,0.25,-1.9719,0.025
py_with_open,24,mean2,40,0.075,0.1,0.775,0.15,-2.0125,0.025
py_with_open,24,own1,40,0.1,0.125,0.825,0.2,-1.6563,0.025
py_with_open,24,own10,40,0.125,0.225,0.75,0.175,-1.6641,0.025
py_with_open,24,own2,40,0.125,0.125,0.85,0.3,-1.6922,0.025
py_with_open,25,full,40,0.4,0.475,0.775,0.05,-0.9844,0.025
py_with_open,25,mean1,40,0.2,0.225,0.825,0.15,-1.3453,0.025
py_with_open,25,mean2,40,0.225,0.25,0.9,0.125,-1.3188,0.025
py_with_open,25,own1,40,0.325,0.325,0.775,0.25,-1.0406,0.025
py_with_open,25,own10,40,0.175,0.225,0.775,0.175,-0.8844,0.025
py_with_open,25,own2,40,0.425,0.425,0.875,0.125,-0.9266,0.025
py_with_open,26,full,40,0.4,0.475,0.8,0.15,0.1055,0.025
py_with_open,26,mean1,40,0.325,0.325,0.8,0.225,-0.4031,0.025
py_with_open,26,mean2,40,0.35,0.375,0.825,0.2,-0.3406,0.025
py_with_open,26,own1,40,0.275,0.3,0.775,0.2,-0.1703,0.025
py_with_open,26,own10,40,0.275,0.275,0.85,0.3,0.1656,0.025
py_with_open,26,own2,40,0.425,0.45,0.775,0.15,-0.1063,0.025
py_with_open,27,full,40,0.3,0.375,0.75,0.1,0.3383,0.025
py_with_open,27,mean1,40,0.35,0.425,0.75,0.2,-0.4375,0.025
py_with_open,27,mean2,40,0.35,0.35,0.95,0.2,-0.3484,0.025
py_with_open,27,own1,40,0.275,0.275,0.95,0.15,-0.1172,0.025
py_with_open,27,own10,40,0.5,0.5,0.875,0.125,0.3594,0.025
py_with_open,27,own2,40,0.375,0.4,0.775,0.225,0.0453,0.025
py_with_open,28,full,40,0.425,0.525,0.8,0.075,1.5211,0.025
py_with_open,28,mean1,40,0.45,0.5,0.825,0.2,1.0234,0.025
py_with_open,28,mean2,40,0.425,0.5,0.825,0.075,0.0234,0.025
py_with_open,28,own1,40,0.55,0.55,0.85,0.15,0.9297,0.025
py_with_open,28,own10,40,0.375,0.5,0.775,0.125,2.3273,0.025
py_with_open,28,own2,40,0.475,0.525,0.825,0.25,0.8187,0.025
r_assignment,0,base,40,0.225,0.275,0.85,0.025,-1.0391,0.225
r_assignment,20,full,40,0.125,0.25,0.6,0.125,1.0992,0.225
r_assignment,20,mean1,40,0.225,0.35,0.775,0.0,-1.2531,0.225
r_assignment,20,mean2,40,0.15,0.25,0.825,0.0,-1.5328,0.225
r_assignment,20,own1,40,0.15,0.25,0.725,0.1,-1.2609,0.225
r_assignment,20,own10,40,0.1,0.15,0.775,0.025,-1.3078,0.225
r_assignment,20,own2,40,0.15,0.225,0.7,0.1,-1.4484,0.225
r_assignment,21,full,40,0.325,0.45,0.7,0.05,1.6852,0.225
r_assignment,21,mean1,40,0.15,0.225,0.625,0.1,-1.2953,0.225
r_assignment,21,mean2,40,0.175,0.25,0.75,0.025,-1.5453,0.225
r_assignment,21,own1,40,0.15,0.225,0.8,0.025,-1.3297,0.225
r_assignment,21,own10,40,0.2,0.25,0.7,0.125,-1.4062,0.225
r_assignment,21,own2,40,0.075,0.2,0.75,0.025,-1.4938,0.225
r_assignment,22,full,40,0.3,0.5,0.625,0.075,2.1844,0.225
r_assignment,22,mean1,40,0.15,0.2,0.775,0.025,-1.5234,0.225
r_assignment,22,mean2,40,0.175,0.25,0.7,0.0,-1.7703,0.225
r_assignment,22,own1,40,0.125,0.3,0.625,0.05,-1.6266,0.225
r_assignment,22,own10,40,0.175,0.225,0.8,0.025,-1.6641,0.225
r_assignment,22,own2,40,0.15,0.15,0.8,0.05,-1.7484,0.225
r_assignment,23,full,40,0.525,0.65,0.7,0.05,3.175,0.225
r_assignment,23,mean1,40,0.15,0.225,0.7,0.075,-0.4609,0.225
r_assignment,23,mean2,40,0.2,0.275,0.65,0.075,-0.7125,0.225
r_assignment,23,own1,40,0.2,0.3,0.725,0.0,-0.6672,0.225
r_assignment,23,own10,40,0.25,0.4,0.65,0.15,0.15,0.225
r_assignment,23,own2,40,0.225,0.4,0.65,0.05,-0.6703,0.225
r_assignment,24,full,40,0.475,0.625,0.8,0.0,3.475,0.225
r_assignment,24,mean1,40,0.25,0.4,0.6,0.0,-0.2328,0.225
r_assignment,24,mean2,40,0.225,0.275,0.775,0.075,-0.4359,0.225
r_assignment,24,own1,40,0.275,0.45,0.675,0.05,-0.4437,0.225
r_assignment,24,own10,40,0.3,0.5,0.725,0.1,0.6422,0.225
r_assignment,24,own2,40,0.25,0.325,0.7,0.175,-0.4609,0.225
r_assignment,25,full,40,0.45,0.725,0.6,0.05,6.2555,0.225
r_assignment,25,mean1,40,0.375,0.6,0.6,0.125,2.5219,0.225
r_assignment,25,mean2,40,0.6,0.775,0.7,0.075,2.4359,0.225
r_assignment,25,own1,40,0.5,0.75,0.725,0.1,2.4406,0.225
r_assignment,25,own10,40,0.475,0.65,0.575,0.075,2.9109,0.225
r_assignment,25,own2,40,0.5,0.775,0.675,0.1,2.3703,0.225
r_assignment,26,full,40,0.425,0.775,0.475,0.05,6.4852,0.225
r_assignment,26,mean1,40,0.425,0.65,0.575,0.125,2.6422,0.225
r_assignment,26,mean2,40,0.45,0.7,0.55,0.15,2.4937,0.225
r_assignment,26,own1,40,0.5,0.8,0.625,0.075,2.7234,0.225
r_assignment,26,own10,40,0.55,0.75,0.625,0.15,3.3125,0.225
r_assignment,26,own2,40,0.5,0.675,0.65,0.1,2.5328,0.225
r_assignment,27,full,40,0.6,0.75,0.675,0.1,6.9078,0.225
r_assignment,27,mean1,40,0.5,0.7,0.575,0.125,2.9047,0.225
r_assignment,27,mean2,40,0.4,0.7,0.45,0.175,3.0203,0.225
r_assignment,27,own1,40,0.475,0.65,0.625,0.15,2.7719,0.225
r_assignment,27,own10,40,0.575,0.825,0.7,0.1,4.3023,0.225
r_assignment,27,own2,40,0.525,0.775,0.7,0.1,3.0641,0.225
r_assignment,28,full,40,0.525,0.675,0.6,0.1,6.9734,0.225
r_assignment,28,mean1,40,0.5,0.725,0.65,0.1,4.2938,0.225
r_assignment,28,mean2,40,0.6,0.9,0.6,0.05,9.9922,0.225
r_assignment,28,own1,40,0.475,0.6,0.675,0.075,3.4531,0.225
r_assignment,28,own10,40,0.625,0.75,0.725,0.1,6.5969,0.225
r_assignment,28,own2,40,0.625,0.825,0.7,0.075,9.2117,0.225
rust_question,0,base,40,0.225,0.225,0.875,0.1,-3.2125,0.225
rust_question,20,full,40,0.175,0.2,0.35,0.275,2.4078,0.225
rust_question,20,mean1,40,0.075,0.15,0.75,0.075,-2.5031,0.225
rust_question,20,mean2,40,0.225,0.275,0.825,0.125,-2.4109,0.225
rust_question,20,own1,40,0.125,0.2,0.85,0.075,-2.5094,0.225
rust_question,20,own10,40,0.25,0.3,0.825,0.1,-2.0969,0.225
rust_question,20,own2,40,0.3,0.35,0.825,0.05,-2.3937,0.225
rust_question,21,full,40,0.275,0.375,0.5,0.225,3.5168,0.225
rust_question,21,mean1,40,0.275,0.275,0.875,0.1,-1.7234,0.225
rust_question,21,mean2,40,0.275,0.325,0.8,0.175,-1.7266,0.225
rust_question,21,own1,40,0.325,0.35,0.9,0.125,-1.6906,0.225
rust_question,21,own10,40,0.3,0.325,0.975,0.15,-1.3406,0.225
rust_question,21,own2,40,0.3,0.3,0.9,0.1,-1.675,0.225
rust_question,22,full,40,0.35,0.4,0.65,0.175,4.8359,0.225
rust_question,22,mean1,40,0.25,0.325,0.85,0.125,-1.5109,0.225
rust_question,22,mean2,40,0.3,0.325,0.85,0.125,-1.5594,0.225
rust_question,22,own1,40,0.325,0.45,0.8,0.1,-1.4516,0.225
rust_question,22,own10,40,0.325,0.325,0.95,0.075,-0.8641,0.225
rust_question,22,own2,40,0.35,0.4,0.875,0.075,-1.475,0.225
rust_question,23,full,40,0.525,0.625,0.7,0.15,7.125,0.225
rust_question,23,mean1,40,0.5,0.6,0.85,0.05,-0.0219,0.225
rust_question,23,mean2,40,0.375,0.45,0.875,0.125,0.0781,0.225
rust_question,23,own1,40,0.375,0.475,0.8,0.075,-0.2156,0.225
rust_question,23,own10,40,0.425,0.5,0.8,0.075,0.3531,0.225
rust_question,23,own2,40,0.45,0.5,0.95,0.1,-0.0828,0.225
rust_question,24,full,40,0.6,0.7,0.725,0.125,7.4554,0.225
rust_question,24,mean1,40,0.525,0.575,0.925,0.05,-0.1438,0.225
rust_question,24,mean2,40,0.425,0.475,0.9,0.1,0.3687,0.225
rust_question,24,own1,40,0.375,0.45,0.875,0.1,-0.2828,0.225
rust_question,24,own10,40,0.65,0.675,0.875,0.075,0.9,0.225
rust_question,24,own2,40,0.425,0.525,0.85,0.075,0.1875,0.225
rust_question,25,full,40,0.475,0.525,0.675,0.225,8.1395,0.225
rust_question,25,mean1,40,0.4,0.475,0.875,0.1,-0.4687,0.225
rust_question,25,mean2,40,0.475,0.525,0.875,0.075,0.0375,0.225
rust_question,25,own1,40,0.225,0.325,0.8,0.125,-0.6703,0.225
rust_question,25,own10,40,0.55,0.6,0.875,0.075,0.7547,0.225
rust_question,25,own2,40,0.425,0.6,0.75,0.1,-0.2,0.225
rust_question,26,full,40,0.5,0.65,0.7,0.175,9.177,0.225
rust_question,26,mean1,40,0.275,0.35,0.825,0.05,-0.5875,0.225
rust_question,26,mean2,40,0.45,0.5,0.9,0.1,-0.1437,0.225
rust_question,26,own1,40,0.35,0.375,0.9,0.075,-0.6875,0.225
rust_question,26,own10,40,0.4,0.475,0.825,0.1,0.3141,0.225
rust_question,26,own2,40,0.575,0.625,0.875,0.025,-0.2516,0.225
rust_question,27,full,40,0.475,0.6,0.6,0.15,10.4199,0.225
rust_question,27,mean1,40,0.25,0.25,0.9,0.125,-0.6094,0.225
rust_question,27,mean2,40,0.425,0.525,0.8,0.075,0.1031,0.225
rust_question,27,own1,40,0.45,0.475,0.925,0.05,-0.6859,0.225
rust_question,27,own10,40,0.425,0.525,0.875,0.05,0.2469,0.225
rust_question,27,own2,40,0.425,0.45,0.925,0.1,-0.0094,0.225
rust_question,28,full,40,0.475,0.5,0.625,0.175,12.3059,0.225
rust_question,28,mean1,40,0.525,0.575,0.9,0.075,0.8844,0.225
rust_question,28,mean2,40,0.475,0.55,0.825,0.075,0.6031,0.225
rust_question,28,own1,40,0.6,0.65,0.9,0.05,1.2469,0.225
rust_question,28,own10,40,0.55,0.6,0.875,0.1,1.2906,0.225
rust_question,28,own2,40,0.55,0.55,0.925,0.075,0.7188,0.225
sql_bool_case,0,base,40,0.55,0.55,1.0,0.125,-0.0781,0.55
sql_bool_case,20,full,40,0.35,0.45,0.85,0.025,0.1375,0.55
sql_bool_case,20,mean1,40,0.45,0.475,0.95,0.025,-0.0406,0.55
sql_bool_case,20,mean2,40,0.45,0.45,1.0,0.05,-0.0031,0.55
sql_bool_case,20,own1,40,0.425,0.425,0.975,0.05,0.0,0.55
sql_bool_case,20,own10,40,0.5,0.5,0.95,0.05,0.0,0.55
sql_bool_case,20,own2,40,0.45,0.475,0.925,0.025,0.0188,0.55
sql_bool_case,21,full,40,0.65,0.675,0.95,0.025,0.8766,0.55
sql_bool_case,21,mean1,40,0.525,0.55,0.975,0.025,0.4031,0.55
sql_bool_case,21,mean2,40,0.475,0.475,0.95,0.05,0.4031,0.55
sql_bool_case,21,own1,40,0.425,0.45,0.975,0.05,0.3875,0.55
sql_bool_case,21,own10,40,0.475,0.475,1.0,0.05,0.2687,0.55
sql_bool_case,21,own2,40,0.525,0.575,0.925,0.05,0.3812,0.55
sql_bool_case,22,full,40,0.525,0.6,0.85,0.025,0.8062,0.55
sql_bool_case,22,mean1,40,0.625,0.65,0.975,0.1,0.3531,0.55
sql_bool_case,22,mean2,40,0.45,0.45,0.975,0.025,0.375,0.55
sql_bool_case,22,own1,40,0.5,0.55,0.925,0.0,0.3438,0.55
sql_bool_case,22,own10,40,0.55,0.55,0.95,0.025,0.15,0.55
sql_bool_case,22,own2,40,0.4,0.45,0.925,0.0,0.3562,0.55
sql_bool_case,23,full,40,0.6,0.65,0.925,0.075,1.7609,0.55
sql_bool_case,23,mean1,40,0.775,0.825,0.95,0.0,1.6859,0.55
sql_bool_case,23,mean2,40,0.75,0.75,0.95,0.05,1.6891,0.55
sql_bool_case,23,own1,40,0.675,0.7,0.95,0.05,1.4812,0.55
sql_bool_case,23,own10,40,0.7,0.7,0.95,0.075,0.9531,0.55
sql_bool_case,23,own2,40,0.675,0.7,0.975,0.025,1.5187,0.55
sql_bool_case,24,full,40,0.675,0.675,0.95,0.05,2.6094,0.55
sql_bool_case,24,mean1,40,0.95,0.95,1.0,0.025,2.9219,0.55
sql_bool_case,24,mean2,40,0.775,0.85,0.9,0.025,2.3469,0.55
sql_bool_case,24,own1,40,0.825,0.85,0.975,0.025,2.6,0.55
sql_bool_case,24,own10,40,0.75,0.8,0.925,0.0,1.6328,0.55
sql_bool_case,24,own2,40,0.775,0.8,0.975,0.025,1.9922,0.55
sql_bool_case,25,full,40,0.8,0.875,0.9,0.05,4.1453,0.55
sql_bool_case,25,mean1,40,0.95,0.975,0.975,0.0,4.6844,0.55
sql_bool_case,25,mean2,40,0.9,0.95,0.95,0.025,4.3703,0.55
sql_bool_case,25,own1,40,0.925,0.925,1.0,0.025,4.2563,0.55
sql_bool_case,25,own10,40,0.875,0.875,1.0,0.025,2.9187,0.55
sql_bool_case,25,own2,40,0.8,0.85,0.95,0.05,3.9469,0.55
sql_bool_case,26,full,40,0.85,0.9,0.925,0.05,4.2344,0.55
sql_bool_case,26,mean1,40,0.875,0.925,0.95,0.0,4.325,0.55
sql_bool_case,26,mean2,40,0.95,0.975,0.975,0.0,3.9,0.55
sql_bool_case,26,own1,40,0.8,0.825,0.975,0.05,3.8641,0.55
sql_bool_case,26,own10,40,0.825,0.925,0.9,0.025,3.0437,0.55
sql_bool_case,26,own2,40,0.85,0.925,0.925,0.05,3.4422,0.55
sql_bool_case,27,full,40,0.925,0.975,0.95,0.0,5.9648,0.55
sql_bool_case,27,mean1,40,0.925,1.0,0.925,0.0,6.7359,0.55
sql_bool_case,27,mean2,40,0.925,0.975,0.95,0.025,6.4891,0.55
sql_bool_case,27,own1,40,0.85,0.875,0.975,0.05,6.0969,0.55
sql_bool_case,27,own10,40,0.875,0.875,1.0,0.0,5.2172,0.55
sql_bool_case,27,own2,40,0.875,0.875,0.975,0.0,5.9094,0.55
sql_bool_case,28,full,40,0.7,0.85,0.775,0.0,6.4141,0.55
sql_bool_case,28,mean1,40,1.0,1.0,1.0,0.0,8.9344,0.55
sql_bool_case,28,mean2,40,0.95,1.0,0.95,0.0,7.9172,0.55
sql_bool_case,28,own1,40,0.925,0.925,1.0,0.0,8.0094,0.55
sql_bool_case,28,own10,40,0.85,0.875,0.975,0.0,6.1109,0.55
sql_bool_case,28,own2,40,0.9,0.9,1.0,0.025,7.0469,0.55
sql_join_style,0,base,40,0.075,0.075,0.875,0.025,-3.3047,0.075
sql_join_style,20,full,40,0.15,0.275,0.65,0.125,-0.8031,0.075
sql_join_style,20,mean1,40,0.125,0.125,0.8,0.075,-1.6,0.075
sql_join_style,20,mean2,40,0.15,0.175,0.95,0.1,-1.5969,0.075
sql_join_style,20,own1,40,0.075,0.1,0.85,0.1,-1.5344,0.075
sql_join_style,20,own10,40,0.1,0.125,0.925,0.1,-1.5469,0.075
sql_join_style,20,own2,40,0.25,0.3,0.85,0.05,-1.5781,0.075
sql_join_style,21,full,40,0.325,0.5,0.6,0.225,0.2625,0.075
sql_join_style,21,mean1,40,0.1,0.15,0.9,0.1,-1.1562,0.075
sql_join_style,21,mean2,40,0.175,0.2,0.85,0.15,-1.2,0.075
sql_join_style,21,own1,40,0.1,0.125,0.875,0.05,-1.1313,0.075
sql_join_style,21,own10,40,0.2,0.225,0.825,0.15,-1.0125,0.075
sql_join_style,21,own2,40,0.15,0.2,0.85,0.1,-1.2,0.075
sql_join_style,22,full,40,0.5,0.575,0.8,0.175,2.5844,0.075
sql_join_style,22,mean1,40,0.275,0.325,0.8,0.125,-0.3594,0.075
sql_join_style,22,mean2,40,0.225,0.225,0.925,0.075,-0.4688,0.075
sql_join_style,22,own1,40,0.3,0.35,0.85,0.175,-0.2828,0.075
sql_join_style,22,own10,40,0.35,0.4,0.775,0.15,-0.0062,0.075
sql_join_style,22,own2,40,0.225,0.25,0.875,0.2,-0.3719,0.075
sql_join_style,23,full,40,0.65,0.75,0.825,0.175,4.35,0.075
sql_join_style,23,mean1,40,0.425,0.5,0.85,0.2,1.2125,0.075
sql_join_style,23,mean2,40,0.3,0.375,0.8,0.325,1.1625,0.075
sql_join_style,23,own1,40,0.4,0.425,0.925,0.225,1.2047,0.075
sql_join_style,23,own10,40,0.5,0.625,0.8,0.2,2.0562,0.075
sql_join_style,23,own2,40,0.475,0.55,0.825,0.175,1.8547,0.075
sql_join_style,24,full,40,0.675,0.775,0.825,0.15,4.4719,0.075
sql_join_style,24,mean1,40,0.375,0.5,0.75,0.275,1.5328,0.075
sql_join_style,24,mean2,40,0.5,0.55,0.9,0.15,1.6062,0.075
sql_join_style,24,own1,40,0.4,0.425,0.875,0.2,1.4297,0.075
sql_join_style,24,own10,40,0.6,0.675,0.875,0.15,2.7891,0.075
sql_join_style,24,own2,40,0.4,0.475,0.8,0.2,2.2031,0.075
sql_join_style,25,full,40,0.675,0.85,0.8,0.1,4.5531,0.075
sql_join_style,25,mean1,40,0.375,0.425,0.825,0.225,1.4672,0.075
sql_join_style,25,mean2,40,0.375,0.45,0.85,0.35,1.5062,0.075
sql_join_style,25,own1,40,0.425,0.475,0.9,0.25,1.4328,0.075
sql_join_style,25,own10,40,0.5,0.575,0.875,0.15,3.1938,0.075
sql_join_style,25,own2,40,0.475,0.525,0.75,0.2,2.2281,0.075
sql_join_style,26,full,40,0.55,0.75,0.725,0.2,4.7437,0.075
sql_join_style,26,mean1,40,0.425,0.55,0.725,0.275,1.5656,0.075
sql_join_style,26,mean2,40,0.475,0.6,0.775,0.25,2.5094,0.075
sql_join_style,26,own1,40,0.5,0.55,0.875,0.175,1.4937,0.075
sql_join_style,26,own10,40,0.675,0.75,0.85,0.225,3.6062,0.075
sql_join_style,26,own2,40,0.575,0.65,0.75,0.2,3.0906,0.075
sql_join_style,27,full,40,0.7,0.725,0.975,0.15,4.7031,0.075
sql_join_style,27,mean1,40,0.325,0.325,0.85,0.325,0.85,0.075
sql_join_style,27,mean2,40,0.4,0.5,0.725,0.325,2.9375,0.075
sql_join_style,27,own1,40,0.375,0.425,0.825,0.2,0.6891,0.075
sql_join_style,27,own10,40,0.65,0.7,0.85,0.175,3.7016,0.075
sql_join_style,27,own2,40,0.5,0.65,0.775,0.25,3.0641,0.075
sql_join_style,28,full,40,0.625,0.725,0.775,0.2,4.7625,0.075
sql_join_style,28,mean1,40,0.175,0.225,0.8,0.275,0.1609,0.075
sql_join_style,28,mean2,40,0.475,0.5,0.85,0.325,2.8062,0.075
sql_join_style,28,own1,40,0.275,0.35,0.825,0.075,0.0906,0.075
sql_join_style,28,own10,40,0.625,0.775,0.825,0.125,4.0672,0.075
sql_join_style,28,own2,40,0.475,0.575,0.875,0.225,2.9828,0.075
sql_keyword_case,0,base,40,0.025,0.025,0.525,0.525,-2.8086,0.025
sql_keyword_case,20,full,40,0.05,0.125,0.25,0.625,-2.1562,0.025
sql_keyword_case,20,mean1,40,0.025,0.125,0.475,0.4,-1.4859,0.025
sql_keyword_case,20,mean2,40,0.025,0.175,0.575,0.4,-1.6188,0.025
sql_keyword_case,20,own1,40,0.05,0.175,0.5,0.55,-1.4234,0.025
sql_keyword_case,20,own10,40,0.025,0.1,0.5,0.475,-1.1422,0.025
sql_keyword_case,20,own2,40,0.05,0.1,0.525,0.5,-1.4703,0.025
sql_keyword_case,21,full,40,0.0,0.1,0.225,0.675,-1.6005,0.025
sql_keyword_case,21,mean1,40,0.075,0.125,0.45,0.5,-0.7078,0.025
sql_keyword_case,21,mean2,40,0.075,0.1,0.525,0.475,-0.825,0.025
sql_keyword_case,21,own1,40,0.025,0.075,0.45,0.525,-0.6188,0.025
sql_keyword_case,21,own10,40,0.05,0.125,0.375,0.55,-0.7125,0.025
sql_keyword_case,21,own2,40,0.0,0.05,0.55,0.55,-0.7,0.025
sql_keyword_case,22,full,40,0.1,0.225,0.3,0.475,-1.4861,0.025
sql_keyword_case,22,mean1,40,0.025,0.05,0.5,0.575,-0.2922,0.025
sql_keyword_case,22,mean2,40,0.125,0.175,0.55,0.475,-0.4734,0.025
sql_keyword_case,22,own1,40,0.125,0.2,0.625,0.45,-0.2609,0.025
sql_keyword_case,22,own10,40,0.05,0.175,0.425,0.5,-0.4344,0.025
sql_keyword_case,22,own2,40,0.2,0.275,0.625,0.375,-0.3703,0.025
sql_keyword_case,23,full,40,0.175,0.275,0.3,0.575,-0.3387,0.025
sql_keyword_case,23,mean1,40,0.025,0.125,0.475,0.525,-0.3734,0.025
sql_keyword_case,23,mean2,40,0.025,0.05,0.45,0.575,-0.6125,0.025
sql_keyword_case,23,own1,40,0.075,0.15,0.525,0.575,-0.5297,0.025
sql_keyword_case,23,own10,40,0.05,0.1,0.6,0.525,-0.0156,0.025
sql_keyword_case,23,own2,40,0.125,0.225,0.475,0.4,-0.6516,0.025
sql_keyword_case,24,full,40,0.2,0.35,0.325,0.6,-0.1274,0.025
sql_keyword_case,24,mean1,40,0.125,0.225,0.475,0.275,-0.3172,0.025
sql_keyword_case,24,mean2,40,0.05,0.125,0.5,0.4,-0.3328,0.025
sql_keyword_case,24,own1,40,0.1,0.175,0.525,0.475,-0.4469,0.025
sql_keyword_case,24,own10,40,0.05,0.1,0.575,0.5,0.4484,0.025
sql_keyword_case,24,own2,40,0.075,0.15,0.55,0.55,0.0359,0.025
sql_keyword_case,25,full,40,0.3,0.45,0.375,0.5,1.2588,0.025
sql_keyword_case,25,mean1,40,0.05,0.175,0.6,0.575,1.9867,0.025
sql_keyword_case,25,mean2,40,0.075,0.2,0.5,0.625,1.9719,0.025
sql_keyword_case,25,own1,40,0.05,0.125,0.525,0.6,2.0891,0.025
sql_keyword_case,25,own10,40,0.075,0.2,0.475,0.525,2.3055,0.025
sql_keyword_case,25,own2,40,0.15,0.225,0.5,0.625,2.1453,0.025
sql_keyword_case,26,full,40,0.25,0.325,0.375,0.575,1.1733,0.025
sql_keyword_case,26,mean1,40,0.2,0.275,0.65,0.425,1.7594,0.025
sql_keyword_case,26,mean2,40,0.075,0.15,0.375,0.65,1.7586,0.025
sql_keyword_case,26,own1,40,0.15,0.275,0.425,0.525,1.8047,0.025
sql_keyword_case,26,own10,40,0.05,0.15,0.5,0.55,2.0227,0.025
sql_keyword_case,26,own2,40,0.1,0.175,0.575,0.55,1.9281,0.025
sql_keyword_case,27,full,40,0.25,0.4,0.375,0.6,1.4774,0.025
sql_keyword_case,27,mean1,40,0.15,0.275,0.625,0.5,1.925,0.025
sql_keyword_case,27,mean2,40,0.025,0.1,0.55,0.6,1.8937,0.025
sql_keyword_case,27,own1,40,0.15,0.175,0.7,0.5,1.6586,0.025
sql_keyword_case,27,own10,40,0.05,0.175,0.525,0.55,1.5766,0.025
sql_keyword_case,27,own2,40,0.125,0.25,0.475,0.525,1.4016,0.025
sql_keyword_case,28,full,40,0.275,0.425,0.325,0.525,1.7231,0.025
sql_keyword_case,28,mean1,40,0.025,0.175,0.425,0.475,1.1203,0.025
sql_keyword_case,28,mean2,40,0.225,0.225,0.775,0.5,2.5203,0.025
sql_keyword_case,28,own1,40,0.125,0.25,0.575,0.5,1.4016,0.025
sql_keyword_case,28,own10,40,0.0,0.1,0.4,0.65,2.4781,0.025
sql_keyword_case,28,own2,40,0.2,0.25,0.625,0.55,2.3148,0.025
trailing_commas,0,base,40,0.55,0.575,0.95,0.0,0.1781,0.55
trailing_commas,20,full,40,0.7,0.725,0.975,0.025,0.4016,0.55
trailing_commas,20,mean1,40,0.525,0.525,1.0,0.025,0.4328,0.55
trailing_commas,20,mean2,40,0.65,0.65,0.975,0.025,0.4437,0.55
trailing_commas,20,own1,40,0.675,0.675,0.975,0.0,0.3906,0.55
trailing_commas,20,own10,40,0.75,0.75,1.0,0.0,0.5469,0.55
trailing_commas,20,own2,40,0.725,0.725,0.975,0.05,0.4625,0.55
trailing_commas,21,full,40,0.625,0.65,0.925,0.025,0.4473,0.55
trailing_commas,21,mean1,40,0.575,0.575,0.975,0.025,0.4219,0.55
trailing_commas,21,mean2,40,0.675,0.675,1.0,0.0,0.4656,0.55
trailing_commas,21,own1,40,0.7,0.7,1.0,0.025,0.4109,0.55
trailing_commas,21,own10,40,0.6,0.6,1.0,0.025,0.5875,0.55
trailing_commas,21,own2,40,0.65,0.65,0.975,0.0,0.4969,0.55
trailing_commas,22,full,40,0.725,0.775,0.95,0.05,1.6742,0.55
trailing_commas,22,mean1,40,0.6,0.625,0.95,0.025,1.0344,0.55
trailing_commas,22,mean2,40,0.775,0.8,0.95,0.025,1.1406,0.55
trailing_commas,22,own1,40,0.825,0.825,1.0,0.0,1.0625,0.55
trailing_commas,22,own10,40,0.8,0.8,1.0,0.025,1.5906,0.55
trailing_commas,22,own2,40,0.7,0.7,1.0,0.025,1.1938,0.55
trailing_commas,23,full,40,0.875,0.875,0.975,0.025,2.4707,0.55
trailing_commas,23,mean1,40,0.75,0.75,0.975,0.0,1.6375,0.55
trailing_commas,23,mean2,40,0.8,0.825,0.975,0.025,1.6531,0.55
trailing_commas,23,own1,40,0.8,0.8,1.0,0.025,1.7719,0.55
trailing_commas,23,own10,40,0.875,0.875,1.0,0.0,2.3609,0.55
trailing_commas,23,own2,40,0.775,0.775,1.0,0.0,1.8,0.55
trailing_commas,24,full,40,0.7,0.75,0.875,0.075,2.4132,0.55
trailing_commas,24,mean1,40,0.825,0.825,1.0,0.0,2.0812,0.55
trailing_commas,24,mean2,40,0.825,0.825,1.0,0.05,2.1719,0.55
trailing_commas,24,own1,40,0.825,0.825,1.0,0.0,2.0859,0.55
trailing_commas,24,own10,40,0.8,0.8,1.0,0.0,2.5156,0.55
trailing_commas,24,own2,40,0.75,0.75,1.0,0.0,2.2297,0.55
trailing_commas,25,full,40,0.725,0.775,0.925,0.05,2.7392,0.55
trailing_commas,25,mean1,40,0.85,0.85,1.0,0.025,2.3375,0.55
trailing_commas,25,mean2,40,0.95,0.95,0.975,0.0,2.3812,0.55
trailing_commas,25,own1,40,0.825,0.825,1.0,0.025,2.2891,0.55
trailing_commas,25,own10,40,0.85,0.875,0.975,0.0,2.9406,0.55
trailing_commas,25,own2,40,0.875,0.875,1.0,0.025,2.4234,0.55
trailing_commas,26,full,40,0.75,0.775,0.875,0.1,3.1784,0.55
trailing_commas,26,mean1,40,0.9,0.9,1.0,0.0,2.2937,0.55
trailing_commas,26,mean2,40,0.975,0.975,1.0,0.0,2.2641,0.55
trailing_commas,26,own1,40,0.775,0.8,0.925,0.05,2.3141,0.55
trailing_commas,26,own10,40,0.85,0.85,1.0,0.0,3.1219,0.55
trailing_commas,26,own2,40,0.875,0.9,0.975,0.0,2.3422,0.55
trailing_commas,27,full,40,0.775,0.8,0.925,0.05,3.2575,0.55
trailing_commas,27,mean1,40,0.825,0.85,0.975,0.05,2.2125,0.55
trailing_commas,27,mean2,40,0.85,0.85,1.0,0.025,2.2047,0.55
trailing_commas,27,own1,40,0.85,0.85,1.0,0.0,2.2547,0.55
trailing_commas,27,own10,40,0.775,0.775,0.975,0.025,2.9781,0.55
trailing_commas,27,own2,40,0.825,0.825,1.0,0.0,2.2375,0.55
trailing_commas,28,full,40,0.75,0.775,0.9,0.05,3.3471,0.55
trailing_commas,28,mean1,40,0.9,0.9,1.0,0.025,3.0797,0.55
trailing_commas,28,mean2,40,0.775,0.775,0.975,0.0,1.2938,0.55
trailing_commas,28,own1,40,0.7,0.725,0.975,0.0,3.0219,0.55
trailing_commas,28,own10,40,0.725,0.775,0.9,0.0,2.7578,0.55
trailing_commas,28,own2,40,0.675,0.675,1.0,0.0,1.2656,0.55
