task,arm,row,k,op,start_layer,mean_delta_all,sem_all,n_all,mean_delta_test40,sem_test40,n_test40
antonym,pcasub_matched_k0_zero,cue1,0,zero,0,-0.05469973012804985,0.015647179203528924,170,-0.05866581201553345,0.026490062864055704,40
antonym,pcasub_matched_k0_zero,cue1,0,zero,1,0.00927866529673338,0.011062414375689309,170,-0.007789779454469681,0.01859237396820586,40
antonym,pcasub_matched_k0_zero,cue1,0,zero,2,0.07268054038286209,0.008033165103981076,170,0.06746424734592438,0.014535244651465455,40
antonym,pcasub_matched_k0_zero,cue1,0,zero,3,0.03451349213719368,0.004915223075617037,170,0.034735508263111115,0.007875395073539031,40
antonym,pcasub_matched_k0_zero,cue1,0,zero,4,0.016752060502767563,0.0036413304934966475,170,0.01835603453218937,0.006120612265533856,40
antonym,pcasub_matched_k0_zero,cue1,0,zero,5,0.017789630219340324,0.0032685887421329803,170,0.017162013798952103,0.005556829895953151,40
antonym,pcasub_matched_k0_zero,cue1,0,zero,6,0.0033041336573660374,0.0024053690921176725,170,0.0026162811554968357,0.004791544923268427,40
antonym,pcasub_matched_k0_zero,cue1,0,zero,7,0.005439156666398048,0.0022612308624453494,170,0.005185932852327824,0.004688227555587933,40
antonym,pcasub_matched_k0_zero,cue1,0,zero,8,0.004852846264839172,0.0019111141612434077,170,0.0018636099994182587,0.0034491468777733676,40
antonym,pcasub_matched_k0_zero,cue1,0,zero,9,0.0041431523859500885,0.0016751847199103073,170,0.0027924939058721066,0.0032345538916464037,40
antonym,pcasub_matched_k0_zero,cue1,0,zero,10,0.0034902184270322323,0.0014913978662732873,170,0.0018404468428343534,0.0027053172572665735,40
antonym,pcasub_matched_k0_zero,cue1,0,zero,11,0.002233838429674506,0.001048535088121562,170,0.0024362870026379824,0.001690207502075736,40
antonym,pcasub_matched_k0_zero,cue1,0,zero,12,0.0018027438782155514,0.0007882782963897835,170,0.0028513073921203613,0.0014159140877413308,40
antonym,pcasub_matched_k0_zero,cue1,0,zero,13,-0.0008496291702613235,0.0004011446008169646,170,-0.0006814837688580155,0.0008471952142091569,40
antonym,pcasub_matched_k0_zero,cue1,0,zero,14,-0.0017045247368514538,0.00037815226180753803,170,-0.0022088089026510715,0.0008132712633665696,40
antonym,pcasub_matched_k0_zero,cue1,0,zero,15,-0.0004673133953474462,0.0003326658023248021,170,-0.0004215896187815815,0.0007354499994764636,40
antonym,pcasub_matched_k0_zero,cue1,0,zero,16,2.708522697503213e-05,0.0002905846040358937,170,0.00010505840327823535,0.000599826277442617,40
antonym,pcasub_matched_k0_zero,cue1,0,zero,17,0.00010355220001656562,0.00026436159460782306,170,0.0006155640003271401,0.0005448415810850065,40
antonym,pcasub_matched_k0_zero,cue1,0,zero,18,3.529804598656483e-05,0.0002471088045636469,170,0.0005150206270627677,0.0004865956276088622,40
antonym,pcasub_matched_k0_zero,cue1,0,zero,19,0.00022145983530208468,0.0002497614164793287,170,0.0003926016506738961,0.0005437034469689118,40
antonym,pcasub_matched_k0_zero,cue1,0,zero,20,-3.411734724068083e-05,0.00022518876041646992,170,-0.00014640987501479685,0.000458980192633021,40
antonym,pcasub_matched_k0_zero,cue1,0,zero,21,-0.00014144796296022832,0.00020980878992112384,170,-2.827867865562439e-05,0.0004928935042997916,40
antonym,pcasub_matched_k0_zero,cue1,0,zero,22,9.684685210231692e-05,0.0001946853930432305,170,-0.0001192711279145442,0.00036679894967708675,40
antonym,pcasub_matched_k0_zero,cue1,0,zero,23,-0.00015615874144714326,0.0001848882737477431,170,-0.000287681061308831,0.00047220424640818373,40
antonym,pcasub_matched_k0_zero,cue1,0,zero,24,-9.302864782512188e-05,0.0001959072606100864,170,2.4131684767780825e-05,0.00042797229630815823,40
antonym,pcasub_matched_k0_zero,cue1,0,zero,25,-0.0002150603977497667,0.00014696608415446286,170,6.757602386642247e-05,0.0003544238211418368,40
antonym,pcasub_matched_k0_zero,cue1,0,zero,26,-0.00014509506581816822,0.00014542906211324625,170,0.00015286877169273794,0.00041582721694134777,40
antonym,pcasub_matched_k0_zero,cue1,0,zero,27,0.0,0.0,170,0.0,0.0,40
antonym,pcasub_matched_k0_zero,target1,0,zero,0,-0.2655763626098633,0.019420865111890607,170,-0.2505713105201721,0.037814332688075235,40
antonym,pcasub_matched_k0_zero,target1,0,zero,1,-0.2661297023296356,0.019067531811818642,170,-0.253328412771225,0.037488950908626376,40
antonym,pcasub_matched_k0_zero,target1,0,zero,2,-0.2515982687473297,0.016890622954455616,170,-0.24181826412677765,0.03183693065002149,40
antonym,pcasub_matched_k0_zero,target1,0,zero,3,-0.2553507685661316,0.01685184433791313,170,-0.2401074916124344,0.030220819669514787,40
antonym,pcasub_matched_k0_zero,target1,0,zero,4,-0.2699264883995056,0.017152301758318868,170,-0.2589569091796875,0.030213527600498225,40
antonym,pcasub_matched_k0_zero,target1,0,zero,5,-0.24922968447208405,0.01559615133962849,170,-0.2284523993730545,0.026878304870115832,40
antonym,pcasub_matched_k0_zero,target1,0,zero,6,-0.2333766222000122,0.014898991106299575,170,-0.22524285316467285,0.027188871615646714,40
antonym,pcasub_matched_k0_zero,target1,0,zero,7,-0.23985157907009125,0.014650598130066115,170,-0.2328905612230301,0.026666771254463182,40
antonym,pcasub_matched_k0_zero,target1,0,zero,8,-0.20959216356277466,0.013902323174952907,170,-0.21780677139759064,0.025786367601595434,40
antonym,pcasub_matched_k0_zero,target1,0,zero,9,-0.1870974600315094,0.012852993080048983,170,-0.19671785831451416,0.025489463766638715,40
antonym,pcasub_matched_k0_zero,target1,0,zero,10,-0.17829616367816925,0.013243749556528477,170,-0.19094954431056976,0.02822375875196452,40
antonym,pcasub_matched_k0_zero,target1,0,zero,11,-0.06861303001642227,0.007412050090837849,170,-0.06263109296560287,0.014972662768838565,40
antonym,pcasub_matched_k0_zero,target1,0,zero,12,-0.0489421971142292,0.006857295072396559,170,-0.041263509541749954,0.01600626230718624,40
antonym,pcasub_matched_k0_zero,target1,0,zero,13,-0.009379927068948746,0.004408762183468397,170,0.00036856307997368276,0.007892689882138731,40
antonym,pcasub_matched_k0_zero,target1,0,zero,14,-0.0011070568580180407,0.004733792099221338,170,0.006326188798993826,0.00845946211782025,40
antonym,pcasub_matched_k0_zero,target1,0,zero,15,0.012216662988066673,0.0033087885136567716,170,0.014351275749504566,0.006560235085195253,40
antonym,pcasub_matched_k0_zero,target1,0,zero,16,0.011678491719067097,0.002831308725894638,170,0.01596997305750847,0.0054951441754500455,40
antonym,pcasub_matched_k0_zero,target1,0,zero,17,0.014421895146369934,0.002643387694130967,170,0.0180492140352726,0.005127665717443457,40
antonym,pcasub_matched_k0_zero,target1,0,zero,18,0.007913907989859581,0.0019672553544809704,170,0.00899953581392765,0.003390259002813773,40
antonym,pcasub_matched_k0_zero,target1,0,zero,19,0.004649127833545208,0.0013013566735649526,170,0.00545085733756423,0.002516210582470596,40
antonym,pcasub_matched_k0_zero,target1,0,zero,20,0.002492510247975588,0.0010218823607417665,170,0.0038143708370625973,0.0019792870883425123,40
antonym,pcasub_matched_k0_zero,target1,0,zero,21,0.001797022414393723,0.0006854166331418923,170,0.004194260574877262,0.001463678023329982,40
antonym,pcasub_matched_k0_zero,target1,0,zero,22,0.0008999142446555197,0.0005461790524208518,170,0.0018056653207167983,0.0010322983192873985,40
antonym,pcasub_matched_k0_zero,target1,0,zero,23,0.0002854471676982939,0.0003787364453627544,170,0.0010627023875713348,0.0006651207769317662,40
antonym,pcasub_matched_k0_zero,target1,0,zero,24,-0.0005277050076983869,0.0002815539912796283,170,0.0003575719892978668,0.0005676735100841009,40
antonym,pcasub_matched_k0_zero,target1,0,zero,25,-0.00022244435967877507,0.000251183857185886,170,-0.00014958456449676305,0.000583639305236876,40
antonym,pcasub_matched_k0_zero,target1,0,zero,26,-8.792684093350545e-05,0.00016779562792693253,170,0.00049113406566903,0.00040797550518856945,40
antonym,pcasub_matched_k0_zero,target1,0,zero,27,0.0,0.0,170,0.0,0.0,40
antonym,pcasub_matched_k0_zero,final_cue,0,zero,0,-0.6578418612480164,0.044267934230108254,170,-0.7178260684013367,0.07596206960955779,40
antonym,pcasub_matched_k0_zero,final_cue,0,zero,1,-0.6636869311332703,0.04461172230589085,170,-0.7238587141036987,0.07631084019971017,40
antonym,pcasub_matched_k0_zero,final_cue,0,zero,2,-0.6474305391311646,0.04414747605959815,170,-0.7046383619308472,0.07773079805779205,40
antonym,pcasub_matched_k0_zero,final_cue,0,zero,3,-0.6449748873710632,0.04405461126734987,170,-0.7029006481170654,0.07781938668300133,40
antonym,pcasub_matched_k0_zero,final_cue,0,zero,4,-0.6741935014724731,0.044765401331243335,170,-0.7291170954704285,0.07885313112029715,40
antonym,pcasub_matched_k0_zero,final_cue,0,zero,5,-0.6635885834693909,0.04486356902587461,170,-0.7315986752510071,0.07864582902514652,40
antonym,pcasub_matched_k0_zero,final_cue,0,zero,6,-0.6654418110847473,0.044705231675066716,170,-0.7263320684432983,0.07720804977448265,40
antonym,pcasub_matched_k0_zero,final_cue,0,zero,7,-0.6950200796127319,0.045255691228291095,170,-0.744637131690979,0.07591205944576278,40
antonym,pcasub_matched_k0_zero,final_cue,0,zero,8,-0.6001458764076233,0.04212510452062417,170,-0.6489312052726746,0.06913742339499787,40
antonym,pcasub_matched_k0_zero,final_cue,0,zero,9,-0.59992915391922,0.04251429641232731,170,-0.646836519241333,0.06742557544117324,40
antonym,pcasub_matched_k0_zero,final_cue,0,zero,10,-0.5160919427871704,0.03976885127609514,170,-0.5897756814956665,0.06704361238953287,40
antonym,pcasub_matched_k0_zero,final_cue,0,zero,11,-0.46993857622146606,0.039558138621320106,170,-0.5882357358932495,0.07339729225708258,40
antonym,pcasub_matched_k0_zero,final_cue,0,zero,12,-0.45532166957855225,0.035426873662379385,170,-0.5716969966888428,0.06753445463128419,40
antonym,pcasub_matched_k0_zero,final_cue,0,zero,13,-0.33824124932289124,0.033838334395944636,170,-0.46913060545921326,0.06791662973016574,40
antonym,pcasub_matched_k0_zero,final_cue,0,zero,14,-0.33474844694137573,0.031924004921556455,170,-0.46503201127052307,0.06148581178843115,40
antonym,pcasub_matched_k0_zero,final_cue,0,zero,15,-0.3612779378890991,0.03131951519310403,170,-0.4664195477962494,0.060088472302743126,40
antonym,pcasub_matched_k0_zero,final_cue,0,zero,16,-0.21741117537021637,0.027334089192630612,170,-0.3090871572494507,0.04953168626349546,40
antonym,pcasub_matched_k0_zero,final_cue,0,zero,17,-0.1304866522550583,0.021316611570600472,170,-0.20876368880271912,0.04189079011085033,40
antonym,pcasub_matched_k0_zero,final_cue,0,zero,18,-0.10896962136030197,0.019627804020185335,170,-0.1865578144788742,0.03781082448427373,40
antonym,pcasub_matched_k0_zero,final_cue,0,zero,19,-0.08054468035697937,0.01830370358116016,170,-0.1561519205570221,0.03602979493996985,40
antonym,pcasub_matched_k0_zero,final_cue,0,zero,20,-0.07381626218557358,0.01590495511695297,170,-0.12494184821844101,0.031660217547453094,40
antonym,pcasub_matched_k0_zero,final_cue,0,zero,21,-0.057534359395504,0.014746620663539439,170,-0.0921715497970581,0.029301877608600542,40
antonym,pcasub_matched_k0_zero,final_cue,0,zero,22,-0.04468698054552078,0.013571257493421916,170,-0.056876689195632935,0.0254754026784672,40
antonym,pcasub_matched_k0_zero,final_cue,0,zero,23,-0.02769813872873783,0.011830770644977402,170,-0.038259200751781464,0.024618279456601923,40
antonym,pcasub_matched_k0_zero,final_cue,0,zero,24,-0.027869440615177155,0.010572743912497492,170,-0.03155795484781265,0.02284012197437597,40
antonym,pcasub_matched_k0_zero,final_cue,0,zero,25,-0.016580544412136078,0.008603158538138651,170,-0.027619773522019386,0.018776240131043814,40
antonym,pcasub_matched_k0_zero,final_cue,0,zero,26,0.003607837250456214,0.006297441724746106,170,0.0046524303033947945,0.013006567816743765,40
antonym,pcasub_matched_k0_zero,final_cue,0,zero,27,0.005378209985792637,0.005527727729589265,170,0.008356998674571514,0.011435330744634297,40
antonym,pcasub_matched_k0_mean,cue1,0,mean,0,0.03355046361684799,0.004168160416560459,170,0.03935255482792854,0.008379139211876673,40
antonym,pcasub_matched_k0_mean,cue1,0,mean,1,0.03635299205780029,0.004306392452988712,170,0.041407883167266846,0.008464954141367134,40
antonym,pcasub_matched_k0_mean,cue1,0,mean,2,0.03240083158016205,0.004229336652752988,170,0.035317789763212204,0.00721585806003697,40
antonym,pcasub_matched_k0_mean,cue1,0,mean,3,0.02924336865544319,0.004074506474722639,170,0.03143671900033951,0.00662593851189884,40
antonym,pcasub_matched_k0_mean,cue1,0,mean,4,0.020501311868429184,0.0034331921463978373,170,0.02375512383878231,0.006009521893913373,40
antonym,pcasub_matched_k0_mean,cue1,0,mean,5,0.008981470949947834,0.0023021859261269763,170,0.009261472150683403,0.003695237714519123,40
antonym,pcasub_matched_k0_mean,cue1,0,mean,6,0.002754295477643609,0.001833770072833954,170,0.0030987069476395845,0.0033016067634321355,40
antonym,pcasub_matched_k0_mean,cue1,0,mean,7,0.0014638707507401705,0.001455526988823022,170,0.0029577792156487703,0.0028606957567804954,40
antonym,pcasub_matched_k0_mean,cue1,0,mean,8,0.0013590403832495213,0.0010888996467654712,170,0.0010358982253819704,0.0019444612740772283,40
antonym,pcasub_matched_k0_mean,cue1,0,mean,9,0.0013387283543124795,0.0008698944926740233,170,0.0009688436985015869,0.0016220740728900946,40
antonym,pcasub_matched_k0_mean,cue1,0,mean,10,0.0006757446681149304,0.0006668424746819984,170,0.0006640710053034127,0.0011362502825136701,40
antonym,pcasub_matched_k0_mean,cue1,0,mean,11,0.0004648855538107455,0.00045692850529213875,170,0.0005624197656288743,0.0006480308000768568,40
antonym,pcasub_matched_k0_mean,cue1,0,mean,12,4.879376501776278e-05,0.000394834189838718,170,0.0004813164414372295,0.0006661152637674558,40
antonym,pcasub_matched_k0_mean,cue1,0,mean,13,-0.00015467405319213867,0.0002866886957991144,170,0.00042237789602950215,0.0007080657180817765,40
antonym,pcasub_matched_k0_mean,cue1,0,mean,14,0.00015273217286448926,0.000274472573723769,170,0.0007474921876564622,0.0006591115200969042,40
antonym,pcasub_matched_k0_mean,cue1,0,mean,15,-0.0003721261746250093,0.000274716218659496,170,0.00013870000839233398,0.0006825102705148597,40
antonym,pcasub_matched_k0_mean,cue1,0,mean,16,-1.4038120752957184e-05,0.0002561915606219002,170,0.0009171493584290147,0.0006575008445940134,40
antonym,pcasub_matched_k0_mean,cue1,0,mean,17,0.0001396031875628978,0.0002320345331048524,170,0.0011189610231667757,0.0004738648781795291,40
antonym,pcasub_matched_k0_mean,cue1,0,mean,18,0.00016310828505083919,0.0002270580620781453,170,0.0007382460171356797,0.00047771640708022943,40
antonym,pcasub_matched_k0_mean,cue1,0,mean,19,0.00023791736748535186,0.00022773072853108427,170,0.0007764078909531236,0.0004608549700297164,40
antonym,pcasub_matched_k0_mean,cue1,0,mean,20,-6.418631528504193e-05,0.00015205644008131646,170,0.00014984681911300868,0.0003404027495243449,40
antonym,pcasub_matched_k0_mean,cue1,0,mean,21,-0.00016176245117094368,0.00017538442481134723,170,0.00018615573935676366,0.000439063802759051,40
antonym,pcasub_matched_k0_mean,cue1,0,mean,22,-0.0002568372874520719,0.00017895591956620396,170,-0.00035956426290795207,0.00041679806934494614,40
antonym,pcasub_matched_k0_mean,cue1,0,mean,23,2.145118560292758e-05,0.0001425277695045907,170,-5.384311225498095e-05,0.00038264830291599174,40
antonym,pcasub_matched_k0_mean,cue1,0,mean,24,-0.00014140413259156048,0.0001397653530807159,170,-0.00020382777438499033,0.0002935298909275449,40
antonym,pcasub_matched_k0_mean,cue1,0,mean,25,-5.4814008763059974e-05,0.00011447710162725416,170,0.00021617785387206823,0.00029588352327038794,40
antonym,pcasub_matched_k0_mean,cue1,0,mean,26,-3.844762613880448e-05,8.18787699528801e-05,170,8.962303581938613e-06,1.1733132273855715e-05,40
antonym,pcasub_matched_k0_mean,cue1,0,mean,27,0.0,0.0,170,0.0,0.0,40
antonym,pcasub_matched_k0_mean,target1,0,mean,0,-0.04624047875404358,0.007397466537851187,170,-0.03825090080499649,0.014651741049696116,40
antonym,pcasub_matched_k0_mean,target1,0,mean,1,-0.047415126115083694,0.006429736567665821,170,-0.043250907212495804,0.013412898630517835,40
antonym,pcasub_matched_k0_mean,target1,0,mean,2,-0.04936749488115311,0.006159133687669476,170,-0.04480332136154175,0.013086034876461084,40
antonym,pcasub_matched_k0_mean,target1,0,mean,3,-0.049548689275979996,0.006081774170556968,170,-0.04240211844444275,0.01287508910288263,40
antonym,pcasub_matched_k0_mean,target1,0,mean,4,-0.050895072519779205,0.006083617614855191,170,-0.044775158166885376,0.012590729040282671,40
antonym,pcasub_matched_k0_mean,target1,0,mean,5,-0.050342123955488205,0.005633161771925499,170,-0.04677509516477585,0.011536579768182993,40
antonym,pcasub_matched_k0_mean,target1,0,mean,6,-0.04948190227150917,0.005314977343144216,170,-0.046369124203920364,0.011291586275910408,40
antonym,pcasub_matched_k0_mean,target1,0,mean,7,-0.05082207918167114,0.005163026332533769,170,-0.04809395596385002,0.011224063366073367,40
antonym,pcasub_matched_k0_mean,target1,0,mean,8,-0.04293982684612274,0.004447102510557464,170,-0.04546660929918289,0.01001206377154959,40
antonym,pcasub_matched_k0_mean,target1,0,mean,9,-0.041433077305555344,0.004240953037568997,170,-0.04261508584022522,0.009924322157264851,40
antonym,pcasub_matched_k0_mean,target1,0,mean,10,-0.04165348783135414,0.004400103252454452,170,-0.044401876628398895,0.010396960143359793,40
antonym,pcasub_matched_k0_mean,target1,0,mean,11,-0.017301607877016068,0.0024835240445876283,170,-0.012704628519713879,0.005747103419595802,40
antonym,pcasub_matched_k0_mean,target1,0,mean,12,-0.01626485027372837,0.0023999184741887794,170,-0.013502651825547218,0.00618228443857433,40
antonym,pcasub_matched_k0_mean,target1,0,mean,13,-0.003998990636318922,0.0014190621063051795,170,0.0003818593977484852,0.002394899681079667,40
antonym,pcasub_matched_k0_mean,target1,0,mean,14,-0.0012837565736845136,0.001419738826364129,170,0.0024637095630168915,0.0026321730339675326,40
antonym,pcasub_matched_k0_mean,target1,0,mean,15,0.0020735133439302444,0.0008557452291066578,170,0.004761035554111004,0.0018558088874405618,40
antonym,pcasub_matched_k0_mean,target1,0,mean,16,0.0017200957518070936,0.000706431240993181,170,0.004611256532371044,0.0015091655434314151,40
antonym,pcasub_matched_k0_mean,target1,0,mean,17,0.0025698028039187193,0.0006703219329373875,170,0.0052867466583848,0.0013963484593455,40
antonym,pcasub_matched_k0_mean,target1,0,mean,18,0.0014433261239901185,0.0005328524387288212,170,0.002876247512176633,0.00105276433855564,40
antonym,pcasub_matched_k0_mean,target1,0,mean,19,0.00023722245532553643,0.00035622850334295916,170,0.001717444509267807,0.0008647431542030304,40
antonym,pcasub_matched_k0_mean,target1,0,mean,20,-6.911000673426315e-05,0.00033078746487175484,170,0.0009386114543303847,0.0007619149677275645,40
antonym,pcasub_matched_k0_mean,target1,0,mean,21,0.00011495615035528317,0.00030833473760872215,170,0.001731795840896666,0.0006884593736705361,40
antonym,pcasub_matched_k0_mean,target1,0,mean,22,8.507739403285086e-05,0.00027614087367065825,170,0.0012484677135944366,0.0005867734076382086,40
antonym,pcasub_matched_k0_mean,target1,0,mean,23,0.00013537985796574503,0.00023188992472831203,170,0.0008785538375377655,0.000441109580057715,40
antonym,pcasub_matched_k0_mean,target1,0,mean,24,5.4933392675593495e-05,0.00019827576295911503,170,0.0005376264452934265,0.0002818389092551977,40
antonym,pcasub_matched_k0_mean,target1,0,mean,25,-0.00013515159662347287,0.00016564652030674745,170,-8.544549200451002e-05,0.00034606599385574017,40
antonym,pcasub_matched_k0_mean,target1,0,mean,26,-0.00018882189760915935,0.00011515263417607293,170,-4.10228967666626e-05,0.0002526521894966178,40
antonym,pcasub_matched_k0_mean,target1,0,mean,27,0.0,0.0,170,0.0,0.0,40
antonym,pcasub_matched_k0_mean,final_cue,0,mean,0,-0.0870472863316536,0.011980249634498539,170,-0.0736028403043747,0.022828348640328875,40
antonym,pcasub_matched_k0_mean,final_cue,0,mean,1,-0.08856368064880371,0.011901580391926785,170,-0.07447495311498642,0.02283295948978458,40
antonym,pcasub_matched_k0_mean,final_cue,0,mean,2,-0.09459482133388519,0.011859436032384749,170,-0.08089076727628708,0.02276006236042354,40
antonym,pcasub_matched_k0_mean,final_cue,0,mean,3,-0.09444466978311539,0.01182358086935426,170,-0.08109720051288605,0.022659057191202214,40
antonym,pcasub_matched_k0_mean,final_cue,0,mean,4,-0.09159227460622787,0.011746488783094687,170,-0.08007778227329254,0.02251970210037101,40
antonym,pcasub_matched_k0_mean,final_cue,0,mean,5,-0.08517906814813614,0.011623253446034874,170,-0.07696552574634552,0.022305221028065786,40
antonym,pcasub_matched_k0_mean,final_cue,0,mean,6,-0.08535169810056686,0.011633090101381938,170,-0.07887496799230576,0.02215815448589655,40
antonym,pcasub_matched_k0_mean,final_cue,0,mean,7,-0.082626111805439,0.011663989793564875,170,-0.07672717422246933,0.022177618066557558,40
antonym,pcasub_matched_k0_mean,final_cue,0,mean,8,-0.07687906175851822,0.011149188830265404,170,-0.06978368759155273,0.021252086048603146,40
antonym,pcasub_matched_k0_mean,final_cue,0,mean,9,-0.07349696755409241,0.011095397514217975,170,-0.06709282100200653,0.020255419249470046,40
antonym,pcasub_matched_k0_mean,final_cue,0,mean,10,-0.05846354365348816,0.01042535065505587,170,-0.058055032044649124,0.020302168597911605,40
antonym,pcasub_matched_k0_mean,final_cue,0,mean,11,-0.04758439213037491,0.010653178884418753,170,-0.052907250821590424,0.02219913614937767,40
antonym,pcasub_matched_k0_mean,final_cue,0,mean,12,-0.04614860936999321,0.009585248059399674,170,-0.04699058085680008,0.020196976673716956,40
antonym,pcasub_matched_k0_mean,final_cue,0,mean,13,-0.019199663773179054,0.009248837189410658,170,-0.020874399691820145,0.02146672733437949,40
antonym,pcasub_matched_k0_mean,final_cue,0,mean,14,-0.027574894949793816,0.008284563248709376,170,-0.030642926692962646,0.018538624704724498,40
antonym,pcasub_matched_k0_mean,final_cue,0,mean,15,-0.030468374490737915,0.007918415553600934,170,-0.027163777500391006,0.018123341963251417,40
antonym,pcasub_matched_k0_mean,final_cue,0,mean,16,-0.0035581132397055626,0.006820020468685107,170,0.0023156963288784027,0.015636405974977723,40
antonym,pcasub_matched_k0_mean,final_cue,0,mean,17,0.006686240900307894,0.004987198546797163,170,0.010968931019306183,0.011194903336288722,40
antonym,pcasub_matched_k0_mean,final_cue,0,mean,18,0.008014398626983166,0.004732520088369557,170,0.009078840725123882,0.010430954850243625,40
antonym,pcasub_matched_k0_mean,final_cue,0,mean,19,0.008522179909050465,0.004767195527049864,170,0.011126285418868065,0.011004157418514304,40
antonym,pcasub_matched_k0_mean,final_cue,0,mean,20,0.006965954322367907,0.004178109072863024,170,0.01081247627735138,0.009891762303379754,40
antonym,pcasub_matched_k0_mean,final_cue,0,mean,21,0.007688439451158047,0.004117972845543019,170,0.010765032842755318,0.009888072681383005,40
antonym,pcasub_matched_k0_mean,final_cue,0,mean,22,0.008237156085669994,0.003945738804751091,170,0.012550190091133118,0.009211026455959594,40
antonym,pcasub_matched_k0_mean,final_cue,0,mean,23,0.00873706303536892,0.003601714726955121,170,0.01174143049865961,0.008227685058875098,40
antonym,pcasub_matched_k0_mean,final_cue,0,mean,24,0.006410842761397362,0.0034945738129143634,170,0.012376193888485432,0.007878877949475616,40
antonym,pcasub_matched_k0_mean,final_cue,0,mean,25,0.004201226867735386,0.003396935551371223,170,0.010497896000742912,0.006976381919176189,40
antonym,pcasub_matched_k0_mean,final_cue,0,mean,26,0.0034080527257174253,0.003646542537961651,170,0.007051866501569748,0.006789339170861152,40
antonym,pcasub_matched_k0_mean,final_cue,0,mean,27,0.0032872736919671297,0.003429245255583258,170,0.006630526389926672,0.006598121447975081,40
antonym,pcasub_matched_k2_zero,cue1,2,zero,0,-0.23205387592315674,0.02807101662236436,170,-0.22738191485404968,0.03779918780289318,40
antonym,pcasub_matched_k2_zero,cue1,2,zero,1,0.08434566110372543,0.01811721970451429,170,0.049002714455127716,0.02834212587807859,40
antonym,pcasub_matched_k2_zero,cue1,2,zero,2,0.045015204697847366,0.011924165727463982,170,0.03836039453744888,0.02282771014252484,40
antonym,pcasub_matched_k2_zero,cue1,2,zero,3,-0.014846782200038433,0.009846633717904901,170,-0.005097490735352039,0.02125251014308553,40
antonym,pcasub_matched_k2_zero,cue1,2,zero,4,-0.0460260771214962,0.009249985199204561,170,-0.03385382518172264,0.018979687678565657,40
antonym,pcasub_matched_k2_zero,cue1,2,zero,5,-0.03027885966002941,0.008794589314130373,170,-0.030034944415092468,0.015150718837267844,40
antonym,pcasub_matched_k2_zero,cue1,2,zero,6,-0.04226807504892349,0.007469099148963447,170,-0.04188093915581703,0.014367640155946505,40
antonym,pcasub_matched_k2_zero,cue1,2,zero,7,-0.04324696958065033,0.006096273722827002,170,-0.04164009913802147,0.012175919870981591,40
antonym,pcasub_matched_k2_zero,cue1,2,zero,8,-0.04361443966627121,0.005710719005010476,170,-0.04402685910463333,0.014000723034108962,40
antonym,pcasub_matched_k2_zero,cue1,2,zero,9,-0.031738150864839554,0.004673611300092511,170,-0.033081017434597015,0.010597439029504944,40
antonym,pcasub_matched_k2_zero,cue1,2,zero,10,-0.014177428558468819,0.0031764299559077784,170,-0.014826011843979359,0.007036413671197994,40
antonym,pcasub_matched_k2_zero,cue1,2,zero,11,-0.013304091989994049,0.002435542778106905,170,-0.013704502955079079,0.0046545989247052146,40
antonym,pcasub_matched_k2_zero,cue1,2,zero,12,-0.009331583976745605,0.002059849287275638,170,-0.00674459571018815,0.004114837678920867,40
antonym,pcasub_matched_k2_zero,cue1,2,zero,13,-0.003162090200930834,0.0009395200866640153,170,-0.0030346564017236233,0.002003396123390948,40
antonym,pcasub_matched_k2_zero,cue1,2,zero,14,-0.0028390497900545597,0.0008301622251386028,170,-0.0026713639963418245,0.001633770687067286,40
antonym,pcasub_matched_k2_zero,cue1,2,zero,15,-0.0011244516354054213,0.0007440279903100646,170,-0.0008420891826972365,0.0014541575439655278,40
antonym,pcasub_matched_k2_zero,cue1,2,zero,16,-0.0010015881853178144,0.0007397046677126414,170,0.0001527585118310526,0.0013949433518625428,40
antonym,pcasub_matched_k2_zero,cue1,2,zero,17,-0.00040094589348882437,0.000733958904408661,170,-0.00015159175381995738,0.0013865701364259568,40
antonym,pcasub_matched_k2_zero,cue1,2,zero,18,-0.0004451008280739188,0.0006845614115601102,170,-0.00032767801894806325,0.0013021451471505073,40
antonym,pcasub_matched_k2_zero,cue1,2,zero,19,-0.0012497479328885674,0.0006973713779873758,170,-0.0007542766397818923,0.001279001368814583,40
antonym,pcasub_matched_k2_zero,cue1,2,zero,20,-0.0009591981070116162,0.000490766293969142,170,-0.0007288761553354561,0.0009838270441688392,40
antonym,pcasub_matched_k2_zero,cue1,2,zero,21,-0.0003937975561711937,0.0005037127972755171,170,0.0004415072617121041,0.0010528738226694083,40
antonym,pcasub_matched_k2_zero,cue1,2,zero,22,-0.0002319236082257703,0.00044145437327919605,170,0.0001049481361405924,0.0008091883968159295,40
antonym,pcasub_matched_k2_zero,cue1,2,zero,23,-0.0005017627845518291,0.00041784327899104337,170,0.0005765691166743636,0.0008830080053036715,40
antonym,pcasub_matched_k2_zero,cue1,2,zero,24,4.7001594793982804e-05,0.00031467093452123944,170,0.0004477970360312611,0.0004977950351819659,40
antonym,pcasub_matched_k2_zero,cue1,2,zero,25,-0.0003268773143645376,0.0003097776070609897,170,0.00013813600526191294,0.000651079715444141,40
antonym,pcasub_matched_k2_zero,cue1,2,zero,26,-0.0006262588431127369,0.00026571508829760797,170,-0.000597938138525933,0.0005233915300881066,40
antonym,pcasub_matched_k2_zero,cue1,2,zero,27,0.0,0.0,170,0.0,0.0,40
antonym,pcasub_matched_k2_zero,target1,2,zero,0,-0.3525834083557129,0.02833482230151527,170,-0.3674963712692261,0.03966440245803091,40
antonym,pcasub_matched_k2_zero,target1,2,zero,1,-0.31015831232070923,0.022559801605076948,170,-0.32044774293899536,0.038088743022902355,40
antonym,pcasub_matched_k2_zero,target1,2,zero,2,-0.27757614850997925,0.019629911466735817,170,-0.2959873676300049,0.03150779799048398,40
antonym,pcasub_matched_k2_zero,target1,2,zero,3,-0.2545376420021057,0.018707513883290186,170,-0.27469778060913086,0.03199434509756091,40
antonym,pcasub_matched_k2_zero,target1,2,zero,4,-0.2758651375770569,0.018833574387309215,170,-0.3017727732658386,0.030771746675098202,40
antonym,pcasub_matched_k2_zero,target1,2,zero,5,-0.275713175535202,0.018021441744556044,170,-0.27861687541007996,0.0274012275033791,40
antonym,pcasub_matched_k2_zero,target1,2,zero,6,-0.2278130054473877,0.018154668023993462,170,-0.24316568672657013,0.028540128523662705,40
antonym,pcasub_matched_k2_zero,target1,2,zero,7,-0.23543423414230347,0.016641496257676924,170,-0.24710683524608612,0.02702838012702954,40
antonym,pcasub_matched_k2_zero,target1,2,zero,8,-0.23350724577903748,0.016475141695615446,170,-0.26563236117362976,0.02862873128535473,40
antonym,pcasub_matched_k2_zero,target1,2,zero,9,-0.20273998379707336,0.014953920717772318,170,-0.22456452250480652,0.028293237208581446,40
antonym,pcasub_matched_k2_zero,target1,2,zero,10,-0.17893221974372864,0.014689097887086739,170,-0.1992277055978775,0.03058289268993131,40
antonym,pcasub_matched_k2_zero,target1,2,zero,11,-0.0603746734559536,0.00817105942324248,170,-0.0645313411951065,0.015807999314711548,40
antonym,pcasub_matched_k2_zero,target1,2,zero,12,-0.03587588295340538,0.0072166787097994595,170,-0.034436848014593124,0.016655645202935755,40
antonym,pcasub_matched_k2_zero,target1,2,zero,13,0.004866220988333225,0.005080514771468134,170,0.011933969333767891,0.009094444060792227,40
antonym,pcasub_matched_k2_zero,target1,2,zero,14,0.010766441933810711,0.005264241481734916,170,0.015443416312336922,0.010003419312350312,40
antonym,pcasub_matched_k2_zero,target1,2,zero,15,0.021340729668736458,0.0040518385670524305,170,0.021021679043769836,0.00883315414901389,40
antonym,pcasub_matched_k2_zero,target1,2,zero,16,0.017678914591670036,0.0033525137438283905,170,0.02009611204266548,0.007250646766035045,40
antonym,pcasub_matched_k2_zero,target1,2,zero,17,0.019876763224601746,0.003126255242142885,170,0.02343117445707321,0.006818621127809482,40
antonym,pcasub_matched_k2_zero,target1,2,zero,18,0.012374158017337322,0.0025169314724502794,170,0.013543856330215931,0.005191993782179866,40
antonym,pcasub_matched_k2_zero,target1,2,zero,19,0.00972736906260252,0.0020661727697939723,170,0.011915436945855618,0.004891010099400593,40
antonym,pcasub_matched_k2_zero,target1,2,zero,20,0.007622056640684605,0.001924903993172961,170,0.01073524821549654,0.00437076544608755,40
antonym,pcasub_matched_k2_zero,target1,2,zero,21,0.006827585864812136,0.0017563968413187314,170,0.010394331999123096,0.003881306518074962,40
antonym,pcasub_matched_k2_zero,target1,2,zero,22,0.0026878376957029104,0.0014854688156913601,170,0.0024633489083498716,0.0035181697273317884,40
antonym,pcasub_matched_k2_zero,target1,2,zero,23,0.0011668259976431727,0.0012013411060262497,170,0.0007861398044042289,0.002138123577693185,40
antonym,pcasub_matched_k2_zero,target1,2,zero,24,-0.0014747617533430457,0.0010411855968501405,170,-0.00117507204413414,0.002169072167055277,40
antonym,pcasub_matched_k2_zero,target1,2,zero,25,-0.002378328237682581,0.0009420145365160988,170,-0.0014109648764133453,0.002308931017339342,40
antonym,pcasub_matched_k2_zero,target1,2,zero,26,-0.001485893502831459,0.0005614473969638943,170,-0.0015155471628531814,0.0010916853151664524,40
antonym,pcasub_matched_k2_zero,target1,2,zero,27,0.0,0.0,170,0.0,0.0,40
antonym,pcasub_matched_k2_zero,final_cue,2,zero,0,-1.6984916925430298,0.161343694169898,170,-2.018641471862793,0.39123353084158335,40
antonym,pcasub_matched_k2_zero,final_cue,2,zero,1,-1.7015211582183838,0.16090132239593513,170,-2.0061938762664795,0.38412861000793713,40
antonym,pcasub_matched_k2_zero,final_cue,2,zero,2,-1.754790186882019,0.16150354924793964,170,-2.0539252758026123,0.38948448980165357,40
antonym,pcasub_matched_k2_zero,final_cue,2,zero,3,-1.7514947652816772,0.16133723925768698,170,-2.050551176071167,0.3866112779564617,40
antonym,pcasub_matched_k2_zero,final_cue,2,zero,4,-1.762766718864441,0.1613580668639429,170,-2.0545284748077393,0.38695228761758643,40
antonym,pcasub_matched_k2_zero,final_cue,2,zero,5,-1.718675136566162,0.16060393928747124,170,-2.0229125022888184,0.3836972399490989,40
antonym,pcasub_matched_k2_zero,final_cue,2,zero,6,-1.7220617532730103,0.16051958656784118,170,-2.0223848819732666,0.3841379212379059,40
antonym,pcasub_matched_k2_zero,final_cue,2,zero,7,-1.8049259185791016,0.1611889591355365,170,-2.0781798362731934,0.38218731280265955,40
antonym,pcasub_matched_k2_zero,final_cue,2,zero,8,-1.7500717639923096,0.16085849688772494,170,-2.049243450164795,0.38448575410803615,40
antonym,pcasub_matched_k2_zero,final_cue,2,zero,9,-1.798189401626587,0.16106936954386497,170,-2.0914435386657715,0.38400462362993143,40
antonym,pcasub_matched_k2_zero,final_cue,2,zero,10,-1.6407158374786377,0.15891125284682167,170,-1.9819352626800537,0.38442129174671363,40
antonym,pcasub_matched_k2_zero,final_cue,2,zero,11,-1.572605848312378,0.15910034703145087,170,-1.9784969091415405,0.3995120813214596,40
antonym,pcasub_matched_k2_zero,final_cue,2,zero,12,-1.5353612899780273,0.15889901959960023,170,-1.9548715353012085,0.3982070389316213,40
antonym,pcasub_matched_k2_zero,final_cue,2,zero,13,-1.4319955110549927,0.15929681042180543,170,-1.8390529155731201,0.39196105078963184,40
antonym,pcasub_matched_k2_zero,final_cue,2,zero,14,-1.4319576025009155,0.15919011236868566,170,-1.879978895187378,0.3930932134198064,40
antonym,pcasub_matched_k2_zero,final_cue,2,zero,15,-1.453798532485962,0.15870875511927268,170,-1.903329849243164,0.39349706445889876,40
antonym,pcasub_matched_k2_zero,final_cue,2,zero,16,-1.203985571861267,0.1523084993745423,170,-1.6052688360214233,0.37028933267503067,40
antonym,pcasub_matched_k2_zero,final_cue,2,zero,17,-1.06715989112854,0.14637506361234737,170,-1.4319380521774292,0.35285527972028097,40
antonym,pcasub_matched_k2_zero,final_cue,2,zero,18,-1.0417330265045166,0.14509412925586646,170,-1.389085054397583,0.3516920545253521,40
antonym,pcasub_matched_k2_zero,final_cue,2,zero,19,-0.9822900891304016,0.14350035108759474,170,-1.306040644645691,0.3444536475972948,40
antonym,pcasub_matched_k2_zero,final_cue,2,zero,20,-0.9627277851104736,0.14177483236684632,170,-1.2558348178863525,0.3380066575192986,40
antonym,pcasub_matched_k2_zero,final_cue,2,zero,21,-0.9217672944068909,0.1410750229680597,170,-1.193406105041504,0.3339398364655955,40
antonym,pcasub_matched_k2_zero,final_cue,2,zero,22,-0.9199404716491699,0.1415057100709097,170,-1.2041345834732056,0.33534771705525124,40
antonym,pcasub_matched_k2_zero,final_cue,2,zero,23,-0.8729305267333984,0.13961103790707916,170,-1.1353920698165894,0.3235109950195224,40
antonym,pcasub_matched_k2_zero,final_cue,2,zero,24,-0.8722726106643677,0.1400050618400054,170,-1.1255165338516235,0.32500855745571977,40
antonym,pcasub_matched_k2_zero,final_cue,2,zero,25,-0.8631302714347839,0.14208081897727984,170,-1.1207380294799805,0.3315014628296755,40
antonym,pcasub_matched_k2_zero,final_cue,2,zero,26,-0.8583739995956421,0.1425581441922947,170,-1.1138689517974854,0.32874511257518524,40
antonym,pcasub_matched_k2_zero,final_cue,2,zero,27,-0.9334418773651123,0.1521426922457225,170,-1.2748072147369385,0.33696221647672486,40
antonym,pcasub_matched_k2_mean,cue1,2,mean,0,0.021448222920298576,0.007451691571884467,170,0.02878326177597046,0.012983457023534248,40
antonym,pcasub_matched_k2_mean,cue1,2,mean,1,0.01978939026594162,0.007366892562732722,170,0.03148075193166733,0.013103863337284452,40
antonym,pcasub_matched_k2_mean,cue1,2,mean,2,0.031096575781702995,0.007308458921366393,170,0.03984947130084038,0.01347080637600703,40
antonym,pcasub_matched_k2_mean,cue1,2,mean,3,0.028253016993403435,0.007192321359144844,170,0.035545386373996735,0.013148143513406346,40
antonym,pcasub_matched_k2_mean,cue1,2,mean,4,0.012634960003197193,0.006614884432913906,170,0.020770763978362083,0.011298514330496256,40
antonym,pcasub_matched_k2_mean,cue1,2,mean,5,0.011978857219219208,0.006119791637748794,170,0.008710999973118305,0.008820871901587934,40
antonym,pcasub_matched_k2_mean,cue1,2,mean,6,0.013837472535669804,0.004985627676252892,170,0.010346844792366028,0.006878550979351491,40
antonym,pcasub_matched_k2_mean,cue1,2,mean,7,0.009280667640268803,0.003858344916319051,170,0.009379444643855095,0.005803758319301616,40
antonym,pcasub_matched_k2_mean,cue1,2,mean,8,-0.0006149062537588179,0.002713339148043793,170,-0.0009228028357028961,0.0062258542564382294,40
antonym,pcasub_matched_k2_mean,cue1,2,mean,9,-0.008316230960190296,0.0024430791281153134,170,-0.009346557781100273,0.005144346178063813,40
antonym,pcasub_matched_k2_mean,cue1,2,mean,10,-0.003581445664167404,0.0015958670432352023,170,-0.0041482457891106606,0.003422392995156142,40
antonym,pcasub_matched_k2_mean,cue1,2,mean,11,-0.005059254355728626,0.0012084028805573873,170,-0.005841667298227549,0.0021037812016868143,40
antonym,pcasub_matched_k2_mean,cue1,2,mean,12,-0.003623868338763714,0.0010464897135292015,170,-0.003258200827986002,0.0018845493876487088,40
antonym,pcasub_matched_k2_mean,cue1,2,mean,13,-0.0005321322241798043,0.0003229242549319813,170,-0.00016538426280021667,0.0008088595763370526,40
antonym,pcasub_matched_k2_mean,cue1,2,mean,14,9.798460087040439e-05,0.0002795989567436913,170,0.0007193453493528068,0.0006159051276436043,40
antonym,pcasub_matched_k2_mean,cue1,2,mean,15,0.00010946971451630816,0.000291272645620001,170,0.0009660206851549447,0.000651854792287208,40
antonym,pcasub_matched_k2_mean,cue1,2,mean,16,-0.00010872710845433176,0.0002749538992586257,170,0.0006468199426308274,0.0006054301411837269,40
antonym,pcasub_matched_k2_mean,cue1,2,mean,17,2.3284379494725727e-05,0.00023271244960258058,170,0.00026554017676971853,0.0005414494142460421,40
antonym,pcasub_matched_k2_mean,cue1,2,mean,18,-2.0538533135550097e-05,0.00023231266047761315,170,0.001142235822044313,0.0005732683544547088,40
antonym,pcasub_matched_k2_mean,cue1,2,mean,19,-2.090212183247786e-05,0.0002507318533297499,170,0.0008753739530220628,0.0005583323873444888,40
antonym,pcasub_matched_k2_mean,cue1,2,mean,20,-0.00011300041660433635,0.00022073722243950118,170,0.0002761386276688427,0.0005646350866376049,40
antonym,pcasub_matched_k2_mean,cue1,2,mean,21,-0.00011805418762378395,0.00018722624012197748,170,0.0005873776972293854,0.0004685370808032979,40
antonym,pcasub_matched_k2_mean,cue1,2,mean,22,-0.00013167945144232363,0.00018306197245291254,170,-6.719902012264356e-05,0.00038499871405508405,40
antonym,pcasub_matched_k2_mean,cue1,2,mean,23,1.9983508536824957e-05,0.00017151235606366168,170,0.00041752532706595957,0.00037867584082304886,40
antonym,pcasub_matched_k2_mean,cue1,2,mean,24,-0.0003537737356964499,0.00017257925802276043,170,-0.0005741484346799552,0.0003999247414508732,40
antonym,pcasub_matched_k2_mean,cue1,2,mean,25,-0.00021446539903990924,0.0001433510354566101,170,-0.00027834996581077576,0.00033099090755724477,40
antonym,pcasub_matched_k2_mean,cue1,2,mean,26,-0.00016798412252683192,0.00013436414628764513,170,0.0001418337196810171,0.00030340085566695954,40
antonym,pcasub_matched_k2_mean,cue1,2,mean,27,0.0,0.0,170,0.0,0.0,40
antonym,pcasub_matched_k2_mean,target1,2,mean,0,-0.053129926323890686,0.009019710663257458,170,-0.05379871651530266,0.016804092408253198,40
antonym,pcasub_matched_k2_mean,target1,2,mean,1,-0.05002925544977188,0.007865781961715997,170,-0.051057685166597366,0.016415018705791505,40
antonym,pcasub_matched_k2_mean,target1,2,mean,2,-0.054460834711790085,0.007328895667144967,170,-0.05119035765528679,0.016492771716975854,40
antonym,pcasub_matched_k2_mean,target1,2,mean,3,-0.055876679718494415,0.007151007863833936,170,-0.052254073321819305,0.01564362029333918,40
antonym,pcasub_matched_k2_mean,target1,2,mean,4,-0.0572858490049839,0.007074786070713295,170,-0.04916680231690407,0.014750933215005247,40
antonym,pcasub_matched_k2_mean,target1,2,mean,5,-0.05332251265645027,0.00659220881089217,170,-0.048739295452833176,0.013701750560510387,40
antonym,pcasub_matched_k2_mean,target1,2,mean,6,-0.055927712470293045,0.006497995435710283,170,-0.05072469264268875,0.013519804603245455,40
antonym,pcasub_matched_k2_mean,target1,2,mean,7,-0.0571138896048069,0.006153138779382846,170,-0.05064254254102707,0.01328687659899672,40
antonym,pcasub_matched_k2_mean,target1,2,mean,8,-0.03523734211921692,0.005065231783943027,170,-0.0382816456258297,0.011637366999961983,40
antonym,pcasub_matched_k2_mean,target1,2,mean,9,-0.03501729667186737,0.004554684285502152,170,-0.03655046224594116,0.010741055091843886,40
antonym,pcasub_matched_k2_mean,target1,2,mean,10,-0.038633670657873154,0.0046946300508362866,170,-0.04405958577990532,0.011185120890228379,40
antonym,pcasub_matched_k2_mean,target1,2,mean,11,-0.016439538449048996,0.0028516254706494586,170,-0.013568392023444176,0.0065732447724625226,40
antonym,pcasub_matched_k2_mean,target1,2,mean,12,-0.014977986924350262,0.0026630147187159314,170,-0.013804996386170387,0.006799277707251817,40
antonym,pcasub_matched_k2_mean,target1,2,mean,13,-0.0035479392390698195,0.0017101947328735068,170,0.0009582169586792588,0.002852131698826836,40
antonym,pcasub_matched_k2_mean,target1,2,mean,14,-0.00034279594547115266,0.001740669421430653,170,0.0029093646444380283,0.002912128993171947,40
antonym,pcasub_matched_k2_mean,target1,2,mean,15,0.0027041416615247726,0.0010802603587762478,170,0.004296002443879843,0.002274960460280201,40
antonym,pcasub_matched_k2_mean,target1,2,mean,16,0.002738347975537181,0.000828612640490212,170,0.004057512618601322,0.0017580852965317175,40
antonym,pcasub_matched_k2_mean,target1,2,mean,17,0.003130875527858734,0.000787707577235149,170,0.005382085684686899,0.0017997191525345358,40
antonym,pcasub_matched_k2_mean,target1,2,mean,18,0.0015102296601980925,0.0006113587156245683,170,0.0023860237561166286,0.0011988579667508768,40
antonym,pcasub_matched_k2_mean,target1,2,mean,19,0.0006296866340562701,0.00043230747381657955,170,0.0016459599137306213,0.0009557407244252736,40
antonym,pcasub_matched_k2_mean,target1,2,mean,20,0.0002538709086365998,0.00040092899183470366,170,0.001005335128866136,0.0008792564625673945,40
antonym,pcasub_matched_k2_mean,target1,2,mean,21,0.0003145629889331758,0.00037384943938500596,170,0.001315655536018312,0.0010018432551536793,40
antonym,pcasub_matched_k2_mean,target1,2,mean,22,0.0002479733666405082,0.00031629651981800703,170,0.0003919266164302826,0.0007856151491890761,40
antonym,pcasub_matched_k2_mean,target1,2,mean,23,-1.5057360542414244e-05,0.00027519863348935997,170,0.00046673641190864146,0.0006373065844810643,40
antonym,pcasub_matched_k2_mean,target1,2,mean,24,-0.00020602626318577677,0.0002358386191297065,170,-7.766634371364489e-05,0.0005130531226672613,40
antonym,pcasub_matched_k2_mean,target1,2,mean,25,-6.138665048638359e-05,0.00017695534892750355,170,-0.0001561693788971752,0.0004922144377353757,40
antonym,pcasub_matched_k2_mean,target1,2,mean,26,-0.00021591869881376624,0.00014869492033208457,170,0.0001384071947541088,0.00036658962665392353,40
antonym,pcasub_matched_k2_mean,target1,2,mean,27,0.0,0.0,170,0.0,0.0,40
antonym,pcasub_matched_k2_mean,final_cue,2,mean,0,-0.037941865622997284,0.025799401814188615,170,-0.010784486308693886,0.05150024331966855,40
antonym,pcasub_matched_k2_mean,final_cue,2,mean,1,-0.03819192945957184,0.025458722336354676,170,-0.006711272988468409,0.050371586537215,40
antonym,pcasub_matched_k2_mean,final_cue,2,mean,2,-0.048517562448978424,0.02546623097184093,170,-0.017464255914092064,0.050246780243210054,40
antonym,pcasub_matched_k2_mean,final_cue,2,mean,3,-0.04987427219748497,0.025584554266995123,170,-0.02015349268913269,0.050262396344483644,40
antonym,pcasub_matched_k2_mean,final_cue,2,mean,4,-0.04580027237534523,0.02555048311918443,170,-0.016721364110708237,0.05042122444029769,40
antonym,pcasub_matched_k2_mean,final_cue,2,mean,5,-0.03528475761413574,0.02546120464324602,170,-0.009489774703979492,0.05067612878501556,40
antonym,pcasub_matched_k2_mean,final_cue,2,mean,6,-0.034481506794691086,0.025529090936683405,170,-0.01031743548810482,0.05075737115135775,40
antonym,pcasub_matched_k2_mean,final_cue,2,mean,7,-0.03365279361605644,0.025602538420421567,170,-0.010709712281823158,0.05055586501413305,40
antonym,pcasub_matched_k2_mean,final_cue,2,mean,8,-0.02460532821714878,0.025437743871668875,170,-0.0034560977946966887,0.05017958482855663,40
antonym,pcasub_matched_k2_mean,final_cue,2,mean,9,-0.0284680537879467,0.025526622344194772,170,-0.0027503713499754667,0.049843824514691625,40
antonym,pcasub_matched_k2_mean,final_cue,2,mean,10,0.008535264059901237,0.024555612917460272,170,0.023781608790159225,0.048824042210188094,40
antonym,pcasub_matched_k2_mean,final_cue,2,mean,11,0.01994045078754425,0.024574061074845225,170,0.02271079272031784,0.049849794822571424,40
antonym,pcasub_matched_k2_mean,final_cue,2,mean,12,0.019151175394654274,0.0242864837643223,170,0.02624620497226715,0.04782684529295202,40
antonym,pcasub_matched_k2_mean,final_cue,2,mean,13,0.04495222494006157,0.023719877787635235,170,0.0485483780503273,0.047141734793142036,40
antonym,pcasub_matched_k2_mean,final_cue,2,mean,14,0.03246692568063736,0.023492086130012926,170,0.03155159577727318,0.04739883500484648,40
antonym,pcasub_matched_k2_mean,final_cue,2,mean,15,0.03154177963733673,0.023600311053301584,170,0.033220089972019196,0.04701504834693185,40
antonym,pcasub_matched_k2_mean,final_cue,2,mean,16,0.06171741336584091,0.022768895960331655,170,0.07104910165071487,0.043355400405766416,40
antonym,pcasub_matched_k2_mean,final_cue,2,mean,17,0.07635249942541122,0.0222729831581709,170,0.08762579411268234,0.04511498726182483,40
antonym,pcasub_matched_k2_mean,final_cue,2,mean,18,0.08048328757286072,0.022039079448405437,170,0.08865959942340851,0.044344567800802676,40
antonym,pcasub_matched_k2_mean,final_cue,2,mean,19,0.07910138368606567,0.021966966833198168,170,0.09066082537174225,0.044259932678601406,40
antonym,pcasub_matched_k2_mean,final_cue,2,mean,20,0.08152830600738525,0.021823111891656918,170,0.09311481565237045,0.04370044838879565,40
antonym,pcasub_matched_k2_mean,final_cue,2,mean,21,0.08473409712314606,0.021613030099406755,170,0.09526001662015915,0.04274957201335783,40
antonym,pcasub_matched_k2_mean,final_cue,2,mean,22,0.09029427915811539,0.0215613313726402,170,0.09821739792823792,0.04188860838034651,40
antonym,pcasub_matched_k2_mean,final_cue,2,mean,23,0.09055270999670029,0.021505909185536624,170,0.09862197935581207,0.04100767460937578,40
antonym,pcasub_matched_k2_mean,final_cue,2,mean,24,0.09152159094810486,0.021774046330211568,170,0.09538204967975616,0.04117098397022036,40
antonym,pcasub_matched_k2_mean,final_cue,2,mean,25,0.0894654244184494,0.021792185913535444,170,0.09254495799541473,0.041346648616985074,40
antonym,pcasub_matched_k2_mean,final_cue,2,mean,26,0.08636703342199326,0.021824311901894447,170,0.08084497600793839,0.040590455169766476,40
antonym,pcasub_matched_k2_mean,final_cue,2,mean,27,0.08717618882656097,0.02216012733823227,170,0.081189826130867,0.04051367993197207,40
antonym,pcasub_matched_k3_zero,cue1,3,zero,0,-0.4628946781158447,0.034876347822875214,170,-0.40994301438331604,0.05205703696559162,40
antonym,pcasub_matched_k3_zero,cue1,3,zero,1,0.030982673168182373,0.01726330041955656,170,0.013487830758094788,0.032387732783340645,40
antonym,pcasub_matched_k3_zero,cue1,3,zero,2,0.010905958712100983,0.01242359284532036,170,0.010339071974158287,0.02661170258592551,40
antonym,pcasub_matched_k3_zero,cue1,3,zero,3,-0.05177606642246246,0.010487236897305605,170,-0.034525588154792786,0.02327423922302785,40
antonym,pcasub_matched_k3_zero,cue1,3,zero,4,-0.07913637906312943,0.010076437964125582,170,-0.05797585844993591,0.019564172338108,40
antonym,pcasub_matched_k3_zero,cue1,3,zero,5,-0.05822139233350754,0.009202431079225054,170,-0.05267491936683655,0.016703708066232476,40
antonym,pcasub_matched_k3_zero,cue1,3,zero,6,-0.054920174181461334,0.007521728169380812,170,-0.05171232298016548,0.014922515952377013,40
antonym,pcasub_matched_k3_zero,cue1,3,zero,7,-0.07105133682489395,0.006373372658242507,170,-0.06727665662765503,0.012529645298336507,40
antonym,pcasub_matched_k3_zero,cue1,3,zero,8,-0.04641735553741455,0.005986529929437699,170,-0.04739341512322426,0.014039898761919262,40
antonym,pcasub_matched_k3_zero,cue1,3,zero,9,-0.03392311930656433,0.004834194384344921,170,-0.034872643649578094,0.010566506049175884,40
antonym,pcasub_matched_k3_zero,cue1,3,zero,10,-0.018298828974366188,0.003352785174715451,170,-0.018272042274475098,0.007367199710196691,40
antonym,pcasub_matched_k3_zero,cue1,3,zero,11,-0.017228281125426292,0.002627962419677695,170,-0.016705214977264404,0.005168378198732288,40
antonym,pcasub_matched_k3_zero,cue1,3,zero,12,-0.012197516858577728,0.002145402731435048,170,-0.00978664867579937,0.0042172111418679985,40
antonym,pcasub_matched_k3_zero,cue1,3,zero,13,-0.004173873458057642,0.0009764826162845284,170,-0.0026778182946145535,0.002003366525130198,40
antonym,pcasub_matched_k3_zero,cue1,3,zero,14,-0.0022618738003075123,0.00080407650259604,170,-0.002243832452222705,0.0014874773810532595,40
antonym,pcasub_matched_k3_zero,cue1,3,zero,15,-0.0008842695970088243,0.0007087961897404646,170,-0.0005028918385505676,0.001345709222068291,40
antonym,pcasub_matched_k3_zero,cue1,3,zero,16,-0.0007217857637442648,0.0007089705483708103,170,0.00024059787392616272,0.001338106739451428,40
antonym,pcasub_matched_k3_zero,cue1,3,zero,17,-0.0005567969637922943,0.0006944914962756666,170,-0.0009398601832799613,0.0012243613596651815,40
antonym,pcasub_matched_k3_zero,cue1,3,zero,18,-0.0005260390462353826,0.0006619213612704155,170,-0.00024281293735839427,0.001208311886842401,40
antonym,pcasub_matched_k3_zero,cue1,3,zero,19,-0.0008772690780460835,0.000661615144372303,170,-0.00033775047631934285,0.0012524680742302089,40
antonym,pcasub_matched_k3_zero,cue1,3,zero,20,-0.0010448972461745143,0.00047336657410004937,170,-0.00046879425644874573,0.0009362278133296837,40
antonym,pcasub_matched_k3_zero,cue1,3,zero,21,-0.00039960021967999637,0.00048721672797279257,170,0.000568466610275209,0.0009503311636944092,40
antonym,pcasub_matched_k3_zero,cue1,3,zero,22,0.00016744750610087067,0.00045006237528722674,170,0.0010983757674694061,0.0007640105540396543,40
antonym,pcasub_matched_k3_zero,cue1,3,zero,23,-0.0004070718423463404,0.0004452232982897987,170,-0.00014729872054886073,0.0009017554847605682,40
antonym,pcasub_matched_k3_zero,cue1,3,zero,24,-0.00015938545402605087,0.00032727022057971975,170,0.0004756622074637562,0.000572626506598773,40
antonym,pcasub_matched_k3_zero,cue1,3,zero,25,-0.00026244029868394136,0.00030321776538337093,170,0.0008624047040939331,0.0006295492632016223,40
antonym,pcasub_matched_k3_zero,cue1,3,zero,26,-0.00022727198665961623,0.0002703694851480639,170,9.126887016464025e-05,0.0005606753621046364,40
antonym,pcasub_matched_k3_zero,cue1,3,zero,27,0.0,0.0,170,0.0,0.0,40
antonym,pcasub_matched_k3_zero,target1,3,zero,0,-0.39529967308044434,0.03262002228799249,170,-0.3914491534233093,0.045348465410860433,40
antonym,pcasub_matched_k3_zero,target1,3,zero,1,-0.3718098998069763,0.027837871776215776,170,-0.3747227191925049,0.0425286140758744,40
antonym,pcasub_matched_k3_zero,target1,3,zero,2,-0.3322276473045349,0.023396526457631222,170,-0.3429870307445526,0.03440314756765635,40
antonym,pcasub_matched_k3_zero,target1,3,zero,3,-0.27201807498931885,0.019952357646160667,170,-0.2814345955848694,0.03309724756453142,40
antonym,pcasub_matched_k3_zero,target1,3,zero,4,-0.2853701412677765,0.01996186858444326,170,-0.3091545104980469,0.03265288843412994,40
antonym,pcasub_matched_k3_zero,target1,3,zero,5,-0.2706243097782135,0.018685070263247706,170,-0.27384695410728455,0.028621726658154007,40
antonym,pcasub_matched_k3_zero,target1,3,zero,6,-0.23074935376644135,0.018811082766857234,170,-0.24649687111377716,0.030113907806586022,40
antonym,pcasub_matched_k3_zero,target1,3,zero,7,-0.23588673770427704,0.01724098822920676,170,-0.2469872236251831,0.028468522526392478,40
antonym,pcasub_matched_k3_zero,target1,3,zero,8,-0.23063944280147552,0.016950862325512704,170,-0.26307809352874756,0.02993811357539613,40
antonym,pcasub_matched_k3_zero,target1,3,zero,9,-0.1983724683523178,0.015475553739357455,170,-0.2207038402557373,0.02940145028090359,40
antonym,pcasub_matched_k3_zero,target1,3,zero,10,-0.17957335710525513,0.01519746222404548,170,-0.20097008347511292,0.031218318165049448,40
antonym,pcasub_matched_k3_zero,target1,3,zero,11,-0.05693544074892998,0.00852670874307288,170,-0.06177402660250664,0.01686164791971397,40
antonym,pcasub_matched_k3_zero,target1,3,zero,12,-0.03288246691226959,0.007561312507082785,170,-0.03293665498495102,0.017570266212290585,40
antonym,pcasub_matched_k3_zero,target1,3,zero,13,0.00824881624430418,0.005412480460677273,170,0.015069899149239063,0.01033101109526849,40
antonym,pcasub_matched_k3_zero,target1,3,zero,14,0.013517779298126698,0.005536237516473689,170,0.017704220488667488,0.010931588962377113,40
antonym,pcasub_matched_k3_zero,target1,3,zero,15,0.02557280845940113,0.004399486104332294,170,0.02539076842367649,0.009706719278353183,40
antonym,pcasub_matched_k3_zero,target1,3,zero,16,0.02152675949037075,0.00375993579105666,170,0.02478916384279728,0.008168393116117008,40
antonym,pcasub_matched_k3_zero,target1,3,zero,17,0.023968495428562164,0.0036601146537481094,170,0.02821636199951172,0.007747937599999064,40
antonym,pcasub_matched_k3_zero,target1,3,zero,18,0.016664542257785797,0.002959227531481495,170,0.019211888313293457,0.005974891634326078,40
antonym,pcasub_matched_k3_zero,target1,3,zero,19,0.011197226122021675,0.0024065953882937384,170,0.015200157649815083,0.005719552592763761,40
antonym,pcasub_matched_k3_zero,target1,3,zero,20,0.009799734689295292,0.0021691379339248505,170,0.014155465178191662,0.005286684066754458,40
antonym,pcasub_matched_k3_zero,target1,3,zero,21,0.0062635247595608234,0.0018739304154499407,170,0.009751726873219013,0.004273116807988267,40
antonym,pcasub_matched_k3_zero,target1,3,zero,22,0.0030140476301312447,0.0014904895728101667,170,0.00473851477727294,0.0037350978837023836,40
antonym,pcasub_matched_k3_zero,target1,3,zero,23,0.0019850193057209253,0.0012766278911701485,170,0.0018111936515197158,0.003102174860540373,40
antonym,pcasub_matched_k3_zero,target1,3,zero,24,-0.001407767878845334,0.0011215347823252553,170,-0.0017700276803225279,0.0019612420153720654,40
antonym,pcasub_matched_k3_zero,target1,3,zero,25,-0.0033421951811760664,0.0010440097638008215,170,-0.0020713910926133394,0.002145586757052987,40
antonym,pcasub_matched_k3_zero,target1,3,zero,26,-0.0013268963666632771,0.0005054095617509572,170,-0.0011941231787204742,0.0009415321603426094,40
antonym,pcasub_matched_k3_zero,target1,3,zero,27,0.0,0.0,170,0.0,0.0,40
antonym,pcasub_matched_k3_zero,final_cue,3,zero,0,-2.215822219848633,0.16620042131790305,170,-2.5788989067077637,0.36766628002851487,40
antonym,pcasub_matched_k3_zero,final_cue,3,zero,1,-2.020353078842163,0.16422552904112708,170,-2.4670166969299316,0.36808396597205484,40
antonym,pcasub_matched_k3_zero,final_cue,3,zero,2,-2.0823540687561035,0.1662378890661194,170,-2.531318426132202,0.37840729271091056,40
antonym,pcasub_matched_k3_zero,final_cue,3,zero,3,-2.110708713531494,0.16619727614821383,170,-2.545206069946289,0.3753298369630021,40
antonym,pcasub_matched_k3_zero,final_cue,3,zero,4,-2.119488477706909,0.16650107759714816,170,-2.5520520210266113,0.37736522659743815,40
antonym,pcasub_matched_k3_zero,final_cue,3,zero,5,-2.0630977153778076,0.16502445699979987,170,-2.4786016941070557,0.3721790976885376,40
antonym,pcasub_matched_k3_zero,final_cue,3,zero,6,-2.053257942199707,0.16464712806644488,170,-2.465392589569092,0.37138044295931044,40
antonym,pcasub_matched_k3_zero,final_cue,3,zero,7,-2.121899127960205,0.16484399374594572,170,-2.502372980117798,0.3667629776296788,40
antonym,pcasub_matched_k3_zero,final_cue,3,zero,8,-2.0888173580169678,0.16334208378999168,170,-2.4925293922424316,0.36622707299309365,40
antonym,pcasub_matched_k3_zero,final_cue,3,zero,9,-2.108738660812378,0.16303248572017665,170,-2.540524959564209,0.3652754049746221,40
antonym,pcasub_matched_k3_zero,final_cue,3,zero,10,-1.8795582056045532,0.15949508411331828,170,-2.359056234359741,0.3676506356542758,40
antonym,pcasub_matched_k3_zero,final_cue,3,zero,11,-1.8217918872833252,0.15924908430035853,170,-2.3698344230651855,0.3814500292571944,40
antonym,pcasub_matched_k3_zero,final_cue,3,zero,12,-1.7544456720352173,0.15756085961205876,170,-2.3453474044799805,0.3776377025902095,40
antonym,pcasub_matched_k3_zero,final_cue,3,zero,13,-1.598818063735962,0.15712280330348344,170,-2.1758227348327637,0.3674110693933375,40
antonym,pcasub_matched_k3_zero,final_cue,3,zero,14,-1.6165945529937744,0.15749464647575256,170,-2.231423854827881,0.3703588841701418,40
antonym,pcasub_matched_k3_zero,final_cue,3,zero,15,-1.6792328357696533,0.15802440642381302,170,-2.284520387649536,0.37408216984446957,40
antonym,pcasub_matched_k3_zero,final_cue,3,zero,16,-1.374888300895691,0.15038111378876978,170,-1.9467490911483765,0.3467291312546917,40
antonym,pcasub_matched_k3_zero,final_cue,3,zero,17,-1.2245842218399048,0.14409408415285133,170,-1.7412525415420532,0.32967329518365457,40
antonym,pcasub_matched_k3_zero,final_cue,3,zero,18,-1.200382947921753,0.1436370196821135,170,-1.7008556127548218,0.3300204871999003,40
antonym,pcasub_matched_k3_zero,final_cue,3,zero,19,-1.1295771598815918,0.14165771136766345,170,-1.6142574548721313,0.32382889624351807,40
antonym,pcasub_matched_k3_zero,final_cue,3,zero,20,-1.116563320159912,0.14060872413282738,170,-1.5655717849731445,0.3210268191795049,40
antonym,pcasub_matched_k3_zero,final_cue,3,zero,21,-1.0529303550720215,0.13930422843248277,170,-1.4650838375091553,0.3150750583650722,40
antonym,pcasub_matched_k3_zero,final_cue,3,zero,22,-1.0483222007751465,0.1403632271813005,170,-1.4660996198654175,0.31505357091129804,40
antonym,pcasub_matched_k3_zero,final_cue,3,zero,23,-1.0074046850204468,0.13851030165933326,170,-1.4159207344055176,0.3051310417312615,40
antonym,pcasub_matched_k3_zero,final_cue,3,zero,24,-0.9861738085746765,0.13856269982063826,170,-1.38091242313385,0.30504480918650995,40
antonym,pcasub_matched_k3_zero,final_cue,3,zero,25,-0.9920498132705688,0.1412327020275373,170,-1.3929994106292725,0.3096680798983893,40
antonym,pcasub_matched_k3_zero,final_cue,3,zero,26,-0.979137122631073,0.14755976857644731,170,-1.3423627614974976,0.3196136609696239,40
antonym,pcasub_matched_k3_zero,final_cue,3,zero,27,-0.9651824831962585,0.15231470742750444,170,-1.3127410411834717,0.3311197024009545,40
antonym,pcasub_matched_k3_mean,cue1,3,mean,0,0.013320581056177616,0.008581277208607472,170,0.01741892844438553,0.013310649450814848,40
antonym,pcasub_matched_k3_mean,cue1,3,mean,1,0.0160893052816391,0.008851996089593445,170,0.02109435573220253,0.014037666375685598,40
antonym,pcasub_matched_k3_mean,cue1,3,mean,2,0.017689429223537445,0.007782839539831746,170,0.02488129213452339,0.014150297623925412,40
antonym,pcasub_matched_k3_mean,cue1,3,mean,3,0.015311232767999172,0.0076807003827477,170,0.022433534264564514,0.013763760242076425,40
antonym,pcasub_matched_k3_mean,cue1,3,mean,4,0.0001809372624848038,0.00710502918586627,170,0.008505204692482948,0.011633398182430997,40
antonym,pcasub_matched_k3_mean,cue1,3,mean,5,0.0017003212124109268,0.006646972135231998,170,-0.004385150037705898,0.010423580318411044,40
antonym,pcasub_matched_k3_mean,cue1,3,mean,6,0.008202813565731049,0.005645694450272878,170,0.0015236989129334688,0.008155165491407402,40
antonym,pcasub_matched_k3_mean,cue1,3,mean,7,-0.003929230384528637,0.004266654399689646,170,-0.004971679300069809,0.0060181940370580295,40
antonym,pcasub_matched_k3_mean,cue1,3,mean,8,0.002738676965236664,0.0032789574020186817,170,0.0006664566462859511,0.006340072324866301,40
antonym,pcasub_matched_k3_mean,cue1,3,mean,9,-0.004827163647860289,0.0025679921937738826,170,-0.005095326341688633,0.005137342728903319,40
antonym,pcasub_matched_k3_mean,cue1,3,mean,10,-0.003064007731154561,0.0015867942515476712,170,-0.0034496174193918705,0.0033078188640689016,40
antonym,pcasub_matched_k3_mean,cue1,3,mean,11,-0.004921648185700178,0.0012525502571875658,170,-0.005648658610880375,0.002048960363362285,40
antonym,pcasub_matched_k3_mean,cue1,3,mean,12,-0.0039039338007569313,0.0010817669430577938,170,-0.002831212477758527,0.001862333757758087,40
antonym,pcasub_matched_k3_mean,cue1,3,mean,13,-0.0006716260104440153,0.000356183252956919,170,0.00022822245955467224,0.0007635145254757955,40
antonym,pcasub_matched_k3_mean,cue1,3,mean,14,-0.0001907736004795879,0.0003152568323767951,170,0.00017450675659347326,0.0006555078214093476,40
antonym,pcasub_matched_k3_mean,cue1,3,mean,15,-0.00017684084014035761,0.00030691336833987696,170,0.00048050953773781657,0.0006913683231331304,40
antonym,pcasub_matched_k3_mean,cue1,3,mean,16,-0.0002561113506089896,0.0002737548711723323,170,8.855313353706151e-05,0.0006069247429103192,40
antonym,pcasub_matched_k3_mean,cue1,3,mean,17,-0.0002661895996425301,0.0002824529989492441,170,0.0003619723138399422,0.0006474639418442386,40
antonym,pcasub_matched_k3_mean,cue1,3,mean,18,-3.2420193747384474e-05,0.00026660284587124697,170,0.0005957357352599502,0.0005215438476166746,40
antonym,pcasub_matched_k3_mean,cue1,3,mean,19,-3.8706381019437686e-05,0.00024625763658787546,170,0.0005344085511751473,0.0004514165485299529,40
antonym,pcasub_matched_k3_mean,cue1,3,mean,20,-6.840404239483178e-05,0.000211476464862681,170,0.00021948367066215724,0.0004146814255637656,40
antonym,pcasub_matched_k3_mean,cue1,3,mean,21,2.831746542142355e-06,0.00019386583247996538,170,0.000700353819411248,0.00041773188710885015,40
antonym,pcasub_matched_k3_mean,cue1,3,mean,22,-0.00011397530033718795,0.0002129555667669121,170,0.00017799585475586355,0.00039557677903498536,40
antonym,pcasub_matched_k3_mean,cue1,3,mean,23,-3.0706032703164965e-05,0.00017564076628396233,170,0.00024147405929397792,0.0004223939813145114,40
antonym,pcasub_matched_k3_mean,cue1,3,mean,24,-0.00026195996906608343,0.00019593906445284,170,-0.0001643761934246868,0.0004976585297704483,40
antonym,pcasub_matched_k3_mean,cue1,3,mean,25,-8.403238462051377e-05,0.0001570711257197544,170,-2.9465556508512236e-05,0.00035922238394525853,40
antonym,pcasub_matched_k3_mean,cue1,3,mean,26,3.868604471790604e-05,0.00011277164957769858,170,0.00013613626651931554,0.00027958274133441314,40
antonym,pcasub_matched_k3_mean,cue1,3,mean,27,0.0,0.0,170,0.0,0.0,40
antonym,pcasub_matched_k3_mean,target1,3,mean,0,-0.03964284807443619,0.010004495636085351,170,-0.051281750202178955,0.018239872524648718,40
antonym,pcasub_matched_k3_mean,target1,3,mean,1,-0.04630807042121887,0.008372700000621793,170,-0.0493762232363224,0.016940276214788347,40
antonym,pcasub_matched_k3_mean,target1,3,mean,2,-0.05243032053112984,0.007855143585243576,170,-0.05102505534887314,0.017496085019080104,40
antonym,pcasub_matched_k3_mean,target1,3,mean,3,-0.05366497486829758,0.0075122595171732585,170,-0.052176911383867264,0.01625123930689562,40
antonym,pcasub_matched_k3_mean,target1,3,mean,4,-0.056169942021369934,0.007402927155865394,170,-0.04858635738492012,0.015577541660822706,40
antonym,pcasub_matched_k3_mean,target1,3,mean,5,-0.05325866490602493,0.006914524132057786,170,-0.047846317291259766,0.014850196062728107,40
antonym,pcasub_matched_k3_mean,target1,3,mean,6,-0.055627238005399704,0.006842619518625019,170,-0.04823504388332367,0.014595417768314722,40
antonym,pcasub_matched_k3_mean,target1,3,mean,7,-0.05596952512860298,0.00641588044945648,170,-0.04741320386528969,0.013662133067614268,40
antonym,pcasub_matched_k3_mean,target1,3,mean,8,-0.03476930409669876,0.005338995262331646,170,-0.0362158939242363,0.012296537053932757,40
antonym,pcasub_matched_k3_mean,target1,3,mean,9,-0.03443792089819908,0.004792042596168082,170,-0.035235945135354996,0.010939566650806863,40
antonym,pcasub_matched_k3_mean,target1,3,mean,10,-0.038991961628198624,0.004833901810420343,170,-0.043145228177309036,0.011346897620735224,40
antonym,pcasub_matched_k3_mean,target1,3,mean,11,-0.01640268974006176,0.0028927103925817893,170,-0.013297578319907188,0.006829657597693433,40
antonym,pcasub_matched_k3_mean,target1,3,mean,12,-0.01519849430769682,0.002683920039920588,170,-0.014821445569396019,0.007048424969371316,40
antonym,pcasub_matched_k3_mean,target1,3,mean,13,-0.004348131362348795,0.001815068913290588,170,-0.0005621075397357345,0.003446012996254578,40
antonym,pcasub_matched_k3_mean,target1,3,mean,14,-0.0008103532018139958,0.001836627954357975,170,0.0026096119545400143,0.003499487187342507,40
antonym,pcasub_matched_k3_mean,target1,3,mean,15,0.0020381403155624866,0.0012173283852740977,170,0.0035865418612957,0.0026700694100893056,40
antonym,pcasub_matched_k3_mean,target1,3,mean,16,0.0019881229382008314,0.0009004318960519164,170,0.00402787234634161,0.0019353728409667037,40
antonym,pcasub_matched_k3_mean,target1,3,mean,17,0.0025921219494193792,0.0008010093335722593,170,0.004836966283619404,0.0017279990326171417,40
antonym,pcasub_matched_k3_mean,target1,3,mean,18,0.0011181276058778167,0.0006188239221688945,170,0.0020341970957815647,0.001174688630768227,40
antonym,pcasub_matched_k3_mean,target1,3,mean,19,0.00015226392133627087,0.0004763574924733204,170,0.0007055505993776023,0.0010717890256038871,40
antonym,pcasub_matched_k3_mean,target1,3,mean,20,-7.119967631297186e-05,0.0004266932473490521,170,0.001086627715267241,0.0009643220848447939,40
antonym,pcasub_matched_k3_mean,target1,3,mean,21,0.00039638299494981766,0.0003713131677475608,170,0.0011225141352042556,0.0008965775561897007,40
antonym,pcasub_matched_k3_mean,target1,3,mean,22,-3.117217784165405e-05,0.00032500902271755594,170,0.0004869326949119568,0.0007733759002314721,40
antonym,pcasub_matched_k3_mean,target1,3,mean,23,-1.4207818821887486e-05,0.00025878710062211856,170,0.00043276773067191243,0.0005639199794049378,40
antonym,pcasub_matched_k3_mean,target1,3,mean,24,-0.0004199934483040124,0.00025602814851351284,170,0.00021544322953559458,0.0005425096504520043,40
antonym,pcasub_matched_k3_mean,target1,3,mean,25,-0.00030145436176098883,0.0002054510384585525,170,-8.2080063293688e-05,0.0005511618037265268,40
antonym,pcasub_matched_k3_mean,target1,3,mean,26,-0.0002106769970851019,0.00014592249489424943,170,4.742219971376471e-05,0.0003336696974101281,40
antonym,pcasub_matched_k3_mean,target1,3,mean,27,0.0,0.0,170,0.0,0.0,40
antonym,pcasub_matched_k3_mean,final_cue,3,mean,0,-0.08053688704967499,0.02695534767579602,170,-0.03686422109603882,0.053285874289106305,40
antonym,pcasub_matched_k3_mean,final_cue,3,mean,1,-0.08403394371271133,0.026689619694531277,170,-0.03289949521422386,0.05269218913537667,40
antonym,pcasub_matched_k3_mean,final_cue,3,mean,2,-0.09488433599472046,0.026684140790646783,170,-0.043117474764585495,0.052331821917211516,40
antonym,pcasub_matched_k3_mean,final_cue,3,mean,3,-0.09586657583713531,0.02678877254042421,170,-0.046212032437324524,0.052659458465658386,40
antonym,pcasub_matched_k3_mean,final_cue,3,mean,4,-0.09243287146091461,0.026696664326059022,170,-0.04426029697060585,0.05282044473117168,40
antonym,pcasub_matched_k3_mean,final_cue,3,mean,5,-0.08401449024677277,0.0266389358335656,170,-0.03769968822598457,0.05299298050308858,40
antonym,pcasub_matched_k3_mean,final_cue,3,mean,6,-0.07969018071889877,0.026643463872195215,170,-0.03410675376653671,0.05309284061720747,40
antonym,pcasub_matched_k3_mean,final_cue,3,mean,7,-0.07991108298301697,0.02669934549178973,170,-0.03539155051112175,0.05286079496509014,40
antonym,pcasub_matched_k3_mean,final_cue,3,mean,8,-0.07034067064523697,0.02654264929784002,170,-0.02429484762251377,0.05181864874488218,40
antonym,pcasub_matched_k3_mean,final_cue,3,mean,9,-0.07092694938182831,0.02649461688806584,170,-0.024427110329270363,0.05148179520968481,40
antonym,pcasub_matched_k3_mean,final_cue,3,mean,10,-0.03419450297951698,0.02550869304837919,170,0.0025864853523671627,0.0515815657927463,40
antonym,pcasub_matched_k3_mean,final_cue,3,mean,11,-0.024046774953603745,0.025294499221048424,170,0.0022636265493929386,0.05112783653036458,40
antonym,pcasub_matched_k3_mean,final_cue,3,mean,12,-0.011517887935042381,0.024847517122039656,170,0.0176028273999691,0.049622965532587424,40
antonym,pcasub_matched_k3_mean,final_cue,3,mean,13,0.009627854451537132,0.024233281024724707,170,0.03191361948847771,0.049574731853457524,40
antonym,pcasub_matched_k3_mean,final_cue,3,mean,14,0.008231420069932938,0.023877049414212384,170,0.01601971685886383,0.0501685206747273,40
antonym,pcasub_matched_k3_mean,final_cue,3,mean,15,0.016024595126509666,0.02362089865751002,170,0.021984390914440155,0.049263762218168375,40
antonym,pcasub_matched_k3_mean,final_cue,3,mean,16,0.04987812042236328,0.022647653783133034,170,0.06033354252576828,0.04564199062644082,40
antonym,pcasub_matched_k3_mean,final_cue,3,mean,17,0.06954942643642426,0.02199912482183017,170,0.08362466096878052,0.04719242350810886,40
antonym,pcasub_matched_k3_mean,final_cue,3,mean,18,0.07245739549398422,0.021752320430577822,170,0.08270084857940674,0.04621861775765676,40
antonym,pcasub_matched_k3_mean,final_cue,3,mean,19,0.07307285070419312,0.021642966354798992,170,0.08209802210330963,0.04644387789805593,40
antonym,pcasub_matched_k3_mean,final_cue,3,mean,20,0.07355241477489471,0.021432937134425904,170,0.08393336832523346,0.04574900380082927,40
antonym,pcasub_matched_k3_mean,final_cue,3,mean,21,0.08016063272953033,0.021216158142183434,170,0.08991505205631256,0.04465945795397343,40
antonym,pcasub_matched_k3_mean,final_cue,3,mean,22,0.08601205050945282,0.021219264454398295,170,0.09632609784603119,0.04369748443957987,40
antonym,pcasub_matched_k3_mean,final_cue,3,mean,23,0.08708148449659348,0.02095890337606254,170,0.09423182904720306,0.04273744762332254,40
antonym,pcasub_matched_k3_mean,final_cue,3,mean,24,0.08873094618320465,0.021348028981485887,170,0.09471084922552109,0.042970162402289847,40
antonym,pcasub_matched_k3_mean,final_cue,3,mean,25,0.08399628847837448,0.02146594770176,170,0.09033657610416412,0.04284055441631213,40
antonym,pcasub_matched_k3_mean,final_cue,3,mean,26,0.08128377050161362,0.021404596321216135,170,0.0786769688129425,0.04227102851159568,40
antonym,pcasub_matched_k3_mean,final_cue,3,mean,27,0.08425043523311615,0.021770217726120405,170,0.07767008990049362,0.040720020746295965,40
antonym,pcasub_matched_k4_zero,cue1,4,zero,0,-0.5314206480979919,0.04342616704882257,170,-0.4810803532600403,0.0633122312227525,40
antonym,pcasub_matched_k4_zero,cue1,4,zero,1,0.1440226137638092,0.02347404483324184,170,0.12476112693548203,0.042402106691779004,40
antonym,pcasub_matched_k4_zero,cue1,4,zero,2,0.11160415410995483,0.01770030414772355,170,0.11573582887649536,0.038136625646044066,40
antonym,pcasub_matched_k4_zero,cue1,4,zero,3,0.054477039724588394,0.016564397314215995,170,0.06905166804790497,0.03397537995583795,40
antonym,pcasub_matched_k4_zero,cue1,4,zero,4,-0.058108050376176834,0.015245667206720485,170,-0.022627979516983032,0.02357817831423124,40
antonym,pcasub_matched_k4_zero,cue1,4,zero,5,-0.0659828782081604,0.015170250563325882,170,-0.04957376793026924,0.022028280262827105,40
antonym,pcasub_matched_k4_zero,cue1,4,zero,6,-0.06915687024593353,0.010787624602830878,170,-0.05989581346511841,0.017925115490023822,40
antonym,pcasub_matched_k4_zero,cue1,4,zero,7,-0.05837707966566086,0.006781734999206898,170,-0.05410878732800484,0.013414664512820878,40
antonym,pcasub_matched_k4_zero,cue1,4,zero,8,-0.0336671844124794,0.00625234019711873,170,-0.031966663897037506,0.01429634044913578,40
antonym,pcasub_matched_k4_zero,cue1,4,zero,9,-0.025112822651863098,0.0054243759907318684,170,-0.02204626426100731,0.011591487045209315,40
antonym,pcasub_matched_k4_zero,cue1,4,zero,10,-0.01563694328069687,0.0035752347867636933,170,-0.014154267497360706,0.007597925957257712,40
antonym,pcasub_matched_k4_zero,cue1,4,zero,11,-0.01650179922580719,0.0026715833632453383,170,-0.01498883031308651,0.005049474475293979,40
antonym,pcasub_matched_k4_zero,cue1,4,zero,12,-0.01150206383317709,0.002196307594286134,170,-0.0077039399184286594,0.004255911824956016,40
antonym,pcasub_matched_k4_zero,cue1,4,zero,13,-0.0030914931558072567,0.0009739004513984158,170,-0.001512565417215228,0.0019145346346136612,40
antonym,pcasub_matched_k4_zero,cue1,4,zero,14,-0.0014906127471476793,0.0008028149918338372,170,-0.0004330836236476898,0.0014702105509089946,40
antonym,pcasub_matched_k4_zero,cue1,4,zero,15,-6.866507465019822e-05,0.0007100823435700453,170,0.00047116802306845784,0.0011093425920190659,40
antonym,pcasub_matched_k4_zero,cue1,4,zero,16,-7.61528208386153e-05,0.0007093816947355258,170,0.0003854788956232369,0.0012437028659074742,40
antonym,pcasub_matched_k4_zero,cue1,4,zero,17,0.00037934095598757267,0.0007437817739238287,170,0.0003763534186873585,0.0012835369709506717,40
antonym,pcasub_matched_k4_zero,cue1,4,zero,18,0.00030317780328914523,0.0006773653501690583,170,0.0005006499704904854,0.0012280823469830227,40
antonym,pcasub_matched_k4_zero,cue1,4,zero,19,-4.595500649884343e-05,0.0006873865070901416,170,0.00016103163943625987,0.0012786902189391386,40
antonym,pcasub_matched_k4_zero,cue1,4,zero,20,-0.00026387712568975985,0.000484149130373927,170,0.0001074358806363307,0.0008778097555388563,40
antonym,pcasub_matched_k4_zero,cue1,4,zero,21,0.00028057413874194026,0.0005170394109675476,170,0.0008484542486257851,0.0009280143695991352,40
antonym,pcasub_matched_k4_zero,cue1,4,zero,22,0.0005005273851566017,0.00047320785846029993,170,0.0017825193936005235,0.0008071183592513028,40
antonym,pcasub_matched_k4_zero,cue1,4,zero,23,-0.0002465176221448928,0.0004643311041594892,170,0.0001597978116478771,0.001010436175092945,40
antonym,pcasub_matched_k4_zero,cue1,4,zero,24,-0.00044628733303397894,0.0003234981169705713,170,0.0005271389964036644,0.0005578924261327716,40
antonym,pcasub_matched_k4_zero,cue1,4,zero,25,-0.0004690883797593415,0.0003042684886330173,170,0.0003707505820784718,0.0006499168424832406,40
antonym,pcasub_matched_k4_zero,cue1,4,zero,26,-0.00038087734719738364,0.0002716129778994086,170,0.0001500360667705536,0.0005625698348614078,40
antonym,pcasub_matched_k4_zero,cue1,4,zero,27,0.0,0.0,170,0.0,0.0,40
antonym,pcasub_matched_k4_zero,target1,4,zero,0,-0.4140152931213379,0.0346711895011996,170,-0.4175710082054138,0.04713219737944929,40
antonym,pcasub_matched_k4_zero,target1,4,zero,1,-0.36620473861694336,0.029587388415980975,170,-0.38008618354797363,0.049654061082468066,40
antonym,pcasub_matched_k4_zero,target1,4,zero,2,-0.3364032506942749,0.02528539742911349,170,-0.35120904445648193,0.04091071718638077,40
antonym,pcasub_matched_k4_zero,target1,4,zero,3,-0.29028958082199097,0.022879891192968668,170,-0.30334439873695374,0.04263200359851892,40
antonym,pcasub_matched_k4_zero,target1,4,zero,4,-0.293828547000885,0.022546320347208472,170,-0.31844907999038696,0.041165579121650406,40
antonym,pcasub_matched_k4_zero,target1,4,zero,5,-0.2851293981075287,0.019179601339334967,170,-0.2846454083919525,0.0317779084784758,40
antonym,pcasub_matched_k4_zero,target1,4,zero,6,-0.2476050704717636,0.020053197363587502,170,-0.2574455142021179,0.034807896273403076,40
antonym,pcasub_matched_k4_zero,target1,4,zero,7,-0.25291991233825684,0.01871439165625157,170,-0.2546302378177643,0.03441485021928971,40
antonym,pcasub_matched_k4_zero,target1,4,zero,8,-0.23970134556293488,0.01777244533460314,170,-0.27050238847732544,0.033804132959931406,40
antonym,pcasub_matched_k4_zero,target1,4,zero,9,-0.20570008456707,0.01599690332995316,170,-0.2259783297777176,0.03233674249007524,40
antonym,pcasub_matched_k4_zero,target1,4,zero,10,-0.19018949568271637,0.015376683181587062,170,-0.20744085311889648,0.03309655016471594,40
antonym,pcasub_matched_k4_zero,target1,4,zero,11,-0.07052005082368851,0.009129248169172596,170,-0.07320042699575424,0.019244747908096417,40
antonym,pcasub_matched_k4_zero,target1,4,zero,12,-0.04776158183813095,0.008213473499371238,170,-0.04498115926980972,0.019722099233146977,40
antonym,pcasub_matched_k4_zero,target1,4,zero,13,0.003307158825919032,0.0053899345540478795,170,0.014052890241146088,0.01026751354889342,40
antonym,pcasub_matched_k4_zero,target1,4,zero,14,0.01428138092160225,0.005616164484061063,170,0.01833013817667961,0.011497176678608525,40
antonym,pcasub_matched_k4_zero,target1,4,zero,15,0.02464590035378933,0.004448902525913758,170,0.02449088916182518,0.010332569642491254,40
antonym,pcasub_matched_k4_zero,target1,4,zero,16,0.02050609327852726,0.003677139370417974,170,0.023838017135858536,0.008380541668769115,40
antonym,pcasub_matched_k4_zero,target1,4,zero,17,0.022706352174282074,0.003519384881725455,170,0.02747148834168911,0.00774139358652782,40
antonym,pcasub_matched_k4_zero,target1,4,zero,18,0.014864453114569187,0.002941926812456999,170,0.01772996038198471,0.005804865088096618,40
antonym,pcasub_matched_k4_zero,target1,4,zero,19,0.009603559970855713,0.0023405505391375175,170,0.014267206192016602,0.005361000734591259,40
antonym,pcasub_matched_k4_zero,target1,4,zero,20,0.008877313695847988,0.0023215939488435916,170,0.015021922998130322,0.0056221934580507164,40
antonym,pcasub_matched_k4_zero,target1,4,zero,21,0.006557513494044542,0.0020041863838327484,170,0.0106705566868186,0.003986036355989844,40
antonym,pcasub_matched_k4_zero,target1,4,zero,22,0.003618638962507248,0.0014712804089329135,170,0.004186905920505524,0.003508893249549734,40
antonym,pcasub_matched_k4_zero,target1,4,zero,23,0.002675161464139819,0.0012381162769055103,170,0.003338324371725321,0.0026900784233762688,40
antonym,pcasub_matched_k4_zero,target1,4,zero,24,-0.0001348332443740219,0.001182455302050502,170,0.0006790183251723647,0.0015155630381491964,40
antonym,pcasub_matched_k4_zero,target1,4,zero,25,-0.0024611889384686947,0.0010870012019980272,170,-0.0013151817256584764,0.0018709144555299785,40
antonym,pcasub_matched_k4_zero,target1,4,zero,26,-0.001526197069324553,0.0005125645513630459,170,-0.0013000167673453689,0.0009725666730138927,40
antonym,pcasub_matched_k4_zero,target1,4,zero,27,0.0,0.0,170,0.0,0.0,40
antonym,pcasub_matched_k4_zero,final_cue,4,zero,0,-2.5101702213287354,0.17440808905345842,170,-2.952796220779419,0.39894096741851465,40
antonym,pcasub_matched_k4_zero,final_cue,4,zero,1,-2.2761330604553223,0.17115554473391795,170,-2.8133394718170166,0.3813731267910553,40
antonym,pcasub_matched_k4_zero,final_cue,4,zero,2,-2.2850475311279297,0.17227943089344613,170,-2.8143374919891357,0.38788307133888106,40
antonym,pcasub_matched_k4_zero,final_cue,4,zero,3,-2.231349468231201,0.16989727571365673,170,-2.7306957244873047,0.3758196001199038,40
antonym,pcasub_matched_k4_zero,final_cue,4,zero,4,-2.230116128921509,0.17019813313747498,170,-2.7466378211975098,0.3781960371127519,40
antonym,pcasub_matched_k4_zero,final_cue,4,zero,5,-2.180816650390625,0.1689205725240619,170,-2.6824252605438232,0.37382153079991765,40
antonym,pcasub_matched_k4_zero,final_cue,4,zero,6,-2.1983487606048584,0.16904544673224609,170,-2.683021068572998,0.3736242608953559,40
antonym,pcasub_matched_k4_zero,final_cue,4,zero,7,-2.280395984649658,0.1692082824071444,170,-2.7277979850769043,0.36937249695004565,40
antonym,pcasub_matched_k4_zero,final_cue,4,zero,8,-2.182743549346924,0.16748842316324955,170,-2.6865503787994385,0.37224363544443473,40
antonym,pcasub_matched_k4_zero,final_cue,4,zero,9,-2.1958441734313965,0.1668645641266965,170,-2.7204782962799072,0.3679564737463281,40
antonym,pcasub_matched_k4_zero,final_cue,4,zero,10,-1.973192811012268,0.16336051594724013,170,-2.5359601974487305,0.3694526413828945,40
antonym,pcasub_matched_k4_zero,final_cue,4,zero,11,-1.887836217880249,0.16291456014270117,170,-2.5129988193511963,0.38186202291034854,40
antonym,pcasub_matched_k4_zero,final_cue,4,zero,12,-1.8156565427780151,0.1606210365761888,170,-2.469212055206299,0.374540870436617,40
antonym,pcasub_matched_k4_zero,final_cue,4,zero,13,-1.65084969997406,0.16047551762045154,170,-2.308720111846924,0.370944963896154,40
antonym,pcasub_matched_k4_zero,final_cue,4,zero,14,-1.673583984375,0.15927256335780596,170,-2.346160888671875,0.36713101624581423,40
antonym,pcasub_matched_k4_zero,final_cue,4,zero,15,-1.7332926988601685,0.16001656056213912,170,-2.3955979347229004,0.3710749818401314,40
antonym,pcasub_matched_k4_zero,final_cue,4,zero,16,-1.4060636758804321,0.15184363598012743,170,-2.0323498249053955,0.3402039570027873,40
antonym,pcasub_matched_k4_zero,final_cue,4,zero,17,-1.2778042554855347,0.14548753146920299,170,-1.8478626012802124,0.32079731809428186,40
antonym,pcasub_matched_k4_zero,final_cue,4,zero,18,-1.2603652477264404,0.14598735744760497,170,-1.820901870727539,0.32465582393823755,40
antonym,pcasub_matched_k4_zero,final_cue,4,zero,19,-1.1904281377792358,0.14486844504479462,170,-1.7320352792739868,0.3176541936718566,40
antonym,pcasub_matched_k4_zero,final_cue,4,zero,20,-1.1709235906600952,0.14433181875244172,170,-1.6596629619598389,0.31746981623955933,40
antonym,pcasub_matched_k4_zero,final_cue,4,zero,21,-1.1296274662017822,0.14367646230432077,170,-1.5989878177642822,0.3129442003504905,40
antonym,pcasub_matched_k4_zero,final_cue,4,zero,22,-1.1164799928665161,0.14464954489159895,170,-1.5644519329071045,0.3108844017225127,40
antonym,pcasub_matched_k4_zero,final_cue,4,zero,23,-1.0714272260665894,0.14296484023332928,170,-1.5056517124176025,0.2996560196609604,40
antonym,pcasub_matched_k4_zero,final_cue,4,zero,24,-1.048980951309204,0.14322966534974865,170,-1.4527287483215332,0.2981237568717821,40
antonym,pcasub_matched_k4_zero,final_cue,4,zero,25,-1.070647120475769,0.148011841004597,170,-1.5263607501983643,0.3147228337609689,40
antonym,pcasub_matched_k4_zero,final_cue,4,zero,26,-1.0488966703414917,0.1500078991762292,170,-1.4972862005233765,0.3216212300060155,40
antonym,pcasub_matched_k4_zero,final_cue,4,zero,27,-1.0573906898498535,0.1612785598999387,170,-1.4861878156661987,0.3481605726489243,40
antonym,pcasub_matched_k4_mean,cue1,4,mean,0,0.018383154645562172,0.008805617408213269,170,0.025366511195898056,0.013426589814057492,40
antonym,pcasub_matched_k4_mean,cue1,4,mean,1,0.020509811118245125,0.009039920549957793,170,0.02826949954032898,0.013590739117585236,40
antonym,pcasub_matched_k4_mean,cue1,4,mean,2,0.03205485641956329,0.00844403432347501,170,0.04165482521057129,0.014872684850696793,40
antonym,pcasub_matched_k4_mean,cue1,4,mean,3,0.029079975560307503,0.008297637645963984,170,0.03841719776391983,0.014486171029652384,40
antonym,pcasub_matched_k4_mean,cue1,4,mean,4,0.009394417516887188,0.008071112856292436,170,0.02202264592051506,0.012426254597651766,40
antonym,pcasub_matched_k4_mean,cue1,4,mean,5,0.0019311429932713509,0.00770350057726076,170,-0.0037075646687299013,0.01162116776877511,40
antonym,pcasub_matched_k4_mean,cue1,4,mean,6,0.005238422192633152,0.006274420956922719,170,-0.0007290586945600808,0.008915779534584748,40
antonym,pcasub_matched_k4_mean,cue1,4,mean,7,-0.0011980357812717557,0.004627530621254656,170,-0.0020085580181330442,0.0069761192162051565,40
antonym,pcasub_matched_k4_mean,cue1,4,mean,8,0.00564191211014986,0.003481261413629313,170,0.005743301007896662,0.006817984986085905,40
antonym,pcasub_matched_k4_mean,cue1,4,mean,9,-0.0016344640171155334,0.0028094339678480917,170,0.0014079741667956114,0.0059047452288993945,40
antonym,pcasub_matched_k4_mean,cue1,4,mean,10,-0.0028843290638178587,0.001779394323229176,170,-0.0025869891978800297,0.003612510133958413,40
antonym,pcasub_matched_k4_mean,cue1,4,mean,11,-0.005186907481402159,0.0013333505179394663,170,-0.0055252425372600555,0.002180625060324549,40
antonym,pcasub_matched_k4_mean,cue1,4,mean,12,-0.0042135827243328094,0.0011312304364694086,170,-0.0024385906290262938,0.0021086420901810935,40
antonym,pcasub_matched_k4_mean,cue1,4,mean,13,-0.0010730569483712316,0.0003901914716593238,170,-0.00034682973637245595,0.0007902810720254811,40
antonym,pcasub_matched_k4_mean,cue1,4,mean,14,-0.00045776471961289644,0.00034009590142676255,170,0.0005846485728397965,0.0006070400804114748,40
antonym,pcasub_matched_k4_mean,cue1,4,mean,15,-0.0002762361546047032,0.0003134543527137631,170,0.0003055073320865631,0.0006611984919898207,40
antonym,pcasub_matched_k4_mean,cue1,4,mean,16,-0.0002733472501859069,0.0002942722426387399,170,0.0007205515867099166,0.0006306765004456,40
antonym,pcasub_matched_k4_mean,cue1,4,mean,17,-2.083655635942705e-05,0.0002625612221056248,170,0.0004855416773352772,0.0005769761992612469,40
antonym,pcasub_matched_k4_mean,cue1,4,mean,18,7.53614804125391e-05,0.00025965196514330947,170,0.0005426116404123604,0.000566026352147873,40
antonym,pcasub_matched_k4_mean,cue1,4,mean,19,-4.9681348173180595e-05,0.0002365506430612692,170,0.000882580119650811,0.0005354606258601564,40
antonym,pcasub_matched_k4_mean,cue1,4,mean,20,-0.00020393903832882643,0.00024051564117318246,170,-5.107968900119886e-05,0.00044996262600501306,40
antonym,pcasub_matched_k4_mean,cue1,4,mean,21,-2.5601771994843148e-05,0.00021653711517896718,170,0.0002767406404018402,0.0004059249421014758,40
antonym,pcasub_matched_k4_mean,cue1,4,mean,22,-0.0005048213643021882,0.00022424780596042617,170,-0.00038101448444649577,0.0004271648969863124,40
antonym,pcasub_matched_k4_mean,cue1,4,mean,23,-0.00024966930504888296,0.0002124525803329762,170,-0.00021863356232643127,0.00042767057075454487,40
antonym,pcasub_matched_k4_mean,cue1,4,mean,24,-0.0002144008903997019,0.00018065954124300138,170,-0.00019298568076919764,0.0003948576959165459,40
antonym,pcasub_matched_k4_mean,cue1,4,mean,25,-0.00014551772619597614,0.00017291402873589981,170,0.00022601484670303762,0.0004536054577164218,40
antonym,pcasub_matched_k4_mean,cue1,4,mean,26,0.0002325100067537278,0.00013828950120421145,170,0.0005165755865164101,0.0003993534655673968,40
antonym,pcasub_matched_k4_mean,cue1,4,mean,27,0.0,0.0,170,0.0,0.0,40
antonym,pcasub_matched_k4_mean,target1,4,mean,0,-0.04047132655978203,0.010621828902680019,170,-0.0548073835670948,0.019109301554744527,40
antonym,pcasub_matched_k4_mean,target1,4,mean,1,-0.0468282476067543,0.009124264698086169,170,-0.05225728824734688,0.018484809470990318,40
antonym,pcasub_matched_k4_mean,target1,4,mean,2,-0.04902749881148338,0.008524721868979599,170,-0.04786724969744682,0.018792395774742218,40
antonym,pcasub_matched_k4_mean,target1,4,mean,3,-0.05164559930562973,0.008168998834234609,170,-0.0514027364552021,0.017926822470315424,40
antonym,pcasub_matched_k4_mean,target1,4,mean,4,-0.05434040725231171,0.008084024395014806,170,-0.0466868057847023,0.01725149795068647,40
antonym,pcasub_matched_k4_mean,target1,4,mean,5,-0.05305924266576767,0.007332147694888672,170,-0.04720037430524826,0.015483582350210112,40
antonym,pcasub_matched_k4_mean,target1,4,mean,6,-0.056700825691223145,0.0073940459372407825,170,-0.04658537358045578,0.01549888862690352,40
antonym,pcasub_matched_k4_mean,target1,4,mean,7,-0.055581625550985336,0.00687528722589125,170,-0.0450022853910923,0.01439786159997734,40
antonym,pcasub_matched_k4_mean,target1,4,mean,8,-0.034685101360082626,0.0055886179633418505,170,-0.03451719880104065,0.012177464281721609,40
antonym,pcasub_matched_k4_mean,target1,4,mean,9,-0.0356750451028347,0.004988927704406098,170,-0.03509064018726349,0.0108494677780242,40
antonym,pcasub_matched_k4_mean,target1,4,mean,10,-0.04022204503417015,0.004922366565131016,170,-0.042271558195352554,0.011476226411178713,40
antonym,pcasub_matched_k4_mean,target1,4,mean,11,-0.019127683714032173,0.003154783771239809,170,-0.015743674710392952,0.0072915842530075865,40
antonym,pcasub_matched_k4_mean,target1,4,mean,12,-0.017239946871995926,0.002916813455352739,170,-0.015197503380477428,0.00744038428137357,40
antonym,pcasub_matched_k4_mean,target1,4,mean,13,-0.005312618799507618,0.001999464629264793,170,-0.000485982745885849,0.003743633374180493,40
antonym,pcasub_matched_k4_mean,target1,4,mean,14,-0.0025774443056434393,0.002047309466010178,170,0.000989418476819992,0.003991518955214897,40
antonym,pcasub_matched_k4_mean,target1,4,mean,15,0.0007026001112535596,0.0014062861401679771,170,0.0032828592229634523,0.0028589337031081977,40
antonym,pcasub_matched_k4_mean,target1,4,mean,16,0.0016866103978827596,0.0010038171351951107,170,0.0045905462466180325,0.00205424416829872,40
antonym,pcasub_matched_k4_mean,target1,4,mean,17,0.0017963942373171449,0.0009207588551795922,170,0.0045888349413871765,0.001837079667607212,40
antonym,pcasub_matched_k4_mean,target1,4,mean,18,0.0004880712367594242,0.0006359957829512182,170,0.002336782170459628,0.0011955745477505379,40
antonym,pcasub_matched_k4_mean,target1,4,mean,19,-1.2276804000066477e-06,0.0005079995124177776,170,0.0017096542287617922,0.001151806230108078,40
antonym,pcasub_matched_k4_mean,target1,4,mean,20,-0.00014147705223876983,0.0004990680790790603,170,0.002123133046552539,0.001086496195213411,40
antonym,pcasub_matched_k4_mean,target1,4,mean,21,0.00032145046861842275,0.00040504384836794654,170,0.0011916898656636477,0.0009521326817143731,40
antonym,pcasub_matched_k4_mean,target1,4,mean,22,8.485264697810635e-05,0.0003280765488872407,170,0.000719586736522615,0.0007500451816367326,40
antonym,pcasub_matched_k4_mean,target1,4,mean,23,-0.0002426494611427188,0.0002828014126359173,170,0.000303673732560128,0.0006825207256218907,40
antonym,pcasub_matched_k4_mean,target1,4,mean,24,-0.0004116638738196343,0.00026031836368563277,170,-0.0002446018042974174,0.0005575833010139708,40
antonym,pcasub_matched_k4_mean,target1,4,mean,25,-0.00029208080377429724,0.00021912131579673267,170,0.00011271312541794032,0.0005321749612206313,40
antonym,pcasub_matched_k4_mean,target1,4,mean,26,-9.182708890875801e-05,0.00014220802570536324,170,-0.0001119248554459773,0.0003697102184063816,40
antonym,pcasub_matched_k4_mean,target1,4,mean,27,0.0,0.0,170,0.0,0.0,40
antonym,pcasub_matched_k4_mean,final_cue,4,mean,0,-0.09284813702106476,0.027838054634918636,170,-0.06568571925163269,0.05311907792918435,40
antonym,pcasub_matched_k4_mean,final_cue,4,mean,1,-0.09785088151693344,0.02749747572937127,170,-0.06282182782888412,0.05223753157729461,40
antonym,pcasub_matched_k4_mean,final_cue,4,mean,2,-0.11507514864206314,0.02762792712799276,170,-0.07818395644426346,0.05198691058684883,40
antonym,pcasub_matched_k4_mean,final_cue,4,mean,3,-0.11745046824216843,0.027644418697257093,170,-0.08210041373968124,0.052134509603201505,40
antonym,pcasub_matched_k4_mean,final_cue,4,mean,4,-0.11358615756034851,0.027624459669839747,170,-0.08052895218133926,0.05230518407155683,40
antonym,pcasub_matched_k4_mean,final_cue,4,mean,5,-0.09977732598781586,0.027435210055313096,170,-0.06745292246341705,0.052230873293921176,40
antonym,pcasub_matched_k4_mean,final_cue,4,mean,6,-0.08967950195074081,0.02751189870955948,170,-0.0632273405790329,0.05237975873020375,40
antonym,pcasub_matched_k4_mean,final_cue,4,mean,7,-0.08704518526792526,0.027497871161316207,170,-0.061779480427503586,0.052395096813983334,40
antonym,pcasub_matched_k4_mean,final_cue,4,mean,8,-0.07457343488931656,0.027009624710272923,170,-0.04625921696424484,0.051035548858836724,40
antonym,pcasub_matched_k4_mean,final_cue,4,mean,9,-0.07546081393957138,0.026996173166943666,170,-0.045053865760564804,0.05039957206089148,40
antonym,pcasub_matched_k4_mean,final_cue,4,mean,10,-0.05210267752408981,0.026503634107850706,170,-0.028914520516991615,0.051012534664925974,40
antonym,pcasub_matched_k4_mean,final_cue,4,mean,11,-0.038620274513959885,0.026186170828078833,170,-0.025139018893241882,0.05061553981996551,40
antonym,pcasub_matched_k4_mean,final_cue,4,mean,12,-0.020209191367030144,0.025591224038182002,170,-0.0026572048664093018,0.048796075535155276,40
antonym,pcasub_matched_k4_mean,final_cue,4,mean,13,-0.001963007031008601,0.025084325999446832,170,0.010399860329926014,0.049165598481979024,40
antonym,pcasub_matched_k4_mean,final_cue,4,mean,14,-0.0027828915044665337,0.02464273366070491,170,0.0015238731866702437,0.04928455227212706,40
antonym,pcasub_matched_k4_mean,final_cue,4,mean,15,0.004156676586717367,0.024321210917729513,170,0.0037908791564404964,0.04877082306480971,40
antonym,pcasub_matched_k4_mean,final_cue,4,mean,16,0.040397658944129944,0.023150238642214455,170,0.04671492427587509,0.04450797140486556,40
antonym,pcasub_matched_k4_mean,final_cue,4,mean,17,0.06041797250509262,0.02222858735084988,170,0.06181101128458977,0.045615508282096345,40
antonym,pcasub_matched_k4_mean,final_cue,4,mean,18,0.06271710991859436,0.022055699018761775,170,0.059193193912506104,0.04441187159515715,40
antonym,pcasub_matched_k4_mean,final_cue,4,mean,19,0.06287464499473572,0.02185862076601886,170,0.06018304079771042,0.04436454736308392,40
antonym,pcasub_matched_k4_mean,final_cue,4,mean,20,0.06475015729665756,0.02176904057322073,170,0.06564489006996155,0.04395939105541801,40
antonym,pcasub_matched_k4_mean,final_cue,4,mean,21,0.06922677904367447,0.021535379151236562,170,0.0714026540517807,0.04349079021318732,40
antonym,pcasub_matched_k4_mean,final_cue,4,mean,22,0.07844038307666779,0.021544295798734854,170,0.08339592069387436,0.042309917975630364,40
antonym,pcasub_matched_k4_mean,final_cue,4,mean,23,0.08081788569688797,0.021332095131265282,170,0.08151912689208984,0.04082966801863611,40
antonym,pcasub_matched_k4_mean,final_cue,4,mean,24,0.0840427577495575,0.02160601289668444,170,0.08582911640405655,0.040627591709940646,40
antonym,pcasub_matched_k4_mean,final_cue,4,mean,25,0.07947981357574463,0.021920573294548384,170,0.07920008152723312,0.042114518798952005,40
antonym,pcasub_matched_k4_mean,final_cue,4,mean,26,0.07761518657207489,0.02207322373969728,170,0.07255414128303528,0.042646017565081275,40
antonym,pcasub_matched_k4_mean,final_cue,4,mean,27,0.07922825217247009,0.022205508296814957,170,0.06923656165599823,0.04084717840859769,40
antonym,pcasub_matched_cf_k0_zero,cue1,0,zero,0,-0.04055836424231529,0.010673883061050262,170,-0.04755430668592453,0.0178714781403642,40
antonym,pcasub_matched_cf_k0_zero,cue1,0,zero,1,-0.0010605489369481802,0.008153153556198202,170,-0.007233218289911747,0.013224528819885001,40
antonym,pcasub_matched_cf_k0_zero,cue1,0,zero,2,0.042444586753845215,0.006725871094049222,170,0.027426373213529587,0.012116845865665839,40
antonym,pcasub_matched_cf_k0_zero,cue1,0,zero,3,0.011464910581707954,0.0059466427320091116,170,0.0013109646970406175,0.011888784345602468,40
antonym,pcasub_matched_cf_k0_zero,cue1,0,zero,4,-0.016314543783664703,0.0042946560671489505,170,-0.01845679059624672,0.008973878711611129,40
antonym,pcasub_matched_cf_k0_zero,cue1,0,zero,5,-0.013031931594014168,0.00205323980231736,170,-0.017189135774970055,0.004853587295450816,40
antonym,pcasub_matched_cf_k0_zero,cue1,0,zero,6,-0.012488218024373055,0.0019031120929761487,170,-0.016049807891249657,0.004984880762485965,40
antonym,pcasub_matched_cf_k0_zero,cue1,0,zero,7,-0.0024522128514945507,0.0010252722468044257,170,-0.002555986400693655,0.002268255055297605,40
antonym,pcasub_matched_cf_k0_zero,cue1,0,zero,8,-0.0014788469998165965,0.0009337004655870821,170,-0.0013902351493015885,0.0021109239541043695,40
antonym,pcasub_matched_cf_k0_zero,cue1,0,zero,9,-0.0008208546787500381,0.0007586446864366202,170,0.0004085950495209545,0.00134454428753699,40
antonym,pcasub_matched_cf_k0_zero,cue1,0,zero,10,-0.0007630658219568431,0.0007162518247745629,170,-0.0007920779171399772,0.0012607277560397396,40
antonym,pcasub_matched_cf_k0_zero,cue1,0,zero,11,-0.0014419496292248368,0.0005743451855689601,170,-0.0015839517582207918,0.0011255151700457606,40
antonym,pcasub_matched_cf_k0_zero,cue1,0,zero,12,3.262793325120583e-05,0.0004765697799986738,170,0.00027808547019958496,0.0009644426130857079,40
antonym,pcasub_matched_cf_k0_zero,cue1,0,zero,13,-0.0004895096062682569,0.0003213694916679821,170,0.00030298158526420593,0.0006885938911391676,40
antonym,pcasub_matched_cf_k0_zero,cue1,0,zero,14,0.0004884356749244034,0.0003243680172490089,170,0.0009825967717915773,0.0007670653596080827,40
antonym,pcasub_matched_cf_k0_zero,cue1,0,zero,15,0.00023077463265508413,0.000316609701061248,170,0.001082793576642871,0.000632588606992047,40
antonym,pcasub_matched_cf_k0_zero,cue1,0,zero,16,0.0004463241493795067,0.0002974199302065834,170,0.0010102808009833097,0.0005942193949734206,40
antonym,pcasub_matched_cf_k0_zero,cue1,0,zero,17,0.00023540135589428246,0.0002782793204856081,170,0.000764843076467514,0.0005600210343850264,40
antonym,pcasub_matched_cf_k0_zero,cue1,0,zero,18,0.0004499486240092665,0.00028736241583247023,170,0.00038203521398827434,0.0005802877071582925,40
antonym,pcasub_matched_cf_k0_zero,cue1,0,zero,19,0.00026737924781627953,0.00027693270185447566,170,0.0001469723938498646,0.0005412566205998399,40
antonym,pcasub_matched_cf_k0_zero,cue1,0,zero,20,-0.00023503601551055908,0.00021966410614167236,170,0.0002391807793173939,0.00047495957206218495,40
antonym,pcasub_matched_cf_k0_zero,cue1,0,zero,21,-6.34961252217181e-05,0.00020951148381331686,170,0.00026009680004790425,0.0005256537722788211,40
antonym,pcasub_matched_cf_k0_zero,cue1,0,zero,22,-0.00030198588501662016,0.00020540982382122783,170,0.00013556778139900416,0.0005628596695714613,40
antonym,pcasub_matched_cf_k0_zero,cue1,0,zero,23,-0.00012818872346542776,0.00019048758937377746,170,8.932724449550733e-05,0.00046209132324989113,40
antonym,pcasub_matched_cf_k0_zero,cue1,0,zero,24,-8.19895212771371e-05,0.0001536947397722674,170,9.026452607940882e-05,0.00029069418243480346,40
antonym,pcasub_matched_cf_k0_zero,cue1,0,zero,25,-0.00023949795286171138,0.0001448917003860478,170,-0.00023351683921646327,0.00034056925814794094,40
antonym,pcasub_matched_cf_k0_zero,cue1,0,zero,26,-2.3804341253708117e-05,0.00014063245869245456,170,3.160834239679389e-05,0.0003878236913376159,40
antonym,pcasub_matched_cf_k0_zero,cue1,0,zero,27,0.0,0.0,170,0.0,0.0,40
antonym,pcasub_matched_cf_k0_zero,target1,0,zero,0,-0.14666034281253815,0.01425235473257133,170,-0.14489927887916565,0.025205720997118673,40
antonym,pcasub_matched_cf_k0_zero,target1,0,zero,1,-0.14834637939929962,0.013791468514943719,170,-0.1466011255979538,0.024788845545256195,40
antonym,pcasub_matched_cf_k0_zero,target1,0,zero,2,-0.08072330057621002,0.006749684440062825,170,-0.08425544947385788,0.015291883397890558,40
antonym,pcasub_matched_cf_k0_zero,target1,0,zero,3,-0.08154419809579849,0.006741857516146901,170,-0.08213149756193161,0.014947645906538774,40
antonym,pcasub_matched_cf_k0_zero,target1,0,zero,4,-0.08359084278345108,0.006478866129657171,170,-0.08373451232910156,0.013771145376271067,40
antonym,pcasub_matched_cf_k0_zero,target1,0,zero,5,-0.0870741456747055,0.006498930300828664,170,-0.08653885126113892,0.013558103869125494,40
antonym,pcasub_matched_cf_k0_zero,target1,0,zero,6,-0.08280017971992493,0.006125475114807113,170,-0.07906822115182877,0.012620453351336934,40
antonym,pcasub_matched_cf_k0_zero,target1,0,zero,7,-0.07825134694576263,0.006018231914179442,170,-0.07167714834213257,0.01251881321843226,40
antonym,pcasub_matched_cf_k0_zero,target1,0,zero,8,-0.0636710375547409,0.00529234515006441,170,-0.06268668919801712,0.011461978014610812,40
antonym,pcasub_matched_cf_k0_zero,target1,0,zero,9,-0.06183028593659401,0.005077942749525696,170,-0.06114032864570618,0.011607038354270321,40
antonym,pcasub_matched_cf_k0_zero,target1,0,zero,10,-0.05464193597435951,0.004759942893747615,170,-0.05402012914419174,0.011025517643943755,40
antonym,pcasub_matched_cf_k0_zero,target1,0,zero,11,-0.015217814594507217,0.0022656944719538744,170,-0.012990367598831654,0.0046299295842729335,40
antonym,pcasub_matched_cf_k0_zero,target1,0,zero,12,-0.006759905721992254,0.002096300455390766,170,-0.005326892249286175,0.0038102963146504766,40
antonym,pcasub_matched_cf_k0_zero,target1,0,zero,13,0.0014310881961137056,0.0015633113369244737,170,0.004381445236504078,0.002336207802563147,40
antonym,pcasub_matched_cf_k0_zero,target1,0,zero,14,0.0023212209343910217,0.0016395188442089534,170,0.005900569260120392,0.002516943028982882,40
antonym,pcasub_matched_cf_k0_zero,target1,0,zero,15,0.004347918089479208,0.001117931751587073,170,0.006421196274459362,0.0017424421003328608,40
antonym,pcasub_matched_cf_k0_zero,target1,0,zero,16,0.002518673427402973,0.0008817160220973048,170,0.004017005208879709,0.0013482324369834522,40
antonym,pcasub_matched_cf_k0_zero,target1,0,zero,17,0.0031907656230032444,0.0008974700850698235,170,0.004610938485711813,0.0016038075283566246,40
antonym,pcasub_matched_cf_k0_zero,target1,0,zero,18,0.0003382453287485987,0.0006720303760838893,170,0.0016321830917149782,0.0012146952450774362,40
antonym,pcasub_matched_cf_k0_zero,target1,0,zero,19,-0.000396043062210083,0.000395236514699604,170,7.100104994606227e-05,0.0009562778371421135,40
antonym,pcasub_matched_cf_k0_zero,target1,0,zero,20,-0.0013128762366250157,0.00036764385072959123,170,-0.001204585307277739,0.0007922454541070831,40
antonym,pcasub_matched_cf_k0_zero,target1,0,zero,21,-0.0010592580074444413,0.0003440352207481763,170,9.391307685291395e-05,0.0007501091639466618,40
antonym,pcasub_matched_cf_k0_zero,target1,0,zero,22,-0.001190569601021707,0.00036915211359688605,170,-0.0005698911845684052,0.0008994705284816912,40
antonym,pcasub_matched_cf_k0_zero,target1,0,zero,23,-0.0008791208383627236,0.000365846585396758,170,0.00034636855707503855,0.0007500352419223017,40
antonym,pcasub_matched_cf_k0_zero,target1,0,zero,24,-0.0010145711712539196,0.00030993239409579486,170,-0.00042056068195961416,0.0006214528872188153,40
antonym,pcasub_matched_cf_k0_zero,target1,0,zero,25,-0.0010876713786274195,0.0002922447789134663,170,-0.00014732703857589513,0.000644032089775065,40
antonym,pcasub_matched_cf_k0_zero,target1,0,zero,26,0.0001350495731458068,0.00023282718272424913,170,0.0009568341192789376,0.0005422425298301132,40
antonym,pcasub_matched_cf_k0_zero,target1,0,zero,27,0.0,0.0,170,0.0,0.0,40
antonym,pcasub_matched_cf_k0_zero,final_cue,0,zero,0,0.04427433758974075,0.01686260671544343,170,0.02726912498474121,0.03461384241866605,40
antonym,pcasub_matched_cf_k0_zero,final_cue,0,zero,1,0.04383363202214241,0.015824416144144454,170,0.026286905631422997,0.03378559531889027,40
antonym,pcasub_matched_cf_k0_zero,final_cue,0,zero,2,0.039877861738204956,0.01575752643063767,170,0.026455575600266457,0.03259872450048802,40
antonym,pcasub_matched_cf_k0_zero,final_cue,0,zero,3,0.056032657623291016,0.015523389576026059,170,0.03512171655893326,0.030181979683169706,40
antonym,pcasub_matched_cf_k0_zero,final_cue,0,zero,4,0.0572366826236248,0.01546251134237585,170,0.03487510234117508,0.029903938628357284,40
antonym,pcasub_matched_cf_k0_zero,final_cue,0,zero,5,0.04407011717557907,0.015181729518398022,170,0.02377205342054367,0.030265469750268538,40
antonym,pcasub_matched_cf_k0_zero,final_cue,0,zero,6,0.049141980707645416,0.015118533550689041,170,0.02866639569401741,0.030331628489520576,40
antonym,pcasub_matched_cf_k0_zero,final_cue,0,zero,7,0.04738074913620949,0.014969304849017446,170,0.025424638763070107,0.030173634446188556,40
antonym,pcasub_matched_cf_k0_zero,final_cue,0,zero,8,0.029733264818787575,0.014678735512968949,170,0.011384685523808002,0.030313649239547914,40
antonym,pcasub_matched_cf_k0_zero,final_cue,0,zero,9,0.02295803651213646,0.014594846797297388,170,0.0009171828860417008,0.030121239928970367,40
antonym,pcasub_matched_cf_k0_zero,final_cue,0,zero,10,0.01630629599094391,0.014392222211523302,170,-0.00439897645264864,0.029913110849579084,40
antonym,pcasub_matched_cf_k0_zero,final_cue,0,zero,11,0.01805245690047741,0.014435564295569081,170,-0.002317978534847498,0.029235066235061724,40
antonym,pcasub_matched_cf_k0_zero,final_cue,0,zero,12,0.0391450896859169,0.013935196598259859,170,0.016304727643728256,0.027193602625205763,40
antonym,pcasub_matched_cf_k0_zero,final_cue,0,zero,13,0.038148436695337296,0.013860321673772482,170,0.01678561419248581,0.026675502888639395,40
antonym,pcasub_matched_cf_k0_zero,final_cue,0,zero,14,0.040878720581531525,0.013264454876026878,170,0.021326810121536255,0.024292369915130535,40
antonym,pcasub_matched_cf_k0_zero,final_cue,0,zero,15,0.0403851717710495,0.013344599559757347,170,0.02145133540034294,0.025087299681154075,40
antonym,pcasub_matched_cf_k0_zero,final_cue,0,zero,16,0.035505007952451706,0.013414005866162267,170,0.017091665416955948,0.02515214372751072,40
antonym,pcasub_matched_cf_k0_zero,final_cue,0,zero,17,0.02993430756032467,0.013552474476037347,170,0.013188679702579975,0.025062895399773286,40
antonym,pcasub_matched_cf_k0_zero,final_cue,0,zero,18,0.029266195371747017,0.013514834154920172,170,0.01364600844681263,0.025160347599664408,40
antonym,pcasub_matched_cf_k0_zero,final_cue,0,zero,19,0.02624388225376606,0.012872493817842282,170,0.009498914703726768,0.02455677397625383,40
antonym,pcasub_matched_cf_k0_zero,final_cue,0,zero,20,0.025863923132419586,0.012781957045454808,170,0.007746778428554535,0.02450101733222251,40
antonym,pcasub_matched_cf_k0_zero,final_cue,0,zero,21,0.025229807943105698,0.012681197328710475,170,0.010333691723644733,0.024247022434561307,40
antonym,pcasub_matched_cf_k0_zero,final_cue,0,zero,22,0.025250745937228203,0.01265330909079029,170,0.011071550659835339,0.024128872067849343,40
antonym,pcasub_matched_cf_k0_zero,final_cue,0,zero,23,0.026353634893894196,0.012643947868070667,170,0.012354200705885887,0.024298059849435866,40
antonym,pcasub_matched_cf_k0_zero,final_cue,0,zero,24,0.025876466184854507,0.012612725887423936,170,0.011780379340052605,0.02431449115454782,40
antonym,pcasub_matched_cf_k0_zero,final_cue,0,zero,25,0.025456450879573822,0.012610827585514853,170,0.011610576882958412,0.02428396106397703,40
antonym,pcasub_matched_cf_k0_zero,final_cue,0,zero,26,0.025536857545375824,0.01269402143811554,170,0.012611160054802895,0.024626285417997166,40
antonym,pcasub_matched_cf_k0_zero,final_cue,0,zero,27,0.02957887016236782,0.012763147742131704,170,0.01356792263686657,0.025013582635793757,40
antonym,pcasub_matched_cf_k0_mean,cue1,0,mean,0,0.003989824093878269,0.001362499338042504,170,0.002450407249853015,0.002582084235987252,40
antonym,pcasub_matched_cf_k0_mean,cue1,0,mean,1,0.0038658673875033855,0.0013515679590704185,170,0.002636697143316269,0.0025691897021523523,40
antonym,pcasub_matched_cf_k0_mean,cue1,0,mean,2,0.0011720063630491495,0.0011919584545523852,170,0.0006424047169275582,0.0021407846233151215,40
antonym,pcasub_matched_cf_k0_mean,cue1,0,mean,3,-0.0007058295886963606,0.001052192905041422,170,-0.00045613868860527873,0.0020407289545182465,40
antonym,pcasub_matched_cf_k0_mean,cue1,0,mean,4,-0.001882817130535841,0.001010125046152029,170,-0.0005034253117628396,0.002031538326417869,40
antonym,pcasub_matched_cf_k0_mean,cue1,0,mean,5,-0.0021798748057335615,0.000876776479957074,170,-0.0018243796657770872,0.0017296761201379338,40
antonym,pcasub_matched_cf_k0_mean,cue1,0,mean,6,-0.0005202059983275831,0.0007940641314641958,170,-5.368665006244555e-05,0.0020162189440269167,40
antonym,pcasub_matched_cf_k0_mean,cue1,0,mean,7,-0.00042208697414025664,0.0006134735908098523,170,0.0003316648362670094,0.0014241375448138245,40
antonym,pcasub_matched_cf_k0_mean,cue1,0,mean,8,0.00032136388472281396,0.0005462850890397573,170,0.0008259795722551644,0.0014706906023022497,40
antonym,pcasub_matched_cf_k0_mean,cue1,0,mean,9,3.22040392575218e-07,0.000460337998664929,170,0.0004595436039380729,0.0011088749100482136,40
antonym,pcasub_matched_cf_k0_mean,cue1,0,mean,10,-0.0003234542382415384,0.00037352236516609836,170,0.0002707578241825104,0.0008042836999506401,40
antonym,pcasub_matched_cf_k0_mean,cue1,0,mean,11,-0.00023745596990920603,0.00029257801389921835,170,0.00014068707241676748,0.0006891044243233441,40
antonym,pcasub_matched_cf_k0_mean,cue1,0,mean,12,-0.00013055959425400943,0.0002889214648473177,170,0.0009409583872184157,0.0006220496382222405,40
antonym,pcasub_matched_cf_k0_mean,cue1,0,mean,13,-9.669153223512694e-05,0.00026427902247481207,170,0.0003877304552588612,0.0004647550194623424,40
antonym,pcasub_matched_cf_k0_mean,cue1,0,mean,14,-0.0004024202353321016,0.0002472755024143513,170,0.00012504533515311778,0.0005170802900033312,40
antonym,pcasub_matched_cf_k0_mean,cue1,0,mean,15,-0.00017359870253130794,0.0002499006855246039,170,0.0003509811940602958,0.0004669309702062939,40
antonym,pcasub_matched_cf_k0_mean,cue1,0,mean,16,-0.00016831107495818287,0.00023847340946477736,170,0.00012829228944610804,0.0005512307558936714,40
antonym,pcasub_matched_cf_k0_mean,cue1,0,mean,17,-0.00038841419154778123,0.0002080970074604194,170,6.008967829984613e-05,0.00041927710775152566,40
antonym,pcasub_matched_cf_k0_mean,cue1,0,mean,18,-0.0004480475909076631,0.00019165445647141327,170,-0.00024358407245017588,0.0003948481243396865,40
antonym,pcasub_matched_cf_k0_mean,cue1,0,mean,19,-0.0004466987738851458,0.00018109354494557454,170,-0.0007486872491426766,0.00039884366865836334,40
antonym,pcasub_matched_cf_k0_mean,cue1,0,mean,20,4.5116685214452446e-05,0.00016675683335048066,170,0.00019361302838660777,0.00040984196267614863,40
antonym,pcasub_matched_cf_k0_mean,cue1,0,mean,21,0.00019159054500050843,0.00018311752649828388,170,0.00018164441280532628,0.00042751054135220745,40
antonym,pcasub_matched_cf_k0_mean,cue1,0,mean,22,0.0001238000695593655,0.00018163179953753307,170,0.00040545687079429626,0.00039861052713432315,40
antonym,pcasub_matched_cf_k0_mean,cue1,0,mean,23,-0.00016283638251479715,0.00015956089696049527,170,0.00044749974040314555,0.00034280793953407856,40
antonym,pcasub_matched_cf_k0_mean,cue1,0,mean,24,-4.425732549862005e-05,0.00013156537241074042,170,-4.719942808151245e-06,0.00033492073931940626,40
antonym,pcasub_matched_cf_k0_mean,cue1,0,mean,25,2.186596429964993e-05,0.00014398655873553028,170,5.493238495546393e-05,0.0003742139030150201,40
antonym,pcasub_matched_cf_k0_mean,cue1,0,mean,26,-0.0001224328443640843,0.00011426456409976792,170,-0.00016564727411605418,0.0003354340703491263,40
antonym,pcasub_matched_cf_k0_mean,cue1,0,mean,27,0.0,0.0,170,0.0,0.0,40
antonym,pcasub_matched_cf_k0_mean,target1,0,mean,0,-0.05053350701928139,0.006781750999343398,170,-0.048269521445035934,0.01283731170882397,40
antonym,pcasub_matched_cf_k0_mean,target1,0,mean,1,-0.05231187865138054,0.006146970155328498,170,-0.05111626908183098,0.01232216414107109,40
antonym,pcasub_matched_cf_k0_mean,target1,0,mean,2,-0.058385707437992096,0.005759803423759557,170,-0.05799050256609917,0.012224850949926971,40
antonym,pcasub_matched_cf_k0_mean,target1,0,mean,3,-0.05876648798584938,0.005838382951280219,170,-0.055898167192935944,0.011858713690720925,40
antonym,pcasub_matched_cf_k0_mean,target1,0,mean,4,-0.06055494025349617,0.005796088876175216,170,-0.057198308408260345,0.010808278779462801,40
antonym,pcasub_matched_cf_k0_mean,target1,0,mean,5,-0.06180580332875252,0.005537126095482907,170,-0.057947516441345215,0.010642037276488625,40
antonym,pcasub_matched_cf_k0_mean,target1,0,mean,6,-0.06241099536418915,0.005613735320480235,170,-0.05422978475689888,0.010990556944072269,40
antonym,pcasub_matched_cf_k0_mean,target1,0,mean,7,-0.06268929690122604,0.005228517176963664,170,-0.05667636916041374,0.00987695963888418,40
antonym,pcasub_matched_cf_k0_mean,target1,0,mean,8,-0.047704022377729416,0.004408135035260926,170,-0.04699244722723961,0.008866093331852676,40
antonym,pcasub_matched_cf_k0_mean,target1,0,mean,9,-0.04452670365571976,0.004051402849049518,170,-0.04445163160562515,0.008737635702158419,40
antonym,pcasub_matched_cf_k0_mean,target1,0,mean,10,-0.036158476024866104,0.0036827679898654335,170,-0.03564821928739548,0.00813179435130731,40
antonym,pcasub_matched_cf_k0_mean,target1,0,mean,11,-0.01442467700690031,0.0022517779246575727,170,-0.012344470247626305,0.004355459758414258,40
antonym,pcasub_matched_cf_k0_mean,target1,0,mean,12,-0.007981144823133945,0.0021821280447461068,170,-0.005846626125276089,0.003959732484740038,40
antonym,pcasub_matched_cf_k0_mean,target1,0,mean,13,0.0003707905125338584,0.0016639826243429695,170,0.00422127777710557,0.0024295934075842913,40
antonym,pcasub_matched_cf_k0_mean,target1,0,mean,14,0.002618810860440135,0.0017622483198103038,170,0.007334575988352299,0.0027929705185341493,40
antonym,pcasub_matched_cf_k0_mean,target1,0,mean,15,0.00508670462295413,0.001054054635209932,170,0.007076618727296591,0.0017894944996232885,40
antonym,pcasub_matched_cf_k0_mean,target1,0,mean,16,0.0027419915422797203,0.0007640210180174755,170,0.004654652439057827,0.0011963664852943801,40
antonym,pcasub_matched_cf_k0_mean,target1,0,mean,17,0.002706902101635933,0.0007532160686954154,170,0.0045450045727193356,0.0012319223899914919,40
antonym,pcasub_matched_cf_k0_mean,target1,0,mean,18,0.0014037768123671412,0.0006168441909936941,170,0.003573243971914053,0.0010505723738273274,40
antonym,pcasub_matched_cf_k0_mean,target1,0,mean,19,0.0006029975484125316,0.0003836763089342988,170,0.0022515482269227505,0.000614219977909996,40
antonym,pcasub_matched_cf_k0_mean,target1,0,mean,20,0.0001883024669950828,0.00036562304777542774,170,0.0013208023738116026,0.0005827688439490296,40
antonym,pcasub_matched_cf_k0_mean,target1,0,mean,21,3.608605402405374e-05,0.00030490463691726957,170,0.0012908249627798796,0.0005009229528720971,40
antonym,pcasub_matched_cf_k0_mean,target1,0,mean,22,-0.0002242896443931386,0.000286933376457963,170,0.0009558536112308502,0.0005237888241552851,40
antonym,pcasub_matched_cf_k0_mean,target1,0,mean,23,-0.000641930615529418,0.00026246932846451875,170,0.00029316620202735066,0.0005134404402062518,40
antonym,pcasub_matched_cf_k0_mean,target1,0,mean,24,-0.0005780193605460227,0.0002720183206431836,170,5.186348971619736e-06,0.00043787685360097356,40
antonym,pcasub_matched_cf_k0_mean,target1,0,mean,25,-0.00042697490425780416,0.00022199848319957123,170,-3.7498771234822925e-06,0.0004742308069256146,40
antonym,pcasub_matched_cf_k0_mean,target1,0,mean,26,0.00023143448925111443,0.00016031233194256728,170,0.000690349203068763,0.00043684739369599006,40
antonym,pcasub_matched_cf_k0_mean,target1,0,mean,27,0.0,0.0,170,0.0,0.0,40
antonym,pcasub_matched_cf_k0_mean,final_cue,0,mean,0,-0.017893919721245766,0.009641958828924978,170,-0.0219508595764637,0.019178493747585845,40
antonym,pcasub_matched_cf_k0_mean,final_cue,0,mean,1,-0.018113940954208374,0.009635941634733938,170,-0.022062242031097412,0.019092753623649917,40
antonym,pcasub_matched_cf_k0_mean,final_cue,0,mean,2,-0.01768043451011181,0.009698710170224981,170,-0.021936919540166855,0.01926020261785866,40
antonym,pcasub_matched_cf_k0_mean,final_cue,0,mean,3,-0.01877908781170845,0.009679986581918841,170,-0.02284974977374077,0.01922314029421891,40
antonym,pcasub_matched_cf_k0_mean,final_cue,0,mean,4,-0.019508201628923416,0.009706824525164465,170,-0.02471254952251911,0.019153257769803488,40
antonym,pcasub_matched_cf_k0_mean,final_cue,0,mean,5,-0.015551404096186161,0.00957698570319756,170,-0.022138651460409164,0.019003991826526997,40
antonym,pcasub_matched_cf_k0_mean,final_cue,0,mean,6,-0.01854579709470272,0.009500326192056945,170,-0.025069156661629677,0.01896675044077246,40
antonym,pcasub_matched_cf_k0_mean,final_cue,0,mean,7,-0.01999407634139061,0.00968307117966274,170,-0.027278076857328415,0.01948259423030059,40
antonym,pcasub_matched_cf_k0_mean,final_cue,0,mean,8,-0.028183752670884132,0.00946720762380147,170,-0.03316361457109451,0.018965726723813595,40
antonym,pcasub_matched_cf_k0_mean,final_cue,0,mean,9,-0.024597112089395523,0.009525148689536966,170,-0.02734401822090149,0.01971284808322984,40
antonym,pcasub_matched_cf_k0_mean,final_cue,0,mean,10,-0.005096890032291412,0.009074557988313912,170,-0.010856319218873978,0.01997293933907533,40
antonym,pcasub_matched_cf_k0_mean,final_cue,0,mean,11,-0.0011203173780813813,0.00947447797154056,170,-0.006871175020933151,0.019874311455035817,40
antonym,pcasub_matched_cf_k0_mean,final_cue,0,mean,12,-0.014522569254040718,0.009123686978871816,170,-0.01941387541592121,0.018962364597000465,40
antonym,pcasub_matched_cf_k0_mean,final_cue,0,mean,13,-0.00011187756899744272,0.009589060091920893,170,-0.006023314781486988,0.020095439030312193,40
antonym,pcasub_matched_cf_k0_mean,final_cue,0,mean,14,-0.006985894870012999,0.008414278069618404,170,-0.01348116435110569,0.01777677077420629,40
antonym,pcasub_matched_cf_k0_mean,final_cue,0,mean,15,-0.017349891364574432,0.008337700844894075,170,-0.024457508698105812,0.016732074096902878,40
antonym,pcasub_matched_cf_k0_mean,final_cue,0,mean,16,-0.02411690540611744,0.007248070977613231,170,-0.03046623431146145,0.013698222330024991,40
antonym,pcasub_matched_cf_k0_mean,final_cue,0,mean,17,-0.015179920010268688,0.005539355828790926,170,-0.016129598021507263,0.011927345136413312,40
antonym,pcasub_matched_cf_k0_mean,final_cue,0,mean,18,-0.01407355722039938,0.005521457390381451,170,-0.015565821900963783,0.011339259207891382,40
antonym,pcasub_matched_cf_k0_mean,final_cue,0,mean,19,-0.010748699307441711,0.005044591036424073,170,-0.011816861107945442,0.010520834607543722,40
antonym,pcasub_matched_cf_k0_mean,final_cue,0,mean,20,-0.00963355042040348,0.004671663283473589,170,-0.01196825411170721,0.010327114138191465,40
antonym,pcasub_matched_cf_k0_mean,final_cue,0,mean,21,-0.01175878755748272,0.004613494501509686,170,-0.008019632659852505,0.009937646970293337,40
antonym,pcasub_matched_cf_k0_mean,final_cue,0,mean,22,-0.010719215497374535,0.00423971245555677,170,-0.005951798055320978,0.009666709498060859,40
antonym,pcasub_matched_cf_k0_mean,final_cue,0,mean,23,-0.009405449964106083,0.004068200420924422,170,-0.0045362054370343685,0.00856266374304826,40
antonym,pcasub_matched_cf_k0_mean,final_cue,0,mean,24,-0.008188051171600819,0.0036968272526649846,170,-0.0034865872003138065,0.006668289058125883,40
antonym,pcasub_matched_cf_k0_mean,final_cue,0,mean,25,-0.008885126560926437,0.003549017420240906,170,-0.006204483099281788,0.006122538950328136,40
antonym,pcasub_matched_cf_k0_mean,final_cue,0,mean,26,-0.008313602767884731,0.0035951658139421654,170,-0.002595109399408102,0.007032113824362703,40
antonym,pcasub_matched_cf_k0_mean,final_cue,0,mean,27,-0.015295039862394333,0.003815267405958975,170,-0.007428530603647232,0.008180185298807765,40
antonym,pcasub_matched_cf_k2_zero,cue1,2,zero,0,-0.3720989227294922,0.03998273195789725,170,-0.34131860733032227,0.06251752057221152,40
antonym,pcasub_matched_cf_k2_zero,cue1,2,zero,1,-0.13294051587581635,0.020762149697517208,170,-0.11062721908092499,0.03852621768620645,40
antonym,pcasub_matched_cf_k2_zero,cue1,2,zero,2,0.048677608370780945,0.01489665965783809,170,0.013115857727825642,0.03004081983470791,40
antonym,pcasub_matched_cf_k2_zero,cue1,2,zero,3,-0.006457309238612652,0.014671927454888031,170,-0.02915925346314907,0.027888528556202496,40
antonym,pcasub_matched_cf_k2_zero,cue1,2,zero,4,-0.07509072124958038,0.009739615662055128,170,-0.06626371294260025,0.014106739586463801,40
antonym,pcasub_matched_cf_k2_zero,cue1,2,zero,5,-0.08646825700998306,0.00828169065277411,170,-0.07595361769199371,0.01273371602913941,40
antonym,pcasub_matched_cf_k2_zero,cue1,2,zero,6,-0.0985247865319252,0.0073095509306825455,170,-0.08099143207073212,0.011414326287353957,40
antonym,pcasub_matched_cf_k2_zero,cue1,2,zero,7,-0.04457267373800278,0.0041560363131272855,170,-0.03363976627588272,0.007194148545679666,40
antonym,pcasub_matched_cf_k2_zero,cue1,2,zero,8,-0.026805927976965904,0.0026974395838299738,170,-0.01816328428685665,0.00513973297252765,40
antonym,pcasub_matched_cf_k2_zero,cue1,2,zero,9,-0.019784357398748398,0.002140794834981297,170,-0.01801915466785431,0.0043288928896833626,40
antonym,pcasub_matched_cf_k2_zero,cue1,2,zero,10,-0.006049812771379948,0.0013608866099982814,170,-0.004802451469004154,0.0025767795208367548,40
antonym,pcasub_matched_cf_k2_zero,cue1,2,zero,11,-0.0031935004517436028,0.0009103936238945697,170,-0.0035573081113398075,0.0017142508613814135,40
antonym,pcasub_matched_cf_k2_zero,cue1,2,zero,12,-0.001272968715056777,0.0007319799589544494,170,-0.0011324957013130188,0.001431196214610046,40
antonym,pcasub_matched_cf_k2_zero,cue1,2,zero,13,-0.0008693638956174254,0.0005033669371820576,170,0.00022301077842712402,0.0011461609140764155,40
antonym,pcasub_matched_cf_k2_zero,cue1,2,zero,14,0.0011437631910666823,0.0004682320660108105,170,0.0017442203825339675,0.0008651162248180034,40
antonym,pcasub_matched_cf_k2_zero,cue1,2,zero,15,0.0005998567794449627,0.0004456984094859253,170,0.0011491335462778807,0.0008124436901058048,40
antonym,pcasub_matched_cf_k2_zero,cue1,2,zero,16,-0.00015958337462507188,0.00040830973337272765,170,0.0008727937820367515,0.0007229084359451319,40
antonym,pcasub_matched_cf_k2_zero,cue1,2,zero,17,0.00035691593075171113,0.0003737989389541766,170,0.0005992941441945732,0.0007352566536239041,40
antonym,pcasub_matched_cf_k2_zero,cue1,2,zero,18,-0.00015660734788980335,0.0003399638288714535,170,0.00026237964630126953,0.0006282823545630118,40
antonym,pcasub_matched_cf_k2_zero,cue1,2,zero,19,-0.00037689594319090247,0.00036289320305800014,170,-0.0004913002485409379,0.0007318005044750105,40
antonym,pcasub_matched_cf_k2_zero,cue1,2,zero,20,-0.0007085531833581626,0.00031018125336172063,170,-0.0006438307464122772,0.0006372833918140588,40
antonym,pcasub_matched_cf_k2_zero,cue1,2,zero,21,-0.0005788401467725635,0.00030094728172770245,170,-0.0006827570614404976,0.0006631714884905962,40
antonym,pcasub_matched_cf_k2_zero,cue1,2,zero,22,-0.00035060240770690143,0.0003073076217033319,170,-0.0007324941689148545,0.0004918951888333581,40
antonym,pcasub_matched_cf_k2_zero,cue1,2,zero,23,-0.0005885455757379532,0.0002924267626088631,170,-0.00037780925049446523,0.0005786702579240858,40
antonym,pcasub_matched_cf_k2_zero,cue1,2,zero,24,-0.0005879154778085649,0.00024351822036021995,170,-0.0011135392123833299,0.0004900490157259695,40
antonym,pcasub_matched_cf_k2_zero,cue1,2,zero,25,-0.0005866133142262697,0.00025932981953787743,170,-0.0006379626574926078,0.0005192532956467106,40
antonym,pcasub_matched_cf_k2_zero,cue1,2,zero,26,-0.0008120422717183828,0.0002506273167236413,170,-0.0010429613757878542,0.000501106911216583,40
antonym,pcasub_matched_cf_k2_zero,cue1,2,zero,27,0.0,0.0,170,0.0,0.0,40
antonym,pcasub_matched_cf_k2_zero,target1,2,zero,0,-0.1685812622308731,0.019862855168311253,170,-0.12984731793403625,0.03203121540064336,40
antonym,pcasub_matched_cf_k2_zero,target1,2,zero,1,-0.16632165014743805,0.018391690617509605,170,-0.13399288058280945,0.030990082295032213,40
antonym,pcasub_matched_cf_k2_zero,target1,2,zero,2,-0.08646859228610992,0.011237027293918777,170,-0.0610404834151268,0.02320473249344543,40
antonym,pcasub_matched_cf_k2_zero,target1,2,zero,3,-0.06292859464883804,0.010488555765699995,170,-0.039199091494083405,0.02200320685459633,40
antonym,pcasub_matched_cf_k2_zero,target1,2,zero,4,-0.06231850013136864,0.010707213631114368,170,-0.03976674750447273,0.020832390368432808,40
antonym,pcasub_matched_cf_k2_zero,target1,2,zero,5,-0.06390751153230667,0.010761662095625204,170,-0.04051671922206879,0.02136347210832107,40
antonym,pcasub_matched_cf_k2_zero,target1,2,zero,6,-0.03367328271269798,0.009911875417352146,170,0.0005092285573482513,0.01825014621348449,40
antonym,pcasub_matched_cf_k2_zero,target1,2,zero,7,-0.028805922716856003,0.008169286836691617,170,-0.013732945546507835,0.01409280690467723,40
antonym,pcasub_matched_cf_k2_zero,target1,2,zero,8,-0.06560438871383667,0.007208838071480821,170,-0.06399355083703995,0.014842502281993509,40
antonym,pcasub_matched_cf_k2_zero,target1,2,zero,9,-0.054155539721250534,0.005261228884605271,170,-0.04933767393231392,0.01149444480331783,40
antonym,pcasub_matched_cf_k2_zero,target1,2,zero,10,-0.04393588751554489,0.004937100976547539,170,-0.03745322674512863,0.01146558635183177,40
antonym,pcasub_matched_cf_k2_zero,target1,2,zero,11,-0.014937524683773518,0.003511979389976282,170,-0.013111388310790062,0.006635831693740696,40
antonym,pcasub_matched_cf_k2_zero,target1,2,zero,12,-0.01369929127395153,0.0030725547840134405,170,-0.013309374451637268,0.005403452592277983,40
antonym,pcasub_matched_cf_k2_zero,target1,2,zero,13,-0.004976547323167324,0.002433647904798501,170,-0.0027003108989447355,0.004582555580000031,40
antonym,pcasub_matched_cf_k2_zero,target1,2,zero,14,0.00016827530635055155,0.0024540763647921014,170,0.002800077898427844,0.004212969608024035,40
antonym,pcasub_matched_cf_k2_zero,target1,2,zero,15,0.002594090299680829,0.0017745229959566142,170,0.0030662647914141417,0.003735744038767906,40
antonym,pcasub_matched_cf_k2_zero,target1,2,zero,16,0.0014821236254647374,0.001431799072109662,170,0.001736892038024962,0.0023042447733089893,40
antonym,pcasub_matched_cf_k2_zero,target1,2,zero,17,0.002871572272852063,0.001319714115890283,170,0.004625825677067041,0.0023838172676267904,40
antonym,pcasub_matched_cf_k2_zero,target1,2,zero,18,-0.0006356762023642659,0.0009706126376351274,170,0.00012661218352150172,0.0015369091270959006,40
antonym,pcasub_matched_cf_k2_zero,target1,2,zero,19,-0.0016322829760611057,0.0007739758886587714,170,-0.001623496413230896,0.001363915244785004,40
antonym,pcasub_matched_cf_k2_zero,target1,2,zero,20,-0.0014348796103149652,0.0006430261286428017,170,-0.00010231658961856738,0.0010653126758182875,40
antonym,pcasub_matched_cf_k2_zero,target1,2,zero,21,-0.0008834574255160987,0.0004903388974657934,170,0.0005228273803368211,0.001063187491245448,40
antonym,pcasub_matched_cf_k2_zero,target1,2,zero,22,-0.0010514706373214722,0.0004197331522567907,170,-0.0002961166319437325,0.0008948114530041164,40
antonym,pcasub_matched_cf_k2_zero,target1,2,zero,23,-0.000968441367149353,0.0003840281333643554,170,-0.00016325488104484975,0.0007001036386850582,40
antonym,pcasub_matched_cf_k2_zero,target1,2,zero,24,-0.0004720544093288481,0.00032956477586931966,170,0.0003580838383641094,0.0006322217210882755,40
antonym,pcasub_matched_cf_k2_zero,target1,2,zero,25,-0.0007395195425488055,0.00033567943517756924,170,-5.421265814220533e-05,0.000733776151566301,40
antonym,pcasub_matched_cf_k2_zero,target1,2,zero,26,0.0004173986962996423,0.00025614386378641746,170,0.0013241469860076904,0.0005724732509277514,40
antonym,pcasub_matched_cf_k2_zero,target1,2,zero,27,0.0,0.0,170,0.0,0.0,40
antonym,pcasub_matched_cf_k2_zero,final_cue,2,zero,0,-0.8354752659797668,0.1278526290222917,170,-0.7982779741287231,0.2279755513996291,40
antonym,pcasub_matched_cf_k2_zero,final_cue,2,zero,1,-0.8160183429718018,0.12187896434546719,170,-0.8173975944519043,0.21098144463658358,40
antonym,pcasub_matched_cf_k2_zero,final_cue,2,zero,2,-0.7807462811470032,0.12181664609953195,170,-0.7928895354270935,0.21375530528103545,40
antonym,pcasub_matched_cf_k2_zero,final_cue,2,zero,3,-0.764679491519928,0.1208191244466163,170,-0.7722136378288269,0.2098727108704803,40
antonym,pcasub_matched_cf_k2_zero,final_cue,2,zero,4,-0.7501486539840698,0.1206265559466327,170,-0.755083441734314,0.20877195008064584,40
antonym,pcasub_matched_cf_k2_zero,final_cue,2,zero,5,-0.8212587237358093,0.12088137869200553,170,-0.8154860734939575,0.2074219536756747,40
antonym,pcasub_matched_cf_k2_zero,final_cue,2,zero,6,-0.8023279309272766,0.12049963372097644,170,-0.8035548329353333,0.20724811263518425,40
antonym,pcasub_matched_cf_k2_zero,final_cue,2,zero,7,-0.8168961405754089,0.1200848370394051,170,-0.8134424090385437,0.20557086607896133,40
antonym,pcasub_matched_cf_k2_zero,final_cue,2,zero,8,-0.8156037926673889,0.12030102174086328,170,-0.8162069320678711,0.20580362797953777,40
antonym,pcasub_matched_cf_k2_zero,final_cue,2,zero,9,-0.8139055967330933,0.12034627926982153,170,-0.8138092160224915,0.20729321743946633,40
antonym,pcasub_matched_cf_k2_zero,final_cue,2,zero,10,-0.7878931164741516,0.11977525725546036,170,-0.796289324760437,0.20661198976025064,40
antonym,pcasub_matched_cf_k2_zero,final_cue,2,zero,11,-0.8241500854492188,0.1202250713786297,170,-0.8168322443962097,0.2060548050049716,40
antonym,pcasub_matched_cf_k2_zero,final_cue,2,zero,12,-0.7837621569633484,0.11937989845400322,170,-0.7738818526268005,0.20301719528976367,40
antonym,pcasub_matched_cf_k2_zero,final_cue,2,zero,13,-0.7352979183197021,0.11859245402187016,170,-0.7212820053100586,0.20052446216552383,40
antonym,pcasub_matched_cf_k2_zero,final_cue,2,zero,14,-0.7354018092155457,0.1184842290985815,170,-0.7235346436500549,0.20011192190170352,40
antonym,pcasub_matched_cf_k2_zero,final_cue,2,zero,15,-0.739974856376648,0.11849277774294027,170,-0.7250943183898926,0.20010517408727266,40
antonym,pcasub_matched_cf_k2_zero,final_cue,2,zero,16,-0.7523851990699768,0.11846380378147185,170,-0.7330734133720398,0.2004854077758571,40
antonym,pcasub_matched_cf_k2_zero,final_cue,2,zero,17,-0.7332828044891357,0.1191919928509426,170,-0.7269565463066101,0.20208822103826057,40
antonym,pcasub_matched_cf_k2_zero,final_cue,2,zero,18,-0.7408795356750488,0.11975748338954222,170,-0.7465649247169495,0.20455143718652644,40
antonym,pcasub_matched_cf_k2_zero,final_cue,2,zero,19,-0.735388994216919,0.11922816230236863,170,-0.741062343120575,0.20053509280054893,40
antonym,pcasub_matched_cf_k2_zero,final_cue,2,zero,20,-0.7240145206451416,0.11978343103947828,170,-0.7486802339553833,0.2032142013133142,40
antonym,pcasub_matched_cf_k2_zero,final_cue,2,zero,21,-0.6989262700080872,0.12151359437127936,170,-0.7127798795700073,0.20477863873722274,40
antonym,pcasub_matched_cf_k2_zero,final_cue,2,zero,22,-0.6946146488189697,0.11862247942088004,170,-0.7232390642166138,0.19812791366988886,40
antonym,pcasub_matched_cf_k2_zero,final_cue,2,zero,23,-0.6878165006637573,0.1167440908245393,170,-0.7206125855445862,0.19104110638280136,40
antonym,pcasub_matched_cf_k2_zero,final_cue,2,zero,24,-0.679688572883606,0.11557896088458068,170,-0.717927098274231,0.186680529217633,40
antonym,pcasub_matched_cf_k2_zero,final_cue,2,zero,25,-0.6556856036186218,0.11570154021604398,170,-0.7116223573684692,0.18769690462979471,40
antonym,pcasub_matched_cf_k2_zero,final_cue,2,zero,26,-0.6269568204879761,0.12198708869646928,170,-0.7463030815124512,0.21514569432937328,40
antonym,pcasub_matched_cf_k2_zero,final_cue,2,zero,27,-0.6468597650527954,0.12765767421623575,170,-0.832741916179657,0.2435087751870426,40
antonym,pcasub_matched_cf_k2_mean,cue1,2,mean,0,-0.0033936495892703533,0.004220276004026194,170,0.0008029788732528687,0.006885083801440562,40
antonym,pcasub_matched_cf_k2_mean,cue1,2,mean,1,-0.009387554600834846,0.004187553724865827,170,-0.0036834932398051023,0.006043061288248756,40
antonym,pcasub_matched_cf_k2_mean,cue1,2,mean,2,-0.0019822921603918076,0.0032862206068396903,170,0.0026428275741636753,0.005263670461863821,40
antonym,pcasub_matched_cf_k2_mean,cue1,2,mean,3,-0.0040743714198470116,0.003388969197694367,170,0.0006299011292867362,0.005329239002961206,40
antonym,pcasub_matched_cf_k2_mean,cue1,2,mean,4,-0.006396682001650333,0.0034282978189290564,170,-0.001803452498279512,0.005094007930065075,40
antonym,pcasub_matched_cf_k2_mean,cue1,2,mean,5,-0.0009626805549487472,0.0031985818591758496,170,-0.0013399027520790696,0.005581191767885703,40
antonym,pcasub_matched_cf_k2_mean,cue1,2,mean,6,0.004807325080037117,0.002964415861458471,170,0.007730615790933371,0.005097394206702895,40
antonym,pcasub_matched_cf_k2_mean,cue1,2,mean,7,0.002537161810323596,0.002169700510152873,170,0.0110611068084836,0.004080337003758745,40
antonym,pcasub_matched_cf_k2_mean,cue1,2,mean,8,0.006877708248794079,0.0015659302164095202,170,0.011219741776585579,0.0031294700526427535,40
antonym,pcasub_matched_cf_k2_mean,cue1,2,mean,9,0.005254439543932676,0.0012499258062264166,170,0.007761021610349417,0.0025657180175979407,40
antonym,pcasub_matched_cf_k2_mean,cue1,2,mean,10,0.0019602987449616194,0.0009513894022092556,170,0.0030172995757311583,0.001537978198603579,40
antonym,pcasub_matched_cf_k2_mean,cue1,2,mean,11,0.00035320152528584003,0.0007236246019589271,170,0.0010708101326599717,0.0012130444425792503,40
antonym,pcasub_matched_cf_k2_mean,cue1,2,mean,12,-0.0006402303115464747,0.0005688047097306141,170,0.0014370143180713058,0.0011202919605535968,40
antonym,pcasub_matched_cf_k2_mean,cue1,2,mean,13,-0.00043400999857112765,0.0003009894249443776,170,0.00029710755916312337,0.0007426484879223463,40
antonym,pcasub_matched_cf_k2_mean,cue1,2,mean,14,-0.00040213658940047026,0.0002970993203285387,170,8.70965450303629e-05,0.0005834064214091358,40
antonym,pcasub_matched_cf_k2_mean,cue1,2,mean,15,-0.0001787169894669205,0.0002647914197033191,170,0.0004686973989009857,0.0005045072875233921,40
antonym,pcasub_matched_cf_k2_mean,cue1,2,mean,16,-0.0003573740250431001,0.0002268311137134316,170,-0.00014941841072868556,0.0002812960351853637,40
antonym,pcasub_matched_cf_k2_mean,cue1,2,mean,17,-0.0002708591055124998,0.00021944812215621225,170,0.00017172917432617396,0.00042905362679696816,40
antonym,pcasub_matched_cf_k2_mean,cue1,2,mean,18,-0.000338785961503163,0.0001954053456138626,170,-2.1786243451060727e-05,0.00044555259559456785,40
antonym,pcasub_matched_cf_k2_mean,cue1,2,mean,19,-0.0001855071895988658,0.00020600866821580448,170,6.1629711126443e-05,0.00037558304345724017,40
antonym,pcasub_matched_cf_k2_mean,cue1,2,mean,20,-0.0003306506259832531,0.00021766576766487215,170,0.0002116359828505665,0.0005676449794223085,40
antonym,pcasub_matched_cf_k2_mean,cue1,2,mean,21,3.148352334392257e-06,0.00019525241573775838,170,0.0005976803367957473,0.0004376856429463289,40
antonym,pcasub_matched_cf_k2_mean,cue1,2,mean,22,-0.00024363485863432288,0.00018380351449344304,170,0.00033772215829230845,0.0005122146157206224,40
antonym,pcasub_matched_cf_k2_mean,cue1,2,mean,23,-0.00013282246072776616,0.0001846292001089622,170,0.00018615946464706212,0.0004526501039045841,40
antonym,pcasub_matched_cf_k2_mean,cue1,2,mean,24,-8.727189560886472e-05,0.0001635496988469119,170,4.209950566291809e-05,0.00048358577163791575,40
antonym,pcasub_matched_cf_k2_mean,cue1,2,mean,25,-1.4135241144686006e-05,0.00016497033596665384,170,0.00042685045627877116,0.0005466382396890264,40
antonym,pcasub_matched_cf_k2_mean,cue1,2,mean,26,-0.00014097357052378356,0.00013456031760407936,170,-0.00020111128105781972,0.00036306481984794243,40
antonym,pcasub_matched_cf_k2_mean,cue1,2,mean,27,0.0,0.0,170,0.0,0.0,40
antonym,pcasub_matched_cf_k2_mean,target1,2,mean,0,-0.03391775116324425,0.007496589669204909,170,-0.03031567670404911,0.01425872680266893,40
antonym,pcasub_matched_cf_k2_mean,target1,2,mean,1,-0.037657514214515686,0.006567925175152145,170,-0.03356591612100601,0.01294012045763566,40
antonym,pcasub_matched_cf_k2_mean,target1,2,mean,2,-0.04266728088259697,0.006208254106725683,170,-0.03951606899499893,0.012814068975108823,40
antonym,pcasub_matched_cf_k2_mean,target1,2,mean,3,-0.04488607496023178,0.006273575235421984,170,-0.040867920964956284,0.012451139519445925,40
antonym,pcasub_matched_cf_k2_mean,target1,2,mean,4,-0.045981962233781815,0.006238239505394312,170,-0.03768913075327873,0.011871871222036916,40
antonym,pcasub_matched_cf_k2_mean,target1,2,mean,5,-0.04513442888855934,0.005913613307371282,170,-0.03642755001783371,0.011638031414651051,40
antonym,pcasub_matched_cf_k2_mean,target1,2,mean,6,-0.04660733416676521,0.005831242318933473,170,-0.03621337562799454,0.011122465642616932,40
antonym,pcasub_matched_cf_k2_mean,target1,2,mean,7,-0.045682813972234726,0.0054723483999941725,170,-0.04011647775769234,0.009264016472513468,40
antonym,pcasub_matched_cf_k2_mean,target1,2,mean,8,-0.04352216050028801,0.004775626741835402,170,-0.04492918401956558,0.009490606620331007,40
antonym,pcasub_matched_cf_k2_mean,target1,2,mean,9,-0.039713937789201736,0.0040257054869629934,170,-0.03980991244316101,0.008138799567528148,40
antonym,pcasub_matched_cf_k2_mean,target1,2,mean,10,-0.028940066695213318,0.00363262784782405,170,-0.0274246484041214,0.007910156684611843,40
antonym,pcasub_matched_cf_k2_mean,target1,2,mean,11,-0.013158374466001987,0.0025121894319949756,170,-0.012415546923875809,0.004499102915678465,40
antonym,pcasub_matched_cf_k2_mean,target1,2,mean,12,-0.010583107359707355,0.00237501269028394,170,-0.010693670250475407,0.004185394631367303,40
antonym,pcasub_matched_cf_k2_mean,target1,2,mean,13,-0.00249341013841331,0.0017906327048203628,170,-0.0018129132222384214,0.0030428572954073066,40
antonym,pcasub_matched_cf_k2_mean,target1,2,mean,14,0.0011675076093524694,0.0019238576985325245,170,0.00416342681273818,0.003065756335885688,40
antonym,pcasub_matched_cf_k2_mean,target1,2,mean,15,0.0036498140543699265,0.0010871670605558572,170,0.00509893661364913,0.002091132436494657,40
antonym,pcasub_matched_cf_k2_mean,target1,2,mean,16,0.0019436420407146215,0.0008583461084381412,170,0.002549742814153433,0.001396354349546644,40
antonym,pcasub_matched_cf_k2_mean,target1,2,mean,17,0.0027790716849267483,0.0008629222903356154,170,0.0038235760293900967,0.0013799709023189857,40
antonym,pcasub_matched_cf_k2_mean,target1,2,mean,18,0.0004669594345614314,0.0006481781725959282,170,0.0021265901159495115,0.0009932568880631864,40
antonym,pcasub_matched_cf_k2_mean,target1,2,mean,19,-0.00036534262471832335,0.00044666045340760186,170,0.0011794052552431822,0.0007106048365400272,40
antonym,pcasub_matched_cf_k2_mean,target1,2,mean,20,0.0001039187700371258,0.00041839110509322985,170,0.0013933919835835695,0.0006636790029466862,40
antonym,pcasub_matched_cf_k2_mean,target1,2,mean,21,5.997086191200651e-05,0.00033586236530961164,170,0.0016405440401285887,0.0005854288955995229,40
antonym,pcasub_matched_cf_k2_mean,target1,2,mean,22,-0.00034864721237681806,0.0003202831609717043,170,0.001058290945366025,0.0006029835356971979,40
antonym,pcasub_matched_cf_k2_mean,target1,2,mean,23,-0.0004298443382140249,0.00028225894372229125,170,-0.0001601390540599823,0.0005310642165398573,40
antonym,pcasub_matched_cf_k2_mean,target1,2,mean,24,-0.0006097265868447721,0.00030272261830202845,170,-7.443949289154261e-05,0.0006280052942266899,40
antonym,pcasub_matched_cf_k2_mean,target1,2,mean,25,-0.0006325407885015011,0.00022302640268324547,170,-0.0004315800906624645,0.0004729375028231266,40
antonym,pcasub_matched_cf_k2_mean,target1,2,mean,26,0.00013328036584425718,0.00015044067629690956,170,0.0005010165041312575,0.0003950937825411582,40
antonym,pcasub_matched_cf_k2_mean,target1,2,mean,27,0.0,0.0,170,0.0,0.0,40
antonym,pcasub_matched_cf_k2_mean,final_cue,2,mean,0,0.013458196073770523,0.02470957765953598,170,0.005209590308368206,0.046452642517358554,40
antonym,pcasub_matched_cf_k2_mean,final_cue,2,mean,1,0.016888074576854706,0.0246254352274142,170,0.009523150511085987,0.04640937074367255,40
antonym,pcasub_matched_cf_k2_mean,final_cue,2,mean,2,0.013599101454019547,0.02465145144936384,170,0.00637007225304842,0.046129751114953474,40
antonym,pcasub_matched_cf_k2_mean,final_cue,2,mean,3,0.012597343884408474,0.02465480690656135,170,0.005264782812446356,0.04624236704867031,40
antonym,pcasub_matched_cf_k2_mean,final_cue,2,mean,4,0.009988067671656609,0.02470577419851646,170,0.002189089311286807,0.04596226206737695,40
antonym,pcasub_matched_cf_k2_mean,final_cue,2,mean,5,0.016792334616184235,0.024730524123948782,170,0.008120846934616566,0.0459778027740759,40
antonym,pcasub_matched_cf_k2_mean,final_cue,2,mean,6,0.013081395998597145,0.02477053817960248,170,0.005434654653072357,0.04603590371816262,40
antonym,pcasub_matched_cf_k2_mean,final_cue,2,mean,7,0.010992400348186493,0.024581334279751545,170,0.001667396747507155,0.04582446905788919,40
antonym,pcasub_matched_cf_k2_mean,final_cue,2,mean,8,0.005585203412920237,0.024386912049667697,170,-0.006480784621089697,0.044727049190143746,40
antonym,pcasub_matched_cf_k2_mean,final_cue,2,mean,9,0.020054319873452187,0.024281843724737188,170,0.01082366518676281,0.04581486567394363,40
antonym,pcasub_matched_cf_k2_mean,final_cue,2,mean,10,0.046430084854364395,0.023716993191597594,170,0.027625907212495804,0.044406749476242124,40
antonym,pcasub_matched_cf_k2_mean,final_cue,2,mean,11,0.05736840143799782,0.02379567500570517,170,0.03836442902684212,0.044503843551903684,40
antonym,pcasub_matched_cf_k2_mean,final_cue,2,mean,12,0.050969287753105164,0.023984725761392458,170,0.03177056089043617,0.04543241726972898,40
antonym,pcasub_matched_cf_k2_mean,final_cue,2,mean,13,0.06681575626134872,0.023763361587175732,170,0.04725527763366699,0.04607814352860815,40
antonym,pcasub_matched_cf_k2_mean,final_cue,2,mean,14,0.0549173541367054,0.023304409100330884,170,0.032077204436063766,0.04460752994068586,40
antonym,pcasub_matched_cf_k2_mean,final_cue,2,mean,15,0.04726814478635788,0.023206348835187546,170,0.02640555426478386,0.044182384646416877,40
antonym,pcasub_matched_cf_k2_mean,final_cue,2,mean,16,0.044032786041498184,0.02247913805977711,170,0.022219769656658173,0.040395522497018735,40
antonym,pcasub_matched_cf_k2_mean,final_cue,2,mean,17,0.0586092434823513,0.022812942050383454,170,0.03791109845042229,0.03923478767913369,40
antonym,pcasub_matched_cf_k2_mean,final_cue,2,mean,18,0.06335443258285522,0.02315443524944513,170,0.03792837634682655,0.04005794800120131,40
antonym,pcasub_matched_cf_k2_mean,final_cue,2,mean,19,0.06812825798988342,0.022918913240159343,170,0.042528294026851654,0.03870677826816226,40
antonym,pcasub_matched_cf_k2_mean,final_cue,2,mean,20,0.07432922720909119,0.022420175271039372,170,0.044504109770059586,0.037343941224696704,40
antonym,pcasub_matched_cf_k2_mean,final_cue,2,mean,21,0.07699055224657059,0.022492331315188574,170,0.05534902960062027,0.03682845909351883,40
antonym,pcasub_matched_cf_k2_mean,final_cue,2,mean,22,0.07934526354074478,0.022322012147875676,170,0.05630483478307724,0.03639781706354205,40
antonym,pcasub_matched_cf_k2_mean,final_cue,2,mean,23,0.07814531028270721,0.021964134809037597,170,0.051650870591402054,0.035276138991404186,40
antonym,pcasub_matched_cf_k2_mean,final_cue,2,mean,24,0.08301810175180435,0.021341558069138372,170,0.059083491563797,0.03280447393861703,40
antonym,pcasub_matched_cf_k2_mean,final_cue,2,mean,25,0.09169206023216248,0.021596963676626574,170,0.060617249459028244,0.03388011419861157,40
antonym,pcasub_matched_cf_k2_mean,final_cue,2,mean,26,0.09892123937606812,0.021869388857883625,170,0.055580444633960724,0.034323222250290004,40
antonym,pcasub_matched_cf_k2_mean,final_cue,2,mean,27,0.09805139899253845,0.020794947691609226,170,0.05775238201022148,0.03503081211374684,40
antonym,pcasub_matched_cf_k3_zero,cue1,3,zero,0,-0.4332410991191864,0.04273209484183823,170,-0.36268502473831177,0.06518459893815978,40
antonym,pcasub_matched_cf_k3_zero,cue1,3,zero,1,0.044282007962465286,0.020197891169428127,170,0.033859092742204666,0.04245527400338732,40
antonym,pcasub_matched_cf_k3_zero,cue1,3,zero,2,0.1408330500125885,0.016929729573796362,170,0.10232420265674591,0.03428491709420882,40
antonym,pcasub_matched_cf_k3_zero,cue1,3,zero,3,0.07497552782297134,0.015494001896742408,170,0.047202907502651215,0.0321321922968992,40
antonym,pcasub_matched_cf_k3_zero,cue1,3,zero,4,-0.07116805016994476,0.009665127026577548,170,-0.062294043600559235,0.01564118999634707,40
antonym,pcasub_matched_cf_k3_zero,cue1,3,zero,5,-0.08116300404071808,0.008480335204593722,170,-0.07130511850118637,0.014130904725678135,40
antonym,pcasub_matched_cf_k3_zero,cue1,3,zero,6,-0.08301623910665512,0.007118251584383506,170,-0.06879178434610367,0.01215242385861724,40
antonym,pcasub_matched_cf_k3_zero,cue1,3,zero,7,-0.061888087540864944,0.004744908479771709,170,-0.04985945671796799,0.008185217297645285,40
antonym,pcasub_matched_cf_k3_zero,cue1,3,zero,8,-0.028973685577511787,0.002729633858485827,170,-0.020586246624588966,0.005572059600031682,40
antonym,pcasub_matched_cf_k3_zero,cue1,3,zero,9,-0.021797096356749535,0.0022686447828378577,170,-0.02005050517618656,0.004994563075126857,40
antonym,pcasub_matched_cf_k3_zero,cue1,3,zero,10,-0.0075250049121677876,0.0014373639767278434,170,-0.0064285509288311005,0.0033546335937431598,40
antonym,pcasub_matched_cf_k3_zero,cue1,3,zero,11,-0.004807324148714542,0.0010165172435422976,170,-0.005631325300782919,0.002352656483768478,40
antonym,pcasub_matched_cf_k3_zero,cue1,3,zero,12,-0.0023826502729207277,0.000791942184790012,170,-0.0011826001573354006,0.001805295847722868,40
antonym,pcasub_matched_cf_k3_zero,cue1,3,zero,13,-0.0019781740847975016,0.0005816216762175988,170,-0.0010472774738445878,0.001320841087347392,40
antonym,pcasub_matched_cf_k3_zero,cue1,3,zero,14,0.0012102314503863454,0.0005139450274258801,170,0.0020156227983534336,0.0009420215624301809,40
antonym,pcasub_matched_cf_k3_zero,cue1,3,zero,15,0.000700926932040602,0.000537793409452668,170,0.0013094686437398195,0.0010821720512984,40
antonym,pcasub_matched_cf_k3_zero,cue1,3,zero,16,4.657051249523647e-06,0.00042169949046059015,170,0.0005068592727184296,0.0007928529547275966,40
antonym,pcasub_matched_cf_k3_zero,cue1,3,zero,17,0.0003248700231779367,0.0004130805240733058,170,0.0010708831250667572,0.0008107454714884078,40
antonym,pcasub_matched_cf_k3_zero,cue1,3,zero,18,-4.218799222144298e-05,0.0003911051937401855,170,7.260516576934606e-05,0.0006839742800092591,40
antonym,pcasub_matched_cf_k3_zero,cue1,3,zero,19,-0.00019410760432947427,0.00039606212888594237,170,-0.0003651074948720634,0.0007414465187513511,40
antonym,pcasub_matched_cf_k3_zero,cue1,3,zero,20,-0.00016716841491870582,0.0003569933670110226,170,-0.0006435848772525787,0.0006725500140074743,40
antonym,pcasub_matched_cf_k3_zero,cue1,3,zero,21,-0.00013388763181865215,0.00034945912416344796,170,0.00012115016579627991,0.0006880003797463716,40
antonym,pcasub_matched_cf_k3_zero,cue1,3,zero,22,-9.917160923578194e-07,0.0003235565103258796,170,1.7217545973835513e-05,0.0006014280808300343,40
antonym,pcasub_matched_cf_k3_zero,cue1,3,zero,23,-0.00016136221529450268,0.0003292346659102278,170,-0.00017575845413375646,0.0006012605782349952,40
antonym,pcasub_matched_cf_k3_zero,cue1,3,zero,24,2.111108915414661e-05,0.0002684536116605034,170,0.00038416162715293467,0.0005975149256998624,40
antonym,pcasub_matched_cf_k3_zero,cue1,3,zero,25,-3.105138966930099e-05,0.00025980269857210387,170,0.0005798347410745919,0.0006284036927065831,40
antonym,pcasub_matched_cf_k3_zero,cue1,3,zero,26,-0.0002497089153621346,0.0002628908142031558,170,-0.00016597584180999547,0.0005193884389492136,40
antonym,pcasub_matched_cf_k3_zero,cue1,3,zero,27,0.0,0.0,170,0.0,0.0,40
antonym,pcasub_matched_cf_k3_zero,target1,3,zero,0,-0.2210925817489624,0.02248386038577851,170,-0.19341012835502625,0.03877340586742538,40
antonym,pcasub_matched_cf_k3_zero,target1,3,zero,1,-0.21479563415050507,0.019947132458726397,170,-0.19268231093883514,0.036924349212066505,40
antonym,pcasub_matched_cf_k3_zero,target1,3,zero,2,-0.1339123547077179,0.013063454304107582,170,-0.11715475469827652,0.02658175915938868,40
antonym,pcasub_matched_cf_k3_zero,target1,3,zero,3,-0.1076192706823349,0.012490010554800385,170,-0.0887402892112732,0.025729404644369774,40
antonym,pcasub_matched_cf_k3_zero,target1,3,zero,4,-0.09130274504423141,0.011687994569783037,170,-0.08398212492465973,0.022585995136209135,40
antonym,pcasub_matched_cf_k3_zero,target1,3,zero,5,-0.0966096743941307,0.011743659044667905,170,-0.08645931631326675,0.02232370447925639,40
antonym,pcasub_matched_cf_k3_zero,target1,3,zero,6,-0.08369828760623932,0.011551224260110782,170,-0.06189081817865372,0.021067948936512558,40
antonym,pcasub_matched_cf_k3_zero,target1,3,zero,7,-0.08087583631277084,0.009708146822159534,170,-0.0795673280954361,0.01655430193616875,40
antonym,pcasub_matched_cf_k3_zero,target1,3,zero,8,-0.1120099425315857,0.009492303266468891,170,-0.1226549968123436,0.0182792108220106,40
antonym,pcasub_matched_cf_k3_zero,target1,3,zero,9,-0.08311731368303299,0.007069402596214359,170,-0.09165628999471664,0.014035904027503243,40
antonym,pcasub_matched_cf_k3_zero,target1,3,zero,10,-0.07557933032512665,0.006762023973905307,170,-0.08100255578756332,0.013754968527848542,40
antonym,pcasub_matched_cf_k3_zero,target1,3,zero,11,-0.043852221220731735,0.005043351025845293,170,-0.04985976219177246,0.008505286704682162,40
antonym,pcasub_matched_cf_k3_zero,target1,3,zero,12,-0.02775174379348755,0.004071395019606759,170,-0.030369479209184647,0.0074284071463668845,40
antonym,pcasub_matched_cf_k3_zero,target1,3,zero,13,-0.006976985838264227,0.0025712922219270884,170,-0.006171190645545721,0.004877376934342206,40
antonym,pcasub_matched_cf_k3_zero,target1,3,zero,14,-0.0002644985797815025,0.00265677837979818,170,-0.00015605762018822134,0.005014213964184251,40
antonym,pcasub_matched_cf_k3_zero,target1,3,zero,15,0.0014348436379805207,0.0018793898905972533,170,-7.665455632377416e-05,0.0037151303963334874,40
antonym,pcasub_matched_cf_k3_zero,target1,3,zero,16,0.0008095525554381311,0.001454381121904543,170,0.0004657246172428131,0.0027407703779537182,40
antonym,pcasub_matched_cf_k3_zero,target1,3,zero,17,0.0020106672309339046,0.001363338488058605,170,0.0015099986921995878,0.0026618643598953873,40
antonym,pcasub_matched_cf_k3_zero,target1,3,zero,18,-0.0009628466214053333,0.0010024855524065378,170,0.0001790843962226063,0.0014365546778459842,40
antonym,pcasub_matched_cf_k3_zero,target1,3,zero,19,-0.0018337889341637492,0.000811007561726304,170,-0.0015652813017368317,0.001369312288838437,40
antonym,pcasub_matched_cf_k3_zero,target1,3,zero,20,-0.0013666534796357155,0.0006422721936394014,170,-0.00022448152594733983,0.0009558722231658187,40
antonym,pcasub_matched_cf_k3_zero,target1,3,zero,21,-0.0010066920658573508,0.0004642014244817371,170,0.00024336203932762146,0.0008794970772841365,40
antonym,pcasub_matched_cf_k3_zero,target1,3,zero,22,-0.0014494964852929115,0.00040562603190610034,170,-0.000937681645154953,0.0008712671409903841,40
antonym,pcasub_matched_cf_k3_zero,target1,3,zero,23,-0.000987672945484519,0.00040954060101636505,170,0.00015642419748473912,0.0008468144863326965,40
antonym,pcasub_matched_cf_k3_zero,target1,3,zero,24,-0.001121566048823297,0.00034727778412542453,170,-6.180778291309252e-05,0.0007011343502577848,40
antonym,pcasub_matched_cf_k3_zero,target1,3,zero,25,-0.000980058335699141,0.0003155234060795606,170,-0.0005884982529096305,0.0005822927684415469,40
antonym,pcasub_matched_cf_k3_zero,target1,3,zero,26,0.0001300806470680982,0.00023273837839521292,170,0.00043659881339408457,0.0004176773291207517,40
antonym,pcasub_matched_cf_k3_zero,target1,3,zero,27,0.0,0.0,170,0.0,0.0,40
antonym,pcasub_matched_cf_k3_zero,final_cue,3,zero,0,-1.0020333528518677,0.12664933647104584,170,-0.8875106573104858,0.22296328237986268,40
antonym,pcasub_matched_cf_k3_zero,final_cue,3,zero,1,-0.850043773651123,0.12030913152433519,170,-0.842823326587677,0.21143413251140303,40
antonym,pcasub_matched_cf_k3_zero,final_cue,3,zero,2,-0.8389782905578613,0.12037717324767,170,-0.8361436724662781,0.212595567085184,40
antonym,pcasub_matched_cf_k3_zero,final_cue,3,zero,3,-0.7989246249198914,0.11897593615057643,170,-0.788737416267395,0.2071075394507564,40
antonym,pcasub_matched_cf_k3_zero,final_cue,3,zero,4,-0.8243849873542786,0.11883285835852235,170,-0.8095811605453491,0.207898485084726,40
antonym,pcasub_matched_cf_k3_zero,final_cue,3,zero,5,-0.870489776134491,0.11951201386682075,170,-0.842385470867157,0.20860823076180163,40
antonym,pcasub_matched_cf_k3_zero,final_cue,3,zero,6,-0.8315266370773315,0.11935373137362372,170,-0.8138741254806519,0.20887045309242108,40
antonym,pcasub_matched_cf_k3_zero,final_cue,3,zero,7,-0.8254412412643433,0.11874970336339602,170,-0.8051020503044128,0.20648985054932378,40
antonym,pcasub_matched_cf_k3_zero,final_cue,3,zero,8,-0.8293185830116272,0.1190171433592663,170,-0.8128381967544556,0.2062620458420303,40
antonym,pcasub_matched_cf_k3_zero,final_cue,3,zero,9,-0.826598584651947,0.11901479362493453,170,-0.8027504086494446,0.20743878551446449,40
antonym,pcasub_matched_cf_k3_zero,final_cue,3,zero,10,-0.8009510040283203,0.11871002302487504,170,-0.7951697111129761,0.2082355365306818,40
antonym,pcasub_matched_cf_k3_zero,final_cue,3,zero,11,-0.8633481860160828,0.11945173449542242,170,-0.8375713229179382,0.20729355671505226,40
antonym,pcasub_matched_cf_k3_zero,final_cue,3,zero,12,-0.8321892023086548,0.11889105314070807,170,-0.8064378499984741,0.20483264010131308,40
antonym,pcasub_matched_cf_k3_zero,final_cue,3,zero,13,-0.784348726272583,0.11818155223066977,170,-0.7560185194015503,0.2024417838960639,40
antonym,pcasub_matched_cf_k3_zero,final_cue,3,zero,14,-0.7917526960372925,0.1179964352228278,170,-0.7634664177894592,0.20257006776482442,40
antonym,pcasub_matched_cf_k3_zero,final_cue,3,zero,15,-0.7681139707565308,0.11770277328896715,170,-0.7301200032234192,0.2002834445590236,40
antonym,pcasub_matched_cf_k3_zero,final_cue,3,zero,16,-0.8076813817024231,0.11738637287540567,170,-0.7719475030899048,0.20247395853079417,40
antonym,pcasub_matched_cf_k3_zero,final_cue,3,zero,17,-0.7912285327911377,0.11816477494468222,170,-0.7641035914421082,0.205423469685528,40
antonym,pcasub_matched_cf_k3_zero,final_cue,3,zero,18,-0.7976169586181641,0.11912657514999385,170,-0.7913896441459656,0.20932659026903058,40
antonym,pcasub_matched_cf_k3_zero,final_cue,3,zero,19,-0.7949003577232361,0.11850119838620705,170,-0.7932300567626953,0.20475125165798252,40
antonym,pcasub_matched_cf_k3_zero,final_cue,3,zero,20,-0.784347653388977,0.11830247669087217,170,-0.8013823628425598,0.20545475843400618,40
antonym,pcasub_matched_cf_k3_zero,final_cue,3,zero,21,-0.758496105670929,0.11939828489657596,170,-0.7620201110839844,0.20609265308144398,40
antonym,pcasub_matched_cf_k3_zero,final_cue,3,zero,22,-0.7510887384414673,0.1172050593285832,170,-0.7604745030403137,0.20333502111918472,40
antonym,pcasub_matched_cf_k3_zero,final_cue,3,zero,23,-0.7384247779846191,0.11637393909527165,170,-0.7568572759628296,0.2005525089472922,40
antonym,pcasub_matched_cf_k3_zero,final_cue,3,zero,24,-0.6984714269638062,0.11397316889953095,170,-0.7201096415519714,0.18960125849349566,40
antonym,pcasub_matched_cf_k3_zero,final_cue,3,zero,25,-0.676118016242981,0.1157298101715064,170,-0.720578134059906,0.19586192972889743,40
antonym,pcasub_matched_cf_k3_zero,final_cue,3,zero,26,-0.6357535719871521,0.12263919940261445,170,-0.738495945930481,0.22553923226586825,40
antonym,pcasub_matched_cf_k3_zero,final_cue,3,zero,27,-0.6871848106384277,0.12984870547979416,170,-0.8624795079231262,0.25239466666298127,40
antonym,pcasub_matched_cf_k3_mean,cue1,3,mean,0,0.05199762061238289,0.0078058923079281336,170,0.055167119950056076,0.011455413974455677,40
antonym,pcasub_matched_cf_k3_mean,cue1,3,mean,1,0.05252660810947418,0.00804421434110149,170,0.05628229305148125,0.011922087542871967,40
antonym,pcasub_matched_cf_k3_mean,cue1,3,mean,2,0.05339626967906952,0.007165197127742552,170,0.056968968361616135,0.011314900870079516,40
antonym,pcasub_matched_cf_k3_mean,cue1,3,mean,3,0.05266455560922623,0.006985094448393109,170,0.056589674204587936,0.010830400018880087,40
antonym,pcasub_matched_cf_k3_mean,cue1,3,mean,4,0.013932649046182632,0.005678642731361313,170,0.01901223510503769,0.00891338163369893,40
antonym,pcasub_matched_cf_k3_mean,cue1,3,mean,5,-0.0024695838801562786,0.0048231302899549,170,-0.002968928311020136,0.0076423433750662665,40
antonym,pcasub_matched_cf_k3_mean,cue1,3,mean,6,0.031250812113285065,0.005270132960567739,170,0.032430149614810944,0.00755890455271739,40
antonym,pcasub_matched_cf_k3_mean,cue1,3,mean,7,0.028178803622722626,0.004273995033742648,170,0.032270677387714386,0.006515271056720513,40
antonym,pcasub_matched_cf_k3_mean,cue1,3,mean,8,0.01387783233076334,0.002666491319804088,170,0.01684524491429329,0.004974495748848566,40
antonym,pcasub_matched_cf_k3_mean,cue1,3,mean,9,0.01296182256191969,0.0022529526489650973,170,0.015521002002060413,0.003744130507157067,40
antonym,pcasub_matched_cf_k3_mean,cue1,3,mean,10,6.175409362185746e-05,0.0013122247662828445,170,0.0015636123716831207,0.0022531933692067126,40
antonym,pcasub_matched_cf_k3_mean,cue1,3,mean,11,-0.0006942473701201379,0.0010693626229483215,170,0.0001802451879484579,0.0019893024918581103,40
antonym,pcasub_matched_cf_k3_mean,cue1,3,mean,12,-0.0009837130783125758,0.0008128736490748432,170,0.0009063623729161918,0.0016687976517016454,40
antonym,pcasub_matched_cf_k3_mean,cue1,3,mean,13,-0.00017094209033530205,0.0002899019732122324,170,0.0007576383650302887,0.0006503688417935462,40
antonym,pcasub_matched_cf_k3_mean,cue1,3,mean,14,-0.0002672246191650629,0.00029952875176879427,170,0.0008919514948502183,0.0006352093047361454,40
antonym,pcasub_matched_cf_k3_mean,cue1,3,mean,15,-0.00012148793757660314,0.0002903610128426778,170,0.00023253410472534597,0.000516517334028971,40
antonym,pcasub_matched_cf_k3_mean,cue1,3,mean,16,-0.0002271348930662498,0.0002620920931033906,170,0.0006679929792881012,0.0004861416035419132,40
antonym,pcasub_matched_cf_k3_mean,cue1,3,mean,17,-0.00010372505494160578,0.0002562226323155505,170,0.0003951847611460835,0.00046541074610472426,40
antonym,pcasub_matched_cf_k3_mean,cue1,3,mean,18,-0.00019982790399808437,0.0002445229610747229,170,0.00016485080413985997,0.00048393785841131234,40
antonym,pcasub_matched_cf_k3_mean,cue1,3,mean,19,-0.000407731015002355,0.0002321643913555565,170,-0.00020252987451385707,0.00035415044218123,40
antonym,pcasub_matched_cf_k3_mean,cue1,3,mean,20,-6.252193998079747e-05,0.000208523421812532,170,0.0003745235444512218,0.000407599636728053,40
antonym,pcasub_matched_cf_k3_mean,cue1,3,mean,21,0.00020144862355664372,0.00021655163315996586,170,0.0004322812019381672,0.0005029094600217472,40
antonym,pcasub_matched_cf_k3_mean,cue1,3,mean,22,6.712184131174581e-06,0.00018579683507029168,170,0.0006857991102151573,0.0004018344919168625,40
antonym,pcasub_matched_cf_k3_mean,cue1,3,mean,23,-9.624239464756101e-05,0.0002014563615220146,170,0.00017598197155166417,0.0004672005941636712,40
antonym,pcasub_matched_cf_k3_mean,cue1,3,mean,24,-6.777801900170743e-05,0.00016834348974370937,170,-0.00025843456387519836,0.0004828640747427185,40
antonym,pcasub_matched_cf_k3_mean,cue1,3,mean,25,-0.00027256380417384207,0.00016573644964538138,170,0.0001466892717871815,0.00041868208699468655,40
antonym,pcasub_matched_cf_k3_mean,cue1,3,mean,26,-0.0002131299115717411,0.00012907262793034855,170,-1.4468282643065322e-05,0.0004162377639611009,40
antonym,pcasub_matched_cf_k3_mean,cue1,3,mean,27,0.0,0.0,170,0.0,0.0,40
antonym,pcasub_matched_cf_k3_mean,target1,3,mean,0,-0.04070108383893967,0.008261867626517016,170,-0.03513510152697563,0.016052420279432916,40
antonym,pcasub_matched_cf_k3_mean,target1,3,mean,1,-0.0437321737408638,0.007099382851981971,170,-0.03851922228932381,0.014136895060241822,40
antonym,pcasub_matched_cf_k3_mean,target1,3,mean,2,-0.04681544378399849,0.0067656262903516805,170,-0.041941069066524506,0.01434124734265942,40
antonym,pcasub_matched_cf_k3_mean,target1,3,mean,3,-0.04726113751530647,0.006869331746512425,170,-0.03853685408830643,0.014402572582852498,40
antonym,pcasub_matched_cf_k3_mean,target1,3,mean,4,-0.045777734369039536,0.006786000749884592,170,-0.03707541152834892,0.01351882918593597,40
antonym,pcasub_matched_cf_k3_mean,target1,3,mean,5,-0.04506225138902664,0.006436944629159248,170,-0.03568479046225548,0.013086944323517754,40
antonym,pcasub_matched_cf_k3_mean,target1,3,mean,6,-0.046460554003715515,0.006353149628572904,170,-0.03383518382906914,0.012226745238614957,40
antonym,pcasub_matched_cf_k3_mean,target1,3,mean,7,-0.04552115872502327,0.0058024357874648545,170,-0.03747449070215225,0.010276325289805193,40
antonym,pcasub_matched_cf_k3_mean,target1,3,mean,8,-0.04294204339385033,0.005054761980337305,170,-0.04104165732860565,0.010121749919217288,40
antonym,pcasub_matched_cf_k3_mean,target1,3,mean,9,-0.039604004472494125,0.004161470073769508,170,-0.03957032412290573,0.008601248683683794,40
antonym,pcasub_matched_cf_k3_mean,target1,3,mean,10,-0.02900039777159691,0.0037760742144510922,170,-0.026172339916229248,0.008498952971391766,40
antonym,pcasub_matched_cf_k3_mean,target1,3,mean,11,-0.01187566202133894,0.0027087128228613934,170,-0.008340254426002502,0.005029420107458205,40
antonym,pcasub_matched_cf_k3_mean,target1,3,mean,12,-0.010425357148051262,0.002508546829490627,170,-0.009013207629323006,0.004382529944832929,40
antonym,pcasub_matched_cf_k3_mean,target1,3,mean,13,-0.003003000747412443,0.0018703498134745313,170,-0.0006049781804904342,0.0032679369011414075,40
antonym,pcasub_matched_cf_k3_mean,target1,3,mean,14,0.0008592032245360315,0.002001333359493022,170,0.003700297325849533,0.00325765526053409,40
antonym,pcasub_matched_cf_k3_mean,target1,3,mean,15,0.0035029554273933172,0.0011197401955867021,170,0.004973570816218853,0.002182361197111812,40
antonym,pcasub_matched_cf_k3_mean,target1,3,mean,16,0.0016613152110949159,0.0008429361198295617,170,0.001934709376655519,0.0014149617894713368,40
antonym,pcasub_matched_cf_k3_mean,target1,3,mean,17,0.0021614793222397566,0.000852122555343754,170,0.0031332657672464848,0.0014696047437213102,40
antonym,pcasub_matched_cf_k3_mean,target1,3,mean,18,0.0002161613228963688,0.0006969674459699216,170,0.0013993881875649095,0.0010535667312065132,40
antonym,pcasub_matched_cf_k3_mean,target1,3,mean,19,-0.0004735855618491769,0.00046509775355707273,170,0.0009772941702976823,0.0007737549346751036,40
antonym,pcasub_matched_cf_k3_mean,target1,3,mean,20,-0.00015344742860179394,0.0003932091759753968,170,0.0012476317351683974,0.0006142643016736063,40
antonym,pcasub_matched_cf_k3_mean,target1,3,mean,21,-0.0002009432064369321,0.0003584147362798678,170,0.0014735020231455564,0.00045355380801513824,40
antonym,pcasub_matched_cf_k3_mean,target1,3,mean,22,-0.00020508625311776996,0.0003071109771685749,170,0.0013058602344244719,0.0005793876107959392,40
antonym,pcasub_matched_cf_k3_mean,target1,3,mean,23,-0.0007266424945555627,0.00027153460223076995,170,-0.0006130628171376884,0.0006166903282698878,40
antonym,pcasub_matched_cf_k3_mean,target1,3,mean,24,-0.000631550676189363,0.00027103483010997026,170,-0.00027559473528526723,0.0005300414199249182,40
antonym,pcasub_matched_cf_k3_mean,target1,3,mean,25,-0.0006849460769444704,0.00023498270111341148,170,-0.000569587922655046,0.0005723802593771869,40
antonym,pcasub_matched_cf_k3_mean,target1,3,mean,26,6.65228144498542e-05,0.0001543649062038782,170,0.0005147002520971,0.00039724175482967457,40
antonym,pcasub_matched_cf_k3_mean,target1,3,mean,27,0.0,0.0,170,0.0,0.0,40
antonym,pcasub_matched_cf_k3_mean,final_cue,3,mean,0,0.010369319468736649,0.024942059642886694,170,0.002137671457603574,0.04933629651113893,40
antonym,pcasub_matched_cf_k3_mean,final_cue,3,mean,1,0.00887127872556448,0.024857066917796607,170,0.005843439605087042,0.048935423557745106,40
antonym,pcasub_matched_cf_k3_mean,final_cue,3,mean,2,0.0025639310479164124,0.02493437272016515,170,-1.2132525625929702e-05,0.04898148964285393,40
antonym,pcasub_matched_cf_k3_mean,final_cue,3,mean,3,0.0011390430154278874,0.024965307841221765,170,-0.0013856887817382812,0.04896017653903363,40
antonym,pcasub_matched_cf_k3_mean,final_cue,3,mean,4,0.0034844689071178436,0.02490101243556183,170,0.00016954541206359863,0.04876053170537051,40
antonym,pcasub_matched_cf_k3_mean,final_cue,3,mean,5,0.007282420992851257,0.02484266222347868,170,0.00223285099491477,0.048504020513780485,40
antonym,pcasub_matched_cf_k3_mean,final_cue,3,mean,6,0.00035820534685626626,0.024773036486630328,170,-0.0013042375212535262,0.04825054866598089,40
antonym,pcasub_matched_cf_k3_mean,final_cue,3,mean,7,-0.0006887586787343025,0.024777399952427365,170,-0.00525515666231513,0.04842288181497843,40
antonym,pcasub_matched_cf_k3_mean,final_cue,3,mean,8,-0.007626380771398544,0.024734947018824248,170,-0.015575788915157318,0.047860598501588934,40
antonym,pcasub_matched_cf_k3_mean,final_cue,3,mean,9,0.009332423098385334,0.024726080657469247,170,0.005322697572410107,0.049060121472048995,40
antonym,pcasub_matched_cf_k3_mean,final_cue,3,mean,10,0.03583880141377449,0.024171470211689902,170,0.020399851724505424,0.04734075762156433,40
antonym,pcasub_matched_cf_k3_mean,final_cue,3,mean,11,0.043819911777973175,0.024198284154730777,170,0.03121231123805046,0.04635782441541913,40
antonym,pcasub_matched_cf_k3_mean,final_cue,3,mean,12,0.03529597446322441,0.02444262909642964,170,0.019536983221769333,0.04779056636606445,40
antonym,pcasub_matched_cf_k3_mean,final_cue,3,mean,13,0.05081253498792648,0.024473038498715526,170,0.03214683011174202,0.049061360770369745,40
antonym,pcasub_matched_cf_k3_mean,final_cue,3,mean,14,0.03475264459848404,0.023900615329543677,170,0.012871998362243176,0.047622130174143934,40
antonym,pcasub_matched_cf_k3_mean,final_cue,3,mean,15,0.02815616875886917,0.023737240221471948,170,0.008841265924274921,0.046996072474925585,40
antonym,pcasub_matched_cf_k3_mean,final_cue,3,mean,16,0.020666610449552536,0.022798304211219377,170,-0.003085790667682886,0.042835531252776324,40
antonym,pcasub_matched_cf_k3_mean,final_cue,3,mean,17,0.03854331374168396,0.02316559877325483,170,0.02131739631295204,0.041885691552739884,40
antonym,pcasub_matched_cf_k3_mean,final_cue,3,mean,18,0.0439869724214077,0.02352064637366613,170,0.01927981525659561,0.04273832879741371,40
antonym,pcasub_matched_cf_k3_mean,final_cue,3,mean,19,0.04571142792701721,0.023080329474376667,170,0.02031378448009491,0.0414842484278753,40
antonym,pcasub_matched_cf_k3_mean,final_cue,3,mean,20,0.052916381508111954,0.022490932446111684,170,0.02386545203626156,0.04008913779430026,40
antonym,pcasub_matched_cf_k3_mean,final_cue,3,mean,21,0.05516142025589943,0.022428026766593494,170,0.03407388925552368,0.039477009242747794,40
antonym,pcasub_matched_cf_k3_mean,final_cue,3,mean,22,0.058923352509737015,0.02247069455917247,170,0.03809037804603577,0.040176967761602164,40
antonym,pcasub_matched_cf_k3_mean,final_cue,3,mean,23,0.06037982553243637,0.022319056694090674,170,0.034535687416791916,0.03973616395661135,40
antonym,pcasub_matched_cf_k3_mean,final_cue,3,mean,24,0.07264436036348343,0.02155037127913743,170,0.05175817757844925,0.036484117934626914,40
antonym,pcasub_matched_cf_k3_mean,final_cue,3,mean,25,0.08236711472272873,0.02192836764675786,170,0.054971396923065186,0.03828292410598409,40
antonym,pcasub_matched_cf_k3_mean,final_cue,3,mean,26,0.09069782495498657,0.022188161863114744,170,0.05304613709449768,0.03857946274846987,40
antonym,pcasub_matched_cf_k3_mean,final_cue,3,mean,27,0.08950433135032654,0.020992092230631927,170,0.05423339456319809,0.037821372656482825,40
antonym,pcasub_matched_cf_k4_zero,cue1,4,zero,0,-0.43872159719467163,0.04580967995448071,170,-0.39192551374435425,0.07354171998913919,40
antonym,pcasub_matched_cf_k4_zero,cue1,4,zero,1,0.04111677408218384,0.028561521378387984,170,0.023337608203291893,0.06239156922310413,40
antonym,pcasub_matched_cf_k4_zero,cue1,4,zero,2,0.20582908391952515,0.021668109426442466,170,0.17926251888275146,0.04711208587666242,40
antonym,pcasub_matched_cf_k4_zero,cue1,4,zero,3,0.13828252255916595,0.019719306515097297,170,0.11659606546163559,0.04196485585611839,40
antonym,pcasub_matched_cf_k4_zero,cue1,4,zero,4,-0.011186675168573856,0.0140566924919087,170,-0.005235142074525356,0.026765816164743706,40
antonym,pcasub_matched_cf_k4_zero,cue1,4,zero,5,-0.05632666498422623,0.012907563831317359,170,-0.05215640738606453,0.025044649912708904,40
antonym,pcasub_matched_cf_k4_zero,cue1,4,zero,6,-0.08901775628328323,0.00910984457506519,170,-0.08398035168647766,0.016515458415702983,40
antonym,pcasub_matched_cf_k4_zero,cue1,4,zero,7,-0.08545761555433273,0.007287973032311426,170,-0.07943577319383621,0.012546056576764572,40
antonym,pcasub_matched_cf_k4_zero,cue1,4,zero,8,-0.034151628613471985,0.004025750630205263,170,-0.03083750233054161,0.007349601556238062,40
antonym,pcasub_matched_cf_k4_zero,cue1,4,zero,9,-0.011136695742607117,0.003417576298890177,170,-0.00741312000900507,0.006464108180561582,40
antonym,pcasub_matched_cf_k4_zero,cue1,4,zero,10,-0.003714446909725666,0.002416445472326793,170,-0.002245146781206131,0.00450788284950406,40
antonym,pcasub_matched_cf_k4_zero,cue1,4,zero,11,-0.00534144276753068,0.0014699311117075007,170,-0.003995927516371012,0.002665352537013003,40
antonym,pcasub_matched_cf_k4_zero,cue1,4,zero,12,-0.0031398232094943523,0.0010691684784348927,170,-0.001386105315759778,0.002304105911817014,40
antonym,pcasub_matched_cf_k4_zero,cue1,4,zero,13,-0.002705569379031658,0.0007897315945024487,170,-0.0018161050975322723,0.0015800878356038227,40
antonym,pcasub_matched_cf_k4_zero,cue1,4,zero,14,-0.00074396887794137,0.0007302653728983983,170,-0.0005622051539830863,0.0010673212344084713,40
antonym,pcasub_matched_cf_k4_zero,cue1,4,zero,15,-0.0003855004033539444,0.0007173885487578988,170,-0.0002600341977085918,0.0010670130296335993,40
antonym,pcasub_matched_cf_k4_zero,cue1,4,zero,16,-0.0011513764038681984,0.0006623520078014908,170,-0.0012890093494206667,0.0010474722873376027,40
antonym,pcasub_matched_cf_k4_zero,cue1,4,zero,17,-0.0009683190146461129,0.0006393548116077695,170,-0.0014069624012336135,0.0010932591769121918,40
antonym,pcasub_matched_cf_k4_zero,cue1,4,zero,18,-0.0013584601692855358,0.0006676331957135134,170,-0.0027954615652561188,0.001091975407572806,40
antonym,pcasub_matched_cf_k4_zero,cue1,4,zero,19,-0.00037059836904518306,0.0005684159206994908,170,-0.0009412489598616958,0.0009629155048115509,40
antonym,pcasub_matched_cf_k4_zero,cue1,4,zero,20,-0.0007479189080186188,0.0004167102693251093,170,-0.0003865562321152538,0.0007137046285196946,40
antonym,pcasub_matched_cf_k4_zero,cue1,4,zero,21,7.147823907871498e-06,0.00043369405707437256,170,-4.290863944333978e-05,0.000703686500786067,40
antonym,pcasub_matched_cf_k4_zero,cue1,4,zero,22,0.0004703460435848683,0.0003848339973822011,170,0.00022674576030112803,0.0007334213405748751,40
antonym,pcasub_matched_cf_k4_zero,cue1,4,zero,23,0.00018227187683805823,0.0003325988731823875,170,0.0003740541578736156,0.0006603256378077595,40
antonym,pcasub_matched_cf_k4_zero,cue1,4,zero,24,0.00011496771912788972,0.00027764142218642614,170,0.0007434465223923326,0.0006119678595024981,40
antonym,pcasub_matched_cf_k4_zero,cue1,4,zero,25,0.00027959153521806,0.0002731696876085847,170,0.0003149561525788158,0.0006115034907697896,40
antonym,pcasub_matched_cf_k4_zero,cue1,4,zero,26,-0.00026318622985854745,0.0002566704754219047,170,3.576651215553284e-05,0.0005342107251773499,40
antonym,pcasub_matched_cf_k4_zero,cue1,4,zero,27,0.0,0.0,170,0.0,0.0,40
antonym,pcasub_matched_cf_k4_zero,target1,4,zero,0,-0.22092321515083313,0.023074279137045732,170,-0.21474067866802216,0.04315330053626638,40
antonym,pcasub_matched_cf_k4_zero,target1,4,zero,1,-0.23385299742221832,0.0216020837203067,170,-0.22528250515460968,0.040414880054059146,40
antonym,pcasub_matched_cf_k4_zero,target1,4,zero,2,-0.16037820279598236,0.014875910909397758,170,-0.15655717253684998,0.0312533059598462,40
antonym,pcasub_matched_cf_k4_zero,target1,4,zero,3,-0.13682998716831207,0.014568156283880945,170,-0.1304934024810791,0.03105543996692863,40
antonym,pcasub_matched_cf_k4_zero,target1,4,zero,4,-0.12290335446596146,0.013323839382648087,170,-0.1265868991613388,0.027100888503115064,40
antonym,pcasub_matched_cf_k4_zero,target1,4,zero,5,-0.12965305149555206,0.013391051384618668,170,-0.12871511280536652,0.02669731548151672,40
antonym,pcasub_matched_cf_k4_zero,target1,4,zero,6,-0.11309913545846939,0.01300824811884676,170,-0.10034686326980591,0.024799021456752973,40
antonym,pcasub_matched_cf_k4_zero,target1,4,zero,7,-0.09405680000782013,0.011482620246264669,170,-0.10163786262273788,0.019851928690687727,40
antonym,pcasub_matched_cf_k4_zero,target1,4,zero,8,-0.1073228046298027,0.010115173151726142,170,-0.12055113166570663,0.01943205748252329,40
antonym,pcasub_matched_cf_k4_zero,target1,4,zero,9,-0.07420351356267929,0.0074706414478353965,170,-0.08209654688835144,0.013724635169995964,40
antonym,pcasub_matched_cf_k4_zero,target1,4,zero,10,-0.06947243213653564,0.0069387203384805056,170,-0.07425589859485626,0.014160462933060131,40
antonym,pcasub_matched_cf_k4_zero,target1,4,zero,11,-0.053974274545907974,0.005620732523031926,170,-0.05596091225743294,0.009449942438691558,40
antonym,pcasub_matched_cf_k4_zero,target1,4,zero,12,-0.03243345767259598,0.00464375075963193,170,-0.033431362360715866,0.00854760190970234,40
antonym,pcasub_matched_cf_k4_zero,target1,4,zero,13,-0.008106891997158527,0.00304677084975978,170,-0.007674881257116795,0.006270227497738203,40
antonym,pcasub_matched_cf_k4_zero,target1,4,zero,14,-0.0021992435213178396,0.003167429593409584,170,-0.00227467343211174,0.0068466944154830164,40
antonym,pcasub_matched_cf_k4_zero,target1,4,zero,15,-0.0019950461573898792,0.002252346500936783,170,-0.0036343492101877928,0.005615777850964417,40
antonym,pcasub_matched_cf_k4_zero,target1,4,zero,16,-0.0008946766029112041,0.0017395246973790667,170,-0.002012485172599554,0.004247154862914883,40
antonym,pcasub_matched_cf_k4_zero,target1,4,zero,17,0.00016634832718409598,0.0017676035083536406,170,-0.0007811955874785781,0.004174343730490549,40
antonym,pcasub_matched_cf_k4_zero,target1,4,zero,18,-0.0028451664838939905,0.0014875911195114482,170,-0.0038521611131727695,0.0035112973351467533,40
antonym,pcasub_matched_cf_k4_zero,target1,4,zero,19,-0.0039068725891411304,0.0010422680346560643,170,-0.004352697171270847,0.002758724889081573,40
antonym,pcasub_matched_cf_k4_zero,target1,4,zero,20,-0.002860056236386299,0.0009937861210470762,170,-0.0036110214423388243,0.002185009873311345,40
antonym,pcasub_matched_cf_k4_zero,target1,4,zero,21,-0.0027193273417651653,0.0008608408440069481,170,-0.002469319151714444,0.001538490793358156,40
antonym,pcasub_matched_cf_k4_zero,target1,4,zero,22,-0.0024013714864850044,0.0006289251512016606,170,-0.001889681094326079,0.0013546985525445638,40
antonym,pcasub_matched_cf_k4_zero,target1,4,zero,23,-0.0017488972516730428,0.00047429511773592817,170,-0.0011514388024806976,0.0009903885809884874,40
antonym,pcasub_matched_cf_k4_zero,target1,4,zero,24,-0.00104595348238945,0.0003863937606888566,170,0.0002826273557730019,0.0007038824236016272,40
antonym,pcasub_matched_cf_k4_zero,target1,4,zero,25,-0.0010253022192046046,0.00032941698889423345,170,-0.00023545176372863352,0.0006178736328660072,40
antonym,pcasub_matched_cf_k4_zero,target1,4,zero,26,0.00014751360868103802,0.00024847013760602525,170,0.0004997663199901581,0.0005345926310940393,40
antonym,pcasub_matched_cf_k4_zero,target1,4,zero,27,0.0,0.0,170,0.0,0.0,40
antonym,pcasub_matched_cf_k4_zero,final_cue,4,zero,0,-1.090748906135559,0.13184068590235254,170,-0.9573333859443665,0.23480594173834488,40
antonym,pcasub_matched_cf_k4_zero,final_cue,4,zero,1,-0.9033877849578857,0.12466650812656568,170,-0.8626483678817749,0.21782923227339898,40
antonym,pcasub_matched_cf_k4_zero,final_cue,4,zero,2,-0.8788793087005615,0.1238177054566874,170,-0.8553622961044312,0.21865625421133678,40
antonym,pcasub_matched_cf_k4_zero,final_cue,4,zero,3,-0.8652097582817078,0.12366649045235598,170,-0.8484007716178894,0.21714374480071577,40
antonym,pcasub_matched_cf_k4_zero,final_cue,4,zero,4,-0.9155514240264893,0.1236856174726753,170,-0.8919116854667664,0.21682578703078909,40
antonym,pcasub_matched_cf_k4_zero,final_cue,4,zero,5,-0.942511796951294,0.12436201181456048,170,-0.9040647745132446,0.2169911273329882,40
antonym,pcasub_matched_cf_k4_zero,final_cue,4,zero,6,-0.9527974724769592,0.1237508340290509,170,-0.9214516878128052,0.21603972319552786,40
antonym,pcasub_matched_cf_k4_zero,final_cue,4,zero,7,-0.9318239092826843,0.12311236458213921,170,-0.8975030779838562,0.21389154327742113,40
antonym,pcasub_matched_cf_k4_zero,final_cue,4,zero,8,-0.9423189163208008,0.12335100433230879,170,-0.9143838882446289,0.213904247263249,40
antonym,pcasub_matched_cf_k4_zero,final_cue,4,zero,9,-0.9041614532470703,0.1232619978586909,170,-0.8711368441581726,0.21524819325360478,40
antonym,pcasub_matched_cf_k4_zero,final_cue,4,zero,10,-0.9359336495399475,0.12363649248215151,170,-0.9106202125549316,0.21915018291848765,40
antonym,pcasub_matched_cf_k4_zero,final_cue,4,zero,11,-0.873128354549408,0.12286509390119456,170,-0.8413194417953491,0.21745714119887635,40
antonym,pcasub_matched_cf_k4_zero,final_cue,4,zero,12,-0.8359835743904114,0.12269804333319531,170,-0.8054705858230591,0.21635949043524605,40
antonym,pcasub_matched_cf_k4_zero,final_cue,4,zero,13,-0.7676041722297668,0.12211886582068651,170,-0.7354257702827454,0.21204496050654284,40
antonym,pcasub_matched_cf_k4_zero,final_cue,4,zero,14,-0.7796438932418823,0.12223369194314848,170,-0.7534024119377136,0.21322156823847135,40
antonym,pcasub_matched_cf_k4_zero,final_cue,4,zero,15,-0.7639744281768799,0.12231208346906526,170,-0.7264191508293152,0.21073705312286795,40
antonym,pcasub_matched_cf_k4_zero,final_cue,4,zero,16,-0.8032996654510498,0.12235733185508837,170,-0.7747966051101685,0.21266843594157955,40
antonym,pcasub_matched_cf_k4_zero,final_cue,4,zero,17,-0.7930710911750793,0.1228774094348323,170,-0.7524875998497009,0.21455348879417105,40
antonym,pcasub_matched_cf_k4_zero,final_cue,4,zero,18,-0.7948091626167297,0.12357554567648774,170,-0.7644441723823547,0.21746773413661413,40
antonym,pcasub_matched_cf_k4_zero,final_cue,4,zero,19,-0.7930842041969299,0.123127176137071,170,-0.767977774143219,0.21300258469641148,40
antonym,pcasub_matched_cf_k4_zero,final_cue,4,zero,20,-0.7837409377098083,0.12277529199221922,170,-0.7805114388465881,0.2135842538398069,40
antonym,pcasub_matched_cf_k4_zero,final_cue,4,zero,21,-0.752458930015564,0.12290036734497657,170,-0.7217546701431274,0.20804443013259738,40
antonym,pcasub_matched_cf_k4_zero,final_cue,4,zero,22,-0.7402389645576477,0.12056742858506239,170,-0.7342492341995239,0.20670163390950497,40
antonym,pcasub_matched_cf_k4_zero,final_cue,4,zero,23,-0.7483108639717102,0.11739026776577662,170,-0.7597861289978027,0.20060845172167968,40
antonym,pcasub_matched_cf_k4_zero,final_cue,4,zero,24,-0.7080243825912476,0.11362951339630793,170,-0.7208219170570374,0.18496230571008987,40
antonym,pcasub_matched_cf_k4_zero,final_cue,4,zero,25,-0.686169445514679,0.1160866863589463,170,-0.7196106910705566,0.1931178687900745,40
antonym,pcasub_matched_cf_k4_zero,final_cue,4,zero,26,-0.6524678468704224,0.12153222767310096,170,-0.7333816289901733,0.2185634434899473,40
antonym,pcasub_matched_cf_k4_zero,final_cue,4,zero,27,-0.6884838342666626,0.12951287632905362,170,-0.8567935228347778,0.2512883643719103,40
antonym,pcasub_matched_cf_k4_mean,cue1,4,mean,0,0.04588756710290909,0.008119838414837151,170,0.05065305903553963,0.01247763482223292,40
antonym,pcasub_matched_cf_k4_mean,cue1,4,mean,1,0.047432221472263336,0.008420304406744588,170,0.052914105355739594,0.012460394203483747,40
antonym,pcasub_matched_cf_k4_mean,cue1,4,mean,2,0.04922640696167946,0.007269959164345769,170,0.055107973515987396,0.011967378477510213,40
antonym,pcasub_matched_cf_k4_mean,cue1,4,mean,3,0.0477667860686779,0.007228473096134036,170,0.05452866479754448,0.011536370077022259,40
antonym,pcasub_matched_cf_k4_mean,cue1,4,mean,4,0.023056192323565483,0.006013741590157296,170,0.028922874480485916,0.009629246051723188,40
antonym,pcasub_matched_cf_k4_mean,cue1,4,mean,5,0.0065556722693145275,0.005112533901772653,170,0.007180847227573395,0.008145115041194995,40
antonym,pcasub_matched_cf_k4_mean,cue1,4,mean,6,0.03273188695311546,0.005479379317119202,170,0.033269140869379044,0.0076528155636806,40
antonym,pcasub_matched_cf_k4_mean,cue1,4,mean,7,0.022315695881843567,0.004494620058796399,170,0.027724433690309525,0.00714868561716801,40
antonym,pcasub_matched_cf_k4_mean,cue1,4,mean,8,0.014512443915009499,0.002899132733086358,170,0.017147760838270187,0.0051796290719378895,40
antonym,pcasub_matched_cf_k4_mean,cue1,4,mean,9,0.01530360709875822,0.0024275244239864223,170,0.018258165568113327,0.003824075851207298,40
antonym,pcasub_matched_cf_k4_mean,cue1,4,mean,10,0.0010225537698715925,0.001372254564123449,170,0.0033581883180886507,0.0023077980371492487,40
antonym,pcasub_matched_cf_k4_mean,cue1,4,mean,11,-0.0010192164918407798,0.0011057774336104196,170,-0.0007051058346405625,0.0018305296166797953,40
antonym,pcasub_matched_cf_k4_mean,cue1,4,mean,12,-0.0012107547372579575,0.0007998423950454427,170,0.0016457870369777083,0.0016515035793770885,40
antonym,pcasub_matched_cf_k4_mean,cue1,4,mean,13,-0.0007894770242273808,0.00032975927752865256,170,0.00013235285587143153,0.0007458300800704044,40
antonym,pcasub_matched_cf_k4_mean,cue1,4,mean,14,-0.0002615516714286059,0.00030487288664640157,170,0.00027106329798698425,0.0005914933362563548,40
antonym,pcasub_matched_cf_k4_mean,cue1,4,mean,15,-0.0003397445543669164,0.0002876528290243295,170,0.00025467798695899546,0.0006099765297506612,40
antonym,pcasub_matched_cf_k4_mean,cue1,4,mean,16,-0.0004222615680191666,0.0002698453556766096,170,0.00022042915225028992,0.0005581914274683557,40
antonym,pcasub_matched_cf_k4_mean,cue1,4,mean,17,-0.00027927703922614455,0.00024304482346443267,170,0.00014610662765335292,0.0005180031372676041,40
antonym,pcasub_matched_cf_k4_mean,cue1,4,mean,18,-0.00039472177741117775,0.00025806105871382283,170,-0.0001745559275150299,0.0005482519339200038,40
antonym,pcasub_matched_cf_k4_mean,cue1,4,mean,19,-0.00024043374287430197,0.0002237373194625057,170,-0.00016624107956886292,0.000545250029720602,40
antonym,pcasub_matched_cf_k4_mean,cue1,4,mean,20,7.972840103320777e-05,0.00021123012347537863,170,0.0005551405483856797,0.00041762615799831115,40
antonym,pcasub_matched_cf_k4_mean,cue1,4,mean,21,7.952679879963398e-05,0.00021712128087688834,170,0.0003002487064804882,0.00047173892051778925,40
antonym,pcasub_matched_cf_k4_mean,cue1,4,mean,22,-5.2048704674234614e-05,0.00019921630669736916,170,0.00039294883026741445,0.0004348697586618135,40
antonym,pcasub_matched_cf_k4_mean,cue1,4,mean,23,0.00011896701471414417,0.0002125557954992399,170,0.00017158388800453395,0.0005380993255315018,40
antonym,pcasub_matched_cf_k4_mean,cue1,4,mean,24,-3.799077239818871e-05,0.00018397578382025028,170,2.2627414182352368e-06,0.00047876202822460243,40
antonym,pcasub_matched_cf_k4_mean,cue1,4,mean,25,-0.00012592796701937914,0.00016579621801242022,170,0.00023191198124550283,0.0004571487450284929,40
antonym,pcasub_matched_cf_k4_mean,cue1,4,mean,26,1.311828100369894e-06,0.00013755618244812117,170,0.00018212423310615122,0.00038316605159656995,40
antonym,pcasub_matched_cf_k4_mean,cue1,4,mean,27,0.0,0.0,170,0.0,0.0,40
antonym,pcasub_matched_cf_k4_mean,target1,4,mean,0,-0.04014598950743675,0.008764788488464945,170,-0.045876793563365936,0.018078899217577944,40
antonym,pcasub_matched_cf_k4_mean,target1,4,mean,1,-0.048184797167778015,0.007760220489721208,170,-0.0517473928630352,0.015989703773729567,40
antonym,pcasub_matched_cf_k4_mean,target1,4,mean,2,-0.05249835178256035,0.0073960316684671705,170,-0.05501917749643326,0.016293016147531213,40
antonym,pcasub_matched_cf_k4_mean,target1,4,mean,3,-0.05241759121417999,0.007204383747765801,170,-0.0484505370259285,0.016196129406949936,40
antonym,pcasub_matched_cf_k4_mean,target1,4,mean,4,-0.05221501365303993,0.007044383525628762,170,-0.048431478440761566,0.014670629746725446,40
antonym,pcasub_matched_cf_k4_mean,target1,4,mean,5,-0.05200694501399994,0.006609559244626507,170,-0.04637940600514412,0.014526895880363619,40
antonym,pcasub_matched_cf_k4_mean,target1,4,mean,6,-0.050029024481773376,0.006550375311144999,170,-0.04045376181602478,0.013515674394203118,40
antonym,pcasub_matched_cf_k4_mean,target1,4,mean,7,-0.04841805621981621,0.005915148177608427,170,-0.04384826496243477,0.011430327607782384,40
antonym,pcasub_matched_cf_k4_mean,target1,4,mean,8,-0.04540111497044563,0.0052415332880067335,170,-0.045201800763607025,0.011440130080526618,40
antonym,pcasub_matched_cf_k4_mean,target1,4,mean,9,-0.042313605546951294,0.004347839378009364,170,-0.04182028770446777,0.009684980902010273,40
antonym,pcasub_matched_cf_k4_mean,target1,4,mean,10,-0.03114752471446991,0.004007201614817013,170,-0.029730331152677536,0.008961800265144763,40
antonym,pcasub_matched_cf_k4_mean,target1,4,mean,11,-0.011969164945185184,0.002928334982216638,170,-0.009399770759046078,0.005606010719427047,40
antonym,pcasub_matched_cf_k4_mean,target1,4,mean,12,-0.011570489034056664,0.002678781710370176,170,-0.011607605963945389,0.0048869116974444345,40
antonym,pcasub_matched_cf_k4_mean,target1,4,mean,13,-0.004143049940466881,0.002071001382416412,170,-0.002779140369966626,0.003980307546356962,40
antonym,pcasub_matched_cf_k4_mean,target1,4,mean,14,0.00013570382725447416,0.0021562516811324847,170,0.002571140881627798,0.004029914820393701,40
antonym,pcasub_matched_cf_k4_mean,target1,4,mean,15,0.003231263952329755,0.0012450957650203603,170,0.003105937736108899,0.0028715882112464704,40
antonym,pcasub_matched_cf_k4_mean,target1,4,mean,16,0.000843625923153013,0.0009346638309486035,170,0.0008058488601818681,0.0018692621068539922,40
antonym,pcasub_matched_cf_k4_mean,target1,4,mean,17,0.001943830051459372,0.0009337763233770973,170,0.0019374184776097536,0.0018926148400755084,40
antonym,pcasub_matched_cf_k4_mean,target1,4,mean,18,-0.0003625286044552922,0.000739597309653891,170,-2.559944914537482e-05,0.001489920194722802,40
antonym,pcasub_matched_cf_k4_mean,target1,4,mean,19,-0.000686030020006001,0.0005126489092255771,170,0.0005167134222574532,0.001044806014162151,40
antonym,pcasub_matched_cf_k4_mean,target1,4,mean,20,-0.0006021101726219058,0.000448891079580381,170,0.0005330719286575913,0.0007767248477195407,40
antonym,pcasub_matched_cf_k4_mean,target1,4,mean,21,-0.0003194148011971265,0.00038015335030779925,170,0.0010201893746852875,0.0006009655159714261,40
antonym,pcasub_matched_cf_k4_mean,target1,4,mean,22,-0.00044810492545366287,0.00033474264147130735,170,0.0009750112658366561,0.00066243594962271,40
antonym,pcasub_matched_cf_k4_mean,target1,4,mean,23,-0.0005227095680311322,0.0002658028211889321,170,-0.00029226840706542134,0.0006127834682921888,40
antonym,pcasub_matched_cf_k4_mean,target1,4,mean,24,-0.0005936703528277576,0.00026667840008724384,170,-0.0003454461693763733,0.000489416739446893,40
antonym,pcasub_matched_cf_k4_mean,target1,4,mean,25,-0.0006953872507438064,0.00024463801562770506,170,-0.0007049925625324249,0.0005152572359354336,40
antonym,pcasub_matched_cf_k4_mean,target1,4,mean,26,7.954116881592199e-05,0.0001558601689602665,170,0.0003155521990265697,0.00044579372570390993,40
antonym,pcasub_matched_cf_k4_mean,target1,4,mean,27,0.0,0.0,170,0.0,0.0,40
antonym,pcasub_matched_cf_k4_mean,final_cue,4,mean,0,0.014981851913034916,0.026157507726405273,170,0.016662711277604103,0.05106426947961601,40
antonym,pcasub_matched_cf_k4_mean,final_cue,4,mean,1,0.01341416034847498,0.0260411730196447,170,0.021086040884256363,0.0508501159024944,40
antonym,pcasub_matched_cf_k4_mean,final_cue,4,mean,2,0.006496935151517391,0.026070108123638767,170,0.01647653989493847,0.05036719009108094,40
antonym,pcasub_matched_cf_k4_mean,final_cue,4,mean,3,0.005642119795084,0.02613167664889228,170,0.01575220376253128,0.05056698571389336,40
antonym,pcasub_matched_cf_k4_mean,final_cue,4,mean,4,0.009310267865657806,0.026037657561082186,170,0.01804879680275917,0.05044549678117285,40
antonym,pcasub_matched_cf_k4_mean,final_cue,4,mean,5,0.015979940071702003,0.026040377584287254,170,0.022443218156695366,0.05007177058681257,40
antonym,pcasub_matched_cf_k4_mean,final_cue,4,mean,6,0.012424393557012081,0.026002640119484183,170,0.02031865529716015,0.050074093682143855,40
antonym,pcasub_matched_cf_k4_mean,final_cue,4,mean,7,0.013926118612289429,0.026018441397145212,170,0.01950678601861,0.05029904281992261,40
antonym,pcasub_matched_cf_k4_mean,final_cue,4,mean,8,0.007658715825527906,0.02586732467936657,170,0.008169214241206646,0.0494516172252212,40
antonym,pcasub_matched_cf_k4_mean,final_cue,4,mean,9,0.021209701895713806,0.025722982876528952,170,0.02886531874537468,0.049980623258226234,40
antonym,pcasub_matched_cf_k4_mean,final_cue,4,mean,10,0.048886917531490326,0.02542232888301764,170,0.043751686811447144,0.04891273921509843,40
antonym,pcasub_matched_cf_k4_mean,final_cue,4,mean,11,0.05116177350282669,0.025223067754509314,170,0.05209745839238167,0.0481116718594826,40
antonym,pcasub_matched_cf_k4_mean,final_cue,4,mean,12,0.04332827776670456,0.025526233769451193,170,0.040762998163700104,0.04916853415822931,40
antonym,pcasub_matched_cf_k4_mean,final_cue,4,mean,13,0.05606844276189804,0.02555756203671896,170,0.04818153753876686,0.05031104940593502,40
antonym,pcasub_matched_cf_k4_mean,final_cue,4,mean,14,0.0447632297873497,0.02485713091834261,170,0.03532075136899948,0.04953769426866258,40
antonym,pcasub_matched_cf_k4_mean,final_cue,4,mean,15,0.04047193005681038,0.024642331371558617,170,0.033013977110385895,0.04863106508422024,40
antonym,pcasub_matched_cf_k4_mean,final_cue,4,mean,16,0.032075945287942886,0.023812367719542652,170,0.015096506103873253,0.04477642792437609,40
antonym,pcasub_matched_cf_k4_mean,final_cue,4,mean,17,0.04484579339623451,0.024035505623177134,170,0.036925118416547775,0.043706739123617694,40
antonym,pcasub_matched_cf_k4_mean,final_cue,4,mean,18,0.052337177097797394,0.02430521535269669,170,0.03693113848567009,0.04459050961545948,40
antonym,pcasub_matched_cf_k4_mean,final_cue,4,mean,19,0.05569267272949219,0.0237910121087822,170,0.03874344378709793,0.04344568540890524,40
antonym,pcasub_matched_cf_k4_mean,final_cue,4,mean,20,0.06079651787877083,0.023162078743224745,170,0.04047694802284241,0.04184161871169827,40
antonym,pcasub_matched_cf_k4_mean,final_cue,4,mean,21,0.061606042087078094,0.02295011350633511,170,0.051117368042469025,0.0406296603485825,40
antonym,pcasub_matched_cf_k4_mean,final_cue,4,mean,22,0.06615528464317322,0.02291104574446872,170,0.055927664041519165,0.04066478950820671,40
antonym,pcasub_matched_cf_k4_mean,final_cue,4,mean,23,0.06341134756803513,0.022507636588618093,170,0.043884824961423874,0.04003300653347617,40
antonym,pcasub_matched_cf_k4_mean,final_cue,4,mean,24,0.07327345013618469,0.021752475860475254,170,0.05587475374341011,0.03700623007621273,40
antonym,pcasub_matched_cf_k4_mean,final_cue,4,mean,25,0.08167801052331924,0.02218348296605527,170,0.05726158618927002,0.03861560266661043,40
antonym,pcasub_matched_cf_k4_mean,final_cue,4,mean,26,0.08715520799160004,0.02232245329449633,170,0.05004770681262016,0.039337986359261126,40
antonym,pcasub_matched_cf_k4_mean,final_cue,4,mean,27,0.08895629644393921,0.021091569650722442,170,0.05315367504954338,0.03893805583805038,40
antonym,pcasub_icl10_k0_zero,cue1,0,zero,0,-0.13682721555233002,0.013253540497199824,170,-0.13147547841072083,0.020792002437227022,40
antonym,pcasub_icl10_k0_zero,cue1,0,zero,1,-0.04430999979376793,0.004390263454223433,170,-0.04217277839779854,0.009079687928885692,40
antonym,pcasub_icl10_k0_zero,cue1,0,zero,2,-0.04157022014260292,0.004690928019253508,170,-0.044484905898571014,0.009733834819320665,40
antonym,pcasub_icl10_k0_zero,cue1,0,zero,3,-0.043234068900346756,0.003997640961824581,170,-0.04410397261381149,0.008725982528214667,40
antonym,pcasub_icl10_k0_zero,cue1,0,zero,4,-0.036633700132369995,0.003691382063353833,170,-0.037467312067747116,0.007718439472668741,40
antonym,pcasub_icl10_k0_zero,cue1,0,zero,5,-0.03717760741710663,0.0036625929606053306,170,-0.03675325959920883,0.007708337777706379,40
antonym,pcasub_icl10_k0_zero,cue1,0,zero,6,-0.040038030594587326,0.0036584417823336485,170,-0.04009811207652092,0.0075069547456855885,40
antonym,pcasub_icl10_k0_zero,cue1,0,zero,7,-0.04611653462052345,0.003645696245027469,170,-0.04619327932596207,0.007020602015246412,40
antonym,pcasub_icl10_k0_zero,cue1,0,zero,8,-0.05016239359974861,0.0031185508907012223,170,-0.048370521515607834,0.0058092968754375396,40
antonym,pcasub_icl10_k0_zero,cue1,0,zero,9,-0.03771483525633812,0.0025718482266704774,170,-0.037583790719509125,0.005116764722185823,40
antonym,pcasub_icl10_k0_zero,cue1,0,zero,10,-0.017359299585223198,0.001684770944549467,170,-0.01480821706354618,0.0028102108427732653,40
antonym,pcasub_icl10_k0_zero,cue1,0,zero,11,-0.009587645530700684,0.0014372781188525155,170,-0.008251341059803963,0.0023994719497178784,40
antonym,pcasub_icl10_k0_zero,cue1,0,zero,12,-0.005618516821414232,0.001245021764389046,170,-0.004361467901617289,0.002390231402162804,40
antonym,pcasub_icl10_k0_zero,cue1,0,zero,13,-0.005206106696277857,0.001107968523731623,170,-0.0038528465665876865,0.0020548633756940077,40
antonym,pcasub_icl10_k0_zero,cue1,0,zero,14,-0.003060531336814165,0.000911640277387165,170,-0.0028226585127413273,0.001859708495108102,40
antonym,pcasub_icl10_k0_zero,cue1,0,zero,15,-0.0034648908767849207,0.0008808178001486778,170,-0.0030020109843462706,0.0017107688689749997,40
antonym,pcasub_icl10_k0_zero,cue1,0,zero,16,-0.0035431701689958572,0.000858612610711726,170,-0.0018982894252985716,0.0015969793126801714,40
antonym,pcasub_icl10_k0_zero,cue1,0,zero,17,-0.0018516464624553919,0.0007915120382632023,170,0.0004336439014878124,0.0013411057353640147,40
antonym,pcasub_icl10_k0_zero,cue1,0,zero,18,-0.0008061793050728738,0.0007198352124880238,170,0.0001834340364439413,0.0013626211675936157,40
antonym,pcasub_icl10_k0_zero,cue1,0,zero,19,-0.0003001027216669172,0.0006580151850888955,170,0.001026306999847293,0.0012025587801297991,40
antonym,pcasub_icl10_k0_zero,cue1,0,zero,20,-0.0006027994677424431,0.0004996631198697591,170,0.0004375837743282318,0.0010766288566290757,40
antonym,pcasub_icl10_k0_zero,cue1,0,zero,21,-0.0005139618879184127,0.0005040181927380502,170,0.0007904000813141465,0.001148980700619189,40
antonym,pcasub_icl10_k0_zero,cue1,0,zero,22,-0.000983847421593964,0.00044523576268184925,170,-0.0005342088406905532,0.0010693673430309497,40
antonym,pcasub_icl10_k0_zero,cue1,0,zero,23,-0.0006556049920618534,0.00042549312996775145,170,-0.0006104089552536607,0.001002680989011418,40
antonym,pcasub_icl10_k0_zero,cue1,0,zero,24,0.00011213860125280917,0.00031222930654836137,170,0.0005056880181655288,0.0006221656015572677,40
antonym,pcasub_icl10_k0_zero,cue1,0,zero,25,-5.2552539273165166e-05,0.00030473717120287145,170,0.0008431784808635712,0.000576246808290805,40
antonym,pcasub_icl10_k0_zero,cue1,0,zero,26,-0.00012125828652642667,0.0002542605084334186,170,-0.00014310478582046926,0.0005519673623605151,40
antonym,pcasub_icl10_k0_zero,cue1,0,zero,27,0.0,0.0,170,0.0,0.0,40
antonym,pcasub_icl10_k0_zero,target1,0,zero,0,-0.3114870488643646,0.02448243057884126,170,-0.32208770513534546,0.04521763697520562,40
antonym,pcasub_icl10_k0_zero,target1,0,zero,1,-0.3176686465740204,0.022583413235083956,170,-0.33913031220436096,0.04475887041280535,40
antonym,pcasub_icl10_k0_zero,target1,0,zero,2,-0.3021452724933624,0.021085715886497085,170,-0.3047703206539154,0.04229072063206108,40
antonym,pcasub_icl10_k0_zero,target1,0,zero,3,-0.3044491410255432,0.02090095545312569,170,-0.3026972711086273,0.042272706040881555,40
antonym,pcasub_icl10_k0_zero,target1,0,zero,4,-0.3092755377292633,0.020810899827700118,170,-0.3022972643375397,0.042921777934010655,40
antonym,pcasub_icl10_k0_zero,target1,0,zero,5,-0.30993926525115967,0.020754791920460813,170,-0.30415114760398865,0.04256466681903803,40
antonym,pcasub_icl10_k0_zero,target1,0,zero,6,-0.3123759627342224,0.02059138709784987,170,-0.31342262029647827,0.04236015903531023,40
antonym,pcasub_icl10_k0_zero,target1,0,zero,7,-0.3056613802909851,0.020520712209193846,170,-0.3096713423728943,0.042151320775701176,40
antonym,pcasub_icl10_k0_zero,target1,0,zero,8,-0.2522697448730469,0.019363294335028407,170,-0.2635802924633026,0.039635582881872404,40
antonym,pcasub_icl10_k0_zero,target1,0,zero,9,-0.21956409513950348,0.01813995589848135,170,-0.240149587392807,0.03765369512246969,40
antonym,pcasub_icl10_k0_zero,target1,0,zero,10,-0.25127315521240234,0.020281690741482044,170,-0.2778216600418091,0.04354244963330271,40
antonym,pcasub_icl10_k0_zero,target1,0,zero,11,-0.06618405133485794,0.010716977142980285,170,-0.06784863770008087,0.021743385369963248,40
antonym,pcasub_icl10_k0_zero,target1,0,zero,12,-0.02272350899875164,0.009813908867294024,170,-0.03268412873148918,0.021940996906191387,40
antonym,pcasub_icl10_k0_zero,target1,0,zero,13,0.02749929204583168,0.007024458212784755,170,0.03342735767364502,0.013344118751756614,40
antonym,pcasub_icl10_k0_zero,target1,0,zero,14,0.02400217019021511,0.007508226339908266,170,0.028071284294128418,0.014326574851609134,40
antonym,pcasub_icl10_k0_zero,target1,0,zero,15,0.029849817976355553,0.0055724835399815435,170,0.029583942145109177,0.010345330174250125,40
antonym,pcasub_icl10_k0_zero,target1,0,zero,16,0.02599877119064331,0.004527137193349492,170,0.024392930790781975,0.008132109477068527,40
antonym,pcasub_icl10_k0_zero,target1,0,zero,17,0.027537396177649498,0.004315521388012356,170,0.026232659816741943,0.008076131361474184,40
antonym,pcasub_icl10_k0_zero,target1,0,zero,18,0.02354590781033039,0.0035474682641676004,170,0.02323724702000618,0.007065677957542892,40
antonym,pcasub_icl10_k0_zero,target1,0,zero,19,0.01818133518099785,0.0029912538047040947,170,0.018864965066313744,0.006473461230958511,40
antonym,pcasub_icl10_k0_zero,target1,0,zero,20,0.016117606312036514,0.0027219472214810043,170,0.019767949357628822,0.005834492799852115,40
antonym,pcasub_icl10_k0_zero,target1,0,zero,21,0.012622830457985401,0.002141931130389548,170,0.014636121690273285,0.0041734864117140055,40
antonym,pcasub_icl10_k0_zero,target1,0,zero,22,0.008115051314234734,0.0016135867658343028,170,0.00946215633302927,0.0029816622286595157,40
antonym,pcasub_icl10_k0_zero,target1,0,zero,23,0.007058259099721909,0.0011588501006697658,170,0.006731074303388596,0.0020585113245176604,40
antonym,pcasub_icl10_k0_zero,target1,0,zero,24,0.006586364936083555,0.0009936737629456696,170,0.005850343499332666,0.001969035782271087,40
antonym,pcasub_icl10_k0_zero,target1,0,zero,25,0.0033772357273846865,0.0005640643835756495,170,0.0032442188821733,0.0010253030427809918,40
antonym,pcasub_icl10_k0_zero,target1,0,zero,26,0.00012525092461146414,0.00025319221360529416,170,0.0008980371057987213,0.0005528724653938409,40
antonym,pcasub_icl10_k0_zero,target1,0,zero,27,0.0,0.0,170,0.0,0.0,40
antonym,pcasub_icl10_k0_zero,final_cue,0,zero,0,-4.697680950164795,0.14180814007957257,170,-4.375533580780029,0.264930145616531,40
antonym,pcasub_icl10_k0_zero,final_cue,0,zero,1,-4.670278549194336,0.141476717823571,170,-4.350552558898926,0.2650889265907359,40
antonym,pcasub_icl10_k0_zero,final_cue,0,zero,2,-4.669850826263428,0.14143986265200925,170,-4.350911617279053,0.26513291932504196,40
antonym,pcasub_icl10_k0_zero,final_cue,0,zero,3,-4.668784141540527,0.14157110034305304,170,-4.349478244781494,0.26551473629969397,40
antonym,pcasub_icl10_k0_zero,final_cue,0,zero,4,-4.643876552581787,0.14162628709957667,170,-4.329196453094482,0.26391326129099046,40
antonym,pcasub_icl10_k0_zero,final_cue,0,zero,5,-4.642261028289795,0.14159489026029534,170,-4.327435493469238,0.26459929537433985,40
antonym,pcasub_icl10_k0_zero,final_cue,0,zero,6,-4.6656999588012695,0.14140816409586818,170,-4.354269981384277,0.2647363250137593,40
antonym,pcasub_icl10_k0_zero,final_cue,0,zero,7,-4.645322799682617,0.14052483770288962,170,-4.339341163635254,0.26187404538189113,40
antonym,pcasub_icl10_k0_zero,final_cue,0,zero,8,-4.769116401672363,0.14179642797965428,170,-4.4585394859313965,0.2632034590679838,40
antonym,pcasub_icl10_k0_zero,final_cue,0,zero,9,-4.684767246246338,0.13954808879861905,170,-4.378194808959961,0.26259287610521165,40
antonym,pcasub_icl10_k0_zero,final_cue,0,zero,10,-4.562323570251465,0.13766327271887274,170,-4.240170955657959,0.2622995158152633,40
antonym,pcasub_icl10_k0_zero,final_cue,0,zero,11,-4.567621231079102,0.13463529717231662,170,-4.262676239013672,0.2595428262851871,40
antonym,pcasub_icl10_k0_zero,final_cue,0,zero,12,-4.248716354370117,0.1295205381087035,170,-3.9046154022216797,0.2522319086249638,40
antonym,pcasub_icl10_k0_zero,final_cue,0,zero,13,-3.8944382667541504,0.12576406263288178,170,-3.6375815868377686,0.25696007203881965,40
antonym,pcasub_icl10_k0_zero,final_cue,0,zero,14,-3.7323429584503174,0.12168736499660877,170,-3.4736716747283936,0.2529893413705031,40
antonym,pcasub_icl10_k0_zero,final_cue,0,zero,15,-3.695509910583496,0.1209756423533307,170,-3.427626848220825,0.24530246866380656,40
antonym,pcasub_icl10_k0_zero,final_cue,0,zero,16,-2.6250686645507812,0.11237920787255636,170,-2.5390868186950684,0.24673025342116892,40
antonym,pcasub_icl10_k0_zero,final_cue,0,zero,17,-2.4273459911346436,0.10807410143053886,170,-2.353288173675537,0.23797639669407938,40
antonym,pcasub_icl10_k0_zero,final_cue,0,zero,18,-2.171753406524658,0.10510716411899795,170,-2.0922493934631348,0.22664572304337582,40
antonym,pcasub_icl10_k0_zero,final_cue,0,zero,19,-2.058988571166992,0.10267222677462756,170,-1.9861663579940796,0.21693173525681067,40
antonym,pcasub_icl10_k0_zero,final_cue,0,zero,20,-1.8451812267303467,0.09982836251304768,170,-1.7385399341583252,0.21008140305310097,40
antonym,pcasub_icl10_k0_zero,final_cue,0,zero,21,-1.6865167617797852,0.09611917429778598,170,-1.6190894842147827,0.1927924658059015,40
antonym,pcasub_icl10_k0_zero,final_cue,0,zero,22,-1.5655549764633179,0.09282254274498555,170,-1.5367343425750732,0.183848313172405,40
antonym,pcasub_icl10_k0_zero,final_cue,0,zero,23,-1.4709253311157227,0.09130313321116765,170,-1.4310652017593384,0.1786558322705905,40
antonym,pcasub_icl10_k0_zero,final_cue,0,zero,24,-1.3289517164230347,0.08948932116574251,170,-1.3280344009399414,0.17136342397844284,40
antonym,pcasub_icl10_k0_zero,final_cue,0,zero,25,-1.2224961519241333,0.08823009213729129,170,-1.2132498025894165,0.16326046746291759,40
antonym,pcasub_icl10_k0_zero,final_cue,0,zero,26,-1.0836478471755981,0.08708734410256291,170,-1.0872743129730225,0.16061579542212198,40
antonym,pcasub_icl10_k0_zero,final_cue,0,zero,27,-0.8433108925819397,0.08573739887162203,170,-0.8650804758071899,0.15346951123996047,40
antonym,pcasub_icl10_k0_mean,cue1,0,mean,0,-0.022444268688559532,0.001959295858005471,170,-0.02062969096004963,0.0037037944097213517,40
antonym,pcasub_icl10_k0_mean,cue1,0,mean,1,-0.021966785192489624,0.0020621135923071673,170,-0.019297663122415543,0.0036544442429645584,40
antonym,pcasub_icl10_k0_mean,cue1,0,mean,2,-0.021128850057721138,0.001856482552312985,170,-0.01897253654897213,0.0032297259882785325,40
antonym,pcasub_icl10_k0_mean,cue1,0,mean,3,-0.020915979519486427,0.0018194689508281962,170,-0.018575508147478104,0.0032038680052553447,40
antonym,pcasub_icl10_k0_mean,cue1,0,mean,4,-0.019090652465820312,0.0018389481170088936,170,-0.01792863942682743,0.0031416501050788577,40
antonym,pcasub_icl10_k0_mean,cue1,0,mean,5,-0.016677428036928177,0.0017273035931183603,170,-0.018196990713477135,0.003282640610257759,40
antonym,pcasub_icl10_k0_mean,cue1,0,mean,6,-0.018334925174713135,0.0016993239258467443,170,-0.018901774659752846,0.0032826733008741093,40
antonym,pcasub_icl10_k0_mean,cue1,0,mean,7,-0.015177092514932156,0.001394375324268689,170,-0.016331225633621216,0.003069254820855306,40
antonym,pcasub_icl10_k0_mean,cue1,0,mean,8,-0.01475459523499012,0.001398404072924471,170,-0.015908461064100266,0.0030072153937734892,40
antonym,pcasub_icl10_k0_mean,cue1,0,mean,9,-0.01694594882428646,0.0013836359469346082,170,-0.01766078732907772,0.002870334187422863,40
antonym,pcasub_icl10_k0_mean,cue1,0,mean,10,-0.004476138390600681,0.0005437884963122496,170,-0.004352433141320944,0.0009853542996980248,40
antonym,pcasub_icl10_k0_mean,cue1,0,mean,11,-0.0022865438368171453,0.00046892771480267355,170,-0.0014224856859073043,0.0008653799585742364,40
antonym,pcasub_icl10_k0_mean,cue1,0,mean,12,-0.0017353133298456669,0.00043190314893863104,170,-0.0011371917789801955,0.0008373825808679488,40
antonym,pcasub_icl10_k0_mean,cue1,0,mean,13,-0.001708230352960527,0.00043837273984630225,170,-0.0012783296406269073,0.0007920046185077983,40
antonym,pcasub_icl10_k0_mean,cue1,0,mean,14,-0.001164332963526249,0.0003764585330722821,170,-0.0008956476813182235,0.0008474208825404954,40
antonym,pcasub_icl10_k0_mean,cue1,0,mean,15,-0.0015523155452683568,0.0003623805558273603,170,-0.0010322697926312685,0.0006896599439187596,40
antonym,pcasub_icl10_k0_mean,cue1,0,mean,16,-0.0014362070942297578,0.0003498312701954437,170,-0.0009032465750351548,0.0006761561424030029,40
antonym,pcasub_icl10_k0_mean,cue1,0,mean,17,-0.0010161168174818158,0.00034818136326261186,170,-0.0005123213049955666,0.0006507920527457594,40
antonym,pcasub_icl10_k0_mean,cue1,0,mean,18,-0.0006505312048830092,0.000336655693506226,170,-0.00016514435992576182,0.0007235512777725107,40
antonym,pcasub_icl10_k0_mean,cue1,0,mean,19,-0.0007836177246645093,0.00033443396026645715,170,8.378624625038356e-05,0.0006173630996818307,40
antonym,pcasub_icl10_k0_mean,cue1,0,mean,20,-0.000477171124657616,0.0002933001629171602,170,0.00025021060719154775,0.0005931866218302935,40
antonym,pcasub_icl10_k0_mean,cue1,0,mean,21,-0.0008965749875642359,0.00030797694884206824,170,-0.00029432549490593374,0.0006557275259120275,40
antonym,pcasub_icl10_k0_mean,cue1,0,mean,22,-0.0004899957566522062,0.00029221297507071273,170,-0.0005316123133525252,0.0006315201981319972,40
antonym,pcasub_icl10_k0_mean,cue1,0,mean,23,-0.0002973037480842322,0.0002796500107506719,170,0.0005345732206478715,0.0006228750762850907,40
antonym,pcasub_icl10_k0_mean,cue1,0,mean,24,-9.523858170723543e-05,0.0002533285361968611,170,0.0003168247640132904,0.0005360889262534604,40
antonym,pcasub_icl10_k0_mean,cue1,0,mean,25,-0.0001822280464693904,0.00023033966150270364,170,0.0003930710372515023,0.0005153036212694445,40
antonym,pcasub_icl10_k0_mean,cue1,0,mean,26,4.327770511736162e-05,0.00019822531610017127,170,7.395967986667529e-05,0.000409569099108142,40
antonym,pcasub_icl10_k0_mean,cue1,0,mean,27,0.0,0.0,170,0.0,0.0,40
antonym,pcasub_icl10_k0_mean,target1,0,mean,0,-0.06078477203845978,0.008070964855029807,170,-0.07652135193347931,0.016310868169159158,40
antonym,pcasub_icl10_k0_mean,target1,0,mean,1,-0.057021062821149826,0.008079237497033957,170,-0.06957246363162994,0.0149912086561613,40
antonym,pcasub_icl10_k0_mean,target1,0,mean,2,-0.06143974885344505,0.007657429327074771,170,-0.07252945005893707,0.013605188959032271,40
antonym,pcasub_icl10_k0_mean,target1,0,mean,3,-0.06445108354091644,0.007056722488037797,170,-0.07002655416727066,0.013321029163271218,40
antonym,pcasub_icl10_k0_mean,target1,0,mean,4,-0.06347168236970901,0.007200691144834888,170,-0.0693451538681984,0.013932820795318232,40
antonym,pcasub_icl10_k0_mean,target1,0,mean,5,-0.0639256164431572,0.007060991095882724,170,-0.0709218680858612,0.013493709834136268,40
antonym,pcasub_icl10_k0_mean,target1,0,mean,6,-0.06430068612098694,0.007009959803381613,170,-0.06853555142879486,0.013333463377886694,40
antonym,pcasub_icl10_k0_mean,target1,0,mean,7,-0.06451321393251419,0.006757710222818111,170,-0.07060084491968155,0.013040085417334915,40
antonym,pcasub_icl10_k0_mean,target1,0,mean,8,-0.06486473977565765,0.006276937549820852,170,-0.07053816318511963,0.011842807791551035,40
antonym,pcasub_icl10_k0_mean,target1,0,mean,9,-0.059920378029346466,0.005983591047222644,170,-0.06630830466747284,0.011246607521932808,40
antonym,pcasub_icl10_k0_mean,target1,0,mean,10,-0.07399310171604156,0.007018257588457406,170,-0.08391434699296951,0.013896010572287454,40
antonym,pcasub_icl10_k0_mean,target1,0,mean,11,-0.017097458243370056,0.003650039424937156,170,-0.017790580168366432,0.006953924349273568,40
antonym,pcasub_icl10_k0_mean,target1,0,mean,12,-0.005261176265776157,0.0034470225501020877,170,-0.00981904100626707,0.0074850066781819435,40
antonym,pcasub_icl10_k0_mean,target1,0,mean,13,0.011831225827336311,0.002616014317746027,170,0.012946205213665962,0.005484054104735681,40
antonym,pcasub_icl10_k0_mean,target1,0,mean,14,0.011281142011284828,0.002741039670076822,170,0.01224488765001297,0.0059934416447896145,40
antonym,pcasub_icl10_k0_mean,target1,0,mean,15,0.012144507840275764,0.0021045565258249687,170,0.01246525440365076,0.004307988565822475,40
antonym,pcasub_icl10_k0_mean,target1,0,mean,16,0.010565228760242462,0.0017573859926145235,170,0.010521309450268745,0.0035876051854803626,40
antonym,pcasub_icl10_k0_mean,target1,0,mean,17,0.010310592129826546,0.001706278985181759,170,0.009648667648434639,0.003560512027277229,40
antonym,pcasub_icl10_k0_mean,target1,0,mean,18,0.008461225777864456,0.0013636934910872074,170,0.008705142885446548,0.002885383945856438,40
antonym,pcasub_icl10_k0_mean,target1,0,mean,19,0.006531805265694857,0.001133056452047516,170,0.006492000073194504,0.002620546954949043,40
antonym,pcasub_icl10_k0_mean,target1,0,mean,20,0.005542530212551355,0.0010571681617720554,170,0.007409580983221531,0.002388291022650865,40
antonym,pcasub_icl10_k0_mean,target1,0,mean,21,0.004331064876168966,0.0008725280151411348,170,0.0060399374924600124,0.00168283562083367,40
antonym,pcasub_icl10_k0_mean,target1,0,mean,22,0.0026441928930580616,0.0005954895802417721,170,0.0034304908476769924,0.0011407794054285002,40
antonym,pcasub_icl10_k0_mean,target1,0,mean,23,0.0022587948478758335,0.0004069786863030108,170,0.0024866804014891386,0.0008517586475456523,40
antonym,pcasub_icl10_k0_mean,target1,0,mean,24,0.0017913919873535633,0.000339807327536309,170,0.0020411773584783077,0.0007380994119511401,40
antonym,pcasub_icl10_k0_mean,target1,0,mean,25,0.0010265698656439781,0.00026162212480828196,170,0.0013853706186637282,0.0005352972832196754,40
antonym,pcasub_icl10_k0_mean,target1,0,mean,26,9.979763126466423e-05,0.00016145580598348936,170,0.00027930960641242564,0.0003951656061813607,40
antonym,pcasub_icl10_k0_mean,target1,0,mean,27,0.0,0.0,170,0.0,0.0,40
antonym,pcasub_icl10_k0_mean,final_cue,0,mean,0,-1.5260676145553589,0.06347560895180006,170,-1.3910911083221436,0.11421578774218831,40
antonym,pcasub_icl10_k0_mean,final_cue,0,mean,1,-1.5244299173355103,0.06342367250871978,170,-1.3896929025650024,0.11403873300795354,40
antonym,pcasub_icl10_k0_mean,final_cue,0,mean,2,-1.5232515335083008,0.06342392393943622,170,-1.3880659341812134,0.113987361029654,40
antonym,pcasub_icl10_k0_mean,final_cue,0,mean,3,-1.5218638181686401,0.0634473298534025,170,-1.386958360671997,0.1138147074537142,40
antonym,pcasub_icl10_k0_mean,final_cue,0,mean,4,-1.5195705890655518,0.063375155523383,170,-1.386231541633606,0.11368634819037905,40
antonym,pcasub_icl10_k0_mean,final_cue,0,mean,5,-1.5204931497573853,0.06335690165336985,170,-1.3836767673492432,0.11420691003102372,40
antonym,pcasub_icl10_k0_mean,final_cue,0,mean,6,-1.5241397619247437,0.06331834589587147,170,-1.3890260457992554,0.1138971137238025,40
antonym,pcasub_icl10_k0_mean,final_cue,0,mean,7,-1.515168309211731,0.06299192482539316,170,-1.3824102878570557,0.11302642890282273,40
antonym,pcasub_icl10_k0_mean,final_cue,0,mean,8,-1.5574854612350464,0.06389347308811189,170,-1.41981041431427,0.11482111193337895,40
antonym,pcasub_icl10_k0_mean,final_cue,0,mean,9,-1.5419609546661377,0.0629803041548263,170,-1.4009917974472046,0.11283548271820941,40
antonym,pcasub_icl10_k0_mean,final_cue,0,mean,10,-1.4490300416946411,0.06028362743464734,170,-1.317548394203186,0.11294454097043513,40
antonym,pcasub_icl10_k0_mean,final_cue,0,mean,11,-1.4556008577346802,0.05812580788299618,170,-1.3403383493423462,0.11208520303293963,40
antonym,pcasub_icl10_k0_mean,final_cue,0,mean,12,-1.213789939880371,0.05175153635994242,170,-1.0953261852264404,0.09660222972952782,40
antonym,pcasub_icl10_k0_mean,final_cue,0,mean,13,-1.0225403308868408,0.04866044256062604,170,-0.9627577066421509,0.09604316953420446,40
antonym,pcasub_icl10_k0_mean,final_cue,0,mean,14,-0.9038324952125549,0.04544908259243756,170,-0.8388046026229858,0.0933023505620913,40
antonym,pcasub_icl10_k0_mean,final_cue,0,mean,15,-0.8722525835037231,0.0442121714686706,170,-0.8058096766471863,0.08890990034049125,40
antonym,pcasub_icl10_k0_mean,final_cue,0,mean,16,-0.4170915186405182,0.0376013104986531,170,-0.41081899404525757,0.08344672464273142,40
antonym,pcasub_icl10_k0_mean,final_cue,0,mean,17,-0.3491789996623993,0.03561080894585412,170,-0.3474670648574829,0.07944214181039873,40
antonym,pcasub_icl10_k0_mean,final_cue,0,mean,18,-0.28204700350761414,0.034598478023740456,170,-0.2801329791545868,0.07593988475596813,40
antonym,pcasub_icl10_k0_mean,final_cue,0,mean,19,-0.2488352656364441,0.033052851123399764,170,-0.24410302937030792,0.07166277880925494,40
antonym,pcasub_icl10_k0_mean,final_cue,0,mean,20,-0.21576370298862457,0.032217913714665966,170,-0.19401080906391144,0.06859263162292628,40
antonym,pcasub_icl10_k0_mean,final_cue,0,mean,21,-0.19523781538009644,0.031186739203222416,170,-0.1842273771762848,0.06318206720178675,40
antonym,pcasub_icl10_k0_mean,final_cue,0,mean,22,-0.1783079206943512,0.0296051828535032,170,-0.18215015530586243,0.05884484821827596,40
antonym,pcasub_icl10_k0_mean,final_cue,0,mean,23,-0.1563693732023239,0.029181896956651514,170,-0.15681308507919312,0.057690807024971216,40
antonym,pcasub_icl10_k0_mean,final_cue,0,mean,24,-0.1281106173992157,0.028228885397746168,170,-0.14190936088562012,0.054613850766119826,40
antonym,pcasub_icl10_k0_mean,final_cue,0,mean,25,-0.09783201664686203,0.02768517333065738,170,-0.10933814942836761,0.05224822347041163,40
antonym,pcasub_icl10_k0_mean,final_cue,0,mean,26,-0.07275065779685974,0.027101881497334192,170,-0.0899493470788002,0.05179181770062997,40
antonym,pcasub_icl10_k0_mean,final_cue,0,mean,27,-0.019968781620264053,0.026060144610066595,170,-0.045548394322395325,0.04848690123317489,40
antonym,pcasub_icl10_k2_zero,cue1,2,zero,0,-0.19468845427036285,0.016911671134021884,170,-0.18558356165885925,0.03106961414696212,40
antonym,pcasub_icl10_k2_zero,cue1,2,zero,1,-0.03276916593313217,0.010329949841172276,170,-0.02930602803826332,0.01744973267019567,40
antonym,pcasub_icl10_k2_zero,cue1,2,zero,2,-0.02456320822238922,0.010005235070965048,170,-0.02626882866024971,0.017477755891159477,40
antonym,pcasub_icl10_k2_zero,cue1,2,zero,3,-0.025258878245949745,0.004262484364114231,170,-0.022428270429372787,0.008242063628888288,40
antonym,pcasub_icl10_k2_zero,cue1,2,zero,4,-0.024026209488511086,0.00385071342264181,170,-0.022025030106306076,0.007542701787409831,40
antonym,pcasub_icl10_k2_zero,cue1,2,zero,5,-0.02680804952979088,0.0036569091978302893,170,-0.023755397647619247,0.007092338774982039,40
antonym,pcasub_icl10_k2_zero,cue1,2,zero,6,-0.013802677392959595,0.0037660084142920056,170,-0.014756974764168262,0.006514770389623253,40
antonym,pcasub_icl10_k2_zero,cue1,2,zero,7,-0.024702511727809906,0.003744715946927384,170,-0.027491237968206406,0.006669304528803149,40
antonym,pcasub_icl10_k2_zero,cue1,2,zero,8,-0.04624434560537338,0.0033511951611507242,170,-0.0483541414141655,0.0067157735036702405,40
antonym,pcasub_icl10_k2_zero,cue1,2,zero,9,-0.03659941256046295,0.0029453605560366726,170,-0.03866971284151077,0.006151515205837081,40
antonym,pcasub_icl10_k2_zero,cue1,2,zero,10,-0.023086950182914734,0.002061118869535272,170,-0.023208726197481155,0.004525417389290331,40
antonym,pcasub_icl10_k2_zero,cue1,2,zero,11,-0.009787012822926044,0.0017422041488094361,170,-0.010552233085036278,0.0038346746791462325,40
antonym,pcasub_icl10_k2_zero,cue1,2,zero,12,-0.006297013256698847,0.0016129696177121448,170,-0.006871681660413742,0.0038582449080449993,40
antonym,pcasub_icl10_k2_zero,cue1,2,zero,13,-0.004541982896625996,0.001585958530132249,170,-0.005027803126722574,0.0036555351082164706,40
antonym,pcasub_icl10_k2_zero,cue1,2,zero,14,-0.0053248414769768715,0.0013512200989598965,170,-0.00674419617280364,0.003131543697955581,40
antonym,pcasub_icl10_k2_zero,cue1,2,zero,15,-0.005037614144384861,0.0013767921742632882,170,-0.007347979582846165,0.003326132382956497,40
antonym,pcasub_icl10_k2_zero,cue1,2,zero,16,-0.005078207701444626,0.0013920878761825791,170,-0.005400179885327816,0.003170682317498673,40
antonym,pcasub_icl10_k2_zero,cue1,2,zero,17,-0.0037469191011041403,0.0012475122142070047,170,-0.004001881927251816,0.0029449815900539126,40
antonym,pcasub_icl10_k2_zero,cue1,2,zero,18,-0.002274529542773962,0.0012004010980068516,170,-0.0033734149765223265,0.0028685350254833565,40
antonym,pcasub_icl10_k2_zero,cue1,2,zero,19,-0.001960119931027293,0.0010748565269607824,170,-0.0017974727088585496,0.002519985612383936,40
antonym,pcasub_icl10_k2_zero,cue1,2,zero,20,-0.001107909600250423,0.0010084663891445486,170,-0.0002554155944380909,0.0025055587427213633,40
antonym,pcasub_icl10_k2_zero,cue1,2,zero,21,-0.003734591417014599,0.0011454129146058487,170,-0.0024947947822511196,0.0026631292805911117,40
antonym,pcasub_icl10_k2_zero,cue1,2,zero,22,-0.005314215086400509,0.001242658172796198,170,-0.004284872207790613,0.0026270809550783423,40
antonym,pcasub_icl10_k2_zero,cue1,2,zero,23,-0.007208146620541811,0.0013505690934060368,170,-0.0075786844827234745,0.002916549883640752,40
antonym,pcasub_icl10_k2_zero,cue1,2,zero,24,-0.008297581225633621,0.0012997288025343992,170,-0.007972038350999355,0.0023759420686969494,40
antonym,pcasub_icl10_k2_zero,cue1,2,zero,25,-0.006503167562186718,0.0012594531732205926,170,-0.005451065953820944,0.002410270013710517,40
antonym,pcasub_icl10_k2_zero,cue1,2,zero,26,-0.008505362085998058,0.0014898324243467576,170,-0.010607803240418434,0.003108612261370906,40
antonym,pcasub_icl10_k2_zero,cue1,2,zero,27,0.0,0.0,170,0.0,0.0,40
antonym,pcasub_icl10_k2_zero,target1,2,zero,0,-0.3406238257884979,0.028940077750785928,170,-0.33008915185928345,0.046609208775933206,40
antonym,pcasub_icl10_k2_zero,target1,2,zero,1,-0.3439908027648926,0.026170600409530165,170,-0.3481298089027405,0.05119489529235146,40
antonym,pcasub_icl10_k2_zero,target1,2,zero,2,-0.3292783498764038,0.024051805190803462,170,-0.3134377896785736,0.046792068892415724,40
antonym,pcasub_icl10_k2_zero,target1,2,zero,3,-0.3238985538482666,0.02380748310644246,170,-0.3082355558872223,0.04625794074049567,40
antonym,pcasub_icl10_k2_zero,target1,2,zero,4,-0.3364594280719757,0.023862269859553593,170,-0.3296869397163391,0.04841566749661698,40
antonym,pcasub_icl10_k2_zero,target1,2,zero,5,-0.31912675499916077,0.02334378543625835,170,-0.31175780296325684,0.0476009584351511,40
antonym,pcasub_icl10_k2_zero,target1,2,zero,6,-0.3376394808292389,0.02335707469248882,170,-0.3295522630214691,0.04831181147004184,40
antonym,pcasub_icl10_k2_zero,target1,2,zero,7,-0.3213708698749542,0.02218806129082817,170,-0.3247923254966736,0.04668309074692557,40
antonym,pcasub_icl10_k2_zero,target1,2,zero,8,-0.2638459801673889,0.020862504839381457,170,-0.2691779136657715,0.04482032641546384,40
antonym,pcasub_icl10_k2_zero,target1,2,zero,9,-0.222959965467453,0.018731038655413337,170,-0.24059665203094482,0.04020098093362698,40
antonym,pcasub_icl10_k2_zero,target1,2,zero,10,-0.24452243745326996,0.02048835993319005,170,-0.26959505677223206,0.04500417137357767,40
antonym,pcasub_icl10_k2_zero,target1,2,zero,11,-0.06462337076663971,0.010965307261534636,170,-0.06570075452327728,0.022457348431058146,40
antonym,pcasub_icl10_k2_zero,target1,2,zero,12,-0.02241230569779873,0.010143813396061845,170,-0.029851604253053665,0.023084456942160627,40
antonym,pcasub_icl10_k2_zero,target1,2,zero,13,0.030233893543481827,0.007268170577658404,170,0.03669299930334091,0.013822712909248606,40
antonym,pcasub_icl10_k2_zero,target1,2,zero,14,0.026354003697633743,0.007787373864229268,170,0.031608521938323975,0.01494852825867018,40
antonym,pcasub_icl10_k2_zero,target1,2,zero,15,0.031730685383081436,0.005891715406270155,170,0.032897789031267166,0.011221483457972192,40
antonym,pcasub_icl10_k2_zero,target1,2,zero,16,0.028580116108059883,0.004683257382385186,170,0.029139220714569092,0.008820959076564869,40
antonym,pcasub_icl10_k2_zero,target1,2,zero,17,0.02820134535431862,0.00446865526585694,170,0.029592400416731834,0.008571440142753168,40
antonym,pcasub_icl10_k2_zero,target1,2,zero,18,0.02355261892080307,0.0036926209310657204,170,0.024574365466833115,0.007278190524625712,40
antonym,pcasub_icl10_k2_zero,target1,2,zero,19,0.01962285116314888,0.003077089108410963,170,0.020707685500383377,0.006721638965969668,40
antonym,pcasub_icl10_k2_zero,target1,2,zero,20,0.016355188563466072,0.0027204223513291725,170,0.020366603508591652,0.005931736486622733,40
antonym,pcasub_icl10_k2_zero,target1,2,zero,21,0.013202567584812641,0.0021924447041881817,170,0.015838250517845154,0.004407560354595352,40
antonym,pcasub_icl10_k2_zero,target1,2,zero,22,0.008905775845050812,0.0016498923612789493,170,0.009944685734808445,0.0029302422452206385,40
antonym,pcasub_icl10_k2_zero,target1,2,zero,23,0.007412625011056662,0.0012134937811317447,170,0.0070738038048148155,0.0021222998468292576,40
antonym,pcasub_icl10_k2_zero,target1,2,zero,24,0.006991681642830372,0.0010361724112244995,170,0.0055028595961630344,0.001992606894700026,40
antonym,pcasub_icl10_k2_zero,target1,2,zero,25,0.0038651623763144016,0.0006000969766912581,170,0.003781750798225403,0.0011223488924206775,40
antonym,pcasub_icl10_k2_zero,target1,2,zero,26,0.0002491729974281043,0.00026396560908673353,170,0.00042007266893051565,0.00058179865419306,40
antonym,pcasub_icl10_k2_zero,target1,2,zero,27,0.0,0.0,170,0.0,0.0,40
antonym,pcasub_icl10_k2_zero,final_cue,2,zero,0,-6.534960746765137,0.23947426243182743,170,-5.646059513092041,0.4303652376446125,40
antonym,pcasub_icl10_k2_zero,final_cue,2,zero,1,-6.508214473724365,0.23879702693990906,170,-5.618568420410156,0.426498476094733,40
antonym,pcasub_icl10_k2_zero,final_cue,2,zero,2,-6.501199245452881,0.23841922257392664,170,-5.622013092041016,0.42492220172260503,40
antonym,pcasub_icl10_k2_zero,final_cue,2,zero,3,-6.459739685058594,0.238386527437855,170,-5.594010353088379,0.42567920094934014,40
antonym,pcasub_icl10_k2_zero,final_cue,2,zero,4,-6.425344467163086,0.23902766662182845,170,-5.561640739440918,0.42480281441365275,40
antonym,pcasub_icl10_k2_zero,final_cue,2,zero,5,-6.438602447509766,0.23925272911331055,170,-5.584258079528809,0.42661239729702344,40
antonym,pcasub_icl10_k2_zero,final_cue,2,zero,6,-6.466433048248291,0.23845897605592875,170,-5.598649024963379,0.4255841283907113,40
antonym,pcasub_icl10_k2_zero,final_cue,2,zero,7,-6.447190284729004,0.23862181173082705,170,-5.6006693840026855,0.4230988593293614,40
antonym,pcasub_icl10_k2_zero,final_cue,2,zero,8,-6.580715179443359,0.23928262651122842,170,-5.722308158874512,0.42114500892740525,40
antonym,pcasub_icl10_k2_zero,final_cue,2,zero,9,-6.488150596618652,0.2363904966950282,170,-5.647061347961426,0.4177585862125967,40
antonym,pcasub_icl10_k2_zero,final_cue,2,zero,10,-6.343166828155518,0.23623806568032277,170,-5.469381332397461,0.4266660028395969,40
antonym,pcasub_icl10_k2_zero,final_cue,2,zero,11,-6.314054012298584,0.2325973306204773,170,-5.450308322906494,0.42481747865842145,40
antonym,pcasub_icl10_k2_zero,final_cue,2,zero,12,-5.903331756591797,0.2312375567342576,170,-5.023532867431641,0.43266296270152993,40
antonym,pcasub_icl10_k2_zero,final_cue,2,zero,13,-5.578024387359619,0.22686478342924618,170,-4.84200382232666,0.44301893529120745,40
antonym,pcasub_icl10_k2_zero,final_cue,2,zero,14,-5.406621932983398,0.22498817770525834,170,-4.652713298797607,0.44489603401617384,40
antonym,pcasub_icl10_k2_zero,final_cue,2,zero,15,-5.357161998748779,0.22409050604704028,170,-4.627907752990723,0.4392118862444478,40
antonym,pcasub_icl10_k2_zero,final_cue,2,zero,16,-4.122260093688965,0.22934182398995046,170,-3.662562131881714,0.4571372479448795,40
antonym,pcasub_icl10_k2_zero,final_cue,2,zero,17,-3.8305394649505615,0.22513058806304698,170,-3.3591957092285156,0.44238320823779076,40
antonym,pcasub_icl10_k2_zero,final_cue,2,zero,18,-3.4399499893188477,0.21479892506440226,170,-2.9787211418151855,0.4155122048610133,40
antonym,pcasub_icl10_k2_zero,final_cue,2,zero,19,-3.2751848697662354,0.21126371776197828,170,-2.774426221847534,0.4113434503423885,40
antonym,pcasub_icl10_k2_zero,final_cue,2,zero,20,-2.936511278152466,0.2024690004467559,170,-2.3822381496429443,0.37938651744641533,40
antonym,pcasub_icl10_k2_zero,final_cue,2,zero,21,-2.7138259410858154,0.1889366152849617,170,-2.183800458908081,0.33753001301838537,40
antonym,pcasub_icl10_k2_zero,final_cue,2,zero,22,-2.3723158836364746,0.17979600244740623,170,-1.8587697744369507,0.3232230631389486,40
antonym,pcasub_icl10_k2_zero,final_cue,2,zero,23,-2.1374900341033936,0.1757142670538694,170,-1.6904056072235107,0.3250619368145693,40
antonym,pcasub_icl10_k2_zero,final_cue,2,zero,24,-1.789427638053894,0.17047242119176745,170,-1.45255708694458,0.3187344471373873,40
antonym,pcasub_icl10_k2_zero,final_cue,2,zero,25,-1.776320457458496,0.17151844611561715,170,-1.3362295627593994,0.33039719619212005,40
antonym,pcasub_icl10_k2_zero,final_cue,2,zero,26,-1.720259189605713,0.16845170452405436,170,-1.4413471221923828,0.3107026442516844,40
antonym,pcasub_icl10_k2_zero,final_cue,2,zero,27,-1.5430245399475098,0.1829457436041979,170,-1.289358139038086,0.3597672658374076,40
antonym,pcasub_icl10_k2_mean,cue1,2,mean,0,-0.006948938127607107,0.003979225947579521,170,-0.0045545524917542934,0.007679981171357807,40
antonym,pcasub_icl10_k2_mean,cue1,2,mean,1,-0.0069690425880253315,0.004074293044330393,170,-0.0032194785308092833,0.007579995006934435,40
antonym,pcasub_icl10_k2_mean,cue1,2,mean,2,-0.014362245798110962,0.004131249530237667,170,-0.0123389707878232,0.00783661222214505,40
antonym,pcasub_icl10_k2_mean,cue1,2,mean,3,-0.007955453358590603,0.004052364285823158,170,-0.006102108862251043,0.007478994549874024,40
antonym,pcasub_icl10_k2_mean,cue1,2,mean,4,-0.006966962479054928,0.003686867453410213,170,-0.00046355725498870015,0.006140277291073996,40
antonym,pcasub_icl10_k2_mean,cue1,2,mean,5,-0.005456261802464724,0.003065266150404065,170,-0.004376848693937063,0.005195399496481462,40
antonym,pcasub_icl10_k2_mean,cue1,2,mean,6,-0.01752246916294098,0.0021330084828400696,170,-0.016552206128835678,0.004076115202088615,40
antonym,pcasub_icl10_k2_mean,cue1,2,mean,7,-0.01873112842440605,0.0017471319051348341,170,-0.019705388695001602,0.0035525113670630162,40
antonym,pcasub_icl10_k2_mean,cue1,2,mean,8,-0.01766943372786045,0.0016059054145888597,170,-0.017614200711250305,0.003202530340575489,40
antonym,pcasub_icl10_k2_mean,cue1,2,mean,9,-0.020329995080828667,0.0015245715778563432,170,-0.020820405334234238,0.0031389788988599476,40
antonym,pcasub_icl10_k2_mean,cue1,2,mean,10,-0.008685539476573467,0.0007423328329911926,170,-0.008644985035061836,0.0015043897683436702,40
antonym,pcasub_icl10_k2_mean,cue1,2,mean,11,-0.0038469370920211077,0.0006525794958587909,170,-0.0035659857094287872,0.0012987043861521028,40
antonym,pcasub_icl10_k2_mean,cue1,2,mean,12,-0.003956397995352745,0.0005784384347750094,170,-0.003573568072170019,0.0012851545674399069,40
antonym,pcasub_icl10_k2_mean,cue1,2,mean,13,-0.003313950262963772,0.0005784599349584318,170,-0.003085523145273328,0.0013319070082370645,40
antonym,pcasub_icl10_k2_mean,cue1,2,mean,14,-0.0024421047419309616,0.0005258628790994776,170,-0.002440804149955511,0.0012031860129241457,40
antonym,pcasub_icl10_k2_mean,cue1,2,mean,15,-0.0027247918769717216,0.0005411569738622005,170,-0.002714748028665781,0.0012115870595611382,40
antonym,pcasub_icl10_k2_mean,cue1,2,mean,16,-0.0026564530562609434,0.0005506732336187613,170,-0.0019254632061347365,0.0011964013111086455,40
antonym,pcasub_icl10_k2_mean,cue1,2,mean,17,-0.0027604876086115837,0.0005279276109998364,170,-0.002311819000169635,0.0011280115845457156,40
antonym,pcasub_icl10_k2_mean,cue1,2,mean,18,-0.0025376714766025543,0.0005037073686577759,170,-0.0023987151216715574,0.0010970096888632684,40
antonym,pcasub_icl10_k2_mean,cue1,2,mean,19,-0.0022584181278944016,0.0004988132197619469,170,-0.0017960600089281797,0.0011230518142997276,40
antonym,pcasub_icl10_k2_mean,cue1,2,mean,20,-0.002115273615345359,0.00047981548625987744,170,-0.0013604543637484312,0.0010844296917694707,40
antonym,pcasub_icl10_k2_mean,cue1,2,mean,21,-0.0024426791351288557,0.0005143863883340762,170,-0.0018912919331341982,0.00114875981807628,40
antonym,pcasub_icl10_k2_mean,cue1,2,mean,22,-0.0027517173439264297,0.0004943563960255985,170,-0.0019782178569585085,0.0010159377702166883,40
antonym,pcasub_icl10_k2_mean,cue1,2,mean,23,-0.0030151312239468098,0.0005214524843306527,170,-0.0033358565997332335,0.0009879595356641195,40
antonym,pcasub_icl10_k2_mean,cue1,2,mean,24,-0.003580809338018298,0.0004976412454778835,170,-0.003294923109933734,0.0009599686371790906,40
antonym,pcasub_icl10_k2_mean,cue1,2,mean,25,-0.0025949098635464907,0.0004643744259576476,170,-0.002349378075450659,0.0009324742090230062,40
antonym,pcasub_icl10_k2_mean,cue1,2,mean,26,-0.002335174009203911,0.00043161357503964623,170,-0.002273357706144452,0.0009850189999978892,40
antonym,pcasub_icl10_k2_mean,cue1,2,mean,27,0.0,0.0,170,0.0,0.0,40
antonym,pcasub_icl10_k2_mean,target1,2,mean,0,-0.05189475417137146,0.009796354431819308,170,-0.07166507840156555,0.019429687265582852,40
antonym,pcasub_icl10_k2_mean,target1,2,mean,1,-0.048674020916223526,0.009664765880639397,170,-0.06435499340295792,0.017222766727545125,40
antonym,pcasub_icl10_k2_mean,target1,2,mean,2,-0.054503049701452255,0.009600190472590702,170,-0.06838466227054596,0.016585232560417353,40
antonym,pcasub_icl10_k2_mean,target1,2,mean,3,-0.06690477579832077,0.008499687941124394,170,-0.07278843969106674,0.015936044041305594,40
antonym,pcasub_icl10_k2_mean,target1,2,mean,4,-0.06791127473115921,0.008528657331125249,170,-0.0771714448928833,0.016691329219507754,40
antonym,pcasub_icl10_k2_mean,target1,2,mean,5,-0.06340520828962326,0.008236184550266652,170,-0.07237511873245239,0.016847828329789365,40
antonym,pcasub_icl10_k2_mean,target1,2,mean,6,-0.06608335673809052,0.008270152268623541,170,-0.07211674749851227,0.016530739953551584,40
antonym,pcasub_icl10_k2_mean,target1,2,mean,7,-0.06442277133464813,0.007899448534646612,170,-0.06848672777414322,0.01597602554863243,40
antonym,pcasub_icl10_k2_mean,target1,2,mean,8,-0.06659622490406036,0.007276523791778501,170,-0.07175268977880478,0.01520921795895192,40
antonym,pcasub_icl10_k2_mean,target1,2,mean,9,-0.06060301885008812,0.006697917141282696,170,-0.0666670873761177,0.01351445630060649,40
antonym,pcasub_icl10_k2_mean,target1,2,mean,10,-0.07266438752412796,0.007613011805282787,170,-0.08280865848064423,0.016134206900360833,40
antonym,pcasub_icl10_k2_mean,target1,2,mean,11,-0.017259055748581886,0.0041823425375509945,170,-0.01841823197901249,0.008927659481272554,40
antonym,pcasub_icl10_k2_mean,target1,2,mean,12,-0.005031573586165905,0.004024095473227642,170,-0.007807058282196522,0.009452986494642898,40
antonym,pcasub_icl10_k2_mean,target1,2,mean,13,0.012796715833246708,0.0029136748571481526,170,0.015641773119568825,0.006433354262347307,40
antonym,pcasub_icl10_k2_mean,target1,2,mean,14,0.012859860435128212,0.0030568789359939033,170,0.015640046447515488,0.007016644978117716,40
antonym,pcasub_icl10_k2_mean,target1,2,mean,15,0.0132501982152462,0.00234888375308699,170,0.01533137820661068,0.0052872430468430456,40
antonym,pcasub_icl10_k2_mean,target1,2,mean,16,0.011645140126347542,0.0019698666624728516,170,0.013471206650137901,0.004400244430264156,40
antonym,pcasub_icl10_k2_mean,target1,2,mean,17,0.010973287746310234,0.0018416597115706254,170,0.012579873204231262,0.004158094138083893,40
antonym,pcasub_icl10_k2_mean,target1,2,mean,18,0.008450436405837536,0.001506568852842892,170,0.010157482698559761,0.0033226509795701974,40
antonym,pcasub_icl10_k2_mean,target1,2,mean,19,0.007260862737894058,0.0012418273085650702,170,0.00853922963142395,0.0029063993000088936,40
antonym,pcasub_icl10_k2_mean,target1,2,mean,20,0.005963163450360298,0.0011122613460688422,170,0.008436666801571846,0.0026449800983154408,40
antonym,pcasub_icl10_k2_mean,target1,2,mean,21,0.004937907215207815,0.0009093651865493346,170,0.007072716020047665,0.0019630319002447694,40
antonym,pcasub_icl10_k2_mean,target1,2,mean,22,0.0028259344398975372,0.0006392849538689419,170,0.0040276735089719296,0.0011926504310199972,40
antonym,pcasub_icl10_k2_mean,target1,2,mean,23,0.002501331502571702,0.00041486146783832503,170,0.003068525344133377,0.0008697328908473397,40
antonym,pcasub_icl10_k2_mean,target1,2,mean,24,0.002074895426630974,0.0003556088909140634,170,0.0023160167038440704,0.0007409774378577272,40
antonym,pcasub_icl10_k2_mean,target1,2,mean,25,0.0010612672194838524,0.00023646810664284862,170,0.0013885743683204055,0.0005152520083819181,40
antonym,pcasub_icl10_k2_mean,target1,2,mean,26,0.00017825383110903203,0.00015988472115167622,170,0.00045779571519233286,0.00040378352266173237,40
antonym,pcasub_icl10_k2_mean,target1,2,mean,27,0.0,0.0,170,0.0,0.0,40
antonym,pcasub_icl10_k2_mean,final_cue,2,mean,0,-1.6539998054504395,0.08322014768215848,170,-1.3866403102874756,0.14189130777637163,40
antonym,pcasub_icl10_k2_mean,final_cue,2,mean,1,-1.6521251201629639,0.08316057231676614,170,-1.3851730823516846,0.1416432125041765,40
antonym,pcasub_icl10_k2_mean,final_cue,2,mean,2,-1.6554418802261353,0.08327703502461872,170,-1.3891541957855225,0.14198080113647668,40
antonym,pcasub_icl10_k2_mean,final_cue,2,mean,3,-1.655449390411377,0.08334928249811936,170,-1.387053370475769,0.1418418960570129,40
antonym,pcasub_icl10_k2_mean,final_cue,2,mean,4,-1.6506904363632202,0.08344403987794226,170,-1.3831287622451782,0.14148079374174494,40
antonym,pcasub_icl10_k2_mean,final_cue,2,mean,5,-1.6541889905929565,0.08378269419564201,170,-1.380244255065918,0.1420398256641028,40
antonym,pcasub_icl10_k2_mean,final_cue,2,mean,6,-1.6522291898727417,0.08367225668204872,170,-1.3772480487823486,0.14276314236461476,40
antonym,pcasub_icl10_k2_mean,final_cue,2,mean,7,-1.647576928138733,0.0834868562432173,170,-1.380460500717163,0.14344305063877416,40
antonym,pcasub_icl10_k2_mean,final_cue,2,mean,8,-1.674207091331482,0.08365965771742155,170,-1.403931736946106,0.14291081206338116,40
antonym,pcasub_icl10_k2_mean,final_cue,2,mean,9,-1.6406540870666504,0.08170838164212019,170,-1.3694970607757568,0.13792759822781903,40
antonym,pcasub_icl10_k2_mean,final_cue,2,mean,10,-1.5366688966751099,0.07978647267449838,170,-1.2714515924453735,0.13986363666151502,40
antonym,pcasub_icl10_k2_mean,final_cue,2,mean,11,-1.541521668434143,0.07667033180435753,170,-1.2988567352294922,0.13852759767717526,40
antonym,pcasub_icl10_k2_mean,final_cue,2,mean,12,-1.2986172437667847,0.07189887624096444,170,-1.0764968395233154,0.13210838107561435,40
antonym,pcasub_icl10_k2_mean,final_cue,2,mean,13,-1.1109319925308228,0.06904569989994135,170,-0.9835928082466125,0.1338734905842656,40
antonym,pcasub_icl10_k2_mean,final_cue,2,mean,14,-0.990254282951355,0.06698431088524426,170,-0.8680272102355957,0.1352143265484172,40
antonym,pcasub_icl10_k2_mean,final_cue,2,mean,15,-0.9849625825881958,0.06662215008129165,170,-0.8716047406196594,0.13454279649636539,40
antonym,pcasub_icl10_k2_mean,final_cue,2,mean,16,-0.47882238030433655,0.06460730317794043,170,-0.42562586069107056,0.13693600878207224,40
antonym,pcasub_icl10_k2_mean,final_cue,2,mean,17,-0.3983708620071411,0.06297190636889739,170,-0.3496096134185791,0.13394168497703307,40
antonym,pcasub_icl10_k2_mean,final_cue,2,mean,18,-0.3032378554344177,0.06121590510238196,170,-0.24358609318733215,0.12807642058836327,40
antonym,pcasub_icl10_k2_mean,final_cue,2,mean,19,-0.26088011264801025,0.05984392539774625,170,-0.18452200293540955,0.12224592252292717,40
antonym,pcasub_icl10_k2_mean,final_cue,2,mean,20,-0.21413996815681458,0.0565645968497041,170,-0.125539630651474,0.111320824562211,40
antonym,pcasub_icl10_k2_mean,final_cue,2,mean,21,-0.15385693311691284,0.05248640434353519,170,-0.06391452252864838,0.09397235387400654,40
antonym,pcasub_icl10_k2_mean,final_cue,2,mean,22,-0.12661463022232056,0.050393970492559774,170,-0.05488941818475723,0.089548633752572,40
antonym,pcasub_icl10_k2_mean,final_cue,2,mean,23,-0.08512389659881592,0.0487422581157539,170,-0.02429911121726036,0.09008365250290505,40
antonym,pcasub_icl10_k2_mean,final_cue,2,mean,24,-0.026817062869668007,0.046624434333886154,170,0.009505105204880238,0.08423858443591858,40
antonym,pcasub_icl10_k2_mean,final_cue,2,mean,25,-0.007570409681648016,0.04704861166691429,170,0.028977584093809128,0.08823724879414155,40
antonym,pcasub_icl10_k2_mean,final_cue,2,mean,26,0.01770843006670475,0.04535268862722405,170,0.03679513931274414,0.08096988092509826,40
antonym,pcasub_icl10_k2_mean,final_cue,2,mean,27,0.11607635766267776,0.04508353433101444,170,0.13636711239814758,0.08325248936979915,40
antonym,pcasub_icl10_k3_zero,cue1,3,zero,0,-0.3066226840019226,0.026007744163027806,170,-0.30947989225387573,0.05065687018335437,40
antonym,pcasub_icl10_k3_zero,cue1,3,zero,1,-0.009439069777727127,0.011113705098975104,170,-0.013768857344985008,0.02115705825550299,40
antonym,pcasub_icl10_k3_zero,cue1,3,zero,2,-0.0004532638704404235,0.01063660045727056,170,-0.014166724868118763,0.021650878582952823,40
antonym,pcasub_icl10_k3_zero,cue1,3,zero,3,-0.00952365156263113,0.005313836761985117,170,-0.008966433815658092,0.009920718532204808,40
antonym,pcasub_icl10_k3_zero,cue1,3,zero,4,-0.015543527901172638,0.0047549028507499905,170,-0.01253936905413866,0.008882542307568065,40
antonym,pcasub_icl10_k3_zero,cue1,3,zero,5,-0.01958189345896244,0.004467469827172294,170,-0.015014709904789925,0.008172153420527488,40
antonym,pcasub_icl10_k3_zero,cue1,3,zero,6,-0.009271945804357529,0.004679534779198335,170,-0.009374263696372509,0.0076319236092421165,40
antonym,pcasub_icl10_k3_zero,cue1,3,zero,7,-0.031678661704063416,0.004096160945175582,170,-0.0334903784096241,0.007728555893133962,40
antonym,pcasub_icl10_k3_zero,cue1,3,zero,8,-0.055490005761384964,0.0036920592119878675,170,-0.05588299781084061,0.007714534269310114,40
antonym,pcasub_icl10_k3_zero,cue1,3,zero,9,-0.04783671721816063,0.0034271663807051,170,-0.04820679873228073,0.007194021317334951,40
antonym,pcasub_icl10_k3_zero,cue1,3,zero,10,-0.02330010011792183,0.0020592847110305528,170,-0.022565195336937904,0.004133026620054262,40
antonym,pcasub_icl10_k3_zero,cue1,3,zero,11,-0.00771573930978775,0.001629392757821267,170,-0.00761192524805665,0.003233594083369951,40
antonym,pcasub_icl10_k3_zero,cue1,3,zero,12,-0.004471346735954285,0.001529988909786981,170,-0.005103991366922855,0.0032869958249838057,40
antonym,pcasub_icl10_k3_zero,cue1,3,zero,13,-0.002598037011921406,0.0015237524280108678,170,-0.002795218722894788,0.003176572813152964,40
antonym,pcasub_icl10_k3_zero,cue1,3,zero,14,-0.0033361504320055246,0.0013135643491396676,170,-0.005010619759559631,0.0027450192745491118,40
antonym,pcasub_icl10_k3_zero,cue1,3,zero,15,-0.003383175702765584,0.0013580978719212797,170,-0.005303648766130209,0.0027715219400875355,40
antonym,pcasub_icl10_k3_zero,cue1,3,zero,16,-0.0027060282882303,0.001337680269163162,170,-0.0019378550350666046,0.0027715938005414952,40
antonym,pcasub_icl10_k3_zero,cue1,3,zero,17,-0.001564235775731504,0.00125536670978672,170,-0.0013347945641726255,0.0025395184029083874,40
antonym,pcasub_icl10_k3_zero,cue1,3,zero,18,-0.00042142448364757,0.0011961224186474316,170,-0.0012757480144500732,0.002618515719084454,40
antonym,pcasub_icl10_k3_zero,cue1,3,zero,19,-0.0010980617953464389,0.0011181426105288104,170,0.00041729287477210164,0.0021127089795611297,40
antonym,pcasub_icl10_k3_zero,cue1,3,zero,20,0.0008550499915145338,0.0009937661208764507,170,0.001835401402786374,0.0021975053460187234,40
antonym,pcasub_icl10_k3_zero,cue1,3,zero,21,-0.0014945563161745667,0.0011169122428894387,170,0.0010548934806138277,0.0023563384485037384,40
antonym,pcasub_icl10_k3_zero,cue1,3,zero,22,-0.0030496863182634115,0.0013678232406046482,170,-0.000730102532543242,0.002735595541738452,40
antonym,pcasub_icl10_k3_zero,cue1,3,zero,23,-0.0056142485700547695,0.0014720239867050968,170,-0.004463193006813526,0.0031078624387652454,40
antonym,pcasub_icl10_k3_zero,cue1,3,zero,24,-0.007456236518919468,0.0014056128487097061,170,-0.0069923363626003265,0.0025241061025943847,40
antonym,pcasub_icl10_k3_zero,cue1,3,zero,25,-0.0062422133050858974,0.001412053046509476,170,-0.00439956272020936,0.002568540012966143,40
antonym,pcasub_icl10_k3_zero,cue1,3,zero,26,-0.00712246261537075,0.0015394844193665177,170,-0.009172448888421059,0.0033848756534780007,40
antonym,pcasub_icl10_k3_zero,cue1,3,zero,27,0.0,0.0,170,0.0,0.0,40
antonym,pcasub_icl10_k3_zero,target1,3,zero,0,-0.31487327814102173,0.031185004331279013,170,-0.29577717185020447,0.050885103697291156,40
antonym,pcasub_icl10_k3_zero,target1,3,zero,1,-0.3154864013195038,0.02847499035446007,170,-0.3142535090446472,0.05533827011228597,40
antonym,pcasub_icl10_k3_zero,target1,3,zero,2,-0.31600621342658997,0.02665189594413092,170,-0.3001474440097809,0.052203698261922137,40
antonym,pcasub_icl10_k3_zero,target1,3,zero,3,-0.3063502907752991,0.02662971746920759,170,-0.2914522886276245,0.052669278609006054,40
antonym,pcasub_icl10_k3_zero,target1,3,zero,4,-0.3192688524723053,0.026020624272910624,170,-0.3089268207550049,0.05371124576709923,40
antonym,pcasub_icl10_k3_zero,target1,3,zero,5,-0.3000640571117401,0.02555632088327329,170,-0.2898431122303009,0.052886136966493094,40
antonym,pcasub_icl10_k3_zero,target1,3,zero,6,-0.32256436347961426,0.02380082019245694,170,-0.3195081949234009,0.050242638253765425,40
antonym,pcasub_icl10_k3_zero,target1,3,zero,7,-0.306166410446167,0.02282170326798431,170,-0.31422922015190125,0.04811454627764099,40
antonym,pcasub_icl10_k3_zero,target1,3,zero,8,-0.2601601183414459,0.021554314169917883,170,-0.2716063857078552,0.04739627630146943,40
antonym,pcasub_icl10_k3_zero,target1,3,zero,9,-0.19637130200862885,0.01843785901138149,170,-0.21693654358386993,0.03979420835476709,40
antonym,pcasub_icl10_k3_zero,target1,3,zero,10,-0.228123739361763,0.020248259599131367,170,-0.2556905150413513,0.04577835585117122,40
antonym,pcasub_icl10_k3_zero,target1,3,zero,11,-0.0584816075861454,0.011503510710199718,170,-0.062445372343063354,0.025134506109204424,40
antonym,pcasub_icl10_k3_zero,target1,3,zero,12,-0.010440756566822529,0.010339300778089863,170,-0.019374143332242966,0.0247267109914259,40
antonym,pcasub_icl10_k3_zero,target1,3,zero,13,0.038232121616601944,0.007341154628871501,170,0.04397115856409073,0.015093420138576964,40
antonym,pcasub_icl10_k3_zero,target1,3,zero,14,0.030104104429483414,0.007724667043550441,170,0.03468002751469612,0.015923069106225075,40
antonym,pcasub_icl10_k3_zero,target1,3,zero,15,0.029749926179647446,0.0057560531060505534,170,0.030348967760801315,0.011026198551196029,40
antonym,pcasub_icl10_k3_zero,target1,3,zero,16,0.026477530598640442,0.004588449430702276,170,0.027369970455765724,0.008598545670378705,40
antonym,pcasub_icl10_k3_zero,target1,3,zero,17,0.026339806616306305,0.004412923647542115,170,0.028141368180513382,0.008542482735887886,40
antonym,pcasub_icl10_k3_zero,target1,3,zero,18,0.02210373431444168,0.003622605476606893,170,0.022847486659884453,0.007134216927077314,40
antonym,pcasub_icl10_k3_zero,target1,3,zero,19,0.018837597221136093,0.003021482634020909,170,0.02030256576836109,0.006579987874732442,40
antonym,pcasub_icl10_k3_zero,target1,3,zero,20,0.015227525494992733,0.0026705959262498854,170,0.019410813227295876,0.005911629106976661,40
antonym,pcasub_icl10_k3_zero,target1,3,zero,21,0.012912876904010773,0.002175609703422536,170,0.015877190977334976,0.004405096188946661,40
antonym,pcasub_icl10_k3_zero,target1,3,zero,22,0.009275269694626331,0.0017200368168383113,170,0.010356111451983452,0.003112798427324113,40
antonym,pcasub_icl10_k3_zero,target1,3,zero,23,0.0077071948908269405,0.0011918623108750212,170,0.007214482873678207,0.0020621757659045168,40
antonym,pcasub_icl10_k3_zero,target1,3,zero,24,0.007020577788352966,0.001043478616412353,170,0.005577687174081802,0.001959730589758455,40
antonym,pcasub_icl10_k3_zero,target1,3,zero,25,0.004241482820361853,0.0006300872325441825,170,0.00413749972358346,0.00120772051064752,40
antonym,pcasub_icl10_k3_zero,target1,3,zero,26,6.499132723547518e-05,0.0002459013299767233,170,-2.391636257925711e-07,0.0005539587657398663,40
antonym,pcasub_icl10_k3_zero,target1,3,zero,27,0.0,0.0,170,0.0,0.0,40
antonym,pcasub_icl10_k3_zero,final_cue,3,zero,0,-7.158751487731934,0.26723402382738204,170,-6.068857669830322,0.509822599734768,40
antonym,pcasub_icl10_k3_zero,final_cue,3,zero,1,-7.126494884490967,0.26700603559665415,170,-6.037084102630615,0.5070792550444041,40
antonym,pcasub_icl10_k3_zero,final_cue,3,zero,2,-7.1246538162231445,0.26634977399795406,170,-6.049010276794434,0.5060775250283674,40
antonym,pcasub_icl10_k3_zero,final_cue,3,zero,3,-7.104467868804932,0.26650052271259317,170,-6.0471954345703125,0.508826675100979,40
antonym,pcasub_icl10_k3_zero,final_cue,3,zero,4,-7.067255020141602,0.2671283680688686,170,-6.007853984832764,0.5057021731384913,40
antonym,pcasub_icl10_k3_zero,final_cue,3,zero,5,-7.089059829711914,0.26766266291276003,170,-6.030453681945801,0.5081091072367838,40
antonym,pcasub_icl10_k3_zero,final_cue,3,zero,6,-7.116430759429932,0.2672521816965762,170,-6.046762943267822,0.5048990701293601,40
antonym,pcasub_icl10_k3_zero,final_cue,3,zero,7,-7.1269307136535645,0.26675354429974285,170,-6.087277412414551,0.49790128498628605,40
antonym,pcasub_icl10_k3_zero,final_cue,3,zero,8,-7.246140956878662,0.26771203476253264,170,-6.191020488739014,0.5007523685238193,40
antonym,pcasub_icl10_k3_zero,final_cue,3,zero,9,-7.133138656616211,0.2653793428618674,170,-6.068655490875244,0.4940492630757499,40
antonym,pcasub_icl10_k3_zero,final_cue,3,zero,10,-7.074193000793457,0.26530279820884944,170,-5.967554092407227,0.49860317077895483,40
antonym,pcasub_icl10_k3_zero,final_cue,3,zero,11,-7.004701137542725,0.2611852590812923,170,-5.928846836090088,0.49547893269747845,40
antonym,pcasub_icl10_k3_zero,final_cue,3,zero,12,-6.61301326751709,0.25865910267299935,170,-5.52919864654541,0.5018930507409289,40
antonym,pcasub_icl10_k3_zero,final_cue,3,zero,13,-6.284209251403809,0.25157627196222704,170,-5.359816074371338,0.5002348224661605,40
antonym,pcasub_icl10_k3_zero,final_cue,3,zero,14,-6.006114959716797,0.244747651420173,170,-5.051217079162598,0.4877203032043624,40
antonym,pcasub_icl10_k3_zero,final_cue,3,zero,15,-5.90165376663208,0.24125590963141919,170,-5.000208854675293,0.46870300187932984,40
antonym,pcasub_icl10_k3_zero,final_cue,3,zero,16,-4.648928642272949,0.2422485580999036,170,-4.0581159591674805,0.4769516961076462,40
antonym,pcasub_icl10_k3_zero,final_cue,3,zero,17,-4.323286533355713,0.238683087682156,170,-3.71110463142395,0.4622289451490357,40
antonym,pcasub_icl10_k3_zero,final_cue,3,zero,18,-3.9126858711242676,0.22414170648384155,170,-3.32637357711792,0.4295190466360709,40
antonym,pcasub_icl10_k3_zero,final_cue,3,zero,19,-3.678537607192993,0.21970652350354342,170,-3.0615029335021973,0.41863289939748133,40
antonym,pcasub_icl10_k3_zero,final_cue,3,zero,20,-3.228024482727051,0.20749558504384913,170,-2.5592002868652344,0.37332882725460476,40
antonym,pcasub_icl10_k3_zero,final_cue,3,zero,21,-2.801346778869629,0.18807383306724962,170,-2.227189302444458,0.32579051228666284,40
antonym,pcasub_icl10_k3_zero,final_cue,3,zero,22,-2.509280204772949,0.18148044196055677,170,-1.931483268737793,0.30246718177121845,40
antonym,pcasub_icl10_k3_zero,final_cue,3,zero,23,-2.350853681564331,0.17662550682783976,170,-1.8121392726898193,0.30832051496845053,40
antonym,pcasub_icl10_k3_zero,final_cue,3,zero,24,-2.0066537857055664,0.17223629452544106,170,-1.5570313930511475,0.2993365728481845,40
antonym,pcasub_icl10_k3_zero,final_cue,3,zero,25,-1.9727377891540527,0.17201017145348238,170,-1.4250043630599976,0.3037328870417351,40
antonym,pcasub_icl10_k3_zero,final_cue,3,zero,26,-1.8157262802124023,0.16545889270605854,170,-1.4929108619689941,0.2913666312109788,40
antonym,pcasub_icl10_k3_zero,final_cue,3,zero,27,-1.541269063949585,0.18211839940310046,170,-1.2550973892211914,0.355667949722032,40
antonym,pcasub_icl10_k3_mean,cue1,3,mean,0,0.0010320954024791718,0.004202995570889046,170,0.0024166121147572994,0.0076699595831310075,40
antonym,pcasub_icl10_k3_mean,cue1,3,mean,1,-0.000326165376463905,0.004277879638311565,170,0.0022640943061560392,0.008086591180666115,40
antonym,pcasub_icl10_k3_mean,cue1,3,mean,2,-0.009029306471347809,0.004238977020711198,170,-0.008762804791331291,0.008084416518403664,40
antonym,pcasub_icl10_k3_mean,cue1,3,mean,3,-0.002345192711800337,0.0040701110086526025,170,-0.0015545986825600266,0.008207465765407285,40
antonym,pcasub_icl10_k3_mean,cue1,3,mean,4,-0.004273264668881893,0.003966593839812461,170,0.0024398162495344877,0.006801722729746789,40
antonym,pcasub_icl10_k3_mean,cue1,3,mean,5,-0.0021607496310025454,0.0031891734931968952,170,0.0012021273141726851,0.005551495140776818,40
antonym,pcasub_icl10_k3_mean,cue1,3,mean,6,-0.016372695565223694,0.0022382169518233197,170,-0.015746835619211197,0.004266444682642136,40
antonym,pcasub_icl10_k3_mean,cue1,3,mean,7,-0.015536937862634659,0.0017687626610997495,170,-0.016625676304101944,0.003281412208809129,40
antonym,pcasub_icl10_k3_mean,cue1,3,mean,8,-0.016509493812918663,0.0016906137086809812,170,-0.015910614281892776,0.0032789312560871776,40
antonym,pcasub_icl10_k3_mean,cue1,3,mean,9,-0.01797778159379959,0.0014479439241303668,170,-0.017650965601205826,0.0029442408972600253,40
antonym,pcasub_icl10_k3_mean,cue1,3,mean,10,-0.007650882937014103,0.0007800760835579079,170,-0.007156061474233866,0.0015326075132002664,40
antonym,pcasub_icl10_k3_mean,cue1,3,mean,11,-0.00446814950555563,0.0006681929862034847,170,-0.0044457376934587955,0.0012691713593799992,40
antonym,pcasub_icl10_k3_mean,cue1,3,mean,12,-0.0030689190607517958,0.0006384063035158556,170,-0.0022058896720409393,0.0013332034415089104,40
antonym,pcasub_icl10_k3_mean,cue1,3,mean,13,-0.003573112655431032,0.0005960882639206919,170,-0.00286276638507843,0.001258495369806075,40
antonym,pcasub_icl10_k3_mean,cue1,3,mean,14,-0.0025028728414326906,0.0005976745631680166,170,-0.0017854220932349563,0.0012150140522143677,40
antonym,pcasub_icl10_k3_mean,cue1,3,mean,15,-0.002905340166762471,0.0005878719795401977,170,-0.002175078494474292,0.0012539606512001577,40
antonym,pcasub_icl10_k3_mean,cue1,3,mean,16,-0.0025928406976163387,0.0005788088307920754,170,-0.0013778634602203965,0.0012049915804573964,40
antonym,pcasub_icl10_k3_mean,cue1,3,mean,17,-0.0026430878788232803,0.0005822720746234216,170,-0.0018889748025685549,0.0011471945707497142,40
antonym,pcasub_icl10_k3_mean,cue1,3,mean,18,-0.0022517184261232615,0.0005751318708517596,170,-0.001471351832151413,0.0011948602872342852,40
antonym,pcasub_icl10_k3_mean,cue1,3,mean,19,-0.002339534694328904,0.0005634173423413244,170,-0.0015399164985865355,0.0012072799972294456,40
antonym,pcasub_icl10_k3_mean,cue1,3,mean,20,-0.0015717304777354002,0.0004929685984717319,170,-0.0003810383495874703,0.0010327006200255497,40
antonym,pcasub_icl10_k3_mean,cue1,3,mean,21,-0.0022993276361376047,0.0005075436156712876,170,-0.001258434378542006,0.0010262851601942787,40
antonym,pcasub_icl10_k3_mean,cue1,3,mean,22,-0.0022509011905640364,0.0005562143523197346,170,-0.000513938837684691,0.0011732995004558736,40
antonym,pcasub_icl10_k3_mean,cue1,3,mean,23,-0.0027669817209243774,0.000570703940219047,170,-0.0022027932573109865,0.0011406631475834159,40
antonym,pcasub_icl10_k3_mean,cue1,3,mean,24,-0.003582115052267909,0.000528365293305221,170,-0.003467718604952097,0.0008875605417680499,40
antonym,pcasub_icl10_k3_mean,cue1,3,mean,25,-0.002714290050789714,0.000488692311989869,170,-0.0023012615274637938,0.0008501249266307846,40
antonym,pcasub_icl10_k3_mean,cue1,3,mean,26,-0.001839158940128982,0.00039956723021724054,170,-0.0025282851420342922,0.0008991625445893621,40
antonym,pcasub_icl10_k3_mean,cue1,3,mean,27,0.0,0.0,170,0.0,0.0,40
antonym,pcasub_icl10_k3_mean,target1,3,mean,0,-0.059168726205825806,0.010160395251810717,170,-0.0694069117307663,0.01984699977037023,40
antonym,pcasub_icl10_k3_mean,target1,3,mean,1,-0.053391847759485245,0.010135987043579367,170,-0.0612344928085804,0.01784363869367609,40
antonym,pcasub_icl10_k3_mean,target1,3,mean,2,-0.057269398123025894,0.009965915878382223,170,-0.067735455930233,0.01654133642541006,40
antonym,pcasub_icl10_k3_mean,target1,3,mean,3,-0.07178521901369095,0.008669940822157506,170,-0.0766504555940628,0.015382505320534827,40
antonym,pcasub_icl10_k3_mean,target1,3,mean,4,-0.0756852775812149,0.008600441943534263,170,-0.08149345964193344,0.016870609271734806,40
antonym,pcasub_icl10_k3_mean,target1,3,mean,5,-0.06790594756603241,0.008321760708905558,170,-0.0778338685631752,0.016715139768613205,40
antonym,pcasub_icl10_k3_mean,target1,3,mean,6,-0.06978267431259155,0.008215442659027678,170,-0.07227747142314911,0.016591571594888777,40
antonym,pcasub_icl10_k3_mean,target1,3,mean,7,-0.06497010588645935,0.008046615504443442,170,-0.0658707246184349,0.01582827692117069,40
antonym,pcasub_icl10_k3_mean,target1,3,mean,8,-0.0708422139286995,0.007527579647872385,170,-0.07304954528808594,0.015645117582470044,40
antonym,pcasub_icl10_k3_mean,target1,3,mean,9,-0.06332927942276001,0.006887908476422828,170,-0.06662390381097794,0.014444627440982101,40
antonym,pcasub_icl10_k3_mean,target1,3,mean,10,-0.07221908867359161,0.0075826932609148814,170,-0.08052100241184235,0.016047404184138483,40
antonym,pcasub_icl10_k3_mean,target1,3,mean,11,-0.015928015112876892,0.0041264483464206565,170,-0.016776425763964653,0.00900550025645395,40
antonym,pcasub_icl10_k3_mean,target1,3,mean,12,-0.0034818074200302362,0.0039578003362218785,170,-0.005593230482190847,0.009596546600070971,40
antonym,pcasub_icl10_k3_mean,target1,3,mean,13,0.014254418201744556,0.002921277779153072,170,0.017906799912452698,0.006570451639079927,40
antonym,pcasub_icl10_k3_mean,target1,3,mean,14,0.013968653976917267,0.003120289476962024,170,0.017547989264130592,0.007287217846899365,40
antonym,pcasub_icl10_k3_mean,target1,3,mean,15,0.013483228161931038,0.0024300318739494124,170,0.015349656343460083,0.005417078983605054,40
antonym,pcasub_icl10_k3_mean,target1,3,mean,16,0.011884543113410473,0.001971312389092351,170,0.0135433878749609,0.0044010139850436504,40
antonym,pcasub_icl10_k3_mean,target1,3,mean,17,0.011354692280292511,0.0019101240099390843,170,0.013849377632141113,0.004348124690929343,40
antonym,pcasub_icl10_k3_mean,target1,3,mean,18,0.009213524870574474,0.00155612484704365,170,0.01048818789422512,0.003498160714044825,40
antonym,pcasub_icl10_k3_mean,target1,3,mean,19,0.007209602743387222,0.001292451454735591,170,0.008556028828024864,0.0030092148225518995,40
antonym,pcasub_icl10_k3_mean,target1,3,mean,20,0.005831207148730755,0.0010851390432544325,170,0.008310643956065178,0.0026205451878887,40
antonym,pcasub_icl10_k3_mean,target1,3,mean,21,0.005014865193516016,0.0009078188876432609,170,0.006922531872987747,0.0019368973722778602,40
antonym,pcasub_icl10_k3_mean,target1,3,mean,22,0.003222817787900567,0.0006404457494862092,170,0.004091544542461634,0.001245973685703605,40
antonym,pcasub_icl10_k3_mean,target1,3,mean,23,0.0023695314303040504,0.00043735323114866783,170,0.002856047358363867,0.0008470693847872133,40
antonym,pcasub_icl10_k3_mean,target1,3,mean,24,0.0021157285664230585,0.0003808934280501232,170,0.0020005807746201754,0.0008062766495077917,40
antonym,pcasub_icl10_k3_mean,target1,3,mean,25,0.0011244687484577298,0.00026461361461499943,170,0.0011515177320688963,0.0006091587857630557,40
antonym,pcasub_icl10_k3_mean,target1,3,mean,26,0.00020237162243574858,0.00015607808153360835,170,0.0003876112459693104,0.0003806961061880068,40
antonym,pcasub_icl10_k3_mean,target1,3,mean,27,0.0,0.0,170,0.0,0.0,40
antonym,pcasub_icl10_k3_mean,final_cue,3,mean,0,-1.7011988162994385,0.08298702112188017,170,-1.4105403423309326,0.14003030579309225,40
antonym,pcasub_icl10_k3_mean,final_cue,3,mean,1,-1.6986514329910278,0.08287812876432607,170,-1.4086761474609375,0.1398719017917606,40
antonym,pcasub_icl10_k3_mean,final_cue,3,mean,2,-1.7016161680221558,0.08309716606154888,170,-1.4140980243682861,0.14082078963529213,40
antonym,pcasub_icl10_k3_mean,final_cue,3,mean,3,-1.706960916519165,0.0833415658608586,170,-1.4153385162353516,0.14119401162843445,40
antonym,pcasub_icl10_k3_mean,final_cue,3,mean,4,-1.701927661895752,0.08326588064374417,170,-1.4098306894302368,0.14065160420978606,40
antonym,pcasub_icl10_k3_mean,final_cue,3,mean,5,-1.699155569076538,0.08380188521650733,170,-1.401810884475708,0.14107209860123157,40
antonym,pcasub_icl10_k3_mean,final_cue,3,mean,6,-1.7169402837753296,0.08407551497946948,170,-1.4128903150558472,0.14174275219135313,40
antonym,pcasub_icl10_k3_mean,final_cue,3,mean,7,-1.7135124206542969,0.08384550616007498,170,-1.4195786714553833,0.14254092628016693,40
antonym,pcasub_icl10_k3_mean,final_cue,3,mean,8,-1.7385892868041992,0.0838355586466393,170,-1.441270351409912,0.1417590656924422,40
antonym,pcasub_icl10_k3_mean,final_cue,3,mean,9,-1.6970980167388916,0.08207219731733369,170,-1.3974546194076538,0.1371182940149231,40
antonym,pcasub_icl10_k3_mean,final_cue,3,mean,10,-1.6186696290969849,0.07984323201586664,170,-1.3360421657562256,0.14076416830973285,40
antonym,pcasub_icl10_k3_mean,final_cue,3,mean,11,-1.6298041343688965,0.07749296739385632,170,-1.3683981895446777,0.13944398103471245,40
antonym,pcasub_icl10_k3_mean,final_cue,3,mean,12,-1.3804395198822021,0.07213866800096205,170,-1.1402469873428345,0.13304682677055737,40
antonym,pcasub_icl10_k3_mean,final_cue,3,mean,13,-1.199022889137268,0.06870711872572273,170,-1.0596420764923096,0.13150021073923082,40
antonym,pcasub_icl10_k3_mean,final_cue,3,mean,14,-1.0802286863327026,0.06689498898036393,170,-0.9387519955635071,0.13057185849296854,40
antonym,pcasub_icl10_k3_mean,final_cue,3,mean,15,-1.0699474811553955,0.06577816573823377,170,-0.9443429708480835,0.12610039475713927,40
antonym,pcasub_icl10_k3_mean,final_cue,3,mean,16,-0.5462856292724609,0.06445813161961347,170,-0.4765639901161194,0.13222736313872788,40
antonym,pcasub_icl10_k3_mean,final_cue,3,mean,17,-0.46471908688545227,0.06305301334655167,170,-0.3953061103820801,0.12952360060005333,40
antonym,pcasub_icl10_k3_mean,final_cue,3,mean,18,-0.3648705780506134,0.06139256946668416,170,-0.2815069258213043,0.12386613308343025,40
antonym,pcasub_icl10_k3_mean,final_cue,3,mean,19,-0.31832030415534973,0.06000965938308489,170,-0.21458324790000916,0.1188598862053137,40
antonym,pcasub_icl10_k3_mean,final_cue,3,mean,20,-0.25594037771224976,0.05639151194451042,170,-0.1412379890680313,0.10663215848114788,40
antonym,pcasub_icl10_k3_mean,final_cue,3,mean,21,-0.17820285260677338,0.052089317527336,170,-0.07572294771671295,0.09086283658322983,40
antonym,pcasub_icl10_k3_mean,final_cue,3,mean,22,-0.15469279885292053,0.050416110110008745,170,-0.07021437585353851,0.083877293634214,40
antonym,pcasub_icl10_k3_mean,final_cue,3,mean,23,-0.1273689568042755,0.049041017235956816,170,-0.04150763154029846,0.08484269288959306,40
antonym,pcasub_icl10_k3_mean,final_cue,3,mean,24,-0.06520167738199234,0.046962663505101754,170,-0.0051729618571698666,0.07902189245132082,40
antonym,pcasub_icl10_k3_mean,final_cue,3,mean,25,-0.0407668799161911,0.04683253668067784,170,0.021841613575816154,0.0810234864676717,40
antonym,pcasub_icl10_k3_mean,final_cue,3,mean,26,4.087335764779709e-05,0.04505426779562143,170,0.028009802103042603,0.07740799147428344,40
antonym,pcasub_icl10_k3_mean,final_cue,3,mean,27,0.10930176079273224,0.044877105141353936,170,0.13625530898571014,0.0824284455175599,40
antonym,pcasub_icl10_k4_zero,cue1,4,zero,0,-0.3680358827114105,0.0249143976926113,170,-0.35610753297805786,0.04370523123212477,40
antonym,pcasub_icl10_k4_zero,cue1,4,zero,1,-0.10844971984624863,0.014337370314999275,170,-0.09745480120182037,0.024162370819796834,40
antonym,pcasub_icl10_k4_zero,cue1,4,zero,2,-0.08746625483036041,0.01336103512854393,170,-0.0870402380824089,0.02428530874199883,40
antonym,pcasub_icl10_k4_zero,cue1,4,zero,3,-0.07863293588161469,0.00824848465520133,170,-0.0725303664803505,0.018603607759828143,40
antonym,pcasub_icl10_k4_zero,cue1,4,zero,4,-0.034029845148324966,0.005899476043906292,170,-0.03418885916471481,0.011873016277139353,40
antonym,pcasub_icl10_k4_zero,cue1,4,zero,5,-0.03494330123066902,0.005084639378084557,170,-0.029872888699173927,0.010445926563512039,40
antonym,pcasub_icl10_k4_zero,cue1,4,zero,6,-0.022915763780474663,0.0051823767833306545,170,-0.022553347051143646,0.00971287630560925,40
antonym,pcasub_icl10_k4_zero,cue1,4,zero,7,-0.045025262981653214,0.0048491390832697346,170,-0.04649078845977783,0.010333852528300469,40
antonym,pcasub_icl10_k4_zero,cue1,4,zero,8,-0.06111791729927063,0.0043090927617398765,170,-0.061904262751340866,0.00926117386144126,40
antonym,pcasub_icl10_k4_zero,cue1,4,zero,9,-0.05305752530694008,0.003805651895355685,170,-0.05492650717496872,0.008583030291544677,40
antonym,pcasub_icl10_k4_zero,cue1,4,zero,10,-0.02264617383480072,0.0021044998110554096,170,-0.02159390226006508,0.00398754189140231,40
antonym,pcasub_icl10_k4_zero,cue1,4,zero,11,-0.004774404689669609,0.0015471499133338223,170,-0.00506880646571517,0.0033106703104428255,40
antonym,pcasub_icl10_k4_zero,cue1,4,zero,12,-0.001382865128107369,0.001390056287422114,170,-0.0015580005710944533,0.0030966725291414867,40
antonym,pcasub_icl10_k4_zero,cue1,4,zero,13,0.0002414990885881707,0.0013963386267323043,170,0.0006629675626754761,0.003051374526261869,40
antonym,pcasub_icl10_k4_zero,cue1,4,zero,14,-0.0005071440245956182,0.001171878568961115,170,-0.0014846473932266235,0.0025102208369270247,40
antonym,pcasub_icl10_k4_zero,cue1,4,zero,15,-0.0005403269897215068,0.0011800579244551329,170,-0.0014998391270637512,0.0025577718417443118,40
antonym,pcasub_icl10_k4_zero,cue1,4,zero,16,-8.806673577055335e-05,0.0011767345389598035,170,0.0005114294472150505,0.0027437793872082503,40
antonym,pcasub_icl10_k4_zero,cue1,4,zero,17,0.0009868150809779763,0.0010938649748399728,170,0.0016632654005661607,0.0024955501129370807,40
antonym,pcasub_icl10_k4_zero,cue1,4,zero,18,0.002177157672122121,0.0010686681170233513,170,0.0018079124856740236,0.0027766190256476985,40
antonym,pcasub_icl10_k4_zero,cue1,4,zero,19,0.0022762969601899385,0.0009536294927484913,170,0.003686996642500162,0.002204744403224987,40
antonym,pcasub_icl10_k4_zero,cue1,4,zero,20,0.0033433036878705025,0.0008848185485655841,170,0.005143982823938131,0.0021931953385864586,40
antonym,pcasub_icl10_k4_zero,cue1,4,zero,21,0.000836562248878181,0.0009730613013823148,170,0.0027731559239327908,0.0021502774187341974,40
antonym,pcasub_icl10_k4_zero,cue1,4,zero,22,0.000180467264726758,0.0010331743142185574,170,0.0019088753033429384,0.001982737420917776,40
antonym,pcasub_icl10_k4_zero,cue1,4,zero,23,-0.00238253315910697,0.0011049382121651376,170,-0.00172894517891109,0.0023655192105171987,40
antonym,pcasub_icl10_k4_zero,cue1,4,zero,24,-0.003002532757818699,0.0009920817493638803,170,-0.0032697408460080624,0.0018883968670361225,40
antonym,pcasub_icl10_k4_zero,cue1,4,zero,25,-0.003076609456911683,0.0010404971624055387,170,-0.002212711377069354,0.0018413362214640928,40
antonym,pcasub_icl10_k4_zero,cue1,4,zero,26,-0.003355893073603511,0.0012115649075332775,170,-0.0055241771042346954,0.002941676598191883,40
antonym,pcasub_icl10_k4_zero,cue1,4,zero,27,0.0,0.0,170,0.0,0.0,40
antonym,pcasub_icl10_k4_zero,target1,4,zero,0,-0.330081045627594,0.03126088840723281,170,-0.30459830164909363,0.04980856341456179,40
antonym,pcasub_icl10_k4_zero,target1,4,zero,1,-0.3271317183971405,0.028649122125727636,170,-0.3225867450237274,0.05278155526713699,40
antonym,pcasub_icl10_k4_zero,target1,4,zero,2,-0.3078474998474121,0.026933585204421698,170,-0.29542607069015503,0.05219683735562933,40
antonym,pcasub_icl10_k4_zero,target1,4,zero,3,-0.30107083916664124,0.02715712311146869,170,-0.2903755307197571,0.05350231326427187,40
antonym,pcasub_icl10_k4_zero,target1,4,zero,4,-0.3167416751384735,0.02675084307398314,170,-0.3093155324459076,0.055219476535609054,40
antonym,pcasub_icl10_k4_zero,target1,4,zero,5,-0.31423109769821167,0.026034759250641828,170,-0.2998107075691223,0.052965701803549405,40
antonym,pcasub_icl10_k4_zero,target1,4,zero,6,-0.34715476632118225,0.025332117827694636,170,-0.34362539649009705,0.05373626734155994,40
antonym,pcasub_icl10_k4_zero,target1,4,zero,7,-0.3288632035255432,0.024349282014352557,170,-0.3413236737251282,0.05174689667062358,40
antonym,pcasub_icl10_k4_zero,target1,4,zero,8,-0.26057419180870056,0.021650335560524314,170,-0.2727082371711731,0.04771314556222464,40
antonym,pcasub_icl10_k4_zero,target1,4,zero,9,-0.1988326609134674,0.0185672635439291,170,-0.21772189438343048,0.040300336846527916,40
antonym,pcasub_icl10_k4_zero,target1,4,zero,10,-0.23259252309799194,0.020559043964781216,170,-0.257041871547699,0.046660689133933814,40
antonym,pcasub_icl10_k4_zero,target1,4,zero,11,-0.05726231262087822,0.01141101163535716,170,-0.056801628321409225,0.024631108314694065,40
antonym,pcasub_icl10_k4_zero,target1,4,zero,12,-0.012214787304401398,0.010316449154566622,170,-0.018928389996290207,0.024601315677306525,40
antonym,pcasub_icl10_k4_zero,target1,4,zero,13,0.03596055507659912,0.007214844979869826,170,0.04355630278587341,0.014506018651427994,40
antonym,pcasub_icl10_k4_zero,target1,4,zero,14,0.02784442901611328,0.007708852622920142,170,0.03472871333360672,0.015428070738546393,40
antonym,pcasub_icl10_k4_zero,target1,4,zero,15,0.0280362069606781,0.005771374951050019,170,0.031016577035188675,0.010917888354515624,40
antonym,pcasub_icl10_k4_zero,target1,4,zero,16,0.02486138418316841,0.004573384445036986,170,0.0283262487500906,0.008552814737714987,40
antonym,pcasub_icl10_k4_zero,target1,4,zero,17,0.024650506675243378,0.004394031486369276,170,0.02746586874127388,0.008511623383073128,40
antonym,pcasub_icl10_k4_zero,target1,4,zero,18,0.020310819149017334,0.0035366856007499514,170,0.02240835502743721,0.007097187588563972,40
antonym,pcasub_icl10_k4_zero,target1,4,zero,19,0.017006874084472656,0.0028978387220468887,170,0.01887599751353264,0.006288810493328146,40
antonym,pcasub_icl10_k4_zero,target1,4,zero,20,0.014076990075409412,0.002635517341273113,170,0.018824676051735878,0.005753220982504203,40
antonym,pcasub_icl10_k4_zero,target1,4,zero,21,0.012143731117248535,0.002206840969862772,170,0.015563929453492165,0.004484834492426672,40
antonym,pcasub_icl10_k4_zero,target1,4,zero,22,0.008989696390926838,0.0017456347495051544,170,0.010780084878206253,0.0030654329638428695,40
antonym,pcasub_icl10_k4_zero,target1,4,zero,23,0.0073235309682786465,0.0012040755579258392,170,0.007085487246513367,0.002040626612273365,40
antonym,pcasub_icl10_k4_zero,target1,4,zero,24,0.006887189112603664,0.0010574920216778268,170,0.005596777889877558,0.0020689014920810605,40
antonym,pcasub_icl10_k4_zero,target1,4,zero,25,0.0038543667178601027,0.0006149615320752081,170,0.004018139094114304,0.0011989443318251541,40
antonym,pcasub_icl10_k4_zero,target1,4,zero,26,0.0002960722194984555,0.0002628486709864806,170,0.0008986421162262559,0.0006349750219856334,40
antonym,pcasub_icl10_k4_zero,target1,4,zero,27,0.0,0.0,170,0.0,0.0,40
antonym,pcasub_icl10_k4_zero,final_cue,4,zero,0,-6.329471588134766,0.22091693840126575,170,-5.443353176116943,0.4331631303097328,40
antonym,pcasub_icl10_k4_zero,final_cue,4,zero,1,-6.272996425628662,0.21970237261098846,170,-5.385169506072998,0.42858358845114825,40
antonym,pcasub_icl10_k4_zero,final_cue,4,zero,2,-6.277659893035889,0.21879773403619138,170,-5.397599697113037,0.42553327475011243,40
antonym,pcasub_icl10_k4_zero,final_cue,4,zero,3,-6.272256851196289,0.2183375335386995,170,-5.401208400726318,0.4306256882027278,40
antonym,pcasub_icl10_k4_zero,final_cue,4,zero,4,-6.219753742218018,0.21890690068179977,170,-5.348241806030273,0.4255973224412744,40
antonym,pcasub_icl10_k4_zero,final_cue,4,zero,5,-6.208944320678711,0.21982680795828582,170,-5.331040859222412,0.4280714331055766,40
antonym,pcasub_icl10_k4_zero,final_cue,4,zero,6,-6.230085372924805,0.21882369997199774,170,-5.337979793548584,0.4284128574368619,40
antonym,pcasub_icl10_k4_zero,final_cue,4,zero,7,-6.228906154632568,0.21895111591615174,170,-5.366734981536865,0.4254343570681766,40
antonym,pcasub_icl10_k4_zero,final_cue,4,zero,8,-6.3780903816223145,0.21957658410928996,170,-5.499509334564209,0.4236706517834782,40
antonym,pcasub_icl10_k4_zero,final_cue,4,zero,9,-6.292453289031982,0.2185117430249158,170,-5.4080891609191895,0.415691266975798,40
antonym,pcasub_icl10_k4_zero,final_cue,4,zero,10,-6.187640190124512,0.22017160632840171,170,-5.244211673736572,0.42405576727077093,40
antonym,pcasub_icl10_k4_zero,final_cue,4,zero,11,-6.121475696563721,0.21471711408074198,170,-5.216963291168213,0.4175375293197341,40
antonym,pcasub_icl10_k4_zero,final_cue,4,zero,12,-5.709946632385254,0.21278874105797402,170,-4.777184009552002,0.42940241122909323,40
antonym,pcasub_icl10_k4_zero,final_cue,4,zero,13,-5.359527111053467,0.20664838238762087,170,-4.577685356140137,0.4241877077764018,40
antonym,pcasub_icl10_k4_zero,final_cue,4,zero,14,-5.116635322570801,0.20204255566581228,170,-4.350986003875732,0.4170221320074527,40
antonym,pcasub_icl10_k4_zero,final_cue,4,zero,15,-5.050735950469971,0.19981007033431514,170,-4.34723424911499,0.4074969322358016,40
antonym,pcasub_icl10_k4_zero,final_cue,4,zero,16,-3.687865734100342,0.19995028638766943,170,-3.304753065109253,0.40343912083376865,40
antonym,pcasub_icl10_k4_zero,final_cue,4,zero,17,-3.3811404705047607,0.19556674270505944,170,-2.992363691329956,0.39052700828257386,40
antonym,pcasub_icl10_k4_zero,final_cue,4,zero,18,-3.017244577407837,0.18429962944018546,170,-2.6514744758605957,0.3753469515314468,40
antonym,pcasub_icl10_k4_zero,final_cue,4,zero,19,-2.805795431137085,0.17929125756989728,170,-2.3744702339172363,0.36514859130006716,40
antonym,pcasub_icl10_k4_zero,final_cue,4,zero,20,-2.3626086711883545,0.17255827212943983,170,-1.9335943460464478,0.33693692159693106,40
antonym,pcasub_icl10_k4_zero,final_cue,4,zero,21,-2.153505563735962,0.16323875033700455,170,-1.760345458984375,0.30398847464978573,40
antonym,pcasub_icl10_k4_zero,final_cue,4,zero,22,-2.0514440536499023,0.15976540413375864,170,-1.6311359405517578,0.2817531820897043,40
antonym,pcasub_icl10_k4_zero,final_cue,4,zero,23,-1.8790779113769531,0.15456378718628627,170,-1.5129106044769287,0.284552224522088,40
antonym,pcasub_icl10_k4_zero,final_cue,4,zero,24,-1.6487561464309692,0.15312769722042727,170,-1.3199259042739868,0.2818136862358579,40
antonym,pcasub_icl10_k4_zero,final_cue,4,zero,25,-1.6416313648223877,0.1539831925188303,170,-1.2986985445022583,0.2779378207910899,40
antonym,pcasub_icl10_k4_zero,final_cue,4,zero,26,-1.5783780813217163,0.15422900947308718,170,-1.4125744104385376,0.29863363153147066,40
antonym,pcasub_icl10_k4_zero,final_cue,4,zero,27,-1.5308432579040527,0.17726823688252813,170,-1.3490041494369507,0.35210612152930904,40
antonym,pcasub_icl10_k4_mean,cue1,4,mean,0,0.00027712792507372797,0.004546815361227914,170,-0.0023869997821748257,0.00912346272574941,40
antonym,pcasub_icl10_k4_mean,cue1,4,mean,1,-0.002745456527918577,0.004580483934175589,170,-0.004448296967893839,0.00918019537611033,40
antonym,pcasub_icl10_k4_mean,cue1,4,mean,2,-0.01146413292735815,0.004687856564478879,170,-0.014508673921227455,0.009261928396207837,40
antonym,pcasub_icl10_k4_mean,cue1,4,mean,3,-0.0024147022049874067,0.004523305160657649,170,-0.005002308636903763,0.009295424792074866,40
antonym,pcasub_icl10_k4_mean,cue1,4,mean,4,-0.003076047170907259,0.003808199059943203,170,-0.0007067658007144928,0.006695932950136002,40
antonym,pcasub_icl10_k4_mean,cue1,4,mean,5,-0.0003959673340432346,0.003222174631879126,170,0.0011356070172041655,0.005422195212318935,40
antonym,pcasub_icl10_k4_mean,cue1,4,mean,6,-0.014073820784687996,0.0022331803374263746,170,-0.012905428186058998,0.0043686046257977885,40
antonym,pcasub_icl10_k4_mean,cue1,4,mean,7,-0.0122305229306221,0.001721328399285633,170,-0.0133410869166255,0.003147141539605627,40
antonym,pcasub_icl10_k4_mean,cue1,4,mean,8,-0.013882401399314404,0.0016375476845354496,170,-0.013530361466109753,0.0030733623526232375,40
antonym,pcasub_icl10_k4_mean,cue1,4,mean,9,-0.015328111127018929,0.0013852745323422824,170,-0.015382930636405945,0.002773291651021321,40
antonym,pcasub_icl10_k4_mean,cue1,4,mean,10,-0.005836355499923229,0.0007791129324839288,170,-0.005564812570810318,0.0015691953811378479,40
antonym,pcasub_icl10_k4_mean,cue1,4,mean,11,-0.002447242848575115,0.0006825813946681865,170,-0.0019443609053269029,0.0012778792854966062,40
antonym,pcasub_icl10_k4_mean,cue1,4,mean,12,-0.0025379140861332417,0.0005934164554126687,170,-0.002242759568616748,0.0011904096512497019,40
antonym,pcasub_icl10_k4_mean,cue1,4,mean,13,-0.0025152277667075396,0.0005937743156085033,170,-0.0019792444072663784,0.0013722632796116982,40
antonym,pcasub_icl10_k4_mean,cue1,4,mean,14,-0.0017353997100144625,0.0005302318449434354,170,-0.001333932625129819,0.0011736793448021625,40
antonym,pcasub_icl10_k4_mean,cue1,4,mean,15,-0.00180806836578995,0.0005447582188708626,170,-0.0011267587542533875,0.0012341503585742983,40
antonym,pcasub_icl10_k4_mean,cue1,4,mean,16,-0.001706174691207707,0.0005747040100587357,170,-0.0004999257507734001,0.0013092780334811461,40
antonym,pcasub_icl10_k4_mean,cue1,4,mean,17,-0.0012033490929752588,0.0005267804226415124,170,-0.0008382752421312034,0.001208312328607487,40
antonym,pcasub_icl10_k4_mean,cue1,4,mean,18,-0.001270329812541604,0.0005065667501945939,170,-0.0012282959651201963,0.0011680990418656294,40
antonym,pcasub_icl10_k4_mean,cue1,4,mean,19,-0.0015406638849526644,0.0005071799339972172,170,-0.0001954726903932169,0.0011489784181662455,40
antonym,pcasub_icl10_k4_mean,cue1,4,mean,20,-0.0010589451994746923,0.00046529639810889234,170,-0.0006627902621403337,0.0010723022093785785,40
antonym,pcasub_icl10_k4_mean,cue1,4,mean,21,-0.001944320509210229,0.00048075892287995423,170,-0.0010966978734359145,0.0009962880591995237,40
antonym,pcasub_icl10_k4_mean,cue1,4,mean,22,-0.0014099200488999486,0.0004767242456021653,170,-0.00032640472636558115,0.0009785064991027668,40
antonym,pcasub_icl10_k4_mean,cue1,4,mean,23,-0.002419128315523267,0.0005022611420340105,170,-0.0020330450497567654,0.0010589673093806327,40
antonym,pcasub_icl10_k4_mean,cue1,4,mean,24,-0.002363853855058551,0.00044632855771898993,170,-0.002522996859624982,0.0008456757631964875,40
antonym,pcasub_icl10_k4_mean,cue1,4,mean,25,-0.0018184604123234749,0.00042231660286815774,170,-0.0013081453507766128,0.0007186730868123704,40
antonym,pcasub_icl10_k4_mean,cue1,4,mean,26,-0.0010589724406599998,0.00036608033739094344,170,-0.0019537576008588076,0.0008734746411242143,40
antonym,pcasub_icl10_k4_mean,cue1,4,mean,27,0.0,0.0,170,0.0,0.0,40
antonym,pcasub_icl10_k4_mean,target1,4,mean,0,-0.05790362507104874,0.010918204002544372,170,-0.06480811536312103,0.020269711233526416,40
antonym,pcasub_icl10_k4_mean,target1,4,mean,1,-0.051008809357881546,0.010626987803834503,170,-0.0611158087849617,0.018145473805030763,40
antonym,pcasub_icl10_k4_mean,target1,4,mean,2,-0.05560006573796272,0.010543828237240602,170,-0.06748702377080917,0.017035843550313318,40
antonym,pcasub_icl10_k4_mean,target1,4,mean,3,-0.07153062522411346,0.009216282054533377,170,-0.07903502136468887,0.016033313644961248,40
antonym,pcasub_icl10_k4_mean,target1,4,mean,4,-0.07247090339660645,0.009159143281356688,170,-0.07982185482978821,0.017778284555900355,40
antonym,pcasub_icl10_k4_mean,target1,4,mean,5,-0.0719456598162651,0.00912890702340507,170,-0.08205161243677139,0.018008987242156802,40
antonym,pcasub_icl10_k4_mean,target1,4,mean,6,-0.07044921815395355,0.008818865521235595,170,-0.07600196450948715,0.018712338516870246,40
antonym,pcasub_icl10_k4_mean,target1,4,mean,7,-0.06241294741630554,0.008457043005883276,170,-0.06787393242120743,0.017233817922931938,40
antonym,pcasub_icl10_k4_mean,target1,4,mean,8,-0.07038198411464691,0.007518197282115243,170,-0.07199817895889282,0.015499079469420592,40
antonym,pcasub_icl10_k4_mean,target1,4,mean,9,-0.06291976571083069,0.0069018628811849565,170,-0.06460482627153397,0.014157105518407917,40
antonym,pcasub_icl10_k4_mean,target1,4,mean,10,-0.07205628603696823,0.007567514845710473,170,-0.0789976716041565,0.01592339542336847,40
antonym,pcasub_icl10_k4_mean,target1,4,mean,11,-0.016210857778787613,0.004097578671556206,170,-0.013945410028100014,0.008657395259030861,40
antonym,pcasub_icl10_k4_mean,target1,4,mean,12,-0.004598852712661028,0.003951954572064771,170,-0.004676125943660736,0.009449350473476562,40
antonym,pcasub_icl10_k4_mean,target1,4,mean,13,0.013096991926431656,0.0029355447580104044,170,0.017492085695266724,0.006499024114904372,40
antonym,pcasub_icl10_k4_mean,target1,4,mean,14,0.012948542833328247,0.0031684841738349938,170,0.017181098461151123,0.00724975263350135,40
antonym,pcasub_icl10_k4_mean,target1,4,mean,15,0.012742143124341965,0.0024074556813473576,170,0.015764495357871056,0.005218933795153249,40
antonym,pcasub_icl10_k4_mean,target1,4,mean,16,0.010983272455632687,0.001985308222779347,170,0.012857469730079174,0.004334214980927235,40
antonym,pcasub_icl10_k4_mean,target1,4,mean,17,0.010679716244339943,0.00189682632506528,170,0.01342594064772129,0.004208759586756194,40
antonym,pcasub_icl10_k4_mean,target1,4,mean,18,0.008328198455274105,0.001513542912340001,170,0.010141754522919655,0.0031931501952532967,40
antonym,pcasub_icl10_k4_mean,target1,4,mean,19,0.006876159925013781,0.0012692363995404133,170,0.007911273278295994,0.00290873181966201,40
antonym,pcasub_icl10_k4_mean,target1,4,mean,20,0.005491144023835659,0.0011349181107868454,170,0.008353768847882748,0.002633546923384425,40
antonym,pcasub_icl10_k4_mean,target1,4,mean,21,0.004736769944429398,0.0009261964729975785,170,0.007005827035754919,0.00198294505050811,40
antonym,pcasub_icl10_k4_mean,target1,4,mean,22,0.0028725299052894115,0.0006453323626034633,170,0.003677020315080881,0.0011231287550521741,40
antonym,pcasub_icl10_k4_mean,target1,4,mean,23,0.0022819400765001774,0.0004295175928726851,170,0.002947083907201886,0.0009238633239702505,40
antonym,pcasub_icl10_k4_mean,target1,4,mean,24,0.001855218200944364,0.00036915293503246533,170,0.002351590199396014,0.0007509578683040317,40
antonym,pcasub_icl10_k4_mean,target1,4,mean,25,0.0012476344127207994,0.0002637561072994315,170,0.0015593491261824965,0.0005417201794298911,40
antonym,pcasub_icl10_k4_mean,target1,4,mean,26,9.626903920434415e-05,0.00015299764453949303,170,0.0005185194313526154,0.00039854091231954973,40
antonym,pcasub_icl10_k4_mean,target1,4,mean,27,0.0,0.0,170,0.0,0.0,40
antonym,pcasub_icl10_k4_mean,final_cue,4,mean,0,-1.6833851337432861,0.07834260207083263,170,-1.4043680429458618,0.1381643183435644,40
antonym,pcasub_icl10_k4_mean,final_cue,4,mean,1,-1.6798980236053467,0.07825381502765816,170,-1.4018843173980713,0.13770718218884087,40
antonym,pcasub_icl10_k4_mean,final_cue,4,mean,2,-1.6842633485794067,0.07852218760291305,170,-1.4061808586120605,0.1387528106959653,40
antonym,pcasub_icl10_k4_mean,final_cue,4,mean,3,-1.6906874179840088,0.07866247679974848,170,-1.4095828533172607,0.1393525839615976,40
antonym,pcasub_icl10_k4_mean,final_cue,4,mean,4,-1.684174656867981,0.07850314286901,170,-1.4045641422271729,0.13852428974021266,40
antonym,pcasub_icl10_k4_mean,final_cue,4,mean,5,-1.6817729473114014,0.07888812443907975,170,-1.3961420059204102,0.138165731991839,40
antonym,pcasub_icl10_k4_mean,final_cue,4,mean,6,-1.7004107236862183,0.07924113316495414,170,-1.4072681665420532,0.13923545848988475,40
antonym,pcasub_icl10_k4_mean,final_cue,4,mean,7,-1.6970903873443604,0.07894052260038474,170,-1.415274739265442,0.14036490691537207,40
antonym,pcasub_icl10_k4_mean,final_cue,4,mean,8,-1.7163312435150146,0.07892030757078339,170,-1.4313572645187378,0.139569032361085,40
antonym,pcasub_icl10_k4_mean,final_cue,4,mean,9,-1.6534974575042725,0.07705245163572749,170,-1.3651825189590454,0.13607206235120148,40
antonym,pcasub_icl10_k4_mean,final_cue,4,mean,10,-1.5672022104263306,0.07419710841907548,170,-1.3031485080718994,0.13806950024162498,40
antonym,pcasub_icl10_k4_mean,final_cue,4,mean,11,-1.5762584209442139,0.07178986502525347,170,-1.3368984460830688,0.1373808367724848,40
antonym,pcasub_icl10_k4_mean,final_cue,4,mean,12,-1.3228204250335693,0.06563554052146926,170,-1.1116106510162354,0.127607183604409,40
antonym,pcasub_icl10_k4_mean,final_cue,4,mean,13,-1.151681661605835,0.0630972148665009,170,-1.0431058406829834,0.12522936123625178,40
antonym,pcasub_icl10_k4_mean,final_cue,4,mean,14,-1.0400574207305908,0.06171091275396355,170,-0.9362627863883972,0.12446536916271822,40
antonym,pcasub_icl10_k4_mean,final_cue,4,mean,15,-1.0310980081558228,0.06053753131503829,170,-0.9427396655082703,0.12447310653094128,40
antonym,pcasub_icl10_k4_mean,final_cue,4,mean,16,-0.49273014068603516,0.055989250227020254,170,-0.46470776200294495,0.12033607427959889,40
antonym,pcasub_icl10_k4_mean,final_cue,4,mean,17,-0.40870988368988037,0.05406388522991437,170,-0.3784714341163635,0.11698887559225003,40
antonym,pcasub_icl10_k4_mean,final_cue,4,mean,18,-0.30638906359672546,0.05249060095076586,170,-0.2682892382144928,0.11207084979079135,40
antonym,pcasub_icl10_k4_mean,final_cue,4,mean,19,-0.25976642966270447,0.050742160891613756,170,-0.194219708442688,0.10634681828907752,40
antonym,pcasub_icl10_k4_mean,final_cue,4,mean,20,-0.18336820602416992,0.04819031283556877,170,-0.10361666977405548,0.09876828758614754,40
antonym,pcasub_icl10_k4_mean,final_cue,4,mean,21,-0.12523290514945984,0.04532565753947353,170,-0.04738916829228401,0.08600351488245504,40
antonym,pcasub_icl10_k4_mean,final_cue,4,mean,22,-0.11153258383274078,0.04421134403304015,170,-0.0469047836959362,0.07900495223283001,40
antonym,pcasub_icl10_k4_mean,final_cue,4,mean,23,-0.0739101991057396,0.04310732547157788,170,-0.014431318268179893,0.08028986898339872,40
antonym,pcasub_icl10_k4_mean,final_cue,4,mean,24,-0.02237139642238617,0.04130172378191123,170,0.02525416947901249,0.07519665446342777,40
antonym,pcasub_icl10_k4_mean,final_cue,4,mean,25,-0.0020232636015862226,0.04159355255727569,170,0.0406009778380394,0.07686258712129286,40
antonym,pcasub_icl10_k4_mean,final_cue,4,mean,26,0.03322822228074074,0.041339753820638876,170,0.04739055782556534,0.07840299723669386,40
antonym,pcasub_icl10_k4_mean,final_cue,4,mean,27,0.12272785604000092,0.04303072138948157,170,0.1433609277009964,0.08096158752188717,40
antonym,pcasub_icl10_cf_k0_zero,cue1,0,zero,0,-0.05273890867829323,0.005439188688530554,170,-0.045616455376148224,0.011457492037419362,40
antonym,pcasub_icl10_cf_k0_zero,cue1,0,zero,1,-0.03473493829369545,0.003817187708055745,170,-0.03057718835771084,0.007361118077515269,40
antonym,pcasub_icl10_cf_k0_zero,cue1,0,zero,2,-0.03503277897834778,0.003779290241887671,170,-0.03118159808218479,0.007283461665629687,40
antonym,pcasub_icl10_cf_k0_zero,cue1,0,zero,3,-0.03497377410531044,0.003785754011317107,170,-0.0321422815322876,0.0074000028293890446,40
antonym,pcasub_icl10_cf_k0_zero,cue1,0,zero,4,-0.04040420055389404,0.00364979227997157,170,-0.03801581636071205,0.007450329296985495,40
antonym,pcasub_icl10_cf_k0_zero,cue1,0,zero,5,-0.02674177475273609,0.0023139683123591767,170,-0.029313242062926292,0.0046839933844954,40
antonym,pcasub_icl10_cf_k0_zero,cue1,0,zero,6,-0.026856688782572746,0.0022958825866376295,170,-0.031231701374053955,0.004502865870679459,40
antonym,pcasub_icl10_cf_k0_zero,cue1,0,zero,7,-0.01636088639497757,0.0016746012863614894,170,-0.017336037009954453,0.002630619787925798,40
antonym,pcasub_icl10_cf_k0_zero,cue1,0,zero,8,-0.0119115449488163,0.0013617957606115716,170,-0.011585604399442673,0.002593968600325916,40
antonym,pcasub_icl10_cf_k0_zero,cue1,0,zero,9,-0.010813260450959206,0.0013070897224747497,170,-0.010739725083112717,0.002551705818095922,40
antonym,pcasub_icl10_cf_k0_zero,cue1,0,zero,10,-0.008633299730718136,0.0012346263899897236,170,-0.008365575224161148,0.0026065144342530774,40
antonym,pcasub_icl10_cf_k0_zero,cue1,0,zero,11,-0.010751016438007355,0.0011908675881031263,170,-0.01064390316605568,0.002697019436404634,40
antonym,pcasub_icl10_cf_k0_zero,cue1,0,zero,12,-0.009794335812330246,0.001141079877639836,170,-0.010091612115502357,0.0026929286917099634,40
antonym,pcasub_icl10_cf_k0_zero,cue1,0,zero,13,-0.008164946921169758,0.0010451236304462998,170,-0.008929362520575523,0.0023367086169154352,40
antonym,pcasub_icl10_cf_k0_zero,cue1,0,zero,14,-0.009205247275531292,0.0009579841013271073,170,-0.010970229282975197,0.0020424223873472137,40
antonym,pcasub_icl10_cf_k0_zero,cue1,0,zero,15,-0.006650965195149183,0.0009683127608715575,170,-0.0070119923911988735,0.002006675934643086,40
antonym,pcasub_icl10_cf_k0_zero,cue1,0,zero,16,-0.005488822236657143,0.0007760428348637351,170,-0.006165752653032541,0.0018925817076940721,40
antonym,pcasub_icl10_cf_k0_zero,cue1,0,zero,17,-0.00551280751824379,0.0006772229918117134,170,-0.005118445958942175,0.001469295508161238,40
antonym,pcasub_icl10_cf_k0_zero,cue1,0,zero,18,-0.002140784403309226,0.0005076062947774442,170,-0.0014665939379483461,0.0010300444338195575,40
antonym,pcasub_icl10_cf_k0_zero,cue1,0,zero,19,-0.004298464860767126,0.000582033786876255,170,-0.0047463648952543736,0.001217339871763683,40
antonym,pcasub_icl10_cf_k0_zero,cue1,0,zero,20,0.00045691640116274357,0.000370184265259523,170,0.0014086805749684572,0.0007965905818636703,40
antonym,pcasub_icl10_cf_k0_zero,cue1,0,zero,21,0.0008255844586528838,0.00033347116633838215,170,0.0020697512663900852,0.0006640939676172975,40
antonym,pcasub_icl10_cf_k0_zero,cue1,0,zero,22,0.000415583053836599,0.0003042979174555091,170,0.0021062977612018585,0.0005754786524340826,40
antonym,pcasub_icl10_cf_k0_zero,cue1,0,zero,23,-0.00032224776805378497,0.00026130137207187567,170,5.414411498350091e-05,0.0006085663787829744,40
antonym,pcasub_icl10_cf_k0_zero,cue1,0,zero,24,0.0004083594831172377,0.00022764440636608105,170,0.0002810850855894387,0.0004627343123322986,40
antonym,pcasub_icl10_cf_k0_zero,cue1,0,zero,25,0.00048485977458767593,0.0002088747998102086,170,0.0006397582474164665,0.00041723173540419035,40
antonym,pcasub_icl10_cf_k0_zero,cue1,0,zero,26,6.280523666646332e-05,8.959963046395625e-05,170,8.562878065276891e-05,0.00020118755097031586,40
antonym,pcasub_icl10_cf_k0_zero,cue1,0,zero,27,0.0,0.0,170,0.0,0.0,40
antonym,pcasub_icl10_cf_k0_zero,target1,0,zero,0,-0.0503547228872776,0.012804997242015375,170,-0.0627279058098793,0.022503518183707112,40
antonym,pcasub_icl10_cf_k0_zero,target1,0,zero,1,-0.056628916412591934,0.012173277566973067,170,-0.07464905828237534,0.021559264750435868,40
antonym,pcasub_icl10_cf_k0_zero,target1,0,zero,2,-0.06055760756134987,0.012048831933873688,170,-0.0754857063293457,0.021254244218302392,40
antonym,pcasub_icl10_cf_k0_zero,target1,0,zero,3,-0.07641568034887314,0.010642642794533244,170,-0.08160791546106339,0.01904552363479499,40
antonym,pcasub_icl10_cf_k0_zero,target1,0,zero,4,-0.07590719312429428,0.010269197322880282,170,-0.07956884056329727,0.019150809802207944,40
antonym,pcasub_icl10_cf_k0_zero,target1,0,zero,5,-0.08342692255973816,0.010043197680546016,170,-0.08343633264303207,0.01874345173735432,40
antonym,pcasub_icl10_cf_k0_zero,target1,0,zero,6,-0.05760025605559349,0.009598326456688407,170,-0.0533088818192482,0.01823717363448443,40
antonym,pcasub_icl10_cf_k0_zero,target1,0,zero,7,-0.08652748912572861,0.009348355752709318,170,-0.07747995108366013,0.018456357443383208,40
antonym,pcasub_icl10_cf_k0_zero,target1,0,zero,8,-0.09092637151479721,0.009421426090372827,170,-0.07868917286396027,0.01903931418474874,40
antonym,pcasub_icl10_cf_k0_zero,target1,0,zero,9,-0.06824863702058792,0.008625824445791798,170,-0.0631907731294632,0.018982050827264726,40
antonym,pcasub_icl10_cf_k0_zero,target1,0,zero,10,-0.06661402434110641,0.008162046774925187,170,-0.060397304594516754,0.018020733481278632,40
antonym,pcasub_icl10_cf_k0_zero,target1,0,zero,11,-0.022006958723068237,0.00609686687074441,170,-0.004770281724631786,0.012249759432525709,40
antonym,pcasub_icl10_cf_k0_zero,target1,0,zero,12,-0.008180171251296997,0.005375747575873049,170,0.0049246870912611485,0.010295290559449399,40
antonym,pcasub_icl10_cf_k0_zero,target1,0,zero,13,-0.003919194918125868,0.0051430210190072595,170,0.010041029192507267,0.009484016074270723,40
antonym,pcasub_icl10_cf_k0_zero,target1,0,zero,14,-0.004096129909157753,0.005115632213919264,170,0.014133185148239136,0.008485692361555752,40
antonym,pcasub_icl10_cf_k0_zero,target1,0,zero,15,0.01635708287358284,0.00375815034725325,170,0.02538813278079033,0.0067036449904941476,40
antonym,pcasub_icl10_cf_k0_zero,target1,0,zero,16,0.01234839390963316,0.00274589028288695,170,0.01876240409910679,0.005013057717699637,40
antonym,pcasub_icl10_cf_k0_zero,target1,0,zero,17,0.008684809319674969,0.0025965430087752177,170,0.014620485715568066,0.004495784376353804,40
antonym,pcasub_icl10_cf_k0_zero,target1,0,zero,18,0.010803325101733208,0.0023621172945564313,170,0.015387463383376598,0.004388606570843378,40
antonym,pcasub_icl10_cf_k0_zero,target1,0,zero,19,0.00814418401569128,0.0021014894996595496,170,0.013521334156394005,0.003447873121775927,40
antonym,pcasub_icl10_cf_k0_zero,target1,0,zero,20,0.005430746823549271,0.0014330275111611522,170,0.009898273274302483,0.002531769254283033,40
antonym,pcasub_icl10_cf_k0_zero,target1,0,zero,21,0.004693390801548958,0.0011477884348718914,170,0.007938789203763008,0.0021596429858085583,40
antonym,pcasub_icl10_cf_k0_zero,target1,0,zero,22,0.004979608580470085,0.001096235495063359,170,0.00744828674942255,0.0019922509792958854,40
antonym,pcasub_icl10_cf_k0_zero,target1,0,zero,23,0.004235035739839077,0.0009467321481915675,170,0.004913547541946173,0.0012170639158400757,40
antonym,pcasub_icl10_cf_k0_zero,target1,0,zero,24,0.003395130392163992,0.0008554401550754382,170,0.0031451352406293154,0.0010723287152837276,40
antonym,pcasub_icl10_cf_k0_zero,target1,0,zero,25,0.0015564769273623824,0.0005006608069526575,170,0.002055042190477252,0.0007930331948826101,40
antonym,pcasub_icl10_cf_k0_zero,target1,0,zero,26,4.4924196117790416e-05,0.0002540278100196501,170,0.0004351727548055351,0.0005638603043045952,40
antonym,pcasub_icl10_cf_k0_zero,target1,0,zero,27,0.0,0.0,170,0.0,0.0,40
antonym,pcasub_icl10_cf_k0_zero,final_cue,0,zero,0,-2.0348994731903076,0.1105756633432969,170,-1.9015535116195679,0.21592118407554037,40
antonym,pcasub_icl10_cf_k0_zero,final_cue,0,zero,1,-2.039560556411743,0.10993797104587237,170,-1.905482530593872,0.21500221845382156,40
antonym,pcasub_icl10_cf_k0_zero,final_cue,0,zero,2,-2.039944648742676,0.10987080704431129,170,-1.903235673904419,0.21459073371404627,40
antonym,pcasub_icl10_cf_k0_zero,final_cue,0,zero,3,-2.0077385902404785,0.10898343947399948,170,-1.8753397464752197,0.2117562935288662,40
antonym,pcasub_icl10_cf_k0_zero,final_cue,0,zero,4,-2.0038540363311768,0.10881447803255534,170,-1.8716598749160767,0.21266868097394714,40
antonym,pcasub_icl10_cf_k0_zero,final_cue,0,zero,5,-2.0094854831695557,0.10902338495763961,170,-1.8749383687973022,0.21258489875287157,40
antonym,pcasub_icl10_cf_k0_zero,final_cue,0,zero,6,-2.00919771194458,0.10916845590955489,170,-1.8772026300430298,0.21319201356521006,40
antonym,pcasub_icl10_cf_k0_zero,final_cue,0,zero,7,-1.910452127456665,0.1071540387241554,170,-1.7704368829727173,0.21026832505229254,40
antonym,pcasub_icl10_cf_k0_zero,final_cue,0,zero,8,-1.9258573055267334,0.10735977305074502,170,-1.784775972366333,0.20993376162730004,40
antonym,pcasub_icl10_cf_k0_zero,final_cue,0,zero,9,-1.927789330482483,0.10770835659601016,170,-1.7807945013046265,0.20970230028313624,40
antonym,pcasub_icl10_cf_k0_zero,final_cue,0,zero,10,-1.9131686687469482,0.10744562521173856,170,-1.7611095905303955,0.20922782337624407,40
antonym,pcasub_icl10_cf_k0_zero,final_cue,0,zero,11,-1.8617780208587646,0.1060252702372608,170,-1.6942726373672485,0.2058532753069423,40
antonym,pcasub_icl10_cf_k0_zero,final_cue,0,zero,12,-1.69023597240448,0.10519960833622966,170,-1.5191401243209839,0.20604724669886332,40
antonym,pcasub_icl10_cf_k0_zero,final_cue,0,zero,13,-1.6033999919891357,0.10573669177533972,170,-1.4222321510314941,0.205833578474316,40
antonym,pcasub_icl10_cf_k0_zero,final_cue,0,zero,14,-1.421457052230835,0.10289131892946123,170,-1.230033278465271,0.20089095519287897,40
antonym,pcasub_icl10_cf_k0_zero,final_cue,0,zero,15,-1.3010107278823853,0.1019623510042484,170,-1.089464545249939,0.1975288283797502,40
antonym,pcasub_icl10_cf_k0_zero,final_cue,0,zero,16,-1.1073359251022339,0.09583028497607002,170,-0.9647262692451477,0.19087848028528953,40
antonym,pcasub_icl10_cf_k0_zero,final_cue,0,zero,17,-1.097137689590454,0.09414101799316395,170,-1.0015232563018799,0.19139459384603005,40
antonym,pcasub_icl10_cf_k0_zero,final_cue,0,zero,18,-1.0579315423965454,0.088974317915003,170,-0.938136100769043,0.17284602059157295,40
antonym,pcasub_icl10_cf_k0_zero,final_cue,0,zero,19,-0.951123058795929,0.08926736727220905,170,-0.8517468571662903,0.1767464646676756,40
antonym,pcasub_icl10_cf_k0_zero,final_cue,0,zero,20,-0.9000179767608643,0.0857032865806032,170,-0.8037704229354858,0.1682770528220825,40
antonym,pcasub_icl10_cf_k0_zero,final_cue,0,zero,21,-0.8245251178741455,0.08382504427122477,170,-0.7272794842720032,0.1601285768321146,40
antonym,pcasub_icl10_cf_k0_zero,final_cue,0,zero,22,-0.7673467397689819,0.08265992347420127,170,-0.7003610134124756,0.15930313818024439,40
antonym,pcasub_icl10_cf_k0_zero,final_cue,0,zero,23,-0.721849262714386,0.08119905615410453,170,-0.6374735832214355,0.15672039335819882,40
antonym,pcasub_icl10_cf_k0_zero,final_cue,0,zero,24,-0.6635291576385498,0.08096390900515961,170,-0.5816922783851624,0.15802646299911668,40
antonym,pcasub_icl10_cf_k0_zero,final_cue,0,zero,25,-0.6860786080360413,0.08227613962863528,170,-0.624447226524353,0.16147842244793642,40
antonym,pcasub_icl10_cf_k0_zero,final_cue,0,zero,26,-0.6569855809211731,0.08267349158995362,170,-0.5923733115196228,0.15964541070049446,40
antonym,pcasub_icl10_cf_k0_zero,final_cue,0,zero,27,-0.5882583856582642,0.08352265997723762,170,-0.5220544934272766,0.1611404474184412,40
antonym,pcasub_icl10_cf_k0_mean,cue1,0,mean,0,-0.012913603335618973,0.001934605933085025,170,-0.016401637345552444,0.003083396015762383,40
antonym,pcasub_icl10_cf_k0_mean,cue1,0,mean,1,-0.01410294882953167,0.001889577120363709,170,-0.01727052964270115,0.003208283889053177,40
antonym,pcasub_icl10_cf_k0_mean,cue1,0,mean,2,-0.013668742962181568,0.001917807075484867,170,-0.017319176346063614,0.003067173518280991,40
antonym,pcasub_icl10_cf_k0_mean,cue1,0,mean,3,-0.013682707212865353,0.001916147061322951,170,-0.01665174961090088,0.003091983929030676,40
antonym,pcasub_icl10_cf_k0_mean,cue1,0,mean,4,-0.014473853632807732,0.0018709766759652789,170,-0.017432695254683495,0.0028189436549897065,40
antonym,pcasub_icl10_cf_k0_mean,cue1,0,mean,5,-0.018780890852212906,0.0017646641975635014,170,-0.019592072814702988,0.002527016450979751,40
antonym,pcasub_icl10_cf_k0_mean,cue1,0,mean,6,-0.01909998618066311,0.00163094519963689,170,-0.020120913162827492,0.0027380102296975305,40
antonym,pcasub_icl10_cf_k0_mean,cue1,0,mean,7,-0.014571948908269405,0.0014505165175062514,170,-0.01370084285736084,0.002551353584067497,40
antonym,pcasub_icl10_cf_k0_mean,cue1,0,mean,8,-0.014507201500236988,0.0014189923914247134,170,-0.012777457013726234,0.002482537480569239,40
antonym,pcasub_icl10_cf_k0_mean,cue1,0,mean,9,-0.012310529127717018,0.0013885337030040679,170,-0.011995857581496239,0.0026595715990999943,40
antonym,pcasub_icl10_cf_k0_mean,cue1,0,mean,10,-0.0023399912752211094,0.0008204068561992961,170,-0.0012985237408429384,0.001589876908140454,40
antonym,pcasub_icl10_cf_k0_mean,cue1,0,mean,11,-0.004911691416054964,0.0007070223888935259,170,-0.00420384481549263,0.0015969533957951368,40
antonym,pcasub_icl10_cf_k0_mean,cue1,0,mean,12,-0.004729514475911856,0.0006313249573891771,170,-0.004623743239790201,0.001475115468656827,40
antonym,pcasub_icl10_cf_k0_mean,cue1,0,mean,13,-0.0034308279864490032,0.0005156969709434923,170,-0.0031178914941847324,0.0012010493424590748,40
antonym,pcasub_icl10_cf_k0_mean,cue1,0,mean,14,-0.003927143290638924,0.00047699960509416984,170,-0.004001901485025883,0.0010555549686027494,40
antonym,pcasub_icl10_cf_k0_mean,cue1,0,mean,15,-0.002951503498479724,0.0004991697942325271,170,-0.0029732517432421446,0.0012066985607489954,40
antonym,pcasub_icl10_cf_k0_mean,cue1,0,mean,16,-0.0025733867660164833,0.00042349829152081065,170,-0.002199785318225622,0.0010221595160578285,40
antonym,pcasub_icl10_cf_k0_mean,cue1,0,mean,17,-0.002369848545640707,0.00041163901177547355,170,-0.0022809156216681004,0.0009296320397158848,40
antonym,pcasub_icl10_cf_k0_mean,cue1,0,mean,18,-0.0013746207114309072,0.00036219348280283115,170,-0.0007131673628464341,0.000789208687279659,40
antonym,pcasub_icl10_cf_k0_mean,cue1,0,mean,19,-0.0024629090912640095,0.00039999412671632356,170,-0.00237107346765697,0.0008375392602183855,40
antonym,pcasub_icl10_cf_k0_mean,cue1,0,mean,20,0.0003823068109340966,0.0003070795126144301,170,0.0017146088648587465,0.0005695003927827422,40
antonym,pcasub_icl10_cf_k0_mean,cue1,0,mean,21,0.00033081576111726463,0.0002793601154203735,170,0.0015355758368968964,0.0006192455343400137,40
antonym,pcasub_icl10_cf_k0_mean,cue1,0,mean,22,0.00035189828486181796,0.00028056367925964804,170,0.0010641447734087706,0.0006482632421395112,40
antonym,pcasub_icl10_cf_k0_mean,cue1,0,mean,23,3.880735675920732e-05,0.00023838103367670088,170,3.89136366720777e-05,0.0005953242126392932,40
antonym,pcasub_icl10_cf_k0_mean,cue1,0,mean,24,0.0002787493576761335,0.00022811253535978394,170,0.0005334310117177665,0.0005096864677620028,40
antonym,pcasub_icl10_cf_k0_mean,cue1,0,mean,25,0.0002935057273134589,0.00021535976584904817,170,0.0007994882762432098,0.0004224849849221898,40
antonym,pcasub_icl10_cf_k0_mean,cue1,0,mean,26,5.0357335567241535e-05,0.0001006691534717193,170,7.464513328159228e-05,8.951954388980847e-05,40
antonym,pcasub_icl10_cf_k0_mean,cue1,0,mean,27,0.0,0.0,170,0.0,0.0,40
antonym,pcasub_icl10_cf_k0_mean,target1,0,mean,0,-0.07707994431257248,0.013970575185796013,170,-0.0522192120552063,0.02649175217374387,40
antonym,pcasub_icl10_cf_k0_mean,target1,0,mean,1,-0.08321113884449005,0.012935473783708509,170,-0.06220817565917969,0.02473550623977447,40
antonym,pcasub_icl10_cf_k0_mean,target1,0,mean,2,-0.08937738090753555,0.012062051475223691,170,-0.06592491269111633,0.02507136079685778,40
antonym,pcasub_icl10_cf_k0_mean,target1,0,mean,3,-0.09772320836782455,0.01177651875357214,170,-0.06774778664112091,0.024063217529815255,40
antonym,pcasub_icl10_cf_k0_mean,target1,0,mean,4,-0.09029904752969742,0.011191202902981652,170,-0.07052655518054962,0.023079056805751594,40
antonym,pcasub_icl10_cf_k0_mean,target1,0,mean,5,-0.08163860440254211,0.010350402587087349,170,-0.06406208127737045,0.02078080163073115,40
antonym,pcasub_icl10_cf_k0_mean,target1,0,mean,6,-0.09826067835092545,0.01015566721147485,170,-0.08584519475698471,0.01962186096811463,40
antonym,pcasub_icl10_cf_k0_mean,target1,0,mean,7,-0.057505808770656586,0.006995233963466786,170,-0.03621288388967514,0.013178227126730406,40
antonym,pcasub_icl10_cf_k0_mean,target1,0,mean,8,-0.03244166448712349,0.004181619388524521,170,-0.025110498070716858,0.008769923428750652,40
antonym,pcasub_icl10_cf_k0_mean,target1,0,mean,9,-0.021299274638295174,0.0037545803167966,170,-0.018033528700470924,0.008961941629972225,40
antonym,pcasub_icl10_cf_k0_mean,target1,0,mean,10,-0.022152915596961975,0.0036497311365928007,170,-0.017947876825928688,0.008694117129044474,40
antonym,pcasub_icl10_cf_k0_mean,target1,0,mean,11,-0.009968729689717293,0.0029259649619975173,170,-0.0011873685289174318,0.006344036430236371,40
antonym,pcasub_icl10_cf_k0_mean,target1,0,mean,12,-0.005430039018392563,0.0026391505151255952,170,0.0019098169868811965,0.00533760603368659,40
antonym,pcasub_icl10_cf_k0_mean,target1,0,mean,13,-0.003748340532183647,0.0024812663110407337,170,0.0033814669586718082,0.004911757449400985,40
antonym,pcasub_icl10_cf_k0_mean,target1,0,mean,14,-0.002702944213524461,0.002426202412708077,170,0.0069199479185044765,0.004184428049359534,40
antonym,pcasub_icl10_cf_k0_mean,target1,0,mean,15,0.0067540365271270275,0.0017295176120066022,170,0.012310248799622059,0.0032114342631351708,40
antonym,pcasub_icl10_cf_k0_mean,target1,0,mean,16,0.004826566204428673,0.0013332029452519227,170,0.00831123348325491,0.0024862568480817655,40
antonym,pcasub_icl10_cf_k0_mean,target1,0,mean,17,0.002805581782013178,0.0012815467902771267,170,0.00530307088047266,0.0024320045614226833,40
antonym,pcasub_icl10_cf_k0_mean,target1,0,mean,18,0.004297154955565929,0.0011018854718358795,170,0.0064872875809669495,0.0022595677448850027,40
antonym,pcasub_icl10_cf_k0_mean,target1,0,mean,19,0.00362682668492198,0.0010026018391128889,170,0.007103873882442713,0.00175994085714718,40
antonym,pcasub_icl10_cf_k0_mean,target1,0,mean,20,0.0019940929487347603,0.0006714273709395308,170,0.004153304733335972,0.001289159167942843,40
antonym,pcasub_icl10_cf_k0_mean,target1,0,mean,21,0.0019097771728411317,0.0005473299193819873,170,0.0037883303593844175,0.0010265629568057435,40
antonym,pcasub_icl10_cf_k0_mean,target1,0,mean,22,0.002030894160270691,0.0004987342548025667,170,0.00310692866332829,0.0009736849277011255,40
antonym,pcasub_icl10_cf_k0_mean,target1,0,mean,23,0.0014786082319915295,0.0004283142254636578,170,0.0020342529751360416,0.0006962734617635057,40
antonym,pcasub_icl10_cf_k0_mean,target1,0,mean,24,0.0010545192053541541,0.0003649250418205981,170,0.001518443925306201,0.0006507276286707444,40
antonym,pcasub_icl10_cf_k0_mean,target1,0,mean,25,0.0004772072425112128,0.0002673552630045551,170,0.0012167521053925157,0.0005313480874212523,40
antonym,pcasub_icl10_cf_k0_mean,target1,0,mean,26,-2.70158052444458e-05,0.00018653307349414738,170,0.0004158787487540394,0.00036103594006381103,40
antonym,pcasub_icl10_cf_k0_mean,target1,0,mean,27,0.0,0.0,170,0.0,0.0,40
antonym,pcasub_icl10_cf_k0_mean,final_cue,0,mean,0,-0.29143044352531433,0.03396899608207442,170,-0.2931760251522064,0.07348047132156099,40
antonym,pcasub_icl10_cf_k0_mean,final_cue,0,mean,1,-0.29105493426322937,0.03397848873448672,170,-0.2918480634689331,0.07340699930856827,40
antonym,pcasub_icl10_cf_k0_mean,final_cue,0,mean,2,-0.2917156517505646,0.03392677172184988,170,-0.2931477427482605,0.07342010382807397,40
antonym,pcasub_icl10_cf_k0_mean,final_cue,0,mean,3,-0.2920035719871521,0.03389081712939971,170,-0.2930379807949066,0.07326580883106053,40
antonym,pcasub_icl10_cf_k0_mean,final_cue,0,mean,4,-0.29144909977912903,0.033909692719002606,170,-0.29229044914245605,0.0733381357889508,40
antonym,pcasub_icl10_cf_k0_mean,final_cue,0,mean,5,-0.29245689511299133,0.03386104773257384,170,-0.2940700650215149,0.07314464503744318,40
antonym,pcasub_icl10_cf_k0_mean,final_cue,0,mean,6,-0.29667988419532776,0.034241537835754544,170,-0.30122071504592896,0.07462261430855438,40
antonym,pcasub_icl10_cf_k0_mean,final_cue,0,mean,7,-0.28328564763069153,0.033871349534746305,170,-0.28548556566238403,0.07369417253123473,40
antonym,pcasub_icl10_cf_k0_mean,final_cue,0,mean,8,-0.2859550416469574,0.03388518965281915,170,-0.2885831594467163,0.0731326478757526,40
antonym,pcasub_icl10_cf_k0_mean,final_cue,0,mean,9,-0.30049583315849304,0.03440710039105926,170,-0.2936171889305115,0.07347775240471281,40
antonym,pcasub_icl10_cf_k0_mean,final_cue,0,mean,10,-0.2747383713722229,0.03274383134423253,170,-0.2637898027896881,0.06975512172075232,40
antonym,pcasub_icl10_cf_k0_mean,final_cue,0,mean,11,-0.2620995044708252,0.031709417948014545,170,-0.2449573576450348,0.06645062934777962,40
antonym,pcasub_icl10_cf_k0_mean,final_cue,0,mean,12,-0.15925195813179016,0.03096001955474563,170,-0.1371760219335556,0.06503068562618049,40
antonym,pcasub_icl10_cf_k0_mean,final_cue,0,mean,13,-0.14690373837947845,0.03141596630166219,170,-0.12136721611022949,0.06534625904268397,40
antonym,pcasub_icl10_cf_k0_mean,final_cue,0,mean,14,-0.12214953452348709,0.031092774973023176,170,-0.09452582895755768,0.06512020725925102,40
antonym,pcasub_icl10_cf_k0_mean,final_cue,0,mean,15,-0.09542465209960938,0.030870151359490495,170,-0.06427204608917236,0.0634808794619142,40
antonym,pcasub_icl10_cf_k0_mean,final_cue,0,mean,16,-0.0832919180393219,0.030553714374188433,170,-0.06224501132965088,0.06419939447045336,40
antonym,pcasub_icl10_cf_k0_mean,final_cue,0,mean,17,-0.08355712890625,0.030221942400917638,170,-0.06681390851736069,0.06380272476459607,40
antonym,pcasub_icl10_cf_k0_mean,final_cue,0,mean,18,-0.09235356003046036,0.029468637688608842,170,-0.06834903359413147,0.059658883440730934,40
antonym,pcasub_icl10_cf_k0_mean,final_cue,0,mean,19,-0.08256223052740097,0.029871498268350883,170,-0.06394238024950027,0.061188003218578674,40
antonym,pcasub_icl10_cf_k0_mean,final_cue,0,mean,20,-0.06957058608531952,0.02871168951664553,170,-0.0533149354159832,0.05760519177329954,40
antonym,pcasub_icl10_cf_k0_mean,final_cue,0,mean,21,-0.0656365230679512,0.028331139984386394,170,-0.04854071885347366,0.05590680646321018,40
antonym,pcasub_icl10_cf_k0_mean,final_cue,0,mean,22,-0.054384928196668625,0.027831394006666902,170,-0.04870745539665222,0.05519469999351595,40
antonym,pcasub_icl10_cf_k0_mean,final_cue,0,mean,23,-0.04595924913883209,0.027657682810415918,170,-0.029123574495315552,0.055471124777134395,40
antonym,pcasub_icl10_cf_k0_mean,final_cue,0,mean,24,-0.030127812176942825,0.02720655667605355,170,-0.01289563812315464,0.05555564680747369,40
antonym,pcasub_icl10_cf_k0_mean,final_cue,0,mean,25,-0.029182467609643936,0.02779718114336149,170,-0.0211198627948761,0.0567403924413031,40
antonym,pcasub_icl10_cf_k0_mean,final_cue,0,mean,26,-0.018428798764944077,0.027095172868672954,170,-0.009447986260056496,0.054320655401803516,40
antonym,pcasub_icl10_cf_k0_mean,final_cue,0,mean,27,0.018702952191233635,0.027297343736290565,170,0.030588924884796143,0.05546725609302286,40
antonym,pcasub_icl10_cf_k2_zero,cue1,2,zero,0,-0.08712360262870789,0.011579586787791515,170,-0.09108376502990723,0.023646443389412457,40
antonym,pcasub_icl10_cf_k2_zero,cue1,2,zero,1,-0.06963672488927841,0.01050208159537729,170,-0.07752741873264313,0.021504273832553298,40
antonym,pcasub_icl10_cf_k2_zero,cue1,2,zero,2,-0.03626982122659683,0.009073061975551126,170,-0.03230711445212364,0.0171143575754855,40
antonym,pcasub_icl10_cf_k2_zero,cue1,2,zero,3,-0.04829937964677811,0.009605923092925414,170,-0.040189407765865326,0.018177955908260757,40
antonym,pcasub_icl10_cf_k2_zero,cue1,2,zero,4,-0.04540131986141205,0.0056417829883319785,170,-0.030532535165548325,0.009885185304782102,40
antonym,pcasub_icl10_cf_k2_zero,cue1,2,zero,5,-0.024857116863131523,0.004181302242961746,170,-0.021434536203742027,0.007040474375866829,40
antonym,pcasub_icl10_cf_k2_zero,cue1,2,zero,6,-0.035026971250772476,0.0030403925096305876,170,-0.032873887568712234,0.005808641885070301,40
antonym,pcasub_icl10_cf_k2_zero,cue1,2,zero,7,-0.023841792717576027,0.0025430119806626435,170,-0.018099678680300713,0.004554802719268743,40
antonym,pcasub_icl10_cf_k2_zero,cue1,2,zero,8,-0.02093656174838543,0.0021787811590502928,170,-0.014615962281823158,0.004193736039717711,40
antonym,pcasub_icl10_cf_k2_zero,cue1,2,zero,9,-0.01642535999417305,0.002094406439232532,170,-0.010059108957648277,0.004581417298628907,40
antonym,pcasub_icl10_cf_k2_zero,cue1,2,zero,10,-0.010140394791960716,0.0018870606703239373,170,-0.006432985421270132,0.0038307379632114835,40
antonym,pcasub_icl10_cf_k2_zero,cue1,2,zero,11,-0.013033750467002392,0.0016421881526956484,170,-0.01049559935927391,0.0033557253425252434,40
antonym,pcasub_icl10_cf_k2_zero,cue1,2,zero,12,-0.01221427321434021,0.0014739874320270736,170,-0.008391346782445908,0.0029861508564414793,40
antonym,pcasub_icl10_cf_k2_zero,cue1,2,zero,13,-0.009900839067995548,0.0014066592862085042,170,-0.007452540099620819,0.0028231583884184633,40
antonym,pcasub_icl10_cf_k2_zero,cue1,2,zero,14,-0.013066533021628857,0.0013689762504412077,170,-0.013385877013206482,0.0025340979453054063,40
antonym,pcasub_icl10_cf_k2_zero,cue1,2,zero,15,-0.00974959321320057,0.0013087607367305095,170,-0.008179987780749798,0.0027843313605159016,40
antonym,pcasub_icl10_cf_k2_zero,cue1,2,zero,16,-0.007864395156502724,0.0010495590254284064,170,-0.006142492406070232,0.0024415946924156683,40
antonym,pcasub_icl10_cf_k2_zero,cue1,2,zero,17,-0.008080876432359219,0.000980088432760762,170,-0.006381127052009106,0.0020372790637080682,40
antonym,pcasub_icl10_cf_k2_zero,cue1,2,zero,18,-0.004618029575794935,0.0008501778244671482,170,-0.0024387664161622524,0.0017370571311917736,40
antonym,pcasub_icl10_cf_k2_zero,cue1,2,zero,19,-0.007163639646023512,0.0008942372717757553,170,-0.004589053802192211,0.0018523445656375805,40
antonym,pcasub_icl10_cf_k2_zero,cue1,2,zero,20,-0.0008067114977166057,0.0006760730534299284,170,0.001227723783813417,0.0015684811942491095,40
antonym,pcasub_icl10_cf_k2_zero,cue1,2,zero,21,-0.0004095570184290409,0.0005972603096339361,170,0.001408301992341876,0.0012522929880011966,40
antonym,pcasub_icl10_cf_k2_zero,cue1,2,zero,22,-0.0008707174565643072,0.0006268925624326642,170,0.001234889728948474,0.0011995408619460365,40
antonym,pcasub_icl10_cf_k2_zero,cue1,2,zero,23,9.471861994825304e-05,0.0005275672864972639,170,0.00022952034487389028,0.001074492259791519,40
antonym,pcasub_icl10_cf_k2_zero,cue1,2,zero,24,-0.0002975114912260324,0.00038495671271482465,170,0.0005011699977330863,0.0009281128095857582,40
antonym,pcasub_icl10_cf_k2_zero,cue1,2,zero,25,6.537016452057287e-05,0.000291092769085438,170,0.001334050321020186,0.0006194226085119122,40
antonym,pcasub_icl10_cf_k2_zero,cue1,2,zero,26,-4.721844743471593e-05,0.0002636406777432501,170,0.00018431394710205495,0.000637299737122234,40
antonym,pcasub_icl10_cf_k2_zero,cue1,2,zero,27,0.0,0.0,170,0.0,0.0,40
antonym,pcasub_icl10_cf_k2_zero,target1,2,zero,0,-0.10007549822330475,0.017991289487321056,170,-0.09874440729618073,0.029768263735200997,40
antonym,pcasub_icl10_cf_k2_zero,target1,2,zero,1,-0.11794516444206238,0.017227780116525686,170,-0.1275120973587036,0.02951072764861188,40
antonym,pcasub_icl10_cf_k2_zero,target1,2,zero,2,-0.0988917201757431,0.016718022624824518,170,-0.10636410862207413,0.028504396207441322,40
antonym,pcasub_icl10_cf_k2_zero,target1,2,zero,3,-0.10419651120901108,0.015607185719479296,170,-0.10571540892124176,0.02834515579754718,40
antonym,pcasub_icl10_cf_k2_zero,target1,2,zero,4,-0.10140106081962585,0.015177348909597594,170,-0.1008523479104042,0.02763203385717568,40
antonym,pcasub_icl10_cf_k2_zero,target1,2,zero,5,-0.10835984349250793,0.014681732109962094,170,-0.09671194851398468,0.025490401486660878,40
antonym,pcasub_icl10_cf_k2_zero,target1,2,zero,6,-0.0674053207039833,0.013667691458976679,170,-0.057146381586790085,0.025542706472821676,40
antonym,pcasub_icl10_cf_k2_zero,target1,2,zero,7,-0.09070808440446854,0.012504890681745751,170,-0.06926853954792023,0.023224695563163467,40
antonym,pcasub_icl10_cf_k2_zero,target1,2,zero,8,-0.09588286280632019,0.012938712668482946,170,-0.07233598083257675,0.02412908882725145,40
antonym,pcasub_icl10_cf_k2_zero,target1,2,zero,9,-0.05785800889134407,0.011753617986772507,170,-0.04337643086910248,0.02393174824027595,40
antonym,pcasub_icl10_cf_k2_zero,target1,2,zero,10,-0.06164726987481117,0.011913221634097713,170,-0.04927559569478035,0.02473273548915622,40
antonym,pcasub_icl10_cf_k2_zero,target1,2,zero,11,-0.018531333655118942,0.009866999605936115,170,0.0017640009755268693,0.01839163826929082,40
antonym,pcasub_icl10_cf_k2_zero,target1,2,zero,12,0.012989887036383152,0.00861345348310976,170,0.03185007721185684,0.016591942677560863,40
antonym,pcasub_icl10_cf_k2_zero,target1,2,zero,13,0.02027074061334133,0.008128295629844502,170,0.04172436520457268,0.015717441006239636,40
antonym,pcasub_icl10_cf_k2_zero,target1,2,zero,14,-0.0008792396984063089,0.007211414664890831,170,0.02590828575193882,0.012875453117313343,40
antonym,pcasub_icl10_cf_k2_zero,target1,2,zero,15,0.01689894311130047,0.005840087537250958,170,0.030507892370224,0.011100741402756768,40
antonym,pcasub_icl10_cf_k2_zero,target1,2,zero,16,0.014852100051939487,0.004323725172286209,170,0.024633752182126045,0.008023369884724707,40
antonym,pcasub_icl10_cf_k2_zero,target1,2,zero,17,0.009678558446466923,0.0039195925816923865,170,0.018699437379837036,0.0068755817289546835,40
antonym,pcasub_icl10_cf_k2_zero,target1,2,zero,18,0.010140903294086456,0.0037166551361063733,170,0.014965243637561798,0.00694724662823635,40
antonym,pcasub_icl10_cf_k2_zero,target1,2,zero,19,0.01064207125455141,0.002794843557660072,170,0.016306892037391663,0.005236981371459182,40
antonym,pcasub_icl10_cf_k2_zero,target1,2,zero,20,0.007730406709015369,0.0021451113003773626,170,0.013349284417927265,0.004662811043140505,40
antonym,pcasub_icl10_cf_k2_zero,target1,2,zero,21,0.008793450891971588,0.0017451660312207099,170,0.01152403000742197,0.0041362046780816335,40
antonym,pcasub_icl10_cf_k2_zero,target1,2,zero,22,0.007886869832873344,0.0014810609209438635,170,0.010442238301038742,0.003537460430589212,40
antonym,pcasub_icl10_cf_k2_zero,target1,2,zero,23,0.007390023209154606,0.0011645114346820345,170,0.008513718843460083,0.00218137694450061,40
antonym,pcasub_icl10_cf_k2_zero,target1,2,zero,24,0.0048041692934930325,0.0009612244861143409,170,0.004262066446244717,0.0015772312353038978,40
antonym,pcasub_icl10_cf_k2_zero,target1,2,zero,25,0.002215414075180888,0.0006053111640316852,170,0.002453557448461652,0.0009693954623453513,40
antonym,pcasub_icl10_cf_k2_zero,target1,2,zero,26,4.070699287694879e-05,0.0002780585150304436,170,0.0006943471962586045,0.0005460787073940814,40
antonym,pcasub_icl10_cf_k2_zero,target1,2,zero,27,0.0,0.0,170,0.0,0.0,40
antonym,pcasub_icl10_cf_k2_zero,final_cue,2,zero,0,-1.6212323904037476,0.16308403358851334,170,-1.5363693237304688,0.3556247486307597,40
antonym,pcasub_icl10_cf_k2_zero,final_cue,2,zero,1,-1.4679186344146729,0.16093359695699022,170,-1.407094120979309,0.3447038067959709,40
antonym,pcasub_icl10_cf_k2_zero,final_cue,2,zero,2,-1.450339436531067,0.16479577390600111,170,-1.3860477209091187,0.35295276490529853,40
antonym,pcasub_icl10_cf_k2_zero,final_cue,2,zero,3,-1.4897161722183228,0.16542283296985422,170,-1.4093233346939087,0.3492308740306017,40
antonym,pcasub_icl10_cf_k2_zero,final_cue,2,zero,4,-1.4559929370880127,0.16495427582964156,170,-1.3779714107513428,0.3500850945613431,40
antonym,pcasub_icl10_cf_k2_zero,final_cue,2,zero,5,-1.4733293056488037,0.16481347462843812,170,-1.3839386701583862,0.35114141024942364,40
antonym,pcasub_icl10_cf_k2_zero,final_cue,2,zero,6,-1.4996627569198608,0.16540335851799945,170,-1.4090980291366577,0.3536783999889808,40
antonym,pcasub_icl10_cf_k2_zero,final_cue,2,zero,7,-1.4172114133834839,0.1632083043629781,170,-1.324039101600647,0.3435952049703732,40
antonym,pcasub_icl10_cf_k2_zero,final_cue,2,zero,8,-1.380118727684021,0.16270708865843436,170,-1.3056561946868896,0.34141317288825035,40
antonym,pcasub_icl10_cf_k2_zero,final_cue,2,zero,9,-1.4032227993011475,0.16319349280804632,170,-1.321650505065918,0.343876012063643,40
antonym,pcasub_icl10_cf_k2_zero,final_cue,2,zero,10,-1.2739291191101074,0.161018187392934,170,-1.1722913980484009,0.3306435856620638,40
antonym,pcasub_icl10_cf_k2_zero,final_cue,2,zero,11,-1.2266653776168823,0.1583216432453146,170,-1.1189625263214111,0.3256826226503441,40
antonym,pcasub_icl10_cf_k2_zero,final_cue,2,zero,12,-1.0853615999221802,0.15804183285819573,170,-0.9849786758422852,0.31806958008086983,40
antonym,pcasub_icl10_cf_k2_zero,final_cue,2,zero,13,-1.3539724349975586,0.16022423319097906,170,-1.1878550052642822,0.3252734939910265,40
antonym,pcasub_icl10_cf_k2_zero,final_cue,2,zero,14,-1.1497217416763306,0.15715198755246015,170,-0.9818412661552429,0.31459387134103656,40
antonym,pcasub_icl10_cf_k2_zero,final_cue,2,zero,15,-0.9669079184532166,0.1541231342841303,170,-0.7702319622039795,0.28901011723448095,40
antonym,pcasub_icl10_cf_k2_zero,final_cue,2,zero,16,-1.0051106214523315,0.15282442606173124,170,-0.8494471311569214,0.3058865896124347,40
antonym,pcasub_icl10_cf_k2_zero,final_cue,2,zero,17,-0.9558903574943542,0.1499383305827255,170,-0.8015667200088501,0.2988387613204393,40
antonym,pcasub_icl10_cf_k2_zero,final_cue,2,zero,18,-0.9366341233253479,0.1448766919722937,170,-0.7545350790023804,0.2860887282560901,40
antonym,pcasub_icl10_cf_k2_zero,final_cue,2,zero,19,-0.9030603766441345,0.1450949886917699,170,-0.7812328338623047,0.29206470957762787,40
antonym,pcasub_icl10_cf_k2_zero,final_cue,2,zero,20,-0.823712170124054,0.14509403782651503,170,-0.7147068977355957,0.2864778019585518,40
antonym,pcasub_icl10_cf_k2_zero,final_cue,2,zero,21,-0.7734797596931458,0.14511972033133194,170,-0.6675065159797668,0.28482675501701843,40
antonym,pcasub_icl10_cf_k2_zero,final_cue,2,zero,22,-0.7637238502502441,0.14067517498544732,170,-0.7045415639877319,0.28332732656509857,40
antonym,pcasub_icl10_cf_k2_zero,final_cue,2,zero,23,-0.746751606464386,0.14446401645167556,170,-0.6670361757278442,0.28736031430342923,40
antonym,pcasub_icl10_cf_k2_zero,final_cue,2,zero,24,-0.7411110997200012,0.1452814679969482,170,-0.6225041747093201,0.27941659112955675,40
antonym,pcasub_icl10_cf_k2_zero,final_cue,2,zero,25,-0.8175868391990662,0.14776108686536285,170,-0.679764986038208,0.2823765067355917,40
antonym,pcasub_icl10_cf_k2_zero,final_cue,2,zero,26,-0.8179035782814026,0.14950195657421647,170,-0.6360440254211426,0.29130688101057167,40
antonym,pcasub_icl10_cf_k2_zero,final_cue,2,zero,27,-1.0053091049194336,0.16717922738258081,170,-0.8308742642402649,0.3085803246726813,40
antonym,pcasub_icl10_cf_k2_mean,cue1,2,mean,0,0.003721526125445962,0.003181039709520231,170,0.0003967299999203533,0.005141702066770166,40
antonym,pcasub_icl10_cf_k2_mean,cue1,2,mean,1,-0.005517131648957729,0.0025922901153500686,170,-0.006164486054331064,0.004300316873342168,40
antonym,pcasub_icl10_cf_k2_mean,cue1,2,mean,2,-0.0074890246614813805,0.0025996076063484895,170,-0.009042621590197086,0.004147112447070583,40
antonym,pcasub_icl10_cf_k2_mean,cue1,2,mean,3,-0.007991772145032883,0.002564029874256249,170,-0.010002284310758114,0.003980196221555336,40
antonym,pcasub_icl10_cf_k2_mean,cue1,2,mean,4,-0.011442648246884346,0.0024110714264797234,170,-0.0124881062656641,0.0034272736158242546,40
antonym,pcasub_icl10_cf_k2_mean,cue1,2,mean,5,-0.014726940542459488,0.0019991004833010474,170,-0.016173163428902626,0.0026556923126264016,40
antonym,pcasub_icl10_cf_k2_mean,cue1,2,mean,6,-0.01586608588695526,0.0017984679145212606,170,-0.01652040146291256,0.0027490546513530265,40
antonym,pcasub_icl10_cf_k2_mean,cue1,2,mean,7,-0.011845486238598824,0.0015649426365557059,170,-0.010895473882555962,0.0026837667783401646,40
antonym,pcasub_icl10_cf_k2_mean,cue1,2,mean,8,-0.011873158626258373,0.0015340916590740772,170,-0.010781562887132168,0.0024388355749446803,40
antonym,pcasub_icl10_cf_k2_mean,cue1,2,mean,9,-0.008799389004707336,0.001442691736465751,170,-0.007768678013235331,0.002520094286595047,40
antonym,pcasub_icl10_cf_k2_mean,cue1,2,mean,10,-0.003673757426440716,0.000852250985010842,170,-0.00275768106803298,0.0016705175904357617,40
antonym,pcasub_icl10_cf_k2_mean,cue1,2,mean,11,-0.006470806431025267,0.0007503188296927705,170,-0.00573961203917861,0.001834555274651822,40
antonym,pcasub_icl10_cf_k2_mean,cue1,2,mean,12,-0.00626599695533514,0.0007105269187913776,170,-0.005080770701169968,0.0016301033005798574,40
antonym,pcasub_icl10_cf_k2_mean,cue1,2,mean,13,-0.004970900248736143,0.0006340865523774726,170,-0.005055998917669058,0.0013790403977932254,40
antonym,pcasub_icl10_cf_k2_mean,cue1,2,mean,14,-0.005561486352235079,0.0005810948145799787,170,-0.0054131681099534035,0.0013440771945862522,40
antonym,pcasub_icl10_cf_k2_mean,cue1,2,mean,15,-0.00436742790043354,0.0005750940491005232,170,-0.0035148807801306248,0.0012398913167470404,40
antonym,pcasub_icl10_cf_k2_mean,cue1,2,mean,16,-0.003964922856539488,0.0005157823645291452,170,-0.0032716982532292604,0.0012654874803293666,40
antonym,pcasub_icl10_cf_k2_mean,cue1,2,mean,17,-0.003677878761664033,0.0005005323058563888,170,-0.002174458699300885,0.0010260393915515354,40
antonym,pcasub_icl10_cf_k2_mean,cue1,2,mean,18,-0.0026421884540468454,0.00045555367213458826,170,-0.0017930514877662063,0.000992487995931321,40
antonym,pcasub_icl10_cf_k2_mean,cue1,2,mean,19,-0.003966577351093292,0.0004376283049239492,170,-0.0029933140613138676,0.0009344918974249636,40
antonym,pcasub_icl10_cf_k2_mean,cue1,2,mean,20,-0.0007340215379372239,0.0003960690932310709,170,0.00043650344014167786,0.0008712159698679435,40
antonym,pcasub_icl10_cf_k2_mean,cue1,2,mean,21,-0.0008032439509406686,0.00034506565811047397,170,0.00031608715653419495,0.0007524090666109423,40
antonym,pcasub_icl10_cf_k2_mean,cue1,2,mean,22,-0.0008541175629943609,0.0003551922087878355,170,0.00014800354256294668,0.0008047082361981108,40
antonym,pcasub_icl10_cf_k2_mean,cue1,2,mean,23,-0.0002645851927809417,0.0003279911910161783,170,0.0006395094096660614,0.0006935203081211763,40
antonym,pcasub_icl10_cf_k2_mean,cue1,2,mean,24,1.7516578736831434e-05,0.00025123375046867853,170,0.0009257950005121529,0.0006073387504232446,40
antonym,pcasub_icl10_cf_k2_mean,cue1,2,mean,25,-1.280851211049594e-05,0.0002267089162423689,170,0.0007646016892977059,0.0005522368022491067,40
antonym,pcasub_icl10_cf_k2_mean,cue1,2,mean,26,-9.240069630322978e-05,0.0001945500526028996,170,0.00015839561820030212,0.0005308477148340496,40
antonym,pcasub_icl10_cf_k2_mean,cue1,2,mean,27,0.0,0.0,170,0.0,0.0,40
antonym,pcasub_icl10_cf_k2_mean,target1,2,mean,0,-0.07825891673564911,0.014511235798280798,170,-0.04744817316532135,0.026900499148027304,40
antonym,pcasub_icl10_cf_k2_mean,target1,2,mean,1,-0.08428460359573364,0.01348409103550156,170,-0.06447958201169968,0.0260723533597112,40
antonym,pcasub_icl10_cf_k2_mean,target1,2,mean,2,-0.08989325165748596,0.01253919726013638,170,-0.06651631742715836,0.02585902441074979,40
antonym,pcasub_icl10_cf_k2_mean,target1,2,mean,3,-0.09967666119337082,0.012266296646251888,170,-0.06745631992816925,0.02477360641685583,40
antonym,pcasub_icl10_cf_k2_mean,target1,2,mean,4,-0.09395984560251236,0.011562744358391067,170,-0.07103883475065231,0.024151579971300595,40
antonym,pcasub_icl10_cf_k2_mean,target1,2,mean,5,-0.08434073626995087,0.010901640432665788,170,-0.06309570372104645,0.02234210311155052,40
antonym,pcasub_icl10_cf_k2_mean,target1,2,mean,6,-0.09697142243385315,0.010414011129744662,170,-0.08194436132907867,0.019871806941509286,40
antonym,pcasub_icl10_cf_k2_mean,target1,2,mean,7,-0.0560225211083889,0.0073976213963151734,170,-0.03015747107565403,0.013609049396862203,40
antonym,pcasub_icl10_cf_k2_mean,target1,2,mean,8,-0.031939517706632614,0.0048591185969784085,170,-0.01806805096566677,0.009219524838170495,40
antonym,pcasub_icl10_cf_k2_mean,target1,2,mean,9,-0.017313357442617416,0.00428277968011481,170,-0.009738707914948463,0.009774272228216061,40
antonym,pcasub_icl10_cf_k2_mean,target1,2,mean,10,-0.01930183544754982,0.0043281752102503806,170,-0.012254273518919945,0.00985054620989309,40
antonym,pcasub_icl10_cf_k2_mean,target1,2,mean,11,-0.004542220383882523,0.0035678810097414236,170,0.0060744695365428925,0.0074864362299996495,40
antonym,pcasub_icl10_cf_k2_mean,target1,2,mean,12,-3.71720852854196e-05,0.0032711519068569987,170,0.009085753001272678,0.006826190625299937,40
antonym,pcasub_icl10_cf_k2_mean,target1,2,mean,13,0.0017232748214155436,0.0030549697768493386,170,0.011842578649520874,0.00596061437577257,40
antonym,pcasub_icl10_cf_k2_mean,target1,2,mean,14,-0.002294856356456876,0.0028573126620251785,170,0.009402858093380928,0.005068731309894823,40
antonym,pcasub_icl10_cf_k2_mean,target1,2,mean,15,0.00666442746296525,0.0022631825933816744,170,0.01417841948568821,0.0043060654151488836,40
antonym,pcasub_icl10_cf_k2_mean,target1,2,mean,16,0.00431558582931757,0.001806092693855506,170,0.009261852130293846,0.0035053396911994177,40
antonym,pcasub_icl10_cf_k2_mean,target1,2,mean,17,0.0021494305692613125,0.001686080098575267,170,0.005863916128873825,0.0031618897197406176,40
antonym,pcasub_icl10_cf_k2_mean,target1,2,mean,18,0.0036143632605671883,0.0015352576690215434,170,0.005877389572560787,0.0029173589027679126,40
antonym,pcasub_icl10_cf_k2_mean,target1,2,mean,19,0.004150951746851206,0.0011836926697495929,170,0.007641979493200779,0.0020968484349400507,40
antonym,pcasub_icl10_cf_k2_mean,target1,2,mean,20,0.0024035507813096046,0.0008906970987166817,170,0.005276089068502188,0.0017994246424773242,40
antonym,pcasub_icl10_cf_k2_mean,target1,2,mean,21,0.0032833197619765997,0.0007130453688482118,170,0.004194776527583599,0.0015949420393594094,40
antonym,pcasub_icl10_cf_k2_mean,target1,2,mean,22,0.0026637313421815634,0.0005859749633563698,170,0.0035721384920179844,0.001375852915444023,40
antonym,pcasub_icl10_cf_k2_mean,target1,2,mean,23,0.002670255256816745,0.0005016743513136946,170,0.002493586391210556,0.0008894555667311786,40
antonym,pcasub_icl10_cf_k2_mean,target1,2,mean,24,0.0009530132520012558,0.0003846091740356163,170,0.0014520414406433702,0.0006952403941103213,40
antonym,pcasub_icl10_cf_k2_mean,target1,2,mean,25,0.0006070752278901637,0.0003025037950066313,170,0.0012225828832015395,0.0005777993916849108,40
antonym,pcasub_icl10_cf_k2_mean,target1,2,mean,26,-0.00024293713795486838,0.00019028487335865196,170,0.00031520501943305135,0.00036721074836458306,40
antonym,pcasub_icl10_cf_k2_mean,target1,2,mean,27,0.0,0.0,170,0.0,0.0,40
antonym,pcasub_icl10_cf_k2_mean,final_cue,2,mean,0,-0.23735477030277252,0.046972931021267435,170,-0.20667164027690887,0.08689992810203281,40
antonym,pcasub_icl10_cf_k2_mean,final_cue,2,mean,1,-0.23422929644584656,0.04680095241122606,170,-0.2041618824005127,0.08637495567877136,40
antonym,pcasub_icl10_cf_k2_mean,final_cue,2,mean,2,-0.2410532385110855,0.04670918934266252,170,-0.20907294750213623,0.08623742655029487,40
antonym,pcasub_icl10_cf_k2_mean,final_cue,2,mean,3,-0.2417106330394745,0.04661780113443985,170,-0.20949134230613708,0.08603840372187258,40
antonym,pcasub_icl10_cf_k2_mean,final_cue,2,mean,4,-0.238881453871727,0.04661249823205686,170,-0.2087557315826416,0.08564859492230807,40
antonym,pcasub_icl10_cf_k2_mean,final_cue,2,mean,5,-0.2456846386194229,0.04669646237694335,170,-0.21474787592887878,0.08624486234021934,40
antonym,pcasub_icl10_cf_k2_mean,final_cue,2,mean,6,-0.2329578399658203,0.04705478771960344,170,-0.20053362846374512,0.08815449382414552,40
antonym,pcasub_icl10_cf_k2_mean,final_cue,2,mean,7,-0.225608691573143,0.04681828741625735,170,-0.18901728093624115,0.08729117882283742,40
antonym,pcasub_icl10_cf_k2_mean,final_cue,2,mean,8,-0.2078409492969513,0.04644656767361264,170,-0.1781271994113922,0.08490894587206341,40
antonym,pcasub_icl10_cf_k2_mean,final_cue,2,mean,9,-0.2234867513179779,0.04686196321743585,170,-0.18409773707389832,0.08582571562679565,40
antonym,pcasub_icl10_cf_k2_mean,final_cue,2,mean,10,-0.1690298616886139,0.0446318413346732,170,-0.1197255477309227,0.0808864191309649,40
antonym,pcasub_icl10_cf_k2_mean,final_cue,2,mean,11,-0.1782275289297104,0.043640637449941413,170,-0.11894984543323517,0.07934027431572989,40
antonym,pcasub_icl10_cf_k2_mean,final_cue,2,mean,12,-0.04776005074381828,0.04389440418630522,170,0.014003691263496876,0.07875773813472604,40
antonym,pcasub_icl10_cf_k2_mean,final_cue,2,mean,13,-0.05743062496185303,0.04402417443625855,170,-0.002122545149177313,0.08069695256487902,40
antonym,pcasub_icl10_cf_k2_mean,final_cue,2,mean,14,-0.0461248904466629,0.04398914328025783,170,0.01168669480830431,0.0798157125034488,40
antonym,pcasub_icl10_cf_k2_mean,final_cue,2,mean,15,-0.02591833844780922,0.04423273850127496,170,0.03292163088917732,0.07993044419741664,40
antonym,pcasub_icl10_cf_k2_mean,final_cue,2,mean,16,0.03745429590344429,0.044304117395937,170,0.08536048233509064,0.08383585489112409,40
antonym,pcasub_icl10_cf_k2_mean,final_cue,2,mean,17,0.047086358070373535,0.0437104026165507,170,0.08722257614135742,0.08289352637558679,40
antonym,pcasub_icl10_cf_k2_mean,final_cue,2,mean,18,0.056438934057950974,0.043248355246159914,170,0.11162420362234116,0.08128143015618,40
antonym,pcasub_icl10_cf_k2_mean,final_cue,2,mean,19,0.0729612484574318,0.04389362703681806,170,0.11550257354974747,0.08464920213808542,40
antonym,pcasub_icl10_cf_k2_mean,final_cue,2,mean,20,0.0885196253657341,0.042698032836962684,170,0.12735265493392944,0.07892643820765782,40
antonym,pcasub_icl10_cf_k2_mean,final_cue,2,mean,21,0.09972301125526428,0.043090237325795464,170,0.14519615471363068,0.07961711376950888,40
antonym,pcasub_icl10_cf_k2_mean,final_cue,2,mean,22,0.10038881748914719,0.041716671321912424,170,0.1286383867263794,0.07836344807013103,40
antonym,pcasub_icl10_cf_k2_mean,final_cue,2,mean,23,0.11301257461309433,0.04270859749852051,170,0.1585564911365509,0.08188284325381087,40
antonym,pcasub_icl10_cf_k2_mean,final_cue,2,mean,24,0.12049789726734161,0.04218948449843419,170,0.16759280860424042,0.08034291849098416,40
antonym,pcasub_icl10_cf_k2_mean,final_cue,2,mean,25,0.12165520340204239,0.042806276046121625,170,0.1644049733877182,0.08058547226194279,40
antonym,pcasub_icl10_cf_k2_mean,final_cue,2,mean,26,0.1292891800403595,0.04282900538288733,170,0.18097691237926483,0.08208995215036397,40
antonym,pcasub_icl10_cf_k2_mean,final_cue,2,mean,27,0.1566421538591385,0.04327609033991645,170,0.20520754158496857,0.07975498217357128,40
antonym,pcasub_icl10_cf_k3_zero,cue1,3,zero,0,-0.16846059262752533,0.016921419788618195,170,-0.20132336020469666,0.02551717127282119,40
antonym,pcasub_icl10_cf_k3_zero,cue1,3,zero,1,-0.07506292313337326,0.011855015423243069,170,-0.09770354628562927,0.023180231612765875,40
antonym,pcasub_icl10_cf_k3_zero,cue1,3,zero,2,-0.05129687488079071,0.00921478604177059,170,-0.05101199820637703,0.01742742765650268,40
antonym,pcasub_icl10_cf_k3_zero,cue1,3,zero,3,-0.05752687528729439,0.009740505955364685,170,-0.05298928543925285,0.01859572784873739,40
antonym,pcasub_icl10_cf_k3_zero,cue1,3,zero,4,-0.061242345720529556,0.00613034601350459,170,-0.04876849427819252,0.011068353542745083,40
antonym,pcasub_icl10_cf_k3_zero,cue1,3,zero,5,-0.03392695635557175,0.00449086659820344,170,-0.03333353251218796,0.007688063116347811,40
antonym,pcasub_icl10_cf_k3_zero,cue1,3,zero,6,-0.040146294981241226,0.0033238543564722313,170,-0.03487138822674751,0.006688939514317453,40
antonym,pcasub_icl10_cf_k3_zero,cue1,3,zero,7,-0.021123593673110008,0.0025176014781662336,170,-0.013437929563224316,0.004351971581296643,40
antonym,pcasub_icl10_cf_k3_zero,cue1,3,zero,8,-0.018326882272958755,0.002244673864051398,170,-0.009412714280188084,0.0041286231056788325,40
antonym,pcasub_icl10_cf_k3_zero,cue1,3,zero,9,-0.013572191819548607,0.002200106198121361,170,-0.004552761558443308,0.00442039804798921,40
antonym,pcasub_icl10_cf_k3_zero,cue1,3,zero,10,-0.007813192903995514,0.0018570059853499265,170,-0.0025734701193869114,0.003574605806065095,40
antonym,pcasub_icl10_cf_k3_zero,cue1,3,zero,11,-0.010409221984446049,0.001677949172065835,170,-0.0061919065192341805,0.0032235336198155992,40
antonym,pcasub_icl10_cf_k3_zero,cue1,3,zero,12,-0.008487268351018429,0.001515659930400709,170,-0.004512914456427097,0.0031613257329810573,40
antonym,pcasub_icl10_cf_k3_zero,cue1,3,zero,13,-0.006764693651348352,0.0014178366672792833,170,-0.004076643846929073,0.00282286829601211,40
antonym,pcasub_icl10_cf_k3_zero,cue1,3,zero,14,-0.010234414599835873,0.0013731830006155567,170,-0.010743350721895695,0.0026573012210689495,40
antonym,pcasub_icl10_cf_k3_zero,cue1,3,zero,15,-0.006680595222860575,0.001315294649615496,170,-0.005342016462236643,0.002699174366493252,40
antonym,pcasub_icl10_cf_k3_zero,cue1,3,zero,16,-0.005477389320731163,0.0011373254884675273,170,-0.004124739207327366,0.002484450323390829,40
antonym,pcasub_icl10_cf_k3_zero,cue1,3,zero,17,-0.005147767253220081,0.0010529331256421076,170,-0.002535638865083456,0.002175932631582995,40
antonym,pcasub_icl10_cf_k3_zero,cue1,3,zero,18,-0.0020135547965765,0.0009485016632876578,170,0.0003530629037413746,0.0019827562695614374,40
antonym,pcasub_icl10_cf_k3_zero,cue1,3,zero,19,-0.005034600850194693,0.0009093151146935901,170,-0.0025798939168453217,0.001943035698145295,40
antonym,pcasub_icl10_cf_k3_zero,cue1,3,zero,20,0.0009306090651080012,0.0007983200963441196,170,0.003715299069881439,0.0016543933120584497,40
antonym,pcasub_icl10_cf_k3_zero,cue1,3,zero,21,0.0016335275722667575,0.0007433546274226128,170,0.004012045916169882,0.0014218101790867091,40
antonym,pcasub_icl10_cf_k3_zero,cue1,3,zero,22,0.0009054437978193164,0.0007698999967436579,170,0.004104859195649624,0.0014072292806642148,40
antonym,pcasub_icl10_cf_k3_zero,cue1,3,zero,23,0.00045455852523446083,0.0007083882576888853,170,0.00320859020575881,0.0012859713910835836,40
antonym,pcasub_icl10_cf_k3_zero,cue1,3,zero,24,0.00038745507481507957,0.0005551429503222451,170,0.002196787390857935,0.0011651853802421197,40
antonym,pcasub_icl10_cf_k3_zero,cue1,3,zero,25,0.0009216843172907829,0.000442105485976827,170,0.0018593646818771958,0.0009290969885694454,40
antonym,pcasub_icl10_cf_k3_zero,cue1,3,zero,26,0.0009112980333156884,0.00034602330913753094,170,0.0013427011435851455,0.0006723875180834076,40
antonym,pcasub_icl10_cf_k3_zero,cue1,3,zero,27,0.0,0.0,170,0.0,0.0,40
antonym,pcasub_icl10_cf_k3_zero,target1,3,zero,0,-0.0977838858962059,0.01928004562481686,170,-0.08961544185876846,0.03146473355187825,40
antonym,pcasub_icl10_cf_k3_zero,target1,3,zero,1,-0.11891134828329086,0.018168871573738237,170,-0.1276695281267166,0.031735748774765836,40
antonym,pcasub_icl10_cf_k3_zero,target1,3,zero,2,-0.09871938079595566,0.017302147608112623,170,-0.11078407615423203,0.02940800018457598,40
antonym,pcasub_icl10_cf_k3_zero,target1,3,zero,3,-0.10687260329723358,0.016517900917545854,170,-0.105485700070858,0.029228832046170668,40
antonym,pcasub_icl10_cf_k3_zero,target1,3,zero,4,-0.09596288204193115,0.01654296970284129,170,-0.10070222616195679,0.02960158282322146,40
antonym,pcasub_icl10_cf_k3_zero,target1,3,zero,5,-0.10520040988922119,0.01601118688038044,170,-0.0973254069685936,0.02681282468203561,40
antonym,pcasub_icl10_cf_k3_zero,target1,3,zero,6,-0.06858120113611221,0.01493173195704695,170,-0.06259240210056305,0.027270787820999808,40
antonym,pcasub_icl10_cf_k3_zero,target1,3,zero,7,-0.10514501482248306,0.014158545932269525,170,-0.08990684151649475,0.024979808222432717,40
antonym,pcasub_icl10_cf_k3_zero,target1,3,zero,8,-0.09542293846607208,0.014138261187787705,170,-0.07671070843935013,0.025452400264958736,40
antonym,pcasub_icl10_cf_k3_zero,target1,3,zero,9,-0.047398533672094345,0.012570928959417338,170,-0.037326693534851074,0.024642756776476902,40
antonym,pcasub_icl10_cf_k3_zero,target1,3,zero,10,-0.06348132342100143,0.01260126750395587,170,-0.053564537316560745,0.025481716974093818,40
antonym,pcasub_icl10_cf_k3_zero,target1,3,zero,11,-0.029565870761871338,0.010354761481416813,170,-0.010511357337236404,0.018972587630106397,40
antonym,pcasub_icl10_cf_k3_zero,target1,3,zero,12,0.0042976862750947475,0.009152655797439225,170,0.023978102952241898,0.01762875590965283,40
antonym,pcasub_icl10_cf_k3_zero,target1,3,zero,13,0.01830480434000492,0.008329041342446684,170,0.043295424431562424,0.01572228864178134,40
antonym,pcasub_icl10_cf_k3_zero,target1,3,zero,14,-0.0025871640536934137,0.0074319754036818566,170,0.026253515854477882,0.013207566218629837,40
antonym,pcasub_icl10_cf_k3_zero,target1,3,zero,15,0.017153514549136162,0.005988216229538151,170,0.03240695595741272,0.011390965749615926,40
antonym,pcasub_icl10_cf_k3_zero,target1,3,zero,16,0.015442434698343277,0.004435046121987694,170,0.026003152132034302,0.008415719717062824,40
antonym,pcasub_icl10_cf_k3_zero,target1,3,zero,17,0.009909027256071568,0.004006957612735381,170,0.02039346471428871,0.0072901670706122836,40
antonym,pcasub_icl10_cf_k3_zero,target1,3,zero,18,0.010512609966099262,0.0037933449332196506,170,0.016950182616710663,0.007193080652212217,40
antonym,pcasub_icl10_cf_k3_zero,target1,3,zero,19,0.011169505305588245,0.002857182946632836,170,0.018955247476696968,0.005391081991834862,40
antonym,pcasub_icl10_cf_k3_zero,target1,3,zero,20,0.008347338996827602,0.0022317946113187513,170,0.01535247266292572,0.0049332375404237214,40
antonym,pcasub_icl10_cf_k3_zero,target1,3,zero,21,0.009431587532162666,0.0018203743871240846,170,0.012815326452255249,0.004488960872838266,40
antonym,pcasub_icl10_cf_k3_zero,target1,3,zero,22,0.00811811164021492,0.0015272020288686803,170,0.011312967166304588,0.0037357307858153317,40
antonym,pcasub_icl10_cf_k3_zero,target1,3,zero,23,0.007524504326283932,0.0012036799831225391,170,0.009353467263281345,0.002267016493252001,40
antonym,pcasub_icl10_cf_k3_zero,target1,3,zero,24,0.00434423191472888,0.0009757894675139935,170,0.00496321776881814,0.001853321013732266,40
antonym,pcasub_icl10_cf_k3_zero,target1,3,zero,25,0.0017664055339992046,0.0006458822958664834,170,0.003173599485307932,0.0011451814472536435,40
antonym,pcasub_icl10_cf_k3_zero,target1,3,zero,26,0.0001718957646517083,0.0003116254085392427,170,0.0014819704229012132,0.0006099022395887296,40
antonym,pcasub_icl10_cf_k3_zero,target1,3,zero,27,0.0,0.0,170,0.0,0.0,40
antonym,pcasub_icl10_cf_k3_zero,final_cue,3,zero,0,-1.3120107650756836,0.16137207384058214,170,-1.2101112604141235,0.32719809129801997,40
antonym,pcasub_icl10_cf_k3_zero,final_cue,3,zero,1,-1.1776281595230103,0.1609581731666548,170,-1.0868980884552002,0.3208160159487941,40
antonym,pcasub_icl10_cf_k3_zero,final_cue,3,zero,2,-1.1429064273834229,0.16404621779710096,170,-1.0483310222625732,0.32867277148081225,40
antonym,pcasub_icl10_cf_k3_zero,final_cue,3,zero,3,-1.1837362051010132,0.163488882756649,170,-1.0784052610397339,0.3218078315782648,40
antonym,pcasub_icl10_cf_k3_zero,final_cue,3,zero,4,-1.148972988128662,0.16297989555723363,170,-1.0453163385391235,0.3209657872713288,40
antonym,pcasub_icl10_cf_k3_zero,final_cue,3,zero,5,-1.1652898788452148,0.16285591735669344,170,-1.0534272193908691,0.32179508989514966,40
antonym,pcasub_icl10_cf_k3_zero,final_cue,3,zero,6,-1.1958107948303223,0.16319896028326186,170,-1.0840988159179688,0.32377649701413896,40
antonym,pcasub_icl10_cf_k3_zero,final_cue,3,zero,7,-1.1799973249435425,0.1631567382087711,170,-1.0614134073257446,0.3204005918424936,40
antonym,pcasub_icl10_cf_k3_zero,final_cue,3,zero,8,-1.1412456035614014,0.16263637719803775,170,-1.0475704669952393,0.31959786580623556,40
antonym,pcasub_icl10_cf_k3_zero,final_cue,3,zero,9,-1.1223628520965576,0.16133266779011543,170,-1.0059486627578735,0.31869825774155713,40
antonym,pcasub_icl10_cf_k3_zero,final_cue,3,zero,10,-0.9971143007278442,0.1578651730653611,170,-0.863709568977356,0.3050722151143938,40
antonym,pcasub_icl10_cf_k3_zero,final_cue,3,zero,11,-1.0200042724609375,0.15513564120774548,170,-0.8848515748977661,0.30180708342154733,40
antonym,pcasub_icl10_cf_k3_zero,final_cue,3,zero,12,-0.8929195404052734,0.15409821064293025,170,-0.7593413591384888,0.29263050816306024,40
antonym,pcasub_icl10_cf_k3_zero,final_cue,3,zero,13,-1.0373181104660034,0.15447195554570917,170,-0.8170177340507507,0.28179674130520616,40
antonym,pcasub_icl10_cf_k3_zero,final_cue,3,zero,14,-0.8853353261947632,0.15153891109474366,170,-0.6650159955024719,0.27271080917408747,40
antonym,pcasub_icl10_cf_k3_zero,final_cue,3,zero,15,-0.7816036343574524,0.14901859702200718,170,-0.5227463841438293,0.25290452247402617,40
antonym,pcasub_icl10_cf_k3_zero,final_cue,3,zero,16,-0.9088262915611267,0.14872133277170016,170,-0.6670085787773132,0.27215413333218724,40
antonym,pcasub_icl10_cf_k3_zero,final_cue,3,zero,17,-0.8372989296913147,0.14873055799325952,170,-0.6114839315414429,0.2741699392258589,40
antonym,pcasub_icl10_cf_k3_zero,final_cue,3,zero,18,-0.8226722478866577,0.14269077160948027,170,-0.5727930665016174,0.26115807965240717,40
antonym,pcasub_icl10_cf_k3_zero,final_cue,3,zero,19,-0.7649809122085571,0.140941682401933,170,-0.5706812143325806,0.2630200806138006,40
antonym,pcasub_icl10_cf_k3_zero,final_cue,3,zero,20,-0.7197258472442627,0.14000565613078972,170,-0.523552417755127,0.2611459788231765,40
antonym,pcasub_icl10_cf_k3_zero,final_cue,3,zero,21,-0.6621390581130981,0.13790225990057775,170,-0.4754338264465332,0.2594315250443656,40
antonym,pcasub_icl10_cf_k3_zero,final_cue,3,zero,22,-0.6647710204124451,0.13363140289360623,170,-0.5096647143363953,0.25298202809676246,40
antonym,pcasub_icl10_cf_k3_zero,final_cue,3,zero,23,-0.6329902410507202,0.1374317736010499,170,-0.4247344434261322,0.25322922805838366,40
antonym,pcasub_icl10_cf_k3_zero,final_cue,3,zero,24,-0.648201584815979,0.13839385723735098,170,-0.43834343552589417,0.25088975325575585,40
antonym,pcasub_icl10_cf_k3_zero,final_cue,3,zero,25,-0.757385790348053,0.14042477742068374,170,-0.5622085332870483,0.25649822372318076,40
antonym,pcasub_icl10_cf_k3_zero,final_cue,3,zero,26,-0.7963957786560059,0.149459240781228,170,-0.540967583656311,0.28672699987640116,40
antonym,pcasub_icl10_cf_k3_zero,final_cue,3,zero,27,-1.0111929178237915,0.16911027014241053,170,-0.8101968765258789,0.3137893546836307,40
antonym,pcasub_icl10_cf_k3_mean,cue1,3,mean,0,0.011592733673751354,0.003838165887024823,170,0.012581324204802513,0.007394132065908586,40
antonym,pcasub_icl10_cf_k3_mean,cue1,3,mean,1,0.0032912269234657288,0.003090321507013511,170,0.007650353945791721,0.006195996826838107,40
antonym,pcasub_icl10_cf_k3_mean,cue1,3,mean,2,0.0023544630967080593,0.0029488525858278832,170,0.004919268190860748,0.005496623204957363,40
antonym,pcasub_icl10_cf_k3_mean,cue1,3,mean,3,0.0023226256016641855,0.002930218998289559,170,0.003928113728761673,0.005539953880654806,40
antonym,pcasub_icl10_cf_k3_mean,cue1,3,mean,4,-0.0024699571076780558,0.0026858877709934133,170,-0.0015320114325731993,0.004255219726321569,40
antonym,pcasub_icl10_cf_k3_mean,cue1,3,mean,5,-0.008713694289326668,0.0021427425658834963,170,-0.005854011978954077,0.0035710981912837037,40
antonym,pcasub_icl10_cf_k3_mean,cue1,3,mean,6,-0.010740901343524456,0.0019061924049691976,170,-0.013232666067779064,0.003089916762939107,40
antonym,pcasub_icl10_cf_k3_mean,cue1,3,mean,7,-0.011810218915343285,0.0016368799645532814,170,-0.01110849715769291,0.0026516298408972238,40
antonym,pcasub_icl10_cf_k3_mean,cue1,3,mean,8,-0.012240000069141388,0.0015534453956132805,170,-0.011549610644578934,0.0024254897044471034,40
antonym,pcasub_icl10_cf_k3_mean,cue1,3,mean,9,-0.008784002624452114,0.0014462044807193955,170,-0.00814451277256012,0.0024219326119761003,40
antonym,pcasub_icl10_cf_k3_mean,cue1,3,mean,10,-0.0032596325036138296,0.0008989678121329496,170,-0.0010239630937576294,0.0017248258340057142,40
antonym,pcasub_icl10_cf_k3_mean,cue1,3,mean,11,-0.005987199489027262,0.0007875034326364073,170,-0.0042527830228209496,0.0018816471382899162,40
antonym,pcasub_icl10_cf_k3_mean,cue1,3,mean,12,-0.00544566847383976,0.0007320462452342366,170,-0.004296339116990566,0.0017648549047067858,40
antonym,pcasub_icl10_cf_k3_mean,cue1,3,mean,13,-0.004904462490230799,0.0006534236459175482,170,-0.003862453158944845,0.0015132598222467723,40
antonym,pcasub_icl10_cf_k3_mean,cue1,3,mean,14,-0.005041077733039856,0.0006020309931907431,170,-0.004997671581804752,0.0014202827026749806,40
antonym,pcasub_icl10_cf_k3_mean,cue1,3,mean,15,-0.0041002510115504265,0.0006213471579808427,170,-0.0022405721247196198,0.001411995631430129,40
antonym,pcasub_icl10_cf_k3_mean,cue1,3,mean,16,-0.003740648040547967,0.0005598834193355713,170,-0.002198877278715372,0.0013001256916882066,40
antonym,pcasub_icl10_cf_k3_mean,cue1,3,mean,17,-0.0035199213307350874,0.0005467815575609447,170,-0.002065508160740137,0.0011844759362445148,40
antonym,pcasub_icl10_cf_k3_mean,cue1,3,mean,18,-0.0024738747160881758,0.0005037691548991724,170,-0.0011534050572663546,0.0011060906855948484,40
antonym,pcasub_icl10_cf_k3_mean,cue1,3,mean,19,-0.003235605778172612,0.00048270558234444176,170,-0.0017299659084528685,0.001088921411907035,40
antonym,pcasub_icl10_cf_k3_mean,cue1,3,mean,20,-0.0004086976405233145,0.000466653766831736,170,0.0016527585685253143,0.0010980468796572538,40
antonym,pcasub_icl10_cf_k3_mean,cue1,3,mean,21,0.0004145974526181817,0.00043334683982647787,170,0.0027438513934612274,0.0009140262462942938,40
antonym,pcasub_icl10_cf_k3_mean,cue1,3,mean,22,-0.00033552630338817835,0.00042359436376899383,170,0.001444254070520401,0.0008686627149269466,40
antonym,pcasub_icl10_cf_k3_mean,cue1,3,mean,23,-0.00012932613026350737,0.00037762390015712104,170,0.0013388000661507249,0.0008262522359032612,40
antonym,pcasub_icl10_cf_k3_mean,cue1,3,mean,24,-0.0001042476505972445,0.0003226062165044456,170,0.0014128632610663772,0.000775688540455727,40
antonym,pcasub_icl10_cf_k3_mean,cue1,3,mean,25,0.00014638234279118478,0.00028011733616609076,170,0.0015902504092082381,0.0005851423373138559,40
antonym,pcasub_icl10_cf_k3_mean,cue1,3,mean,26,0.00028408083016984165,0.00023109209649330693,170,0.0009987227385863662,0.0005690027444135687,40
antonym,pcasub_icl10_cf_k3_mean,cue1,3,mean,27,0.0,0.0,170,0.0,0.0,40
antonym,pcasub_icl10_cf_k3_mean,target1,3,mean,0,-0.07940919697284698,0.015248437516068839,170,-0.04381853714585304,0.027068954188591482,40
antonym,pcasub_icl10_cf_k3_mean,target1,3,mean,1,-0.0878017470240593,0.014128877107730224,170,-0.06566965579986572,0.026782355849556717,40
antonym,pcasub_icl10_cf_k3_mean,target1,3,mean,2,-0.0932583138346672,0.013021178514872864,170,-0.07012083381414413,0.02605435290501442,40
antonym,pcasub_icl10_cf_k3_mean,target1,3,mean,3,-0.10380414873361588,0.012551293363330676,170,-0.07202845811843872,0.024612238466308396,40
antonym,pcasub_icl10_cf_k3_mean,target1,3,mean,4,-0.0977761298418045,0.011764019218364655,170,-0.0743073970079422,0.02370834233519698,40
antonym,pcasub_icl10_cf_k3_mean,target1,3,mean,5,-0.08711958676576614,0.011067900136775157,170,-0.06657856702804565,0.022100256164729187,40
antonym,pcasub_icl10_cf_k3_mean,target1,3,mean,6,-0.10123010724782944,0.01058357714777515,170,-0.08744820207357407,0.019898852389083153,40
antonym,pcasub_icl10_cf_k3_mean,target1,3,mean,7,-0.06309819221496582,0.00766664826286623,170,-0.038280975073575974,0.013784999129362305,40
antonym,pcasub_icl10_cf_k3_mean,target1,3,mean,8,-0.03101482428610325,0.005104634977242476,170,-0.01833810843527317,0.009670843241223883,40
antonym,pcasub_icl10_cf_k3_mean,target1,3,mean,9,-0.014189265668392181,0.004496383502412121,170,-0.007196909748017788,0.010150078252600368,40
antonym,pcasub_icl10_cf_k3_mean,target1,3,mean,10,-0.017018208280205727,0.0045515142584580115,170,-0.009831894189119339,0.010319422713537325,40
antonym,pcasub_icl10_cf_k3_mean,target1,3,mean,11,-0.005830999463796616,0.0037458239563800365,170,0.004957863129675388,0.007849770342481155,40
antonym,pcasub_icl10_cf_k3_mean,target1,3,mean,12,-0.0009458245476707816,0.0034146645597638286,170,0.008366236463189125,0.007130626849479903,40
antonym,pcasub_icl10_cf_k3_mean,target1,3,mean,13,0.002232668222859502,0.0031440728227196887,170,0.01314492803066969,0.0062027222585045935,40
antonym,pcasub_icl10_cf_k3_mean,target1,3,mean,14,-0.001964577240869403,0.0029424891029682983,170,0.011404692195355892,0.0051801497657190405,40
antonym,pcasub_icl10_cf_k3_mean,target1,3,mean,15,0.006837351247668266,0.0023500741918142916,170,0.014766219072043896,0.004503672239216105,40
antonym,pcasub_icl10_cf_k3_mean,target1,3,mean,16,0.0049686068668961525,0.0018777804482953478,170,0.010192599147558212,0.003539337048673765,40
antonym,pcasub_icl10_cf_k3_mean,target1,3,mean,17,0.0028176959604024887,0.0017297874714516848,170,0.007316264323890209,0.0032351296588082525,40
antonym,pcasub_icl10_cf_k3_mean,target1,3,mean,18,0.004111636895686388,0.0015736107105047937,170,0.00725985411554575,0.0029967514514407574,40
antonym,pcasub_icl10_cf_k3_mean,target1,3,mean,19,0.004118745680898428,0.0012524895423838814,170,0.00795627199113369,0.0022774988424633085,40
antonym,pcasub_icl10_cf_k3_mean,target1,3,mean,20,0.0028078644536435604,0.0009410823857065894,170,0.005503845866769552,0.002037299090391959,40
antonym,pcasub_icl10_cf_k3_mean,target1,3,mean,21,0.003520985832437873,0.0007707703613117708,170,0.004849175922572613,0.0018226298261601773,40
antonym,pcasub_icl10_cf_k3_mean,target1,3,mean,22,0.0026904356200248003,0.0006309722400943605,170,0.0042737252078950405,0.0014377863189052437,40
antonym,pcasub_icl10_cf_k3_mean,target1,3,mean,23,0.002734024543315172,0.0005092469516313618,170,0.002998628420755267,0.0008792985038780615,40
antonym,pcasub_icl10_cf_k3_mean,target1,3,mean,24,0.0010502077639102936,0.00040356094285983753,170,0.0014265604550018907,0.0006444228309934706,40
antonym,pcasub_icl10_cf_k3_mean,target1,3,mean,25,0.0005884200218133628,0.0003019454331002761,170,0.0010055906604975462,0.0005449445859775163,40
antonym,pcasub_icl10_cf_k3_mean,target1,3,mean,26,-0.00021560840832535177,0.00020740851944393206,170,0.0006230227882042527,0.00040634745359230314,40
antonym,pcasub_icl10_cf_k3_mean,target1,3,mean,27,0.0,0.0,170,0.0,0.0,40
antonym,pcasub_icl10_cf_k3_mean,final_cue,3,mean,0,-0.1782568097114563,0.047618737673631444,170,-0.12013864517211914,0.08334961643058712,40
antonym,pcasub_icl10_cf_k3_mean,final_cue,3,mean,1,-0.17292702198028564,0.047525104874831144,170,-0.11558745056390762,0.08267739840304164,40
antonym,pcasub_icl10_cf_k3_mean,final_cue,3,mean,2,-0.17891572415828705,0.04740604557339793,170,-0.1208006739616394,0.08277086882695926,40
antonym,pcasub_icl10_cf_k3_mean,final_cue,3,mean,3,-0.18016313016414642,0.047367247528118266,170,-0.12105540931224823,0.08267819004607542,40
antonym,pcasub_icl10_cf_k3_mean,final_cue,3,mean,4,-0.1759885847568512,0.04736982583582861,170,-0.11999442428350449,0.08274350059636269,40
antonym,pcasub_icl10_cf_k3_mean,final_cue,3,mean,5,-0.1828087717294693,0.04737958134762628,170,-0.12504570186138153,0.08296607480504009,40
antonym,pcasub_icl10_cf_k3_mean,final_cue,3,mean,6,-0.16317380964756012,0.04799378087320066,170,-0.10874233394861221,0.08562093453773476,40
antonym,pcasub_icl10_cf_k3_mean,final_cue,3,mean,7,-0.14766758680343628,0.04752448315524141,170,-0.09326784312725067,0.08389224060863762,40
antonym,pcasub_icl10_cf_k3_mean,final_cue,3,mean,8,-0.13092511892318726,0.04698013108269261,170,-0.07951077073812485,0.08142136248672334,40
antonym,pcasub_icl10_cf_k3_mean,final_cue,3,mean,9,-0.15612351894378662,0.048016665639863794,170,-0.0989086925983429,0.08423866925481506,40
antonym,pcasub_icl10_cf_k3_mean,final_cue,3,mean,10,-0.10349533706903458,0.04541719203465849,170,-0.03655814379453659,0.0790167986053713,40
antonym,pcasub_icl10_cf_k3_mean,final_cue,3,mean,11,-0.11518386751413345,0.04408024805749107,170,-0.03726958483457565,0.07710268114425367,40
antonym,pcasub_icl10_cf_k3_mean,final_cue,3,mean,12,0.013740221038460732,0.04393541025042194,170,0.09377120435237885,0.07490238943858367,40
antonym,pcasub_icl10_cf_k3_mean,final_cue,3,mean,13,0.0009431446087546647,0.04381249720182592,170,0.07280786335468292,0.0755690188432835,40
antonym,pcasub_icl10_cf_k3_mean,final_cue,3,mean,14,0.0020551905035972595,0.043624331025113726,170,0.07433923333883286,0.07460615944263785,40
antonym,pcasub_icl10_cf_k3_mean,final_cue,3,mean,15,0.022002236917614937,0.04405749586338751,170,0.09657643735408783,0.07524919034547342,40
antonym,pcasub_icl10_cf_k3_mean,final_cue,3,mean,16,0.06873790174722672,0.04411721751574212,170,0.1348811537027359,0.08026042740199937,40
antonym,pcasub_icl10_cf_k3_mean,final_cue,3,mean,17,0.07989294081926346,0.043678905204982785,170,0.13606064021587372,0.07924609706767495,40
antonym,pcasub_icl10_cf_k3_mean,final_cue,3,mean,18,0.08756718039512634,0.04322715735103068,170,0.15967914462089539,0.07716890585375853,40
antonym,pcasub_icl10_cf_k3_mean,final_cue,3,mean,19,0.10234451293945312,0.04378694726956858,170,0.15874002873897552,0.08079235497477195,40
antonym,pcasub_icl10_cf_k3_mean,final_cue,3,mean,20,0.11298671364784241,0.04250298660155532,170,0.1703282594680786,0.07552010190082087,40
antonym,pcasub_icl10_cf_k3_mean,final_cue,3,mean,21,0.12252821028232574,0.04304076947520381,170,0.1885128915309906,0.07745745973957317,40
antonym,pcasub_icl10_cf_k3_mean,final_cue,3,mean,22,0.12201612442731857,0.041958529385252366,170,0.17575392127037048,0.07577206114496662,40
antonym,pcasub_icl10_cf_k3_mean,final_cue,3,mean,23,0.13641725480556488,0.04306744398848376,170,0.21468333899974823,0.0784793201070404,40
antonym,pcasub_icl10_cf_k3_mean,final_cue,3,mean,24,0.13799573481082916,0.04233291429349128,170,0.20750780403614044,0.07785133984616857,40
antonym,pcasub_icl10_cf_k3_mean,final_cue,3,mean,25,0.13423138856887817,0.042795153665520065,170,0.18945294618606567,0.0786714584683653,40
antonym,pcasub_icl10_cf_k3_mean,final_cue,3,mean,26,0.1358974277973175,0.04367320915638864,170,0.1941380798816681,0.08353227863631119,40
antonym,pcasub_icl10_cf_k3_mean,final_cue,3,mean,27,0.1589672714471817,0.0436510969677451,170,0.21294383704662323,0.08079952688368518,40
antonym,pcasub_icl10_cf_k4_zero,cue1,4,zero,0,-0.19375695288181305,0.017924568918114416,170,-0.21436195075511932,0.02915369428429436,40
antonym,pcasub_icl10_cf_k4_zero,cue1,4,zero,1,-0.07512063533067703,0.011430214084891416,170,-0.0853608250617981,0.023058971219849757,40
antonym,pcasub_icl10_cf_k4_zero,cue1,4,zero,2,-0.051427263766527176,0.009015984345753205,170,-0.04124220460653305,0.017335524026089427,40
antonym,pcasub_icl10_cf_k4_zero,cue1,4,zero,3,-0.05626670643687248,0.009615743748135978,170,-0.043547362089157104,0.018881685333887663,40
antonym,pcasub_icl10_cf_k4_zero,cue1,4,zero,4,-0.06371739506721497,0.0063328420267532255,170,-0.04322635382413864,0.012139314626950634,40
antonym,pcasub_icl10_cf_k4_zero,cue1,4,zero,5,-0.033376093953847885,0.004359718907927459,170,-0.025702744722366333,0.007919895543183718,40
antonym,pcasub_icl10_cf_k4_zero,cue1,4,zero,6,-0.0404621846973896,0.0035325955658570387,170,-0.031083280220627785,0.007327141630254984,40
antonym,pcasub_icl10_cf_k4_zero,cue1,4,zero,7,-0.022450365126132965,0.0027905072349517428,170,-0.011658774688839912,0.004828752145856325,40
antonym,pcasub_icl10_cf_k4_zero,cue1,4,zero,8,-0.020133616402745247,0.0025449108540051726,170,-0.009080100804567337,0.004684126208531203,40
antonym,pcasub_icl10_cf_k4_zero,cue1,4,zero,9,-0.01634591817855835,0.002408230545100734,170,-0.004917276557534933,0.004647873198528671,40
antonym,pcasub_icl10_cf_k4_zero,cue1,4,zero,10,-0.00598970428109169,0.001894643877874954,170,0.00016449317627120763,0.0034620110770723746,40
antonym,pcasub_icl10_cf_k4_zero,cue1,4,zero,11,-0.008740557357668877,0.0016716392610918542,170,-0.003693328006193042,0.003205420662276965,40
antonym,pcasub_icl10_cf_k4_zero,cue1,4,zero,12,-0.005866953171789646,0.0015122953302680552,170,-0.0005669556558132172,0.0031805837456221303,40
antonym,pcasub_icl10_cf_k4_zero,cue1,4,zero,13,-0.005481908563524485,0.0014428467377880986,170,-0.0020787976682186127,0.003060260189198003,40
antonym,pcasub_icl10_cf_k4_zero,cue1,4,zero,14,-0.00908844918012619,0.0013582447303170156,170,-0.009073927067220211,0.0026594629248888834,40
antonym,pcasub_icl10_cf_k4_zero,cue1,4,zero,15,-0.005876940209418535,0.0013151773629006137,170,-0.0028961494099348783,0.0028347105454125925,40
antonym,pcasub_icl10_cf_k4_zero,cue1,4,zero,16,-0.00462166266515851,0.0011895076479297737,170,-0.002569527132436633,0.0027484800622314064,40
antonym,pcasub_icl10_cf_k4_zero,cue1,4,zero,17,-0.004347804002463818,0.0010636932888678028,170,-0.002150770975276828,0.002283734209394595,40
antonym,pcasub_icl10_cf_k4_zero,cue1,4,zero,18,-0.0017305741785094142,0.0009607526963751218,170,0.0008983805892057717,0.002131039285521986,40
antonym,pcasub_icl10_cf_k4_zero,cue1,4,zero,19,-0.0038849052507430315,0.0009469839360539062,170,-0.001004352467134595,0.002071663407397592,40
antonym,pcasub_icl10_cf_k4_zero,cue1,4,zero,20,0.0007952134474180639,0.0008429986917919473,170,0.004316357430070639,0.0017979304457020604,40
antonym,pcasub_icl10_cf_k4_zero,cue1,4,zero,21,0.0011256258003413677,0.0007741212470417102,170,0.003849098924547434,0.0015047508376738118,40
antonym,pcasub_icl10_cf_k4_zero,cue1,4,zero,22,0.0006037444109097123,0.0008064400941888882,170,0.003911385778337717,0.0013890574211141383,40
antonym,pcasub_icl10_cf_k4_zero,cue1,4,zero,23,0.0005169561482034624,0.0007265072694086877,170,0.0033095963299274445,0.001291735541923331,40
antonym,pcasub_icl10_cf_k4_zero,cue1,4,zero,24,0.0007354913395829499,0.0004889590999801769,170,0.0021229826379567385,0.0010598720442763871,40
antonym,pcasub_icl10_cf_k4_zero,cue1,4,zero,25,0.0009799221297726035,0.0004309804982101686,170,0.0018473028903827071,0.0008226341062229012,40
antonym,pcasub_icl10_cf_k4_zero,cue1,4,zero,26,0.0006299588712863624,0.00034650702754994466,170,0.0007199011743068695,0.0007390200503899839,40
antonym,pcasub_icl10_cf_k4_zero,cue1,4,zero,27,0.0,0.0,170,0.0,0.0,40
antonym,pcasub_icl10_cf_k4_zero,target1,4,zero,0,-0.0977218821644783,0.01957658986898136,170,-0.08284611999988556,0.03203375996753767,40
antonym,pcasub_icl10_cf_k4_zero,target1,4,zero,1,-0.11390557885169983,0.018587224857080233,170,-0.11886509507894516,0.03301416038719085,40
antonym,pcasub_icl10_cf_k4_zero,target1,4,zero,2,-0.0899883359670639,0.01764938942764551,170,-0.0974600538611412,0.0287747823568467,40
antonym,pcasub_icl10_cf_k4_zero,target1,4,zero,3,-0.09878351539373398,0.01668261889421672,170,-0.08728714287281036,0.02878548838644646,40
antonym,pcasub_icl10_cf_k4_zero,target1,4,zero,4,-0.07321159541606903,0.016408952559513995,170,-0.07721786201000214,0.028074402099590404,40
antonym,pcasub_icl10_cf_k4_zero,target1,4,zero,5,-0.0834495946764946,0.015832195639084324,170,-0.0754748210310936,0.024862729872329008,40
antonym,pcasub_icl10_cf_k4_zero,target1,4,zero,6,-0.05170623958110809,0.014872603452609748,170,-0.047281574457883835,0.025629758933572538,40
antonym,pcasub_icl10_cf_k4_zero,target1,4,zero,7,-0.08869916200637817,0.013997606273546535,170,-0.07606612890958786,0.023432544268980282,40
antonym,pcasub_icl10_cf_k4_zero,target1,4,zero,8,-0.08652213960886002,0.01388741447633522,170,-0.06962796300649643,0.024172817680546247,40
antonym,pcasub_icl10_cf_k4_zero,target1,4,zero,9,-0.037597376853227615,0.012443004439496017,170,-0.029790639877319336,0.023688501781662746,40
antonym,pcasub_icl10_cf_k4_zero,target1,4,zero,10,-0.054355453699827194,0.012556081975611866,170,-0.0479653999209404,0.025104894890012133,40
antonym,pcasub_icl10_cf_k4_zero,target1,4,zero,11,-0.028145672753453255,0.01037912054637177,170,-0.009583870880305767,0.01914816863601487,40
antonym,pcasub_icl10_cf_k4_zero,target1,4,zero,12,0.004452868830412626,0.00913050989422234,170,0.024375883862376213,0.0176441422930818,40
antonym,pcasub_icl10_cf_k4_zero,target1,4,zero,13,0.01818229816854,0.00824668063981091,170,0.043088220059871674,0.015675972812144,40
antonym,pcasub_icl10_cf_k4_zero,target1,4,zero,14,-0.0019610454328358173,0.007541745483009697,170,0.02631077729165554,0.01344592027617264,40
antonym,pcasub_icl10_cf_k4_zero,target1,4,zero,15,0.017655443400144577,0.006035500061497491,170,0.034009940922260284,0.011438037881080186,40
antonym,pcasub_icl10_cf_k4_zero,target1,4,zero,16,0.01583423651754856,0.004648104225343653,170,0.0271165668964386,0.008357233553821267,40
antonym,pcasub_icl10_cf_k4_zero,target1,4,zero,17,0.009635597467422485,0.004183529119102533,170,0.020496567711234093,0.007215984699361571,40
antonym,pcasub_icl10_cf_k4_zero,target1,4,zero,18,0.010228365659713745,0.0039712164506774585,170,0.01686280407011509,0.007088592018034192,40
antonym,pcasub_icl10_cf_k4_zero,target1,4,zero,19,0.011143237352371216,0.002912337417166754,170,0.01768685318529606,0.0053987704713884315,40
antonym,pcasub_icl10_cf_k4_zero,target1,4,zero,20,0.007928545586764812,0.002355819526543187,170,0.013288477435708046,0.005047876463723548,40
antonym,pcasub_icl10_cf_k4_zero,target1,4,zero,21,0.009108451195061207,0.0019183362228562728,170,0.010933119803667068,0.004664332776606118,40
antonym,pcasub_icl10_cf_k4_zero,target1,4,zero,22,0.008606115356087685,0.001701184227431638,170,0.01073848083615303,0.004278456569835572,40
antonym,pcasub_icl10_cf_k4_zero,target1,4,zero,23,0.007876325398683548,0.0013275614685519179,170,0.009280500933527946,0.0022515991862670256,40
antonym,pcasub_icl10_cf_k4_zero,target1,4,zero,24,0.005126310046762228,0.0011074933768209058,170,0.006325206719338894,0.001954206464615335,40
antonym,pcasub_icl10_cf_k4_zero,target1,4,zero,25,0.0024804172571748495,0.0007222415187309936,170,0.0036747357808053493,0.001253582058521612,40
antonym,pcasub_icl10_cf_k4_zero,target1,4,zero,26,0.00021782815747428685,0.00030873552674222084,170,0.001076527638360858,0.000561170838462138,40
antonym,pcasub_icl10_cf_k4_zero,target1,4,zero,27,0.0,0.0,170,0.0,0.0,40
antonym,pcasub_icl10_cf_k4_zero,final_cue,4,zero,0,-1.8763991594314575,0.1744079793382367,170,-1.7111051082611084,0.37120831714539315,40
antonym,pcasub_icl10_cf_k4_zero,final_cue,4,zero,1,-1.7518888711929321,0.1733898220807031,170,-1.592150330543518,0.3656580701382388,40
antonym,pcasub_icl10_cf_k4_zero,final_cue,4,zero,2,-1.6863042116165161,0.17483120580600997,170,-1.5233068466186523,0.36890603071670963,40
antonym,pcasub_icl10_cf_k4_zero,final_cue,4,zero,3,-1.6892513036727905,0.1729928541226608,170,-1.518842101097107,0.35994406611495294,40
antonym,pcasub_icl10_cf_k4_zero,final_cue,4,zero,4,-1.643469214439392,0.17219559017818406,170,-1.4609601497650146,0.3561012046452363,40
antonym,pcasub_icl10_cf_k4_zero,final_cue,4,zero,5,-1.6701229810714722,0.17228749496224233,170,-1.4806948900222778,0.35623397449118827,40
antonym,pcasub_icl10_cf_k4_zero,final_cue,4,zero,6,-1.6743725538253784,0.17281491431890614,170,-1.495499610900879,0.3549383564231807,40
antonym,pcasub_icl10_cf_k4_zero,final_cue,4,zero,7,-1.6659181118011475,0.17177629517252233,170,-1.4646533727645874,0.351776044081508,40
antonym,pcasub_icl10_cf_k4_zero,final_cue,4,zero,8,-1.645891785621643,0.17202085040172949,170,-1.4785683155059814,0.35328054281857285,40
antonym,pcasub_icl10_cf_k4_zero,final_cue,4,zero,9,-1.6306209564208984,0.1710091480564069,170,-1.4423353672027588,0.3520996752931768,40
antonym,pcasub_icl10_cf_k4_zero,final_cue,4,zero,10,-1.483503818511963,0.16684386452153258,170,-1.275033950805664,0.3359785057640286,40
antonym,pcasub_icl10_cf_k4_zero,final_cue,4,zero,11,-1.4094202518463135,0.16224310298579325,170,-1.197426199913025,0.33105780345517,40
antonym,pcasub_icl10_cf_k4_zero,final_cue,4,zero,12,-1.2435643672943115,0.1601470119607606,170,-1.0276615619659424,0.3221715350063581,40
antonym,pcasub_icl10_cf_k4_zero,final_cue,4,zero,13,-1.4185162782669067,0.16360547346559356,170,-1.1417219638824463,0.322228231726492,40
antonym,pcasub_icl10_cf_k4_zero,final_cue,4,zero,14,-1.263326644897461,0.15838160261398293,170,-0.9428869485855103,0.30261672691002917,40
antonym,pcasub_icl10_cf_k4_zero,final_cue,4,zero,15,-1.1104636192321777,0.15314806767992606,170,-0.7365065217018127,0.2752114398800215,40
antonym,pcasub_icl10_cf_k4_zero,final_cue,4,zero,16,-1.2065714597702026,0.150512314908073,170,-0.8879061937332153,0.2935226521648487,40
antonym,pcasub_icl10_cf_k4_zero,final_cue,4,zero,17,-1.1172106266021729,0.14986892656205433,170,-0.7784873843193054,0.28253658826620925,40
antonym,pcasub_icl10_cf_k4_zero,final_cue,4,zero,18,-1.0905314683914185,0.1465453599223224,170,-0.7373797297477722,0.2720157842877115,40
antonym,pcasub_icl10_cf_k4_zero,final_cue,4,zero,19,-1.0758944749832153,0.14281090063432522,170,-0.8064616322517395,0.2718229438144102,40
antonym,pcasub_icl10_cf_k4_zero,final_cue,4,zero,20,-1.0352776050567627,0.14483806307131417,170,-0.7971940040588379,0.2826990258772845,40
antonym,pcasub_icl10_cf_k4_zero,final_cue,4,zero,21,-0.8487260937690735,0.14108127673569756,170,-0.689359188079834,0.2776811022644196,40
antonym,pcasub_icl10_cf_k4_zero,final_cue,4,zero,22,-0.8201271295547485,0.134307833807232,170,-0.6224867105484009,0.27041702348369523,40
antonym,pcasub_icl10_cf_k4_zero,final_cue,4,zero,23,-0.8160653710365295,0.14169254595055858,170,-0.49913105368614197,0.2623518961959987,40
antonym,pcasub_icl10_cf_k4_zero,final_cue,4,zero,24,-0.7785391211509705,0.1407744124034903,170,-0.531525731086731,0.24936959129580827,40
antonym,pcasub_icl10_cf_k4_zero,final_cue,4,zero,25,-0.8739622235298157,0.14158475074522164,170,-0.628370463848114,0.2524417505748478,40
antonym,pcasub_icl10_cf_k4_zero,final_cue,4,zero,26,-0.9058762788772583,0.1521368133384255,170,-0.6117331981658936,0.28938021035277545,40
antonym,pcasub_icl10_cf_k4_zero,final_cue,4,zero,27,-1.0303364992141724,0.17025683078109358,170,-0.8228718042373657,0.30656363289275756,40
antonym,pcasub_icl10_cf_k4_mean,cue1,4,mean,0,0.013037064112722874,0.0043256480458334886,170,0.013730657286942005,0.008116757845826309,40
antonym,pcasub_icl10_cf_k4_mean,cue1,4,mean,1,0.004199928604066372,0.0036265260814829356,170,0.009333611465990543,0.006733882338068074,40
antonym,pcasub_icl10_cf_k4_mean,cue1,4,mean,2,0.002927731955423951,0.0035347361555474128,170,0.005678994115442038,0.006271770730437992,40
antonym,pcasub_icl10_cf_k4_mean,cue1,4,mean,3,0.0037736641243100166,0.003157839797311384,170,0.003384015755727887,0.004980028414783345,40
antonym,pcasub_icl10_cf_k4_mean,cue1,4,mean,4,-0.0018196030287072062,0.0028627661371213036,170,-0.0029228650964796543,0.003973456064385989,40
antonym,pcasub_icl10_cf_k4_mean,cue1,4,mean,5,-0.0101773114874959,0.0023279084312851444,170,-0.009255407378077507,0.003430031407999985,40
antonym,pcasub_icl10_cf_k4_mean,cue1,4,mean,6,-0.012032938189804554,0.0019268944387252822,170,-0.015022456645965576,0.0031500271491461873,40
antonym,pcasub_icl10_cf_k4_mean,cue1,4,mean,7,-0.013021898455917835,0.0016088608683738608,170,-0.011891251429915428,0.0027806517518610984,40
antonym,pcasub_icl10_cf_k4_mean,cue1,4,mean,8,-0.012609745375812054,0.0015932248778372131,170,-0.011288470588624477,0.0025882880903424165,40
antonym,pcasub_icl10_cf_k4_mean,cue1,4,mean,9,-0.009189513511955738,0.0014816824976752315,170,-0.007718231528997421,0.002625668779354012,40
antonym,pcasub_icl10_cf_k4_mean,cue1,4,mean,10,-0.003004661062732339,0.0009058875140234657,170,-0.0006173528963699937,0.0017998284157657613,40
antonym,pcasub_icl10_cf_k4_mean,cue1,4,mean,11,-0.0059757838025689125,0.0007941147747533867,170,-0.004378149751573801,0.0018421858829791487,40
antonym,pcasub_icl10_cf_k4_mean,cue1,4,mean,12,-0.00556256715208292,0.0007068402444824723,170,-0.004170279949903488,0.0017096439878114796,40
antonym,pcasub_icl10_cf_k4_mean,cue1,4,mean,13,-0.0043526142835617065,0.0006731955288811858,170,-0.0034241764806210995,0.001531928814773422,40
antonym,pcasub_icl10_cf_k4_mean,cue1,4,mean,14,-0.004864244721829891,0.000606212814580991,170,-0.004398467484861612,0.0014023330509630703,40
antonym,pcasub_icl10_cf_k4_mean,cue1,4,mean,15,-0.0038981023244559765,0.000627895785277075,170,-0.0024511567316949368,0.0015334785266944702,40
antonym,pcasub_icl10_cf_k4_mean,cue1,4,mean,16,-0.003429510397836566,0.0005724512408399069,170,-0.002033150987699628,0.0014604369401503671,40
antonym,pcasub_icl10_cf_k4_mean,cue1,4,mean,17,-0.0035069065634161234,0.000530358024591328,170,-0.001993376761674881,0.0011319772360935856,40
antonym,pcasub_icl10_cf_k4_mean,cue1,4,mean,18,-0.001882210373878479,0.0004900995382809148,170,-0.0003869004431180656,0.0011335300403702343,40
antonym,pcasub_icl10_cf_k4_mean,cue1,4,mean,19,-0.0030865774024277925,0.00048140221408228697,170,-0.002326925750821829,0.0010902992035821855,40
antonym,pcasub_icl10_cf_k4_mean,cue1,4,mean,20,-0.0003088795056100935,0.00046484314424209217,170,0.0018665783572942019,0.0010805019583914669,40
antonym,pcasub_icl10_cf_k4_mean,cue1,4,mean,21,0.0001666782482061535,0.0004477379983146406,170,0.0025743283331394196,0.0009323218736959135,40
antonym,pcasub_icl10_cf_k4_mean,cue1,4,mean,22,-0.0005400892696343362,0.0004208666262124,170,0.000996175454929471,0.0008122976867449421,40
antonym,pcasub_icl10_cf_k4_mean,cue1,4,mean,23,-0.00017966190353035927,0.0003872004461422815,170,0.0007676758104935288,0.0007054619546659678,40
antonym,pcasub_icl10_cf_k4_mean,cue1,4,mean,24,4.0446484490530565e-05,0.0003054215341841673,170,0.0013783432077616453,0.0007252667252282546,40
antonym,pcasub_icl10_cf_k4_mean,cue1,4,mean,25,0.00013626673899125308,0.000285093378617713,170,0.0014012157917022705,0.0006011787780666046,40
antonym,pcasub_icl10_cf_k4_mean,cue1,4,mean,26,-0.00014797098992858082,0.00023747752596869431,170,0.00032085328712128103,0.0006341015787834579,40
antonym,pcasub_icl10_cf_k4_mean,cue1,4,mean,27,0.0,0.0,170,0.0,0.0,40
antonym,pcasub_icl10_cf_k4_mean,target1,4,mean,0,-0.08636055886745453,0.015128077632111525,170,-0.05487533658742905,0.02702321324258582,40
antonym,pcasub_icl10_cf_k4_mean,target1,4,mean,1,-0.09238926321268082,0.014053973611570526,170,-0.07352425903081894,0.02706381086495234,40
antonym,pcasub_icl10_cf_k4_mean,target1,4,mean,2,-0.09653579443693161,0.01306185771905822,170,-0.07600565254688263,0.026187761248770407,40
antonym,pcasub_icl10_cf_k4_mean,target1,4,mean,3,-0.10744817554950714,0.012659870289622344,170,-0.07588663697242737,0.024757603918387175,40
antonym,pcasub_icl10_cf_k4_mean,target1,4,mean,4,-0.1010979562997818,0.011832654089616876,170,-0.0781731829047203,0.023770531078877808,40
antonym,pcasub_icl10_cf_k4_mean,target1,4,mean,5,-0.09096729010343552,0.011192080624755386,170,-0.07086797058582306,0.021960969400231255,40
antonym,pcasub_icl10_cf_k4_mean,target1,4,mean,6,-0.10768228769302368,0.01059797155629104,170,-0.09607825428247452,0.01947980698711914,40
antonym,pcasub_icl10_cf_k4_mean,target1,4,mean,7,-0.06638290733098984,0.00766435281471187,170,-0.044465918093919754,0.013531583827493693,40
antonym,pcasub_icl10_cf_k4_mean,target1,4,mean,8,-0.03679179400205612,0.0051474536282513144,170,-0.026815425604581833,0.00937929595518773,40
antonym,pcasub_icl10_cf_k4_mean,target1,4,mean,9,-0.017734099179506302,0.004570614135688632,170,-0.011872222647070885,0.010143305699324727,40
antonym,pcasub_icl10_cf_k4_mean,target1,4,mean,10,-0.018625924363732338,0.004473458735407736,170,-0.013843717984855175,0.010262515124202422,40
antonym,pcasub_icl10_cf_k4_mean,target1,4,mean,11,-0.007322397083044052,0.003663116107925549,170,0.0014829054707661271,0.00776432237252198,40
antonym,pcasub_icl10_cf_k4_mean,target1,4,mean,12,-0.001157245715148747,0.00333448359000951,170,0.007352984510362148,0.007080777488176136,40
antonym,pcasub_icl10_cf_k4_mean,target1,4,mean,13,0.001676870626397431,0.003072367925276454,170,0.011443410068750381,0.006105972759609978,40
antonym,pcasub_icl10_cf_k4_mean,target1,4,mean,14,-0.0028040329925715923,0.0028683710420807362,170,0.009530488401651382,0.005120222859277603,40
antonym,pcasub_icl10_cf_k4_mean,target1,4,mean,15,0.006645359564572573,0.0023518070637406287,170,0.014088978990912437,0.004407798024211522,40
antonym,pcasub_icl10_cf_k4_mean,target1,4,mean,16,0.0039589242078363895,0.0018762808640735208,170,0.008367477916181087,0.003466165141429346,40
antonym,pcasub_icl10_cf_k4_mean,target1,4,mean,17,0.002320883795619011,0.0017701733874206547,170,0.00654579047113657,0.0031592836002443513,40
antonym,pcasub_icl10_cf_k4_mean,target1,4,mean,18,0.0036098144482821226,0.001576819023589846,170,0.006608393043279648,0.0029030678022417145,40
antonym,pcasub_icl10_cf_k4_mean,target1,4,mean,19,0.00426839292049408,0.001251278103477423,170,0.007083094213157892,0.0022099722512505518,40
antonym,pcasub_icl10_cf_k4_mean,target1,4,mean,20,0.0023741801269352436,0.0009714935737219995,170,0.004745443817228079,0.001972755444293671,40
antonym,pcasub_icl10_cf_k4_mean,target1,4,mean,21,0.003276264760643244,0.0007509694781007262,170,0.0038392446003854275,0.0016780113988415137,40
antonym,pcasub_icl10_cf_k4_mean,target1,4,mean,22,0.0026363965589553118,0.0006216533034497743,170,0.0038990541361272335,0.0015076047873832218,40
antonym,pcasub_icl10_cf_k4_mean,target1,4,mean,23,0.002795384731143713,0.0005228002815432684,170,0.0028008497320115566,0.0008656210150560642,40
antonym,pcasub_icl10_cf_k4_mean,target1,4,mean,24,0.0015673852758482099,0.00044687070520130234,170,0.001866640872322023,0.0007284854992710356,40
antonym,pcasub_icl10_cf_k4_mean,target1,4,mean,25,0.0007660117116756737,0.000309086244019975,170,0.0012622348731383681,0.000542347228155452,40
antonym,pcasub_icl10_cf_k4_mean,target1,4,mean,26,-9.87491148407571e-06,0.00021178230675759422,170,0.0006070248782634735,0.00042052494686393164,40
antonym,pcasub_icl10_cf_k4_mean,target1,4,mean,27,0.0,0.0,170,0.0,0.0,40
antonym,pcasub_icl10_cf_k4_mean,final_cue,4,mean,0,-0.16011372208595276,0.04700887647078246,170,-0.06501553952693939,0.08093401195621032,40
antonym,pcasub_icl10_cf_k4_mean,final_cue,4,mean,1,-0.1555904895067215,0.04695619487848802,170,-0.06029684096574783,0.08052940697137151,40
antonym,pcasub_icl10_cf_k4_mean,final_cue,4,mean,2,-0.16009317338466644,0.0467671006938588,170,-0.06414996087551117,0.08020280709832603,40
antonym,pcasub_icl10_cf_k4_mean,final_cue,4,mean,3,-0.16038654744625092,0.04675923776963575,170,-0.06398233771324158,0.0804075504900996,40
antonym,pcasub_icl10_cf_k4_mean,final_cue,4,mean,4,-0.15637294948101044,0.046721280874389245,170,-0.061135221272706985,0.08000025014921719,40
antonym,pcasub_icl10_cf_k4_mean,final_cue,4,mean,5,-0.16216343641281128,0.04663024466916958,170,-0.06718281656503677,0.07958210241390756,40
antonym,pcasub_icl10_cf_k4_mean,final_cue,4,mean,6,-0.14306266605854034,0.04696498581062809,170,-0.048953961580991745,0.0823332033211381,40
antonym,pcasub_icl10_cf_k4_mean,final_cue,4,mean,7,-0.12753742933273315,0.04661993143832819,170,-0.03194304183125496,0.08078068766434546,40
antonym,pcasub_icl10_cf_k4_mean,final_cue,4,mean,8,-0.10575958341360092,0.045815106286488126,170,-0.013494444079697132,0.07769464635924919,40
antonym,pcasub_icl10_cf_k4_mean,final_cue,4,mean,9,-0.12478496134281158,0.04696521438400667,170,-0.027392040938138962,0.07984299591514889,40
antonym,pcasub_icl10_cf_k4_mean,final_cue,4,mean,10,-0.08057793229818344,0.044887985234174206,170,0.03438349440693855,0.07467238415214271,40
antonym,pcasub_icl10_cf_k4_mean,final_cue,4,mean,11,-0.13634993135929108,0.04436240817894172,170,-0.01724931225180626,0.07334085470579899,40
antonym,pcasub_icl10_cf_k4_mean,final_cue,4,mean,12,-0.005219627637416124,0.04368642526913797,170,0.1184912696480751,0.07164945753034714,40
antonym,pcasub_icl10_cf_k4_mean,final_cue,4,mean,13,-0.01696837693452835,0.04302689507112419,170,0.10095357894897461,0.07034911787710237,40
antonym,pcasub_icl10_cf_k4_mean,final_cue,4,mean,14,-0.008919095620512962,0.04307689321195413,170,0.10119204223155975,0.07157567922689492,40
antonym,pcasub_icl10_cf_k4_mean,final_cue,4,mean,15,0.011758404783904552,0.04367239543516091,170,0.11967513710260391,0.07334262647830317,40
antonym,pcasub_icl10_cf_k4_mean,final_cue,4,mean,16,0.058175649493932724,0.04336133449572298,170,0.1434672325849533,0.07820059107673433,40
antonym,pcasub_icl10_cf_k4_mean,final_cue,4,mean,17,0.06830282509326935,0.04281277210154079,170,0.15260720252990723,0.07528444202128144,40
antonym,pcasub_icl10_cf_k4_mean,final_cue,4,mean,18,0.07223000377416611,0.04251929759785057,170,0.16175879538059235,0.07344750504379695,40
antonym,pcasub_icl10_cf_k4_mean,final_cue,4,mean,19,0.07714835554361343,0.043121935881936524,170,0.1387805938720703,0.07945287611296398,40
antonym,pcasub_icl10_cf_k4_mean,final_cue,4,mean,20,0.08213160932064056,0.04256656657254031,170,0.14316605031490326,0.07661214990512277,40
antonym,pcasub_icl10_cf_k4_mean,final_cue,4,mean,21,0.09919215738773346,0.042230417419069764,170,0.14973796904087067,0.07587553548650762,40
antonym,pcasub_icl10_cf_k4_mean,final_cue,4,mean,22,0.10177300125360489,0.04168620249054811,170,0.1416388601064682,0.07775507511082812,40
antonym,pcasub_icl10_cf_k4_mean,final_cue,4,mean,23,0.11802917718887329,0.043057235901396505,170,0.20881935954093933,0.07683248112520445,40
antonym,pcasub_icl10_cf_k4_mean,final_cue,4,mean,24,0.12557387351989746,0.0425591790809447,170,0.19228239357471466,0.07720501043069222,40
antonym,pcasub_icl10_cf_k4_mean,final_cue,4,mean,25,0.12055423855781555,0.042859227355002784,170,0.17301928997039795,0.07609653112127836,40
antonym,pcasub_icl10_cf_k4_mean,final_cue,4,mean,26,0.12552277743816376,0.04380212911337367,170,0.17935165762901306,0.08147141505996658,40
antonym,pcasub_icl10_cf_k4_mean,final_cue,4,mean,27,0.15818190574645996,0.04400710000487885,170,0.20901086926460266,0.0796889930721122,40
