icl_example_index,token_role,layer,feature_dim,target_dim,best_alpha,cv_mse,alpha_pinned,train_sample_count,test_sample_count,train_mse,test_mse,train_mean_squared_l2,test_mean_squared_l2
1,pre_label_token,0,4096,4096,0.1,0.19794350862503052,True,3400,1190,0.19782809913158417,0.2171173656688017,810.3038940429688,889.3127494747899
1,pre_label_token,1,4096,4096,3162277.6601683795,0.19793173670768738,False,3400,1190,0.1974259465932846,0.21630161189231553,808.6565551757812,885.9714088760504
1,pre_label_token,2,4096,4096,3162277.6601683795,0.1979314535856247,False,3400,1190,0.19744911789894104,0.21614081759412748,808.7515869140625,885.3127888655462
1,pre_label_token,3,4096,4096,10000000.0,0.1979372501373291,False,3400,1190,0.19768694043159485,0.21669873309736493,809.7257080078125,887.5980304621849
1,pre_label_token,4,4096,4096,10000000.0,0.19793881475925446,False,3400,1190,0.1976819485425949,0.2167754646108932,809.705322265625,887.9123030462185
1,pre_label_token,5,4096,4096,3162277.6601683795,0.19792743027210236,False,3400,1190,0.19739702343940735,0.21622856364530676,808.5382080078125,885.6721901260504
1,pre_label_token,6,4096,4096,3162277.6601683795,0.19793380796909332,False,3400,1190,0.19741059839725494,0.2162421490965771,808.5938720703125,885.7278492647059
1,pre_label_token,7,4096,4096,10000000.0,0.19793565571308136,False,3400,1190,0.19767796993255615,0.2167369329628824,809.68896484375,887.7544774159663
1,pre_label_token,8,4096,4096,10000000.0,0.1979362517595291,False,3400,1190,0.19767820835113525,0.2167369842529297,809.68994140625,887.7547334558824
1,pre_label_token,9,4096,4096,10000000.0,0.19793535768985748,False,3400,1190,0.1976768970489502,0.21672335552568195,809.6845092773438,887.6989036239496
1,pre_label_token,10,4096,4096,10000000.0,0.1979355365037918,False,3400,1190,0.19767604768276215,0.21674683835326122,809.6810913085938,887.7950170693277
1,pre_label_token,11,4096,4096,3162277.6601683795,0.197934091091156,False,3400,1190,0.1974005401134491,0.21626487379314518,808.5526123046875,885.8209296218488
1,pre_label_token,12,4096,4096,3162277.6601683795,0.19793114066123962,False,3400,1190,0.19739775359630585,0.21626994028812696,808.5411987304688,885.841675420168
1,pre_label_token,13,4096,4096,3162277.6601683795,0.19793343544006348,False,3400,1190,0.1973971128463745,0.21632314890372653,808.5385131835938,886.059637605042
1,pre_label_token,14,4096,4096,3162277.6601683795,0.197931170463562,False,3400,1190,0.19739165902137756,0.2163444294649012,808.5162353515625,886.1467699579832
1,pre_label_token,15,4096,4096,3162277.6601683795,0.1979273110628128,False,3400,1190,0.19738775491714478,0.2163211245496734,808.500244140625,886.0513524159663
1,pre_label_token,16,4096,4096,3162277.6601683795,0.19792109727859497,False,3400,1190,0.19738230109214783,0.2163074220929827,808.4778442382812,885.9952665441176
1,pre_label_token,17,4096,4096,3162277.6601683795,0.197917640209198,False,3400,1190,0.1973748654127121,0.21633994318857913,808.4474487304688,886.1284138655462
1,pre_label_token,18,4096,4096,3162277.6601683795,0.19791686534881592,False,3400,1190,0.19737306237220764,0.21634413614994338,808.4400634765625,886.1456013655462
1,pre_label_token,19,4096,4096,3162277.6601683795,0.1979123055934906,False,3400,1190,0.19736340641975403,0.21637894766671317,808.4005126953125,886.288163077731
1,pre_label_token,20,4096,4096,3162277.6601683795,0.1979137808084488,False,3400,1190,0.19735440611839294,0.21642943951262145,808.3636474609375,886.4950039390757
1,pre_label_token,21,4096,4096,3162277.6601683795,0.1979149430990219,False,3400,1190,0.1973523646593094,0.21641630445207868,808.3552856445312,886.441137079832
1,pre_label_token,22,4096,4096,3162277.6601683795,0.19791917502880096,False,3400,1190,0.19735249876976013,0.2164387518618287,808.3558349609375,886.5331276260504
1,pre_label_token,23,4096,4096,3162277.6601683795,0.1979197859764099,False,3400,1190,0.1973506212234497,0.2164550140124409,808.34814453125,886.599730829832
1,pre_label_token,24,4096,4096,3162277.6601683795,0.19792208075523376,False,3400,1190,0.19735027849674225,0.21647387432451007,808.3467407226562,886.6769695378151
1,pre_label_token,25,4096,4096,3162277.6601683795,0.19792380928993225,False,3400,1190,0.1973526030778885,0.21647819551099248,808.3562622070312,886.6947019432773
1,pre_label_token,26,4096,4096,3162277.6601683795,0.19792413711547852,False,3400,1190,0.1973528265953064,0.21646886072238955,808.357177734375,886.6564535189076
1,pre_label_token,27,4096,4096,3162277.6601683795,0.19792410731315613,False,3400,1190,0.1973516345024109,0.2164688911758551,808.352294921875,886.6565716911765
1,pre_label_token,28,4096,4096,3162277.6601683795,0.19792504608631134,False,3400,1190,0.19735346734523773,0.21645035623502332,808.3598022460938,886.5806591386555
1,first_label_token,0,4096,4096,100000000.0,0.19794370234012604,True,3400,1190,0.1978125274181366,0.2171131005808085,810.2400512695312,889.2952862394958
1,first_label_token,1,4096,4096,31622776.60168379,0.19794346392154694,False,3400,1190,0.1977798491716385,0.21709349656305393,810.106201171875,889.2149619222689
1,first_label_token,2,4096,4096,100000000.0,0.1979435682296753,True,3400,1190,0.1978127807378769,0.21710815109124704,810.2411499023438,889.2749868697479
1,first_label_token,3,4096,4096,100000000.0,0.19794364273548126,True,3400,1190,0.19781281054019928,0.21710830976983078,810.2412719726562,889.2756368172269
1,first_label_token,4,4096,4096,100000000.0,0.19794371724128723,True,3400,1190,0.19781287014484406,0.2171069185272986,810.241455078125,889.2699711134454
1,first_label_token,5,4096,4096,100000000.0,0.19794364273548126,True,3400,1190,0.19781284034252167,0.21710720863662847,810.2412719726562,889.2711265756302
1,first_label_token,6,4096,4096,10000000.0,0.19794318079948425,False,3400,1190,0.19767753779888153,0.21701333663042854,809.6871948242188,888.8866465336134
1,first_label_token,7,4096,4096,3162277.6601683795,0.19793716073036194,False,3400,1190,0.1973639875650406,0.21680301057190454,808.4028930664062,888.0251116071429
1,first_label_token,8,4096,4096,3162277.6601683795,0.19793520867824554,False,3400,1190,0.19736416637897491,0.2167807747335995,808.4036254882812,887.9340139180672
1,first_label_token,9,4096,4096,1000000.0,0.19792583584785461,False,3400,1190,0.1965111494064331,0.2162131269438928,804.90966796875,885.6089613970588
1,first_label_token,10,4096,4096,1000000.0,0.19793151319026947,False,3400,1190,0.19651611149311066,0.2163850495795242,804.9299926757812,886.3131630777311
1,first_label_token,11,4096,4096,1000000.0,0.19791698455810547,False,3400,1190,0.19649875164031982,0.21630695086567342,804.85888671875,885.9932707457983
1,first_label_token,12,4096,4096,1000000.0,0.19792217016220093,False,3400,1190,0.1964913010597229,0.216435926100787,804.828369140625,886.5215533088235
1,first_label_token,13,4096,4096,1000000.0,0.1979108601808548,False,3400,1190,0.19648103415966034,0.21648728987749885,804.7863159179688,886.7319196428572
1,first_label_token,14,4096,4096,1000000.0,0.1979231983423233,False,3400,1190,0.19648799300193787,0.2165013257194968,804.8147583007812,886.789449842437
1,first_label_token,15,4096,4096,1000000.0,0.19793207943439484,False,3400,1190,0.1964866667985916,0.21646147495558282,804.8093872070312,886.6261882878151
1,first_label_token,16,4096,4096,3162277.6601683795,0.19793643057346344,False,3400,1190,0.19735810160636902,0.21686791171546743,808.3787841796875,888.2909532563025
1,first_label_token,17,4096,4096,3162277.6601683795,0.1979386806488037,False,3400,1190,0.19736000895500183,0.21688188023927832,808.3865966796875,888.3481683298319
1,first_label_token,18,4096,4096,3162277.6601683795,0.19794049859046936,False,3400,1190,0.19736045598983765,0.21688934294115594,808.3883666992188,888.3787289915966
1,first_label_token,19,4096,4096,10000000.0,0.197942316532135,False,3400,1190,0.19767360389232635,0.21703719772210642,809.6710205078125,888.9843946953781
1,first_label_token,20,4096,4096,10000000.0,0.19794239103794098,False,3400,1190,0.19767358899116516,0.21704505952466435,809.6710815429688,889.0165703781513
1,first_label_token,21,4096,4096,10000000.0,0.19794246554374695,False,3400,1190,0.19767329096794128,0.21704178337289506,809.6697998046875,889.0031578256303
1,first_label_token,22,4096,4096,10000000.0,0.19794294238090515,False,3400,1190,0.19767387211322784,0.21705173043643727,809.6721801757812,889.0439009978992
1,first_label_token,23,4096,4096,10000000.0,0.19794249534606934,False,3400,1190,0.19767336547374725,0.21705712550828438,809.6701049804688,889.0659992121849
1,first_label_token,24,4096,4096,3162277.6601683795,0.1979415863752365,False,3400,1190,0.19735687971115112,0.21695826875061547,808.3737182617188,888.6610819327731
1,first_label_token,25,4096,4096,3162277.6601683795,0.197941854596138,False,3400,1190,0.1973576694726944,0.21695879767922793,808.376953125,888.6632352941176
1,first_label_token,26,4096,4096,3162277.6601683795,0.19794216752052307,False,3400,1190,0.19735856354236603,0.21695193122414982,808.3806762695312,888.6350774684873
1,first_label_token,27,4096,4096,3162277.6601683795,0.19793979823589325,False,3400,1190,0.1973572075366974,0.21693998545157808,808.3751220703125,888.5861475840336
1,first_label_token,28,4096,4096,3162277.6601683795,0.19794045388698578,False,3400,1190,0.19735899567604065,0.21692313506823627,808.3824462890625,888.5171875
1,last_label_token,0,4096,4096,100000000.0,0.19794386625289917,True,3400,1190,0.19781284034252167,0.21711121567157135,810.241455078125,889.2875
1,last_label_token,1,4096,4096,100000000.0,0.19794374704360962,True,3400,1190,0.1978129893541336,0.21710855820599725,810.2421264648438,889.2766609768908
1,last_label_token,2,4096,4096,3162277.6601683795,0.19794298708438873,False,3400,1190,0.19736337661743164,0.2168112778863987,808.400390625,888.058981092437
1,last_label_token,3,4096,4096,3162277.6601683795,0.19794020056724548,False,3400,1190,0.1973583698272705,0.21679089490105125,808.3798828125,887.9755120798319
1,last_label_token,4,4096,4096,3162277.6601683795,0.19794146716594696,False,3400,1190,0.19735588133335114,0.2167416981288365,808.3697509765625,887.7740217962184
1,last_label_token,5,4096,4096,3162277.6601683795,0.19793982803821564,False,3400,1190,0.19735457003116608,0.21673987733215844,808.3643188476562,887.766530987395
1,last_label_token,6,4096,4096,1000000.0,0.19793184101581573,False,3400,1190,0.1964576542377472,0.21610145088003463,804.6905517578125,885.1515296743697
1,last_label_token,7,4096,4096,1000000.0,0.19792748987674713,False,3400,1190,0.1964735984802246,0.21603380732175684,804.7557983398438,884.8744879201681
1,last_label_token,8,4096,4096,1000000.0,0.19792824983596802,False,3400,1190,0.19648896157741547,0.21606140617562944,804.8187866210938,884.9875328256303
1,last_label_token,9,4096,4096,1000000.0,0.1979229599237442,False,3400,1190,0.19650904834270477,0.21593298551415194,804.9010620117188,884.4614955357143
1,last_label_token,10,4096,4096,3162277.6601683795,0.19793671369552612,False,3400,1190,0.1973673701286316,0.21666350004051912,808.416748046875,887.4537027310924
1,last_label_token,11,4096,4096,1000000.0,0.19792519509792328,False,3400,1190,0.19651389122009277,0.21604742803493468,804.9208984375,884.9302717962184
1,last_label_token,12,4096,4096,1000000.0,0.19791725277900696,False,3400,1190,0.1965002566576004,0.21620931064381319,804.864990234375,885.5933298319328
1,last_label_token,13,4096,4096,1000000.0,0.19791539013385773,False,3400,1190,0.19650106132030487,0.216261028642414,804.8682861328125,885.8051667542017
1,last_label_token,14,4096,4096,1000000.0,0.19792023301124573,False,3400,1190,0.19650612771511078,0.21626024005793723,804.8890991210938,885.801949842437
1,last_label_token,15,4096,4096,1000000.0,0.19792304933071136,False,3400,1190,0.19650360941886902,0.21623115860113576,804.8787841796875,885.6828453256303
1,last_label_token,16,4096,4096,1000000.0,0.19793230295181274,False,3400,1190,0.19651050865650177,0.21626178196498325,804.9070434570312,885.8082786239496
1,last_label_token,17,4096,4096,3162277.6601683795,0.1979372352361679,False,3400,1190,0.19736245274543762,0.2167009241440717,808.3966064453125,887.6069721638655
1,last_label_token,18,4096,4096,3162277.6601683795,0.1979387253522873,False,3400,1190,0.19736263155937195,0.21668637700441504,808.397216796875,887.547400210084
1,last_label_token,19,4096,4096,10000000.0,0.19794301688671112,False,3400,1190,0.1976739913225174,0.21696112817075072,809.6726684570312,888.6728072478992
1,last_label_token,20,4096,4096,100000000.0,0.1979435384273529,True,3400,1190,0.19781237840652466,0.2171013984359613,810.239501953125,889.2473411239496
1,last_label_token,21,4096,4096,100000000.0,0.19794350862503052,True,3400,1190,0.19781234860420227,0.2171012734164711,810.2393798828125,889.2468027836135
1,last_label_token,22,4096,4096,100000000.0,0.19794359803199768,True,3400,1190,0.19781242311000824,0.21710201071090057,810.2396850585938,889.2498293067227
1,last_label_token,23,4096,4096,100000000.0,0.1979435682296753,True,3400,1190,0.19781242311000824,0.21710243866223247,810.2396850585938,889.2516018907563
1,last_label_token,24,4096,4096,100000000.0,0.1979435384273529,True,3400,1190,0.19781237840652466,0.2171024226340927,810.239501953125,889.2515231092437
1,last_label_token,25,4096,4096,100000000.0,0.1979435235261917,True,3400,1190,0.19781237840652466,0.21710259253237427,810.239501953125,889.2521993172269
1,last_label_token,26,4096,4096,100000000.0,0.1979435384273529,True,3400,1190,0.19781242311000824,0.21710238576937121,810.2396850585938,889.2514049369748
1,last_label_token,27,4096,4096,100000000.0,0.19794347882270813,True,3400,1190,0.19781237840652466,0.21710199307994682,810.239501953125,889.2497636554622
1,last_label_token,28,4096,4096,31622776.60168379,0.19794344902038574,False,3400,1190,0.19777865707874298,0.21706980857528557,810.1014404296875,889.11796875
2,pre_label_token,0,4096,4096,0.1,0.19794350862503052,True,3400,1190,0.19782809913158417,0.2171173656688017,810.3038940429688,889.3127494747899
2,pre_label_token,1,4096,4096,31622776.60168379,0.19794319570064545,False,3400,1190,0.19777990877628326,0.21700396818273207,810.1065673828125,888.8482602415967
2,pre_label_token,2,4096,4096,10000000.0,0.19793619215488434,False,3400,1190,0.1976836919784546,0.2166263195646911,809.7123413085938,887.3013918067227
2,pre_label_token,3,4096,4096,10000000.0,0.1979377567768097,False,3400,1190,0.19768601655960083,0.21669594740667264,809.721923828125,887.5866202731092
2,pre_label_token,4,4096,4096,10000000.0,0.19793900847434998,False,3400,1190,0.19768238067626953,0.21671134403773717,809.70703125,887.6496389180672
2,pre_label_token,5,4096,4096,10000000.0,0.1979384571313858,False,3400,1190,0.19767741858959198,0.21674706595284599,809.6868286132812,887.7959887079832
2,pre_label_token,6,4096,4096,10000000.0,0.19794054329395294,False,3400,1190,0.19768062233924866,0.2167562981613544,809.6998291015625,887.8337907037815
2,pre_label_token,7,4096,4096,10000000.0,0.19793987274169922,False,3400,1190,0.19767986238002777,0.21674899574087447,809.6967163085938,887.8038602941176
2,pre_label_token,8,4096,4096,10000000.0,0.19793924689292908,False,3400,1190,0.19767771661281586,0.21676685749983587,809.6879272460938,887.8770351890756
2,pre_label_token,9,4096,4096,3162277.6601683795,0.19792985916137695,False,3400,1190,0.19739526510238647,0.21630303519112723,808.531005859375,885.9772715336135
2,pre_label_token,10,4096,4096,3162277.6601683795,0.19792886078357697,False,3400,1190,0.19739100337028503,0.21629699578806133,808.5134887695312,885.9524816176471
2,pre_label_token,11,4096,4096,3162277.6601683795,0.19793184101581573,False,3400,1190,0.19738908112049103,0.21625330788748606,808.5057983398438,885.7735556722689
2,pre_label_token,12,4096,4096,3162277.6601683795,0.19792643189430237,False,3400,1190,0.19738264381885529,0.21622693198067802,808.4793090820312,885.6655199579832
2,pre_label_token,13,4096,4096,3162277.6601683795,0.19792522490024567,False,3400,1190,0.19738136231899261,0.2162177494594029,808.4740600585938,885.6279083508404
2,pre_label_token,14,4096,4096,3162277.6601683795,0.1979309469461441,False,3400,1190,0.19738276302814484,0.21623295375279017,808.4797973632812,885.6901720063025
2,pre_label_token,15,4096,4096,3162277.6601683795,0.19793030619621277,False,3400,1190,0.19737990200519562,0.216234159068901,808.4680786132812,885.6951418067227
2,pre_label_token,16,4096,4096,3162277.6601683795,0.1979336142539978,False,3400,1190,0.19738055765628815,0.21623758909081212,808.4707641601562,885.7091386554622
2,pre_label_token,17,4096,4096,3162277.6601683795,0.197931170463562,False,3400,1190,0.1973680853843689,0.21630031201018005,808.419677734375,885.9660582983194
2,pre_label_token,18,4096,4096,3162277.6601683795,0.19792957603931427,False,3400,1190,0.19736389815807343,0.21631413307510505,808.402587890625,886.0226759453782
2,pre_label_token,19,4096,4096,3162277.6601683795,0.19793005287647247,False,3400,1190,0.19736172258853912,0.216337989358341,808.3936157226562,886.1203781512605
2,pre_label_token,20,4096,4096,3162277.6601683795,0.19793212413787842,False,3400,1190,0.19735518097877502,0.2163966667752306,808.3668212890625,886.3607471113445
2,pre_label_token,21,4096,4096,3162277.6601683795,0.1979323774576187,False,3400,1190,0.19735318422317505,0.21645160803273947,808.358642578125,886.5857865021009
2,pre_label_token,22,4096,4096,3162277.6601683795,0.1979304850101471,False,3400,1190,0.19734913110733032,0.21649621434572364,808.342041015625,886.7685005252101
2,pre_label_token,23,4096,4096,3162277.6601683795,0.1979321539402008,False,3400,1190,0.1973487287759781,0.21654616604332164,808.3403930664062,886.9731158088235
2,pre_label_token,24,4096,4096,3162277.6601683795,0.19793257117271423,False,3400,1190,0.19734643399715424,0.21659393150265477,808.3309936523438,887.16875
2,pre_label_token,25,4096,4096,3162277.6601683795,0.197936549782753,False,3400,1190,0.19734913110733032,0.21661671550334,808.342041015625,887.2620798319327
2,pre_label_token,26,4096,4096,3162277.6601683795,0.1979372203350067,False,3400,1190,0.19734811782836914,0.2166298281244871,808.337890625,887.3157891281512
2,pre_label_token,27,4096,4096,3162277.6601683795,0.19793523848056793,False,3400,1190,0.19734299182891846,0.21663857147473248,808.3169555664062,887.3515756302521
2,pre_label_token,28,4096,4096,3162277.6601683795,0.1979338377714157,False,3400,1190,0.19734081625938416,0.21662294243564126,808.3079833984375,887.2875722163866
2,first_label_token,0,4096,4096,10000000.0,0.19794298708438873,False,3400,1190,0.19766920804977417,0.21706918508064846,809.6529541015625,889.1153689600841
2,first_label_token,1,4096,4096,3162277.6601683795,0.19794131815433502,False,3400,1190,0.1973523199558258,0.21686915069067178,808.3551025390625,888.2960346638655
2,first_label_token,2,4096,4096,10000000.0,0.19794337451457977,False,3400,1190,0.19767262041568756,0.21700866603049912,809.6670532226562,888.8675288865546
2,first_label_token,3,4096,4096,10000000.0,0.19794324040412903,False,3400,1190,0.19767268002033234,0.21701711927141462,809.6672973632812,888.9021402310924
2,first_label_token,4,4096,4096,3162277.6601683795,0.19794052839279175,False,3400,1190,0.19735181331634521,0.2167917956825064,808.3529663085938,887.9791885504202
2,first_label_token,5,4096,4096,10000000.0,0.19794225692749023,False,3400,1190,0.1976732313632965,0.2169793906332064,809.6695556640625,888.7475643382353
2,first_label_token,6,4096,4096,10000000.0,0.19794273376464844,False,3400,1190,0.1976739466190338,0.21696577633128447,809.6724853515625,888.6918264180672
2,first_label_token,7,4096,4096,3162277.6601683795,0.19793862104415894,False,3400,1190,0.19735588133335114,0.21663870450829256,808.3696899414062,887.3521139705882
2,first_label_token,8,4096,4096,3162277.6601683795,0.19793443381786346,False,3400,1190,0.197354257106781,0.21667796543666296,808.363037109375,887.5129529936975
2,first_label_token,9,4096,4096,3162277.6601683795,0.1979384869337082,False,3400,1190,0.1973588913679123,0.21672711091883043,808.382080078125,887.7142266281512
2,first_label_token,10,4096,4096,10000000.0,0.19794273376464844,False,3400,1190,0.1976739913225174,0.21698746400720934,809.6727905273438,888.7806657037816
2,first_label_token,11,4096,4096,10000000.0,0.19794273376464844,False,3400,1190,0.19767369329929352,0.21699279176086939,809.67138671875,888.8024619222689
2,first_label_token,12,4096,4096,3162277.6601683795,0.19793975353240967,False,3400,1190,0.1973552703857422,0.21676519698455554,808.3671875,887.8702534138655
2,first_label_token,13,4096,4096,10000000.0,0.197942852973938,False,3400,1190,0.19767284393310547,0.21697998688000592,809.6680297851562,888.7500393907563
2,first_label_token,14,4096,4096,100000000.0,0.1979435235261917,True,3400,1190,0.19781219959259033,0.21710257970986246,810.23876953125,889.2521796218488
2,first_label_token,15,4096,4096,100000000.0,0.19794347882270813,True,3400,1190,0.19781216979026794,0.2171027592250279,810.2386474609375,889.2529346113446
2,first_label_token,16,4096,4096,100000000.0,0.19794362783432007,True,3400,1190,0.1978122591972351,0.21710277204753972,810.239013671875,889.2529805672269
2,first_label_token,17,4096,4096,100000000.0,0.19794361293315887,True,3400,1190,0.1978122442960739,0.21710315351726628,810.2389526367188,889.2545233718488
2,first_label_token,18,4096,4096,100000000.0,0.19794361293315887,True,3400,1190,0.19781218469142914,0.21710486852822183,810.2386474609375,889.2615021008403
2,first_label_token,19,4096,4096,100000000.0,0.19794362783432007,True,3400,1190,0.19781213998794556,0.21710591516574893,810.238525390625,889.2658482142857
2,first_label_token,20,4096,4096,100000000.0,0.19794365763664246,True,3400,1190,0.19781215488910675,0.2171067598487149,810.2385864257812,889.2692752100841
2,first_label_token,21,4096,4096,100000000.0,0.19794368743896484,True,3400,1190,0.19781219959259033,0.21710576610404905,810.2387084960938,889.2652245273109
2,first_label_token,22,4096,4096,100000000.0,0.19794370234012604,True,3400,1190,0.19781218469142914,0.21710601774584345,810.2387084960938,889.2662421218488
2,first_label_token,23,4096,4096,100000000.0,0.19794370234012604,True,3400,1190,0.19781219959259033,0.21710709163120814,810.23876953125,889.2706473214286
2,first_label_token,24,4096,4096,100000000.0,0.19794365763664246,True,3400,1190,0.19781216979026794,0.21710787861287092,810.2386474609375,889.2738773634454
2,first_label_token,25,4096,4096,100000000.0,0.19794364273548126,True,3400,1190,0.19781218469142914,0.2171079379169881,810.2386474609375,889.2741005777311
2,first_label_token,26,4096,4096,100000000.0,0.19794364273548126,True,3400,1190,0.19781215488910675,0.21710755484444755,810.2386474609375,889.272538077731
2,first_label_token,27,4096,4096,100000000.0,0.19794364273548126,True,3400,1190,0.19781216979026794,0.2171079363141741,810.2386474609375,889.2741268382352
2,first_label_token,28,4096,4096,100000000.0,0.1979435682296753,True,3400,1190,0.19781213998794556,0.2171076766583098,810.238525390625,889.2730632878151
2,last_label_token,0,4096,4096,100000000.0,0.19794389605522156,True,3400,1190,0.19781243801116943,0.21711271109701205,810.23974609375,889.2936449579832
2,last_label_token,1,4096,4096,100000000.0,0.19794365763664246,True,3400,1190,0.19781267642974854,0.21710854217785747,810.2406005859375,889.2765821953782
2,last_label_token,2,4096,4096,100000000.0,0.1979435235261917,True,3400,1190,0.19781231880187988,0.21710627259326581,810.2392578125,889.2672794117647
2,last_label_token,3,4096,4096,100000000.0,0.19794364273548126,True,3400,1190,0.19781242311000824,0.21710846524278657,810.23974609375,889.2762670693278
2,last_label_token,4,4096,4096,100000000.0,0.1979435682296753,True,3400,1190,0.19781231880187988,0.2171070804115103,810.2392578125,889.2706013655462
2,last_label_token,5,4096,4096,100000000.0,0.1979435235261917,True,3400,1190,0.19781231880187988,0.2171048284578724,810.2392578125,889.2613839285714
2,last_label_token,6,4096,4096,100000000.0,0.1979435235261917,True,3400,1190,0.19781233370304108,0.21710273518281825,810.2393798828125,889.2527901785714
2,last_label_token,7,4096,4096,31622776.60168379,0.19794337451457977,False,3400,1190,0.1977783441543579,0.21705629044220226,810.10009765625,889.0625656512605
2,last_label_token,8,4096,4096,3162277.6601683795,0.19793930649757385,False,3400,1190,0.19735591113567352,0.2166124023309275,808.3698120117188,887.244406512605
2,last_label_token,9,4096,4096,3162277.6601683795,0.19793939590454102,False,3400,1190,0.19735777378082275,0.21661605354116745,808.3773803710938,887.2593356092437
2,last_label_token,10,4096,4096,3162277.6601683795,0.19793909788131714,False,3400,1190,0.19735851883888245,0.21666217932180196,808.3804931640625,887.4482865021008
2,last_label_token,11,4096,4096,3162277.6601683795,0.19794003665447235,False,3400,1190,0.19735941290855408,0.21664795755338268,808.3841552734375,887.3900538340337
2,last_label_token,12,4096,4096,3162277.6601683795,0.1979387402534485,False,3400,1190,0.1973544806241989,0.21664689328490186,808.3639526367188,887.3856945903361
2,last_label_token,13,4096,4096,10000000.0,0.1979423314332962,False,3400,1190,0.19767218828201294,0.21693532927697445,809.665283203125,888.5671021533614
2,last_label_token,14,4096,4096,31622776.60168379,0.19794343411922455,False,3400,1190,0.19777803122997284,0.21705766245096672,810.098876953125,889.0681853991597
2,last_label_token,15,4096,4096,10000000.0,0.19794318079948425,False,3400,1190,0.1976720690727234,0.21694660026486182,809.664794921875,888.6133075105042
2,last_label_token,16,4096,4096,100000000.0,0.19794347882270813,True,3400,1190,0.19781213998794556,0.21709861434808297,810.238525390625,889.2359375
2,last_label_token,17,4096,4096,100000000.0,0.1979435384273529,True,3400,1190,0.19781213998794556,0.2170983883513122,810.2385864257812,889.2350052521008
2,last_label_token,18,4096,4096,100000000.0,0.19794361293315887,True,3400,1190,0.19781209528446198,0.21710018670859457,810.2383422851562,889.2423713235294
2,last_label_token,19,4096,4096,100000000.0,0.19794364273548126,True,3400,1190,0.197812020778656,0.2171017141903148,810.238037109375,889.2486410189076
2,last_label_token,20,4096,4096,100000000.0,0.19794368743896484,True,3400,1190,0.197812020778656,0.21710228158646272,810.238037109375,889.2509519432773
2,last_label_token,21,4096,4096,100000000.0,0.19794374704360962,True,3400,1190,0.19781213998794556,0.2171014673569623,810.238525390625,889.2476102941176
2,last_label_token,22,4096,4096,100000000.0,0.19794374704360962,True,3400,1190,0.19781209528446198,0.21710194659834148,810.2383422851562,889.2495667016807
2,last_label_token,23,4096,4096,100000000.0,0.19794370234012604,True,3400,1190,0.1978120654821396,0.217103102227219,810.2382202148438,889.2543132878151
2,last_label_token,24,4096,4096,100000000.0,0.19794368743896484,True,3400,1190,0.1978120058774948,0.21710358146859818,810.2379150390625,889.2562631302521
2,last_label_token,25,4096,4096,100000000.0,0.19794364273548126,True,3400,1190,0.197812020778656,0.2171033634858973,810.238037109375,889.2553702731093
2,last_label_token,26,4096,4096,100000000.0,0.19794359803199768,True,3400,1190,0.1978120058774948,0.21710275762221393,810.2379150390625,889.2528952205882
2,last_label_token,27,4096,4096,100000000.0,0.19794350862503052,True,3400,1190,0.19781194627285004,0.2171026550421194,810.2376708984375,889.252475052521
2,last_label_token,28,4096,4096,10000000.0,0.19794316589832306,False,3400,1190,0.19766969978809357,0.21697426483410748,809.6550903320312,888.7265887605042
3,pre_label_token,0,4096,4096,0.1,0.19794350862503052,True,3400,1190,0.19782809913158417,0.2171173656688017,810.3038940429688,889.3127494747899
3,pre_label_token,1,4096,4096,100000000.0,0.197943776845932,True,3400,1190,0.19781284034252167,0.21709410723517922,810.2413940429688,889.217443539916
3,pre_label_token,2,4096,4096,10000000.0,0.19793494045734406,False,3400,1190,0.19768209755420685,0.21670979571943524,809.7058715820312,887.6433298319328
3,pre_label_token,3,4096,4096,10000000.0,0.19793544709682465,False,3400,1190,0.19768169522285461,0.21675193850733654,809.7042236328125,887.8159532563026
3,pre_label_token,4,4096,4096,31622776.60168379,0.19794265925884247,False,3400,1190,0.1977796107530594,0.21698907002681445,810.1051635742188,888.787237394958
3,pre_label_token,5,4096,4096,10000000.0,0.19793957471847534,False,3400,1190,0.19767718017101288,0.21674749550699185,809.685791015625,887.7977481617647
3,pre_label_token,6,4096,4096,31622776.60168379,0.19794246554374695,False,3400,1190,0.19777876138687134,0.21698435294527968,810.1017456054688,888.7679293592437
3,pre_label_token,7,4096,4096,31622776.60168379,0.19794312119483948,False,3400,1190,0.1977793574333191,0.21698738546932445,810.104248046875,888.7803702731093
3,pre_label_token,8,4096,4096,100000000.0,0.1979435235261917,True,3400,1190,0.19781245291233063,0.21707859520150835,810.2398071289062,889.1539456407563
3,pre_label_token,9,4096,4096,10000000.0,0.19794076681137085,False,3400,1190,0.1976766288280487,0.21673724230598002,809.6834106445312,887.7557641806723
3,pre_label_token,10,4096,4096,10000000.0,0.19793865084648132,False,3400,1190,0.197673961520195,0.2167206644010143,809.672607421875,887.6878151260504
3,pre_label_token,11,4096,4096,3162277.6601683795,0.1979345828294754,False,3400,1190,0.19739362597465515,0.2160178977902196,808.5242919921875,884.8093421743697
3,pre_label_token,12,4096,4096,3162277.6601683795,0.19793632626533508,False,3400,1190,0.19739723205566406,0.21602993973162996,808.5390625,884.8586594012605
3,pre_label_token,13,4096,4096,10000000.0,0.19793803989887238,False,3400,1190,0.19767387211322784,0.2166777859214975,809.6721801757812,887.5122111344538
3,pre_label_token,14,4096,4096,10000000.0,0.1979409009218216,False,3400,1190,0.19767498970031738,0.21670659650273683,809.6768188476562,887.6301995798319
3,pre_label_token,15,4096,4096,10000000.0,0.19794180989265442,False,3400,1190,0.19767552614212036,0.2167065564323874,809.678955078125,887.6300223214286
3,pre_label_token,16,4096,4096,31622776.60168379,0.19794327020645142,False,3400,1190,0.19777852296829224,0.21697890498057132,810.100830078125,888.745568539916
3,pre_label_token,17,4096,4096,10000000.0,0.1979430466890335,False,3400,1190,0.19767551124095917,0.2167714495618804,809.6788940429688,887.8958705357143
3,pre_label_token,18,4096,4096,31622776.60168379,0.19794337451457977,False,3400,1190,0.19777831435203552,0.21700443941004136,810.0999755859375,888.8501772584034
3,pre_label_token,19,4096,4096,100000000.0,0.19794359803199768,True,3400,1190,0.1978122889995575,0.21708295164989824,810.2390747070312,889.1717502626051
3,pre_label_token,20,4096,4096,100000000.0,0.1979435682296753,True,3400,1190,0.1978122442960739,0.2170885182228409,810.2389526367188,889.1945378151261
3,pre_label_token,21,4096,4096,100000000.0,0.19794370234012604,True,3400,1190,0.19781237840652466,0.21709188894063486,810.239501953125,889.2083967962185
3,pre_label_token,22,4096,4096,100000000.0,0.19794374704360962,True,3400,1190,0.19781237840652466,0.21709489742246996,810.239501953125,889.2207129726891
3,pre_label_token,23,4096,4096,100000000.0,0.1979438215494156,True,3400,1190,0.19781237840652466,0.21709723913369058,810.239501953125,889.2302783613445
3,pre_label_token,24,4096,4096,100000000.0,0.19794383645057678,True,3400,1190,0.19781245291233063,0.21709938690441996,810.23974609375,889.2391084558824
3,pre_label_token,25,4096,4096,100000000.0,0.19794388115406036,True,3400,1190,0.1978124976158142,0.21710021075080424,810.239990234375,889.2424435399159
3,pre_label_token,26,4096,4096,100000000.0,0.19794391095638275,True,3400,1190,0.19781255722045898,0.21710119327577224,810.240234375,889.2465073529412
3,pre_label_token,27,4096,4096,100000000.0,0.19794407486915588,True,3400,1190,0.19781267642974854,0.21710170938187287,810.24072265625,889.2485950630252
3,pre_label_token,28,4096,4096,100000000.0,0.19794395565986633,True,3400,1190,0.19781255722045898,0.21710166610589549,810.240234375,889.2484243697479
3,first_label_token,0,4096,4096,10000000.0,0.19794274866580963,False,3400,1190,0.19767020642757416,0.21709253327185365,809.6571655273438,889.2110162815126
3,first_label_token,1,4096,4096,31622776.60168379,0.1979435235261917,False,3400,1190,0.1977790892124176,0.21710099452683906,810.10302734375,889.2456998424369
3,first_label_token,2,4096,4096,100000000.0,0.19794371724128723,True,3400,1190,0.19781263172626495,0.21711221101905118,810.24072265625,889.2916228991596
3,first_label_token,3,4096,4096,100000000.0,0.1979435533285141,True,3400,1190,0.1978124976158142,0.21711149456120338,810.239990234375,889.288675157563
3,first_label_token,4,4096,4096,100000000.0,0.19794365763664246,True,3400,1190,0.19781258702278137,0.2171095711844308,810.2403564453125,889.2808101365546
3,first_label_token,5,4096,4096,100000000.0,0.19794364273548126,True,3400,1190,0.19781260192394257,0.21710839151334363,810.240478515625,889.2759716386555
3,first_label_token,6,4096,4096,100000000.0,0.19794350862503052,True,3400,1190,0.19781245291233063,0.21710582059972428,810.2398071289062,889.2653952205883
3,first_label_token,7,4096,4096,100000000.0,0.19794365763664246,True,3400,1190,0.19781258702278137,0.2171034468322241,810.240234375,889.255737920168
3,first_label_token,8,4096,4096,100000000.0,0.19794374704360962,True,3400,1190,0.19781255722045898,0.21710273999126017,810.240234375,889.2527967436974
3,first_label_token,9,4096,4096,100000000.0,0.1979437917470932,True,3400,1190,0.19781267642974854,0.21710065953871782,810.24072265625,889.2442883403361
3,first_label_token,10,4096,4096,100000000.0,0.1979438066482544,True,3400,1190,0.19781272113323212,0.21710024440989775,810.2409057617188,889.2426011029412
3,first_label_token,11,4096,4096,100000000.0,0.19794361293315887,True,3400,1190,0.1978124976158142,0.21710110512100347,810.239990234375,889.2461068802521
3,first_label_token,12,4096,4096,100000000.0,0.19794361293315887,True,3400,1190,0.1978125125169754,0.21710134554310007,810.2400512695312,889.2471113445379
3,first_label_token,13,4096,4096,100000000.0,0.19794365763664246,True,3400,1190,0.19781246781349182,0.21710128303335494,810.239990234375,889.2468684348739
3,first_label_token,14,4096,4096,100000000.0,0.1979438066482544,True,3400,1190,0.1978125274181366,0.21710161641866219,810.2401123046875,889.2482274159664
3,first_label_token,15,4096,4096,100000000.0,0.19794389605522156,True,3400,1190,0.19781260192394257,0.21710089675518646,810.2404174804688,889.2452796743697
3,first_label_token,16,4096,4096,100000000.0,0.19794392585754395,True,3400,1190,0.19781260192394257,0.21710102978874654,810.2404174804688,889.2458048844538
3,first_label_token,17,4096,4096,100000000.0,0.19794392585754395,True,3400,1190,0.19781260192394257,0.21710183600417707,810.2403564453125,889.2491334033614
3,first_label_token,18,4096,4096,100000000.0,0.1979438215494156,True,3400,1190,0.19781242311000824,0.21710364237552932,810.2396850585938,889.256512605042
3,first_label_token,19,4096,4096,100000000.0,0.1979438066482544,True,3400,1190,0.19781237840652466,0.21710408635500097,810.239501953125,889.2583245798319
3,first_label_token,20,4096,4096,100000000.0,0.19794389605522156,True,3400,1190,0.19781246781349182,0.21710532372739136,810.2398681640625,889.263412552521
3,first_label_token,21,4096,4096,100000000.0,0.19794397056102753,True,3400,1190,0.1978125274181366,0.21710499675334,810.2400512695312,889.2620535714286
3,first_label_token,22,4096,4096,100000000.0,0.19794392585754395,True,3400,1190,0.1978125274181366,0.2171058606700737,810.2401123046875,889.2656118697479
3,first_label_token,23,4096,4096,100000000.0,0.19794383645057678,True,3400,1190,0.19781243801116943,0.21710659956731715,810.2398071289062,889.2686449579832
3,first_label_token,24,4096,4096,100000000.0,0.1979437917470932,True,3400,1190,0.19781240820884705,0.21710741539963152,810.239501953125,889.2719734768907
3,first_label_token,25,4096,4096,100000000.0,0.1979438066482544,True,3400,1190,0.19781242311000824,0.21710776321026456,810.23974609375,889.2734178046219
3,first_label_token,26,4096,4096,100000000.0,0.19794386625289917,True,3400,1190,0.1978124976158142,0.21710711246778985,810.2400512695312,889.2707129726891
3,first_label_token,27,4096,4096,100000000.0,0.19794371724128723,True,3400,1190,0.19781236350536346,0.21710643928591944,810.2394409179688,889.267975315126
3,first_label_token,28,4096,4096,100000000.0,0.19794361293315887,True,3400,1190,0.1978122889995575,0.2171050047674099,810.2392578125,889.2620929621849
3,last_label_token,0,4096,4096,1000000.0,0.19791559875011444,False,3400,1190,0.19638793170452118,0.21658597513407218,804.4049072265625,887.1361607142857
3,last_label_token,1,4096,4096,1000000.0,0.19791819155216217,False,3400,1190,0.1964450180530548,0.21632753259995405,804.638916015625,886.0775735294118
3,last_label_token,2,4096,4096,1000000.0,0.1979326754808426,False,3400,1190,0.19644825160503387,0.21634983896207408,804.6520385742188,886.1689338235294
3,last_label_token,3,4096,4096,1000000.0,0.1979382038116455,False,3400,1190,0.19644606113433838,0.21642415343212482,804.6431274414062,886.4733258928571
3,last_label_token,4,4096,4096,3162277.6601683795,0.19794131815433502,False,3400,1190,0.19735178351402283,0.2168049788274685,808.3528442382812,888.0332064075631
3,last_label_token,5,4096,4096,1000000.0,0.19793514907360077,False,3400,1190,0.19644871354103088,0.21620428101355288,804.6539306640625,885.5727350315126
3,last_label_token,6,4096,4096,1000000.0,0.19792720675468445,False,3400,1190,0.19644644856452942,0.21607549651330257,804.6446533203125,885.0452337184873
3,last_label_token,7,4096,4096,3162277.6601683795,0.19793973863124847,False,3400,1190,0.1973557025194168,0.216572657352736,808.3689575195312,887.0816176470588
3,last_label_token,8,4096,4096,10000000.0,0.19794325530529022,False,3400,1190,0.19767329096794128,0.21690882674786224,809.6697998046875,888.4585806197479
3,last_label_token,9,4096,4096,10000000.0,0.19794318079948425,False,3400,1190,0.19767364859580994,0.2168862174539005,809.6712036132812,888.3659401260504
3,last_label_token,10,4096,4096,10000000.0,0.19794321060180664,False,3400,1190,0.19767430424690247,0.216878185753061,809.6739501953125,888.3330422794118
3,last_label_token,11,4096,4096,10000000.0,0.197942852973938,False,3400,1190,0.19767387211322784,0.21687886214055935,809.6721801757812,888.3358521533613
3,last_label_token,12,4096,4096,3162277.6601683795,0.1979416459798813,False,3400,1190,0.1973630040884018,0.2164917489059833,808.3988647460938,886.7501838235294
3,last_label_token,13,4096,4096,3162277.6601683795,0.19793985784053802,False,3400,1190,0.19736014306545258,0.21649689233603597,808.3871459960938,886.771231617647
3,last_label_token,14,4096,4096,3162277.6601683795,0.19794034957885742,False,3400,1190,0.19735834002494812,0.21652226968973626,808.3798217773438,886.8752232142857
3,last_label_token,15,4096,4096,10000000.0,0.1979425698518753,False,3400,1190,0.19767192006111145,0.2168897115883707,809.6642456054688,888.3802389705883
3,last_label_token,16,4096,4096,10000000.0,0.1979425847530365,False,3400,1190,0.19767197966575623,0.21689066846831506,809.66455078125,888.3841780462185
3,last_label_token,17,4096,4096,10000000.0,0.19794291257858276,False,3400,1190,0.19767248630523682,0.2168933660042386,809.6664428710938,888.3952337184874
3,last_label_token,18,4096,4096,10000000.0,0.1979428380727768,False,3400,1190,0.1976713389158249,0.21690825774890035,809.6618041992188,888.4561974789916
3,last_label_token,19,4096,4096,31622776.60168379,0.19794346392154694,False,3400,1190,0.19777755439281464,0.21705261999819458,810.0968627929688,889.0475052521008
3,last_label_token,20,4096,4096,31622776.60168379,0.19794347882270813,False,3400,1190,0.19777755439281464,0.21705672480479007,810.0968627929688,889.064325105042
3,last_label_token,21,4096,4096,100000000.0,0.1979435533285141,True,3400,1190,0.19781208038330078,0.21709725195620241,810.2383422851562,889.230337447479
3,last_label_token,22,4096,4096,100000000.0,0.1979435235261917,True,3400,1190,0.1978120058774948,0.21709840437945196,810.2379150390625,889.2350512079832
3,last_label_token,23,4096,4096,31622776.60168379,0.19794347882270813,False,3400,1190,0.19777743518352509,0.21706191631926208,810.0963745117188,889.0856289390756
3,last_label_token,24,4096,4096,10000000.0,0.1979430764913559,False,3400,1190,0.1976701021194458,0.21696079638825747,809.65673828125,888.6714351365546
3,last_label_token,25,4096,4096,10000000.0,0.1979428231716156,False,3400,1190,0.19767017662525177,0.2169644267619157,809.6570434570312,888.6862723214285
3,last_label_token,26,4096,4096,10000000.0,0.1979425698518753,False,3400,1190,0.19767025113105774,0.21695907656885996,809.6573486328125,888.6643710609244
3,last_label_token,27,4096,4096,3162277.6601683795,0.19793789088726044,False,3400,1190,0.19734953343868256,0.21668471969476266,808.3436889648438,887.5405790441176
3,last_label_token,28,4096,4096,3162277.6601683795,0.19793754816055298,False,3400,1190,0.19735002517700195,0.2166702655183167,808.345703125,887.4813944327731
4,pre_label_token,0,4096,4096,0.1,0.19794350862503052,True,3400,1190,0.19782809913158417,0.2171173656688017,810.3038940429688,889.3127494747899
4,pre_label_token,1,4096,4096,10000000.0,0.19794107973575592,False,3400,1190,0.19768457114696503,0.21682475274350463,809.7160034179688,888.1142266281513
4,pre_label_token,2,4096,4096,1000000.0,0.19790266454219818,False,3400,1190,0.19683098793029785,0.21543011224570394,806.2198486328125,882.4017331932773
4,pre_label_token,3,4096,4096,1000000.0,0.19789257645606995,False,3400,1190,0.1968410313129425,0.21540406651857522,806.2608642578125,882.2950564600841
4,pre_label_token,4,4096,4096,3162277.6601683795,0.19793380796909332,False,3400,1190,0.19742858409881592,0.2161991375835002,808.66748046875,885.5516675420168
4,pre_label_token,5,4096,4096,10000000.0,0.1979401409626007,False,3400,1190,0.19768202304840088,0.21673238577962922,809.7056274414062,887.7358718487395
4,pre_label_token,6,4096,4096,31622776.60168379,0.19794298708438873,False,3400,1190,0.19778025150299072,0.21697116499187566,810.1079711914062,888.7139180672269
4,pre_label_token,7,4096,4096,31622776.60168379,0.19794335961341858,False,3400,1190,0.19778050482273102,0.2169695429441308,810.10888671875,888.7072544642857
4,pre_label_token,8,4096,4096,100000000.0,0.19794341921806335,True,3400,1190,0.19781263172626495,0.2170685647916393,810.240478515625,889.1128413865546
4,pre_label_token,9,4096,4096,31622776.60168379,0.1979430764913559,False,3400,1190,0.19777928292751312,0.2169447137528107,810.1039428710938,888.6055278361345
4,pre_label_token,10,4096,4096,100000000.0,0.1979435682296753,True,3400,1190,0.19781255722045898,0.217058132075462,810.2401733398438,889.0701286764706
4,pre_label_token,11,4096,4096,100000000.0,0.1979438215494156,True,3400,1190,0.19781270623207092,0.21705599071598855,810.2408447265625,889.0614167542017
4,pre_label_token,12,4096,4096,100000000.0,0.19794371724128723,True,3400,1190,0.19781263172626495,0.21706461225237164,810.2405395507812,889.0966386554621
4,pre_label_token,13,4096,4096,100000000.0,0.19794361293315887,True,3400,1190,0.1978124976158142,0.2170700890677316,810.239990234375,889.1190454306723
4,pre_label_token,14,4096,4096,100000000.0,0.19794398546218872,True,3400,1190,0.19781285524368286,0.2170810250674977,810.2413940429688,889.1639180672269
4,pre_label_token,15,4096,4096,100000000.0,0.19794397056102753,True,3400,1190,0.19781285524368286,0.21708346455037092,810.241455078125,889.1738707983193
4,pre_label_token,16,4096,4096,100000000.0,0.19794413447380066,True,3400,1190,0.19781287014484406,0.217084302822081,810.2415161132812,889.1772780987395
4,pre_label_token,17,4096,4096,100000000.0,0.19794414937496185,True,3400,1190,0.19781284034252167,0.21709027009851792,810.241455078125,889.2017200630252
4,pre_label_token,18,4096,4096,100000000.0,0.19794414937496185,True,3400,1190,0.1978127360343933,0.21709232971447856,810.2409057617188,889.2101890756303
4,pre_label_token,19,4096,4096,100000000.0,0.19794413447380066,True,3400,1190,0.19781270623207092,0.217093211262166,810.2408447265625,889.2137867647059
4,pre_label_token,20,4096,4096,100000000.0,0.1979440301656723,True,3400,1190,0.19781234860420227,0.21709711411420038,810.2393798828125,889.229818802521
4,pre_label_token,21,4096,4096,100000000.0,0.19794416427612305,True,3400,1190,0.19781237840652466,0.21709869929722378,810.2396240234375,889.2362657563025
4,pre_label_token,22,4096,4096,100000000.0,0.1979440599679947,True,3400,1190,0.19781219959259033,0.21710051047701795,810.2387084960938,889.2436843487395
4,pre_label_token,23,4096,4096,100000000.0,0.19794400036334991,True,3400,1190,0.19781209528446198,0.21710186325201467,810.2383422851562,889.2492384453782
4,pre_label_token,24,4096,4096,100000000.0,0.19794392585754395,True,3400,1190,0.19781199097633362,0.21710258772393234,810.2379150390625,889.2521993172269
4,pre_label_token,25,4096,4096,100000000.0,0.19794400036334991,True,3400,1190,0.19781209528446198,0.21710325128891889,810.2383422851562,889.2549172794118
4,pre_label_token,26,4096,4096,100000000.0,0.19794400036334991,True,3400,1190,0.19781213998794556,0.21710344202378218,810.2384033203125,889.2556919642857
4,pre_label_token,27,4096,4096,100000000.0,0.19794413447380066,True,3400,1190,0.1978122889995575,0.21710323846640708,810.2392578125,889.2548975840336
4,pre_label_token,28,4096,4096,100000000.0,0.19794411957263947,True,3400,1190,0.1978122740983963,0.21710058580927488,810.2390747070312,889.2439863445378
4,first_label_token,0,4096,4096,3162277.6601683795,0.19794034957885742,False,3400,1190,0.1973421275615692,0.21698858437417937,808.3133544921875,888.7852350315126
4,first_label_token,1,4096,4096,1000000.0,0.1979335993528366,False,3400,1190,0.19644522666931152,0.21653212058443982,804.6396484375,886.9155265231093
4,first_label_token,2,4096,4096,1000000.0,0.1979275494813919,False,3400,1190,0.19642820954322815,0.2164725391804671,804.5699462890625,886.6715007878151
4,first_label_token,3,4096,4096,1000000.0,0.19793038070201874,False,3400,1190,0.19643525779247284,0.21640287126813615,804.5988159179688,886.3861869747899
4,first_label_token,4,4096,4096,3162277.6601683795,0.1979418843984604,False,3400,1190,0.1973530799150467,0.21680479610667508,808.3582153320312,888.0324448529411
4,first_label_token,5,4096,4096,100000000.0,0.1979435682296753,True,3400,1190,0.1978124976158142,0.21710376579220556,810.239990234375,889.257018119748
4,first_label_token,6,4096,4096,31622776.60168379,0.19794344902038574,False,3400,1190,0.19777847826480865,0.21707657084745519,810.1006469726562,889.1456407563026
4,first_label_token,7,4096,4096,100000000.0,0.19794359803199768,True,3400,1190,0.19781242311000824,0.21709847009482505,810.2396850585938,889.2353269432773
4,first_label_token,8,4096,4096,100000000.0,0.1979435533285141,True,3400,1190,0.19781231880187988,0.2171011035181895,810.2392578125,889.2461331407563
4,first_label_token,9,4096,4096,10000000.0,0.19794294238090515,False,3400,1190,0.19767318665981293,0.21694483716948693,809.6693725585938,888.6060333508403
4,first_label_token,10,4096,4096,10000000.0,0.1979428082704544,False,3400,1190,0.197673037648201,0.21694664514365317,809.6687622070312,888.6134453781513
4,first_label_token,11,4096,4096,3162277.6601683795,0.1979394257068634,False,3400,1190,0.19735915958881378,0.21665376935686384,808.3831176757812,887.4138721113445
4,first_label_token,12,4096,4096,1000000.0,0.1979316771030426,False,3400,1190,0.1964872032403946,0.21604134695870536,804.8115844726562,884.9053637079832
4,first_label_token,13,4096,4096,3162277.6601683795,0.19793860614299774,False,3400,1190,0.19735707342624664,0.2166603681420078,808.3746948242188,887.4408679096639
4,first_label_token,14,4096,4096,3162277.6601683795,0.19794005155563354,False,3400,1190,0.19735339283943176,0.21667828920508633,808.3594360351562,887.5142791491596
4,first_label_token,15,4096,4096,3162277.6601683795,0.19794054329395294,False,3400,1190,0.19735364615917206,0.2166843029631286,808.3605346679688,887.5388918067227
4,first_label_token,16,4096,4096,3162277.6601683795,0.19794005155563354,False,3400,1190,0.19735221564769745,0.21668512200107093,808.3546142578125,887.5422597163865
4,first_label_token,17,4096,4096,3162277.6601683795,0.1979406774044037,False,3400,1190,0.19735188782215118,0.21671035990995519,808.3533325195312,887.6455882352941
4,first_label_token,18,4096,4096,3162277.6601683795,0.1979401558637619,False,3400,1190,0.1973501741886139,0.2167528585225594,808.3463134765625,887.8197413340337
4,first_label_token,19,4096,4096,3162277.6601683795,0.19794084131717682,False,3400,1190,0.19734832644462585,0.21680395623215107,808.3387451171875,888.0290112920168
4,first_label_token,20,4096,4096,3162277.6601683795,0.19794093072414398,False,3400,1190,0.19734762609004974,0.21684153420584543,808.3357543945312,888.1829241071429
4,first_label_token,21,4096,4096,3162277.6601683795,0.19794221222400665,False,3400,1190,0.19734959304332733,0.2168321144681017,808.3439331054688,888.1443211659664
4,first_label_token,22,4096,4096,3162277.6601683795,0.19794228672981262,False,3400,1190,0.19734841585159302,0.21684831731459675,808.3389282226562,888.2107142857143
4,first_label_token,23,4096,4096,3162277.6601683795,0.19794100522994995,False,3400,1190,0.19734671711921692,0.21686141390760405,808.3321533203125,888.2643513655462
4,first_label_token,24,4096,4096,3162277.6601683795,0.19793953001499176,False,3400,1190,0.19734525680541992,0.21687814247708362,808.326171875,888.3328847163865
4,first_label_token,25,4096,4096,3162277.6601683795,0.1979384869337082,False,3400,1190,0.19734470546245575,0.21687153888349772,808.3239135742188,888.305862657563
4,first_label_token,26,4096,4096,3162277.6601683795,0.1979365199804306,False,3400,1190,0.19734302163124084,0.21686329561121323,808.3170166015625,888.2720588235294
4,first_label_token,27,4096,4096,3162277.6601683795,0.1979377418756485,False,3400,1190,0.197344571352005,0.21685150050315535,808.3233032226562,888.2237526260504
4,first_label_token,28,4096,4096,1000000.0,0.1979302018880844,False,3400,1190,0.19643615186214447,0.21649766809800092,804.6024780273438,886.7744288340336
4,last_label_token,0,4096,4096,1000000.0,0.1979328691959381,False,3400,1190,0.19639816880226135,0.21682573366565866,804.4468994140625,888.1182116596639
4,last_label_token,1,4096,4096,3162277.6601683795,0.19794225692749023,False,3400,1190,0.19735805690288544,0.21687373153301848,808.3786010742188,888.3148306197479
4,last_label_token,2,4096,4096,100000000.0,0.19794359803199768,True,3400,1190,0.19781237840652466,0.21710902141923663,810.239501953125,889.2785451680672
4,last_label_token,3,4096,4096,31622776.60168379,0.19794346392154694,False,3400,1190,0.19777795672416687,0.21708824253883682,810.0984497070312,889.1934545693277
4,last_label_token,4,4096,4096,100000000.0,0.19794373214244843,True,3400,1190,0.19781242311000824,0.21710709323402214,810.2396850585938,889.2706276260504
4,last_label_token,5,4096,4096,100000000.0,0.1979440599679947,True,3400,1190,0.1978127360343933,0.21710386356385816,810.240966796875,889.2574711134454
4,last_label_token,6,4096,4096,100000000.0,0.19794391095638275,True,3400,1190,0.19781263172626495,0.21710335707464137,810.2405395507812,889.2553505777311
4,last_label_token,7,4096,4096,100000000.0,0.19794397056102753,True,3400,1190,0.1978127360343933,0.2170966140362395,810.240966796875,889.2277639180672
4,last_label_token,8,4096,4096,100000000.0,0.19794411957263947,True,3400,1190,0.19781288504600525,0.21709843323010355,810.2415771484375,889.2351890756303
4,last_label_token,9,4096,4096,100000000.0,0.19794388115406036,True,3400,1190,0.19781263172626495,0.21709437811074137,810.2405395507812,889.2185924369747
4,last_label_token,10,4096,4096,100000000.0,0.19794386625289917,True,3400,1190,0.19781267642974854,0.21709559785217797,810.24072265625,889.2235950630252
4,last_label_token,11,4096,4096,100000000.0,0.19794383645057678,True,3400,1190,0.19781267642974854,0.21709606587385932,810.24072265625,889.2254858193278
4,last_label_token,12,4096,4096,100000000.0,0.1979437917470932,True,3400,1190,0.1978125274181366,0.21709590719527558,810.2401123046875,889.2248424369748
4,last_label_token,13,4096,4096,100000000.0,0.197943776845932,True,3400,1190,0.1978125274181366,0.217095737296994,810.2401123046875,889.2241334033613
4,last_label_token,14,4096,4096,100000000.0,0.1979437917470932,True,3400,1190,0.1978125125169754,0.21709551610866515,810.2400512695312,889.2232208508403
4,last_label_token,15,4096,4096,100000000.0,0.19794389605522156,True,3400,1190,0.1978125274181366,0.21709625821153658,810.2401733398438,889.2262801995798
4,last_label_token,16,4096,4096,100000000.0,0.1979438066482544,True,3400,1190,0.19781240820884705,0.21709566517036502,810.2396850585938,889.2238445378151
4,last_label_token,17,4096,4096,100000000.0,0.1979437917470932,True,3400,1190,0.19781237840652466,0.21709672783603187,810.239501953125,889.2282103466387
4,last_label_token,18,4096,4096,100000000.0,0.19794374704360962,True,3400,1190,0.19781219959259033,0.21709775844541918,810.23876953125,889.2324251575631
4,last_label_token,19,4096,4096,100000000.0,0.197943776845932,True,3400,1190,0.19781216979026794,0.21709990621614858,810.2386474609375,889.2412224264706
4,last_label_token,20,4096,4096,100000000.0,0.1979438215494156,True,3400,1190,0.19781215488910675,0.21710099773246702,810.2386474609375,889.2456867121849
4,last_label_token,21,4096,4096,100000000.0,0.19794389605522156,True,3400,1190,0.1978122442960739,0.21710026684929343,810.2389526367188,889.2426864495799
4,last_label_token,22,4096,4096,100000000.0,0.19794397056102753,True,3400,1190,0.1978122442960739,0.21710113557446906,810.2389526367188,889.2462381827731
4,last_label_token,23,4096,4096,100000000.0,0.19794389605522156,True,3400,1190,0.19781216979026794,0.21710253803669904,810.2385864257812,889.2520286239496
4,last_label_token,24,4096,4096,100000000.0,0.1979438066482544,True,3400,1190,0.1978120654821396,0.21710332662117582,810.2381591796875,889.2552258403362
4,last_label_token,25,4096,4096,100000000.0,0.19794373214244843,True,3400,1190,0.19781194627285004,0.21710289866984392,810.2377319335938,889.2534598214286
4,last_label_token,26,4096,4096,100000000.0,0.19794359803199768,True,3400,1190,0.19781182706356049,0.21710253322825712,810.2372436523438,889.2519498424369
4,last_label_token,27,4096,4096,100000000.0,0.19794361293315887,True,3400,1190,0.19781184196472168,0.2171015747454988,810.2373046875,889.2480435924369
4,last_label_token,28,4096,4096,10000000.0,0.1979432851076126,False,3400,1190,0.19766847789287567,0.2169643722662405,809.6500854492188,888.6860556722689
5,pre_label_token,0,4096,4096,0.1,0.19794350862503052,True,3400,1190,0.19782809913158417,0.2171173656688017,810.3038940429688,889.3127494747899
5,pre_label_token,1,4096,4096,31622776.60168379,0.19794240593910217,False,3400,1190,0.19777962565422058,0.21700786302069655,810.1054077148438,888.864193802521
5,pre_label_token,2,4096,4096,10000000.0,0.1979406327009201,False,3400,1190,0.19768747687339783,0.21670270166477235,809.7279052734375,887.6142594537815
5,pre_label_token,3,4096,4096,31622776.60168379,0.19794239103794098,False,3400,1190,0.19778014719486237,0.21697775095450778,810.1074829101562,888.74087447479
5,pre_label_token,4,4096,4096,100000000.0,0.19794350862503052,True,3400,1190,0.19781263172626495,0.2170720589261095,810.2405395507812,889.1271467962185
5,pre_label_token,5,4096,4096,100000000.0,0.19794344902038574,True,3400,1190,0.19781255722045898,0.2170731664705677,810.240234375,889.1317226890757
5,pre_label_token,6,4096,4096,100000000.0,0.19794364273548126,True,3400,1190,0.19781270623207092,0.21707162776914965,810.2408447265625,889.1253939075631
5,pre_label_token,7,4096,4096,100000000.0,0.19794389605522156,True,3400,1190,0.19781279563903809,0.21707098664355878,810.2412109375,889.1227678571429
5,pre_label_token,8,4096,4096,100000000.0,0.197943776845932,True,3400,1190,0.1978125274181366,0.21707182651808282,810.2401123046875,889.1261948529411
5,pre_label_token,9,4096,4096,31622776.60168379,0.19794338941574097,False,3400,1190,0.1977788209915161,0.21695026590042754,810.10205078125,888.6283022584033
5,pre_label_token,10,4096,4096,100000000.0,0.19794370234012604,True,3400,1190,0.1978125423192978,0.21706168070560744,810.2401123046875,889.0846507352941
5,pre_label_token,11,4096,4096,31622776.60168379,0.1979433298110962,False,3400,1190,0.1977788209915161,0.2169354110204873,810.1021118164062,888.5674566701681
5,pre_label_token,12,4096,4096,31622776.60168379,0.19794321060180664,False,3400,1190,0.19777895510196686,0.21695538849389853,810.1026000976562,888.6492712710084
5,pre_label_token,13,4096,4096,31622776.60168379,0.19794289767742157,False,3400,1190,0.19777849316596985,0.2169656256667706,810.1007690429688,888.6911961659664
5,pre_label_token,14,4096,4096,100000000.0,0.1979435235261917,True,3400,1190,0.19781219959259033,0.21707337323357076,810.23876953125,889.1325170693277
5,pre_label_token,15,4096,4096,31622776.60168379,0.19794327020645142,False,3400,1190,0.19777826964855194,0.21698817565661518,810.0999145507812,888.7835806197479
5,pre_label_token,16,4096,4096,100000000.0,0.19794350862503052,True,3400,1190,0.19781211018562317,0.21707706451416015,810.238525390625,889.1476693802521
5,pre_label_token,17,4096,4096,100000000.0,0.19794371724128723,True,3400,1190,0.1978122442960739,0.21708374985125886,810.2389526367188,889.1750393907563
5,pre_label_token,18,4096,4096,100000000.0,0.19794362783432007,True,3400,1190,0.1978120654821396,0.2170867278796284,810.2382202148438,889.187237394958
5,pre_label_token,19,4096,4096,100000000.0,0.1979438066482544,True,3400,1190,0.19781216979026794,0.21708716865347213,810.2386474609375,889.1890493697479
5,pre_label_token,20,4096,4096,100000000.0,0.19794364273548126,True,3400,1190,0.19781182706356049,0.21709151067653623,810.2372436523438,889.2068474264706
5,pre_label_token,21,4096,4096,100000000.0,0.19794361293315887,True,3400,1190,0.19781182706356049,0.21709371614856882,810.2371826171875,889.215887605042
5,pre_label_token,22,4096,4096,100000000.0,0.19794361293315887,True,3400,1190,0.19781173765659332,0.21709587193336807,810.2368774414062,889.2246783088235
5,pre_label_token,23,4096,4096,100000000.0,0.19794362783432007,True,3400,1190,0.19781175255775452,0.2170979539887244,810.2369384765625,889.2332195378151
5,pre_label_token,24,4096,4096,100000000.0,0.19794370234012604,True,3400,1190,0.1978117972612381,0.21709979241635619,810.2371826171875,889.240756302521
5,pre_label_token,25,4096,4096,100000000.0,0.19794374704360962,True,3400,1190,0.19781190156936646,0.2171003806490858,810.2376098632812,889.2431066176471
5,pre_label_token,26,4096,4096,100000000.0,0.19794389605522156,True,3400,1190,0.1978120654821396,0.2171006899921834,810.2382202148438,889.2444787289916
5,pre_label_token,27,4096,4096,100000000.0,0.19794397056102753,True,3400,1190,0.19781209528446198,0.2171000039878012,810.23828125,889.2416163340337
5,pre_label_token,28,4096,4096,100000000.0,0.19794392585754395,True,3400,1190,0.19781199097633362,0.21709766227658056,810.2379150390625,889.232024684874
5,first_label_token,0,4096,4096,100000000.0,0.19794361293315887,True,3400,1190,0.1978124976158142,0.21711082458496095,810.2398681640625,889.2859309348739
5,first_label_token,1,4096,4096,100000000.0,0.19794370234012604,True,3400,1190,0.19781255722045898,0.21710798119296545,810.240234375,889.2743172268907
5,first_label_token,2,4096,4096,100000000.0,0.1979437917470932,True,3400,1190,0.19781255722045898,0.2171066604742483,810.240234375,889.268881302521
5,first_label_token,3,4096,4096,100000000.0,0.19794370234012604,True,3400,1190,0.19781245291233063,0.2171055096538127,810.2398071289062,889.2641281512605
5,first_label_token,4,4096,4096,100000000.0,0.1979437917470932,True,3400,1190,0.1978124976158142,0.21710169655936104,810.2400512695312,889.2485491071428
5,first_label_token,5,4096,4096,100000000.0,0.19794362783432007,True,3400,1190,0.1978122442960739,0.21710028768587514,810.2389526367188,889.2427586659663
5,first_label_token,6,4096,4096,100000000.0,0.1979437917470932,True,3400,1190,0.19781240820884705,0.21709969464470358,810.239501953125,889.2403426995799
5,first_label_token,7,4096,4096,100000000.0,0.19794359803199768,True,3400,1190,0.19781213998794556,0.21709516348959018,810.238525390625,889.2217830882353
5,first_label_token,8,4096,4096,100000000.0,0.19794370234012604,True,3400,1190,0.19781222939491272,0.21709679194859097,810.2388916015625,889.2284401260504
5,first_label_token,9,4096,4096,100000000.0,0.19794365763664246,True,3400,1190,0.1978122442960739,0.21709520035431165,810.2389526367188,889.2219275210084
5,first_label_token,10,4096,4096,100000000.0,0.19794368743896484,True,3400,1190,0.1978122740983963,0.21709660121372767,810.2390747070312,889.2276851365547
5,first_label_token,11,4096,4096,100000000.0,0.19794371724128723,True,3400,1190,0.1978122740983963,0.21709801169002757,810.2390747070312,889.2334887079832
5,first_label_token,12,4096,4096,100000000.0,0.19794361293315887,True,3400,1190,0.1978122442960739,0.21709717341831752,810.23876953125,889.2299960609243
5,first_label_token,13,4096,4096,100000000.0,0.19794364273548126,True,3400,1190,0.1978122591972351,0.21709810946168018,810.2389526367188,889.233856355042
5,first_label_token,14,4096,4096,100000000.0,0.19794359803199768,True,3400,1190,0.19781209528446198,0.21709851016517448,810.2383422851562,889.2354648109243
5,first_label_token,15,4096,4096,100000000.0,0.19794361293315887,True,3400,1190,0.19781211018562317,0.21709867204938615,810.2384033203125,889.2361475840336
5,first_label_token,16,4096,4096,100000000.0,0.19794361293315887,True,3400,1190,0.19781213998794556,0.21709876501259684,810.2385864257812,889.2365480567227
5,first_label_token,17,4096,4096,100000000.0,0.19794359803199768,True,3400,1190,0.1978120654821396,0.2170992923383953,810.2382202148438,889.2387539390757
5,first_label_token,18,4096,4096,100000000.0,0.19794359803199768,True,3400,1190,0.197812020778656,0.2171003517984342,810.238037109375,889.2430344012605
5,first_label_token,19,4096,4096,100000000.0,0.1979435682296753,True,3400,1190,0.19781194627285004,0.2171010890928637,810.2377319335938,889.2460674894958
5,first_label_token,20,4096,4096,100000000.0,0.1979435235261917,True,3400,1190,0.19781191647052765,0.2171027800616096,810.237548828125,889.253000262605
5,first_label_token,21,4096,4096,31622776.60168379,0.19794343411922455,False,3400,1190,0.19777701795101166,0.21707319051277738,810.0946655273438,889.1317555147059
5,first_label_token,22,4096,4096,31622776.60168379,0.19794347882270813,False,3400,1190,0.19777698814868927,0.2170739262043929,810.0945434570312,889.1347820378152
5,first_label_token,23,4096,4096,31622776.60168379,0.19794341921806335,False,3400,1190,0.1977768987417221,0.21707608359200614,810.09423828125,889.143631827731
5,first_label_token,24,4096,4096,10000000.0,0.1979430913925171,False,3400,1190,0.1976686418056488,0.21700076415759176,809.6506958007812,888.8351365546218
5,first_label_token,25,4096,4096,31622776.60168379,0.19794327020645142,False,3400,1190,0.1977769136428833,0.21707873624913832,810.09423828125,889.1545102415967
5,first_label_token,26,4096,4096,10000000.0,0.19794303178787231,False,3400,1190,0.19766895473003387,0.21700321806579076,809.6520385742188,888.8451483718487
5,first_label_token,27,4096,4096,10000000.0,0.19794242084026337,False,3400,1190,0.1976679414510727,0.21699636443322445,809.6478271484375,888.8171021533614
5,first_label_token,28,4096,4096,10000000.0,0.19794289767742157,False,3400,1190,0.19766855239868164,0.21699040677367137,809.650390625,888.7926864495798
5,last_label_token,0,4096,4096,3162277.6601683795,0.19794125854969025,False,3400,1190,0.19735054671764374,0.21696848508690586,808.3478393554688,888.7029149159664
5,last_label_token,1,4096,4096,100000000.0,0.1979435682296753,True,3400,1190,0.1978125274181366,0.21710783373407957,810.2401123046875,889.2737329306723
5,last_label_token,2,4096,4096,10000000.0,0.19794334471225739,False,3400,1190,0.19767329096794128,0.21702995620855764,809.669921875,888.954680934874
5,last_label_token,3,4096,4096,1000000.0,0.1979324072599411,False,3400,1190,0.1964348554611206,0.21645433762494257,804.59716796875,886.5969669117648
5,last_label_token,4,4096,4096,3162277.6601683795,0.19793765246868134,False,3400,1190,0.19734646379947662,0.21680072335635914,808.3311157226562,888.0157759978991
5,last_label_token,5,4096,4096,3162277.6601683795,0.19794124364852905,False,3400,1190,0.19735188782215118,0.21672713976948202,808.3533935546875,887.7143382352941
5,last_label_token,6,4096,4096,31622776.60168379,0.19794338941574097,False,3400,1190,0.19777818024158478,0.21706724086729418,810.099365234375,889.1073923319328
5,last_label_token,7,4096,4096,100000000.0,0.19794359803199768,True,3400,1190,0.19781234860420227,0.21709292756409204,810.2393798828125,889.2126116071429
5,last_label_token,8,4096,4096,100000000.0,0.19794391095638275,True,3400,1190,0.19781270623207092,0.21709464578067555,810.2408447265625,889.2197019432773
5,last_label_token,9,4096,4096,100000000.0,0.19794392585754395,True,3400,1190,0.19781287014484406,0.2170917446873769,810.2415161132812,889.2077731092437
5,last_label_token,10,4096,4096,100000000.0,0.19794407486915588,True,3400,1190,0.197813019156456,0.21709382994836118,810.2421875,889.2163405987395
5,last_label_token,11,4096,4096,100000000.0,0.19794411957263947,True,3400,1190,0.197813019156456,0.21709516669521814,810.2421264648438,889.2217896533614
5,last_label_token,12,4096,4096,100000000.0,0.19794408977031708,True,3400,1190,0.19781295955181122,0.21709469386509486,810.241943359375,889.2198529411764
5,last_label_token,13,4096,4096,100000000.0,0.19794400036334991,True,3400,1190,0.19781287014484406,0.21709467463132714,810.2415161132812,889.2197610294118
5,last_label_token,14,4096,4096,100000000.0,0.19794407486915588,True,3400,1190,0.1978127807378769,0.2170947836226776,810.2411499023438,889.2202008928572
5,last_label_token,15,4096,4096,100000000.0,0.19794407486915588,True,3400,1190,0.1978127807378769,0.21709580782080898,810.2411499023438,889.2244550945378
5,last_label_token,16,4096,4096,100000000.0,0.19794400036334991,True,3400,1190,0.19781270623207092,0.21709492627312155,810.2408447265625,889.2207983193277
5,last_label_token,17,4096,4096,100000000.0,0.19794398546218872,True,3400,1190,0.19781270623207092,0.21709573569418,810.2407836914062,889.2241202731093
5,last_label_token,18,4096,4096,100000000.0,0.19794397056102753,True,3400,1190,0.19781255722045898,0.21709651145614495,810.240234375,889.2273109243697
5,last_label_token,19,4096,4096,100000000.0,0.19794407486915588,True,3400,1190,0.19781258702278137,0.21709752283176453,810.2404174804688,889.2314863445379
5,last_label_token,20,4096,4096,100000000.0,0.1979440450668335,True,3400,1190,0.19781258702278137,0.21709839155694016,810.240234375,889.2349855567227
5,last_label_token,21,4096,4096,100000000.0,0.19794398546218872,True,3400,1190,0.19781243801116943,0.21709851016517448,810.23974609375,889.2354976365547
5,last_label_token,22,4096,4096,100000000.0,0.19794397056102753,True,3400,1190,0.19781237840652466,0.2170989429249483,810.2394409179688,889.2372702205882
5,last_label_token,23,4096,4096,100000000.0,0.19794391095638275,True,3400,1190,0.19781231880187988,0.21709995590338185,810.2391357421875,889.24140625
5,last_label_token,24,4096,4096,100000000.0,0.19794388115406036,True,3400,1190,0.1978122442960739,0.2171007525019285,810.2389526367188,889.244669117647
5,last_label_token,25,4096,4096,100000000.0,0.1979438215494156,True,3400,1190,0.19781218469142914,0.21710061626274044,810.23876953125,889.2441570378152
5,last_label_token,26,4096,4096,100000000.0,0.1979438066482544,True,3400,1190,0.19781216979026794,0.21710065312746193,810.2386474609375,889.2442555147059
5,last_label_token,27,4096,4096,100000000.0,0.19794361293315887,True,3400,1190,0.19781199097633362,0.21709990301052062,810.2379150390625,889.2412092962185
5,last_label_token,28,4096,4096,31622776.60168379,0.19794343411922455,False,3400,1190,0.19777701795101166,0.21706098668715534,810.0946655273438,889.0817817752101
6,pre_label_token,0,4096,4096,0.1,0.19794350862503052,True,3400,1190,0.19782809913158417,0.2171173656688017,810.3038940429688,889.3127494747899
6,pre_label_token,1,4096,4096,1000000.0,0.19790439307689667,False,3400,1190,0.19674663245677948,0.21627940650747604,805.8742065429688,885.8804424894957
6,pre_label_token,2,4096,4096,1000000.0,0.19784964621067047,False,3400,1190,0.19678063690662384,0.21589668818882535,806.0134887695312,884.3128348214286
6,pre_label_token,3,4096,4096,1000000.0,0.1978481560945511,False,3400,1190,0.1967712789773941,0.21594348074007436,805.97509765625,884.5044774159663
6,pre_label_token,4,4096,4096,3162277.6601683795,0.1979195773601532,False,3400,1190,0.19740349054336548,0.21625816922227875,808.564697265625,885.7934545693278
6,pre_label_token,5,4096,4096,3162277.6601683795,0.1979222446680069,False,3400,1190,0.1974024474620819,0.21619519145548843,808.5603637695312,885.5354582457983
6,pre_label_token,6,4096,4096,3162277.6601683795,0.1979224681854248,False,3400,1190,0.1973988562822342,0.2161239367573201,808.545654296875,885.2436515231093
6,pre_label_token,7,4096,4096,3162277.6601683795,0.1979304701089859,False,3400,1190,0.19740477204322815,0.2160484714668338,808.5699462890625,884.9345522584034
6,pre_label_token,8,4096,4096,3162277.6601683795,0.1979275643825531,False,3400,1190,0.1973988115787506,0.2159974971739184,808.5455322265625,884.7257615546218
6,pre_label_token,9,4096,4096,3162277.6601683795,0.19793592393398285,False,3400,1190,0.19740857183933258,0.21583817906740332,808.5853881835938,884.0732011554621
6,pre_label_token,10,4096,4096,10000000.0,0.1979382187128067,False,3400,1190,0.19767670333385468,0.2165961465915712,809.6837158203125,887.1778230042016
6,pre_label_token,11,4096,4096,10000000.0,0.19793608784675598,False,3400,1190,0.19767387211322784,0.21657257080078124,809.6721801757812,887.0812565651261
6,pre_label_token,12,4096,4096,3162277.6601683795,0.19793494045734406,False,3400,1190,0.19740456342697144,0.2159709706025965,808.5691528320312,884.6170955882353
6,pre_label_token,13,4096,4096,3162277.6601683795,0.19792287051677704,False,3400,1190,0.19739021360874176,0.21601013696494223,808.5104370117188,884.7775144432773
6,pre_label_token,14,4096,4096,3162277.6601683795,0.19793300330638885,False,3400,1190,0.19738851487636566,0.2161295434006122,808.5033569335938,885.2666163340336
6,pre_label_token,15,4096,4096,3162277.6601683795,0.19792835414409637,False,3400,1190,0.1973814070224762,0.21610587144098362,808.4742431640625,885.169669117647
6,pre_label_token,16,4096,4096,3162277.6601683795,0.1979335993528366,False,3400,1190,0.1973862498998642,0.21612276349748885,808.4940795898438,885.2388458508403
6,pre_label_token,17,4096,4096,3162277.6601683795,0.19793573021888733,False,3400,1190,0.19737553596496582,0.2162879959875796,808.4502563476562,885.915618434874
6,pre_label_token,18,4096,4096,3162277.6601683795,0.19793541729450226,False,3400,1190,0.19737249612808228,0.21632593940286077,808.4376831054688,886.0710149684874
6,pre_label_token,19,4096,4096,3162277.6601683795,0.19793716073036194,False,3400,1190,0.19736923277378082,0.2163315909249442,808.4243774414062,886.0942095588235
6,pre_label_token,20,4096,4096,3162277.6601683795,0.19793011248111725,False,3400,1190,0.197352796792984,0.21643617293413947,808.3570556640625,886.522524947479
6,pre_label_token,21,4096,4096,3162277.6601683795,0.19793567061424255,False,3400,1190,0.1973564177751541,0.21649941997367794,808.3718872070312,886.781630777311
6,pre_label_token,22,4096,4096,3162277.6601683795,0.19793589413166046,False,3400,1190,0.197354257106781,0.21654361917191192,808.363037109375,886.9627100840336
6,pre_label_token,23,4096,4096,3162277.6601683795,0.19793935120105743,False,3400,1190,0.19735687971115112,0.21659345546690356,808.3737182617188,887.1668067226891
6,pre_label_token,24,4096,4096,3162277.6601683795,0.19793932139873505,False,3400,1190,0.1973554491996765,0.2166187366517652,808.367919921875,887.2703387605042
6,pre_label_token,25,4096,4096,10000000.0,0.19794254004955292,False,3400,1190,0.19767089188098907,0.21694199377749146,809.6599731445312,888.5944196428571
6,pre_label_token,26,4096,4096,3162277.6601683795,0.19793957471847534,False,3400,1190,0.19735479354858398,0.21662648305171678,808.365234375,887.3020417542017
6,pre_label_token,27,4096,4096,3162277.6601683795,0.19794005155563354,False,3400,1190,0.19735075533390045,0.2166235066261612,808.3486938476562,887.2899225315126
6,pre_label_token,28,4096,4096,3162277.6601683795,0.19793803989887238,False,3400,1190,0.19734475016593933,0.21663139888218472,808.3240966796875,887.3222229516807
6,first_label_token,0,4096,4096,1000000.0,0.19792935252189636,False,3400,1190,0.19643543660640717,0.21685540335518974,804.5994262695312,888.239705882353
6,first_label_token,1,4096,4096,3162277.6601683795,0.19793550670146942,False,3400,1190,0.19735181331634521,0.21688760388799075,808.35302734375,888.371612394958
6,first_label_token,2,4096,4096,3162277.6601683795,0.19793298840522766,False,3400,1190,0.19734765589237213,0.21682462451838647,808.3359985351562,888.1136751575631
6,first_label_token,3,4096,4096,3162277.6601683795,0.1979360729455948,False,3400,1190,0.19735004007816315,0.21681457808037766,808.3457641601562,888.072531512605
6,first_label_token,4,4096,4096,3162277.6601683795,0.19793550670146942,False,3400,1190,0.19735145568847656,0.2167553156363864,808.3515625,887.8297859768908
6,first_label_token,5,4096,4096,1000000.0,0.19792239367961884,False,3400,1190,0.19646787643432617,0.21578088968741793,804.7322998046875,883.8385635504202
6,first_label_token,6,4096,4096,3162277.6601683795,0.19793854653835297,False,3400,1190,0.19735731184482574,0.21657203225528493,808.3755493164062,887.079037552521
6,first_label_token,7,4096,4096,3162277.6601683795,0.19794009625911713,False,3400,1190,0.19736355543136597,0.21645070564847033,808.401123046875,886.5821165966387
6,first_label_token,8,4096,4096,3162277.6601683795,0.19793523848056793,False,3400,1190,0.19736012816429138,0.21642009670994863,808.3870849609375,886.4567161239496
6,first_label_token,9,4096,4096,1000000.0,0.19792866706848145,False,3400,1190,0.1965259462594986,0.2154605897534795,804.9702758789062,882.526555934874
6,first_label_token,10,4096,4096,1000000.0,0.19792835414409637,False,3400,1190,0.1965322196483612,0.21552491869245258,804.9959716796875,882.7900603991596
6,first_label_token,11,4096,4096,3162277.6601683795,0.19793161749839783,False,3400,1190,0.19735929369926453,0.21647783968628956,808.3836669921875,886.6932182247899
6,first_label_token,12,4096,4096,3162277.6601683795,0.1979319453239441,False,3400,1190,0.19735583662986755,0.21651197641837497,808.3695068359375,886.833068539916
6,first_label_token,13,4096,4096,1000000.0,0.19791974127292633,False,3400,1190,0.19650202989578247,0.2157008804193064,804.872314453125,883.510806197479
6,first_label_token,14,4096,4096,1000000.0,0.1979176551103592,False,3400,1190,0.19648420810699463,0.21578043128262048,804.7992553710938,883.8366530987395
6,first_label_token,15,4096,4096,1000000.0,0.1979101449251175,False,3400,1190,0.19647561013698578,0.21578874507871995,804.7640380859375,883.8707261029411
6,first_label_token,16,4096,4096,1000000.0,0.19791282713413239,False,3400,1190,0.19647711515426636,0.2158361322739545,804.770263671875,884.0647977941177
6,first_label_token,17,4096,4096,1000000.0,0.19791258871555328,False,3400,1190,0.19647108018398285,0.2158615849599117,804.7455444335938,884.1690454306722
6,first_label_token,18,4096,4096,1000000.0,0.1979142278432846,False,3400,1190,0.1964748054742813,0.2158638866007829,804.7608642578125,884.1784729516806
6,first_label_token,19,4096,4096,1000000.0,0.1979118287563324,False,3400,1190,0.1964588463306427,0.21591326769660502,804.6954345703125,884.3807641806723
6,first_label_token,20,4096,4096,1000000.0,0.1979103684425354,False,3400,1190,0.19646015763282776,0.21603059367973262,804.7008666992188,884.8613182773109
6,first_label_token,21,4096,4096,1000000.0,0.19790685176849365,False,3400,1190,0.19646166265010834,0.21605044773646764,804.7069091796875,884.9426404936975
6,first_label_token,22,4096,4096,1000000.0,0.19790181517601013,False,3400,1190,0.19645161926746368,0.21608807219176734,804.6658325195312,885.0967174369748
6,first_label_token,23,4096,4096,1000000.0,0.1978929042816162,False,3400,1190,0.19644048810005188,0.2161273908214409,804.620361328125,885.2577796743698
6,first_label_token,24,4096,4096,1000000.0,0.1978897601366043,False,3400,1190,0.19643534719944,0.21616020042355322,804.5990600585938,885.3921612394957
6,first_label_token,25,4096,4096,1000000.0,0.1978904753923416,False,3400,1190,0.19643999636173248,0.2161317520782727,804.6182861328125,885.275649947479
6,first_label_token,26,4096,4096,1000000.0,0.19788247346878052,False,3400,1190,0.19643396139144897,0.21615063643255153,804.5935668945312,885.3530068277311
6,first_label_token,27,4096,4096,316227.7660168379,0.1978704333305359,False,3400,1190,0.19413597881793976,0.2155478229041861,795.1809692382812,882.8838629201681
6,first_label_token,28,4096,4096,1000000.0,0.19787302613258362,False,3400,1190,0.19642680883407593,0.2159865948332458,804.564208984375,884.6810990021008
6,last_label_token,0,4096,4096,3162277.6601683795,0.1979409158229828,False,3400,1190,0.19736233353614807,0.21703469733230207,808.3960571289062,888.9741137079832
6,last_label_token,1,4096,4096,10000000.0,0.19794313609600067,False,3400,1190,0.1976788491010666,0.21703307207892922,809.6925659179688,888.9674698004202
6,last_label_token,2,4096,4096,3162277.6601683795,0.19793877005577087,False,3400,1190,0.1973659247159958,0.2167970016223042,808.4108276367188,888.0005449054622
6,last_label_token,3,4096,4096,1000000.0,0.19793251156806946,False,3400,1190,0.19648407399654388,0.21627041311825024,804.7987670898438,885.8435661764706
6,last_label_token,4,4096,4096,3162277.6601683795,0.197936549782753,False,3400,1190,0.19735868275165558,0.2167164425889985,808.3811645507812,887.6705160189076
6,last_label_token,5,4096,4096,3162277.6601683795,0.19793695211410522,False,3400,1190,0.19736312329769135,0.2165775283044126,808.3993530273438,887.1015165441177
6,last_label_token,6,4096,4096,10000000.0,0.19794249534606934,False,3400,1190,0.19767627120018005,0.2169201313948431,809.6820068359375,888.5048384978992
6,last_label_token,7,4096,4096,31622776.60168379,0.19794338941574097,False,3400,1190,0.19777967035770416,0.21702244702507467,810.1055297851562,888.9239758403361
6,last_label_token,8,4096,4096,10000000.0,0.19794222712516785,False,3400,1190,0.19767683744430542,0.21680856752796335,809.684326171875,888.0478728991596
6,last_label_token,9,4096,4096,3162277.6601683795,0.19793474674224854,False,3400,1190,0.19736994802951813,0.21627849290350906,808.4273071289062,885.8767397584033
6,last_label_token,10,4096,4096,3162277.6601683795,0.19793935120105743,False,3400,1190,0.19737423956394196,0.2163232627035189,808.4448852539062,886.0600643382353
6,last_label_token,11,4096,4096,3162277.6601683795,0.19793668389320374,False,3400,1190,0.19737084209918976,0.21635810467375427,808.4309692382812,886.2027901785714
6,last_label_token,12,4096,4096,3162277.6601683795,0.19793599843978882,False,3400,1190,0.1973654329776764,0.21637962245139755,808.4088134765625,886.2909335609244
6,last_label_token,13,4096,4096,3162277.6601683795,0.19793440401554108,False,3400,1190,0.19736294448375702,0.21638489250375442,808.3987426757812,886.3125262605042
6,last_label_token,14,4096,4096,3162277.6601683795,0.1979355812072754,False,3400,1190,0.19736145436763763,0.2163791480184603,808.3924560546875,886.2889771533613
6,last_label_token,15,4096,4096,3162277.6601683795,0.19793587923049927,False,3400,1190,0.19736124575138092,0.21639790414762097,808.3916625976562,886.3658022584034
6,last_label_token,16,4096,4096,3162277.6601683795,0.19793877005577087,False,3400,1190,0.1973642110824585,0.21640223495098723,808.40380859375,886.3835477941177
6,last_label_token,17,4096,4096,3162277.6601683795,0.19793951511383057,False,3400,1190,0.19736547768115997,0.21640386501280198,808.408935546875,886.390244222689
6,last_label_token,18,4096,4096,3162277.6601683795,0.19793851673603058,False,3400,1190,0.19736306369304657,0.21640551430838448,808.3991088867188,886.3969537815126
6,last_label_token,19,4096,4096,3162277.6601683795,0.1979389637708664,False,3400,1190,0.19736064970493317,0.21642936898880646,808.38916015625,886.4947150735294
6,last_label_token,20,4096,4096,3162277.6601683795,0.1979401856660843,False,3400,1190,0.19735977053642273,0.21646233726950254,808.3856201171875,886.6297137605042
6,last_label_token,21,4096,4096,3162277.6601683795,0.19794128835201263,False,3400,1190,0.19736070930957794,0.2164552464204676,808.3894653320312,886.6006893382353
6,last_label_token,22,4096,4096,3162277.6601683795,0.19794073700904846,False,3400,1190,0.1973586082458496,0.21647275235472607,808.380859375,886.672400210084
6,last_label_token,23,4096,4096,10000000.0,0.1979416012763977,False,3400,1190,0.19767005741596222,0.21688095381279954,809.6565551757812,888.344406512605
6,last_label_token,24,4096,4096,3162277.6601683795,0.19793985784053802,False,3400,1190,0.1973552256822586,0.21648662791532627,808.3670043945312,886.7292148109244
6,last_label_token,25,4096,4096,3162277.6601683795,0.1979377269744873,False,3400,1190,0.19735386967658997,0.21646056616005777,808.3614501953125,886.6224724264706
6,last_label_token,26,4096,4096,3162277.6601683795,0.19793495535850525,False,3400,1190,0.19735167920589447,0.21646966533500608,808.3524780273438,886.6597623424369
6,last_label_token,27,4096,4096,3162277.6601683795,0.19793258607387543,False,3400,1190,0.19735027849674225,0.21645497394209148,808.3467407226562,886.5995601365546
6,last_label_token,28,4096,4096,1000000.0,0.19792751967906952,False,3400,1190,0.1964975744485855,0.21563451590658236,804.85400390625,883.2389705882352
7,pre_label_token,0,4096,4096,0.1,0.19794350862503052,True,3400,1190,0.19782809913158417,0.2171173656688017,810.3038940429688,889.3127494747899
7,pre_label_token,1,4096,4096,316227.7660168379,0.19783903658390045,False,3400,1190,0.1951218843460083,0.21663140529344063,799.21923828125,887.3222426470588
7,pre_label_token,2,4096,4096,1000000.0,0.1978510171175003,False,3400,1190,0.19681409001350403,0.2159909224309841,806.150390625,884.6988248424369
7,pre_label_token,3,4096,4096,316227.7660168379,0.19781789183616638,False,3400,1190,0.1953883171081543,0.21656817909048384,800.3106079101562,887.0632615546218
7,pre_label_token,4,4096,4096,1000000.0,0.1979077309370041,False,3400,1190,0.19675835967063904,0.2159754680986164,805.9223022460938,884.6355107668068
7,pre_label_token,5,4096,4096,3162277.6601683795,0.1979255974292755,False,3400,1190,0.19741182029247284,0.21627779407661502,808.5988159179688,885.8738773634453
7,pre_label_token,6,4096,4096,3162277.6601683795,0.19793659448623657,False,3400,1190,0.19741442799568176,0.2162193987549854,808.6094970703125,885.634644170168
7,pre_label_token,7,4096,4096,10000000.0,0.1979401558637619,False,3400,1190,0.19767890870571136,0.21671151874446068,809.6928100585938,887.6503939075631
7,pre_label_token,8,4096,4096,10000000.0,0.19793830811977386,False,3400,1190,0.19767561554908752,0.21669100913680903,809.6792602539062,887.56640625
7,pre_label_token,9,4096,4096,3162277.6601683795,0.1979360729455948,False,3400,1190,0.1974141001701355,0.21587323421189766,808.608154296875,884.2167410714286
7,pre_label_token,10,4096,4096,10000000.0,0.1979399174451828,False,3400,1190,0.1976790726184845,0.21658676532136292,809.6934814453125,887.1393907563025
7,pre_label_token,11,4096,4096,10000000.0,0.19794048368930817,False,3400,1190,0.19767886400222778,0.21658315898991432,809.6926879882812,887.1246060924369
7,pre_label_token,12,4096,4096,10000000.0,0.19793939590454102,False,3400,1190,0.19767723977565765,0.216650251180184,809.6859741210938,887.3994550945379
7,pre_label_token,13,4096,4096,10000000.0,0.19794021546840668,False,3400,1190,0.19767756760120392,0.21672777768944493,809.6873168945312,887.7169511554622
7,pre_label_token,14,4096,4096,10000000.0,0.19794012606143951,False,3400,1190,0.19767539203166962,0.216801854943027,809.6784057617188,888.0204109768907
7,pre_label_token,15,4096,4096,10000000.0,0.1979413479566574,False,3400,1190,0.19767677783966064,0.21681699672666918,809.68408203125,888.0824317226891
7,pre_label_token,16,4096,4096,10000000.0,0.1979425698518753,False,3400,1190,0.1976771354675293,0.21684718733074285,809.685546875,888.2060858718487
7,pre_label_token,17,4096,4096,10000000.0,0.19794169068336487,False,3400,1190,0.1976732611656189,0.21690334352124638,809.6697387695312,888.4360819327732
7,pre_label_token,18,4096,4096,10000000.0,0.197942852973938,False,3400,1190,0.1976735144853592,0.2169194646242286,809.6707153320312,888.5021008403361
7,pre_label_token,19,4096,4096,31622776.60168379,0.19794344902038574,False,3400,1190,0.19777773320674896,0.21704877645027737,810.0975952148438,889.0317817752101
7,pre_label_token,20,4096,4096,10000000.0,0.19794321060180664,False,3400,1190,0.1976705640554428,0.21695703778948103,809.6586303710938,888.6560399159664
7,pre_label_token,21,4096,4096,100000000.0,0.1979435682296753,True,3400,1190,0.19781184196472168,0.21710196422929523,810.2373657226562,889.2496323529411
7,pre_label_token,22,4096,4096,100000000.0,0.19794362783432007,True,3400,1190,0.19781191647052765,0.21710255406483883,810.2376098632812,889.2520417542016
7,pre_label_token,23,4096,4096,100000000.0,0.19794374704360962,True,3400,1190,0.1978120058774948,0.2171039661439527,810.2379760742188,889.2578387605042
7,pre_label_token,24,4096,4096,100000000.0,0.19794371724128723,True,3400,1190,0.19781191647052765,0.2171048717338498,810.2376098632812,889.2615414915966
7,pre_label_token,25,4096,4096,100000000.0,0.19794371724128723,True,3400,1190,0.19781194627285004,0.21710544874688156,810.2377319335938,889.2639049369748
7,pre_label_token,26,4096,4096,100000000.0,0.19794370234012604,True,3400,1190,0.19781191647052765,0.21710661559545694,810.2376098632812,889.2686777836135
7,pre_label_token,27,4096,4096,100000000.0,0.19794374704360962,True,3400,1190,0.19781193137168884,0.21710604178805312,810.2377319335938,889.2663471638656
7,pre_label_token,28,4096,4096,100000000.0,0.19794391095638275,True,3400,1190,0.1978120654821396,0.21710430433770186,810.2382202148438,889.2592305672268
7,first_label_token,0,4096,4096,100000000.0,0.1979435533285141,True,3400,1190,0.19781135022640228,0.21711798435499688,810.2352905273438,889.3152770483193
7,first_label_token,1,4096,4096,1000000.0,0.1979375183582306,False,3400,1190,0.19637846946716309,0.21730351167566636,804.3662719726562,890.0751838235294
7,first_label_token,2,4096,4096,3162277.6601683795,0.19794215261936188,False,3400,1190,0.19733254611492157,0.21711426262094194,808.2739868164062,889.3000525210084
7,first_label_token,3,4096,4096,3162277.6601683795,0.197938472032547,False,3400,1190,0.19732969999313354,0.21710814467999115,808.262451171875,889.2749409138655
7,first_label_token,4,4096,4096,3162277.6601683795,0.19794154167175293,False,3400,1190,0.1973327398300171,0.21709387642996653,808.27490234375,889.2165244222689
7,first_label_token,5,4096,4096,1000000.0,0.1979297548532486,False,3400,1190,0.19640745222568512,0.21712921046409286,804.4849853515625,889.3612591911765
7,first_label_token,6,4096,4096,1000000.0,0.1979355663061142,False,3400,1190,0.19641351699829102,0.21722805439924994,804.5096435546875,889.7661239495799
7,first_label_token,7,4096,4096,10000000.0,0.19794300198554993,False,3400,1190,0.19766758382320404,0.2170947195101185,809.6464233398438,889.2199514180672
7,first_label_token,8,4096,4096,100000000.0,0.1979435682296753,True,3400,1190,0.19781175255775452,0.21712033728591534,810.2369384765625,889.3248621323529
7,first_label_token,9,4096,4096,100000000.0,0.19794361293315887,True,3400,1190,0.1978117972612381,0.2171174217672909,810.2369995117188,889.3129726890757
7,first_label_token,10,4096,4096,100000000.0,0.19794359803199768,True,3400,1190,0.1978117674589157,0.21711665081376788,810.2369995117188,889.3097820378151
7,first_label_token,11,4096,4096,100000000.0,0.19794371724128723,True,3400,1190,0.19781188666820526,0.2171162020258543,810.2374877929688,889.3079766281512
7,first_label_token,12,4096,4096,100000000.0,0.19794371724128723,True,3400,1190,0.19781185686588287,0.21711334741416097,810.2373657226562,889.2962578781512
7,first_label_token,13,4096,4096,100000000.0,0.19794371724128723,True,3400,1190,0.19781184196472168,0.2171132191890428,810.2373046875,889.2957326680672
7,first_label_token,14,4096,4096,100000000.0,0.197943776845932,True,3400,1190,0.19781188666820526,0.21711239694547252,810.2374877929688,889.2923516281512
7,first_label_token,15,4096,4096,100000000.0,0.19794373214244843,True,3400,1190,0.1978118121623993,0.21711203470951368,810.2371826171875,889.2908679096639
7,first_label_token,16,4096,4096,100000000.0,0.19794371724128723,True,3400,1190,0.1978117674589157,0.2171115779075302,810.2369995117188,889.2890231092437
7,first_label_token,17,4096,4096,100000000.0,0.19794371724128723,True,3400,1190,0.19781175255775452,0.21711153943999476,810.2369995117188,889.2888655462185
7,first_label_token,18,4096,4096,100000000.0,0.19794374704360962,True,3400,1190,0.1978117674589157,0.21711304768794726,810.2369995117188,889.2950695903361
7,first_label_token,19,4096,4096,100000000.0,0.19794370234012604,True,3400,1190,0.19781167805194855,0.21711395488065832,810.2366333007812,889.2987394957984
7,first_label_token,20,4096,4096,100000000.0,0.19794368743896484,True,3400,1190,0.19781164824962616,0.2171148957324629,810.2364501953125,889.302612920168
7,first_label_token,21,4096,4096,100000000.0,0.19794371724128723,True,3400,1190,0.19781166315078735,0.21711516179958312,810.236572265625,889.3036961659664
7,first_label_token,22,4096,4096,100000000.0,0.19794373214244843,True,3400,1190,0.19781170785427094,0.21711537657665606,810.2367553710938,889.3045758928571
7,first_label_token,23,4096,4096,100000000.0,0.1979437917470932,True,3400,1190,0.1978117972612381,0.21711582696738363,810.2371215820312,889.3064535189076
7,first_label_token,24,4096,4096,100000000.0,0.1979438066482544,True,3400,1190,0.19781184196472168,0.21711585902366318,810.2373046875,889.3065257352941
7,first_label_token,25,4096,4096,100000000.0,0.19794388115406036,True,3400,1190,0.19781191647052765,0.2171164745042304,810.237548828125,889.3090795693278
7,first_label_token,26,4096,4096,100000000.0,0.1979438066482544,True,3400,1190,0.19781185686588287,0.21711591993059431,810.2374877929688,889.3068277310924
7,first_label_token,27,4096,4096,100000000.0,0.19794388115406036,True,3400,1190,0.19781197607517242,0.21711592634185023,810.2378540039062,889.3068474264705
7,first_label_token,28,4096,4096,100000000.0,0.19794386625289917,True,3400,1190,0.19781199097633362,0.2171162629327854,810.2379150390625,889.308212972689
7,last_label_token,0,4096,4096,100000000.0,0.19794386625289917,True,3400,1190,0.19781163334846497,0.21711912075010667,810.2364501953125,889.3199514180673
7,last_label_token,1,4096,4096,100000000.0,0.1979438066482544,True,3400,1190,0.19781173765659332,0.21711925538648078,810.2368774414062,889.320450367647
7,last_label_token,2,4096,4096,100000000.0,0.197943776845932,True,3400,1190,0.1978118121623993,0.21711579491110408,810.2371826171875,889.3063222163865
7,last_label_token,3,4096,4096,100000000.0,0.19794361293315887,True,3400,1190,0.19781163334846497,0.21711608021199202,810.2365112304688,889.3074645483193
7,last_label_token,4,4096,4096,100000000.0,0.19794359803199768,True,3400,1190,0.19781158864498138,0.2171158157476858,810.2362670898438,889.3063944327731
7,last_label_token,5,4096,4096,1000000.0,0.19793809950351715,False,3400,1190,0.19638697803020477,0.21700623776732372,804.4010620117188,888.8575367647059
7,last_label_token,6,4096,4096,3162277.6601683795,0.1979421228170395,False,3400,1190,0.19733302295207977,0.21703224823254497,808.2760009765625,888.9640821953782
7,last_label_token,7,4096,4096,31622776.60168379,0.19794350862503052,False,3400,1190,0.19777633249759674,0.2170867423049542,810.0918579101562,889.1873030462185
7,last_label_token,8,4096,4096,100000000.0,0.197943776845932,True,3400,1190,0.19781194627285004,0.21711279764896682,810.2377319335938,889.2940323004202
7,last_label_token,9,4096,4096,100000000.0,0.19794364273548126,True,3400,1190,0.1978118121623993,0.21710859987916065,810.2371826171875,889.2767857142857
7,last_label_token,10,4096,4096,100000000.0,0.1979438066482544,True,3400,1190,0.19781199097633362,0.21710815109124704,810.2379150390625,889.2749868697479
7,last_label_token,11,4096,4096,100000000.0,0.1979440450668335,True,3400,1190,0.19781218469142914,0.21710873451553472,810.23876953125,889.2773831407563
7,last_label_token,12,4096,4096,100000000.0,0.19794389605522156,True,3400,1190,0.197812020778656,0.2171069842426717,810.2381591796875,889.2702271533614
7,last_label_token,13,4096,4096,100000000.0,0.19794371724128723,True,3400,1190,0.19781188666820526,0.21710655308571183,810.2374877929688,889.2684217436974
7,last_label_token,14,4096,4096,100000000.0,0.1979438215494156,True,3400,1190,0.19781193137168884,0.21710570359430392,810.2377319335938,889.2649422268908
7,last_label_token,15,4096,4096,100000000.0,0.1979437917470932,True,3400,1190,0.19781191647052765,0.21710688326539113,810.2376098632812,889.2698266806723
7,last_label_token,16,4096,4096,100000000.0,0.197943776845932,True,3400,1190,0.19781184196472168,0.2171049823280142,810.2373046875,889.2620207457983
7,last_label_token,17,4096,4096,100000000.0,0.19794373214244843,True,3400,1190,0.1978117674589157,0.21710473389184776,810.2369995117188,889.2609703256303
7,last_label_token,18,4096,4096,100000000.0,0.1979437917470932,True,3400,1190,0.1978117972612381,0.21710599530644778,810.2371215820312,889.266150210084
7,last_label_token,19,4096,4096,100000000.0,0.19794371724128723,True,3400,1190,0.19781173765659332,0.21710736571239825,810.23681640625,889.2717765231092
7,last_label_token,20,4096,4096,100000000.0,0.197943776845932,True,3400,1190,0.19781170785427094,0.21710835304580817,810.2367553710938,889.2758272058824
7,last_label_token,21,4096,4096,100000000.0,0.19794388115406036,True,3400,1190,0.1978117674589157,0.2171085678228811,810.2371215820312,889.2767003676471
7,last_label_token,22,4096,4096,100000000.0,0.19794388115406036,True,3400,1190,0.1978117972612381,0.2171092634441472,810.2371215820312,889.2795365021009
7,last_label_token,23,4096,4096,100000000.0,0.19794386625289917,True,3400,1190,0.19781173765659332,0.21711012255243894,810.2369384765625,889.2830554096639
7,last_label_token,24,4096,4096,100000000.0,0.19794388115406036,True,3400,1190,0.19781173765659332,0.21710991739224986,810.2368774414062,889.2821691176471
7,last_label_token,25,4096,4096,100000000.0,0.19794388115406036,True,3400,1190,0.19781170785427094,0.21711012896369486,810.2367553710938,889.2831144957984
7,last_label_token,26,4096,4096,100000000.0,0.1979438066482544,True,3400,1190,0.19781166315078735,0.21710945738463844,810.2365112304688,889.2803702731093
7,last_label_token,27,4096,4096,100000000.0,0.1979438066482544,True,3400,1190,0.19781166315078735,0.21710903905019038,810.236572265625,889.2786042542017
7,last_label_token,28,4096,4096,100000000.0,0.19794368743896484,True,3400,1190,0.197811558842659,0.21710879862809382,810.2361450195312,889.2776194852942
8,pre_label_token,0,4096,4096,0.1,0.19794350862503052,True,3400,1190,0.19782809913158417,0.2171173656688017,810.3038940429688,889.3127494747899
8,pre_label_token,1,4096,4096,1000000.0,0.1978885680437088,False,3400,1190,0.1967313140630722,0.2162658627293691,805.8114624023438,885.8249606092437
8,pre_label_token,2,4096,4096,316227.7660168379,0.1978118121623993,False,3400,1190,0.19543689489364624,0.21599213415835083,800.509521484375,884.7037618172269
8,pre_label_token,3,4096,4096,316227.7660168379,0.19781945645809174,False,3400,1190,0.1954430788755417,0.21602500146176634,800.5349731445312,884.838412552521
8,pre_label_token,4,4096,4096,3162277.6601683795,0.19792509078979492,False,3400,1190,0.19742369651794434,0.21630812893394663,808.6474609375,885.9980895483193
8,pre_label_token,5,4096,4096,3162277.6601683795,0.19792838394641876,False,3400,1190,0.19742156565189362,0.21641024100680312,808.638671875,886.4163405987395
8,pre_label_token,6,4096,4096,3162277.6601683795,0.19793207943439484,False,3400,1190,0.19741317629814148,0.21629968691272897,808.6043701171875,885.963543855042
8,pre_label_token,7,4096,4096,10000000.0,0.19793915748596191,False,3400,1190,0.19767896831035614,0.21671775689645975,809.6930541992188,887.6759322478991
8,pre_label_token,8,4096,4096,10000000.0,0.19794005155563354,False,3400,1190,0.19767825305461884,0.21670068372197512,809.690185546875,887.6060136554622
8,pre_label_token,9,4096,4096,10000000.0,0.1979418843984604,False,3400,1190,0.19768205285072327,0.21657260606268874,809.7056884765625,887.0813550420168
8,pre_label_token,10,4096,4096,31622776.60168379,0.19794313609600067,False,3400,1190,0.19777967035770416,0.2169383569925773,810.10546875,888.5794905462185
8,pre_label_token,11,4096,4096,100000000.0,0.19794350862503052,True,3400,1190,0.1978125125169754,0.2170626872727851,810.2401123046875,889.0887539390757
8,pre_label_token,12,4096,4096,31622776.60168379,0.1979432851076126,False,3400,1190,0.19777967035770416,0.21697080435873078,810.1056518554688,888.7124409138655
8,pre_label_token,13,4096,4096,31622776.60168379,0.1979430764913559,False,3400,1190,0.1977796107530594,0.21698582112288275,810.1052856445312,888.7739364495799
8,pre_label_token,14,4096,4096,100000000.0,0.19794383645057678,True,3400,1190,0.19781295955181122,0.21707998964966846,810.2418212890625,889.1596441701681
8,pre_label_token,15,4096,4096,100000000.0,0.1979438066482544,True,3400,1190,0.1978129744529724,0.21708129754587382,810.2420043945312,889.1649881827731
8,pre_label_token,16,4096,4096,100000000.0,0.19794392585754395,True,3400,1190,0.1978130340576172,0.21708152193983063,810.2421875,889.1659138655463
8,pre_label_token,17,4096,4096,100000000.0,0.19794407486915588,True,3400,1190,0.19781310856342316,0.21708782741001675,810.2423706054688,889.1917148109244
8,pre_label_token,18,4096,4096,100000000.0,0.1979440301656723,True,3400,1190,0.19781295955181122,0.2170889958614061,810.2418823242188,889.1965204831932
8,pre_label_token,19,4096,4096,100000000.0,0.19794411957263947,True,3400,1190,0.1978129893541336,0.21708938534520253,810.2420043945312,889.1981158088236
8,pre_label_token,20,4096,4096,100000000.0,0.19794397056102753,True,3400,1190,0.19781263172626495,0.21709343245049484,810.2405395507812,889.2146927521009
8,pre_label_token,21,4096,4096,100000000.0,0.19794392585754395,True,3400,1190,0.19781258702278137,0.21709531896254597,810.2403564453125,889.2224592962185
8,pre_label_token,22,4096,4096,100000000.0,0.19794371724128723,True,3400,1190,0.1978122442960739,0.21709653549835461,810.2389526367188,889.2274290966386
8,pre_label_token,23,4096,4096,100000000.0,0.19794370234012604,True,3400,1190,0.19781213998794556,0.21709797642812007,810.2385864257812,889.2333114495798
8,pre_label_token,24,4096,4096,100000000.0,0.19794370234012604,True,3400,1190,0.19781209528446198,0.21709923944553408,810.2383422851562,889.2385241596638
8,pre_label_token,25,4096,4096,100000000.0,0.19794371724128723,True,3400,1190,0.19781211018562317,0.21710003123563879,810.2384033203125,889.2417476365546
8,pre_label_token,26,4096,4096,100000000.0,0.1979438215494156,True,3400,1190,0.1978122442960739,0.21710150582449778,810.2389526367188,889.2477744222689
8,pre_label_token,27,4096,4096,100000000.0,0.19794400036334991,True,3400,1190,0.19781240820884705,0.21710136477686778,810.2396240234375,889.2471835609243
8,pre_label_token,28,4096,4096,100000000.0,0.19794413447380066,True,3400,1190,0.19781245291233063,0.21709972670098313,810.2398071289062,889.2404674369748
8,first_label_token,0,4096,4096,100000000.0,0.1979440450668335,True,3400,1190,0.19781310856342316,0.21711472903980927,810.2424926757812,889.3019235819328
8,first_label_token,1,4096,4096,100000000.0,0.19794407486915588,True,3400,1190,0.19781331717967987,0.2171118167268128,810.2432250976562,889.2899947478992
8,first_label_token,2,4096,4096,100000000.0,0.19794392585754395,True,3400,1190,0.19781316816806793,0.2171112060546875,810.2427368164062,889.2875196953781
8,first_label_token,3,4096,4096,100000000.0,0.19794388115406036,True,3400,1190,0.19781310856342316,0.21710962728292,810.2424926757812,889.2810399159664
8,first_label_token,4,4096,4096,100000000.0,0.19794398546218872,True,3400,1190,0.19781319797039032,0.21710944776775457,810.2428588867188,889.2802980567227
8,first_label_token,5,4096,4096,100000000.0,0.19794416427612305,True,3400,1190,0.1978132426738739,0.21710927947228695,810.2430419921875,889.2796218487395
8,first_label_token,6,4096,4096,100000000.0,0.19794400036334991,True,3400,1190,0.197813019156456,0.21710857263132305,810.2421264648438,889.2767331932773
8,first_label_token,7,4096,4096,100000000.0,0.19794397056102753,True,3400,1190,0.1978129893541336,0.21710282173477302,810.2420043945312,889.2531446953782
8,first_label_token,8,4096,4096,100000000.0,0.19794397056102753,True,3400,1190,0.1978129744529724,0.21710229120334656,810.2420043945312,889.2509519432773
8,first_label_token,9,4096,4096,100000000.0,0.19794365763664246,True,3400,1190,0.19781260192394257,0.21709970426158745,810.2404174804688,889.2403820903361
8,first_label_token,10,4096,4096,100000000.0,0.19794364273548126,True,3400,1190,0.1978125274181366,0.21710034218155036,810.2401123046875,889.2430212710084
8,first_label_token,11,4096,4096,100000000.0,0.19794370234012604,True,3400,1190,0.1978125125169754,0.21710257970986246,810.239990234375,889.2521796218488
8,first_label_token,12,4096,4096,100000000.0,0.19794389605522156,True,3400,1190,0.19781270623207092,0.21710194178989956,810.2408447265625,889.2495667016807
8,first_label_token,13,4096,4096,100000000.0,0.19794407486915588,True,3400,1190,0.19781285524368286,0.21710168854529116,810.241455078125,889.2485162815126
8,first_label_token,14,4096,4096,100000000.0,0.1979440450668335,True,3400,1190,0.1978127360343933,0.2171026470280495,810.2411499023438,889.2524422268907
8,first_label_token,15,4096,4096,100000000.0,0.19794400036334991,True,3400,1190,0.19781272113323212,0.21710205719250592,810.2409057617188,889.25
8,first_label_token,16,4096,4096,100000000.0,0.19794408977031708,True,3400,1190,0.19781281054019928,0.2171020026968307,810.2412719726562,889.2498227415966
8,first_label_token,17,4096,4096,100000000.0,0.1979440450668335,True,3400,1190,0.1978127807378769,0.21710212611350693,810.2410888671875,889.2503085609244
8,first_label_token,18,4096,4096,100000000.0,0.1979440599679947,True,3400,1190,0.19781270623207092,0.21710336188308332,810.2408447265625,889.2553571428572
8,first_label_token,19,4096,4096,100000000.0,0.1979440301656723,True,3400,1190,0.19781267642974854,0.21710453033447266,810.24072265625,889.2601365546218
8,first_label_token,20,4096,4096,100000000.0,0.19794397056102753,True,3400,1190,0.19781258702278137,0.2171060786527746,810.2403564453125,889.266537552521
8,first_label_token,21,4096,4096,100000000.0,0.19794389605522156,True,3400,1190,0.1978125274181366,0.21710614917658957,810.2401123046875,889.2668067226891
8,first_label_token,22,4096,4096,100000000.0,0.19794395565986633,True,3400,1190,0.1978125274181366,0.21710707560306838,810.2401123046875,889.270568539916
8,first_label_token,23,4096,4096,100000000.0,0.19794389605522156,True,3400,1190,0.1978124976158142,0.2171074586756089,810.239990234375,889.2721507352941
8,first_label_token,24,4096,4096,100000000.0,0.19794386625289917,True,3400,1190,0.19781245291233063,0.21710745386716698,810.2398071289062,889.27212447479
8,first_label_token,25,4096,4096,100000000.0,0.19794389605522156,True,3400,1190,0.19781246781349182,0.21710765742454208,810.2398071289062,889.2729648109243
8,first_label_token,26,4096,4096,100000000.0,0.19794389605522156,True,3400,1190,0.1978124976158142,0.21710754522756368,810.239990234375,889.272524947479
8,first_label_token,27,4096,4096,100000000.0,0.19794388115406036,True,3400,1190,0.1978124976158142,0.21710729358576927,810.239990234375,889.2714613970588
8,first_label_token,28,4096,4096,100000000.0,0.1979437917470932,True,3400,1190,0.19781234860420227,0.2171055737663718,810.2394409179688,889.264449842437
8,last_label_token,0,4096,4096,100000000.0,0.19794386625289917,True,3400,1190,0.197813019156456,0.21711435077571067,810.2421264648438,889.3003873424369
8,last_label_token,1,4096,4096,100000000.0,0.19794370234012604,True,3400,1190,0.1978130340576172,0.21711177665646336,810.2421875,889.28984375
8,last_label_token,2,4096,4096,100000000.0,0.19794371724128723,True,3400,1190,0.19781295955181122,0.2171094942493599,810.2418823242188,889.2805081407563
8,last_label_token,3,4096,4096,100000000.0,0.19794371724128723,True,3400,1190,0.19781285524368286,0.21710844761183282,810.241455078125,889.2762145483193
8,last_label_token,4,4096,4096,100000000.0,0.19794364273548126,True,3400,1190,0.19781270623207092,0.21711093678193935,810.2409057617188,889.2863970588236
8,last_label_token,5,4096,4096,100000000.0,0.19794383645057678,True,3400,1190,0.19781292974948883,0.2171083450317383,810.2418212890625,889.2757943802521
8,last_label_token,6,4096,4096,100000000.0,0.19794371724128723,True,3400,1190,0.19781279563903809,0.21710587830102746,810.2412719726562,889.2656840861345
8,last_label_token,7,4096,4096,100000000.0,0.19794383645057678,True,3400,1190,0.197813019156456,0.21709863839029264,810.2421264648438,889.2360097163865
8,last_label_token,8,4096,4096,100000000.0,0.19794386625289917,True,3400,1190,0.1978130340576172,0.21709750840643874,810.2421264648438,889.2313944327731
8,last_label_token,9,4096,4096,100000000.0,0.19794371724128723,True,3400,1190,0.19781285524368286,0.21709491184779575,810.241455078125,889.2207851890756
8,last_label_token,10,4096,4096,100000000.0,0.19794365763664246,True,3400,1190,0.1978127807378769,0.21709468585102498,810.2411499023438,889.2198398109243
8,last_label_token,11,4096,4096,100000000.0,0.1979438066482544,True,3400,1190,0.19781285524368286,0.21709649222237723,810.241455078125,889.2272584033614
8,last_label_token,12,4096,4096,100000000.0,0.19794386625289917,True,3400,1190,0.19781287014484406,0.21709632232409565,810.2415161132812,889.2265099789915
8,last_label_token,13,4096,4096,100000000.0,0.19794386625289917,True,3400,1190,0.19781285524368286,0.21709545199610605,810.241455078125,889.2229713760504
8,last_label_token,14,4096,4096,100000000.0,0.19794389605522156,True,3400,1190,0.19781289994716644,0.21709620211304737,810.2417602539062,889.2260307247899
8,last_label_token,15,4096,4096,100000000.0,0.19794395565986633,True,3400,1190,0.19781292974948883,0.21709595848532284,810.2417602539062,889.2250262605043
8,last_label_token,16,4096,4096,100000000.0,0.19794389605522156,True,3400,1190,0.19781287014484406,0.21709560746906184,810.2415161132812,889.2236081932773
8,last_label_token,17,4096,4096,100000000.0,0.19794391095638275,True,3400,1190,0.19781288504600525,0.2170956892125747,810.2415771484375,889.2239101890756
8,last_label_token,18,4096,4096,100000000.0,0.19794386625289917,True,3400,1190,0.1978127807378769,0.21709674546698562,810.2411499023438,889.228249737395
8,last_label_token,19,4096,4096,100000000.0,0.19794389605522156,True,3400,1190,0.1978127807378769,0.21709851176798844,810.2410888671875,889.2354845063026
8,last_label_token,20,4096,4096,100000000.0,0.19794389605522156,True,3400,1190,0.19781270623207092,0.21709927631025555,810.2408447265625,889.2386357668067
8,last_label_token,21,4096,4096,100000000.0,0.1979440301656723,True,3400,1190,0.1978127658367157,0.21709929874965123,810.2411499023438,889.2387408088235
8,last_label_token,22,4096,4096,100000000.0,0.19794397056102753,True,3400,1190,0.19781270623207092,0.21710024440989775,810.2408447265625,889.2425879726891
8,last_label_token,23,4096,4096,100000000.0,0.19794398546218872,True,3400,1190,0.19781264662742615,0.21710116763074858,810.24072265625,889.2463826155462
8,last_label_token,24,4096,4096,100000000.0,0.19794395565986633,True,3400,1190,0.19781260192394257,0.21710102177467666,810.240478515625,889.2457786239496
8,last_label_token,25,4096,4096,100000000.0,0.19794389605522156,True,3400,1190,0.19781255722045898,0.21710149460479994,810.240234375,889.2477087710084
8,last_label_token,26,4096,4096,100000000.0,0.19794391095638275,True,3400,1190,0.19781260192394257,0.217101419272543,810.2404174804688,889.2473870798319
8,last_label_token,27,4096,4096,100000000.0,0.19794386625289917,True,3400,1190,0.19781255722045898,0.21710189210266626,810.240234375,889.2493369222689
8,last_label_token,28,4096,4096,100000000.0,0.197943776845932,True,3400,1190,0.19781245291233063,0.2171015170441956,810.2398681640625,889.2478006827731
9,pre_label_token,0,4096,4096,0.1,0.19794350862503052,True,3400,1190,0.19782809913158417,0.2171173656688017,810.3038940429688,889.3127494747899
9,pre_label_token,1,4096,4096,10000000.0,0.1979377418756485,False,3400,1190,0.1976841688156128,0.21690296044870586,809.71435546875,888.4345194327731
9,pre_label_token,2,4096,4096,3162277.6601683795,0.19792203605175018,False,3400,1190,0.19744965434074402,0.21637490697267678,808.7537841796875,886.2715992647059
9,pre_label_token,3,4096,4096,1000000.0,0.19791826605796814,False,3400,1190,0.19688791036605835,0.2160311851180902,806.452880859375,884.8637342436974
9,pre_label_token,4,4096,4096,10000000.0,0.1979389786720276,False,3400,1190,0.19768507778644562,0.21675825680003447,809.7180786132812,887.8418461134454
9,pre_label_token,5,4096,4096,10000000.0,0.19794170558452606,False,3400,1190,0.19768647849559784,0.21676624201926864,809.7238159179688,887.8745470063026
9,pre_label_token,6,4096,4096,100000000.0,0.19794335961341858,True,3400,1190,0.1978127360343933,0.21707669586694542,810.240966796875,889.1461462710084
9,pre_label_token,7,4096,4096,100000000.0,0.19794359803199768,True,3400,1190,0.19781264662742615,0.2170740448126272,810.2406005859375,889.1352744222689
9,pre_label_token,8,4096,4096,100000000.0,0.1979435384273529,True,3400,1190,0.19781240820884705,0.21706987909910058,810.239501953125,889.1182182247899
9,pre_label_token,9,4096,4096,100000000.0,0.19794361293315887,True,3400,1190,0.19781261682510376,0.21705581921489298,810.2405395507812,889.0606223739496
9,pre_label_token,10,4096,4096,100000000.0,0.19794359803199768,True,3400,1190,0.1978125423192978,0.21705835646941882,810.2401733398438,889.0710084033614
9,pre_label_token,11,4096,4096,100000000.0,0.19794347882270813,True,3400,1190,0.19781234860420227,0.21706090814927045,810.2393798828125,889.081512605042
9,pre_label_token,12,4096,4096,31622776.60168379,0.19794338941574097,False,3400,1190,0.19777925312519073,0.21696902844084412,810.1036987304688,888.7051601890756
9,pre_label_token,13,4096,4096,100000000.0,0.19794341921806335,True,3400,1190,0.1978122591972351,0.21707310716645056,810.2389526367188,889.1314535189076
9,pre_label_token,14,4096,4096,100000000.0,0.19794368743896484,True,3400,1190,0.19781246781349182,0.2170790824569574,810.239990234375,889.1559086134454
9,pre_label_token,15,4096,4096,100000000.0,0.1979438215494156,True,3400,1190,0.19781263172626495,0.21708077182288932,810.2405395507812,889.1628545168068
9,pre_label_token,16,4096,4096,100000000.0,0.19794395565986633,True,3400,1190,0.19781263172626495,0.2170831231509938,810.2405395507812,889.1724789915967
9,pre_label_token,17,4096,4096,100000000.0,0.1979440599679947,True,3400,1190,0.19781270623207092,0.21708885641659006,810.2408447265625,889.195969012605
9,pre_label_token,18,4096,4096,100000000.0,0.19794417917728424,True,3400,1190,0.1978127807378769,0.21709077819054867,810.2411499023438,889.2038471638656
9,pre_label_token,19,4096,4096,100000000.0,0.19794414937496185,True,3400,1190,0.1978127807378769,0.21709135199795251,810.2411499023438,889.2061712184874
9,pre_label_token,20,4096,4096,100000000.0,0.1979442685842514,True,3400,1190,0.1978127807378769,0.21709576775045955,810.2412109375,889.2242844012605
9,pre_label_token,21,4096,4096,100000000.0,0.1979442983865738,True,3400,1190,0.19781281054019928,0.21709911602885784,810.2412719726562,889.2379989495798
9,pre_label_token,22,4096,4096,100000000.0,0.1979442983865738,True,3400,1190,0.1978127807378769,0.2171000664975463,810.2411499023438,889.2418526785714
9,pre_label_token,23,4096,4096,100000000.0,0.19794422388076782,True,3400,1190,0.1978127360343933,0.21710196903773715,810.2410888671875,889.2496717436975
9,pre_label_token,24,4096,4096,100000000.0,0.19794414937496185,True,3400,1190,0.19781267642974854,0.21710325930298877,810.24072265625,889.254950105042
9,pre_label_token,25,4096,4096,100000000.0,0.19794411957263947,True,3400,1190,0.19781263172626495,0.2171049550801766,810.2405395507812,889.2618434873949
9,pre_label_token,26,4096,4096,100000000.0,0.19794414937496185,True,3400,1190,0.19781264662742615,0.2171057901462587,810.24072265625,889.2652901785714
9,pre_label_token,27,4096,4096,100000000.0,0.19794420897960663,True,3400,1190,0.19781261682510376,0.2171044918669372,810.240478515625,889.2599789915967
9,pre_label_token,28,4096,4096,100000000.0,0.1979442536830902,True,3400,1190,0.19781255722045898,0.21710575969279314,810.2403564453125,889.2651654411765
9,first_label_token,0,4096,4096,3162277.6601683795,0.19794031977653503,False,3400,1190,0.19734396040439606,0.2169380909254571,808.3208618164062,888.5784007352942
9,first_label_token,1,4096,4096,3162277.6601683795,0.1979416161775589,False,3400,1190,0.19735942780971527,0.21681934484914572,808.3842163085938,888.092049632353
9,first_label_token,2,4096,4096,3162277.6601683795,0.19793960452079773,False,3400,1190,0.19735386967658997,0.21678108888513903,808.3614501953125,887.9353335084033
9,first_label_token,3,4096,4096,10000000.0,0.1979428082704544,False,3400,1190,0.19767320156097412,0.21699617049273323,809.66943359375,888.8163209033613
9,first_label_token,4,4096,4096,100000000.0,0.1979435235261917,True,3400,1190,0.19781246781349182,0.21710398217209248,810.239990234375,889.2579175420168
9,first_label_token,5,4096,4096,100000000.0,0.19794371724128723,True,3400,1190,0.19781270623207092,0.2171047803734531,810.2407836914062,889.2611738445378
9,first_label_token,6,4096,4096,100000000.0,0.1979437917470932,True,3400,1190,0.19781270623207092,0.2171032721255006,810.2408447265625,889.2550026260504
9,first_label_token,7,4096,4096,100000000.0,0.19794400036334991,True,3400,1190,0.19781292974948883,0.21710321442419742,810.2416381835938,889.2547203256303
9,first_label_token,8,4096,4096,100000000.0,0.1979440599679947,True,3400,1190,0.19781292974948883,0.21710419534635142,810.2417602539062,889.2588103991596
9,first_label_token,9,4096,4096,100000000.0,0.1979438066482544,True,3400,1190,0.19781267642974854,0.21709972349535517,810.24072265625,889.2404805672269
9,first_label_token,10,4096,4096,100000000.0,0.1979440450668335,True,3400,1190,0.19781288504600525,0.21709930355809315,810.2415771484375,889.2387473739495
9,first_label_token,11,4096,4096,100000000.0,0.19794400036334991,True,3400,1190,0.19781279563903809,0.2171009352227219,810.2411499023438,889.2454306722689
9,first_label_token,12,4096,4096,100000000.0,0.1979440599679947,True,3400,1190,0.19781281054019928,0.21709960007867893,810.2412719726562,889.239968487395
9,first_label_token,13,4096,4096,100000000.0,0.19794408977031708,True,3400,1190,0.1978127360343933,0.2170986912831539,810.240966796875,889.2362263655463
9,first_label_token,14,4096,4096,100000000.0,0.19794408977031708,True,3400,1190,0.19781270623207092,0.21709854863270991,810.2408447265625,889.235674894958
9,first_label_token,15,4096,4096,100000000.0,0.19794407486915588,True,3400,1190,0.19781264662742615,0.21709884194766774,810.2405395507812,889.2368631827732
9,first_label_token,16,4096,4096,100000000.0,0.19794413447380066,True,3400,1190,0.19781267642974854,0.2170998549261013,810.24072265625,889.2409926470589
9,first_label_token,17,4096,4096,100000000.0,0.1979440599679947,True,3400,1190,0.19781263172626495,0.2170999895624754,810.2405395507812,889.2415441176471
9,first_label_token,18,4096,4096,100000000.0,0.19794398546218872,True,3400,1190,0.1978124976158142,0.21710154108640525,810.239990234375,889.247918855042
9,first_label_token,19,4096,4096,100000000.0,0.1979440301656723,True,3400,1190,0.1978125274181366,0.21710252200855928,810.2401123046875,889.2519301470588
9,first_label_token,20,4096,4096,100000000.0,0.19794413447380066,True,3400,1190,0.19781261682510376,0.21710344362659614,810.240478515625,889.2557247899159
9,first_label_token,21,4096,4096,100000000.0,0.19794408977031708,True,3400,1190,0.19781261682510376,0.21710292271205356,810.240478515625,889.2535845588235
9,first_label_token,22,4096,4096,100000000.0,0.1979440599679947,True,3400,1190,0.19781258702278137,0.21710320480731354,810.2404174804688,889.2547137605042
9,first_label_token,23,4096,4096,100000000.0,0.1979440301656723,True,3400,1190,0.19781255722045898,0.21710382189069474,810.240234375,889.2572675945378
9,first_label_token,24,4096,4096,100000000.0,0.19794397056102753,True,3400,1190,0.1978125274181366,0.21710472587777788,810.2401123046875,889.2609637605042
9,first_label_token,25,4096,4096,100000000.0,0.19794400036334991,True,3400,1190,0.1978125274181366,0.2171042674729804,810.2401123046875,889.2590795693277
9,first_label_token,26,4096,4096,100000000.0,0.1979440301656723,True,3400,1190,0.19781258702278137,0.21710385715260225,810.240234375,889.2574185924369
9,first_label_token,27,4096,4096,100000000.0,0.19794414937496185,True,3400,1190,0.19781263172626495,0.21710406231279133,810.2405395507812,889.2582195378151
9,first_label_token,28,4096,4096,100000000.0,0.19794417917728424,True,3400,1190,0.19781267642974854,0.21710319679324366,810.2406005859375,889.2547137605042
9,last_label_token,0,4096,4096,3162277.6601683795,0.19794052839279175,False,3400,1190,0.19734854996204376,0.2169218624339384,808.3396606445312,888.5119485294117
9,last_label_token,1,4096,4096,100000000.0,0.19794365763664246,True,3400,1190,0.19781294465065002,0.2171079795901515,810.2418823242188,889.2742712710084
9,last_label_token,2,4096,4096,100000000.0,0.1979435682296753,True,3400,1190,0.19781267642974854,0.2171063495283367,810.24072265625,889.2676470588235
9,last_label_token,3,4096,4096,100000000.0,0.1979435384273529,True,3400,1190,0.19781258702278137,0.21710671176429555,810.2404174804688,889.2691242121849
9,last_label_token,4,4096,4096,100000000.0,0.19794371724128723,True,3400,1190,0.19781269133090973,0.21710778404684627,810.2408447265625,889.2735031512605
9,last_label_token,5,4096,4096,100000000.0,0.197943776845932,True,3400,1190,0.19781281054019928,0.21710645210843127,810.2412109375,889.2680737920168
9,last_label_token,6,4096,4096,100000000.0,0.19794389605522156,True,3400,1190,0.19781285524368286,0.2171051313897141,810.2415161132812,889.2625984768907
9,last_label_token,7,4096,4096,100000000.0,0.19794417917728424,True,3400,1190,0.19781316816806793,0.21710221747390362,810.2427368164062,889.2507090336135
9,last_label_token,8,4096,4096,100000000.0,0.1979442983865738,True,3400,1190,0.1978132277727127,0.21710269190684087,810.2430419921875,889.2526194852941
9,last_label_token,9,4096,4096,100000000.0,0.19794392585754395,True,3400,1190,0.19781294465065002,0.2170977840904428,810.2418212890625,889.2325236344537
9,last_label_token,10,4096,4096,100000000.0,0.19794411957263947,True,3400,1190,0.19781307876110077,0.21709783698330407,810.2423095703125,889.2327468487395
9,last_label_token,11,4096,4096,100000000.0,0.19794413447380066,True,3400,1190,0.19781306385993958,0.21709821043896074,810.2423095703125,889.234237132353
9,last_label_token,12,4096,4096,100000000.0,0.19794411957263947,True,3400,1190,0.197813019156456,0.21709622294962908,810.2421264648438,889.2261357668067
9,last_label_token,13,4096,4096,100000000.0,0.1979440599679947,True,3400,1190,0.19781292974948883,0.21709581743769285,810.2417602539062,889.2244550945378
9,last_label_token,14,4096,4096,100000000.0,0.1979440450668335,True,3400,1190,0.19781288504600525,0.21709457365404658,810.2415771484375,889.2193605567227
9,last_label_token,15,4096,4096,100000000.0,0.19794400036334991,True,3400,1190,0.19781285524368286,0.21709489902528395,810.241455078125,889.2207261029412
9,last_label_token,16,4096,4096,100000000.0,0.1979440301656723,True,3400,1190,0.19781279563903809,0.21709516348959018,810.2412109375,889.2217896533614
9,last_label_token,17,4096,4096,100000000.0,0.19794392585754395,True,3400,1190,0.1978127807378769,0.21709502564758815,810.2411499023438,889.2212184873949
9,last_label_token,18,4096,4096,100000000.0,0.19794389605522156,True,3400,1190,0.19781260192394257,0.21709562830564355,810.2404174804688,889.2237329306722
9,last_label_token,19,4096,4096,100000000.0,0.19794400036334991,True,3400,1190,0.19781263172626495,0.21709720066615512,810.2406005859375,889.2301404936975
9,last_label_token,20,4096,4096,100000000.0,0.1979440301656723,True,3400,1190,0.19781261682510376,0.2170982264671005,810.240478515625,889.2343618697479
9,last_label_token,21,4096,4096,100000000.0,0.19794392585754395,True,3400,1190,0.1978125274181366,0.2170980725969587,810.2401123046875,889.2337381827731
9,last_label_token,22,4096,4096,100000000.0,0.19794392585754395,True,3400,1190,0.19781246781349182,0.2170988018773183,810.2398071289062,889.2366990546218
9,last_label_token,23,4096,4096,100000000.0,0.19794391095638275,True,3400,1190,0.19781242311000824,0.21709996391745173,810.2396850585938,889.2414587710084
9,last_label_token,24,4096,4096,100000000.0,0.19794389605522156,True,3400,1190,0.19781237840652466,0.21710109069567768,810.239501953125,889.2460543592437
9,last_label_token,25,4096,4096,100000000.0,0.19794389605522156,True,3400,1190,0.19781237840652466,0.21710082462855748,810.239501953125,889.2449973739496
9,last_label_token,26,4096,4096,100000000.0,0.19794395565986633,True,3400,1190,0.19781242311000824,0.21710013381573331,810.2396850585938,889.2421612394958
9,last_label_token,27,4096,4096,100000000.0,0.19794397056102753,True,3400,1190,0.19781245291233063,0.21709924906241793,810.2398071289062,889.2385307247899
9,last_label_token,28,4096,4096,100000000.0,0.19794392585754395,True,3400,1190,0.19781236350536346,0.21709836430910254,810.239501953125,889.2348739495799
10,pre_label_token,0,4096,4096,0.1,0.19794350862503052,True,3400,1190,0.19782809913158417,0.2171173656688017,810.3038940429688,889.3127494747899
10,pre_label_token,1,4096,4096,3162277.6601683795,0.1979246288537979,False,3400,1190,0.19741541147232056,0.2165033100032005,808.613525390625,886.7975643382352
10,pre_label_token,2,4096,4096,1000000.0,0.1978898048400879,False,3400,1190,0.1968664675951004,0.21575603324826023,806.3650512695312,883.7367121848739
10,pre_label_token,3,4096,4096,1000000.0,0.19787926971912384,False,3400,1190,0.1968548446893692,0.21578664378959592,806.3174438476562,883.8620929621849
10,pre_label_token,4,4096,4096,3162277.6601683795,0.19793426990509033,False,3400,1190,0.197431743144989,0.21623416227452896,808.6804809570312,885.6951221113445
10,pre_label_token,5,4096,4096,10000000.0,0.19793668389320374,False,3400,1190,0.19768126308918,0.2167428473464581,809.7024536132812,887.7787158613445
10,pre_label_token,6,4096,4096,10000000.0,0.19794009625911713,False,3400,1190,0.19768336415290833,0.21673768307982372,809.7111206054688,887.7575564600841
10,pre_label_token,7,4096,4096,10000000.0,0.19794242084026337,False,3400,1190,0.1976831704378128,0.2167180405945337,809.7102661132812,887.6771139705883
10,pre_label_token,8,4096,4096,10000000.0,0.19793951511383057,False,3400,1190,0.1976783275604248,0.21669355440540475,809.6904296875,887.5767922794117
10,pre_label_token,9,4096,4096,10000000.0,0.19794081151485443,False,3400,1190,0.19768105447292328,0.21658990042550222,809.7015991210938,887.152205882353
10,pre_label_token,10,4096,4096,31622776.60168379,0.19794312119483948,False,3400,1190,0.19777971506118774,0.2169369481190914,810.1057739257812,888.5737394957983
10,pre_label_token,11,4096,4096,100000000.0,0.19794343411922455,True,3400,1190,0.19781242311000824,0.21706246608445626,810.2396850585938,889.0878479516807
10,pre_label_token,12,4096,4096,100000000.0,0.19794361293315887,True,3400,1190,0.19781263172626495,0.21707169027889475,810.2405395507812,889.125656512605
10,pre_label_token,13,4096,4096,100000000.0,0.19794361293315887,True,3400,1190,0.19781260192394257,0.21707617655521683,810.2403564453125,889.1440191701681
10,pre_label_token,14,4096,4096,100000000.0,0.1979438066482544,True,3400,1190,0.19781267642974854,0.2170831856607389,810.24072265625,889.1727153361345
10,pre_label_token,15,4096,4096,100000000.0,0.1979438066482544,True,3400,1190,0.19781267642974854,0.217084371743082,810.24072265625,889.1775800945378
10,pre_label_token,16,4096,4096,100000000.0,0.19794386625289917,True,3400,1190,0.19781270623207092,0.21708676474434987,810.2408447265625,889.1873949579832
10,pre_label_token,17,4096,4096,100000000.0,0.19794361293315887,True,3400,1190,0.19781242311000824,0.21709242748613117,810.2396850585938,889.2105961134454
10,pre_label_token,18,4096,4096,100000000.0,0.1979438066482544,True,3400,1190,0.1978125125169754,0.21709317279463056,810.239990234375,889.2136226365546
10,pre_label_token,19,4096,4096,100000000.0,0.19794373214244843,True,3400,1190,0.19781242311000824,0.21709302693855861,810.2396850585938,889.2130252100841
10,pre_label_token,20,4096,4096,100000000.0,0.19794359803199768,True,3400,1190,0.19781197607517242,0.21709682560768448,810.2377319335938,889.2285845588235
10,pre_label_token,21,4096,4096,100000000.0,0.1979435533285141,True,3400,1190,0.19781184196472168,0.21709827935996176,810.2373046875,889.2345588235294
10,pre_label_token,22,4096,4096,100000000.0,0.19794361293315887,True,3400,1190,0.1978118121623993,0.21709957122802734,810.2371215820312,889.2398503151261
10,pre_label_token,23,4096,4096,100000000.0,0.1979435384273529,True,3400,1190,0.19781163334846497,0.21710158436238264,810.2364501953125,889.2480698529412
10,pre_label_token,24,4096,4096,100000000.0,0.1979435384273529,True,3400,1190,0.19781163334846497,0.21710281211788915,810.2364501953125,889.253125
10,pre_label_token,25,4096,4096,100000000.0,0.19794359803199768,True,3400,1190,0.19781170785427094,0.21710340355624672,810.2367553710938,889.2555540966387
10,pre_label_token,26,4096,4096,100000000.0,0.19794365763664246,True,3400,1190,0.19781166315078735,0.2171045704048221,810.2366333007812,889.2603269432773
10,pre_label_token,27,4096,4096,100000000.0,0.19794364273548126,True,3400,1190,0.19781163334846497,0.21710416008444394,810.2364501953125,889.2586331407563
10,pre_label_token,28,4096,4096,100000000.0,0.197943776845932,True,3400,1190,0.19781163334846497,0.21710378182034532,810.2364501953125,889.2571034663865
10,first_label_token,0,4096,4096,100000000.0,0.19794346392154694,True,3400,1190,0.19781216979026794,0.2171090518727022,810.2386474609375,889.2786896008404
10,first_label_token,1,4096,4096,31622776.60168379,0.19794346392154694,False,3400,1190,0.19777990877628326,0.2170783884385053,810.1064453125,889.1530724789916
10,first_label_token,2,4096,4096,100000000.0,0.19794347882270813,True,3400,1190,0.19781261682510376,0.21710350453352728,810.2404174804688,889.2559480042016
10,first_label_token,3,4096,4096,31622776.60168379,0.19794341921806335,False,3400,1190,0.19777914881706238,0.2170719258925494,810.103515625,889.1265953256302
10,first_label_token,4,4096,4096,100000000.0,0.19794350862503052,True,3400,1190,0.1978125125169754,0.21710404147620962,810.239990234375,889.2581538865546
10,first_label_token,5,4096,4096,100000000.0,0.19794361293315887,True,3400,1190,0.19781245291233063,0.21710518588538932,810.2398071289062,889.2628413865547
10,first_label_token,6,4096,4096,100000000.0,0.19794359803199768,True,3400,1190,0.19781242311000824,0.21710670535303966,810.23974609375,889.2690651260505
10,first_label_token,7,4096,4096,100000000.0,0.19794370234012604,True,3400,1190,0.1978124976158142,0.21710428991237607,810.239990234375,889.2591649159664
10,first_label_token,8,4096,4096,100000000.0,0.19794383645057678,True,3400,1190,0.1978124976158142,0.21710648416471082,810.239990234375,889.2681328781513
10,first_label_token,9,4096,4096,100000000.0,0.19794386625289917,True,3400,1190,0.19781242311000824,0.21710397095239464,810.2396240234375,889.2578518907563
10,first_label_token,10,4096,4096,100000000.0,0.19794389605522156,True,3400,1190,0.19781246781349182,0.2171044149318663,810.239990234375,889.2596966911765
10,first_label_token,11,4096,4096,100000000.0,0.1979440450668335,True,3400,1190,0.19781260192394257,0.21710599690926174,810.2404174804688,889.2661961659663
10,first_label_token,12,4096,4096,100000000.0,0.19794398546218872,True,3400,1190,0.19781260192394257,0.2171042546504686,810.240478515625,889.2589679621849
10,first_label_token,13,4096,4096,100000000.0,0.1979440301656723,True,3400,1190,0.19781261682510376,0.2171044085206104,810.240478515625,889.2596704306723
10,first_label_token,14,4096,4096,100000000.0,0.19794398546218872,True,3400,1190,0.19781255722045898,0.21710370488527442,810.240234375,889.256775210084
10,first_label_token,15,4096,4096,100000000.0,0.19794391095638275,True,3400,1190,0.1978124976158142,0.2171034820941316,810.239990234375,889.2558495273109
10,first_label_token,16,4096,4096,100000000.0,0.19794388115406036,True,3400,1190,0.19781245291233063,0.2171036359642734,810.2398071289062,889.2564732142857
10,first_label_token,17,4096,4096,100000000.0,0.1979438215494156,True,3400,1190,0.19781242311000824,0.21710302048370617,810.2396850585938,889.2540047268908
10,first_label_token,18,4096,4096,100000000.0,0.19794391095638275,True,3400,1190,0.19781245291233063,0.2171042113744912,810.2398071289062,889.2588760504202
10,first_label_token,19,4096,4096,100000000.0,0.19794386625289917,True,3400,1190,0.19781234860420227,0.21710500797303786,810.2393798828125,889.2621323529412
10,first_label_token,20,4096,4096,100000000.0,0.19794392585754395,True,3400,1190,0.19781234860420227,0.2171056843605362,810.2394409179688,889.2648568802521
10,first_label_token,21,4096,4096,100000000.0,0.19794389605522156,True,3400,1190,0.19781231880187988,0.21710589432916721,810.2392578125,889.2657169117647
10,first_label_token,22,4096,4096,100000000.0,0.19794392585754395,True,3400,1190,0.19781231880187988,0.21710654988008388,810.2392578125,889.2684283088236
10,first_label_token,23,4096,4096,100000000.0,0.19794383645057678,True,3400,1190,0.1978122442960739,0.21710671176429555,810.2389526367188,889.2690848214286
10,first_label_token,24,4096,4096,100000000.0,0.19794383645057678,True,3400,1190,0.1978122591972351,0.2171066957361558,810.2390747070312,889.269006039916
10,first_label_token,25,4096,4096,100000000.0,0.19794371724128723,True,3400,1190,0.19781216979026794,0.2171067309980633,810.2386474609375,889.2691570378151
10,first_label_token,26,4096,4096,100000000.0,0.19794368743896484,True,3400,1190,0.19781213998794556,0.21710606903589072,810.238525390625,889.2664784663865
10,first_label_token,27,4096,4096,100000000.0,0.19794365763664246,True,3400,1190,0.19781213998794556,0.21710594401640051,810.238525390625,889.2659532563025
10,first_label_token,28,4096,4096,100000000.0,0.1979435533285141,True,3400,1190,0.197812020778656,0.21710473870028968,810.238037109375,889.2610097163865
10,last_label_token,0,4096,4096,100000000.0,0.19794392585754395,True,3400,1190,0.19781255722045898,0.21711226872035436,810.2403564453125,889.2918461134453
10,last_label_token,1,4096,4096,100000000.0,0.19794362783432007,True,3400,1190,0.1978127360343933,0.21710585586163175,810.2410888671875,889.2655790441177
10,last_label_token,2,4096,4096,100000000.0,0.19794361293315887,True,3400,1190,0.19781260192394257,0.21710457841889197,810.2404174804688,889.2603532037815
10,last_label_token,3,4096,4096,100000000.0,0.19794364273548126,True,3400,1190,0.19781263172626495,0.21710548400878907,810.2405395507812,889.2640559348739
10,last_label_token,4,4096,4096,100000000.0,0.19794364273548126,True,3400,1190,0.1978125125169754,0.21710857102850906,810.239990234375,889.2767003676471
10,last_label_token,5,4096,4096,100000000.0,0.19794365763664246,True,3400,1190,0.19781243801116943,0.2171074666896788,810.23974609375,889.2721835609244
10,last_label_token,6,4096,4096,100000000.0,0.19794361293315887,True,3400,1190,0.19781240820884705,0.2171062677848239,810.239501953125,889.2673056722689
10,last_label_token,7,4096,4096,100000000.0,0.1979438066482544,True,3400,1190,0.1978125274181366,0.2171011948785862,810.2401733398438,889.2464942226891
10,last_label_token,8,4096,4096,100000000.0,0.1979440599679947,True,3400,1190,0.19781272113323212,0.2171017783028739,810.2408447265625,889.2488970588236
10,last_label_token,9,4096,4096,100000000.0,0.19794407486915588,True,3400,1190,0.19781267642974854,0.2170993372171867,810.24072265625,889.2388721113446
10,last_label_token,10,4096,4096,100000000.0,0.19794416427612305,True,3400,1190,0.1978127807378769,0.2170999895624754,810.2411499023438,889.2415572478992
10,last_label_token,11,4096,4096,100000000.0,0.19794416427612305,True,3400,1190,0.1978127807378769,0.21710133913184415,810.2411499023438,889.2471179096639
10,last_label_token,12,4096,4096,100000000.0,0.19794416427612305,True,3400,1190,0.19781272113323212,0.2171002476155257,810.2409057617188,889.2426142331933
10,last_label_token,13,4096,4096,100000000.0,0.1979440450668335,True,3400,1190,0.19781260192394257,0.21709967701374983,810.2404174804688,889.2403098739496
10,last_label_token,14,4096,4096,100000000.0,0.1979440301656723,True,3400,1190,0.1978125274181366,0.21709850695954652,810.2401123046875,889.2354779411764
10,last_label_token,15,4096,4096,100000000.0,0.19794397056102753,True,3400,1190,0.19781245291233063,0.2170989557474601,810.2398071289062,889.2372899159664
10,last_label_token,16,4096,4096,100000000.0,0.19794392585754395,True,3400,1190,0.19781236350536346,0.21709864800717651,810.239501953125,889.236062237395
10,last_label_token,17,4096,4096,100000000.0,0.19794392585754395,True,3400,1190,0.19781233370304108,0.2170985149736164,810.2393188476562,889.2355370273109
10,last_label_token,18,4096,4096,100000000.0,0.1979440301656723,True,3400,1190,0.19781234860420227,0.21709915449639328,810.2393798828125,889.238143382353
10,last_label_token,19,4096,4096,100000000.0,0.19794408977031708,True,3400,1190,0.19781231880187988,0.21710064190776407,810.2391357421875,889.2442292542016
10,last_label_token,20,4096,4096,100000000.0,0.1979440450668335,True,3400,1190,0.19781216979026794,0.21710153788077732,810.2386474609375,889.2478794642857
10,last_label_token,21,4096,4096,100000000.0,0.19794395565986633,True,3400,1190,0.1978120058774948,0.21710249796634962,810.2379150390625,889.2518382352941
10,last_label_token,22,4096,4096,100000000.0,0.19794395565986633,True,3400,1190,0.19781191647052765,0.21710354780950467,810.2376098632812,889.2561580882353
10,last_label_token,23,4096,4096,100000000.0,0.19794397056102753,True,3400,1190,0.19781188666820526,0.2171039388961151,810.2374877929688,889.2577140231092
10,last_label_token,24,4096,4096,100000000.0,0.19794383645057678,True,3400,1190,0.19781173765659332,0.21710402544806987,810.2368774414062,889.2580619747899
10,last_label_token,25,4096,4096,100000000.0,0.19794370234012604,True,3400,1190,0.19781163334846497,0.21710369045994862,810.2365112304688,889.2567555147059
10,last_label_token,26,4096,4096,100000000.0,0.19794361293315887,True,3400,1190,0.197811558842659,0.21710279769256335,810.2361450195312,889.2530921743697
10,last_label_token,27,4096,4096,100000000.0,0.19794347882270813,True,3400,1190,0.19781145453453064,0.2171014048472172,810.2357177734375,889.2473476890756
10,last_label_token,28,4096,4096,10000000.0,0.19794310629367828,False,3400,1190,0.1976650357246399,0.2169657314524931,809.635986328125,888.6916228991597
10,last_prompt_token,0,4096,4096,0.1,0.19794350862503052,True,3400,1190,0.19782809913158417,0.2171173656688017,810.3038940429688,889.3127494747899
10,last_prompt_token,1,4096,4096,3162277.6601683795,0.19792123138904572,False,3400,1190,0.1974061131477356,0.21627938727370832,808.575439453125,885.8803702731093
10,last_prompt_token,2,4096,4096,1000000.0,0.19788353145122528,False,3400,1190,0.1968381255865097,0.21529907579181576,806.2489624023438,881.864981617647
10,last_prompt_token,3,4096,4096,1000000.0,0.19790436327457428,False,3400,1190,0.1968517154455185,0.21539106449159254,806.3046875,882.2417804621849
10,last_prompt_token,4,4096,4096,3162277.6601683795,0.19793082773685455,False,3400,1190,0.19741982221603394,0.21607901949842437,808.631591796875,885.0596638655462
10,last_prompt_token,5,4096,4096,3162277.6601683795,0.19792519509792328,False,3400,1190,0.19741491973400116,0.21611058371407646,808.6115112304688,885.1889443277311
10,last_prompt_token,6,4096,4096,3162277.6601683795,0.19792968034744263,False,3400,1190,0.19741152226924896,0.21612854484750443,808.5975952148438,885.262513130252
10,last_prompt_token,7,4096,4096,3162277.6601683795,0.19793452322483063,False,3400,1190,0.19741666316986084,0.21607762665307823,808.61865234375,885.0539653361344
10,last_prompt_token,8,4096,4096,3162277.6601683795,0.19792865216732025,False,3400,1190,0.19740942120552063,0.21603908218255563,808.589111328125,884.8961068802521
10,last_prompt_token,9,4096,4096,10000000.0,0.1979396492242813,False,3400,1190,0.19768044352531433,0.21658592224121093,809.6990966796875,887.1359440651261
10,last_prompt_token,10,4096,4096,31622776.60168379,0.19794286787509918,False,3400,1190,0.19777937233448029,0.21693247947372307,810.104248046875,888.55546875
10,last_prompt_token,11,4096,4096,31622776.60168379,0.19794318079948425,False,3400,1190,0.19777944684028625,0.21694859737107733,810.1046142578125,888.6214417016806
10,last_prompt_token,12,4096,4096,100000000.0,0.1979435384273529,True,3400,1190,0.1978124976158142,0.21706575505873738,810.239990234375,889.1013064600841
10,last_prompt_token,13,4096,4096,100000000.0,0.1979435384273529,True,3400,1190,0.19781258702278137,0.2170690584583443,810.240234375,889.1148897058823
10,last_prompt_token,14,4096,4096,100000000.0,0.19794395565986633,True,3400,1190,0.1978129893541336,0.21707841248071494,810.241943359375,889.1532169117647
10,last_prompt_token,15,4096,4096,100000000.0,0.19794388115406036,True,3400,1190,0.1978129744529724,0.21708034387155742,810.241943359375,889.1610950630252
10,last_prompt_token,16,4096,4096,100000000.0,0.19794392585754395,True,3400,1190,0.19781295955181122,0.21708222076672465,810.2418823242188,889.1687828256303
10,last_prompt_token,17,4096,4096,100000000.0,0.19794383645057678,True,3400,1190,0.19781292974948883,0.21708942701836595,810.2417602539062,889.198306197479
10,last_prompt_token,18,4096,4096,100000000.0,0.197943776845932,True,3400,1190,0.1978127360343933,0.2170901450790277,810.240966796875,889.2012605042016
10,last_prompt_token,19,4096,4096,100000000.0,0.19794362783432007,True,3400,1190,0.19781255722045898,0.21708920743285107,810.240234375,889.1974133403361
10,last_prompt_token,20,4096,4096,100000000.0,0.19794371724128723,True,3400,1190,0.19781245291233063,0.21709466822007123,810.2398071289062,889.2197216386554
10,last_prompt_token,21,4096,4096,100000000.0,0.19794374704360962,True,3400,1190,0.1978125125169754,0.21709677592045118,810.239990234375,889.2283810399159
10,last_prompt_token,22,4096,4096,100000000.0,0.19794364273548126,True,3400,1190,0.19781233370304108,0.21709752764020648,810.2393798828125,889.2314797794118
10,last_prompt_token,23,4096,4096,100000000.0,0.19794362783432007,True,3400,1190,0.19781231880187988,0.21709925707648783,810.2391357421875,889.2385372899159
10,last_prompt_token,24,4096,4096,100000000.0,0.1979435384273529,True,3400,1190,0.19781222939491272,0.21709988057112495,810.2389526367188,889.2410976890757
10,last_prompt_token,25,4096,4096,100000000.0,0.1979435682296753,True,3400,1190,0.1978122740983963,0.21710066594997374,810.2390747070312,889.2443080357143
10,last_prompt_token,26,4096,4096,100000000.0,0.1979435533285141,True,3400,1190,0.1978122591972351,0.21710182318166524,810.2390747070312,889.2490808823529
10,last_prompt_token,27,4096,4096,100000000.0,0.19794365763664246,True,3400,1190,0.19781234860420227,0.2171014465203806,810.2394409179688,889.2475315126051
10,last_prompt_token,28,4096,4096,100000000.0,0.19794374704360962,True,3400,1190,0.19781237840652466,0.2170990695472525,810.239501953125,889.2377954306722
