icl_index,token_role,layer,old_test_mse_fv,old_test_r2_fv,new_test_mse_fv,new_test_r2_fv,new_test_mse_pp,new_test_r2_pp,new_train_mse,new_train_r2,new_best_alpha,alpha_pinned
1,first_label_token,0,0.28348915837392086,0.14828789491815997,0.28737405568611724,0.13661606943442683,0.657571379076533,0.09480173026452043,0.29802072048187256,0.4702837268946415,100000.0,False
1,first_label_token,1,0.27807800709700387,0.16454510585142723,0.2957945238642332,0.11131769343640419,0.6612855574663947,0.0896888741412607,0.23491935431957245,0.5824431111727,31622.776601683792,False
1,first_label_token,2,0.2621787872635016,0.212312569239533,0.2769762327691086,0.16785519155342954,0.6391414834671661,0.12017191842634845,0.2233905792236328,0.6029349070700342,31622.776601683792,False
1,first_label_token,3,0.26470640487029773,0.2047186191743008,0.27942970339991463,0.16048400729083145,0.6416040564785485,0.11678199468585493,0.2209526002407074,0.6072682874425677,31622.776601683792,False
1,first_label_token,4,0.25600661510179024,0.2308561840110187,0.2691343323523257,0.19141532396963123,0.6288566781693146,0.1343297547562322,0.2099277526140213,0.6268643785697879,31622.776601683792,False
1,first_label_token,5,0.2479093407382484,0.25518355735099285,0.26009618534761314,0.21856944846889148,0.6154480910100857,0.1527877203586535,0.2029379904270172,0.6392883159712069,31622.776601683792,False
1,first_label_token,6,0.24984333134498918,0.24937309454414702,0.2620908288394704,0.21257676017987726,0.6182884600983948,0.14887773086404033,0.1995648890733719,0.6452838275415789,31622.776601683792,False
1,first_label_token,7,0.24517747574493665,0.26339114630289195,0.2551058504761768,0.23356236397705132,0.6096093314034599,0.16082522816615796,0.19383898377418518,0.6554613253019197,31622.776601683792,False
1,first_label_token,8,0.2423488721126268,0.2718893758928189,0.25030129376579735,0.24799712931217754,0.604593559072799,0.16772982982549034,0.19245390594005585,0.6579232288469803,31622.776601683792,False
1,first_label_token,9,0.23880052085684128,0.2825500083310042,0.24634584699358258,0.25988083667463957,0.5990708968218635,0.17533220497889312,0.1932450830936432,0.6565169527582346,31622.776601683792,False
1,first_label_token,10,0.23816505400072627,0.28445919885114956,0.24543551597274652,0.2626158266966466,0.5974380941951976,0.17757988509318468,0.19335345923900604,0.6563243198174031,31622.776601683792,False
1,first_label_token,11,0.2399251705458184,0.27917112160541413,0.24738325712059725,0.25676405137218083,0.5997404659495634,0.17441049087279348,0.1930660456418991,0.6568351824824323,31622.776601683792,False
1,first_label_token,12,0.2408870023839614,0.27628140326733586,0.24811208869228843,0.2545743566010762,0.6012754167829241,0.1722975113808357,0.19355812668800354,0.6559605341110482,31622.776601683792,False
1,first_label_token,13,0.23927093313521697,0.2811367061992055,0.24655002946613216,0.2592673927599426,0.5989915543243665,0.17544142611250102,0.19359751045703888,0.6558905315175354,31622.776601683792,False
1,first_label_token,14,0.23973084137219342,0.2797549623085166,0.2471419262284992,0.2574891036518274,0.6001924915474002,0.17378824239596258,0.19359183311462402,0.6559006226973041,31622.776601683792,False
1,first_label_token,15,0.24104493325497925,0.2758069172750546,0.2485128899582294,0.25337019301874597,0.6024541646492582,0.17067487304374984,0.19369176030158997,0.6557230073389628,31622.776601683792,False
1,first_label_token,16,0.24197689825747193,0.27300693057119385,0.24930344749899472,0.25099504932230277,0.6042286496202485,0.16823215613647236,0.19402270019054413,0.6551347789623746,31622.776601683792,False
1,first_label_token,17,0.2422065959257238,0.2723168291024769,0.24987295775854287,0.2492840180143019,0.6051227024623326,0.16700142269603102,0.19407255947589874,0.6550461566854568,31622.776601683792,False
1,first_label_token,18,0.24372756220713382,0.2677472526123962,0.2517577644155807,0.24362132248660662,0.6074245164374343,0.1638327963022832,0.19483231008052826,0.6536957396469263,31622.776601683792,False
1,first_label_token,19,0.24386779881325088,0.2673259270996655,0.2517796588545086,0.24355554303865334,0.6075050289891347,0.16372196449784315,0.19507230818271637,0.6532691555488881,31622.776601683792,False
1,first_label_token,20,0.24533539459484965,0.26291669642670257,0.2533545822656455,0.23882385784250493,0.6097056797572544,0.16069259714552386,0.1960168331861496,0.6515903116622467,31622.776601683792,False
1,first_label_token,21,0.24659522080621799,0.2591316866553359,0.25508440081812755,0.23362680712948414,0.6119800663795791,0.1575617266412006,0.19637295603752136,0.6509573218845852,31622.776601683792,False
1,first_label_token,22,0.24841200083243747,0.2536733701910391,0.2568216820724872,0.22840733554459902,0.6144656590053014,0.15414011460688315,0.19718940556049347,0.6495061254785497,31622.776601683792,False
1,first_label_token,23,0.24920045628267176,0.25130454220786613,0.25789181524965943,0.2251922374156824,0.6157641819545201,0.15235259653014543,0.1977495402097702,0.6485105153801234,31622.776601683792,False
1,first_label_token,24,0.24943477566502675,0.2506005553056798,0.258203197126629,0.22425672461094093,0.6162775472432626,0.15164590918653797,0.19830860197544098,0.6475168122762989,31622.776601683792,False
1,first_label_token,25,0.2506246069900128,0.24702583749880158,0.2596117885172868,0.22002476578458363,0.6181727529573842,0.14903701076455234,0.19818969070911407,0.6477281708446799,31622.776601683792,False
1,first_label_token,26,0.2509954035783014,0.24591181978969434,0.2600233350481306,0.21878831922867514,0.6185593420717896,0.14850484070880898,0.1982346773147583,0.6476482095015794,31622.776601683792,False
1,first_label_token,27,0.2513234515150054,0.24492623571889405,0.2602934957552357,0.21797665092191765,0.6188147793297006,0.1481532114085622,0.1983281373977661,0.647482089082922,31622.776601683792,False
1,first_label_token,28,0.25361200541007417,0.23805052637345492,0.26272892671472886,0.21065966487943033,0.6220004233993403,0.14376792398336957,0.19832317531108856,0.647490908932956,31622.776601683792,False
1,last_label_token,0,0.27947076428838136,0.16036071952025277,0.2952986725238191,0.11280742457528803,0.6603435997201615,0.09098555241708783,0.21803221106529236,0.6124591267490318,31622.776601683792,False
1,last_label_token,1,0.27052926856930515,0.18722446339376542,0.2861470318641983,0.1403025283520094,0.6487874648150276,0.1068934730684512,0.20763830840587616,0.6309337461340981,31622.776601683792,False
1,last_label_token,2,0.25511742279309185,0.23352766484438858,0.26892929878555427,0.19203132490386432,0.6277650175976153,0.13583251064264013,0.194410040974617,0.6544463009390041,31622.776601683792,False
1,last_label_token,3,0.26163800343745897,0.21393729497336667,0.26824921038972227,0.19407457613238444,0.6273182652577632,0.13644750006873452,0.19047918915748596,0.6614331848420203,31622.776601683792,False
1,last_label_token,4,0.2465704990034344,0.25920596060221635,0.2549551635229287,0.23401508645288394,0.610221490940126,0.15998254283795754,0.18107780814170837,0.6781436488180448,31622.776601683792,False
1,last_label_token,5,0.2369017432717716,0.2882546774736908,0.2442716903045398,0.26611241367110516,0.5946041139234014,0.1814810798837745,0.1743689626455307,0.6900682714661908,31622.776601683792,False
1,last_label_token,6,0.23343451203418378,0.29867159370819585,0.24252497248288965,0.2713602363906775,0.5935590727990415,0.1829196604663137,0.17257782816886902,0.693251919496011,31622.776601683792,False
1,last_label_token,7,0.22958624222699334,0.31023329856211435,0.23791803151619534,0.28520128683001345,0.5869394061946067,0.19203214763839105,0.17168736457824707,0.6948346720435439,31622.776601683792,False
1,last_label_token,8,0.22769419325499976,0.31591775232428987,0.2335614148308249,0.29829026533505676,0.5830711396802374,0.1973571180782545,0.17063450813293457,0.6967060694129084,31622.776601683792,False
1,last_label_token,9,0.22432718998243828,0.32603354462315537,0.22949490827672622,0.3105076396695833,0.5776635049771862,0.20480114884406697,0.17115718126296997,0.6957770452093329,31622.776601683792,False
1,last_label_token,10,0.2255373690308643,0.32239769431137255,0.23133143176551627,0.3049900056418984,0.5788838426605994,0.20312125888129218,0.17128120362758636,0.6955566019305566,31622.776601683792,False
1,last_label_token,11,0.2262266519690762,0.3203268192709694,0.23151006939030494,0.3044533084293797,0.579545224614504,0.20221081505822092,0.17128992080688477,0.6955411075994158,31622.776601683792,False
1,last_label_token,12,0.22811954081559382,0.31463984219783925,0.23333925359389363,0.29895772448164903,0.5823682608724642,0.19832468555590776,0.17107591032981873,0.6959215000504294,31622.776601683792,False
1,last_label_token,13,0.2271091028421867,0.3176755923419421,0.2327208134306579,0.300815760335579,0.5811526194340041,0.19999811077136975,0.1715143471956253,0.695142201409142,31622.776601683792,False
1,last_label_token,14,0.22766407557896207,0.3160082375809584,0.23334856113465893,0.29892976099305,0.5822843022707129,0.19844026111690827,0.17184077203273773,0.6945619983015034,31622.776601683792,False
1,last_label_token,15,0.2289835064351058,0.31204415218721004,0.23430191969671169,0.2960654994278289,0.5843091371680508,0.19565291801790619,0.17212215065956116,0.6940618624811101,31622.776601683792,False
1,last_label_token,16,0.23085414581939953,0.30642402118472445,0.236259653588303,0.2901837019973408,0.5872077557219176,0.19166274359263202,0.1722874492406845,0.6937680528822316,31622.776601683792,False
1,last_label_token,17,0.23132398909881335,0.3050124285479425,0.2374544480267693,0.2865940727385756,0.5886627902503775,0.18965977512490928,0.1729823797941208,0.6925328501009012,31622.776601683792,False
1,last_label_token,18,0.23275532922824893,0.30071212400817704,0.23912381404588204,0.28157864505254804,0.5904491296335429,0.18720073969506368,0.17322540283203125,0.692100889337527,31622.776601683792,False
1,last_label_token,19,0.23297959015149028,0.3000383566439607,0.2392075250128738,0.2813271446046728,0.5908164721577107,0.1866950640713101,0.17319492995738983,0.6921550532814291,31622.776601683792,False
1,last_label_token,20,0.23458440444048714,0.29521686800507574,0.2411845455650522,0.2753874025111378,0.5933446836070854,0.18321478390353085,0.17376446723937988,0.6911427304941997,31622.776601683792,False
1,last_label_token,21,0.23640932916593152,0.2897340816846409,0.24347105266667213,0.2685178419171955,0.596427757199071,0.17897069273756205,0.17423570156097412,0.6903051360873725,31622.776601683792,False
1,last_label_token,22,0.23814895693995372,0.28450756070595506,0.24516636824407498,0.26342445162045336,0.5989176133099724,0.17554321168350007,0.17468270659446716,0.6895106079753057,31622.776601683792,False
1,last_label_token,23,0.23934671738568475,0.2809090207248537,0.24643420932673607,0.25961536170568367,0.600356453006007,0.17356253666521337,0.1749422252178192,0.6890493271699267,31622.776601683792,False
1,last_label_token,24,0.23950724000690363,0.28042674810315693,0.24685913855288208,0.2583387083049228,0.6009733248157662,0.17271336452571617,0.17504720389842987,0.6888627330453347,31622.776601683792,False
1,last_label_token,25,0.24029546465192522,0.27805861354894856,0.24779357028608562,0.2555313103276341,0.6023183357815782,0.17086185206977844,0.17480334639549255,0.6892961770267327,31622.776601683792,False
1,last_label_token,26,0.24142345620804473,0.2746696865498077,0.24927839231090385,0.2510703248955388,0.6040973374823563,0.16841291753180887,0.17471927404403687,0.689445611242623,31622.776601683792,False
1,last_label_token,27,0.24224454575226087,0.2722028130080598,0.2504449155150341,0.24756563346933014,0.6055846847405955,0.16636546807233776,0.174709290266037,0.6894633568868356,31622.776601683792,False
1,last_label_token,28,0.2431263050111402,0.26955366395818703,0.25118165857651653,0.24535216949214234,0.6067132709407005,0.16481188117958545,0.1748470813035965,0.6892184405106677,31622.776601683792,False
1,pre_label_token,0,0.3328462392342191,-4.4844147506495347e-08,0.3455448278859884,-0.03815165559923428,0.726439096146271,-5.143666270690517e-08,0.5626044273376465,0.0,0.1,True
1,pre_label_token,1,0.2981716524653074,0.10417595066549068,0.31133399290197034,0.06463105770420141,0.6839480744690455,0.05849215264243346,0.386694997549057,0.3126698284637167,316227.7660168379,False
1,pre_label_token,2,0.29685649711544776,0.10812719076921684,0.30993848367899407,0.06882371258808473,0.6817725814691111,0.0614868883654629,0.3737814724445343,0.33562294521331637,316227.7660168379,False
1,pre_label_token,3,0.3101575707187172,0.06816557296531256,0.3306239248323841,0.006676566263909667,0.6952430596872539,0.04294372489521536,0.2928948998451233,0.4793946054936701,31622.776601683792,False
1,pre_label_token,4,0.300855192617208,0.09611354840306552,0.3178250625353901,0.04512934868493612,0.6852793525247013,0.05665954460798894,0.3184181749820709,0.4340283163271792,100000.0,False
1,pre_label_token,5,0.3032454691013368,0.08893222468789297,0.3214154171342609,0.034342520840313084,0.6888447224592962,0.05175153492500273,0.3166704475879669,0.4371348105337296,100000.0,False
1,pre_label_token,6,0.300819834540872,0.09621977786806701,0.318854602845777,0.04203620738609737,0.6856333948984867,0.056172177678160407,0.31312096118927,0.4434438373138667,100000.0,False
1,pre_label_token,7,0.3019717785490661,0.09275888835192792,0.3203352791922433,0.037587677191347035,0.6869612685772551,0.05434425603391779,0.31132054328918457,0.446643986144201,100000.0,False
1,pre_label_token,8,0.30237321773496995,0.09155280831680523,0.3209875699852695,0.03562794082123488,0.6876115366190422,0.05344911137735364,0.3106609582901001,0.4478163640478122,100000.0,False
1,pre_label_token,9,0.30243825351490694,0.09135741544409892,0.3213816105818548,0.034444088930812966,0.6875205737202107,0.0535743288993632,0.3099423944950104,0.4490935736824574,100000.0,False
1,pre_label_token,10,0.3017254260407776,0.09349902746211503,0.32040086954581637,0.03739061814528977,0.6866942269461496,0.054711859658582274,0.30770760774612427,0.45306579046621354,100000.0,False
1,pre_label_token,11,0.30122995136164815,0.09498762683006512,0.31982182254310415,0.039130301555437064,0.6862079780642726,0.055381219154054806,0.30630260705947876,0.45556310584159065,100000.0,False
1,pre_label_token,12,0.3015991980288209,0.09387826568907454,0.3204908435084239,0.037120301211845064,0.686577811361361,0.05487211478718723,0.30477336049079895,0.45828126178628603,100000.0,False
1,pre_label_token,13,0.3027311036566726,0.09047757929040812,0.321829465657723,0.033098557321135647,0.6879587958840763,0.052971081925554886,0.3015536665916443,0.4640040996146175,100000.0,False
1,pre_label_token,14,0.30358987375467766,0.08789749865470187,0.34032934012533234,-0.02248229285227077,0.7028015521394104,0.03253887074978512,0.26132041215896606,0.5355166090754298,31622.776601683792,False
1,pre_label_token,15,0.3043941930562508,0.08548100946890647,0.3408689370676249,-0.024103452869118414,0.7036102166696757,0.03142568097771714,0.26100510358810425,0.5360770536001092,31622.776601683792,False
1,pre_label_token,16,0.3044663068627109,0.08526435144128419,0.34066358774649996,-0.023486503285452986,0.7034647003943179,0.03162599547567668,0.26166439056396484,0.5349052054172208,31622.776601683792,False
1,pre_label_token,17,0.31540487754244767,0.052400614733806083,0.3395665946126986,-0.020190707353549664,0.7024029996214795,0.03308750936318772,0.2612563371658325,0.5356304990308229,31622.776601683792,False
1,pre_label_token,18,0.3151365007672991,0.05320692333984944,0.3393189935123219,-0.019446816918676557,0.701925415551963,0.033744941068908685,0.2613990008831024,0.535376921720838,31622.776601683792,False
1,pre_label_token,19,0.3155253706859941,0.05203860629042667,0.33997197030973036,-0.02140861431395158,0.7026599531414128,0.032733792810054285,0.26028531789779663,0.5373564350897178,31622.776601683792,False
1,pre_label_token,20,0.3175869452853163,0.04584483136145412,0.3425243297544848,-0.029076899206152085,0.7055843834115677,0.028708086544943057,0.2599976062774658,0.5378678274754697,31622.776601683792,False
1,pre_label_token,21,0.31728677509211695,0.04674665980737802,0.34208751005284926,-0.027764522171815686,0.7047887209082851,0.02980337801318833,0.25993701815605164,0.5379755196984066,31622.776601683792,False
1,pre_label_token,22,0.317827945997735,0.04512077113538493,0.342791046014353,-0.029878219047781318,0.7057416963977974,0.028491532954757925,0.26055076718330383,0.536884612841956,31622.776601683792,False
1,pre_label_token,23,0.3178304656213071,0.045113201202520825,0.3427507977525727,-0.029757297545764283,0.7055830434590828,0.028709931094005547,0.2602865397930145,0.5373542632347544,31622.776601683792,False
1,pre_label_token,24,0.317713314344903,0.04546516937234957,0.34264402629948465,-0.02943651438870698,0.7053821403439305,0.028986489895083123,0.2596316635608673,0.538518271550946,31622.776601683792,False
1,pre_label_token,25,0.3179033519841042,0.04489422211405858,0.34278797822840074,-0.029869002220300978,0.705686514718192,0.02856749483888077,0.25963762402534485,0.5385076771364907,31622.776601683792,False
1,pre_label_token,26,0.31826441468310956,0.04380944880843962,0.3432581300495052,-0.03128152196324896,0.7061009126551011,0.027997043770893404,0.25951334834098816,0.5387285706778815,31622.776601683792,False
1,pre_label_token,27,0.31860520819655985,0.04278557204925815,0.34384004608923646,-0.033029825081436925,0.7067830061712185,0.027058088867694452,0.2599807381629944,0.5378978096683779,31622.776601683792,False
1,pre_label_token,28,0.31892713658949906,0.04181837347697903,0.3443406193196273,-0.03453374262249298,0.7074948671485196,0.02607815673340641,0.2613430917263031,0.5354762973284277,31622.776601683792,False
2,first_label_token,0,0.28309522997431397,0.1494714096190578,0.3016833986554827,0.09362521298009296,0.6674518136417165,0.0812005417742322,0.2439684420824051,0.5663588300630495,31622.776601683792,False
2,first_label_token,1,0.2777399752320362,0.16556068554042758,0.2955792082457983,0.11196458567068268,0.6597815313259092,0.09175928338248462,0.2362738698720932,0.5800355304877584,31622.776601683792,False
2,first_label_token,2,0.26669766963029107,0.1987360824514247,0.2814655223814379,0.1543676117449948,0.6435379861783581,0.11411978967851988,0.22333943843841553,0.6030258071460597,31622.776601683792,False
2,first_label_token,3,0.2677973554915741,0.195432196810032,0.28174522223592807,0.15352728411287164,0.6432198147813813,0.11455777741215145,0.22012436389923096,0.6087404343031884,31622.776601683792,False
2,first_label_token,4,0.2537603482478807,0.23760484657608028,0.2653708065257353,0.20272242583444178,0.6222035928934562,0.1434882453349542,0.2054046243429184,0.6349040029511801,31622.776601683792,False
2,first_label_token,5,0.24908367605770335,0.2516553955943247,0.24988472561876313,0.249248662764897,0.5990735446705537,0.17532856000873598,0.1945868581533432,0.6541320176341909,31622.776601683792,False
2,first_label_token,6,0.24677518475957277,0.25859100468206453,0.257852418082101,0.22531060189816332,0.6024080164292279,0.17073839966648907,0.15834961831569672,0.7185418197559555,10000.0,False
2,first_label_token,7,0.23981328371192226,0.27950727333472625,0.24658660728390477,0.2591574987056424,0.5878914552576402,0.19072157787823585,0.15392452478408813,0.7264071925055959,10000.0,False
2,first_label_token,8,0.2357792076944303,0.29162721258258395,0.23966160621963628,0.27996290726545114,0.5804004637133173,0.20103351176143947,0.15279515087604523,0.728414595670529,10000.0,False
2,first_label_token,9,0.2274638480499011,0.316609799246491,0.23568973541259766,0.29189595884483677,0.575856037300174,0.20728926901762434,0.1523604393005371,0.729187272802782,10000.0,False
2,first_label_token,10,0.22650139992978394,0.3195013691362144,0.23226361475070986,0.302189363782141,0.5716720036097935,0.21304891759351918,0.15182428061962128,0.7301402668690624,10000.0,False
2,first_label_token,11,0.2249912518413127,0.3240384435513166,0.2280573548389082,0.3148266118000982,0.5676664240220014,0.21856291018432994,0.15107816457748413,0.7314664491845267,10000.0,False
2,first_label_token,12,0.22577359255622415,0.3216879866202279,0.23069670701227268,0.3068969667660483,0.570321264186827,0.21490831571733937,0.15082283318042755,0.7319202874137509,10000.0,False
2,first_label_token,13,0.2250527221615575,0.3238537627114705,0.2296983109802759,0.3098965384855913,0.5692918152368369,0.21632543245624114,0.1499861776828766,0.7334073988847896,10000.0,False
2,first_label_token,14,0.22549090986492254,0.3225372757833822,0.22980221259493788,0.3095843774443142,0.5700146106110902,0.21533044827206682,0.1487370878458023,0.735627590864055,10000.0,False
2,first_label_token,15,0.22888280163292124,0.31234670872782844,0.22968001886576164,0.3099514951437,0.5708240989877397,0.2142161244112213,0.14806409180164337,0.7368238062001904,10000.0,False
2,first_label_token,16,0.22951669692993165,0.3104422397847654,0.2301918109925855,0.3084138716549174,0.5725283967346705,0.21187002568988944,0.14759857952594757,0.7376512299691406,10000.0,False
2,first_label_token,17,0.22918945921569311,0.311425389630971,0.2307310473017332,0.306793795120924,0.5733807796189765,0.21069665419505723,0.146912083029747,0.738871441654017,10000.0,False
2,first_label_token,18,0.22932531613261758,0.31101722241439245,0.23159008907670733,0.3042128980304528,0.5752942061223904,0.2080626734360579,0.14689244329929352,0.7389063502496468,10000.0,False
2,first_label_token,19,0.2307668894278903,0.3066861734494546,0.2336473336740702,0.2980321315643736,0.5778526498490021,0.20454077618165345,0.14589925110340118,0.7406716975303149,10000.0,False
2,first_label_token,20,0.23092755550096014,0.3062034698423943,0.23459878408608317,0.2951736028273214,0.5792930090126871,0.2025580094976832,0.14512330293655396,0.7420509048901274,10000.0,False
2,first_label_token,21,0.23191556930541993,0.3032350906561384,0.235439677198394,0.29264723140955695,0.5804984757880203,0.20089859049926573,0.14494214951992035,0.7423728956314568,10000.0,False
2,first_label_token,22,0.23269508265647568,0.3008931282298668,0.2362786525437812,0.29012662171283765,0.5814490662903345,0.19959002856165486,0.14448094367980957,0.7431926649359631,10000.0,False
2,first_label_token,23,0.23376641073146787,0.29767444044928737,0.23780392238071987,0.2855441152515459,0.5833692021730568,0.19694681181895224,0.14392150938510895,0.744187030190691,10000.0,False
2,first_label_token,24,0.23445136927756943,0.29561655757101357,0.2384480652688932,0.2836088583707216,0.5844088033467781,0.19551571975258353,0.14339514076709747,0.7451226229312287,10000.0,False
2,first_label_token,25,0.23652797907340425,0.28937761104202075,0.24078326505773207,0.27659300592179437,0.5872178278049501,0.19164887858508495,0.1427018642425537,0.7463548857625478,10000.0,False
2,first_label_token,26,0.23781511483072232,0.28551055273305537,0.24205471327324876,0.2727730787707422,0.5890652504287848,0.1891057573122069,0.14220422506332397,0.7472394134254114,10000.0,False
2,first_label_token,27,0.2393357204789875,0.28094205972573194,0.24415768294775186,0.26645493630969885,0.5911957780854041,0.18617291988989726,0.14181333780288696,0.7479341951253828,10000.0,False
2,first_label_token,28,0.24147804324366465,0.27450568578418877,0.24688908552923122,0.25824873588870334,0.5943233522046514,0.1818675702787449,0.14180003106594086,0.747957847155654,10000.0,False
2,last_label_token,0,0.27903686331099825,0.16166432744996617,0.295132060010894,0.11330799365396571,0.6593168114413734,0.09239900653464528,0.2199666053056717,0.6090208419677812,31622.776601683792,False
2,last_label_token,1,0.2700464633332581,0.18867499880858285,0.2856367864528624,0.14183550490321706,0.6468574748319738,0.10955025474851854,0.2080933004617691,0.6301250215066614,31622.776601683792,False
2,last_label_token,2,0.25874806251846444,0.22261980571838924,0.2719927763738552,0.18282744143194862,0.6306419949571626,0.13187212700856588,0.1950221061706543,0.6533583870046369,31622.776601683792,False
2,last_label_token,3,0.25819550682516657,0.2242798987371598,0.26984918979035705,0.18926761295526018,0.6278572274857208,0.13570557654267545,0.19099070131778717,0.6605239986795122,31622.776601683792,False
2,last_label_token,4,0.25094261169433596,0.24607042721892147,0.2557604204706785,0.23159577999530023,0.6086681782698431,0.1621207988299883,0.18115483224391937,0.6780067424972476,31622.776601683792,False
2,last_label_token,5,0.24104936583703304,0.27579360006809817,0.24417459343661782,0.26640413059479173,0.5920522545566078,0.18499391325355075,0.17574860155582428,0.6876160353243205,31622.776601683792,False
2,last_label_token,6,0.23829929287694082,0.2840558928605419,0.24634739851751247,0.25987617529062645,0.5902127947126116,0.18752607313917669,0.1437399983406067,0.7445096565968876,10000.0,False
2,last_label_token,7,0.22655994832014836,0.31932546691444175,0.23445353788488052,0.2956099791584925,0.5748520089798614,0.20867139227789866,0.14254213869571686,0.7466387895839107,10000.0,False
2,last_label_token,8,0.22347967804980878,0.32857980133491915,0.2293801211509384,0.31085250503888184,0.5688111345307166,0.21698712692367117,0.14227277040481567,0.7471175776591769,10000.0,False
2,last_label_token,9,0.22128520132112903,0.335172866145079,0.22579819174373852,0.32161402031628916,0.5644432452546448,0.22299986704725883,0.14282986521720886,0.7461273707121227,10000.0,False
2,last_label_token,10,0.22239385652942817,0.33184203308364335,0.22514586568880482,0.323573862626947,0.5635695545613265,0.22420257040242375,0.14331933856010437,0.7452573573970626,10000.0,False
2,last_label_token,11,0.22129213028595227,0.33515204882970273,0.22148503856498655,0.3345724174677345,0.5601414912888983,0.2289215667600566,0.14343872666358948,0.7450451512755252,10000.0,False
2,last_label_token,12,0.2216012401741092,0.33422336205009573,0.2226165499005999,0.3311729153724987,0.5610892031373096,0.22761696751397253,0.14332985877990723,0.7452386582555491,10000.0,False
2,last_label_token,13,0.22176990509033204,0.3337166267954793,0.222701218548943,0.33091853767571044,0.56118654523577,0.2274829685263302,0.14357595145702362,0.7448012413687306,10000.0,False
2,last_label_token,14,0.22296793320599725,0.3301172826293981,0.22399019433670686,0.3270459508502005,0.5630929321801963,0.22485867826910455,0.14345519244670868,0.7450158842055927,10000.0,False
2,last_label_token,15,0.22497653640618845,0.324082654463292,0.22469253059194869,0.32493585836053007,0.564876303151876,0.22240372908909622,0.14364539086818695,0.7446778164403276,10000.0,False
2,last_label_token,16,0.22623188114967666,0.320311108770989,0.2264371615498006,0.3196943053950746,0.5672670765083377,0.21911264317133916,0.14379851520061493,0.7444056459329738,10000.0,False
2,last_label_token,17,0.22642835889543805,0.3197208129183926,0.22758077252812747,0.3162584512462079,0.5685241859500147,0.21738213401646644,0.14402994513511658,0.7439942913057149,10000.0,False
2,last_label_token,18,0.22690199763834978,0.31829781722752537,0.22834301395576542,0.313968380215743,0.570212946018251,0.21505742412122653,0.1442401260137558,0.7436207057659889,10000.0,False
2,last_label_token,19,0.22818663300586348,0.3144382710656771,0.229960193954596,0.309109739721949,0.5725830398687796,0.2117948051556291,0.1438443809747696,0.7443241219137411,10000.0,False
2,last_label_token,20,0.22904201796074874,0.3118683607214525,0.23136166324134635,0.3048991784780938,0.5742843627929688,0.209452801509728,0.14362183213233948,0.7447196908634617,10000.0,False
2,last_label_token,21,0.23057807633856767,0.30725344168184976,0.23278972401338466,0.3006087260240433,0.5763234627347033,0.20664582146496413,0.14386601746082306,0.7442856641892688,10000.0,False
2,last_label_token,22,0.23158693233457933,0.3042224444154422,0.2339289104237276,0.29718616500592887,0.577490227963744,0.20503967816231838,0.14380769431591034,0.7443893305347128,10000.0,False
2,last_label_token,23,0.23240469123135093,0.30176557743889254,0.23536776694930903,0.29286327789070055,0.5793102681135931,0.20253425099970968,0.14350105822086334,0.7449343601863601,10000.0,False
2,last_label_token,24,0.23310954630875788,0.29964791761303056,0.23616627124177308,0.2904642590476283,0.5805293459852202,0.2008560952660775,0.14311501383781433,0.7456205339245865,10000.0,False
2,last_label_token,25,0.23501237981459674,0.29393106290093385,0.23827754910252674,0.284121155549362,0.58306029183524,0.19737205098262722,0.14251935482025146,0.7466792867331657,10000.0,False
2,last_label_token,26,0.2361910138811384,0.29038998602979904,0.23962157353633592,0.28008318108549535,0.5850514580221737,0.1946310554884203,0.14201398193836212,0.747577560648785,10000.0,False
2,last_label_token,27,0.23718558880461363,0.2874018946805793,0.2410984295756877,0.2756461285857813,0.5866134387104451,0.19248086729384117,0.14162032306194305,0.7482772687514779,10000.0,False
2,last_label_token,28,0.2384684161979611,0.283547780378954,0.24269710508715206,0.27084308280111025,0.5886296087954225,0.18970545198459066,0.14163877069950104,0.748244479038739,10000.0,False
2,pre_label_token,0,0.3328462392342191,-4.4844147506495347e-08,0.3455448278859884,-0.03815165559923428,0.726439096146271,-5.143666270690517e-08,0.5626044273376465,0.0,0.1,True
2,pre_label_token,1,0.2922124173460888,0.12207981943133839,0.30675357530096997,0.07839242159121451,0.6759100777762277,0.06955708175886843,0.3148565888404846,0.44035884976866035,100000.0,False
2,pre_label_token,2,0.29117746273008716,0.12518922714101977,0.3078111151687237,0.07521515868356943,0.6715358990581096,0.07557847978977839,0.25682586431503296,0.5435054332395092,31622.776601683792,False
2,pre_label_token,3,0.2881164326387293,0.13438575655252716,0.3093726502747095,0.07052369718645124,0.6681213090399735,0.08027892916245882,0.20195890963077545,0.6410285809756524,10000.0,False
2,pre_label_token,4,0.2751255291850627,0.173415502137518,0.2973086156764952,0.10676877012811592,0.6514518769849248,0.10322570199021452,0.18134962022304535,0.677660517032852,10000.0,False
2,pre_label_token,5,0.2626529805800494,0.21088790739295915,0.27706375122070315,0.16759225193435257,0.6323094408051306,0.12957675779925204,0.2056480050086975,0.6344714065229387,31622.776601683792,False
2,pre_label_token,6,0.26311508467217454,0.2094995662961482,0.2820979527064732,0.15246754397953788,0.6306732498297171,0.13182910223976152,0.1720435917377472,0.6942014968636295,10000.0,False
2,pre_label_token,7,0.25964838556882713,0.21991488379165125,0.27700044808267543,0.16778243929137415,0.6237824480072791,0.14131482817801733,0.16879834234714508,0.6999697582439377,10000.0,False
2,pre_label_token,8,0.25687830307904413,0.22823729302294715,0.26692220223050156,0.19806142705970664,0.6159962373621324,0.15203315416976115,0.1920422613620758,0.6586549055952917,31622.776601683792,False
2,pre_label_token,9,0.24328865403888605,0.2690659040982596,0.25499623402827926,0.23389169460995918,0.5998988720549255,0.17419243251889938,0.16082662343978882,0.7141390724547767,10000.0,False
2,pre_label_token,10,0.24325763798561417,0.26915908843086345,0.24734964450868238,0.2568650367896791,0.5947936659099675,0.18122014679616727,0.18701501190662384,0.6675905790652675,31622.776601683792,False
2,pre_label_token,11,0.2438945000912963,0.26724570603631737,0.24963452956255744,0.2500003494608415,0.5959736671768316,0.1795957830555326,0.18724368512630463,0.6671841243546942,31622.776601683792,False
2,pre_label_token,12,0.24226994233972887,0.2721265117445535,0.24861823170124983,0.25305370526927096,0.5945673517820214,0.18153168583748214,0.18600675463676453,0.6693827037284711,31622.776601683792,False
2,pre_label_token,13,0.2365944982576771,0.289177761443573,0.2442931567921358,0.2660479199561391,0.5912538736808199,0.18609294677348287,0.1825036257505417,0.675609332450183,31622.776601683792,False
2,pre_label_token,14,0.2362681829628824,0.2901581399816594,0.24487415762508616,0.2643023664766613,0.5921254294259207,0.18489318234098706,0.18184907734394073,0.6767727580735795,31622.776601683792,False
2,pre_label_token,15,0.23708221371434315,0.2877124738090804,0.24583570977219013,0.26141348818099097,0.5930545582490809,0.18361416407795506,0.18081258237361908,0.6786150737752645,31622.776601683792,False
2,pre_label_token,16,0.2365006022092675,0.28945986182973416,0.24455070175042673,0.265274154287364,0.591959284934677,0.1851218931863573,0.18046021461486816,0.6792413890718192,31622.776601683792,False
2,pre_label_token,17,0.23814701272659944,0.28451340188188645,0.2464954119770467,0.25943148503435354,0.5948302453305541,0.18116979237187747,0.1813226044178009,0.6777085362163702,31622.776601683792,False
2,pre_label_token,18,0.23905569765748097,0.28178335760161655,0.25059456865326696,0.24711601697767982,0.5963492193141905,0.17907880625917305,0.15285944938659668,0.7283003084245936,10000.0,False
2,pre_label_token,19,0.23981866435844357,0.2794911077719878,0.25278123647225004,0.2405464125925959,0.5988855217685218,0.17558738819226938,0.15211015939712524,0.7296321322657553,10000.0,False
2,pre_label_token,20,0.2417433105596975,0.2737087192072527,0.25498456393971164,0.2339267561151236,0.6019715317157136,0.17133925490443147,0.15292774140834808,0.7281789229209733,10000.0,False
2,pre_label_token,21,0.24275784292140928,0.27066066792224563,0.2559801181825269,0.23093572224047232,0.6036751306357504,0.1689941181728022,0.15251708030700684,0.7289088515908997,10000.0,False
2,pre_label_token,22,0.24270849308045972,0.2708089341104897,0.2560960865822159,0.23058730786289117,0.6042326502439355,0.16822664896606532,0.15205657482147217,0.7297273760517076,10000.0,False
2,pre_label_token,23,0.24417173401648257,0.2664127870937557,0.2573486135787323,0.2268242274455935,0.6062467462876264,0.1654540887363447,0.151149719953537,0.7313392632389921,10000.0,False
2,pre_label_token,24,0.24505515218782825,0.2637586540231994,0.25870387774555625,0.2227524844327684,0.608069546483144,0.16294486215569093,0.15009234845638275,0.7332186858773064,10000.0,False
2,pre_label_token,25,0.24675247609114448,0.25865923038742,0.2605804026627741,0.2171146704868867,0.610181016681575,0.16003825881035993,0.1492409110069275,0.734732071496194,10000.0,False
2,pre_label_token,26,0.24761700830539735,0.25606183810499217,0.2611561606912052,0.21538486844037052,0.6113230184346687,0.15846620436299774,0.14828425645828247,0.7364324750162519,10000.0,False
2,pre_label_token,27,0.2495983893130006,0.2501089960328835,0.26375107164142514,0.20758874220232337,0.6141601113712086,0.15456072474671456,0.14814786612987518,0.7366749017050227,10000.0,False
2,pre_label_token,28,0.2527246507276006,0.24071648626024167,0.2675672386874672,0.19612348554914338,0.6188815461487329,0.14806130167680243,0.14915843307971954,0.7348786717062177,10000.0,False
3,first_label_token,0,0.2860309809195895,0.14065126767098868,0.3038773240161543,0.08703380410450168,0.6701390691164161,0.0775013251059955,0.24036765098571777,0.5727590482656095,31622.776601683792,False
3,first_label_token,1,0.2794052027854599,0.1605576918700452,0.29664993766977005,0.10874769618344715,0.6617820675633534,0.08900538928322999,0.2326730489730835,0.5864358016623907,31622.776601683792,False
3,first_label_token,2,0.26584145521917263,0.20130848480599095,0.27938976928967385,0.1606039849588955,0.641875098733341,0.11640888389078352,0.21952983736991882,0.6097971741730213,31622.776601683792,False
3,first_label_token,3,0.26742497291885503,0.1965509794355319,0.28027843507398076,0.1579340857712942,0.6422933273956555,0.11583315953061979,0.21662749350070953,0.6149559388897223,31622.776601683792,False
3,first_label_token,4,0.2510821254313493,0.2456512734871844,0.2608591552542037,0.21627718880306102,0.6167433089568836,0.15100475187541706,0.2004077434539795,0.6437856978795067,31622.776601683792,False
3,first_label_token,5,0.2485212374134224,0.2533451808561231,0.2474696087236164,0.25650461742207253,0.596255666267972,0.17920758932099734,0.19131742417812347,0.659943265851151,31622.776601683792,False
3,first_label_token,6,0.2432844835169175,0.26907843397441245,0.2523391002366523,0.24187476257194407,0.5963260458297088,0.17911070636724347,0.15426655113697052,0.7257992585181211,10000.0,False
3,first_label_token,7,0.2348508434135373,0.29441638131304826,0.2401725953366576,0.27842769633182407,0.5802389064756762,0.20125590789458825,0.15038806200027466,0.7326930704901484,10000.0,False
3,first_label_token,8,0.22994961778656775,0.3091415765204122,0.23249663745655733,0.30148927253971736,0.5710417867708607,0.21391646020609656,0.14919504523277283,0.7348135955154267,10000.0,False
3,first_label_token,9,0.22657365718809497,0.31928428012322874,0.22541662825255834,0.32276038610769275,0.5622929549016873,0.22595990936184318,0.14808064699172974,0.7367943802140411,10000.0,False
3,first_label_token,10,0.21878590704012318,0.34268172188229484,0.21986596644425593,0.339436742634904,0.5549995582644679,0.23599983845026717,0.14721550047397614,0.7383321329861756,10000.0,False
3,first_label_token,11,0.2165013882292419,0.3495453082595499,0.21577715513085116,0.351721129180098,0.5500133033560104,0.2428638070766609,0.1464555263519287,0.7396829473152482,10000.0,False
3,first_label_token,12,0.22148916420816372,0.3345600820059207,0.2182531036248728,0.34428241263506243,0.5528386348435859,0.23897451801183855,0.14576338231563568,0.7409131972078209,10000.0,False
3,first_label_token,13,0.22145649725649538,0.3346582262818134,0.21663186129401713,0.34915325796127494,0.5516996399695132,0.24054243325580194,0.14532357454299927,0.7416949325644331,10000.0,False
3,first_label_token,14,0.2207612286094858,0.33674708472824777,0.21664716736609194,0.34910727254119966,0.5527639982079258,0.23907726115974326,0.14416904747486115,0.743747044158367,10000.0,False
3,first_label_token,15,0.22179903222733185,0.33362911750478397,0.21784833299011744,0.3454985017520087,0.554637267809956,0.2364985595062632,0.14377117156982422,0.744454247809287,10000.0,False
3,first_label_token,16,0.22178719785033155,0.3336646725933986,0.21738352254659188,0.346894973910015,0.5552081580923385,0.23571268452407168,0.14341361820697784,0.7450897802464176,10000.0,False
3,first_label_token,17,0.2219148988483333,0.3332810089413105,0.21873486062057879,0.34283502641386365,0.5573456002884553,0.23277032869906356,0.14273905754089355,0.7462887766163475,10000.0,False
3,first_label_token,18,0.22222544966625565,0.3323479930461535,0.2194258281162807,0.34075909011923944,0.55898409290474,0.2305148158704513,0.1426323652267456,0.7464784166350953,10000.0,False
3,first_label_token,19,0.22340846662761785,0.32879374824790863,0.22135001591273717,0.3349780782638565,0.561811004766897,0.22662335129680622,0.14155496656894684,0.748393436505979,10000.0,False
3,first_label_token,20,0.223835139715371,0.3275118557203903,0.2225777393629571,0.3312895173895367,0.563439454150801,0.2243816637605699,0.14088773727416992,0.749579401746129,10000.0,False
3,first_label_token,21,0.22499456646061744,0.32402848514090754,0.22278043762976382,0.3306805326087201,0.5643759206563485,0.22309254460566186,0.14069035649299622,0.7499302357808126,10000.0,False
3,first_label_token,22,0.22628352381602054,0.3201559540401482,0.2244515747583213,0.3256597838180082,0.5664067693117286,0.22029692309986215,0.14015983045101166,0.7508732181254327,10000.0,False
3,first_label_token,23,0.2269759747160583,0.3180755612056573,0.225375751687699,0.3228831952776159,0.5677298473710773,0.2184756029996331,0.13963493704795837,0.7518061887483929,10000.0,False
3,first_label_token,24,0.22833262371415852,0.3139996579836193,0.2267304236147584,0.31881323158441155,0.5696135032076796,0.21588260388451952,0.13906176388263702,0.7528249741284398,10000.0,False
3,first_label_token,25,0.2300985536655458,0.30869411499583677,0.2280428702089967,0.3148701292870054,0.5714017852013853,0.2134208942998127,0.13844147324562073,0.7539275083547552,10000.0,False
3,first_label_token,26,0.2317137213314281,0.30384152077086024,0.2299329933999967,0.30919146081429827,0.5737514976693803,0.21018633189627267,0.13800881803035736,0.7546965304140212,10000.0,False
3,first_label_token,27,0.2336286031899332,0.29808846810371303,0.23273520670017275,0.30077251733099486,0.5770712523901163,0.2056164307041366,0.1376408338546753,0.7553506030764484,10000.0,False
3,first_label_token,28,0.23543412344796316,0.29266398037883756,0.23552404852474437,0.2923937469841885,0.5804746611779478,0.20093137316669618,0.13775622844696045,0.755145495212596,10000.0,False
3,last_label_token,0,0.2813790096956141,0.15462760534357867,0.2970103600445916,0.1076648465647011,0.661733624113708,0.08907207546847828,0.2189663052558899,0.6107988230876871,31622.776601683792,False
3,last_label_token,1,0.27113902067937773,0.18539253000969214,0.285978959989147,0.14080748192463743,0.6486887635303145,0.1070293430819369,0.20802545547485352,0.6302456124291975,31622.776601683792,False
3,last_label_token,2,0.25863008739567606,0.22297424904438357,0.2710840040896119,0.1855577484002855,0.630814544293059,0.13163459939518818,0.19532522559165955,0.6528196080575184,31622.776601683792,False
3,last_label_token,3,0.2581981514682289,0.22427195319693982,0.26913495183992786,0.19141346278686155,0.6282484743775439,0.13516699469318094,0.1912943720817566,0.6599842397490565,31622.776601683792,False
3,last_label_token,4,0.2514721966591202,0.24447934723631026,0.2540557356441722,0.23671731917659655,0.6071328267329881,0.16423432992154618,0.1810876429080963,0.6781261680341937,31622.776601683792,False
3,last_label_token,5,0.24335351831772747,0.26887102648179784,0.25341112954275946,0.23865396773095382,0.5973503144849248,0.17770072070797116,0.14443837106227875,0.7432683355412093,10000.0,False
3,last_label_token,6,0.23924279012599914,0.28122125878584314,0.24593516197525153,0.2611146949103961,0.589520750927324,0.18847872536364418,0.14290833473205566,0.7459878952458201,10000.0,False
3,last_label_token,7,0.22458997934806246,0.32524402277663145,0.23270087202056117,0.30087567212194133,0.5713579450334821,0.21348124370885568,0.14164339005947113,0.7482362683675363,10000.0,False
3,last_label_token,8,0.2212536058506044,0.33526779127331297,0.22725687587962431,0.3172315633137325,0.5641299592346705,0.2234311296785665,0.14136995375156403,0.7487222871306681,10000.0,False
3,last_label_token,9,0.21803993898279528,0.34492290115022484,0.21966600979075712,0.34003749053828847,0.5549017898174895,0.23613442433988396,0.14116047322750092,0.7490946278266957,10000.0,False
3,last_label_token,10,0.21813692445514582,0.344631518928443,0.21780301102069247,0.3456346666539156,0.5516985660841485,0.24054391154273014,0.14130710065364838,0.748834005231098,10000.0,False
3,last_label_token,11,0.2161458880961442,0.35061336944557286,0.21319835005688068,0.3594688670738728,0.5462010391620027,0.24811168595642075,0.14135229587554932,0.7487536730834916,10000.0,False
3,last_label_token,12,0.21640316618590796,0.3498404056233194,0.21327297547284293,0.35924466317070647,0.5464274879263229,0.24779996157764028,0.14107945561408997,0.7492386324051779,10000.0,False
3,last_label_token,13,0.2165610962555188,0.3493659220387777,0.21272457186915295,0.3608922818388556,0.5459102422249418,0.24851199061177476,0.14130058884620667,0.7488455796288904,10000.0,False
3,last_label_token,14,0.21693854372040564,0.3482319224998869,0.21275485062799535,0.3608013126184102,0.5470069885253906,0.24700223382324282,0.14124709367752075,0.7489406644986256,10000.0,False
3,last_label_token,15,0.21886373888544675,0.3424478846336213,0.21447952174338974,0.3556197268173297,0.5500070587927554,0.24287240320482817,0.14154821634292603,0.7484054346803496,10000.0,False
3,last_label_token,16,0.22004313589144153,0.33890451559451995,0.21540571581415768,0.35283707799617237,0.5516380822959066,0.24062717219276097,0.14175742864608765,0.7480335707329724,10000.0,False
3,last_label_token,17,0.22037479496803605,0.33790808224971025,0.21680113848517923,0.348644683148174,0.5534103521779805,0.23818750452807258,0.14185841381549835,0.7478540748660654,10000.0,False
3,last_label_token,18,0.22039219992501394,0.3378557909641051,0.217306903230042,0.3471251682694959,0.5546008646989069,0.23654867122672907,0.14205892384052277,0.7474976787637928,10000.0,False
3,last_label_token,19,0.22123704477518547,0.3353175472092662,0.2183333180531734,0.34404141715539427,0.5564727174133813,0.2339719200294348,0.14160653948783875,0.7483017683349056,10000.0,False
3,last_label_token,20,0.22180043068252692,0.33362491599942523,0.2193725505796801,0.34091915665291184,0.5578926471101135,0.23201727609947376,0.1414393037557602,0.748599021118482,10000.0,False
3,last_label_token,21,0.2231667502587583,0.32951995858531624,0.2195313397575827,0.34044209192895303,0.5587878203191677,0.2307850003865506,0.14173877239227295,0.7480667312502172,10000.0,False
3,last_label_token,22,0.22451579230172294,0.32546690962623814,0.22137209547667944,0.33491174262803813,0.5611277732528558,0.2275638727428696,0.14162977039813995,0.7482604766045664,10000.0,False
3,last_label_token,23,0.2252698032795882,0.3232015662850817,0.2222592265666032,0.3322464542619168,0.5622465598483045,0.22602377576993615,0.1413809359073639,0.7487027669220344,10000.0,False
3,last_label_token,24,0.22619625219777853,0.32041815205192814,0.2232929598383543,0.3291407156690924,0.563647531461315,0.22409522912025293,0.1410282552242279,0.7493296384253479,10000.0,False
3,last_label_token,25,0.22767766583867433,0.3159674071351858,0.22482170537740243,0.3245477668408251,0.5657179632106749,0.2212451183995613,0.1404675990343094,0.7503261755350391,10000.0,False
3,last_label_token,26,0.22883768241946437,0.31248226445946004,0.2262440513162052,0.3202744839784054,0.5676524442784926,0.2185821543911768,0.14003057777881622,0.7511029580028935,10000.0,False
3,last_label_token,27,0.2295473499458377,0.31035014615813716,0.22774930200656923,0.3157521228542247,0.5694278492647059,0.21613817101121735,0.13963213562965393,0.7518111681231867,10000.0,False
3,last_label_token,28,0.23059564959101317,0.3072006447709579,0.22966429365783178,0.30999873981162607,0.5718019309164095,0.21287006252640028,0.1397102028131485,0.75167240777986,10000.0,False
3,pre_label_token,0,0.3328462392342191,-4.4844147506495347e-08,0.3455448278859884,-0.03815165559923428,0.726439096146271,-5.143666270690517e-08,0.5626044273376465,0.0,0.1,True
3,pre_label_token,1,0.29072807536405676,0.12653936222806983,0.3055634121934907,0.08196813652239099,0.6747845818014706,0.07110641471550516,0.2938214838504791,0.47774765079453874,100000.0,False
3,pre_label_token,2,0.29457334470348195,0.11498667195069179,0.305742356757156,0.08143051714557625,0.6692377715551553,0.07874203146720582,0.23805110156536102,0.5768765939296547,31622.776601683792,False
3,pre_label_token,3,0.28680506473829764,0.13832561767956264,0.30773578291179754,0.07544148621313018,0.666021452831621,0.08316954494498174,0.18973606824874878,0.662754043464221,10000.0,False
3,pre_label_token,4,0.2747874364131639,0.1744312648147175,0.2950933648758576,0.11342424895649028,0.6470207855481059,0.10932544481551976,0.1732570081949234,0.6920447124548783,10000.0,False
3,pre_label_token,5,0.2621880395071847,0.2122847718874603,0.27329882453469667,0.17890356252811723,0.6249818882020581,0.13966370523758476,0.19344854354858398,0.6561553124208068,31622.776601683792,False
3,pre_label_token,6,0.25860445038611146,0.22305127262972813,0.27285581797110936,0.18023452731275358,0.6165900350618763,0.15121574534163373,0.16374287009239197,0.7089555962663588,10000.0,False
3,pre_label_token,7,0.2510903847317736,0.24562645932430338,0.26530877121356355,0.2029088041472955,0.60596040036498,0.16584826622334148,0.16100621223449707,0.7138198627472419,10000.0,False
3,pre_label_token,8,0.2458442014806411,0.261388041905086,0.2583146135346228,0.22392198619472048,0.5985588266068146,0.17603710955259333,0.158207967877388,0.7187935960154831,10000.0,False
3,pre_label_token,9,0.2269265086710954,0.3182241765161231,0.2322989287496615,0.3020832667333101,0.5681147791758305,0.21794571435983545,0.15520766377449036,0.7241264799337552,10000.0,False
3,pre_label_token,10,0.22279296842943722,0.33064294512391423,0.22645175597246955,0.31965045804783165,0.5608851969742975,0.22789779790235298,0.15530171990394592,0.7239593000736524,10000.0,False
3,pre_label_token,11,0.22242986214261096,0.33173385816515777,0.224759295808167,0.3247352695681076,0.5579603820287881,0.23192403370308035,0.15424509346485138,0.7258373984101598,10000.0,False
3,pre_label_token,12,0.22167098742573202,0.3340138140771006,0.22159952436174665,0.3342284574085542,0.5542766346650965,0.2369949991463135,0.1525644063949585,0.7288247319401255,10000.0,False
3,pre_label_token,13,0.21850431586514,0.34352773170430384,0.2168631305213736,0.3484584348532628,0.551004554043297,0.24149927322443332,0.15039348602294922,0.7326834295729943,10000.0,False
3,pre_label_token,14,0.2186840946934804,0.3429876059188478,0.21913033493426667,0.34164686707716097,0.5530685617142365,0.2386580057485297,0.14914235472679138,0.7349072501392107,10000.0,False
3,pre_label_token,15,0.2194267048555262,0.34075651507925764,0.22038476126534598,0.33787808031683086,0.5547447268702402,0.23635063373191867,0.147879496216774,0.7371519152158675,10000.0,False
3,pre_label_token,16,0.21881025138021518,0.3426085819807003,0.21660315970412825,0.34923948875003763,0.5508388775737346,0.24172733980147065,0.1475243866443634,0.7377831039430716,10000.0,False
3,pre_label_token,17,0.2202626124149611,0.33824512243488336,0.21951504234506303,0.34049105572300775,0.5554337926271583,0.2354020809956786,0.14763407409191132,0.73758814023106,10000.0,False
3,pre_label_token,18,0.22340222526999082,0.3288124997228278,0.22073398237468816,0.33682888367553887,0.5581558868664653,0.2316549060518147,0.14631761610507965,0.7399280755797052,10000.0,False
3,pre_label_token,19,0.22541247536154355,0.3227729236521302,0.22329695565359933,0.329128710679067,0.5623113792483546,0.22593454681223268,0.14556699991226196,0.7412622566780832,10000.0,False
3,pre_label_token,20,0.22695024474328304,0.3181528640887792,0.22601903947461552,0.32095050745502607,0.5666350164333311,0.21998272314207679,0.14586952328681946,0.74072453717241,10000.0,False
3,pre_label_token,21,0.2286497837355157,0.31304678546113074,0.2282179071121857,0.3143442500488517,0.5702589211343717,0.21499413578951443,0.14519499242305756,0.7419234805702677,10000.0,False
3,pre_label_token,22,0.22898894318011628,0.3120278180827093,0.22964925926272609,0.3100439090079512,0.5724655151367187,0.2119565871119271,0.14464670419692993,0.7428980342699643,10000.0,False
3,pre_label_token,23,0.22964853318799444,0.31004615219706066,0.23014818560175535,0.30854493937192995,0.5736643654959542,0.21030627612610564,0.1440567523241043,0.7439466429267028,10000.0,False
3,pre_label_token,24,0.23094622507816603,0.3061473791439203,0.23201948694822166,0.30292281907325747,0.5764228083506352,0.20650906447932138,0.14320296049118042,0.7454642133393001,10000.0,False
3,pre_label_token,25,0.2320303444101029,0.30289026143381037,0.2335516432754132,0.2983196229049283,0.5785833022173713,0.20353497623252137,0.14240822196006775,0.7468768195906828,10000.0,False
3,pre_label_token,26,0.23328506485754702,0.29912059137054714,0.23472527976797408,0.29479356038135396,0.5803905615285665,0.20104714289075598,0.14159798622131348,0.7483169713196487,10000.0,False
3,pre_label_token,27,0.23522459238517185,0.29329349349176814,0.237521748582856,0.2863918755760494,0.583963538418297,0.19612866164096232,0.14150777459144592,0.748477317782428,10000.0,False
3,pre_label_token,28,0.23781717524808996,0.2855043624349022,0.24103719647191152,0.27583009675121917,0.587779780796596,0.1908753064803731,0.142562597990036,0.7466024242562933,10000.0,False
4,first_label_token,0,0.2853899563060087,0.1425771558642932,0.30319643741896174,0.08907945344173906,0.6689678801207983,0.07911355806822584,0.24030135571956635,0.5728768846403874,31622.776601683792,False
4,first_label_token,1,0.2779145545318347,0.16503618116859198,0.29451580528451615,0.11515946360179863,0.6591987994538636,0.09256145923605696,0.23138850927352905,0.5887190039216285,31622.776601683792,False
4,first_label_token,2,0.2646249210133272,0.20496342849169635,0.2771779380926565,0.1672491899620716,0.6385165462974741,0.12103219316259539,0.21768344938755035,0.6130790324248412,31622.776601683792,False
4,first_label_token,3,0.26694199377749145,0.19800203732981236,0.2788823808942522,0.16212837791815748,0.6396985029973904,0.11940513761591232,0.2144440859556198,0.6188368318208748,31622.776601683792,False
4,first_label_token,4,0.25503313080603335,0.23378091088085406,0.25930260249546594,0.2209536813826124,0.6135018869608391,0.15546682196493733,0.19710469245910645,0.649656698593994,31622.776601683792,False
4,first_label_token,5,0.2460159189560834,0.2608721355708643,0.24650054739302948,0.2594160562385086,0.5942381081460905,0.18198491537126227,0.18868856132030487,0.6646159323466119,31622.776601683792,False
4,first_label_token,6,0.23963642921768316,0.28003861327889046,0.24743894288519852,0.2565967495807815,0.5892813610429524,0.18880826420310792,0.15211822092533112,0.7296178033202048,10000.0,False
4,first_label_token,7,0.2309857873355641,0.3060285186777085,0.23482024970174836,0.294508233598768,0.5717922370974757,0.21288340682392481,0.14863741397857666,0.7358047559597819,10000.0,False
4,first_label_token,8,0.2256120425312459,0.3221733459639132,0.22699789640282383,0.318009638836528,0.5622829693706096,0.22597365522387658,0.14762645959854126,0.7376016745955265,10000.0,False
4,first_label_token,9,0.2221078103329955,0.33270142752931375,0.2183851714895553,0.34388562917512644,0.5520306306726792,0.2400867987477655,0.14616160094738007,0.7402053843780697,10000.0,False
4,first_label_token,10,0.22001315044755695,0.33899460357417754,0.21232895971346302,0.3620808553067826,0.5439585148787298,0.25119869546694584,0.14506350457668304,0.7421571933531491,10000.0,False
4,first_label_token,11,0.21743337006128136,0.34674527099316044,0.20898681848990816,0.37212195320342,0.5397170235128964,0.2570374390126918,0.14440380036830902,0.7433297831450494,10000.0,False
4,first_label_token,12,0.21895859742364965,0.34216289255236776,0.21208614381421514,0.3628103691280491,0.5432170146653632,0.25221942832045074,0.14369066059589386,0.7445973518625404,10000.0,False
4,first_label_token,13,0.21844559036383107,0.34370416603649734,0.21042959229284977,0.36778729705665447,0.5420731119748925,0.2537940995563157,0.14328503608703613,0.7453183282522522,10000.0,False
4,first_label_token,14,0.2181727064757788,0.34452401576926683,0.21105897486710748,0.36589638592518603,0.5439380261076598,0.251226899857696,0.14220069348812103,0.7472456906159762,10000.0,False
4,first_label_token,15,0.21936902759455834,0.3409298000882367,0.21294911168202632,0.3602176765209044,0.5464800313741219,0.2477276314252842,0.14197233319282532,0.7476515891197906,10000.0,False
4,first_label_token,16,0.21973454210938526,0.33983165178991415,0.21300023744086258,0.3600640747682625,0.5474094711431936,0.24644818512096278,0.14159095287322998,0.7483294727287059,10000.0,False
4,first_label_token,17,0.21994995469806575,0.33918446827708226,0.2149042450079397,0.35434369220566553,0.5498785772243467,0.24304926810059013,0.14090584218502045,0.7495472212122214,10000.0,False
4,first_label_token,18,0.2200741976249118,0.33881119402076665,0.215945750324666,0.35121460335346144,0.5519991193498884,0.24013017654031377,0.14084991812705994,0.7496466233058472,10000.0,False
4,first_label_token,19,0.22075829866553556,0.33675588742371565,0.21790205530759668,0.34533709892281594,0.5542740204754998,0.2369985977821042,0.13990287482738495,0.751329943332596,10000.0,False
4,first_label_token,20,0.2211012776158437,0.3357254447590251,0.2187207181914514,0.34287751579592907,0.5557527798564494,0.23496297020526136,0.1393330842256546,0.7523427163824397,10000.0,False
4,first_label_token,21,0.2223098987290839,0.3320942750927538,0.2188468075599991,0.34249869407397737,0.556499683155733,0.23393479958274943,0.13909614086151123,0.7527638708430696,10000.0,False
4,first_label_token,22,0.22374775750296458,0.3277743860002157,0.22060158513173336,0.3372266567164818,0.5587032189890117,0.23090146071330964,0.13855352997779846,0.7537283333629977,10000.0,False
4,first_label_token,23,0.22427642165111894,0.3261860725102447,0.22173314936020794,0.3338269957104275,0.5604318121902081,0.22852191740502725,0.13805702328681946,0.7546108480871149,10000.0,False
4,first_label_token,24,0.2254987283915031,0.3225137858772047,0.223006886394084,0.3300001920548601,0.5620397840227399,0.22630841881475217,0.13752445578575134,0.755557459018686,10000.0,False
4,first_label_token,25,0.22726226774584346,0.317215425176233,0.2247829453283999,0.3246642171702636,0.5646360541592125,0.22273445055810248,0.13692837953567505,0.7566169534362771,10000.0,False
4,first_label_token,26,0.22883129039732347,0.31250146858939776,0.22703727193239356,0.3178913393630183,0.5671431373147403,0.2192832551340349,0.13652591407299042,0.7573323147863276,10000.0,False
4,first_label_token,27,0.23060068242690143,0.3071855241671453,0.22906650414987773,0.31179473302958016,0.5693761681308266,0.21620931412123412,0.1362287998199463,0.7578604198608826,10000.0,False
4,first_label_token,28,0.23211786767013934,0.30262730739183974,0.23137121841687114,0.30487047099793474,0.5720293509859998,0.2125570010701895,0.13638758659362793,0.7575781846597964,10000.0,False
4,last_label_token,0,0.2809178216116769,0.15601319439418604,0.29686695788086964,0.1080956826868773,0.6609329960927242,0.09017420235896745,0.217478409409523,0.6134434802820996,31622.776601683792,False
4,last_label_token,1,0.270456391021985,0.18744341599709347,0.2854981294199198,0.1422520847987706,0.6473009093468931,0.1089398325671126,0.2068018615245819,0.6324204868006309,31622.776601683792,False
4,last_label_token,2,0.2582585879734584,0.224090378340998,0.27008708184506713,0.18855289228656402,0.6287756046327222,0.13444135880011232,0.1936485469341278,0.6557998168437629,31622.776601683792,False
4,last_label_token,3,0.25837398657277855,0.22374367589736932,0.269026833221692,0.19173829335431447,0.6271709890926586,0.13665023719213742,0.189510315656662,0.6631553069117113,31622.776601683792,False
4,last_label_token,4,0.2516242644366096,0.24402247626592266,0.2547208713884113,0.23471899155495468,0.606678717476981,0.1648594467162975,0.17961528897285461,0.6807432002929144,31622.776601683792,False
4,last_label_token,5,0.24299682969806574,0.26994265834544084,0.253109566504214,0.2395599809091825,0.5962779325597426,0.17917693803442147,0.14390671253204346,0.744213330824576,10000.0,False
4,last_label_token,6,0.23630233251747965,0.29005554138776446,0.24267049356668938,0.27092303420479746,0.5841904087226932,0.19581635697940258,0.14251907169818878,0.7466797899678523,10000.0,False
4,last_label_token,7,0.22253818431822192,0.33140841606096627,0.22984244963702033,0.3094634896506526,0.5660761472557773,0.22075205013626675,0.14139951765537262,0.7486697388349703,10000.0,False
4,last_label_token,8,0.2187952362188772,0.34265369338723406,0.22392955106847426,0.32722814691923674,0.5579051634844612,0.23200004633436644,0.14129675924777985,0.7488523865401778,10000.0,False
4,last_label_token,9,0.21528948295016248,0.35318634484213085,0.21341905353449975,0.35880578760575144,0.5456180572509766,0.2489142060081435,0.14069853723049164,0.7499156949469729,10000.0,False
4,last_label_token,10,0.2149937990332852,0.3540746947625544,0.20946395216869707,0.37068845723241306,0.5403777915890478,0.25612784024020785,0.1405784636735916,0.7501291194261726,10000.0,False
4,last_label_token,11,0.21335469253924713,0.35899921057295825,0.20610591904455874,0.380777300606829,0.5363733692329471,0.26164023981137363,0.14068971574306488,0.7499313746803665,10000.0,False
4,last_label_token,12,0.21394501293406767,0.3572256576475862,0.20787047778858858,0.37547587678658567,0.538085027101661,0.2592840093085881,0.14035549759864807,0.7505254299849051,10000.0,False
4,last_label_token,13,0.21381021066874015,0.35763065627903456,0.20749232187992384,0.376612004868886,0.5376582650577321,0.2598714805338347,0.1404867321252823,0.750292167464638,10000.0,False
4,last_label_token,14,0.21418509122704257,0.3565043687296361,0.20810557133009452,0.37476956394483874,0.5393624313739167,0.25752556273717175,0.1403876692056656,0.7504682466328831,10000.0,False
4,last_label_token,15,0.21610214810411468,0.3507447814575927,0.21009088804741868,0.36880489693017593,0.5420994670451188,0.25375781974742084,0.14076554775238037,0.7497965872424603,10000.0,False
4,last_label_token,16,0.21742154770538585,0.3467807899656832,0.21070435467888327,0.36696180350867635,0.5434497721054975,0.2518990195575671,0.14086389541625977,0.7496217794039497,10000.0,False
4,last_label_token,17,0.21788398197719028,0.34539145688021466,0.2123695453675855,0.3619589201463619,0.5453129295541459,0.24933423807159394,0.14098861813545227,0.7494000912814749,10000.0,False
4,last_label_token,18,0.21801435246187098,0.34499977304798324,0.21295811949657792,0.36019061352694415,0.5470596874461454,0.24692968965024198,0.1411145031452179,0.7491763372481814,10000.0,False
4,last_label_token,19,0.2197860325084013,0.3396769545295709,0.2144362393547507,0.35574976402176073,0.5490545272827149,0.24418363709090163,0.14071756601333618,0.7498818722788246,10000.0,False
4,last_label_token,20,0.22000324505717814,0.3390243632339106,0.215393206652473,0.3528746604047779,0.5503145201867368,0.24244915862530703,0.140565425157547,0.7501522947077933,10000.0,False
4,last_label_token,21,0.22087834302116843,0.33639522731443416,0.21542116453667648,0.3527906639984346,0.5509199030259077,0.24161580194954257,0.1407504826784134,0.7498233646249959,10000.0,False
4,last_label_token,22,0.22196665451306255,0.3331255147192058,0.21652055628159467,0.34948766170168044,0.5523540432713613,0.23964159609136526,0.1405680924654007,0.7501475537073247,10000.0,False
4,last_label_token,23,0.22221476771250492,0.3323800858054238,0.2172945279033244,0.3471623485855755,0.5536203785102909,0.2378983869073008,0.1402786374092102,0.7506620449593048,10000.0,False
4,last_label_token,24,0.22282769740128716,0.3305386057343894,0.2182269344810678,0.34436103496644843,0.5548410976634306,0.23621797182170678,0.1399228423833847,0.7512944520441711,10000.0,False
4,last_label_token,25,0.22422546579056427,0.3263391638083677,0.21974575138893448,0.33979791562502926,0.5571654760537027,0.23301828375128064,0.1394043266773224,0.752216086643664,10000.0,False
4,last_label_token,26,0.22528297520485244,0.32316199267930734,0.2213816474465763,0.3348830447788378,0.559122088776917,0.23032485379378564,0.13899704813957214,0.7529400029833871,10000.0,False
4,last_label_token,27,0.22627339162746396,0.32018639509014857,0.22280082061511128,0.3306192941577961,0.5608409977760636,0.2279586415446374,0.1386570930480957,0.7535442554118388,10000.0,False
4,last_label_token,28,0.22717317052248145,0.3174831080185042,0.2240293230329241,0.326928392960511,0.562497470759544,0.2256783773387715,0.1388147473335266,0.7532640331494991,10000.0,False
4,pre_label_token,0,0.3328462392342191,-4.4844147506495347e-08,0.3455448278859884,-0.03815165559923428,0.726439096146271,-5.143666270690517e-08,0.5626044273376465,0.0,0.1,True
4,pre_label_token,1,0.28733811097986556,0.13672413867022093,0.3014764625485204,0.09424692988831729,0.6706946685534565,0.07673649916454217,0.2770496606826782,0.5075586909371989,100000.0,False
4,pre_label_token,2,0.2930073970506171,0.11969139004121665,0.3131714492284951,0.05911062106753329,0.6741395325219932,0.0719943753388782,0.1943148970603943,0.6546154142797451,10000.0,False
4,pre_label_token,3,0.28593607990681624,0.14093638736243352,0.3057654565121947,0.08136111645715016,0.6641002206241383,0.08581427086419025,0.18386851251125336,0.6731833174840893,10000.0,False
4,pre_label_token,4,0.2724137586705825,0.1815627194301822,0.28896208049870337,0.13184502251005237,0.6403279120180787,0.11853870702812874,0.16969545185565948,0.6983751929242872,10000.0,False
4,pre_label_token,5,0.2569334815530216,0.22807151534560632,0.2685761059031767,0.19309245430299138,0.6134717797030922,0.1555082669524872,0.16235023736953735,0.7114309282317414,10000.0,False
4,pre_label_token,6,0.25865553206756337,0.22289780331650966,0.2658025869802267,0.20142518866718917,0.6067875421347738,0.1647096410905159,0.1601526141166687,0.7153370888413695,10000.0,False
4,pre_label_token,7,0.24578673899674616,0.26156068163988977,0.2566446128011752,0.22893932081057133,0.5934135821687073,0.18311993966189877,0.15719805657863617,0.720588660628698,10000.0,False
4,pre_label_token,8,0.2404136289067629,0.2777036019964416,0.24772486005510602,0.25573774270425065,0.5839566463181952,0.19613814915408323,0.15494589507579803,0.724591760130591,10000.0,False
4,pre_label_token,9,0.2201933836736599,0.3384531126004474,0.21789227493670807,0.34536648297782413,0.5469263798048516,0.24711319801158693,0.1520184427499771,0.7297951538181846,10000.0,False
4,pre_label_token,10,0.21472373369361172,0.3548860764756411,0.20960623636966993,0.37026097990708506,0.5363928402171415,0.2616134364836078,0.15258759260177612,0.7287835196678948,10000.0,False
4,pre_label_token,11,0.21352191492289055,0.3584968092493709,0.2079137273195411,0.37534593829948126,0.5337935952579274,0.26519149981568824,0.15148673951625824,0.7307402285596597,10000.0,False
4,pre_label_token,12,0.21288072281524914,0.3604232006602226,0.20496129268357735,0.3842162053618654,0.5304424846873564,0.2698045647797277,0.14993134140968323,0.7335048674977773,10000.0,False
4,pre_label_token,13,0.2104144352824748,0.3678328912400144,0.19971505974521156,0.39997793863376585,0.5270893128980108,0.27442046717211,0.1481868177652359,0.736605667206558,10000.0,False
4,pre_label_token,14,0.2125776827836237,0.3613336512211549,0.20485575860287963,0.3845332709688628,0.5338720385767832,0.2650835164715829,0.14686094224452972,0.7389623417300424,10000.0,False
4,pre_label_token,15,0.21347980980111772,0.3586233094728911,0.20722669393074614,0.377410055000035,0.5373470787240677,0.260299852783238,0.14574924111366272,0.7409383324561158,10000.0,False
4,pre_label_token,16,0.2128911931975549,0.3603917435441699,0.20275666533398026,0.39083976719309255,0.5324409917623055,0.2670534639808477,0.14530189335346222,0.7417334697470139,10000.0,False
4,pre_label_token,17,0.21468178644901564,0.35501210237448755,0.20625931475342824,0.3803164399708908,0.5385893429026885,0.2585897792903481,0.14547568559646606,0.7414245631075367,10000.0,False
4,pre_label_token,18,0.2187428947256393,0.34281094766688436,0.20899201000438017,0.37210635586579766,0.5436310102959641,0.2516495310584619,0.14413827657699585,0.743801737822992,10000.0,False
4,pre_label_token,19,0.22024544307163785,0.3382967058450871,0.21284626872599627,0.36052665693806907,0.5490365068451697,0.24420844362811533,0.14336921274662018,0.7451687086341088,10000.0,False
4,pre_label_token,20,0.2217630177986722,0.33373731890840375,0.21661905561174666,0.3491917312335606,0.5548493569638548,0.23620660225075052,0.14351467788219452,0.7449101519493299,10000.0,False
4,pre_label_token,21,0.22386148757293445,0.3274326964701443,0.21828147503508238,0.34419717383504633,0.5582138766761587,0.23157507855769466,0.1428423672914505,0.7461051489278029,10000.0,False
4,pre_label_token,22,0.2247544921746775,0.32474976202016037,0.22029077866498162,0.33816044076413576,0.561088190158876,0.22761836195776153,0.14227190613746643,0.7471191138492728,10000.0,False
4,pre_label_token,23,0.2255302685649455,0.3224190268829934,0.22106446338300945,0.33583598961883476,0.5630228379193474,0.22495516848394326,0.14163781702518463,0.7482461741450519,10000.0,False
4,pre_label_token,24,0.22684740980132287,0.3184618204008839,0.22307310024229418,0.32980125978733477,0.5660661537106297,0.22076580703029203,0.1408848911523819,0.7495844605790314,10000.0,False
4,pre_label_token,25,0.22822799602476487,0.31431400040889745,0.2246121671019482,0.325177301679778,0.5681689446713744,0.2178711513322984,0.14015984535217285,0.7508731916393967,10000.0,False
4,pre_label_token,26,0.22994469153780897,0.3091563768948765,0.22565069599311893,0.32205715517273126,0.5692323091651211,0.21640734720324784,0.13950182497501373,0.7520427885092134,10000.0,False
4,pre_label_token,27,0.232268796648298,0.3021738578192258,0.22864740676238757,0.3130538653087176,0.5726433441418559,0.2117117916222192,0.13948950171470642,0.7520646924610994,10000.0,False
4,pre_label_token,28,0.23506878844830167,0.2937615893435209,0.2320813972409032,0.30273681636779326,0.5758662311970687,0.20727523632379896,0.14055396616458893,0.7501726624695835,10000.0,False
5,first_label_token,0,0.27581598378029193,0.17134110698202343,0.2870142047144786,0.13769720233478355,0.6564168849913012,0.09639098138101398,0.2988598048686981,0.46879229819971235,100000.0,False
5,first_label_token,1,0.27645622061080294,0.1694175855966087,0.295054188896628,0.11354194890282066,0.6593748685692539,0.09231908637179242,0.23228468000888824,0.5871261072222547,31622.776601683792,False
5,first_label_token,2,0.26144684623269476,0.21451160584368412,0.2759431534454602,0.17095896543067823,0.6362704076686827,0.1241241781015131,0.21752624213695526,0.6133584601060966,31622.776601683792,False
5,first_label_token,3,0.26318856567895715,0.20927880066500615,0.2766820378664161,0.16873906797307558,0.6365972983736952,0.12367418756058446,0.21416230499744415,0.6193376827642438,31622.776601683792,False
5,first_label_token,4,0.25220673184434905,0.2422725167795251,0.2582119260515485,0.2242304995103881,0.6111341845087644,0.15872614898412163,0.19596251845359802,0.6516868532639696,31622.776601683792,False
5,first_label_token,5,0.24459433675814077,0.2651431234749575,0.2584756979421407,0.22343802570432914,0.6016598485097164,0.1717683111373388,0.15563058853149414,0.7233747532560874,10000.0,False
5,first_label_token,6,0.238855822747495,0.2823838598617864,0.25097375116428405,0.24597680458085425,0.5908458100647486,0.18665467815499237,0.15093715488910675,0.7317170865445004,10000.0,False
5,first_label_token,7,0.2302389497516536,0.3082723103429533,0.2365874763296432,0.28919879441314256,0.5713452315130154,0.2134987448609662,0.14739765226840973,0.738008367680425,10000.0,False
5,first_label_token,8,0.2244907972191562,0.3255420046122748,0.22789114623510537,0.315325967377979,0.5604747227260045,0.22846284770705638,0.14649540185928345,0.7396120706825431,10000.0,False
5,first_label_token,9,0.2198202133178711,0.339574262033837,0.21665862187617968,0.349072858718008,0.546555789979566,0.24762334379849937,0.14490263164043427,0.7424431365992947,10000.0,False
5,first_label_token,10,0.2172898492893251,0.34717646342220077,0.20865148576367804,0.3731294237161237,0.5365182684249237,0.2614407747767983,0.14363814890384674,0.7446906886538907,10000.0,False
5,first_label_token,11,0.21155317210349717,0.36441168127018586,0.20521920308345507,0.38344134176379807,0.5319668954160033,0.2677060945636499,0.14300169050693512,0.7458219602294157,10000.0,False
5,first_label_token,12,0.21548199613555138,0.35260796007664597,0.20747220656451057,0.3766724391347581,0.5348207954599076,0.2637774786537419,0.1422022581100464,0.7472429095821818,10000.0,False
5,first_label_token,13,0.2155069343182219,0.3525330360401112,0.20557202090736196,0.3823813391868395,0.533578244377585,0.26548794709194534,0.14184202253818512,0.7478832095058172,10000.0,False
5,first_label_token,14,0.21560397989609661,0.3522414732378698,0.20682157147832278,0.37862720111469916,0.5364672524588449,0.26151100223147894,0.14076943695545197,0.7497896743870284,10000.0,False
5,first_label_token,15,0.21633252776971384,0.35005263100259476,0.20772088796150784,0.3759253030668016,0.5378406524658204,0.25962041004707637,0.14051169157028198,0.7502478033541069,10000.0,False
5,first_label_token,16,0.21657748342562122,0.3493166885822875,0.20815571055692786,0.37461892611973824,0.5387886608348174,0.25831540261728836,0.14006464183330536,0.7510424109242821,10000.0,False
5,first_label_token,17,0.21695034283549847,0.3481964733518085,0.21018976484026228,0.3685078324166686,0.5416169543226226,0.25442203612822245,0.13946665823459625,0.7521052955544989,10000.0,False
5,first_label_token,18,0.21725818730202043,0.3472715883928099,0.2115186947734416,0.3645152077296028,0.5440754273358513,0.2510377563548367,0.13936524093151093,0.7522855595164539,10000.0,False
5,first_label_token,19,0.21793984966117794,0.34522360854693757,0.21345069228100175,0.35871073245107554,0.5467825913629611,0.24731113401207094,0.1384640485048294,0.7538873820100063,10000.0,False
5,first_label_token,20,0.2186436164278944,0.3431092184312631,0.2146851002669134,0.35500208862011673,0.5488662447248186,0.24444282271097595,0.13792818784713745,0.7548398463555638,10000.0,False
5,first_label_token,21,0.22028287518926026,0.3381842451503617,0.21470989579913996,0.3549275931545358,0.5497143785492713,0.24327530037830247,0.13761553168296814,0.7553955763658107,10000.0,False
5,first_label_token,22,0.22174689108584109,0.3337857698495692,0.2167445463292739,0.3488147080931471,0.5524421146937779,0.2395203589120698,0.13701051473617554,0.7564709624050846,10000.0,False
5,first_label_token,23,0.22230540684291294,0.33210777047243045,0.21872787956430131,0.3428560002341827,0.5551569962701878,0.23578311276100683,0.1364467293024063,0.7574730615823648,10000.0,False
5,first_label_token,24,0.22347552596020098,0.3285922758330644,0.22053786205644368,0.3374181057290935,0.5574108444342092,0.23268051504578413,0.13592593371868134,0.7583987485453869,10000.0,False
5,first_label_token,25,0.22537887957917543,0.3228738584980577,0.22281499429911125,0.3305767108738832,0.5602654545247054,0.22875092170138478,0.13533630967140198,0.7594467745093303,10000.0,False
5,first_label_token,26,0.22684482766800568,0.31846957813742593,0.22450826789150718,0.32548945549783603,0.5624451757479114,0.22575036549937566,0.1349065899848938,0.7602105788194771,10000.0,False
5,first_label_token,27,0.22875477927071708,0.3127313378834402,0.22690250492897354,0.31829623209018365,0.5650460058901491,0.22217012003927727,0.1346253603696823,0.7607104497795091,10000.0,False
5,first_label_token,28,0.23020420475166384,0.3083766978872675,0.2294329555094743,0.31069376998525045,0.5679919106619699,0.2181148524483998,0.13479936122894287,0.760401172335526,10000.0,False
5,last_label_token,0,0.27933968215429483,0.16075454142512502,0.29669007373457196,0.10862711176498463,0.6609793783235951,0.09011035360206165,0.21751736104488373,0.6133742457836349,31622.776601683792,False
5,last_label_token,1,0.2691280453145003,0.1914342850846017,0.28532820389050395,0.14276260747326963,0.646944597388516,0.10943032375707584,0.20640680193901062,0.6331226845907207,31622.776601683792,False
5,last_label_token,2,0.25575997729261385,0.23159718027645382,0.26884383514147847,0.19228809107841138,0.6267637942017628,0.13721077270571413,0.19326619803905487,0.6564794220450272,31622.776601683792,False
5,last_label_token,3,0.2555257701072372,0.2323008300951157,0.26700324611503534,0.1978179395694737,0.624459447780577,0.14038288520893438,0.18918651342391968,0.6637308484769894,31622.776601683792,False
5,last_label_token,4,0.2503680189116662,0.24779672825737953,0.25393503253199473,0.2370799584801846,0.6049655433462447,0.16721776447196968,0.1788797825574875,0.6820505245506485,31622.776601683792,False
5,last_label_token,5,0.24218694382354994,0.2723758716895296,0.25470777078836904,0.23475835087544128,0.5971206504757665,0.17801687112194242,0.14288996160030365,0.7460205525283782,10000.0,False
5,last_label_token,6,0.2360888537238626,0.29069691502527795,0.24457468866300183,0.26520208823111624,0.5846490395169298,0.19518501593476434,0.14127150177955627,0.7488972803714318,10000.0,False
5,last_label_token,7,0.22105208965910583,0.3358732245838981,0.22882590574376724,0.31251758463516277,0.5627777275918913,0.22529258195929724,0.14003340899944305,0.7510979256560273,10000.0,False
5,last_label_token,8,0.21727647220387178,0.347216653409277,0.22171970014812567,0.333867402397673,0.5534810891672343,0.23809012954747544,0.14001916348934174,0.7511232463065752,10000.0,False
5,last_label_token,9,0.21394722481735615,0.35721901228667485,0.2108109049436425,0.3666416848877696,0.5404752426788586,0.2559936912174743,0.13911974430084229,0.7527219169618271,10000.0,False
5,last_label_token,10,0.2135604409610524,0.35838106199028164,0.20534200267631467,0.38307240381321706,0.5332211053671957,0.26597957678348316,0.13891741633415222,0.7530815443605084,10000.0,False
5,last_label_token,11,0.21186341357832195,0.3634795947624606,0.20231646690048088,0.3921622952579037,0.5293077132281135,0.2713666661639066,0.1390165388584137,0.7529053592481186,10000.0,False
5,last_label_token,12,0.21183891456668116,0.363553199357771,0.20356168506526146,0.3884211734264529,0.5304460669765954,0.26979963347930325,0.13869592547416687,0.7534752328016632,10000.0,False
5,last_label_token,13,0.2118642742894277,0.3634770088502799,0.202291273870388,0.39223798496236406,0.5291629326443712,0.27156596792500043,0.1388649195432663,0.7531748546658226,10000.0,False
5,last_label_token,14,0.21243410110473632,0.36176502663839427,0.20270583849995077,0.39099247085883515,0.5308743484881746,0.2692100705883731,0.1387890875339508,0.7533096421037286,10000.0,False
5,last_label_token,15,0.2137669699532645,0.3577605682693705,0.2036403888413886,0.38818471653607434,0.532537005127979,0.2669212940974791,0.1391129344701767,0.7527340210803422,10000.0,False
5,last_label_token,16,0.21494771492581408,0.3542131494124965,0.2051207862982229,0.3837370242347313,0.5343942145339581,0.2643647005559694,0.13919378817081451,0.7525903078482574,10000.0,False
5,last_label_token,17,0.21543455845167656,0.35275048139853704,0.20713304151006107,0.3776914234585933,0.5369163705521272,0.2608927561613459,0.139281764626503,0.7524339342908989,10000.0,False
5,last_label_token,18,0.2169084156260771,0.34832243905716853,0.20799029053760176,0.3751159124817778,0.538698459272625,0.25843957210005775,0.13939417898654938,0.752234123634274,10000.0,False
5,last_label_token,19,0.21711966490545193,0.34768776375083443,0.2094376636152508,0.37076743831701076,0.5408983791575712,0.25541121086540897,0.1390623152256012,0.7528239941451028,10000.0,False
5,last_label_token,20,0.2173424520412413,0.34701842421948614,0.21009431967214376,0.36879458698888257,0.5421525875059496,0.2536846952916406,0.138946533203125,0.7530297906458948,10000.0,False
5,last_label_token,21,0.21823061694618032,0.34435003010810483,0.20935631599746832,0.37101183834058105,0.5422149385724749,0.25359886418747346,0.13913437724113464,0.7526959076743396,10000.0,False
5,last_label_token,22,0.21937281263976538,0.3409184283347644,0.21111475038929145,0.36572881446694294,0.5446602284407416,0.25023273204092966,0.13897734880447388,0.7529750175231615,10000.0,False
5,last_label_token,23,0.219652969296239,0.3400767283663898,0.21239888327462333,0.36187077761229625,0.5464987233907235,0.2477019004071408,0.13870231807231903,0.7534638702921601,10000.0,False
5,last_label_token,24,0.22043115311310071,0.33773876037988326,0.21378416173598347,0.35770885993311885,0.5482704290822774,0.24526300939468926,0.13837169110774994,0.7540515424619894,10000.0,False
5,last_label_token,25,0.22201027589685776,0.33299445905262615,0.21620385626784894,0.350439152266913,0.5513132207533893,0.24107436943331495,0.13786837458610535,0.7549461613046216,10000.0,False
5,last_label_token,26,0.22306960129938205,0.3298118319859481,0.21737877901862648,0.3469092253211583,0.552862481509938,0.23894169121643993,0.13746993243694305,0.7556543714249149,10000.0,False
5,last_label_token,27,0.22402505874633788,0.3269412648075394,0.2188445964781176,0.342505337027744,0.5544905526297433,0.23670052439022604,0.13715481758117676,0.7562144716311245,10000.0,False
5,last_label_token,28,0.22491500117197757,0.3242675303300344,0.22031416051528033,0.33809019255134354,0.5564703180008576,0.2339752230078399,0.1373174786567688,0.7559253500606424,10000.0,False
5,pre_label_token,0,0.3328462392342191,-4.4844147506495347e-08,0.3455448278859884,-0.03815165559923428,0.726439096146271,-5.143666270690517e-08,0.5626044273376465,0.0,0.1,True
5,pre_label_token,1,0.28547006655140084,0.14233647341233313,0.29938856333243746,0.10051979480475015,0.6681974715545398,0.0801740855232771,0.2631474435329437,0.532269156184553,100000.0,False
5,pre_label_token,2,0.27821348494842274,0.1641380774956136,0.3095238437171744,0.07006945301914314,0.6701821655786337,0.07744199946581032,0.18894171714782715,0.6641659610786639,10000.0,False
5,pre_label_token,3,0.2851537880777311,0.14328669742141498,0.30086228346624294,0.09609216379038898,0.6585205879531989,0.09349507024233061,0.1799861192703247,0.6800840687975849,10000.0,False
5,pre_label_token,4,0.27127961551441865,0.18497012823742265,0.2859618579640108,0.14085886308932705,0.6359405581690684,0.12457824165388875,0.16733478009700775,0.702571163741337,10000.0,False
5,pre_label_token,5,0.2509351778431099,0.246092761410158,0.263112948121143,0.20950591455044,0.6056330191988905,0.1662989319221807,0.15959309041500092,0.7163316130123141,10000.0,False
5,pre_label_token,6,0.2550704298900957,0.233668849870879,0.25893134910519383,0.22206907160308176,0.598662002948152,0.175895079274774,0.15765276551246643,0.7197804392359477,10000.0,False
5,pre_label_token,7,0.24117368169191505,0.2754201067074915,0.24770565834365973,0.25579543214689193,0.5824625512131122,0.19819488755081938,0.15462462604045868,0.7251627990697256,10000.0,False
5,pre_label_token,8,0.2360343981189888,0.2908605209216254,0.23912413300586347,0.281577686772157,0.5726134099880187,0.21175299831874161,0.15285047888755798,0.7283162530183487,10000.0,False
5,pre_label_token,9,0.21517271073926397,0.3535371741511948,0.20601404013753938,0.381053340737484,0.5294998970352301,0.2711021101701262,0.14989012479782104,0.733578127873735,10000.0,False
5,pre_label_token,10,0.20948342074867057,0.37063002236487486,0.19747598071058256,0.40670500678593213,0.5177498088163488,0.2872770226791037,0.15027190744876862,0.732899529141844,10000.0,False
5,pre_label_token,11,0.20807445189532112,0.3748631148575978,0.19634985082289752,0.4100883409092423,0.5154849525259323,0.2903947739385392,0.14913076162338257,0.734927856275326,10000.0,False
5,pre_label_token,12,0.20742659368434874,0.3768095338452828,0.1932445373855719,0.4194179156154736,0.5126612078241941,0.2942818786689454,0.14773942530155182,0.7374008839555645,10000.0,False
5,pre_label_token,13,0.20528330602565734,0.3832488067051366,0.1883399915294487,0.4341530874067777,0.5098277292331728,0.29818238285683607,0.14643266797065735,0.7397235768946839,10000.0,False
5,pre_label_token,14,0.20751219517042657,0.3765523535625388,0.19372749168331885,0.4179669322311985,0.5175793719892742,0.28751164225938997,0.14504453539848328,0.7421909100771528,10000.0,False
5,pre_label_token,15,0.20876763287712546,0.37278052857245836,0.19600504867169036,0.41112426127395985,0.5210058324477251,0.28279485230015744,0.1440614014863968,0.7439383792834278,10000.0,False
5,pre_label_token,16,0.20830059692639263,0.3741836868979096,0.18963632022633273,0.43025840956973893,0.5139980252049551,0.2924416453216294,0.14361077547073364,0.7447393435022761,10000.0,False
5,pre_label_token,17,0.21004113429734686,0.36895443313493603,0.19497723298914293,0.4142122211170154,0.5225017643776261,0.28073558537085463,0.14379866421222687,0.7444053810726124,10000.0,False
5,pre_label_token,18,0.2122050461648893,0.36245319710006374,0.1978898729596819,0.4054615127759915,0.5281467598025539,0.2729648090659531,0.14241154491901398,0.7468709132046238,10000.0,False
5,pre_label_token,19,0.21410054278974774,0.35675838524272885,0.20207721245389024,0.3928811090840493,0.5341483492811187,0.26470315324497007,0.1416545808315277,0.7482163773543967,10000.0,False
5,pre_label_token,20,0.21761158374177308,0.3462098475228711,0.2059939889346852,0.3811135823841819,0.5402077234091879,0.25636195234886194,0.14186348021030426,0.7478450696137785,10000.0,False
5,pre_label_token,21,0.21989965038139278,0.33933560208302394,0.20829294108543076,0.3742066320008083,0.5441660456296776,0.25091301320848336,0.14118650555610657,0.7490483567215627,10000.0,False
5,pre_label_token,22,0.22062658662555598,0.33715160181180404,0.21053700647434268,0.3674645828923768,0.5474463615096917,0.24639740265538335,0.14065085351467133,0.7500004502626143,10000.0,False
5,pre_label_token,23,0.22150120454676012,0.3345239081282646,0.2116995354660419,0.3639718916407142,0.5499589391115333,0.24293864369759965,0.14002801477909088,0.7511075136011093,10000.0,False
5,pre_label_token,24,0.22269709691280076,0.33093098058784587,0.21443968380198758,0.3557394155566326,0.5540792272872284,0.2372667457924802,0.13930273056030273,0.7523966684380528,10000.0,False
5,pre_label_token,25,0.22413051028211578,0.32662444722609585,0.2166393344141856,0.34913080578879463,0.5573036434269752,0.23282808558998624,0.13865654170513153,0.7535452353951759,10000.0,False
5,pre_label_token,26,0.22586398084624476,0.3214164249096857,0.2182543730535427,0.34427859877541533,0.5589397879207836,0.2305758051350303,0.13796523213386536,0.7547740020697248,10000.0,False
5,pre_label_token,27,0.2276366426163361,0.31609065691043414,0.22138084363536675,0.334885459741733,0.562483372407801,0.22569778481909997,0.13789710402488708,0.7548950962269476,10000.0,False
5,pre_label_token,28,0.22988421015378807,0.30933808658422823,0.2249184039460511,0.32425724656375765,0.5656553845445649,0.2213312628123013,0.13892872631549835,0.7530614414590797,10000.0,False
6,first_label_token,0,0.28135472465963923,0.15470056707245317,0.28531415442458724,0.1428048175575326,0.6555798378311285,0.0975432420559531,0.29833415150642395,0.46972661961051543,100000.0,False
6,first_label_token,1,0.2732587141149184,0.17902414340729778,0.28849258342710865,0.1332555751296849,0.653393766258945,0.10055254000842395,0.23092588782310486,0.589541289399568,31622.776601683792,False
6,first_label_token,2,0.257469226933327,0.22646192706976143,0.268512454153109,0.19328368902677195,0.6288070422260701,0.13439808250189034,0.2161913961172104,0.6157310792233361,31622.776601683792,False
6,first_label_token,3,0.2594778902390424,0.22042711832319573,0.2696106918719636,0.18998415387515144,0.6295972936293658,0.1333102398346443,0.2130030244588852,0.6213982434037058,31622.776601683792,False
6,first_label_token,4,0.24914129962440298,0.2514822719038895,0.2623982517659163,0.21165314160913618,0.6108424146636193,0.1591277929233047,0.1606769561767578,0.7144050982017465,10000.0,False
6,first_label_token,5,0.24167919479498343,0.27390134799505816,0.25225234632732485,0.24213540520736987,0.5948112167230173,0.18119598673368498,0.15489713847637177,0.7246784224408345,10000.0,False
6,first_label_token,6,0.23412216090354598,0.2966056280485527,0.2419893401009696,0.27296948531934717,0.5809886707979091,0.20022379885093178,0.15030281245708466,0.7328445971028938,10000.0,False
6,first_label_token,7,0.22721056337116144,0.31737076530301234,0.23097395616419175,0.3060640020018549,0.5644981496474322,0.22292428687005927,0.146833136677742,0.739011764673476,10000.0,False
6,first_label_token,8,0.2224347427111714,0.33171919503184266,0.22489364688135996,0.3243316264578342,0.5560133044459239,0.23460433779649226,0.1458665281534195,0.7407298608656738,10000.0,False
6,first_label_token,9,0.21792367245970654,0.3452722111756892,0.2144546260352896,0.3556945232503701,0.5423320978629489,0.2534375852900108,0.14405398070812225,0.7439515693294244,10000.0,False
6,first_label_token,10,0.21614078794206892,0.3506286922995001,0.206840076767096,0.3785716039978365,0.5329552706550149,0.26634551899015213,0.1428048312664032,0.7461718672528344,10000.0,False
6,first_label_token,11,0.21362506401639025,0.35818690910339757,0.20422172866949515,0.3864381445827134,0.5291183599904805,0.2716273256581123,0.14226453006267548,0.7471322244371612,10000.0,False
6,first_label_token,12,0.21403667546120012,0.35695026763130155,0.20590569311831178,0.38137885751074474,0.5313937451659131,0.26849508056758553,0.14145052433013916,0.7485790771332701,10000.0,False
6,first_label_token,13,0.21392927570503298,0.35727293842737395,0.20405798519358914,0.38693009395335043,0.5303396529510241,0.26994612068189094,0.1410997360944748,0.7492025849099941,10000.0,False
6,first_label_token,14,0.21424223314814206,0.3563326920906167,0.20580983923262908,0.3816668400301936,0.5338368696324965,0.2651319292652805,0.14023356139659882,0.7507421652186221,10000.0,False
6,first_label_token,15,0.2147909725413603,0.35468406472715763,0.20626203713296842,0.3803082608792109,0.5345289727219013,0.2641791954040722,0.13999854028224945,0.7511599029805902,10000.0,False
6,first_label_token,16,0.2150277450305073,0.3539727077344824,0.2063384368640034,0.3800787262404014,0.535344546983222,0.26305649384850094,0.13958697021007538,0.7518914472987209,10000.0,False
6,first_label_token,17,0.21545141765049525,0.35269982978350456,0.2083731466982545,0.37396566300627665,0.5384808131626674,0.25873917893882414,0.13901063799858093,0.7529158477184292,10000.0,False
6,first_label_token,18,0.21572318517861247,0.3518833340318035,0.20909135642171908,0.3718078804168401,0.5403065144514837,0.2562259587770658,0.13897952437400818,0.7529711505618853,10000.0,False
6,first_label_token,19,0.21630941759638425,0.3501220629854199,0.2101467853834649,0.3686369594955021,0.5422121993633879,0.2536026349223395,0.13810884952545166,0.754518729653427,10000.0,False
6,first_label_token,20,0.21671217429537734,0.3489120246266241,0.2107858593724355,0.36671693156812957,0.5435821212640329,0.2517168306224655,0.13760443031787872,0.7554153084627335,10000.0,False
6,first_label_token,21,0.21837571088005514,0.3439141112865034,0.21089002945843865,0.36640396393406105,0.54461277392732,0.25029805687836504,0.13724258542060852,0.7560584688782719,10000.0,False
6,first_label_token,22,0.21983932447032767,0.33951684467092025,0.212949344090053,0.3602169782763983,0.547531791494674,0.24627980162065133,0.136727973818779,0.7569731641362967,10000.0,False
6,first_label_token,23,0.22078519468547916,0.3366750812796787,0.21455425855492344,0.35539518823834815,0.550000982524968,0.2428807676611634,0.13620395958423615,0.7579045720831246,10000.0,False
6,first_label_token,24,0.22197696942241252,0.33309452470460843,0.21580391491160672,0.3516407323445707,0.5519364605430795,0.24021643127297376,0.13570450246334076,0.7587923310423972,10000.0,False
6,first_label_token,25,0.22364497064542369,0.3280831978479529,0.21729701226498901,0.34715488459257926,0.5539438696468577,0.2374530761373791,0.13512834906578064,0.7598164136296718,10000.0,False
6,first_label_token,26,0.22508776528494698,0.32374847948807706,0.21867255523425191,0.34302221613498807,0.5557580899791558,0.23495566040736138,0.13466480374336243,0.7606403412418519,10000.0,False
6,first_label_token,27,0.22709607517018038,0.31771473255461347,0.22145518855888302,0.3346620985474532,0.559040991198115,0.2304364909336417,0.13444051146507263,0.7610390090578005,10000.0,False
6,first_label_token,28,0.22863243647984097,0.31309890338949475,0.2238691794772108,0.3274095267645226,0.5619231200017849,0.22646901593510915,0.13457953929901123,0.7607918943406333,10000.0,False
6,last_label_token,0,0.2781048510254932,0.16446445621045525,0.29233570579721146,0.12170933415249652,0.6583927410991252,0.09367106140432613,0.21906927227973938,0.6106158045779736,31622.776601683792,False
6,last_label_token,1,0.2684869461700696,0.19336039719767606,0.28257990444407743,0.1510195726775977,0.6453440433790704,0.11163361113555481,0.20689013600349426,0.6322635835225496,31622.776601683792,False
6,last_label_token,2,0.2544840916866014,0.23543043873887137,0.26575993610029464,0.20155332857275543,0.6243188297047334,0.14057645695338272,0.19368119537830353,0.6557417859385846,31622.776601683792,False
6,last_label_token,3,0.25416956268438773,0.23637540665271084,0.26382965921353896,0.20735263443419782,0.6221660870463909,0.1435398750575193,0.18956297636032104,0.6630617052599996,31622.776601683792,False
6,last_label_token,4,0.24832049457966782,0.25394829069812874,0.26173277862933503,0.2136524828891817,0.609196388821642,0.1613936758243979,0.1464485079050064,0.7396954222382692,10000.0,False
6,last_label_token,5,0.2402086354103409,0.2783194824885462,0.25079118744665835,0.24652529731004658,0.5935470613110967,0.18293619521592497,0.14336541295051575,0.745175462573324,10000.0,False
6,last_label_token,6,0.23384836982278262,0.29742820334239173,0.24085426971691998,0.27637968018648484,0.5805418142751485,0.2008389316929221,0.14168986678123474,0.7481536584208219,10000.0,False
6,last_label_token,7,0.22074618940593815,0.3367922683669653,0.22811082952162798,0.31466595296246547,0.5608781061252626,0.2279075590088756,0.14041240513324738,0.7504242798128942,10000.0,False
6,last_label_token,8,0.2230839721295012,0.32976865640194064,0.22289812745166426,0.33032694640631444,0.5534206614774816,0.23817331297356226,0.14023177325725555,0.7507453435429586,10000.0,False
6,last_label_token,9,0.21400826077501314,0.3570356364416164,0.21168693574536748,0.36400974612390313,0.5394046879616105,0.2574673932497481,0.1390356421470642,0.7528714041497897,10000.0,False
6,last_label_token,10,0.21375711104449105,0.3577901882802147,0.20546115426456227,0.38271442589364213,0.5319649768476726,0.26770873562253494,0.1387302428483963,0.7534142354604375,10000.0,False
6,last_label_token,11,0.21217945804115104,0.36253007381330116,0.20181961540414506,0.3936550312559033,0.5273700169154576,0.2740340562074821,0.13876423239707947,0.7533538208120067,10000.0,False
6,last_label_token,12,0.211816476773815,0.3636206112471888,0.2029337915051885,0.390307610977603,0.5285400550906397,0.27242340743930316,0.13834305107593536,0.7541024486234466,10000.0,False
6,last_label_token,13,0.21139779932358685,0.3648784817581089,0.20129206360889082,0.39524000294541806,0.52737013071525,0.2740338995531957,0.1384536623954773,0.7539058427771944,10000.0,False
6,last_label_token,14,0.21449084241851038,0.3555857727861085,0.20235105883173582,0.3920583675825211,0.5296341166776769,0.2709173463680916,0.1384579837322235,0.7538981618267144,10000.0,False
6,last_label_token,15,0.2152130752050576,0.35341590353778296,0.20304472466476825,0.3899743244284072,0.5308186603193523,0.2692867296943906,0.13875269889831543,0.7533743210039776,10000.0,False
6,last_label_token,16,0.21592703747148273,0.3512708821606907,0.203456203877425,0.38873808012263156,0.5317244137034697,0.2680398895456275,0.13885389268398285,0.7531944543325646,10000.0,False
6,last_label_token,17,0.21598107955035042,0.3511085186579048,0.2049498534002224,0.3842505734380033,0.5338561338536879,0.2651054105629084,0.13899856805801392,0.752937301407701,10000.0,False
6,last_label_token,18,0.21592110705976728,0.35128869943269914,0.20562426623176125,0.3822243738218699,0.5353602289151744,0.26303490644655325,0.13913705945014954,0.7526911401878347,10000.0,False
6,last_label_token,19,0.21601666923330612,0.3510015933561993,0.20631898591498368,0.38013716449008184,0.5369609864819952,0.26083133885547727,0.13878944516181946,0.7533090064388613,10000.0,False
6,last_label_token,20,0.21601380260050798,0.3510102058402499,0.20690128582866252,0.378387708064589,0.5381395852866293,0.2592089057134428,0.13869580626487732,0.7534754446899523,10000.0,False
6,last_label_token,21,0.21706667507396024,0.3478469658917085,0.20624315117587563,0.3803650016724197,0.5384283274161715,0.2588114296608378,0.1388050615787506,0.7532812490729888,10000.0,False
6,last_label_token,22,0.21810290232425977,0.3447337346917637,0.20784533765135693,0.3755514075802274,0.5406343027323234,0.25577473265303297,0.13870882987976074,0.7534522958943678,10000.0,False
6,last_label_token,23,0.21860947328455307,0.3432117977632423,0.2090594972882952,0.37190359769992687,0.5426028339802718,0.25306489591703396,0.13852457702159882,0.7537797957312138,10000.0,False
6,last_label_token,24,0.21926909134167583,0.3412300476067125,0.21026129041399275,0.3682929416505696,0.5442473099011333,0.25080114660319364,0.13820894062519073,0.7543408229486883,10000.0,False
6,last_label_token,25,0.22083138698289376,0.3365363015849093,0.21156074780376016,0.364388863997835,0.5460326026467716,0.24834355195150337,0.137738898396492,0.7551762984726245,10000.0,False
6,last_label_token,26,0.22180142442719275,0.3336219304024941,0.21257753853036576,0.3613340274295046,0.5475669716586585,0.24623137338216494,0.13737088441848755,0.755830424107124,10000.0,False
6,last_label_token,27,0.22295648190153747,0.33015168681855056,0.21416504162700237,0.3565645479436592,0.5495219847735237,0.24354014541027336,0.13709603250026703,0.7563189590436888,10000.0,False
6,last_label_token,28,0.2236396661325663,0.3280991346754425,0.21565787211185744,0.35207950196897986,0.5514939973334304,0.24082551637694904,0.13723009824752808,0.7560806641765555,10000.0,False
6,pre_label_token,0,0.3328462392342191,-4.4844147506495347e-08,0.3455448278859884,-0.03815165559923428,0.726439096146271,-5.143666270690517e-08,0.5626044273376465,0.0,0.1,True
6,pre_label_token,1,0.2863215518598797,0.13977827912832375,0.3003747074543929,0.09755703260937665,0.6699130114387063,0.07781251112356624,0.25627410411834717,0.544486158185626,100000.0,False
6,pre_label_token,2,0.29197199524951584,0.12280214126951705,0.3123046586493484,0.061714798592933495,0.6733124676872703,0.07313289456458061,0.18528811633586884,0.670660045793297,10000.0,False
6,pre_label_token,3,0.28613152704319034,0.1403491878627834,0.30317953414275867,0.08913023748698912,0.6613042238379727,0.08966317842549165,0.17688444256782532,0.6855971372197036,10000.0,False
6,pre_label_token,4,0.2666540963309152,0.1988669936536367,0.28479182620008453,0.14437409559983805,0.6341655282413259,0.12702170873662222,0.1654832810163498,0.7058621067035522,10000.0,False
6,pre_label_token,5,0.24834816636157636,0.2538651538622939,0.2580661052415351,0.2246686021909069,0.5983265532165014,0.1763568519831601,0.15809184312820435,0.7190000016951064,10000.0,False
6,pre_label_token,6,0.24469630858477423,0.264836760298252,0.2548376980949851,0.23436799848818024,0.5917907971293986,0.18535382978618875,0.15615880489349365,0.7224358762470685,10000.0,False
6,pre_label_token,7,0.23940640377397296,0.28072969951304694,0.24542838745758314,0.2626372435410662,0.5773106647138836,0.2052868609750954,0.15320654213428497,0.7276833691848319,10000.0,False
6,pre_label_token,8,0.23431647885747317,0.2960218210538026,0.23628570492528067,0.29010543360368723,0.5666857230563124,0.21991292152228736,0.1514238715171814,0.7308519731461258,10000.0,False
6,pre_label_token,9,0.21188316425355544,0.3634202560234542,0.19969064007286264,0.40005130486943874,0.5176747169815191,0.28738039244415425,0.1481820046901703,0.7366142221962306,10000.0,False
6,pre_label_token,10,0.2064182481845888,0.37983899738165405,0.19054114718397125,0.4275399559038279,0.5059754604051093,0.303485331234267,0.14839650690555573,0.7362329557060245,10000.0,False
6,pre_label_token,11,0.204623798562699,0.3852302245936209,0.1886308613945456,0.43327920069904813,0.5029266742097229,0.3076822231256582,0.14730697870254517,0.7381695352103246,10000.0,False
6,pre_label_token,12,0.20449612721675584,0.3856137991593489,0.1851406546200023,0.4437651453550374,0.5003579724736574,0.3112182413298239,0.14594785869121552,0.7405853000804328,10000.0,False
6,pre_label_token,13,0.20240942610412085,0.3918830639436295,0.1850260470093799,0.4441094713906484,0.49654854205476134,0.3164622192972122,0.12011943012475967,0.7864939835379751,3162.2776601683795,False
6,pre_label_token,14,0.2045414491861808,0.3854776342696339,0.18699372556029248,0.43819779631851863,0.5079266171495453,0.3007994118569265,0.14381210505962372,0.744381490668016,10000.0,False
6,pre_label_token,15,0.20571855977803719,0.3819411345112136,0.1900579067839294,0.42899179885116734,0.5120071298935834,0.29518226793450686,0.14295180141925812,0.7459106354784056,10000.0,False
6,pre_label_token,16,0.20508750546880128,0.38383706801788886,0.18362916177060423,0.4483062603635558,0.5037612305969751,0.30653339119383305,0.14246974885463715,0.746767458747469,10000.0,False
6,pre_label_token,17,0.2094912128288205,0.3706066119140995,0.19012629244507862,0.42878634160911955,0.5139167625363134,0.29255350972052085,0.14270782470703125,0.7463442913480927,10000.0,False
6,pre_label_token,18,0.21093861956556303,0.366258037013628,0.19257272832533892,0.42143629248539893,0.5187605978060169,0.2858855928303774,0.14133518934249878,0.7487840790529781,10000.0,False
6,pre_label_token,19,0.2122811573894084,0.3622245292680122,0.1971424808021353,0.40770697079799645,0.5259104656572101,0.2760432423058967,0.14061687886714935,0.7500608384250089,10000.0,False
6,pre_label_token,20,0.21369714416375682,0.35797035220083273,0.2013885930806649,0.3949499907014222,0.5327131976600454,0.26667875134053787,0.14066466689109802,0.7499758977071145,10000.0,False
6,pre_label_token,21,0.21612855125876035,0.3506654560733239,0.20343588340182264,0.38879913076986083,0.5368550709315709,0.2609771398681624,0.1400429904460907,0.7510808951347906,10000.0,False
6,pre_label_token,22,0.21730414879422227,0.34713350212700533,0.2060351483962115,0.3809899232821531,0.5408259031151523,0.2555109797882702,0.13948215544223785,0.7520777500769155,10000.0,False
6,pre_label_token,23,0.2179072155671961,0.3453216541055125,0.20696546250030773,0.3781948962713205,0.5432133682635651,0.2522244478768113,0.138993501663208,0.752946306659988,10000.0,False
6,pre_label_token,24,0.21953719964548318,0.34042454559338864,0.2097433218435079,0.3698491215890366,0.5472690950922605,0.2466414236992528,0.13834044337272644,0.7541070836797708,10000.0,False
6,pre_label_token,25,0.22168346052410223,0.3339763400201359,0.21210572539257402,0.3627515384168014,0.5504993566945822,0.24219471676179316,0.13775429129600525,0.7551489383972939,10000.0,False
6,pre_label_token,26,0.2233792994202686,0.32888137792557703,0.21323489100993182,0.3593590837755978,0.5519499321945575,0.24019788649441998,0.13716766238212585,0.7561916406679736,10000.0,False
6,pre_label_token,27,0.22534111407624574,0.3229873208123989,0.2157693662563292,0.3517445300020108,0.5546864629793568,0.23643083852016522,0.1372249722480774,0.7560897753729869,10000.0,False
6,pre_label_token,28,0.22792763669951624,0.315216397081334,0.21914346839199547,0.3416074090393477,0.5571430318495807,0.23304917994807894,0.13834865391254425,0.7540924898738587,10000.0,False
7,first_label_token,0,0.2838917291464926,0.14707841515491893,0.3030669036031771,0.08946862362881902,0.6697295854071609,0.0780650113564878,0.24157944321632385,0.5706051508347975,31622.776601683792,False
7,first_label_token,1,0.27397491551246966,0.17687239480615258,0.29164995145397027,0.12376960810052706,0.6564868959058233,0.09629460589889227,0.22834323346614838,0.594131822696965,31622.776601683792,False
7,first_label_token,2,0.25872284785038285,0.22269556042503802,0.2720389470332811,0.18268872673372472,0.632472738698751,0.12935196551744055,0.21347084641456604,0.620566714299154,31622.776601683792,False
7,first_label_token,3,0.260224722213104,0.2181833435121271,0.27292829401352825,0.18001678096739882,0.6327404983905183,0.12898337342629285,0.2106170505285263,0.6256391875101177,31622.776601683792,False
7,first_label_token,4,0.24783827677494338,0.2553970612399217,0.25507354015061834,0.23365943681757584,0.6073893058199843,0.16388126646233914,0.1927177459001541,0.6574542670911213,31622.776601683792,False
7,first_label_token,5,0.2398744647242442,0.2793234616888254,0.25147529249431705,0.24446997849026952,0.5932884857434184,0.18329214464423949,0.15419518947601318,0.7259261001451859,10000.0,False
7,first_label_token,6,0.23360042411740087,0.29817312903862647,0.2419586317879813,0.2730617450882591,0.5807156474650407,0.20059963675442594,0.14988213777542114,0.7335923243891049,10000.0,False
7,first_label_token,7,0.22670286322842126,0.31889609473643366,0.22905492862733473,0.3118295104214629,0.5619663174412831,0.22640955129182472,0.146648108959198,0.7393406417842011,10000.0,False
7,first_label_token,8,0.2201534639887449,0.3385730469184587,0.21992961178306772,0.3392455271730408,0.5499970796729337,0.24288614024126787,0.14575748145580292,0.7409236856781315,10000.0,False
7,first_label_token,9,0.21521812967893456,0.35340071792500494,0.20828690488799279,0.37422476709604935,0.5342436493945723,0.2645719652088895,0.14345568418502808,0.7450150101664001,10000.0,False
7,first_label_token,10,0.2128242861322996,0.3605927584885167,0.19999215182136088,0.399145445786549,0.5239638416707015,0.2787229219885613,0.1419762223958969,0.7476446762643586,10000.0,False
7,first_label_token,11,0.21062613495257723,0.36719686278410335,0.19748360209104393,0.40668210918161163,0.5204298388056394,0.28358775245485524,0.1413569450378418,0.7487454094402166,10000.0,False
7,first_label_token,12,0.21146223885672433,0.36468488024356127,0.1994408054512088,0.40080190567478924,0.5232414598224544,0.27971733692194833,0.14046414196491241,0.7503323202954231,10000.0,False
7,first_label_token,13,0.21145308198047286,0.36471239107463804,0.19792419000833977,0.40535841095531777,0.5223999279887737,0.28087577109961115,0.1402425467967987,0.7507261941388309,10000.0,False
7,first_label_token,14,0.2114820255952723,0.36462543315627916,0.198862642400405,0.40253893334807367,0.5250596487221597,0.27721445814949197,0.13936644792556763,0.7522834141475268,10000.0,False
7,first_label_token,15,0.21240219148267217,0.3618608956004967,0.19938089226474282,0.4009819082929804,0.5261005097076672,0.27578163185398064,0.13920068740844727,0.7525780448135255,10000.0,False
7,first_label_token,16,0.21298645324065907,0.3601055451854468,0.19882596120113083,0.40264913800079216,0.5264871645374458,0.27524937133590277,0.13866634666919708,0.7535278075833971,10000.0,False
7,first_label_token,17,0.21376963863853646,0.35775255049696675,0.20175146776087144,0.39385977339926725,0.5305861256703609,0.26960683176789657,0.1382002979516983,0.7543561848496483,10000.0,False
7,first_label_token,18,0.21409658544203813,0.3567702746601853,0.20292542321341378,0.39033275259530165,0.5328320992093126,0.2665150740880141,0.13820244371891022,0.7543523708604445,10000.0,False
7,first_label_token,19,0.21490335063774044,0.3543464370535562,0.20482477861292223,0.38462634696152487,0.5355333600725446,0.26279657791055633,0.13734261691570282,0.7558806681176777,10000.0,False
7,first_label_token,20,0.21541425720984195,0.35281147425455284,0.20591584694485704,0.38134835144904755,0.5374953053578609,0.2600958072655837,0.13684837520122528,0.756759156964302,10000.0,False
7,first_label_token,21,0.2170639342620593,0.34785520036066375,0.2059014200162487,0.3813916955786981,0.5383523572392824,0.25891600853221153,0.13648240268230438,0.7574096540118505,10000.0,False
7,first_label_token,22,0.2187528850651589,0.3427809327867686,0.20865548879158596,0.3731173970564412,0.5419915832391307,0.25390633021734144,0.13596665859222412,0.7583263622086218,10000.0,False
7,first_label_token,23,0.21955013114865088,0.3403856943094523,0.21039687885957606,0.36788558099023616,0.5445042425844849,0.2504474587332395,0.1354016363620758,0.7593306597269014,10000.0,False
7,first_label_token,24,0.22099354287155537,0.3360491219901919,0.21199254268357734,0.36309158349126824,0.5466294232536765,0.24752198185599306,0.13488540053367615,0.7602482419628653,10000.0,False
7,first_label_token,25,0.2224889082067153,0.33155646073718004,0.2135779725403345,0.35832833282796506,0.5487330797339688,0.2446261347028632,0.13429467380046844,0.7612982278934829,10000.0,False
7,first_label_token,26,0.22356877687598478,0.32831211367716895,0.2149768973598961,0.35412541615758175,0.550694964112354,0.24192544790102988,0.1338435262441635,0.7621001191235961,10000.0,False
7,first_label_token,27,0.22514256870045382,0.32358382863280366,0.21716291443640445,0.3475577668571149,0.553078906275645,0.23864376565325462,0.13358747959136963,0.7625552286825549,10000.0,False
7,first_label_token,28,0.22668025233164554,0.31896402669757495,0.2193466635311351,0.3409969314599318,0.5556277779971852,0.2351350450100964,0.13370831310749054,0.762340453415512,10000.0,False
7,last_label_token,0,0.28028655412818204,0.15790976835955772,0.2967275899999282,0.10851439824752362,0.6617236353770024,0.08908582574330837,0.21889999508857727,0.6109166859485009,31622.776601683792,False
7,last_label_token,1,0.2690974387801996,0.19152623906234123,0.2844503883554154,0.14539990827339488,0.6460369013938583,0.11067983806070003,0.2051720768213272,0.6353173440311493,31622.776601683792,False
7,last_label_token,2,0.2553176206700942,0.23292619226521605,0.267514773777553,0.19628111063478415,0.6254545131651293,0.1390131001285141,0.1915392279624939,0.6595490212032373,31622.776601683792,False
7,last_label_token,3,0.25470305771386925,0.2347725793092712,0.2651735706489627,0.20331499946162568,0.622443678399094,0.14315774891858468,0.18765246868133545,0.6664575329253213,31622.776601683792,False
7,last_label_token,4,0.24805446833121678,0.2547475374043341,0.25137952275636816,0.24475770819705234,0.601713962715213,0.17169381871455058,0.17798751592636108,0.6836364819085541,31622.776601683792,False
7,last_label_token,5,0.24039077438226267,0.27777226591037885,0.24959305835371257,0.2501249451736044,0.5916546573158071,0.18554123685350699,0.1429460644721985,0.7459208326023188,10000.0,False
7,last_label_token,6,0.23371760584727055,0.2978210693746982,0.23887468546378512,0.2823271246392439,0.5784480263205135,0.20372119405110178,0.141401007771492,0.7486670902313566,10000.0,False
7,last_label_token,7,0.2202951078655339,0.3381474934152351,0.2247733637064445,0.3246930041058319,0.5576501750144638,0.2323510578430611,0.1401582807302475,0.7508759726731912,10000.0,False
7,last_label_token,8,0.21591775717855502,0.35129876378364444,0.21638309574928605,0.3499006468418975,0.5464148032565077,0.24781742301457965,0.13991771638393402,0.7513035632406025,10000.0,False
7,last_label_token,9,0.21154328033703715,0.364441399998348,0.20388811736547646,0.3874404432705928,0.5304930101923582,0.2697350124829575,0.1383133977651596,0.7541551558353611,10000.0,False
7,last_label_token,10,0.21153352320695124,0.36447071422628075,0.19799529564480822,0.4051447818448092,0.52305809469784,0.2799697533117308,0.13779522478580475,0.7550761812560229,10000.0,False
7,last_label_token,11,0.2098911894469702,0.3694049260034924,0.19452288811948118,0.41557725060259054,0.5184706679913176,0.286284703824197,0.13773447275161743,0.7551841648253574,10000.0,False
7,last_label_token,12,0.21012602172979788,0.3686993981480513,0.19562882816090305,0.4122545746649422,0.519955479597845,0.2842407448869948,0.13722391426563263,0.7560916558815527,10000.0,False
7,last_label_token,13,0.21013370481859736,0.36867631514984267,0.19438365968335578,0.4159955472165331,0.5191365650721959,0.2853680445768322,0.13739922642707825,0.7557800476663895,10000.0,False
7,last_label_token,14,0.2105918307264312,0.36729992607171424,0.1950626838107069,0.413955493466303,0.5212368107643448,0.28247689263949805,0.13740074634552002,0.7557773460907035,10000.0,False
7,last_label_token,15,0.2120000646895721,0.36306904147607666,0.19606042429178702,0.41095789127781523,0.5229934724439093,0.28005871088243084,0.13771936297416687,0.7552110216660013,10000.0,False
7,last_label_token,16,0.21316459800014978,0.3595703287807509,0.19643975746731798,0.40981822622593045,0.5239232664348699,0.27877877696406306,0.1377173215150833,0.7552146502529522,10000.0,False
7,last_label_token,17,0.21471447984711461,0.35491387864319257,0.19904082322321018,0.40200360854717043,0.5272042971699178,0.2742621823572764,0.13790206611156464,0.7548862763769136,10000.0,False
7,last_label_token,18,0.21467954170804063,0.35501884645271664,0.1998129580201221,0.3996838139704031,0.5289573701489874,0.27184894072622734,0.13806158304214478,0.7546027433600566,10000.0,False
7,last_label_token,19,0.21491938599017488,0.35429826059468905,0.2011398499753295,0.39569731216533377,0.5309986114501953,0.26903901293320065,0.1377982348203659,0.755070831076723,10000.0,False
7,last_label_token,20,0.21500207035481428,0.35404984448358157,0.20191135727056936,0.39337940284873296,0.5322715005954775,0.2672867817860778,0.13769064843654633,0.7552620602576392,10000.0,False
7,last_label_token,21,0.21604438108556412,0.3509183361333913,0.20083819237075934,0.3966036094568445,0.5319191139285304,0.2677718695063588,0.1378457099199295,0.7549864465655874,10000.0,False
7,last_label_token,22,0.2173476980513885,0.34700266315697714,0.203125349413447,0.3897320961860249,0.5348720614649668,0.2637069070009108,0.13776527345180511,0.7551294181886603,10000.0,False
7,last_label_token,23,0.21771636289708754,0.345895050034835,0.20440536947811352,0.38588641585139627,0.5367676358263032,0.26109750110729313,0.13756218552589417,0.7554903963751847,10000.0,False
7,last_label_token,24,0.2183846024905934,0.3438873974171881,0.20534846361945658,0.3830529926159477,0.5381338199647535,0.2592168421284884,0.13725346326828003,0.7560391340718912,10000.0,False
7,last_label_token,25,0.21956607754490956,0.3403377851096655,0.2068626259555336,0.3785038574265679,0.5400174661844719,0.2566238562517652,0.13683606684207916,0.7567810344301519,10000.0,False
7,last_label_token,26,0.22059781290903813,0.33723804928939727,0.20822848311993256,0.3744002889107031,0.5417323216670702,0.2542632239841711,0.13646048307418823,0.7574486149710095,10000.0,False
7,last_label_token,27,0.22150992145057485,0.3344977191461518,0.20965995548152122,0.3700995867088511,0.5434139796665737,0.2519482906402425,0.1362045407295227,0.7579035391277152,10000.0,False
7,last_label_token,28,0.22245324239009567,0.3316636147741343,0.21142101608404593,0.3648086726722942,0.5455186603449974,0.24905103359853487,0.13634249567985535,0.7576583314051499,10000.0,False
7,pre_label_token,0,0.3328462392342191,-4.4844147506495347e-08,0.3455448278859884,-0.03815165559923428,0.726439096146271,-5.143666270690517e-08,0.5626044273376465,0.0,0.1,True
7,pre_label_token,1,0.2885771150348567,0.13300168678551938,0.3027203279383042,0.09050987232143992,0.6720304601332721,0.07489767791220237,0.24812157452106476,0.5589768539589632,100000.0,False
7,pre_label_token,2,0.2914179745842429,0.12446663563602145,0.3108387955096589,0.06611882412750936,0.6721824966558889,0.07468838778555087,0.18222171068191528,0.6761104217678773,10000.0,False
7,pre_label_token,3,0.28404433947651325,0.1466199141449166,0.3001741906174091,0.0981594635227947,0.6586698003175879,0.0932896677896603,0.17494574189186096,0.6890430764653982,10000.0,False
7,pre_label_token,4,0.26676730308212154,0.19852687637743283,0.2822075066446256,0.15213840115032473,0.6314026520031841,0.13082502328138146,0.16405466198921204,0.708401402446208,10000.0,False
7,pre_label_token,5,0.24643308334991712,0.25961881087204575,0.25299095826990464,0.23991632638125715,0.5915867396763392,0.18563473077931814,0.1565401554107666,0.7217580456102255,10000.0,False
7,pre_label_token,6,0.2423352834557285,0.27193020152311276,0.2490008330144802,0.2519042214549868,0.5845248823406316,0.19535592796764245,0.15487918257713318,0.7247103381143807,10000.0,False
7,pre_label_token,7,0.23726452098173254,0.28716475160562627,0.24030962150637844,0.2780160161865115,0.5709643067432051,0.21402311750476333,0.15205498039722443,0.7297302100575742,10000.0,False
7,pre_label_token,8,0.23215627750428786,0.3025119092549723,0.23066298380619338,0.3069982844516219,0.5601918709378283,0.22885221524554067,0.1504027396440506,0.7326669817445526,10000.0,False
7,pre_label_token,9,0.20940668442670038,0.37086056823370583,0.1917662307995708,0.42385932612400146,0.5065028278767562,0.30275936879423515,0.14690335094928741,0.7388869624711938,10000.0,False
7,pre_label_token,10,0.20373730378992416,0.38789360097596637,0.18660897166789078,0.43935374732157306,0.4914838838977974,0.3234341161077512,0.12301375716924667,0.7813494683087161,3162.2776601683795,False
7,pre_label_token,11,0.20215321869409386,0.3926528110259635,0.18304006111722032,0.4500761488679408,0.4869218585871849,0.3297140996183706,0.12153302133083344,0.7839813989627644,3162.2776601683795,False
7,pre_label_token,12,0.20218140097225415,0.39256814046009225,0.17860200385085676,0.4634098066943567,0.4828461446681944,0.33532463758398,0.11956591159105301,0.7874778338363562,3162.2776601683795,False
7,pre_label_token,13,0.20014337571729132,0.39869116396501514,0.17303830795929212,0.48012532269966135,0.47993480778541886,0.3393323197805599,0.11940964311361313,0.787755592897335,3162.2776601683795,False
7,pre_label_token,14,0.20274528054630056,0.3908740260827436,0.1786806859889952,0.4631734148129495,0.4886133546588802,0.32738562340106137,0.118520088493824,0.7893367297966636,3162.2776601683795,False
7,pre_label_token,15,0.2036436377453203,0.3881750103409024,0.18207104787105272,0.4529874432199964,0.493934230644162,0.32006102277425463,0.11675088852643967,0.7924813903812887,3162.2776601683795,False
7,pre_label_token,16,0.20290529747970965,0.3903932727446465,0.17502447897646609,0.47415808903450374,0.4825792969775801,0.33569197423443786,0.11610063165426254,0.7936371880262776,3162.2776601683795,False
7,pre_label_token,17,0.20468841520678097,0.38503609096865243,0.18097615762918937,0.45627692124298946,0.49366886074803457,0.3204263251253876,0.11677940934896469,0.7924306961081207,3162.2776601683795,False
7,pre_label_token,18,0.20838369000859622,0.37393404283967724,0.184898990342597,0.4444911992543893,0.5002211194078462,0.31140663024443005,0.11426515132188797,0.7968996584996444,3162.2776601683795,False
7,pre_label_token,19,0.20995019063228318,0.36922766340892443,0.1893793779260972,0.4310303646182775,0.5159257488090451,0.2897879834889002,0.13979236781597137,0.7515263637765952,10000.0,False
7,pre_label_token,20,0.21179196093262745,0.3636942664050279,0.1945442496227617,0.4155130723015219,0.5242158424954454,0.2783760232064847,0.13985908031463623,0.7514077857928054,10000.0,False
7,pre_label_token,21,0.21407122251366367,0.3568464747986342,0.19592822419495143,0.4113550720147977,0.5273577169209969,0.27405098810880546,0.13926030695438385,0.7524720741829376,10000.0,False
7,pre_label_token,22,0.21512626840286897,0.3536767050606757,0.19902269219150062,0.4020580812496043,0.5320421491350447,0.2676025019523609,0.138655424118042,0.7535472218478863,10000.0,False
7,pre_label_token,23,0.21593983193405536,0.35123244260020225,0.20033484867640905,0.3981158505539608,0.534904954413406,0.2636616272929413,0.13812308013439178,0.7544934354889152,10000.0,False
7,pre_label_token,24,0.21777439277713037,0.3457207056204933,0.20333522347842944,0.3891015525041477,0.539487716931255,0.2573530973998197,0.13747045397758484,0.75565344441365,10000.0,False
7,pre_label_token,25,0.21968714369445289,0.3399740551325716,0.20573924248959838,0.3818789402260079,0.5427966141901096,0.25279814235044695,0.13691052794456482,0.7566486837075704,10000.0,False
7,pre_label_token,26,0.221826453168853,0.33354673429140025,0.20754752038907603,0.3764461669832099,0.5446520957626214,0.25024392730641254,0.1363656371831894,0.7576171985910276,10000.0,False
7,pre_label_token,27,0.223812411011768,0.3275801416192322,0.21019530416536733,0.36849119012002685,0.54752491862834,0.24628926265699158,0.13637371361255646,0.7576028431594408,10000.0,False
7,pre_label_token,28,0.22607606519170168,0.3207792407388337,0.21381870077437715,0.3576050911685549,0.550127896541307,0.2427060606230369,0.1374509483575821,0.7556881146349546,10000.0,False
8,first_label_token,0,0.28295427370472115,0.14989489728182426,0.3024536950247628,0.09131094175814292,0.6675799906754694,0.08102409609416639,0.24163278937339783,0.5705103308254236,31622.776601683792,False
8,first_label_token,1,0.2735348228646928,0.17819460493093875,0.2914883958191431,0.12425498434184812,0.6546863010951451,0.0987732650361095,0.227641761302948,0.5953786528481599,31622.776601683792,False
8,first_label_token,2,0.2584369106453006,0.2235546274181418,0.2716687555072688,0.18380092669912318,0.6303495198738676,0.132274741763045,0.2137288749217987,0.620108082097389,31622.776601683792,False
8,first_label_token,3,0.25987525346900237,0.21923328405096953,0.27240499047672045,0.1815889892288901,0.6303578224502692,0.13226331261933189,0.2107321321964264,0.6254346358530241,31622.776601683792,False
8,first_label_token,4,0.24844979518601876,0.2535598211980774,0.25402312559240003,0.23681529251175992,0.6045623074058725,0.1677728501814979,0.19267676770687103,0.6575271036905007,31622.776601683792,False
8,first_label_token,5,0.23987394380970162,0.2793250267194748,0.25049606932311497,0.24741194744579964,0.5903298129554556,0.18736498840477311,0.15400446951389313,0.7262650949217158,10000.0,False
8,first_label_token,6,0.2326634471156016,0.3009881737450738,0.23978231414025572,0.27960025351542495,0.5758854008522354,0.20724884779893238,0.14970701932907104,0.7339035882857983,10000.0,False
8,first_label_token,7,0.22654864848160944,0.3193594160408362,0.22893733176864495,0.3121828173260661,0.5593333043971983,0.23003409902540106,0.14621536433696747,0.740109822759684,10000.0,False
8,first_label_token,8,0.22099578120127444,0.3360423971738785,0.22067304659290474,0.3370119585695569,0.5490488084424444,0.2441915095203936,0.14523090422153473,0.7418596492231752,10000.0,False
8,first_label_token,9,0.2155970934058438,0.3522621629430547,0.20772297081827115,0.3759190453513832,0.5315705900432682,0.26825163980649547,0.1428309977054596,0.7461253577733762,10000.0,False
8,first_label_token,10,0.21282126562935966,0.36060183325854367,0.19968418473956964,0.40007069921253036,0.5208363541034089,0.2830281524542003,0.14126832783222198,0.748902921897129,10000.0,False
8,first_label_token,11,0.21053227256326115,0.3674788620452073,0.19702404887736344,0.4080627865673423,0.5167717172318146,0.28862344200046564,0.14068160951137543,0.7499457830840256,10000.0,False
8,first_label_token,12,0.21124373844691685,0.3653413407765348,0.20014703333878717,0.3986801212012513,0.5211551602147206,0.2825892909868022,0.13987259566783905,0.7513837629580283,10000.0,False
8,first_label_token,13,0.21128088686646534,0.3652297324215783,0.19813271450395345,0.4047319219070553,0.5199344699122325,0.28426966635722506,0.13961468636989594,0.7518421832715043,10000.0,False
8,first_label_token,14,0.21144558561950172,0.3647349130695524,0.19996422519202994,0.39922934829104484,0.5234411720468216,0.2794424174748822,0.13881459832191467,0.7532642980098605,10000.0,False
8,first_label_token,15,0.21234278959386488,0.36203936206479503,0.200563277717398,0.39742956047536115,0.5244803003904198,0.27801197629604146,0.13863994181156158,0.7535747408394335,10000.0,False
8,first_label_token,16,0.2129244107158244,0.3602919451512677,0.20063413010925807,0.3972166922105901,0.525375193107028,0.2767800867028384,0.13810661435127258,0.7545227025588477,10000.0,False
8,first_label_token,17,0.21376162937709264,0.3577766134451359,0.20355709701025185,0.38843495773609904,0.5295332756363044,0.2710561619234415,0.13759639859199524,0.7554295844362119,10000.0,False
8,first_label_token,18,0.21423711696592698,0.3563480630993331,0.20513890530882764,0.38368258764839247,0.5322050110632632,0.26737830981091415,0.1375916749238968,0.7554379805096676,10000.0,False
8,first_label_token,19,0.2144955835422548,0.3555715285994596,0.2065187582448751,0.379536970366823,0.5344724607066947,0.26425698859886726,0.1367766112089157,0.7568867137143424,10000.0,False
8,first_label_token,20,0.2149573822983173,0.3541841048513832,0.20745706798649635,0.37671792133724114,0.5360329860398749,0.26210880381403545,0.13624636828899384,0.757829192824276,10000.0,False
8,first_label_token,21,0.21642251856186812,0.349782263530825,0.20642354548478326,0.37982302669453083,0.5358561459709617,0.26235223795593043,0.13587789237499237,0.7584841395258957,10000.0,False
8,first_label_token,22,0.21788574427115817,0.3453861622611407,0.20840784842226687,0.37386140547055835,0.5387105877659902,0.25842287628336325,0.13532771170139313,0.7594620569521819,10000.0,False
8,first_label_token,23,0.21873283706793265,0.3428411647971149,0.20969743167652805,0.36998699357837395,0.5407409924418987,0.2556278659499204,0.13474975526332855,0.7604893443498293,10000.0,False
8,first_label_token,24,0.22004853897735852,0.33888828261507664,0.2115518353566402,0.3644156404707738,0.5431849375492385,0.25226358497163437,0.134251207113266,0.7613754876608974,10000.0,False
8,first_label_token,25,0.22173104486545595,0.3338333780819236,0.21317179142927922,0.35954865956674154,0.545321339519084,0.249322661099188,0.13373254239559174,0.7622973871207517,10000.0,False
8,first_label_token,26,0.22305011108141987,0.3298703882096298,0.21538362262629662,0.3529034545635652,0.5479022050104221,0.24576989853756304,0.13329993188381195,0.7630663297219094,10000.0,False
8,first_label_token,27,0.22484645042098872,0.32447348354801475,0.21802684719822987,0.34496217533140006,0.5507300929862912,0.24187709026729232,0.13304397463798523,0.7635212803646513,10000.0,False
8,first_label_token,28,0.22623080806571896,0.3203143327341267,0.22047083558154706,0.33761947944465054,0.5534889349416524,0.23807932922730635,0.13314923644065857,0.7633341830053726,10000.0,False
8,last_label_token,0,0.27953890071195714,0.16015601110357347,0.29691803475387957,0.10794222780635576,0.6611093761540261,0.08993140145341316,0.21709829568862915,0.614119112577943,31622.776601683792,False
8,last_label_token,1,0.26833588175412987,0.19381425367825877,0.2840054423869157,0.1467366997880477,0.6441405961493484,0.11329025007198812,0.2036331295967102,0.6380527423853706,31622.776601683792,False
8,last_label_token,2,0.25539017364758404,0.2327082147963695,0.26750885698975635,0.1962988869768134,0.6242218017578125,0.14071002348693862,0.19120608270168304,0.6601411695131739,31622.776601683792,False
8,last_label_token,3,0.2554852429558249,0.2324225894796379,0.2661874226161412,0.20026899207468785,0.6222717894225561,0.14339436749582146,0.18744443356990814,0.6668273044758435,31622.776601683792,False
8,last_label_token,4,0.2486754521602342,0.2528818595517207,0.2512811211978688,0.24505334492093167,0.6006991025780429,0.17309085281521353,0.1777801513671875,0.6840050615874501,31622.776601683792,False
8,last_label_token,5,0.24022718798212644,0.27826374332003345,0.24933631480241022,0.2508963031027033,0.58920884332737,0.1889080904923276,0.14266468584537506,0.7464209684227121,10000.0,False
8,last_label_token,6,0.23317828458898207,0.2994414009840164,0.23729602108482553,0.28707004916420076,0.5745122508842404,0.20913909578518441,0.14108294248580933,0.7492324346727216,10000.0,False
8,last_label_token,7,0.22064781830090435,0.3370878135702745,0.22545818200632303,0.32263554239774317,0.555853970311269,0.23482367365506007,0.1398124098777771,0.7514907400579895,10000.0,False
8,last_label_token,8,0.2176851969807088,0.3459886846147181,0.2204125123865464,0.3377947051073241,0.5486388006130186,0.24475591726316281,0.1394912451505661,0.7520615935948713,10000.0,False
8,last_label_token,9,0.21286344367916846,0.3604751139307325,0.2068241728454077,0.3786193855917104,0.5308806251077091,0.269201430332238,0.13780024647712708,0.7550672554618444,10000.0,False
8,last_label_token,10,0.21238082436954273,0.36192509074999524,0.2012954519576385,0.3952298230220672,0.5230337319253874,0.28000329056741413,0.13722676038742065,0.7560865970486503,10000.0,False
8,last_label_token,11,0.2107289706959444,0.3668879040642592,0.197093812958533,0.4078531880130515,0.5180015435739725,0.2869304901591615,0.1372012346982956,0.7561319676285547,10000.0,False
8,last_label_token,12,0.2108445175555574,0.36654075618883053,0.19907600018156676,0.40189792322182416,0.5205115791128463,0.28347523054924073,0.13669799268245697,0.7570264540410063,10000.0,False
8,last_label_token,13,0.21046182327911633,0.3676905191979699,0.19718481672912086,0.40757977713412286,0.5190303513983718,0.28551425597961977,0.13675107061862946,0.7569321107802829,10000.0,False
8,last_label_token,14,0.21089116104510652,0.36640062093674497,0.19823909727465205,0.4044123065037408,0.5210556414948792,0.2827262862634722,0.13676294684410095,0.7569110014094809,10000.0,False
8,last_label_token,15,0.21369833265032087,0.3579667815232126,0.19911946368818523,0.40176734186822627,0.522421649323792,0.2808458699884915,0.13710060715675354,0.7563108278305944,10000.0,False
8,last_label_token,16,0.21331284306630366,0.35912494272759055,0.19925089683853278,0.40137246533811377,0.5230410087008436,0.2799932735186772,0.1370280534029007,0.7564397883405503,10000.0,False
8,last_label_token,17,0.21367485783681148,0.3580373090274924,0.2014022931331346,0.3949088303916579,0.5259507219330604,0.2759878264036766,0.1372053474187851,0.7561246574825806,10000.0,False
8,last_label_token,18,0.21455332892281667,0.35539803893262645,0.2018389950279428,0.393596807295054,0.5274410231774594,0.2739363105519539,0.13732300698757172,0.7559155237412353,10000.0,False
8,last_label_token,19,0.21437412871032202,0.35593642633019185,0.20258021154323547,0.39136990331499366,0.5291152537369929,0.27163160165821176,0.13705319166183472,0.7563951063975856,10000.0,False
8,last_label_token,20,0.21420463113223806,0.3564456632261078,0.2029097292603565,0.3903799033613803,0.5298967361450195,0.27055583019661333,0.13693243265151978,0.7566097492344476,10000.0,False
8,last_label_token,21,0.2147521411671358,0.3548007293349813,0.2011710615719066,0.3956035403359054,0.5287909211230879,0.27207807078729385,0.13703875243663788,0.7564207713666031,10000.0,False
8,last_label_token,22,0.2159781047276088,0.3511174561867827,0.20314232641909302,0.3896810906287247,0.5316415546321067,0.2681539515173256,0.1369718313217163,0.7565397201548988,10000.0,False
8,last_label_token,23,0.21658995331836348,0.34927922415628054,0.20436425008693662,0.3860099545664414,0.5335954489828157,0.2654642636115174,0.13677644729614258,0.7568870050607399,10000.0,False
8,last_label_token,24,0.21716758343351988,0.3475437977852671,0.2053905342807289,0.382926595913907,0.5350511310481224,0.26346040375884094,0.13649849593639374,0.7573810490928214,10000.0,False
8,last_label_token,25,0.218479199770118,0.3436031902589989,0.2071350466303465,0.37768539929392353,0.5373687984562722,0.2602699538785166,0.1360573023557663,0.7581652476507945,10000.0,False
8,last_label_token,26,0.2192160766665675,0.3413893243875098,0.2084035873413086,0.3738742074224166,0.5390242552556912,0.25799108852923625,0.1356736719608307,0.7588471306511666,10000.0,False
8,last_label_token,27,0.22027453013828824,0.3382093169413648,0.21007669032120904,0.3688475524462792,0.5408941076583221,0.2554170909171455,0.1353871077299118,0.7593564836121359,10000.0,False
8,last_label_token,28,0.22112379474800173,0.33565779450340083,0.21136920672504841,0.36496432822687985,0.542530704145672,0.2531641882578407,0.13554702699184418,0.7590722354723032,10000.0,False
8,pre_label_token,0,0.3328462392342191,-4.4844147506495347e-08,0.3455448278859884,-0.03815165559923428,0.726439096146271,-5.143666270690517e-08,0.5626044273376465,0.0,0.1,True
8,pre_label_token,1,0.2896161327842905,0.12988007183677275,0.3047389551371086,0.08444512760713663,0.6738942442821856,0.07233203372445474,0.24513418972492218,0.5642867744839037,100000.0,False
8,pre_label_token,2,0.29601883928314976,0.11064384191657317,0.3130410731339655,0.059502321789012824,0.6748653251583837,0.07099526518969546,0.1799820363521576,0.6800913259714867,10000.0,False
8,pre_label_token,3,0.2845047029126592,0.14523680265821415,0.3028815181315446,0.09002559400941124,0.6614535932781316,0.08945755974577807,0.17311044037342072,0.6923052291063314,10000.0,False
8,pre_label_token,4,0.2669344349067752,0.19802474712840468,0.2827553292282489,0.15049252809344071,0.6320170939469538,0.12997919604185915,0.16288885474205017,0.7104735639694982,10000.0,False
8,pre_label_token,5,0.24337761181743206,0.2687986402026544,0.2499353585123014,0.249096541772156,0.5870074616760766,0.1919384639623175,0.155333012342453,0.7239036793977627,10000.0,False
8,pre_label_token,6,0.2399714189417222,0.27903217336888264,0.24668512745063845,0.25886150563629096,0.5811510743213301,0.20000023773942766,0.15373419225215912,0.7267454986451862,10000.0,False
8,pre_label_token,7,0.2352340297538693,0.2932651399518802,0.2364060890774767,0.28974375258049023,0.5657550074473149,0.22119412411973538,0.1508321315050125,0.7319037601272007,10000.0,False
8,pre_label_token,8,0.22916129456848658,0.3115100072265742,0.226462319317986,0.3196187216311599,0.5537714661670332,0.2376904029685022,0.1488703340291977,0.7353907527289093,10000.0,False
8,pre_label_token,9,0.2063394835015305,0.3800756372390598,0.1933960313556575,0.41896276854578696,0.49539206048019796,0.31805420634772197,0.12087918817996979,0.7851435532564264,3162.2776601683795,False
8,pre_label_token,10,0.20087816574994255,0.3964835678470816,0.17952090672084264,0.4606490634887733,0.47673369816371375,0.3437388967439161,0.12123585492372513,0.7845095967384459,3162.2776601683795,False
8,pre_label_token,11,0.19956065426353647,0.40044188670482184,0.1770538049585679,0.4680612009955236,0.4739973709362896,0.3475056645055741,0.11982421576976776,0.7870187116429225,3162.2776601683795,False
8,pre_label_token,12,0.19958201897244493,0.4003776987785419,0.17369455930565586,0.4781536872800697,0.47224663165437075,0.3499156936205524,0.11815742403268814,0.7899813469441894,3162.2776601683795,False
8,pre_label_token,13,0.1977278004173471,0.40594849519947995,0.16682840956359352,0.4987822834767581,0.4674779940052193,0.356480095123351,0.11809380352497101,0.7900944290754806,3162.2776601683795,False
8,pre_label_token,14,0.2005799814432609,0.39737942991462216,0.17488459178379603,0.47457836481046023,0.4790771227924764,0.3405129900413001,0.11731002479791641,0.7914875548472836,3162.2776601683795,False
8,pre_label_token,15,0.2013353427919019,0.39511002953247454,0.1785736508730079,0.4634949901163603,0.4849530195989529,0.33242435998286246,0.11555299162864685,0.7946105895834021,3162.2776601683795,False
8,pre_label_token,16,0.20089691947488225,0.3964272243359641,0.16826609683637858,0.4944629092537175,0.46992811635762705,0.3531073106856305,0.1147288903594017,0.7960753865689947,3162.2776601683795,False
8,pre_label_token,17,0.20270318263719062,0.39100050463660874,0.17405725687491794,0.47706400208838307,0.4810074461608374,0.33785574943036567,0.11536959558725357,0.7949365664731702,3162.2776601683795,False
8,pre_label_token,18,0.20523158001298664,0.38340421184088136,0.17741119961778656,0.4669874478172743,0.486940512136251,0.32968842155378886,0.11299044638872147,0.7991653799750311,3162.2776601683795,False
8,pre_label_token,19,0.20720228467668805,0.3774834456738668,0.18334639974001074,0.4491557879689816,0.4959656114337825,0.31726466874418613,0.11169347912073135,0.8014706715884079,3162.2776601683795,False
8,pre_label_token,20,0.20884559535178818,0.37254629886225266,0.18813284865948332,0.43477542551183856,0.5043057481781775,0.3057838202909188,0.11139063537120819,0.8020089605438578,3162.2776601683795,False
8,pre_label_token,21,0.21092915094199302,0.36628648445535483,0.1890769173117245,0.43193907446494373,0.506984592085125,0.30209618280148653,0.10997562110424042,0.8045240745355197,3162.2776601683795,False
8,pre_label_token,22,0.21212071410748137,0.3627065635235023,0.1931429590497698,0.4197230966194293,0.5229851874984613,0.2800701157557617,0.13753020763397217,0.7555472354087367,10000.0,False
8,pre_label_token,23,0.21327906215892117,0.35922643376133356,0.19522480924590296,0.4134684053220723,0.5271373171766265,0.27435438554002334,0.1370132565498352,0.7564660889744352,10000.0,False
8,pre_label_token,24,0.21543430120003323,0.3527512542829039,0.19835643127184957,0.40405978933775144,0.53186778701654,0.2678425250023292,0.13643895089626312,0.7574868872932288,10000.0,False
8,pre_label_token,25,0.2178032049611837,0.3456341425714059,0.20103562218802315,0.39601045315665906,0.5357518075894909,0.2624958678725897,0.13585838675498962,0.7585188097472003,10000.0,False
8,pre_label_token,26,0.2200124596347328,0.3389966790455926,0.20330363842619567,0.3891964463402652,0.5383469910180869,0.2589233955540555,0.13532257080078125,0.7594711946346495,10000.0,False
8,pre_label_token,27,0.2236851419721331,0.327962507499751,0.2067133406631085,0.3789523687657069,0.5424876413425478,0.25322346756365954,0.13535486161708832,0.7594137993943385,10000.0,False
8,pre_label_token,28,0.22518874416832163,0.323445099500563,0.21125693361298375,0.36530164051681424,0.546263949610606,0.24802508481921193,0.13642564415931702,0.7575105393235,10000.0,False
9,first_label_token,0,0.2845342940643054,0.14514789928637117,0.30443376172490483,0.08536204784609869,0.6689257838145024,0.07917150691580921,0.23699770867824554,0.5787489447963203,31622.776601683792,False
9,first_label_token,1,0.2734495932314576,0.17845066802257314,0.2910406986204516,0.12560004162680927,0.6534306053353959,0.10050182814759323,0.22373035550117493,0.6023309724740161,31622.776601683792,False
9,first_label_token,2,0.258846867986086,0.22232295552029258,0.27235074964891964,0.18175194986565313,0.6300294795957934,0.13271530215721128,0.21008673310279846,0.6265817990502319,31622.776601683792,False
9,first_label_token,3,0.26117975090732093,0.21531406447432988,0.27439461235238727,0.17561138783668673,0.6315370287214007,0.1306400432523036,0.2072542905807495,0.6316163177714098,31622.776601683792,False
9,first_label_token,4,0.2495944960778501,0.2501206928311831,0.2561504700604607,0.23042391864846556,0.6061585722851153,0.16557546712513782,0.1896827220916748,0.662848863473595,31622.776601683792,False
9,first_label_token,5,0.24107920302062474,0.2757039575202407,0.25374156326806846,0.23766121573089038,0.5925416385426241,0.1843202380428074,0.1519213765859604,0.7299676838575873,10000.0,False
9,first_label_token,6,0.23373345687609762,0.297773446695907,0.24268264289663619,0.2708865328713067,0.5770884153221836,0.20559280459006712,0.14770038425922394,0.737470277370246,10000.0,False
9,first_label_token,7,0.22688652807924928,0.3183442938223333,0.23051661483379973,0.3074380340260793,0.5596324920654296,0.22962224387442187,0.1444699615240097,0.7432121851445967,10000.0,False
9,first_label_token,8,0.22077328818184988,0.3367108530648447,0.22002853105048173,0.33894833504933064,0.5466765556014886,0.2474571005046361,0.14358197152614594,0.7447905410101308,10000.0,False
9,first_label_token,9,0.2147931331346015,0.3546775734615718,0.20672534093135544,0.3789163152717958,0.5283265458435572,0.2727173195637984,0.14108212292194366,0.7492338914047092,10000.0,False
9,first_label_token,10,0.21259857947085084,0.36127086941472,0.2038137067265871,0.3876640018995261,0.5141354873400776,0.2922524179756312,0.11152375489473343,0.8017723475400194,3162.2776601683795,False
9,first_label_token,11,0.21059628174084574,0.3672865534867501,0.19847582087797278,0.4037010963194926,0.5065243312290737,0.30272976775329774,0.11082902550697327,0.8030071927598619,3162.2776601683795,False
9,first_label_token,12,0.21116314014466872,0.3655834895418264,0.20232102931046686,0.3921485879959272,0.5108111790248326,0.29682858754562214,0.10985212028026581,0.8047435908030312,3162.2776601683795,False
9,first_label_token,13,0.21061545460164047,0.36722895072789474,0.19955210886081728,0.400467506749863,0.5084943466827649,0.30001788789238015,0.10981177538633347,0.8048153017458748,3162.2776601683795,False
9,first_label_token,14,0.2109490963591247,0.3662265606356596,0.20067076883396182,0.39710661516807444,0.5114042618695427,0.29601216277118125,0.10879633575677872,0.8066201926784968,3162.2776601683795,False
9,first_label_token,15,0.21210349106988988,0.36275830825225,0.20227944750745758,0.3922735159767654,0.5140306841425535,0.29239668774782657,0.10863224416971207,0.8069118569084481,3162.2776601683795,False
9,first_label_token,16,0.21270505520476013,0.3609509747422457,0.19965195054767512,0.4001675433177856,0.5119525444607774,0.2952574090384249,0.10766563564538956,0.8086299531006461,3162.2776601683795,False
9,first_label_token,17,0.21318031278978877,0.3595231154176681,0.20393594533455472,0.3872967493667183,0.518624352206703,0.28607314551998997,0.10670886188745499,0.810330568508993,3162.2776601683795,False
9,first_label_token,18,0.21381847397619938,0.3576058300774563,0.20479665644028608,0.3847108369545017,0.5206386437936992,0.28330031610966444,0.10636959969997406,0.8109335893367642,3162.2776601683795,False
9,first_label_token,19,0.21461613358569745,0.35520934920657843,0.20289863057497168,0.3904132481481557,0.5291305285541951,0.2716105746814578,0.13478119671344757,0.7604334588135782,10000.0,False
9,first_label_token,20,0.21487006179424895,0.3544464497352703,0.20370209397388106,0.3879993302119672,0.530804023422113,0.26930687852458146,0.1342243105173111,0.7614232949561264,10000.0,False
9,first_label_token,21,0.2164143530260615,0.349806795988189,0.20290527664312796,0.39039328076302116,0.5307330508192046,0.26940457784574323,0.13381005823612213,0.762159606760762,10000.0,False
9,first_label_token,22,0.21798321459473682,0.3450933233569853,0.2054217955645393,0.3828326748046186,0.534179479134183,0.2646603005752408,0.13337014615535736,0.7629415275196272,10000.0,False
9,first_label_token,23,0.21902999557366892,0.3419483846360839,0.20758712351823053,0.3763271837116321,0.5371734202408991,0.2605389072243086,0.13285556435585022,0.7638561698055798,10000.0,False
9,first_label_token,24,0.2202801648308249,0.33819238812521735,0.20957194496603573,0.3703640046800891,0.5396860331046481,0.2570800997257602,0.13235923647880554,0.7647383666972634,10000.0,False
9,first_label_token,25,0.22210370312217906,0.3327137671940493,0.2111710324006922,0.3655597213172246,0.5419090110714696,0.2540199972437257,0.1319025307893753,0.765550137218856,10000.0,False
9,first_label_token,26,0.22308715371524587,0.3297590976762821,0.21270157389280175,0.3609613767443429,0.5439649950556394,0.2511897749982137,0.13153424859046936,0.766204739602006,10000.0,False
9,first_label_token,27,0.22461196995582902,0.32517795440583264,0.2148438060984892,0.35452527430108427,0.5464149811688591,0.24781717810435733,0.13134869933128357,0.766534543723996,10000.0,False
9,first_label_token,28,0.22595822149965944,0.3211332891955564,0.21708684488504876,0.3477863095071779,0.5491748697617475,0.24401797628621613,0.1315336972475052,0.7662057195853431,10000.0,False
9,last_label_token,0,0.2809834616524833,0.1558159860859264,0.2987251562230727,0.10251292893191044,0.6619179477210806,0.08881833965245267,0.21645744144916534,0.6152581975341289,31622.776601683792,False
9,last_label_token,1,0.2687536768552636,0.19255903408848485,0.28466125776787765,0.14476637417883997,0.6441939345928801,0.11321682554602541,0.20277464389801025,0.6395786558993514,31622.776601683792,False
9,last_label_token,2,0.25546821546153864,0.23247374671995713,0.2682571186738856,0.19405081655725975,0.6237068048044413,0.14141895694411755,0.1904720515012741,0.6614458716533305,31622.776601683792,False
9,last_label_token,3,0.2551607452520803,0.2333975072646277,0.266629343273259,0.19894128977731262,0.6216566326237526,0.1442411787890303,0.18665699660778046,0.6682269325695185,31622.776601683792,False
9,last_label_token,4,0.24791392719044406,0.25516977785805983,0.2523055413190056,0.24197558667088415,0.600469964291869,0.17340627953050947,0.17664144933223724,0.6860290450110055,31622.776601683792,False
9,last_label_token,5,0.2404739772572237,0.2775222919918403,0.2523915346931009,0.24171722898041093,0.5909011071469603,0.1865785574101848,0.14169499278068542,0.7481445472243906,10000.0,False
9,last_label_token,6,0.23322462274246858,0.29930218308066525,0.23996807547176585,0.2790421539049247,0.575008842724712,0.20845549840083522,0.13987095654010773,0.7513866764220035,10000.0,False
9,last_label_token,7,0.2201786313738142,0.33849743426843804,0.22600832386177128,0.3209827013422363,0.5545029696296243,0.23668343142181947,0.1385306417942047,0.7537690159145056,10000.0,False
9,last_label_token,8,0.2166781994475036,0.34901409833331654,0.21903485049720572,0.34193373962861895,0.5449032599184693,0.24989818026430066,0.13834814727306366,0.7540933903990874,10000.0,False
9,last_label_token,9,0.21163066735788555,0.3641788552720857,0.20452199983997504,0.3855360126808426,0.5263430459158761,0.2754477618544572,0.13651533424854279,0.7573511198719856,10000.0,False
9,last_label_token,10,0.21176374339255966,0.3637790429114355,0.19803810600473098,0.4050161627990474,0.5180987702698266,0.286796650032204,0.13589787483215332,0.7584486217514347,10000.0,False
9,last_label_token,11,0.210088760311864,0.3688113459942718,0.19348264822438985,0.4187025376338458,0.512297458808963,0.29478260754748564,0.13572266697883606,0.758760044564345,10000.0,False
9,last_label_token,12,0.21011131190452256,0.3687435922058506,0.19513126180953339,0.41374945836673305,0.5142195116572019,0.29213675195229627,0.13519331812858582,0.7597009345121103,10000.0,False
9,last_label_token,13,0.2095921869037532,0.37030324637302225,0.19767210022742007,0.4061157871401172,0.5067333269519966,0.30244206884669755,0.10581589490175247,0.811917770710597,3162.2776601683795,False
9,last_label_token,14,0.21172550185387876,0.3638939354230162,0.19859563362698596,0.4033411320146848,0.5091273748574137,0.29914647525700877,0.10591910779476166,0.8117343151812874,3162.2776601683795,False
9,last_label_token,15,0.21274282391331778,0.3608375027969467,0.199667182890307,0.40012177940976046,0.5113321288293149,0.2961114595247849,0.10642247647047043,0.8108396036375286,3162.2776601683795,False
9,last_label_token,16,0.21237985626990055,0.36192799929926356,0.1968701939622895,0.40852502683811487,0.5087239145230846,0.29970186986231295,0.1061561107635498,0.8113130547765129,3162.2776601683795,False
9,last_label_token,17,0.21338842936924526,0.35889785196488555,0.20013933181762694,0.39870325957953934,0.5135914682340221,0.293001302688643,0.10612785071134567,0.8113632855440486,3162.2776601683795,False
9,last_label_token,18,0.21361368003011752,0.35822111104243537,0.20023451412425322,0.39841729474593923,0.5147797400210085,0.29136555393226293,0.10624176263809204,0.8111608130407919,3162.2776601683795,False
9,last_label_token,19,0.21366793768746511,0.3580580998577346,0.20263077471436572,0.39121799179560446,0.518460536604168,0.2862986504684848,0.10573239624500275,0.8120661852140961,3162.2776601683795,False
9,last_label_token,20,0.21348297696153656,0.3586137940865428,0.2030737644484063,0.38988707757350116,0.5193467933590673,0.285078648949862,0.10538320988416672,0.8126868457419353,3162.2776601683795,False
9,last_label_token,21,0.21435929947540538,0.35598097914117066,0.19927310462759323,0.4013057444639472,0.515648218363273,0.29017002578469575,0.10540798306465149,0.8126428127068559,3162.2776601683795,False
9,last_label_token,22,0.215484058155733,0.3526017649630139,0.20166438206905077,0.3941214128389189,0.519349337024849,0.285075147395601,0.10515999794006348,0.813083593320264,3162.2776601683795,False
9,last_label_token,23,0.21614200447787757,0.3506250373509989,0.20340116164263558,0.3889034484990709,0.5219911927936458,0.28143842696205046,0.10473000258207321,0.8138478876220794,3162.2776601683795,False
9,last_label_token,24,0.2166472483081978,0.3491070876390242,0.2017287879430947,0.3939279124321031,0.529756105246664,0.27074941959224896,0.13480183482170105,0.760396775653527,10000.0,False
9,last_label_token,25,0.21812684996789242,0.34466178662120217,0.20317956299341025,0.3895692174124107,0.5317120944752413,0.26805684792373174,0.1344371736049652,0.7610449419298955,10000.0,False
9,last_label_token,26,0.21885212249114733,0.3424827848171026,0.20434375891164572,0.3860715180622216,0.5333899073240136,0.26574720772956517,0.13412529230117798,0.7615992946662632,10000.0,False
9,last_label_token,27,0.21960016699398266,0.34023536709623003,0.20572402777792026,0.38192465116376006,0.5350047552285074,0.26352424369015304,0.13390013575553894,0.761999498672308,10000.0,False
9,last_label_token,28,0.22047770363943917,0.33759890442557516,0.20722738875060523,0.3774079674897358,0.5370212042031168,0.26074844446758094,0.13408806920051575,0.7616654567845359,10000.0,False
9,pre_label_token,0,0.3328462392342191,-4.4844147506495347e-08,0.3455448278859884,-0.03815165559923428,0.726439096146271,-5.143666270690517e-08,0.5626044273376465,0.0,0.1,True
9,pre_label_token,1,0.2900407069871406,0.12860448517890166,0.30528559804964467,0.08280279874305607,0.6733794300496078,0.07304071565221604,0.24088823795318604,0.5718337321070934,100000.0,False
9,pre_label_token,2,0.29267156264361216,0.12070036770861603,0.3100370150654256,0.06852768581037783,0.6696086723263525,0.07823145763900363,0.1784389615058899,0.6828340609577181,10000.0,False
9,pre_label_token,3,0.28283585780808906,0.15025066486452177,0.3008756220841608,0.09605208937121867,0.657865604432691,0.09439670612298823,0.17184031009674072,0.6945628193686237,10000.0,False
9,pre_label_token,4,0.2666036333356585,0.19901860419199136,0.2819296283882205,0.15297325599016387,0.629595665170365,0.13331248153541886,0.1619039624929428,0.7122241585280376,10000.0,False
9,pre_label_token,5,0.24314127208805886,0.26950869701602087,0.24744369843426872,0.25658246205354307,0.5826751003746226,0.19790229705896567,0.1542407125234604,0.7258451853047844,10000.0,False
9,pre_label_token,6,0.23972021150989692,0.27978689856472205,0.24412540628128693,0.26655190802515694,0.5763669855454389,0.20658590892280448,0.15259486436843872,0.7287705944822594,10000.0,False
9,pre_label_token,7,0.23223973442526424,0.30226117208302483,0.234864544267414,0.29437515541912584,0.560781962931657,0.22803990761051451,0.14988592267036438,0.7335855969359258,10000.0,False
9,pre_label_token,8,0.22928614576323694,0.311134905496008,0.22215641566685268,0.3325553383694946,0.5455748870593159,0.2489736331426552,0.14797155559062958,0.7369882844846072,10000.0,False
9,pre_label_token,9,0.20527502588865135,0.3832736834692436,0.18201572754803827,0.4531536470821034,0.47630606418898125,0.3443275682498925,0.11960550397634506,0.7874074604383375,3162.2776601683795,False
9,pre_label_token,10,0.19994255354424484,0.39929451217322753,0.1702916922689486,0.4883772292429298,0.4587165351675338,0.3685409262856947,0.11980168521404266,0.7870587585295631,3162.2776601683795,False
9,pre_label_token,11,0.19843313874316817,0.40382938350672315,0.16909236667536887,0.49198047186182425,0.4571650497051848,0.3706766669835492,0.11832605302333832,0.7896816177162341,3162.2776601683795,False
9,pre_label_token,12,0.19835942212273092,0.4040508570132666,0.16695123400006975,0.4984132708862472,0.4569224045056255,0.37101068701816375,0.11668527126312256,0.7925980216414223,3162.2776601683795,False
9,pre_label_token,13,0.19695940658825786,0.4082570502407358,0.16004718011166869,0.5191557459464,0.45237377391142003,0.3772722316573526,0.11659277975559235,0.7927624204677307,3162.2776601683795,False
9,pre_label_token,14,0.20016680324778838,0.39862077851736355,0.16757650695929005,0.49653470664383825,0.464969328872296,0.3599334682626397,0.11585679650306702,0.7940705922786212,3162.2776601683795,False
9,pre_label_token,15,0.20088258470807757,0.3964702915716958,0.17080582290136515,0.48683257996977203,0.4702782286315405,0.3526253538446794,0.1140153706073761,0.7973436306804071,3162.2776601683795,False
9,pre_label_token,16,0.20048364991901302,0.39766884742100417,0.15940371681662166,0.5210889610639791,0.4538960368693376,0.37517671801513086,0.11318660527467728,0.7988167177953108,3162.2776601683795,False
9,pre_label_token,17,0.20233164474743756,0.3921167495047171,0.16746487817844424,0.49687008311107295,0.4683009989121381,0.3553471647047963,0.11406125128269196,0.7972620801751384,3162.2776601683795,False
9,pre_label_token,18,0.20538429933435776,0.3829453833783124,0.17033094598465606,0.4882592957458509,0.4743294771979837,0.3470484943442511,0.11136993765830994,0.8020457496480535,3162.2776601683795,False
9,pre_label_token,19,0.2073220373201771,0.37712366198174896,0.17551456339219038,0.47268568399032984,0.48311857015144927,0.33494962266708916,0.11000716686248779,0.8044680035970155,3162.2776601683795,False
9,pre_label_token,20,0.2093200827847008,0.3711207533752967,0.18079424144841041,0.4568234685185235,0.49221402977694984,0.32242901338051344,0.10955991595983505,0.8052629687286788,3162.2776601683795,False
9,pre_label_token,21,0.21175284906595696,0.36381177372166273,0.1824641379989496,0.4518064469088303,0.49626808807629497,0.31684828606368964,0.10817167162895203,0.8077305005564186,3162.2776601683795,False
9,pre_label_token,22,0.2128663367583972,0.36046642199127976,0.18601562676309538,0.44113638721528303,0.5025041836650431,0.30826381429916816,0.10716535896062851,0.8095191687919062,3162.2776601683795,False
9,pre_label_token,23,0.2138356048519872,0.3575543622387467,0.18834734924701083,0.4341309819488107,0.5071439678929434,0.30187678957656017,0.10627718269824982,0.811097855732892,3162.2776601683795,False
9,pre_label_token,24,0.2156811032976423,0.3520097644308794,0.19278808802115818,0.42078926782543824,0.513455722712669,0.2931881669819547,0.10525976121425629,0.8129062693083203,3162.2776601683795,False
9,pre_label_token,25,0.21808418065559965,0.3447899818933027,0.19792131375865776,0.4053670523330156,0.5300773652661749,0.2703071801289001,0.13438235223293304,0.7611423840568471,10000.0,False
9,pre_label_token,26,0.22051199023463144,0.33749589410823255,0.19968872230593898,0.4000570665904838,0.5321571766829291,0.26744415756477047,0.13390161097049713,0.7619968765547304,10000.0,False
9,pre_label_token,27,0.2229070992029014,0.3303000517241125,0.20316874480047145,0.3896017194902994,0.5361709434445164,0.26191889469093144,0.13398005068302155,0.7618574540605001,10000.0,False
9,pre_label_token,28,0.22623840460256367,0.3202915097717798,0.20762115446459345,0.37622494145402274,0.5397090078401966,0.2570484732110915,0.13516761362552643,0.7597466229244483,10000.0,False
10,first_label_token,0,0.28539964371368665,0.14254805110969349,0.30415224828639953,0.0862078241931089,0.6672417103743353,0.08148976530212693,0.23605124652385712,0.5804312318676597,31622.776601683792,False
10,first_label_token,1,0.27352212056392383,0.17823276760138917,0.2906793914923147,0.12668554939015775,0.6520555127568606,0.10239475028870637,0.2216912806034088,0.6059553216591362,31622.776601683792,False
10,first_label_token,2,0.257930218672552,0.22507692791532186,0.26981218321984557,0.1893787951502871,0.6260870733180968,0.1381423317614756,0.20736905932426453,0.6314123223210752,31622.776601683792,False
10,first_label_token,3,0.26005102846802786,0.21870518733185873,0.2708292592473391,0.186323101426632,0.626246457139985,0.13792292750455726,0.20439696311950684,0.6366950681729382,31622.776601683792,False
10,first_label_token,4,0.2482060785053157,0.2542920412531786,0.25962644544970087,0.21998073063364598,0.6020307396640296,0.17125775054752723,0.15324784815311432,0.7276099498926574,10000.0,False
10,first_label_token,5,0.240050428855319,0.27879479674320184,0.2476734930727662,0.25589206918653506,0.5828436522924599,0.19767027220319833,0.14795246720314026,0.7370222130969,10000.0,False
10,first_label_token,6,0.233379847262086,0.29883582802454245,0.23743459236722034,0.2866537268967926,0.5673920591338342,0.21894059484328499,0.14347633719444275,0.7449783005203129,10000.0,False
10,first_label_token,7,0.22630367439334131,0.32009541383915097,0.22350544328449154,0.3285023323868296,0.5483913165180623,0.24509659841454767,0.14023669064044952,0.7507366031510332,10000.0,False
10,first_label_token,8,0.21971109213949253,0.3399021046542706,0.21208270577823415,0.36282069833125996,0.5345941719888639,0.2640894435299478,0.13936583697795868,0.7522845000750085,10000.0,False
10,first_label_token,9,0.21486339649232497,0.3544664749043641,0.20566340534626937,0.38210678463156467,0.5113823241546375,0.296042361746085,0.10828914493322372,0.807521697890525,3162.2776601683795,False
10,first_label_token,10,0.21311407810499688,0.35972211026860745,0.1944704592728815,0.41573476733994585,0.4979618296903722,0.31451671868222164,0.10677335411310196,0.8102159369445878,3162.2776601683795,False
10,first_label_token,11,0.21051873038796817,0.36751954802661246,0.189420713697161,0.43090617581351986,0.490721957423106,0.3244829673024685,0.1061817854642868,0.8112674193362472,3162.2776601683795,False
10,first_label_token,12,0.21078986159893645,0.36670496402004316,0.19400902355418487,0.4171211005061757,0.49524012333204764,0.31826335967767283,0.10507375746965408,0.8132368812544126,3162.2776601683795,False
10,first_label_token,13,0.21046338682415106,0.36768582169828223,0.19134516195088874,0.4251243814427422,0.4937662557393563,0.32029225332659805,0.10510309040546417,0.813184743492275,3162.2776601683795,False
10,first_label_token,14,0.2106407149499204,0.36715305878009685,0.19261409855690323,0.4213120001478352,0.49726507202917786,0.3154758599243843,0.10413593798875809,0.814903806424792,3162.2776601683795,False
10,first_label_token,15,0.21102335312787224,0.3660034643127197,0.19263609156889075,0.4212459245479018,0.4977862382135471,0.314758434039763,0.10395434498786926,0.8152265785041873,3162.2776601683795,False
10,first_label_token,16,0.21142055767924844,0.36481010677290693,0.19121712195773086,0.42550906360306573,0.4970012248063288,0.31583906619703705,0.10296794027090073,0.8169798613953946,3162.2776601683795,False
10,first_label_token,17,0.2120834591008034,0.36281849210780703,0.1960286172498174,0.41105345205782307,0.50377941612436,0.3065083573975841,0.10212092846632004,0.8184853806615491,3162.2776601683795,False
10,first_label_token,18,0.21226977340313566,0.3622587312070499,0.197392115873449,0.4069569695198253,0.5066542008343865,0.30255099211652126,0.10183645039796829,0.8189910255774592,3162.2776601683795,False
10,first_label_token,19,0.21254514325566654,0.3614314126664735,0.19994313536571856,0.3992927103683632,0.5102660203180394,0.29757904100789656,0.10049834847450256,0.8213694318935948,3162.2776601683795,False
10,first_label_token,20,0.21263237159793116,0.3611693446726245,0.20158611986817432,0.3943565430647359,0.5133152649182231,0.2933815180865631,0.09976436197757721,0.8226740545756428,3162.2776601683795,False
10,first_label_token,21,0.21433904792080408,0.35604182271733986,0.19857970886871595,0.4033889762097901,0.5107682925312459,0.29688762414761705,0.09928242117166519,0.8235306791994352,3162.2776601683795,False
10,first_label_token,22,0.21566400047109907,0.352061147998708,0.20041357088489692,0.3978793382855699,0.51436430666627,0.29193743033361697,0.09859446436166763,0.824753486515853,3162.2776601683795,False
10,first_label_token,23,0.21658238803639132,0.3493019532167886,0.20177059974990974,0.39380229342997775,0.5168582243077895,0.28850435826600873,0.09776650369167328,0.8262251433848052,3162.2776601683795,False
10,first_label_token,24,0.2179096879077559,0.34531422622927654,0.20473565253890863,0.38489411650639216,0.5206886644122981,0.2832314588283904,0.09700313955545425,0.8275819832870993,3162.2776601683795,False
10,first_label_token,25,0.21967281213327616,0.3400171127373455,0.20665852923353178,0.3791170437131195,0.5232123511178153,0.2797574073232949,0.09613130986690521,0.8291316150464416,3162.2776601683795,False
10,first_label_token,26,0.22093168306751412,0.3362349729914158,0.2081951349723239,0.3745004797741083,0.5251276224601169,0.2771208869997368,0.09548056870698929,0.8302882734876049,3162.2776601683795,False
10,first_label_token,27,0.22276470280495012,0.3307278660946895,0.21111892732251591,0.3657162653277507,0.5284237725394113,0.2725834794368409,0.09502693265676498,0.8310945878857532,3162.2776601683795,False
10,first_label_token,28,0.22421433825452788,0.326372595270778,0.21311862368543608,0.3597083962400782,0.5310930075765657,0.26890906930581804,0.09499600529670715,0.8311495596537576,3162.2776601683795,False
10,last_label_token,0,0.2800951252464487,0.15848489545355238,0.2965275676310563,0.10911534358556163,0.6590023040771484,0.09283195044153392,0.2136247307062149,0.6202931930039572,31622.776601683792,False
10,last_label_token,1,0.26694671646887513,0.19798784852117102,0.2821278820518686,0.15237762453359116,0.6411504280667345,0.11740644956108615,0.19970101118087769,0.6450418776014585,31622.776601683792,False
10,last_label_token,2,0.25446154249816383,0.23549818530407418,0.2658229274910037,0.20136407782646804,0.6205458120137703,0.14577030996191465,0.18695521354675293,0.6676968675282893,31622.776601683792,False
10,last_label_token,3,0.2538138758234617,0.2374440288420281,0.2634214256991859,0.20857912739428508,0.6173878196908646,0.15011753260190652,0.18309006094932556,0.6745669744979731,31622.776601683792,False
10,last_label_token,4,0.24627548185717157,0.2600923072834087,0.2575329243635931,0.22627048584390708,0.5994510554465927,0.17480888699353136,0.14068417251110077,0.7499412274858098,10000.0,False
10,last_label_token,5,0.2393883376562295,0.28078397718370707,0.24699735881901588,0.25792344062749284,0.5830542235815225,0.19738040440697047,0.13791975378990173,0.7548548374520179,10000.0,False
10,last_label_token,6,0.23273405026988822,0.3007760543063348,0.23578337901780586,0.2916146168714149,0.5673843127338826,0.21895125836675333,0.1360086053609848,0.7582518040168934,10000.0,False
10,last_label_token,7,0.21962825711033926,0.3401509734203968,0.22077056259668174,0.3367189823980197,0.5459691696808118,0.2484308723745906,0.1345386505126953,0.7608645720237959,10000.0,False
10,last_label_token,8,0.21589104948925372,0.3513790041089082,0.21166666575840543,0.3640706450835327,0.5345951817616695,0.2640880534989557,0.13432513177394867,0.7612440904356169,10000.0,False
10,last_label_token,9,0.21109048378567735,0.3658017776090635,0.2026681835911855,0.39110560091526014,0.5091523771526433,0.2991120576483637,0.10230006277561188,0.8181669787781165,3162.2776601683795,False
10,last_label_token,10,0.21139082948700721,0.36489942186819757,0.19460047633708025,0.4153441452858412,0.4985014699086422,0.3137738618496393,0.10154291242361069,0.819512774003341,3162.2776601683795,False
10,last_label_token,11,0.2098521689406964,0.3695221588378288,0.18939147596599676,0.4309940173801259,0.49137518105386685,0.32358375404725437,0.10159149020910263,0.8194264295255312,3162.2776601683795,False
10,last_label_token,12,0.20994816146978812,0.36923375980523865,0.1931133606854607,0.41981202166888965,0.4946703982954266,0.3190476306082273,0.10116831958293915,0.8201785932227954,3162.2776601683795,False
10,last_label_token,13,0.20962553585276883,0.37020305311084856,0.19153446550128841,0.4245556396228731,0.4933183397565569,0.3209088445979309,0.10157888382673264,0.819448836712104,3162.2776601683795,False
10,last_label_token,14,0.21218024902984875,0.36252769737445356,0.19318849178923278,0.4195862984819875,0.4970291650595785,0.31580060426012435,0.10171519219875336,0.8192065556965319,3162.2776601683795,False
10,last_label_token,15,0.2128508752133666,0.36051287450869307,0.19289473445475602,0.42046886027577035,0.4974605047402262,0.3152068315610467,0.10216709226369858,0.8184033269215937,3162.2776601683795,False
10,last_label_token,16,0.21310715635283656,0.35974290591432856,0.19109348409316118,0.42588052004934795,0.4958693864966641,0.3173971298721435,0.10186286270618439,0.8189440790784046,3162.2776601683795,False
10,last_label_token,17,0.21336718647419906,0.3589616739147675,0.19546516722991686,0.41274627603839265,0.5020580644367122,0.3088779321978943,0.1018647626042366,0.818940702108797,3162.2776601683795,False
10,last_label_token,18,0.21340890932483833,0.35883632218297,0.19561713723575366,0.41228969877133836,0.5033363502566554,0.30711827210735787,0.102006696164608,0.8186884226145829,3162.2776601683795,False
10,last_label_token,19,0.21319157255797827,0.35948928667824676,0.19689304688397577,0.4084563677335089,0.5055052140179802,0.30413266204811173,0.10149727761745453,0.8195938874890136,3162.2776601683795,False
10,last_label_token,20,0.2130051324347488,0.36004942559409925,0.19715451152384783,0.4076708258099776,0.5064804269486115,0.3027902054182766,0.10124563425779343,0.8200411704242936,3162.2776601683795,False
10,last_label_token,21,0.21379644810652532,0.35767200438879143,0.19401316041705988,0.4171086717539674,0.5034120607776802,0.30701405067252496,0.10132701694965363,0.8198965169379261,3162.2776601683795,False
10,last_label_token,22,0.21479390088249656,0.35467526684716855,0.1956540644669733,0.4121787549425393,0.506428681702173,0.3028614367842295,0.10113100707530975,0.820244914257285,3162.2776601683795,False
10,last_label_token,23,0.21529836253959592,0.35315966708890745,0.19737020861200927,0.40702278749161325,0.5092195046048205,0.29901965147696397,0.10069310665130615,0.8210232594012715,3162.2776601683795,False
10,last_label_token,24,0.21574172332507222,0.351827638202601,0.1996370027045242,0.4002124524782257,0.5122996482528558,0.294779593607271,0.10019658505916595,0.8219058006114248,3162.2776601683795,False
10,last_label_token,25,0.2172039600981384,0.34743450808341114,0.2014092870119239,0.39488781804750395,0.5148147358613856,0.29131737942959257,0.09957920014858246,0.8230031700606932,3162.2776601683795,False
10,last_label_token,26,0.21800362883495683,0.3450319910097055,0.20298525385495994,0.39015299797429714,0.5169988359723773,0.28831079534715387,0.09908197075128555,0.8238869693575632,3162.2776601683795,False
10,last_label_token,27,0.219025288910425,0.341962525289936,0.20527681462904987,0.3832682541739568,0.5195439314641872,0.28480727297862674,0.09876822680234909,0.8244446328484482,3162.2776601683795,False
10,last_label_token,28,0.219828918200581,0.3395481091678161,0.2070088057958779,0.3780646760786741,0.5218534838251707,0.28162799409340256,0.09897977858781815,0.8240686105933974,3162.2776601683795,False
10,last_prompt_token,0,0.3328462392342191,-4.4844147506495347e-08,0.3455448278859884,-0.03815165559923428,0.726439096146271,-5.143666270690517e-08,0.5626044273376465,0.0,0.1,True
10,last_prompt_token,1,0.2905391164186622,0.12710706866904686,0.3332552164542575,-0.001228861724477337,0.6694503784179687,0.07844936154500981,0.16279307007789612,0.7106438162097931,10000.0,False
10,last_prompt_token,2,0.29398639903349033,0.1167500858851952,0.3319486345563616,0.002696620733978694,0.626789945714614,0.13717477310941606,0.12486760318279266,0.7780543537958092,3162.2776601683795,False
10,last_prompt_token,3,0.2839343111054236,0.1469504823264196,0.3272175316049271,0.016910702281345058,0.5951604378323595,0.18071525665024424,0.11141066998243332,0.8019733500682704,3162.2776601683795,False
10,last_prompt_token,4,0.2682508164093274,0.19406982318330368,0.310868255230559,0.06603031561701311,0.5567009004224248,0.23365780832758531,0.10181376338005066,0.8190313505674792,3162.2776601683795,False
10,last_prompt_token,5,0.23886915094712202,0.2823438167468172,0.26266464425736114,0.21085279449433614,0.4998506754386325,0.3119165752490881,0.0956590473651886,0.8299710369897624,3162.2776601683795,False
10,last_prompt_token,6,0.23813550452224347,0.2845479770205406,0.26363106415051374,0.20794929158787256,0.48673984303193935,0.3299646582207,0.09081149101257324,0.8385873153499505,3162.2776601683795,False
10,last_prompt_token,7,0.2338338715689523,0.2974717617569733,0.27784153112844256,0.16525549723930644,0.4368603105304622,0.3986277234820862,0.060597777366638184,0.8922906141115905,1000.0,False
10,last_prompt_token,8,0.2266561436052082,0.31903645872376807,0.25772286423114166,0.22569983227873525,0.41290100802894397,0.43160957132178523,0.058012157678604126,0.8968864181301791,1000.0,False
10,last_prompt_token,9,0.20228671226180903,0.3922517442330543,0.21045314965127898,0.36771652154887313,0.34056032966164984,0.5311921550125881,0.0545150451362133,0.9031023531148002,1000.0,False
10,last_prompt_token,10,0.19788403470977015,0.40547910639163676,0.19776251336105732,0.40584415076533,0.3097230206016733,0.5736421151121139,0.051240406930446625,0.9089228515798815,1000.0,False
10,last_prompt_token,11,0.1967068519912848,0.4090158228466084,0.19601148877825056,0.41110491267792204,0.30574420480167164,0.5791192652624377,0.04856943339109421,0.9136703676134683,1000.0,False
10,last_prompt_token,12,0.19662898889108865,0.40924975399712105,0.2004317500010258,0.39782472111875533,0.2799357758850611,0.6146465797765142,0.043269310146570206,0.9230910599987117,1000.0,False
10,last_prompt_token,13,0.19543683348583574,0.41283145424843504,0.19443059328223478,0.41585454035013736,0.26703203345547205,0.6324095872492237,0.03876335546374321,0.9311001592234549,1000.0,False
10,last_prompt_token,14,0.19876292733585132,0.40283856982581456,0.21240419820577155,0.36185480948276383,0.25614888808306524,0.6473910853403012,0.03452979028224945,0.9386251003291048,1000.0,False
10,last_prompt_token,15,0.19968367744894588,0.40007227702796533,0.2164124368619518,0.34981249467687325,0.2645306835655405,0.6358528903862136,0.03387010842561722,0.939797650391951,1000.0,False
10,last_prompt_token,16,0.19947580289439995,0.4006968133434309,0.20428122031588514,0.3862594084355919,0.2467551399679745,0.6603223119883537,0.03287860378623009,0.9415599981290264,1000.0,False
10,last_prompt_token,17,0.2014032892820214,0.3949058917500473,0.2461753909327403,0.2603929532728042,0.23471003460283038,0.676903338599673,0.017870379611849785,0.9682363331258947,316.22776601683796,False
10,last_prompt_token,18,0.20386745949753193,0.3875025624179105,0.21573253118691324,0.3518551969407471,0.25545711677615385,0.6483433624770407,0.030865738168358803,0.9451377616873342,1000.0,False
10,last_prompt_token,19,0.20557579553427816,0.3823700540342031,0.22028784230977547,0.3381692627223093,0.26465298628606715,0.6356845311562846,0.030935784801840782,0.9450132574529587,1000.0,False
10,last_prompt_token,20,0.20757920080874145,0.3763510424662384,0.2256260863873137,0.3221310920427074,0.27751117353679755,0.6179842339389063,0.031768690794706345,0.9435328105307632,1000.0,False
10,last_prompt_token,21,0.20963767075738987,0.3701665951199362,0.22338145600647485,0.3288748386076106,0.28481596938702236,0.6079286129450601,0.031672026962041855,0.9437046254471902,1000.0,False
10,last_prompt_token,22,0.21091057833503274,0.36634228381735423,0.22702248356923335,0.31793576938326285,0.29862358509993353,0.5889213534289112,0.03205595165491104,0.9430222193476044,1000.0,False
10,last_prompt_token,23,0.21208945362507797,0.36280048221664174,0.22905028206961495,0.3118434704961054,0.309752719141856,0.5736012327561562,0.03236343711614609,0.9424756799918974,1000.0,False
10,last_prompt_token,24,0.21440796892182165,0.3558347571237287,0.23403641035576828,0.29686319321350585,0.32041358787472507,0.5589257157888232,0.032451700419187546,0.9423187965783432,1000.0,False
10,last_prompt_token,25,0.21704274345846736,0.3479188658074809,0.23818933983810808,0.2843861706400397,0.32954078161415934,0.5463614220203215,0.032607387751340866,0.9420420704727737,1000.0,False
10,last_prompt_token,26,0.2197911334638836,0.3396616292679042,0.2412296824094628,0.2752517937970961,0.3380953716630695,0.534585361873901,0.032681502401828766,0.9419103355505324,1000.0,False
10,last_prompt_token,27,0.22235502675801766,0.3319586928759881,0.2489427037599708,0.25207886444465877,0.34891675420168067,0.5196888851387778,0.03330688923597336,0.9407987430998579,1000.0,False
10,last_prompt_token,28,0.2244576854866092,0.32564148518356817,0.25590298596550437,0.2311674575533459,0.3610961994203199,0.5029229292455436,0.03465931862592697,0.9383948704599756,1000.0,False
10,pre_label_token,0,0.3328462392342191,-4.4844147506495347e-08,0.3455448278859884,-0.03815165559923428,0.726439096146271,-5.143666270690517e-08,0.5626044273376465,0.0,0.1,True
10,pre_label_token,1,0.29161958454035913,0.12386092061991938,0.3069142237430861,0.07790977091120688,0.6748345254849987,0.0710376633413542,0.23669278621673584,0.5792909285538116,100000.0,False
10,pre_label_token,2,0.29177198329893483,0.12340305525313466,0.31169963804613643,0.06353251684598571,0.6713644171963219,0.07581453794182158,0.17575450241565704,0.6876055468540099,10000.0,False
10,pre_label_token,3,0.2839099146738774,0.14702377873107897,0.3018899789377421,0.09300456510828481,0.6584429476441456,0.09360194818083745,0.16938740015029907,0.6989227387493675,10000.0,False
10,pre_label_token,4,0.2690155606309907,0.1917722329875513,0.2828046510199539,0.1503443461628099,0.629297509714335,0.1337229157658284,0.15994779765605927,0.7157011394080859,10000.0,False
10,pre_label_token,5,0.24190862960174303,0.2732120362648842,0.24442575919527967,0.2656495305338391,0.5773195218639213,0.20527466841753572,0.15205025672912598,0.72973860613103,10000.0,False
10,pre_label_token,6,0.23899969052867728,0.2819516248815598,0.2417005090152516,0.27383724673734056,0.5714513634433266,0.2133526459844971,0.15044039487838745,0.7326000515312319,10000.0,False
10,pre_label_token,7,0.2344351648282604,0.2956652420629068,0.2302428974824793,0.30826038788151966,0.5530929629542246,0.23862441553928482,0.14752937853336334,0.7377742311209654,10000.0,False
10,pre_label_token,8,0.22822531852401606,0.3143220446664352,0.221890223527155,0.3333550835493756,0.5342333945907465,0.2645860817458541,0.12050627171993256,0.7858063927968153,3162.2776601683795,False
10,pre_label_token,9,0.20381408979912766,0.3876629058272888,0.17751155901355903,0.4666859289853661,0.4639013482742951,0.3614036268190828,0.11683239787817001,0.7923365117636141,3162.2776601683795,False
10,pre_label_token,10,0.1989783487400087,0.4021913598278486,0.16513522733159425,0.5038692643704823,0.4446594029915433,0.3878916646663999,0.11644444614648819,0.7930260757144661,3162.2776601683795,False
10,pre_label_token,11,0.1976713461034438,0.4061181059980421,0.1612107757760697,0.5156598499932283,0.44024345013273863,0.39397056805881503,0.1149229109287262,0.7957305251354602,3162.2776601683795,False
10,pre_label_token,12,0.1975504498521821,0.4064813255343702,0.15769074063341157,0.526235410719965,0.4397314023570854,0.39467544174293756,0.11334685981273651,0.798531873719665,3162.2776601683795,False
10,pre_label_token,13,0.19633592156802906,0.41013024264820575,0.1528394819307728,0.5408104870847208,0.43696373851359394,0.39848534679971825,0.11319375783205032,0.7988040044979646,3162.2776601683795,False
10,pre_label_token,14,0.1996215403580866,0.4002589611070426,0.160173158886052,0.5187772564925236,0.4492733867228532,0.3815401563388404,0.1125396117568016,0.7999667149983853,3162.2776601683795,False
10,pre_label_token,15,0.20017089683468603,0.3986084797841989,0.16272977780895073,0.5110961744639442,0.4545855882788907,0.37422749674017564,0.11089564859867096,0.8028887736922891,3162.2776601683795,False
10,pre_label_token,16,0.20002901894705635,0.3990347363473449,0.1532651981385816,0.5395314692835977,0.4391442643494165,0.3954836829857121,0.1097589060664177,0.8049092742020922,3162.2776601683795,False
10,pre_label_token,17,0.2028477885142094,0.39056605212833884,0.16093239022904082,0.5164962289322825,0.4532234368204069,0.3761026044206054,0.11068468540906906,0.8032637497489123,3162.2776601683795,False
10,pre_label_token,18,0.20425523870131548,0.38633752230189367,0.16489691934665712,0.5045852346560704,0.4607439505953749,0.36575003088526825,0.10834992676973343,0.8074136613491182,3162.2776601683795,False
10,pre_label_token,19,0.20633731489421941,0.38008215258204014,0.17171496623704413,0.4841011582179652,0.47183051870650605,0.3504885055348279,0.10706552118062973,0.8096966252340306,3162.2776601683795,False
10,pre_label_token,20,0.2081190990800617,0.3747289772845086,0.1776916720286137,0.46614479912410345,0.4818689426454175,0.33666983235422976,0.10676576942205429,0.810229418336982,3162.2776601683795,False
10,pre_label_token,21,0.21064100505925026,0.367152187178412,0.17868118045710715,0.4631719292375692,0.48582307831579896,0.3312266563264725,0.10536995530128479,0.81271040507108,3162.2776601683795,False
10,pre_label_token,22,0.2118308379870503,0.3635774645560549,0.18260316047347894,0.4513887690839845,0.49223531995500835,0.3223997057905633,0.10448895394802094,0.8142763389856653,3162.2776601683795,False
10,pre_label_token,23,0.21302513475177667,0.35998933082490225,0.18446772198717135,0.4457868978759887,0.49677337197696464,0.316152723380816,0.10364130139350891,0.8157829971513738,3162.2776601683795,False
10,pre_label_token,24,0.21513380563559653,0.35365406027104884,0.1883746339493439,0.43404900804379554,0.5031044118544634,0.30743755340065904,0.10268040746450424,0.8174909359487128,3162.2776601683795,False
10,pre_label_token,25,0.21793309059463628,0.3452439154215483,0.19225640256865686,0.4223866586362027,0.5087546019994912,0.29965962615854236,0.10186273604631424,0.8189443042097118,3162.2776601683795,False
10,pre_label_token,26,0.22018323545696356,0.33848360180523696,0.19427564043958648,0.4163200792242663,0.5110655423973789,0.29647843653230355,0.1010829359292984,0.820330358209866,3162.2776601683795,False
10,pre_label_token,27,0.222581955565124,0.3312769101471075,0.19935826614123434,0.401049886007258,0.5169585893134109,0.2883661980109836,0.10114142298698425,0.8202264005180244,3162.2776601683795,False
10,pre_label_token,28,0.22548790458871537,0.3225463048063595,0.20527998579650367,0.38325872674805816,0.5224747874155766,0.2807727212623288,0.10239236801862717,0.8180029110272599,3162.2776601683795,False
