icl_example_index,token_role,layer,feature_dim,target_dim,best_alpha,cv_mse,alpha_pinned,train_sample_count,test_sample_count,train_mse,test_mse,train_mean_squared_l2,test_mean_squared_l2,test_r2,test_r2_testmean_baseline,train_r2
1,pre_label_token,0,4096,4096,0.1,0.21920008957386017,True,3400,1190,0.19782809913158417,0.21711736246317376,810.303955078125,889.3127494747899,9.954497570685561e-08,-0.14167278159544217,0.0
1,pre_label_token,1,4096,4096,31622776.60168379,0.21912288665771484,False,3400,1190,0.1943550705909729,0.2179994919720818,796.0784301757812,892.9258994222689,-0.004062815604180647,-0.1463113016969071,0.017555789879481143
1,pre_label_token,2,4096,4096,10000000.0,0.21871866285800934,False,3400,1190,0.18639138340950012,0.2201703800874598,763.4591064453125,901.8178702731093,-0.01406149960922054,-0.15772652821356337,0.05781138155948706
1,pre_label_token,3,4096,4096,31622776.60168379,0.21908541023731232,False,3400,1190,0.1937168538570404,0.21825373994202174,793.4642333984375,893.9673122373949,-0.0052338317852285154,-0.14764821913070092,0.020781907588411808
1,pre_label_token,4,4096,4096,10000000.0,0.2189895659685135,False,3400,1190,0.18753215670585632,0.21978731876661797,768.1317138671875,900.2488707983193,-0.012297194450184845,-0.15571226883455447,0.05204489387970901
1,pre_label_token,5,4096,4096,10000000.0,0.21877939999103546,False,3400,1190,0.18812453746795654,0.21938011746446626,770.5580444335938,898.5809676995798,-0.010421705281574711,-0.1535710736854301,0.0490504721332502
1,pre_label_token,6,4096,4096,3162277.6601683795,0.21826370060443878,False,3400,1190,0.17247971892356873,0.22226512331922516,706.4769287109375,910.3979451155462,-0.02370947524543654,-0.16874136049139832,0.12813336588325164
1,pre_label_token,7,4096,4096,3162277.6601683795,0.21804191172122955,False,3400,1190,0.17239415645599365,0.22205975316151852,706.1263427734375,909.5567423844537,-0.022763580661359306,-0.16766145828300005,0.1285658750563704
1,pre_label_token,8,4096,4096,3162277.6601683795,0.21776464581489563,False,3400,1190,0.17230437695980072,0.22196093487138507,705.7587280273438,909.1519695378151,-0.022308443038207004,-0.1671418399950415,0.12901970086062697
1,pre_label_token,9,4096,4096,3162277.6601683795,0.21811287105083466,False,3400,1190,0.17310576140880585,0.22208408868613363,709.0411376953125,909.6564009978991,-0.022875665304966653,-0.16778942228257931,0.12496878770661601
1,pre_label_token,10,4096,4096,3162277.6601683795,0.21741260588169098,False,3400,1190,0.17280644178390503,0.22212148554184857,707.8151245117188,909.8096179096639,-0.023047907872617568,-0.16798606695347362,0.1264818165746825
1,pre_label_token,11,4096,4096,1000000.0,0.21651828289031982,False,3400,1190,0.14821897447109222,0.2283327102661133,607.1049194335938,935.2507681197479,-0.05165558823269012,-0.2006466802163509,0.250768848703817
1,pre_label_token,12,4096,4096,1000000.0,0.21598444879055023,False,3400,1190,0.14819367229938507,0.22830421063078551,607.0013427734375,935.1340467436975,-0.05152432451353173,-0.20049681998605906,0.25089674849064314
1,pre_label_token,13,4096,4096,1000000.0,0.21524791419506073,False,3400,1190,0.1478091925382614,0.2279317791722402,605.4264526367188,933.6085674894958,-0.049808978411099325,-0.19853845583495056,0.2528402527896352
1,pre_label_token,14,4096,4096,1000000.0,0.21541711688041687,False,3400,1190,0.14852629601955414,0.2275296539819541,608.3637084960938,931.9614430147059,-0.047956868816111164,-0.1964239525113327,0.24921537096323831
1,pre_label_token,15,4096,4096,1000000.0,0.21512161195278168,False,3400,1190,0.1490524262189865,0.2273994317575663,610.518798828125,931.4280790441177,-0.04735709084373951,-0.19573920225711228,0.24655583876461762
1,pre_label_token,16,4096,4096,1000000.0,0.21490274369716644,False,3400,1190,0.14876030385494232,0.22730501639742812,609.3222045898438,931.0413209033613,-0.04692223225081782,-0.19524273598830977,0.24803248624455876
1,pre_label_token,17,4096,4096,1000000.0,0.21500809490680695,False,3400,1190,0.1492701917886734,0.2272100961508871,611.4107055664062,930.6525472689076,-0.04648504825035227,-0.19474361486474434,0.24545505697152137
1,pre_label_token,18,4096,4096,1000000.0,0.21507900953292847,False,3400,1190,0.14939290285110474,0.22734703416583918,611.913330078125,931.2134716386555,-0.04711575783417854,-0.19546367890136884,0.24483476560255002
1,pre_label_token,19,4096,4096,1000000.0,0.21528100967407227,False,3400,1190,0.15035738050937653,0.22688669637471687,615.8638305664062,929.3279149159664,-0.04499553244052268,-0.19304307503762552,0.23995943362238337
1,pre_label_token,20,4096,4096,1000000.0,0.2147846668958664,False,3400,1190,0.1512652039527893,0.22558918960955965,619.5823364257812,924.0133206407563,-0.03901947128504024,-0.18622036799609543,0.23537048267255423
1,pre_label_token,21,4096,4096,1000000.0,0.21522384881973267,False,3400,1190,0.15098696947097778,0.22538018106412486,618.442626953125,923.1572019432773,-0.03805681900215574,-0.185121333977182,0.23677692838493225
1,pre_label_token,22,4096,4096,1000000.0,0.21526822447776794,False,3400,1190,0.15193694829940796,0.22503826718370454,622.333740234375,921.7567226890757,-0.036482030866810344,-0.18332344104730747,0.23197488644751108
1,pre_label_token,23,4096,4096,1000000.0,0.21529018878936768,False,3400,1190,0.15230216085910797,0.2247967183089056,623.8296508789062,920.7673581932773,-0.035369504222171555,-0.18205329953188754,0.23012877580244495
1,pre_label_token,24,4096,4096,1000000.0,0.21535778045654297,False,3400,1190,0.1527428925037384,0.2245519093104771,625.6348876953125,919.7646139705882,-0.03424196208882191,-0.18076601523999747,0.22790092421530883
1,pre_label_token,25,4096,4096,1000000.0,0.2153317928314209,False,3400,1190,0.15282680094242096,0.22463882510401623,625.9785766601562,920.1206276260505,-0.03464227915191187,-0.18122304638043052,0.2274767759823182
1,pre_label_token,26,4096,4096,1000000.0,0.2154393494129181,False,3400,1190,0.1527990698814392,0.22464162361722032,625.864990234375,920.1321034663865,-0.034655168553725524,-0.18123776186111717,0.22761695354608935
1,pre_label_token,27,4096,4096,1000000.0,0.21581251919269562,False,3400,1190,0.1533210128545761,0.2244754566865809,628.0028686523438,919.4514574579832,-0.033889836328733436,-0.18036400280398768,0.22497858733103648
1,pre_label_token,28,4096,4096,1000000.0,0.21591655910015106,False,3400,1190,0.1535644680261612,0.2247595346274496,629.0001220703125,920.6150735294118,-0.03519824349326117,-0.18185777579967088,0.22374794733270564
1,first_label_token,0,4096,4096,100000000.0,0.21921423077583313,True,3400,1190,0.19733582437038422,0.21715795693277312,808.2874755859375,889.4789915966387,-0.00018687060378552722,-0.14188624034650243,0.002488396559239603
1,first_label_token,1,4096,4096,10000000.0,0.21914443373680115,False,3400,1190,0.1920311003923416,0.21787968964135948,786.5593872070312,892.4351693802521,-0.0035110296141638297,-0.14568134258812981,0.029303212054758276
1,first_label_token,2,4096,4096,1000000.0,0.2185121327638626,False,3400,1190,0.15441632270812988,0.2284122931857069,632.4892578125,935.5767594537815,-0.05202213151954971,-0.20106515275189207,0.21944191251910683
1,first_label_token,3,4096,4096,1000000.0,0.21790972352027893,False,3400,1190,0.15256008505821228,0.22743359573748934,624.8861083984375,931.5680344012605,-0.04751444342086453,-0.19591884742941246,0.2288249964089386
1,first_label_token,4,4096,4096,1000000.0,0.2177969068288803,False,3400,1190,0.14960750937461853,0.2289112587936786,612.7923583984375,937.6205094537816,-0.05432026904591547,-0.20368887407528513,0.2437499524518607
1,first_label_token,5,4096,4096,1000000.0,0.21771124005317688,False,3400,1190,0.14728765189647675,0.22927334889644335,603.2902221679688,939.1036567752101,-0.05598798489605583,-0.20559286005835786,0.2554765852624947
1,first_label_token,6,4096,4096,1000000.0,0.21735835075378418,False,3400,1190,0.1454363465309143,0.22985748643634699,595.707275390625,941.4962578781513,-0.05867840760167775,-0.20866444273811346,0.26483473697951165
1,first_label_token,7,4096,4096,1000000.0,0.21710872650146484,False,3400,1190,0.1436094045639038,0.2301311701285739,588.22412109375,942.6172597163866,-0.059938940899789905,-0.21010355943811954,0.2740697343081536
1,first_label_token,8,4096,4096,1000000.0,0.21625559031963348,False,3400,1190,0.14182162284851074,0.23006992019525097,580.9013671875,942.3663602941176,-0.05965683574462877,-0.20978148762886373,0.2831067807299763
1,first_label_token,9,4096,4096,1000000.0,0.2156204730272293,False,3400,1190,0.1410556137561798,0.23187373826483718,577.7638549804688,949.754818802521,-0.06796486726067652,-0.219266542023562,0.2869788752185426
1,first_label_token,10,4096,4096,1000000.0,0.21546906232833862,False,3400,1190,0.14124855399131775,0.23140603073504792,578.5540771484375,947.8391150210084,-0.06581069829912867,-0.21680718570838842,0.28600358285115435
1,first_label_token,11,4096,4096,1000000.0,0.21550165116786957,False,3400,1190,0.1411297619342804,0.23075790084710643,578.0675048828125,945.1843224789916,-0.06282553941514779,-0.21339911072255302,0.28660406406468686
1,first_label_token,12,4096,4096,1000000.0,0.2152993083000183,False,3400,1190,0.1415378898382187,0.22989119040865857,579.7391357421875,941.6343487394957,-0.05883364147415193,-0.20884166904274082,0.2845410209189969
1,first_label_token,13,4096,4096,1000000.0,0.21609164774417877,False,3400,1190,0.14140434563159943,0.23072069632906875,579.1921997070312,945.0319852941177,-0.06265418271703727,-0.21320347742490187,0.2852160726796188
1,first_label_token,14,4096,4096,1000000.0,0.21612219512462616,False,3400,1190,0.14193694293498993,0.23045770661169743,581.3737182617188,943.9547400210084,-0.0614429037653752,-0.21182059307721057,0.2825238499583347
1,first_label_token,15,4096,4096,1000000.0,0.21637605130672455,False,3400,1190,0.14255061745643616,0.22981355971648915,583.8873291015625,941.3163209033613,-0.058476089763128236,-0.20843346194561718,0.27942179052319827
1,first_label_token,16,4096,4096,1000000.0,0.21650347113609314,False,3400,1190,0.14320875704288483,0.22981277914608225,586.5830688476562,941.3131368172269,-0.058472494609242975,-0.2084293574558722,0.27609496491380436
1,first_label_token,17,4096,4096,1000000.0,0.2168227881193161,False,3400,1190,0.14384441077709198,0.2298282799600553,589.1866455078125,941.3766281512605,-0.058543888311958225,-0.2085108657111534,0.27288180289588315
1,first_label_token,18,4096,4096,1000000.0,0.2168402224779129,False,3400,1190,0.14424395561218262,0.22958986138095375,590.8232421875,940.4000459558823,-0.057445779194090774,-0.2072571842952644,0.270862146250318
1,first_label_token,19,4096,4096,1000000.0,0.21714183688163757,False,3400,1190,0.14558181166648865,0.22934187881085052,596.3031616210938,939.3843421743697,-0.05630362021332336,-0.20595321234486375,0.26409942619093874
1,first_label_token,20,4096,4096,1000000.0,0.21658773720264435,False,3400,1190,0.1458301544189453,0.2293031676476743,597.3203735351562,939.225774684874,-0.05612532420381244,-0.2057496566234751,0.2628440799911479
1,first_label_token,21,4096,4096,1000000.0,0.21643012762069702,False,3400,1190,0.14635390043258667,0.22918546981170398,599.465576171875,938.7436580882353,-0.05558323110301755,-0.20513076362359906,0.2601965995981175
1,first_label_token,22,4096,4096,1000000.0,0.21638107299804688,False,3400,1190,0.1466120183467865,0.22932385356486346,600.5228881835938,939.3104910714286,-0.05622059947288949,-0.2058584298157673,0.25889184099540685
1,first_label_token,23,4096,4096,1000000.0,0.21633532643318176,False,3400,1190,0.14705397188663483,0.2290836863157128,602.3331298828125,938.3267725840336,-0.05511443632444979,-0.20459555333147672,0.2566578128579057
1,first_label_token,24,4096,4096,1000000.0,0.21630652248859406,False,3400,1190,0.14733323454856873,0.22922719907359917,603.4768676757812,938.9145942752101,-0.05577542788206746,-0.2053501894767935,0.25524616980436676
1,first_label_token,25,4096,4096,1000000.0,0.21648173034191132,False,3400,1190,0.14753004908561707,0.2292098341869707,604.2830810546875,938.8434742647058,-0.055695448627056,-0.20525887932916498,0.25425129325289453
1,first_label_token,26,4096,4096,1000000.0,0.21629992127418518,False,3400,1190,0.14744237065315247,0.22963199455197117,603.9239501953125,940.5726693802521,-0.057639836299175684,-0.20747873403226924,0.2546944984034747
1,first_label_token,27,4096,4096,1000000.0,0.21638606488704681,False,3400,1190,0.14764390885829926,0.229661050363749,604.74951171875,940.6916622899159,-0.057773661657755104,-0.2076315188168556,0.25367574421217687
1,first_label_token,28,4096,4096,1000000.0,0.21657294034957886,False,3400,1190,0.14783154428005219,0.22990866108100955,605.5179443359375,941.7058757878151,-0.05891410795741092,-0.20893353544565296,0.2527272671122269
1,last_label_token,0,4096,4096,100000000.0,0.21921321749687195,True,3400,1190,0.19728998839855194,0.21716472401338466,808.0999145507812,889.5067423844538,-0.00021803844711754117,-0.14192182382843788,0.00272009252171157
1,last_label_token,1,4096,4096,3162277.6601683795,0.21887938678264618,False,3400,1190,0.17878219485282898,0.22052239490156414,732.2918701171875,903.2597163865546,-0.01568281065993271,-0.1595775350949198,0.09627502039579783
1,last_label_token,2,4096,4096,3162277.6601683795,0.21858686208724976,False,3400,1190,0.17666280269622803,0.22187649702825465,723.61083984375,908.8061383928572,-0.021919538927696935,-0.1666978387132234,0.10698832232764954
1,last_label_token,3,4096,4096,3162277.6601683795,0.21840038895606995,False,3400,1190,0.17631080746650696,0.2214381770927365,722.1690063476562,907.0107996323529,-0.019900723449685742,-0.16439301180148047,0.10876762077547497
1,last_label_token,4,4096,4096,3162277.6601683795,0.21836453676223755,False,3400,1190,0.1758197546005249,0.22206242505241844,720.1575927734375,909.56771927521,-0.022775886865725514,-0.16767550794296837,0.11124984078434963
1,last_label_token,5,4096,4096,3162277.6601683795,0.21839837729930878,False,3400,1190,0.17484474182128906,0.22203048898392364,716.1640625,909.4368960084033,-0.022628795610777575,-0.16750757784406667,0.11617842668046796
1,last_label_token,6,4096,4096,1000000.0,0.21818529069423676,False,3400,1190,0.1410439908504486,0.23194421078978467,577.7161254882812,950.043487394958,-0.06828944986030283,-0.21963710917982304,0.2870376277707949
1,last_label_token,7,4096,4096,3162277.6601683795,0.2180759161710739,False,3400,1190,0.1726565957069397,0.2221574094115185,707.201416015625,909.9567095588235,-0.023213366156037862,-0.16817496619094796,0.12723927255602752
1,last_label_token,8,4096,4096,1000000.0,0.21735037863254547,False,3400,1190,0.13640397787094116,0.23106860793939157,558.7106323242188,946.4570115546219,-0.06425659521755289,-0.21503290834373945,0.31049239986776156
1,last_label_token,9,4096,4096,1000000.0,0.2165112942457199,False,3400,1190,0.13462549448013306,0.23303887824050518,551.426025390625,954.5272584033613,-0.07333127299841102,-0.2253932219992114,0.3194824442477824
1,last_label_token,10,4096,4096,1000000.0,0.2165815681219101,False,3400,1190,0.13439494371414185,0.2325636022231158,550.481689453125,952.5804950105043,-0.07114224507044598,-0.22289406814692314,0.32064785384835615
1,last_label_token,11,4096,4096,1000000.0,0.21615701913833618,False,3400,1190,0.1335129290819168,0.23241983622062107,546.8689575195312,951.991668855042,-0.07048008711793319,-0.22213810036016968,0.32510634400267124
1,last_label_token,12,4096,4096,1000000.0,0.21596919000148773,False,3400,1190,0.13284684717655182,0.2319898653431099,544.1406860351562,950.23046875,-0.06849972576022445,-0.2198771754752864,0.3284733171894376
1,last_label_token,13,4096,4096,1000000.0,0.21685007214546204,False,3400,1190,0.13279184699058533,0.23240589494464778,543.9154052734375,951.9345456932773,-0.07041587634074187,-0.22206479265626777,0.3287513372796469
1,last_label_token,14,4096,4096,1000000.0,0.21681159734725952,False,3400,1190,0.1326865702867508,0.23218665563759683,543.4841918945312,951.0365283613445,-0.06940610318055085,-0.22091196200893348,0.32928349982023974
1,last_label_token,15,4096,4096,1000000.0,0.2169521152973175,False,3400,1190,0.13289497792720795,0.2317019486627659,544.3378295898438,949.0511226365546,-0.0671736381161181,-0.21836321715529317,0.3282300213640851
1,last_label_token,16,4096,4096,1000000.0,0.21681968867778778,False,3400,1190,0.13310763239860535,0.23182990931663192,545.2089233398438,949.5753216911764,-0.06776299973914313,-0.2190360753457974,0.32715507562922286
1,last_label_token,17,4096,4096,1000000.0,0.21697764098644257,False,3400,1190,0.13316026329994202,0.23226507972268498,545.4244384765625,951.3577862394958,-0.06976730910342921,-0.2213243410206851,0.32688903202081887
1,last_label_token,18,4096,4096,1000000.0,0.21690501272678375,False,3400,1190,0.13317890465259552,0.2320303524241728,545.5007934570312,950.3963169642857,-0.06868620129849234,-0.22009006954295263,0.3267948019658604
1,last_label_token,19,4096,4096,1000000.0,0.21693696081638336,False,3400,1190,0.13370785117149353,0.23216137124710723,547.6673583984375,950.9329766281512,-0.06928964824721051,-0.22077900856802146,0.32412103357188626
1,last_label_token,20,4096,4096,1000000.0,0.21589979529380798,False,3400,1190,0.13350816071033478,0.2324599915191907,546.849365234375,952.1560990021009,-0.07066503453124384,-0.22234924980899162,0.3251304476138517
1,last_label_token,21,4096,4096,1000000.0,0.2158016413450241,False,3400,1190,0.13412265479564667,0.23217545517352448,549.366455078125,950.9906709558824,-0.06935451604431098,-0.22085306637374535,0.32202424537054364
1,last_label_token,22,4096,4096,1000000.0,0.21574264764785767,False,3400,1190,0.1342400759458542,0.23212424206132648,549.847412109375,950.7809283088235,-0.06911863851467004,-0.22058377139155727,0.3214306939452256
1,last_label_token,23,4096,4096,1000000.0,0.215647354722023,False,3400,1190,0.1345643848180771,0.231987473944656,551.1757202148438,950.2207064075631,-0.06848871144893809,-0.21986460073463077,0.3197913470898166
1,last_label_token,24,4096,4096,1000000.0,0.21559128165245056,False,3400,1190,0.13486889004707336,0.23203953013700598,552.4229736328125,950.433862920168,-0.06872847204006471,-0.22013832890286777,0.3182521055445914
1,last_label_token,25,4096,4096,1000000.0,0.21597476303577423,False,3400,1190,0.13534972071647644,0.23191549156894203,554.3924560546875,949.9258534663866,-0.0681571747734191,-0.21948609429841182,0.3158215576521848
1,last_label_token,26,4096,4096,1000000.0,0.21594323217868805,False,3400,1190,0.1355232298374176,0.23230450574089498,555.1031494140625,951.5192489495798,-0.069948897594732,-0.22153165567929367,0.31494448750035686
1,last_label_token,27,4096,4096,1000000.0,0.21606184542179108,False,3400,1190,0.13601651787757874,0.2321279173137761,557.1237182617188,950.7959493172269,-0.06913556600513915,-0.22060309704861036,0.31245096892374136
1,last_label_token,28,4096,4096,1000000.0,0.21611450612545013,False,3400,1190,0.136369526386261,0.23227446740414917,558.569580078125,951.3961987920168,-0.06981054691925004,-0.22137370446305726,0.31066654845854014
2,pre_label_token,0,4096,4096,0.1,0.21920008957386017,True,3400,1190,0.19782809913158417,0.21711736246317376,810.303955078125,889.3127494747899,9.954497570685561e-08,-0.14167278159544217,0.0
2,pre_label_token,1,4096,4096,10000000.0,0.21876397728919983,False,3400,1190,0.1876939982175827,0.21986512095988298,768.794677734375,900.5675354516807,-0.012655536061549011,-0.15612137773948676,0.051226802251488235
2,pre_label_token,2,4096,4096,10000000.0,0.21866825222969055,False,3400,1190,0.1859961599111557,0.22097958797166328,761.8402709960938,905.1323660714286,-0.017788552086602127,-0.16198160300613895,0.059809194307420044
2,pre_label_token,3,4096,4096,10000000.0,0.21875374019145966,False,3400,1190,0.18582689762115479,0.22103842086150866,761.1470336914062,905.3734178046218,-0.018059524814537653,-0.16229096522497333,0.0606647971805403
2,pre_label_token,4,4096,4096,10000000.0,0.21884162724018097,False,3400,1190,0.18627506494522095,0.22066745437493845,762.9827880859375,903.8538668592437,-0.016350926085105133,-0.16034030436673308,0.05839935902471971
2,pre_label_token,5,4096,4096,10000000.0,0.2187345325946808,False,3400,1190,0.18631970882415771,0.22093549135352383,763.1654663085938,904.9517397584034,-0.017585451729958068,-0.16174972883394445,0.058173688965042936
2,pre_label_token,6,4096,4096,10000000.0,0.2188033014535904,False,3400,1190,0.1857510507106781,0.22099173249316817,760.8363037109375,905.1821231617647,-0.017844487365836104,-0.16204546279832854,0.06104819524587901
2,pre_label_token,7,4096,4096,10000000.0,0.2188350409269333,False,3400,1190,0.1854729950428009,0.22126343991576122,759.6973876953125,906.2950236344537,-0.019095918354419705,-0.16347418763826171,0.062453737072837856
2,pre_label_token,8,4096,4096,10000000.0,0.2188447266817093,False,3400,1190,0.18564075231552124,0.22083329433152657,760.384521484375,904.5331932773109,-0.017114752331878424,-0.1612123440893496,0.061605741901996414
2,pre_label_token,9,4096,4096,3162277.6601683795,0.21741297841072083,False,3400,1190,0.16547247767448425,0.2267160768268489,677.7752685546875,928.6290638130253,-0.04420969233566874,-0.19214590268991882,0.16355422510317286
2,pre_label_token,10,4096,4096,1000000.0,0.21418632566928864,False,3400,1190,0.12960028648376465,0.23801795574797302,530.8427734375,974.9215467436975,-0.09626392543734363,-0.2515748097047745,0.34488433618541825
2,pre_label_token,11,4096,4096,1000000.0,0.21391212940216064,False,3400,1190,0.13006870448589325,0.23865187188156511,532.7614135742188,977.5180737920168,-0.09918361856228408,-0.25490814420794705,0.3425165330058657
2,pre_label_token,12,4096,4096,1000000.0,0.21277745068073273,False,3400,1190,0.1291397362947464,0.23844336822253315,528.9563598632812,976.6640296743698,-0.09822329168694321,-0.25381176504379677,0.34721236840652303
2,pre_label_token,13,4096,4096,1000000.0,0.21266908943653107,False,3400,1190,0.1272144615650177,0.2381458090133026,521.0704345703125,975.4452337184874,-0.09685279244987521,-0.2522471032118847,0.3569444273919765
2,pre_label_token,14,4096,4096,1000000.0,0.2139665186405182,False,3400,1190,0.1284642368555069,0.2386609726593274,526.1895141601562,977.5553571428571,-0.09922553495604025,-0.254955999018565,0.3506269462253707
2,pre_label_token,15,4096,4096,1000000.0,0.21467995643615723,False,3400,1190,0.12885956466197968,0.2377472340559759,527.808837890625,973.8126969537815,-0.09501703453015486,-0.2501512681527118,0.34862860621094316
2,pre_label_token,16,4096,4096,1000000.0,0.2149001806974411,False,3400,1190,0.12904959917068481,0.23733579811929656,528.587158203125,972.1274225315126,-0.0931220414671623,-0.2479878059360192,0.3476680019816182
2,pre_label_token,17,4096,4096,1000000.0,0.21555720269680023,False,3400,1190,0.13189378380775452,0.23583119817140724,540.2369384765625,965.9646074054622,-0.08619214981296919,-0.24007613646745463,0.33329095115034113
2,pre_label_token,18,4096,4096,1000000.0,0.2161104679107666,False,3400,1190,0.13172681629657745,0.23497277908966321,539.5530395507812,962.4485031512605,-0.08223844023141358,-0.2355622934025292,0.3341349541605808
2,pre_label_token,19,4096,4096,1000000.0,0.2161216139793396,False,3400,1190,0.13253973424434662,0.23509048814533137,542.8827514648438,962.9306263130252,-0.08278058500793173,-0.23618124539917762,0.33002574039702715
2,pre_label_token,20,4096,4096,1000000.0,0.21564924716949463,False,3400,1190,0.13392440974712372,0.23352267481699712,548.5543823242188,956.5088629201681,-0.075559544947019,-0.22793717968616778,0.3230263530053701
2,pre_label_token,21,4096,4096,1000000.0,0.21564875543117523,False,3400,1190,0.13483402132987976,0.23277600232292625,552.2801513671875,953.4504989495798,-0.07212051818622722,-0.22401093604735567,0.31842836320134826
2,pre_label_token,22,4096,4096,1000000.0,0.21586593985557556,False,3400,1190,0.13589298725128174,0.23161814232834246,556.6177368164062,948.7079044117647,-0.06678764261059911,-0.21792253654895655,0.31307540310088433
2,pre_label_token,23,4096,4096,1000000.0,0.21591311693191528,False,3400,1190,0.13659870624542236,0.2312143694452879,559.50830078125,947.0540441176471,-0.064927944066548,-0.21579936912788988,0.30950806864618075
2,pre_label_token,24,4096,4096,1000000.0,0.2157122790813446,False,3400,1190,0.13733342289924622,0.23066496969271108,562.5177612304688,944.8036896008404,-0.062397516782179974,-0.21291044888394306,0.3057941541059861
2,pre_label_token,25,4096,4096,1000000.0,0.2159615159034729,False,3400,1190,0.13810963928699493,0.23088979961491432,565.6970825195312,945.7246060924369,-0.06343303921701371,-0.21409267678020893,0.30187046282473684
2,pre_label_token,26,4096,4096,1000000.0,0.21593977510929108,False,3400,1190,0.13856975734233856,0.2306934645195969,567.5817260742188,944.9204897584034,-0.0625287583545997,-0.21306028382990383,0.29954461499339524
2,pre_label_token,27,4096,4096,1000000.0,0.2156267911195755,False,3400,1190,0.13945284485816956,0.2302470808269597,571.1988525390625,943.092056197479,-0.06047280279610456,-0.2107130550949452,0.2950807015265645
2,pre_label_token,28,4096,4096,1000000.0,0.21550047397613525,False,3400,1190,0.1396453082561493,0.23043259051667542,571.9871826171875,943.8518907563025,-0.061327223967882816,-0.21168852458788634,0.2941078195202944
2,first_label_token,0,4096,4096,100000000.0,0.2192099392414093,True,3400,1190,0.197336345911026,0.21715922155300107,808.2896728515625,889.4841977415966,-0.00019269519601405882,-0.1418928901255756,0.00248576022676672
2,first_label_token,1,4096,4096,3162277.6601683795,0.2190256118774414,False,3400,1190,0.18148797750473022,0.2197642927410222,743.374755859375,900.154562762605,-0.012191141101698832,-0.15559119060113824,0.0825975768790328
2,first_label_token,2,4096,4096,1000000.0,0.2178707867860794,False,3400,1190,0.1553393304347992,0.22821667454823727,636.2698974609375,934.7754923844537,-0.05112115052117394,-0.2000365271669171,0.21477620663242503
2,first_label_token,3,4096,4096,1000000.0,0.2174852192401886,False,3400,1190,0.1538611501455307,0.2276054446436778,630.2152709960938,932.2719078256303,-0.048305945708531306,-0.1968224841377646,0.22224825077457333
2,first_label_token,4,4096,4096,1000000.0,0.21727444231510162,False,3400,1190,0.1507214605808258,0.2293684406440799,617.3551025390625,939.4931657037815,-0.05642595879686163,-0.20609288298973172,0.2381190475849726
2,first_label_token,5,4096,4096,1000000.0,0.21744246780872345,False,3400,1190,0.14750255644321442,0.2313373565673828,604.1705932617188,947.5578256302521,-0.06549439857970563,-0.21644607489195034,0.2543902656361068
2,first_label_token,6,4096,4096,1000000.0,0.21706365048885345,False,3400,1190,0.14508281648159027,0.23257355569791394,594.2592163085938,952.6213038340336,-0.07118808881916494,-0.22294640671225197,0.26662179377718576
2,first_label_token,7,4096,4096,1000000.0,0.2170150876045227,False,3400,1190,0.1424315720796585,0.23274528279024012,583.3997802734375,953.3246717436974,-0.07197903005612272,-0.22384940288421662,0.28002355224107467
2,first_label_token,8,4096,4096,1000000.0,0.21668247878551483,False,3400,1190,0.14055776596069336,0.23323264562783122,575.724609375,955.3209427521008,-0.07422372750245998,-0.22641211311672182,0.2894954428733493
2,first_label_token,9,4096,4096,1000000.0,0.216441810131073,False,3400,1190,0.1390020102262497,0.23323618784672073,569.3522338867188,955.3354319852941,-0.07424004226649683,-0.22643073924061485,0.29735962263988924
2,first_label_token,10,4096,4096,1000000.0,0.21652838587760925,False,3400,1190,0.13870468735694885,0.2326718530735048,568.1343994140625,953.0238839285714,-0.07164082721231169,-0.22346328586434372,0.298862558120774
2,first_label_token,11,4096,4096,1000000.0,0.2159973829984665,False,3400,1190,0.13760797679424286,0.23265540499647125,563.6422729492188,952.9565388655462,-0.07156507060210959,-0.22337679659584042,0.304406313368488
2,first_label_token,12,4096,4096,1000000.0,0.21598972380161285,False,3400,1190,0.1383850872516632,0.23209519266080456,566.8252563476562,950.6619091386555,-0.06898484268507521,-0.2204310203194122,0.3004781026601423
2,first_label_token,13,4096,4096,1000000.0,0.21654559671878815,False,3400,1190,0.13781218230724335,0.2323974256755925,564.4786987304688,951.8998424369748,-0.07037686855197656,-0.22202025852113105,0.30337407621968604
2,first_label_token,14,4096,4096,1000000.0,0.2169787585735321,False,3400,1190,0.13850732147693634,0.2319785142145237,567.3259887695312,950.1839613970589,-0.0684474446928447,-0.21981748759772457,0.299860221652289
2,first_label_token,15,4096,4096,1000000.0,0.2168298214673996,False,3400,1190,0.138240784406662,0.23173071596802783,566.2342529296875,949.169012605042,-0.06730613467038693,-0.21851448488001513,0.3012075381934901
2,first_label_token,16,4096,4096,1000000.0,0.2171308398246765,False,3400,1190,0.13882075250148773,0.23180739138306689,568.6098022460938,949.4830357142857,-0.06765928656269327,-0.21891766882336494,0.29827586115988536
2,first_label_token,17,4096,4096,1000000.0,0.21749936044216156,False,3400,1190,0.13958685100078583,0.23113659610267448,571.7476806640625,946.7355173319328,-0.06456973533561494,-0.21539041192894404,0.2944033147286095
2,first_label_token,18,4096,4096,1000000.0,0.21756874024868011,False,3400,1190,0.13992710411548615,0.23053135911957556,573.1414184570312,944.2564732142857,-0.06178213274140365,-0.2122078816044235,0.292683371423316
2,first_label_token,19,4096,4096,1000000.0,0.21792161464691162,False,3400,1190,0.14159423112869263,0.22970648052311746,579.969970703125,940.8777442226891,-0.057982904043212935,-0.20787040517686894,0.28425622168814313
2,first_label_token,20,4096,4096,1000000.0,0.21733924746513367,False,3400,1190,0.14153549075126648,0.22968824691131334,579.7293701171875,940.8030462184873,-0.057898923610776754,-0.2077745269934257,0.28455314804837206
2,first_label_token,21,4096,4096,1000000.0,0.21712589263916016,False,3400,1190,0.14135947823524475,0.23064564616740252,579.0084228515625,944.7245535714286,-0.062308516422348026,-0.21280883958545593,0.2854428725960696
2,first_label_token,22,4096,4096,1000000.0,0.21734383702278137,False,3400,1190,0.14213870465755463,0.23015124216800978,582.2001342773438,942.6994944852942,-0.060031388768583493,-0.2102091046641441,0.2815039659102627
2,first_label_token,23,4096,4096,1000000.0,0.21742933988571167,False,3400,1190,0.14299002289772034,0.22975762952275636,585.6871337890625,941.087243960084,-0.058218486283007076,-0.20813936303464242,0.27720064275292167
2,first_label_token,24,4096,4096,1000000.0,0.21737490594387054,False,3400,1190,0.14348605275154114,0.22961030046479042,587.7189331054688,940.4837907037816,-0.05753991759725752,-0.2073646595585612,0.2746932645998774
2,first_label_token,25,4096,4096,1000000.0,0.21766413748264313,False,3400,1190,0.1438474953174591,0.22951458361970276,589.1993408203125,940.0917345063025,-0.057099064620445006,-0.20686134966414738,0.2728662108724008
2,first_label_token,26,4096,4096,1000000.0,0.2174525409936905,False,3400,1190,0.1439201980829239,0.22944401011747473,589.4971313476562,939.8026917016807,-0.05677401693931006,-0.206490251536934,0.27249870612568416
2,first_label_token,27,4096,4096,1000000.0,0.21753819286823273,False,3400,1190,0.14425663650035858,0.22923340196369074,590.8751831054688,938.9400013130252,-0.05580399717474749,-0.2053828062638825,0.27079804570933497
2,first_label_token,28,4096,4096,1000000.0,0.21771158277988434,False,3400,1190,0.14439168572425842,0.22979972582905234,591.4282836914062,941.2596638655463,-0.058412373596430145,-0.20836071892510932,0.2701153862464343
2,last_label_token,0,4096,4096,100000000.0,0.2192101776599884,True,3400,1190,0.19729770720005035,0.21716597741391477,808.1314086914062,889.5118434873949,-0.00022381136362281673,-0.14192841461073846,0.002681074801113237
2,last_label_token,1,4096,4096,3162277.6601683795,0.2188800722360611,False,3400,1190,0.1790599822998047,0.22061472500071805,733.4296875,903.6379004726891,-0.016108064950586698,-0.16006303639214514,0.09487083439696797
2,last_label_token,2,4096,4096,3162277.6601683795,0.21845261752605438,False,3400,1190,0.17738021910190582,0.2217835530513475,726.5493774414062,908.4254070378151,-0.021491457236759715,-0.16620910944973066,0.10336185870176895
2,last_label_token,3,4096,4096,1000000.0,0.2183873951435089,False,3400,1190,0.14946626126766205,0.22997993982138754,612.2138061523438,941.9978269432773,-0.05924240382686086,-0.20930834194142434,0.24446394660929605
2,last_label_token,4,4096,4096,1000000.0,0.2180374264717102,False,3400,1190,0.14773069322109222,0.23155449779093767,605.1048583984375,948.4472098214286,-0.06649450837965953,-0.21758787314282468,0.25323705848869305
2,last_label_token,5,4096,4096,3162277.6601683795,0.2184080332517624,False,3400,1190,0.175568625330925,0.222545824131044,719.1290893554688,911.5477022058824,-0.025002328017283082,-0.17021737545855564,0.11251927253192395
2,last_label_token,6,4096,4096,1000000.0,0.21823227405548096,False,3400,1190,0.14230407774448395,0.2338240631488191,582.8775024414062,957.743356092437,-0.07694768037018851,-0.2295219762737275,0.28066802254501144
2,last_label_token,7,4096,4096,3162277.6601683795,0.21806000173091888,False,3400,1190,0.1727011650800705,0.22308199105142545,707.3838500976562,913.7438287815127,-0.027471807477267074,-0.1730367132233792,0.12701397911527545
2,last_label_token,8,4096,4096,1000000.0,0.21747049689292908,False,3400,1190,0.13688181340694427,0.23409169621828224,560.6679077148438,958.8395877100841,-0.07818034568900667,-0.2309292768571285,0.3080769920561277
2,last_label_token,9,4096,4096,1000000.0,0.2167140692472458,False,3400,1190,0.13457715511322021,0.23426570892333984,551.2280883789062,959.55234375,-0.0789818140090035,-0.23184429151446517,0.31972679460612397
2,last_label_token,10,4096,4096,1000000.0,0.21661493182182312,False,3400,1190,0.1339481621980667,0.23387020976603531,548.6516723632812,957.9323792016806,-0.07716022261968458,-0.2297646299990712,0.3229062868921776
2,last_label_token,11,4096,4096,1000000.0,0.2159734070301056,False,3400,1190,0.13259688019752502,0.23399103789770304,543.1168212890625,958.4272715336134,-0.07771673324725059,-0.2303999830984782,0.3297368736817867
2,last_label_token,12,4096,4096,1000000.0,0.21598656475543976,False,3400,1190,0.13244418799877167,0.233884753700064,542.4913940429688,957.9919445903362,-0.0772272091214361,-0.22984110667246793,0.33050871650605507
2,last_label_token,13,4096,4096,1000000.0,0.21642360091209412,False,3400,1190,0.13215456902980804,0.234207818488113,541.3051147460938,959.3152048319328,-0.07871518204181593,-0.23153988502452183,0.33197270959012637
2,last_label_token,14,4096,4096,1000000.0,0.21675312519073486,False,3400,1190,0.13241831958293915,0.2339279142748408,542.3854370117188,958.1687171743697,-0.07742599824631635,-0.2300680588282129,0.33063947859670884
2,last_label_token,15,4096,4096,1000000.0,0.2164878249168396,False,3400,1190,0.13186286389827728,0.23377233232770647,540.1102905273438,957.5314732142857,-0.07670941837503431,-0.2292499590118935,0.3334472480040892
2,last_label_token,16,4096,4096,1000000.0,0.21667049825191498,False,3400,1190,0.13210780918598175,0.23399755974777606,541.1136474609375,958.4539915966386,-0.07774677160691845,-0.23043427707952868,0.3322090756272644
2,last_label_token,17,4096,4096,1000000.0,0.21682330965995789,False,3400,1190,0.13214139640331268,0.23382475716727122,541.2511596679688,957.7462381827731,-0.07695087688278046,-0.22952562564551315,0.3320392958160123
2,last_label_token,18,4096,4096,1000000.0,0.2168717086315155,False,3400,1190,0.13194182515144348,0.23326701797357127,540.4337158203125,955.4617121848739,-0.07438203977158708,-0.2265928539433688,0.3330481072676983
2,last_label_token,19,4096,4096,1000000.0,0.2169165462255478,False,3400,1190,0.13243062794208527,0.23284538333155527,542.4358520507812,953.7346769957983,-0.07244007347621118,-0.2243757636604622,0.33057726115034936
2,last_label_token,20,4096,4096,1000000.0,0.21588817238807678,False,3400,1190,0.13195659220218658,0.23285488320999786,540.4942016601562,953.7736213235294,-0.07248382804926412,-0.22442571707055947,0.3329734613968238
2,last_label_token,21,4096,4096,1000000.0,0.2154390960931778,False,3400,1190,0.13147026300430298,0.23397103477926814,538.502197265625,958.3453650210084,-0.07762460281504224,-0.23029480028119886,0.3354318037658729
2,last_label_token,22,4096,4096,1000000.0,0.2156105786561966,False,3400,1190,0.13173872232437134,0.2335348337638278,539.601806640625,956.5586922268908,-0.07561554666646875,-0.2280011153313506,0.33407477045641465
2,last_label_token,23,4096,4096,1000000.0,0.21554742753505707,False,3400,1190,0.13200393319129944,0.23356205114797385,540.6881103515625,956.670181197479,-0.07574090458869054,-0.2281442330733554,0.33273415773207315
2,last_label_token,24,4096,4096,1000000.0,0.2153497189283371,False,3400,1190,0.13204805552959442,0.2333077887527081,540.868896484375,955.6287289915966,-0.07456982196742712,-0.22680723978656836,0.33251112400486926
2,last_label_token,25,4096,4096,1000000.0,0.21574139595031738,False,3400,1190,0.1323716640472412,0.23325810472504432,542.1943359375,955.4251706932773,-0.07434098710063286,-0.2265459852216627,0.3308753173673523
2,last_label_token,26,4096,4096,1000000.0,0.21549546718597412,False,3400,1190,0.13232365250587463,0.2333022205769515,541.9976806640625,955.6058823529412,-0.07454417604423069,-0.2267779605311817,0.3311180106024253
2,last_label_token,27,4096,4096,1000000.0,0.21568550169467926,False,3400,1190,0.132670059800148,0.2330624139609457,543.4165649414062,954.6236213235294,-0.07343967390117934,-0.22551698037172185,0.32936695857395204
2,last_label_token,28,4096,4096,1000000.0,0.21563048660755157,False,3400,1190,0.13246476650238037,0.23365664762609145,542.57568359375,957.0576615021008,-0.07617659737542959,-0.22864165171862827,0.3304046943590545
3,pre_label_token,0,4096,4096,0.1,0.21920008957386017,True,3400,1190,0.19782809913158417,0.21711736246317376,810.303955078125,889.3127494747899,9.954497570685561e-08,-0.14167278159544217,0.0
3,pre_label_token,1,4096,4096,3162277.6601683795,0.21834507584571838,False,3400,1190,0.17223726212978363,0.22552811758858818,705.4838256835938,923.7632024684874,-0.038738185559204386,-0.18589923170708955,0.12935895918799156
3,pre_label_token,2,4096,4096,10000000.0,0.21866610646247864,False,3400,1190,0.1853996366262436,0.22109253506700532,759.3969116210938,905.5950236344538,-0.018308764209747475,-0.16257551508691126,0.06282455606609183
3,pre_label_token,3,4096,4096,10000000.0,0.2186833918094635,False,3400,1190,0.18529726564884186,0.22107931666013572,758.9776000976562,905.540894170168,-0.018247882825578987,-0.162506008460781,0.06334203046862164
3,pre_label_token,4,4096,4096,10000000.0,0.21866372227668762,False,3400,1190,0.185484379529953,0.220842313365776,759.7439575195312,904.5700958508403,-0.01715629223107995,-0.1612597690663391,0.06239618970114458
3,pre_label_token,5,4096,4096,10000000.0,0.21864210069179535,False,3400,1190,0.18498678505420685,0.22153000871674353,757.7059326171875,907.3869485294117,-0.020323681861780685,-0.1648758919563844,0.06491147685160736
3,pre_label_token,6,4096,4096,10000000.0,0.21872062981128693,False,3400,1190,0.18465489149093628,0.22148643942440258,756.346435546875,907.208455882353,-0.020123010264126773,-0.16464679063249799,0.06658916351355026
3,pre_label_token,7,4096,4096,3162277.6601683795,0.21863919496536255,False,3400,1190,0.1638820469379425,0.23065033920672762,671.2608642578125,944.7437959558823,-0.062330131639135145,-0.2128335170925868,0.17159368331726554
3,pre_label_token,8,4096,4096,3162277.6601683795,0.21857038140296936,False,3400,1190,0.16398747265338898,0.22909106406844965,671.6927490234375,938.3569852941176,-0.05514841680357274,-0.20463434792345891,0.17106076753882316
3,pre_label_token,9,4096,4096,3162277.6601683795,0.21743252873420715,False,3400,1190,0.16203738749027252,0.22801527936919397,663.7052001953125,933.9505908613445,-0.05019356390759966,-0.1989775266722087,0.18091824062619977
3,pre_label_token,10,4096,4096,1000000.0,0.21573731303215027,False,3400,1190,0.12348702549934387,0.23977799615940126,505.8028259277344,982.1306788340336,-0.10437032566373539,-0.26082966712123956,0.3757862202517185
3,pre_label_token,11,4096,4096,1000000.0,0.21528635919094086,False,3400,1190,0.12319163233041763,0.23978527133204355,504.5929260253906,982.1604516806723,-0.10440383367910333,-0.2608679223141588,0.37727940130245374
3,pre_label_token,12,4096,4096,1000000.0,0.21433280408382416,False,3400,1190,0.12239007651805878,0.24096158612676027,501.30975341796875,986.9786699054622,-0.1098217084371389,-0.26705336307523053,0.3813311806799915
3,pre_label_token,13,4096,4096,1000000.0,0.21405622363090515,False,3400,1190,0.12009395658969879,0.2393666531859326,491.90484619140625,980.445837710084,-0.10247576077102072,-0.2586666937349478,0.3929378227012179
3,pre_label_token,14,4096,4096,1000000.0,0.21523432433605194,False,3400,1190,0.12262669950723648,0.23858735541335674,502.2789611816406,977.2538077731092,-0.0988864683894275,-0.2545688959097798,0.38013507663705515
3,pre_label_token,15,4096,4096,1000000.0,0.2149796187877655,False,3400,1190,0.12222328037023544,0.23727553391656955,500.62652587890625,971.880600052521,-0.09284447639339599,-0.2476709174146341,0.3821743174667045
3,pre_label_token,16,4096,4096,1000000.0,0.21444498002529144,False,3400,1190,0.1213950514793396,0.2381217459670636,497.2341003417969,975.3466911764706,-0.09674196278811675,-0.2521205719910662,0.38636092641928277
3,pre_label_token,17,4096,4096,1000000.0,0.21512071788311005,False,3400,1190,0.12555570900440216,0.23583981810497637,514.2761840820312,965.9999080882353,-0.08623185153287438,-0.24012146284496483,0.36532924516001375
3,pre_label_token,18,4096,4096,1000000.0,0.2156224548816681,False,3400,1190,0.12504392862319946,0.2349111540978696,512.179931640625,962.1960609243697,-0.08195460763064877,-0.23523824941544946,0.3679162405537383
3,pre_label_token,19,4096,4096,1000000.0,0.21562857925891876,False,3400,1190,0.12575887143611908,0.2355102603175059,515.1083374023438,964.6500131302521,-0.08471397313325735,-0.2383885422178471,0.36430228067615755
3,pre_label_token,20,4096,4096,1000000.0,0.21474041044712067,False,3400,1190,0.1269405484199524,0.23408137409626936,519.948486328125,958.7973214285714,-0.0781328040236684,-0.23087499982641702,0.35832902920672227
3,pre_label_token,21,4096,4096,1000000.0,0.21490593254566193,False,3400,1190,0.12806490063667297,0.23323276744169347,524.5538330078125,955.3214023109243,-0.07422428855316876,-0.22641275365310887,0.3526455483379468
3,pre_label_token,22,4096,4096,1000000.0,0.21531227231025696,False,3400,1190,0.12944075465202332,0.2317022692255613,530.1892700195312,949.052481617647,-0.0671751145653523,-0.2183649027773651,0.34569075262697346
3,pre_label_token,23,4096,4096,1000000.0,0.2155260443687439,False,3400,1190,0.13039341568946838,0.2311690675110376,534.0914306640625,946.8684676995798,-0.06471929226078377,-0.2155611570167053,0.3408751524082634
3,pre_label_token,24,4096,4096,1000000.0,0.21559752523899078,False,3400,1190,0.13124887645244598,0.23046048108269188,537.5953979492188,943.966150210084,-0.06145568243349642,-0.21183518213624186,0.33655088923870924
3,pre_label_token,25,4096,4096,1000000.0,0.21622803807258606,False,3400,1190,0.13209152221679688,0.2305215691318031,541.046875,944.2163471638655,-0.061737041981794194,-0.21215640270635117,0.3322914045242026
3,pre_label_token,26,4096,4096,1000000.0,0.21666154265403748,False,3400,1190,0.13271887600421906,0.23039339850930607,543.6165161132812,943.691399684874,-0.061146713284520704,-0.21148244043339015,0.3291201978544924
3,pre_label_token,27,4096,4096,1000000.0,0.2165774405002594,False,3400,1190,0.1338515430688858,0.22947781666988085,548.2559204101562,939.9411108193277,-0.056929723275539246,-0.2066680172406241,0.32339468631372104
3,pre_label_token,28,4096,4096,1000000.0,0.2170780748128891,False,3400,1190,0.1343218982219696,0.22905343159908007,550.1824951171875,938.2028230042017,-0.05497508904573478,-0.2044364643203418,0.3210170910421264
3,first_label_token,0,4096,4096,100000000.0,0.2192092090845108,True,3400,1190,0.19733388721942902,0.21716045091132155,808.2796020507812,889.4892200630252,-0.00019835737882689664,-0.14189935448622082,0.0024981886512817075
3,first_label_token,1,4096,4096,3162277.6601683795,0.21900701522827148,False,3400,1190,0.18129375576972961,0.21989776386934168,742.5792846679688,900.7012473739496,-0.012805882887058306,-0.15629302463505645,0.08357934709192572
3,first_label_token,2,4096,4096,1000000.0,0.21816636621952057,False,3400,1190,0.15524595975875854,0.22817617945310448,635.8873901367188,934.6096310399159,-0.05093463807167531,-0.19982359095869895,0.21524818546885172
3,first_label_token,3,4096,4096,1000000.0,0.21784663200378418,False,3400,1190,0.15375515818595886,0.22753464033623702,629.7811279296875,931.9818802521008,-0.047979834983947756,-0.19645017236265927,0.22278402885684334
3,first_label_token,4,4096,4096,1000000.0,0.21779748797416687,False,3400,1190,0.15058669447898865,0.22932762178052374,616.8031005859375,939.3259519432773,-0.0562379551336365,-0.20587824430322121,0.23880027589595942
3,first_label_token,5,4096,4096,1000000.0,0.21781039237976074,False,3400,1190,0.14724594354629517,0.23169186856566357,603.1193237304688,949.009887079832,-0.06712721116995168,-0.218310212769246,0.2556874165365386
3,first_label_token,6,4096,4096,1000000.0,0.21756544709205627,False,3400,1190,0.14465852081775665,0.23328245467498523,592.521240234375,955.5249343487395,-0.07445313818445554,-0.2266740250742354,0.2687665632295344
3,first_label_token,7,4096,4096,1000000.0,0.21743811666965485,False,3400,1190,0.14144720137119293,0.23370248169458213,579.3677368164062,957.2453453256303,-0.07638770008692242,-0.228882661962452,0.2849994414741347
3,first_label_token,8,4096,4096,1000000.0,0.21717646718025208,False,3400,1190,0.13939502835273743,0.2337784903390067,570.9620361328125,957.5566898634454,-0.07673778096482153,-0.2292823398118924,0.29537295781212725
3,first_label_token,9,4096,4096,1000000.0,0.21710409224033356,False,3400,1190,0.13744349777698517,0.23363221112419577,562.9685668945312,956.9575367647059,-0.0760640476503136,-0.22851315674809625,0.30523773730664294
3,first_label_token,10,4096,4096,1000000.0,0.2173307240009308,False,3400,1190,0.13674788177013397,0.23379559076132894,560.119384765625,957.6267660189076,-0.07681654214921507,-0.22937225932131167,0.30875400223515803
3,first_label_token,11,4096,4096,1000000.0,0.2169218808412552,False,3400,1190,0.1356867551803589,0.23361144025786584,555.77294921875,956.8724658613445,-0.07596838112218962,-0.22840393686595495,0.314117884284438
3,first_label_token,12,4096,4096,1000000.0,0.21709996461868286,False,3400,1190,0.13676130771636963,0.23265127294203813,560.17431640625,952.9396074054622,-0.07154603917148195,-0.22335506892733514,0.30868613550492807
3,first_label_token,13,4096,4096,1000000.0,0.21770824491977692,False,3400,1190,0.1361536979675293,0.23301247348304557,557.6856079101562,954.4190519957983,-0.07320965787499767,-0.22525437730915865,0.3117575381595944
3,first_label_token,14,4096,4096,1000000.0,0.21820569038391113,False,3400,1190,0.1368263065814972,0.23216341323211415,560.4405517578125,950.9413405987395,-0.06929905322883201,-0.22078974598061896,0.3083575731550249
3,first_label_token,15,4096,4096,1000000.0,0.2180110216140747,False,3400,1190,0.13655424118041992,0.23146387949711134,559.326171875,948.076050420168,-0.06607713832791573,-0.21711137306746253,0.30973283482043823
3,first_label_token,16,4096,4096,1000000.0,0.21823887526988983,False,3400,1190,0.1372377574443817,0.23176448084727055,562.1258544921875,949.307287289916,-0.06746164906821561,-0.218692031452836,0.30627773280529347
3,first_label_token,17,4096,4096,3162277.6601683795,0.21855318546295166,False,3400,1190,0.17215238511562347,0.22173504869477087,705.1361694335938,908.2268119747899,-0.021268055703146826,-0.16595405797404883,0.12978800346700314
3,first_label_token,18,4096,4096,3162277.6601683795,0.2186294049024582,False,3400,1190,0.17231117188930511,0.22140203684317966,705.7865600585938,906.8627494747899,-0.019734268563032398,-0.16420297476910783,0.12898535321469484
3,first_label_token,19,4096,4096,3162277.6601683795,0.21880017220973969,False,3400,1190,0.1733102947473526,0.22104062312791328,709.8788452148438,905.3823529411765,-0.018069668020776142,-0.16230254544860645,0.12393489343454545
3,first_label_token,20,4096,4096,1000000.0,0.21852613985538483,False,3400,1190,0.14003297686576843,0.22931899703851266,573.5750732421875,939.2905659138655,-0.05619823126699264,-0.20583289264137972,0.29214819593132546
3,first_label_token,21,4096,4096,1000000.0,0.21801917254924774,False,3400,1190,0.13939829170703888,0.23041287590475643,570.975341796875,943.7711528361344,-0.06123642233998505,-0.21158485883047162,0.2953564619032256
3,first_label_token,22,4096,4096,1000000.0,0.2182609885931015,False,3400,1190,0.1402328461408615,0.22977165414505646,574.3937377929688,941.1446822478991,-0.05828308093699941,-0.208213109000283,0.29113787800394075
3,first_label_token,23,4096,4096,1000000.0,0.2183724045753479,False,3400,1190,0.1411832571029663,0.22934408107725512,578.28662109375,939.3933429621849,-0.056313763419561624,-0.20596479256849687,0.2863336516767564
3,first_label_token,24,4096,4096,1000000.0,0.21832861006259918,False,3400,1190,0.14180053770542145,0.22916451141613872,580.8150634765625,938.6578256302521,-0.05548670085209162,-0.2050205576525459,0.28321336388566487
3,first_label_token,25,4096,4096,3162277.6601683795,0.21854782104492188,False,3400,1190,0.17426401376724243,0.22090298628606717,713.785400390625,904.8186449579832,-0.017435739777619697,-0.16157880675586567,0.11911394522710461
3,first_label_token,26,4096,4096,1000000.0,0.21844671666622162,False,3400,1190,0.14226873219013214,0.22883260710900571,582.7327880859375,937.2983587184874,-0.053958014844081026,-0.20327529827186264,0.28084669056288636
3,first_label_token,27,4096,4096,3162277.6601683795,0.21851223707199097,False,3400,1190,0.1745029091835022,0.22067468146316144,714.763916015625,903.8835477941177,-0.01638421263308798,-0.16037830671634135,0.11790635430696506
3,first_label_token,28,4096,4096,3162277.6601683795,0.21853846311569214,False,3400,1190,0.17451627552509308,0.2208329962081268,714.8186645507812,904.5319590336135,-0.01711337923409073,-0.1612107764608226,0.11783878887187493
3,last_label_token,0,4096,4096,100000000.0,0.21920950710773468,True,3400,1190,0.1972971111536026,0.217165190432252,808.1289672851562,889.5086200105042,-0.00022018668075318715,-0.1419242764085522,0.002684087752510722
3,last_label_token,1,4096,4096,3162277.6601683795,0.21881861984729767,False,3400,1190,0.17872144281864166,0.2207509625859621,732.0430297851562,904.1959361869748,-0.016735548492836205,-0.16077941734454293,0.09658211546699358
3,last_label_token,2,4096,4096,3162277.6601683795,0.21843260526657104,False,3400,1190,0.17719319462776184,0.22179622489865086,725.7833251953125,908.4773306197479,-0.021549821274983838,-0.1662757420902281,0.10430724752653642
3,last_label_token,3,4096,4096,3162277.6601683795,0.21844248473644257,False,3400,1190,0.17719298601150513,0.2214065792179909,725.782470703125,906.8813550420168,-0.019755189848679633,-0.16422686003386477,0.10430830205952557
3,last_label_token,4,4096,4096,1000000.0,0.21824322640895844,False,3400,1190,0.14740391075611115,0.2315060174765707,603.7664184570312,948.2486278886555,-0.06627121757973908,-0.21733294808879844,0.2548889090924019
3,last_label_token,5,4096,4096,3162277.6601683795,0.21841466426849365,False,3400,1190,0.1752696931362152,0.22274027912556624,717.9046020507812,912.3441832983193,-0.025897949504938955,-0.17123988223540976,0.1140303429815821
3,last_label_token,6,4096,4096,3162277.6601683795,0.2183060646057129,False,3400,1190,0.17413833737373352,0.22318706031606977,713.2705688476562,914.1741990546218,-0.027955735860484277,-0.17358920114173726,0.11974922602927884
3,last_label_token,7,4096,4096,3162277.6601683795,0.21801574528217316,False,3400,1190,0.17201724648475647,0.22340712667513293,704.5826416015625,915.0755777310924,-0.028969318259699284,-0.17474638069401682,0.13047111487261354
3,last_label_token,8,4096,4096,1000000.0,0.21780233085155487,False,3400,1190,0.13618211448192596,0.23455406156908565,557.8019409179688,960.7334493172269,-0.08030990962406825,-0.23336054228047587,0.31161389570171605
3,last_label_token,9,4096,4096,1000000.0,0.21716319024562836,False,3400,1190,0.1334886997938156,0.23442026026108687,546.7697143554688,960.1854122899159,-0.07969364709599769,-0.2326569720558238,0.3252288204769819
3,last_label_token,10,4096,4096,1000000.0,0.2174251228570938,False,3400,1190,0.13272087275981903,0.23434635130297235,543.6246337890625,959.8826680672269,-0.07935323696058183,-0.23226833503095334,0.3291101044673106
3,last_label_token,11,4096,4096,1000000.0,0.2168857306241989,False,3400,1190,0.13142439723014832,0.2341053441792977,538.3143310546875,958.8955028886554,-0.07824320551514874,-0.23100104221683493,0.3356636503759146
3,last_label_token,12,4096,4096,1000000.0,0.21709755063056946,False,3400,1190,0.13149137794971466,0.23359321305731764,538.5886840820312,956.7978203781513,-0.07588443021873803,-0.22830809239495342,0.3353250699626146
3,last_label_token,13,4096,4096,1000000.0,0.21754996478557587,False,3400,1190,0.13113628327846527,0.23390403234658122,537.1341552734375,958.0709427521008,-0.07731600277837525,-0.2299424799838652,0.3371200357577072
3,last_label_token,14,4096,4096,1000000.0,0.21792063117027283,False,3400,1190,0.13143667578697205,0.23335423509613806,538.3646240234375,955.8189075630252,-0.07478374469695703,-0.22705146956854927,0.335601583577125
3,last_label_token,15,4096,4096,1000000.0,0.2176041454076767,False,3400,1190,0.1308102309703827,0.23267480866247867,535.7987060546875,953.0360491071428,-0.07165444007425026,-0.22347882729984536,0.33876819549595405
3,last_label_token,16,4096,4096,1000000.0,0.21763747930526733,False,3400,1190,0.13091981410980225,0.2331003349368312,536.24755859375,954.7789915966387,-0.0736143304633281,-0.22571638103470337,0.3382142643815138
3,last_label_token,17,4096,4096,1000000.0,0.21777765452861786,False,3400,1190,0.1310594081878662,0.23289102987081062,536.8193359375,953.9216714810924,-0.07265031246490206,-0.22461578781537384,0.3375086311642067
3,last_label_token,18,4096,4096,1000000.0,0.21791966259479523,False,3400,1190,0.13076332211494446,0.23214960018125902,535.6065673828125,950.8847754726891,-0.06923543303133406,-0.2207171125255456,0.33900531477094153
3,last_label_token,19,4096,4096,1000000.0,0.21791702508926392,False,3400,1190,0.1312711387872696,0.2317088215290999,537.6865234375,949.0793329831932,-0.06720529318769741,-0.21839935689251222,0.3364383555040107
3,last_label_token,20,4096,4096,1000000.0,0.21683825552463531,False,3400,1190,0.13053131103515625,0.23191605896508993,534.65625,949.9281906512605,-0.06815978808856338,-0.2194890778494789,0.34017810610243926
3,last_label_token,21,4096,4096,1000000.0,0.2160041332244873,False,3400,1190,0.12938421964645386,0.23330361823073956,529.957763671875,955.6116202731092,-0.07455061336289126,-0.2267853098434145,0.3459765310670314
3,last_label_token,22,4096,4096,1000000.0,0.21619322896003723,False,3400,1190,0.1295551359653473,0.23282131387406035,530.6578369140625,953.636068802521,-0.07232921428546835,-0.22424919872720217,0.3451125672537829
3,last_label_token,23,4096,4096,1000000.0,0.21621166169643402,False,3400,1190,0.1298481673002243,0.23287680649957737,531.8580932617188,953.8633731617647,-0.07258480241238474,-0.22454099676404882,0.34363132502296057
3,last_label_token,24,4096,4096,1000000.0,0.21606777608394623,False,3400,1190,0.1299213469028473,0.23264350570550485,532.1578369140625,952.9077862394957,-0.07151026480653955,-0.2233142263045358,0.3432614099151259
3,last_label_token,25,4096,4096,1000000.0,0.21647490561008453,False,3400,1190,0.13018332421779633,0.23248393595719538,533.2308959960938,952.2541885504202,-0.07077531790678537,-0.22247515734964352,0.34193714245211615
3,last_label_token,26,4096,4096,1000000.0,0.2162361890077591,False,3400,1190,0.1300911158323288,0.23253190337108964,532.8532104492188,952.450643382353,-0.070996246387931,-0.22272738540835468,0.3424032460333176
3,last_label_token,27,4096,4096,1000000.0,0.21651539206504822,False,3400,1190,0.13052920997142792,0.2320670504529937,534.6475830078125,950.5466386554622,-0.06885522520681286,-0.22028303955773043,0.34018872675611567
3,last_label_token,28,4096,4096,1000000.0,0.21648377180099487,False,3400,1190,0.1303149312734604,0.23270864406553637,533.7699584960938,953.1746323529412,-0.07181027929091033,-0.22365674470952213,0.34127188278353626
4,pre_label_token,0,4096,4096,0.1,0.21920008957386017,True,3400,1190,0.19782809913158417,0.21711736246317376,810.303955078125,889.3127494747899,9.954497570685561e-08,-0.14167278159544217,0.0
4,pre_label_token,1,4096,4096,3162277.6601683795,0.21778987348079681,False,3400,1190,0.1703435182571411,0.22619173867361886,697.72705078125,926.481381302521,-0.041794693852423404,-0.189388764379544,0.13893163304451428
4,pre_label_token,2,4096,4096,10000000.0,0.21867400407791138,False,3400,1190,0.18504565954208374,0.22114008735207952,757.947021484375,905.7897780987395,-0.018527780689135076,-0.16282556026503947,0.06461387257731399
4,pre_label_token,3,4096,4096,10000000.0,0.2187555730342865,False,3400,1190,0.1850743442773819,0.22095732809114857,758.0645141601562,905.0412158613445,-0.017686027451785602,-0.16186455340947425,0.06446887429130677
4,pre_label_token,4,4096,4096,10000000.0,0.21864506602287292,False,3400,1190,0.1851307898759842,0.22094947750828847,758.2957153320312,905.0090598739496,-0.01764986921004219,-0.16182327252493622,0.0641835477939584
4,pre_label_token,5,4096,4096,10000000.0,0.2186516672372818,False,3400,1190,0.18419073522090912,0.22176477287997717,754.4452514648438,908.3485097163865,-0.02140495945837939,-0.16611035728065504,0.06893542409061026
4,pre_label_token,6,4096,4096,10000000.0,0.21875311434268951,False,3400,1190,0.18408164381980896,0.22161777079606257,753.9984130859375,907.7463760504202,-0.020727896750848407,-0.16533737313908703,0.0694868695201476
4,pre_label_token,7,4096,4096,10000000.0,0.21863819658756256,False,3400,1190,0.1836048662662506,0.22210929614155234,752.0455322265625,909.7597098214286,-0.02299176589049079,-0.16792197117419416,0.07189692934305081
4,pre_label_token,8,4096,4096,10000000.0,0.21871811151504517,False,3400,1190,0.1837858259677887,0.22142355141519499,752.7867431640625,906.9508600315127,-0.019833360453379578,-0.1643161052944555,0.07098219729875344
4,pre_label_token,9,4096,4096,3162277.6601683795,0.21778370440006256,False,3400,1190,0.160154327750206,0.2285866520985836,655.9921875,936.2909466911765,-0.052825194404719555,-0.20198198788106603,0.19043690732892138
4,pre_label_token,10,4096,4096,3162277.6601683795,0.2166001945734024,False,3400,1190,0.15882502496242523,0.2267998703387605,650.5472412109375,928.972268907563,-0.04459562878321832,-0.19258651587137265,0.19715639153574582
4,pre_label_token,11,4096,4096,1000000.0,0.21596567332744598,False,3400,1190,0.12026508897542953,0.24171259262982536,492.6058044433594,990.0547925420168,-0.11328069679157582,-0.2710023963244532,0.39207276669308777
4,pre_label_token,12,4096,4096,1000000.0,0.2153053879737854,False,3400,1190,0.11990626901388168,0.24286529476903065,491.1360778808594,994.7762736344538,-0.1185898162990271,-0.27706367416371736,0.3938865634344151
4,pre_label_token,13,4096,4096,1000000.0,0.21534742414951324,False,3400,1190,0.11775486916303635,0.2405230369888434,482.3239440917969,985.1823857668068,-0.10780183729792547,-0.2647473309437063,0.4047616608563155
4,pre_label_token,14,4096,4096,1000000.0,0.2164631485939026,False,3400,1190,0.1209077313542366,0.2387186194668297,495.2380676269531,977.7914587710084,-0.09949104482181004,-0.25525912443573384,0.38882427782003026
4,pre_label_token,15,4096,4096,1000000.0,0.21570178866386414,False,3400,1190,0.12015008926391602,0.23695921376973642,492.134765625,970.5849133403361,-0.09138756796490166,-0.2460076045509707,0.3926540780033533
4,pre_label_token,16,4096,4096,1000000.0,0.21530085802078247,False,3400,1190,0.1192978024482727,0.23811824061289555,488.643798828125,975.3323135504202,-0.09672581781574174,-0.2521021397137111,0.3969622972067154
4,pre_label_token,17,4096,4096,1000000.0,0.2159353792667389,False,3400,1190,0.12396708130836487,0.23526863290482208,507.7691955566406,963.6603072478991,-0.08360108475855643,-0.23711798772501957,0.37335958919612877
4,pre_label_token,18,4096,4096,1000000.0,0.21637539565563202,False,3400,1190,0.12333919107913971,0.23454466106510963,505.19732666015625,960.694931722689,-0.08026661275027802,-0.2333111114132207,0.3765335075220968
4,pre_label_token,19,4096,4096,1000000.0,0.2162248194217682,False,3400,1190,0.12377886474132538,0.23522899852079504,506.9982604980469,963.4979779411765,-0.08341853657525133,-0.2369095774120642,0.3743110039236913
4,pre_label_token,20,4096,4096,1000000.0,0.2152063399553299,False,3400,1190,0.12470173090696335,0.2337520567308955,510.7782897949219,957.4484440651261,-0.07661603296097708,-0.22914334341585318,0.36964601361296634
4,pre_label_token,21,4096,4096,1000000.0,0.21550138294696808,False,3400,1190,0.12582619488239288,0.23276279673856848,515.3840942382812,953.3964417016807,-0.07205969586002814,-0.22394149684610865,0.3639619678158038
4,pre_label_token,22,4096,4096,1000000.0,0.2158747762441635,False,3400,1190,0.1271895170211792,0.23104282988219702,520.96826171875,946.351424632353,-0.06413786655239218,-0.2148973590448371,0.3570705194079641
4,pre_label_token,23,4096,4096,1000000.0,0.2161569595336914,False,3400,1190,0.12822166085243225,0.23041933524508437,525.1959228515625,943.7975840336135,-0.06126617279205249,-0.21161882411521815,0.3518531421203902
4,pre_label_token,24,4096,4096,1000000.0,0.2163265496492386,False,3400,1190,0.1290670931339264,0.22973570623317685,528.6588134765625,940.9974527310924,-0.058117511919886455,-0.2080240833411533,0.34757957185809996
4,pre_label_token,25,4096,4096,1000000.0,0.21703778207302094,False,3400,1190,0.1298636645078659,0.2295964874139353,531.9215087890625,940.4272321428572,-0.05747629739975957,-0.20729202610348807,0.3435529882866242
4,pre_label_token,26,4096,4096,1000000.0,0.21766558289527893,False,3400,1190,0.13046444952487946,0.22947903480850348,534.3823852539062,939.9461134453782,-0.05693533378262883,-0.20667442260449698,0.34051608392545984
4,pre_label_token,27,4096,4096,1000000.0,0.21768514811992645,False,3400,1190,0.13162069022655487,0.22839999799968816,539.1183471679688,935.5264180672269,-0.051965502309175626,-0.20100050071732878,0.33467141015691526
4,pre_label_token,28,4096,4096,1000000.0,0.21845152974128723,False,3400,1190,0.13211287558078766,0.22753268971162685,541.13427734375,931.9738707983194,-0.04797085079035823,-0.1964399153523526,0.33218346554038525
4,first_label_token,0,4096,4096,100000000.0,0.21921120584011078,True,3400,1190,0.1973327249288559,0.2171582951265223,808.274658203125,889.4803834033613,-0.00018842825772757976,-0.14188801867778822,0.002504063906506926
4,first_label_token,1,4096,4096,3162277.6601683795,0.21896035969257355,False,3400,1190,0.1811356246471405,0.2197857944905257,741.9315185546875,900.2426142331933,-0.012290173934076831,-0.15570425370160312,0.0843786830976967
4,first_label_token,2,4096,4096,1000000.0,0.2179812788963318,False,3400,1190,0.15481871366500854,0.2278666680600463,634.1375732421875,933.3418789390756,-0.0495090894249135,-0.19819608070784023,0.21740786903061826
4,first_label_token,3,4096,4096,1000000.0,0.21770930290222168,False,3400,1190,0.15338216722011566,0.22727204651391808,628.2532958984375,930.9063025210085,-0.04677037944708995,-0.19506936975822686,0.22466945851764752
4,first_label_token,4,4096,4096,1000000.0,0.2175162434577942,False,3400,1190,0.14986133575439453,0.22871078202704423,613.83203125,936.7993434873949,-0.05339691245939693,-0.20263470288781238,0.2424668870992125
4,first_label_token,5,4096,4096,1000000.0,0.217481791973114,False,3400,1190,0.14640052616596222,0.23085763113839286,599.656494140625,945.5928768382353,-0.06328487753637102,-0.2139235246053055,0.25996091147504385
4,first_label_token,6,4096,4096,1000000.0,0.21734297275543213,False,3400,1190,0.14358443021774292,0.23249881648215928,588.1217651367188,952.3151785714285,-0.0708438546802328,-0.2225534039262156,0.27419597697171116
4,first_label_token,7,4096,4096,1000000.0,0.21718519926071167,False,3400,1190,0.14023064076900482,0.23308692739791229,574.3847045898438,954.7240546218487,-0.07355257797411152,-0.22564587989155105,0.29114902592411174
4,first_label_token,8,4096,4096,1000000.0,0.21692055463790894,False,3400,1190,0.13817904889583588,0.23289060672792067,565.9813842773438,953.9199514180672,-0.07264836355191306,-0.22461356279423916,0.3015196046344917
4,first_label_token,9,4096,4096,1000000.0,0.21691705286502838,False,3400,1190,0.13599444925785065,0.2325565578556862,557.0332641601562,952.5516412815126,-0.07110980009852641,-0.22285702660189566,0.31256252344923585
4,first_label_token,10,4096,4096,1000000.0,0.2172946333885193,False,3400,1190,0.1351393610239029,0.23307167662291967,553.5308837890625,954.6616005777311,-0.07348233590179887,-0.2255656864214859,0.31688490352416643
4,first_label_token,11,4096,4096,1000000.0,0.2169630378484726,False,3400,1190,0.1342984288930893,0.2328443639418658,550.0863647460938,953.7305081407563,-0.0724353783676468,-0.224370403382274,0.3211357260034051
4,first_label_token,12,4096,4096,1000000.0,0.21716152131557465,False,3400,1190,0.13560590147972107,0.2319138294508477,555.4417724609375,949.9190388655462,-0.06814951938414016,-0.21947735434796956,0.31452659114151615
4,first_label_token,13,4096,4096,1000000.0,0.21785716712474823,False,3400,1190,0.13508649170398712,0.2325307477422121,553.3142700195312,952.4459493172269,-0.07099092378844207,-0.22272130874078577,0.31715215231312943
4,first_label_token,14,4096,4096,3162277.6601683795,0.21841898560523987,False,3400,1190,0.17087475955486298,0.2219970270365226,699.903076171875,909.2998096113446,-0.02247467645747525,-0.16733162418410363,0.13624626478765967
4,first_label_token,15,4096,4096,1000000.0,0.21824118494987488,False,3400,1190,0.13560794293880463,0.23066355921641118,555.4501342773438,944.7979254201681,-0.06239102040554978,-0.21290303214682704,0.3145162717829795
4,first_label_token,16,4096,4096,3162277.6601683795,0.2185022532939911,False,3400,1190,0.17118319869041443,0.22179414925455046,701.1663818359375,908.4688550420168,-0.021540261266193017,-0.16626482768731332,0.1346871377632105
4,first_label_token,17,4096,4096,3162277.6601683795,0.21869438886642456,False,3400,1190,0.17180611193180084,0.2214292029372784,703.7178955078125,906.9739955357143,-0.019859390253376796,-0.16434582281158105,0.13153837758141207
4,first_label_token,18,4096,4096,3162277.6601683795,0.21876057982444763,False,3400,1190,0.17190809547901154,0.2211403806670373,704.1356201171875,905.7909926470588,-0.018529131640184326,-0.16282710260923516,0.1310228615972906
4,first_label_token,19,4096,4096,3162277.6601683795,0.2189588099718094,False,3400,1190,0.1728738695383072,0.22081877924814947,708.0913696289062,904.4737198004202,-0.017047898710558007,-0.1611360191219391,0.12614097644783429
4,first_label_token,20,4096,4096,3162277.6601683795,0.21879713237285614,False,3400,1190,0.17280541360378265,0.22084202165363215,707.8109741210938,904.5689141281513,-0.017154948662276848,-0.16125823515025361,0.12648701391584327
4,first_label_token,21,4096,4096,1000000.0,0.2185080349445343,False,3400,1190,0.13826559484004974,0.22980184795475808,566.3358764648438,941.2683363970589,-0.058422147690359916,-0.2083718777432244,0.30108212409156687
4,first_label_token,22,4096,4096,3162277.6601683795,0.21862438321113586,False,3400,1190,0.17278887331485748,0.2209565763713933,707.7432250976562,905.038163077731,-0.017682565178331666,-0.16186060062571594,0.12657062331712543
4,first_label_token,23,4096,4096,3162277.6601683795,0.2186633199453354,False,3400,1190,0.17328113317489624,0.22081414070449956,709.759521484375,904.4547006302521,-0.017026534490140355,-0.16111162817056024,0.1240823020816707
4,first_label_token,24,4096,4096,3162277.6601683795,0.21862760186195374,False,3400,1190,0.173566073179245,0.22073864816617564,710.9265747070312,904.1455357142858,-0.01667883069550813,-0.16071466417265534,0.12264196066607014
4,first_label_token,25,4096,4096,3162277.6601683795,0.21870552003383636,False,3400,1190,0.17362715303897858,0.22063860853179162,711.1768188476562,903.7357208508404,-0.01621806780077395,-0.1601886236646035,0.12233320847160578
4,first_label_token,26,4096,4096,3162277.6601683795,0.2186490148305893,False,3400,1190,0.17365258932113647,0.22054524942606438,711.281005859375,903.3533350840336,-0.015788074108078476,-0.15969771152052759,0.1222046307707152
4,first_label_token,27,4096,4096,3162277.6601683795,0.21865156292915344,False,3400,1190,0.17388269305229187,0.22032608865689832,712.2235107421875,902.4556394432773,-0.014778662677949805,-0.15854529385060112,0.1210414808836896
4,first_label_token,28,4096,4096,3162277.6601683795,0.21869924664497375,False,3400,1190,0.1739635467529297,0.2203874475815717,712.5546875,902.7069984243698,-0.015061269825850543,-0.15886793877136118,0.12063277402661143
4,last_label_token,0,4096,4096,100000000.0,0.21921274065971375,True,3400,1190,0.19729667901992798,0.21716707534148913,808.127197265625,889.5163471638656,-0.00022886820224976567,-0.14193418786633427,0.0026862721422740155
4,last_label_token,1,4096,4096,3162277.6601683795,0.21880896389484406,False,3400,1190,0.17867448925971985,0.2207434437855953,731.8507080078125,904.1651260504202,-0.016700918376050256,-0.16073988107884918,0.0968194607133358
4,last_label_token,2,4096,4096,1000000.0,0.21840986609458923,False,3400,1190,0.14910165965557098,0.23082280199066932,610.7203979492188,945.4502363445379,-0.06312446132708516,-0.21374038176720633,0.2463069689791797
4,last_label_token,3,4096,4096,1000000.0,0.21835105121135712,False,3400,1190,0.14880011975765228,0.22995271602598558,609.4852905273438,941.886331407563,-0.05911701637565425,-0.20916519048697824,0.24783122109120215
4,last_label_token,4,4096,4096,1000000.0,0.21801412105560303,False,3400,1190,0.14686831831932068,0.2313136028642414,601.5726318359375,947.4604779411765,-0.06538499369145834,-0.21632117029643116,0.2575962718944588
4,last_label_token,5,4096,4096,3162277.6601683795,0.21824991703033447,False,3400,1190,0.17494352161884308,0.22258215030702222,716.5686645507812,911.6965270483194,-0.025169639244492226,-0.17040839015173015,0.11567910531010839
4,last_label_token,6,4096,4096,1000000.0,0.21801355481147766,False,3400,1190,0.14111487567424774,0.23401130548044413,578.0065307617188,958.5103072478992,-0.07781008175007709,-0.2305065565539668,0.2866793125258408
4,last_label_token,7,4096,4096,1000000.0,0.2177255004644394,False,3400,1190,0.1375933140516281,0.2341456405254973,563.5821533203125,959.0605764180672,-0.07842880256612217,-0.2312129333393682,0.3044804319728678
4,last_label_token,8,4096,4096,1000000.0,0.21739721298217773,False,3400,1190,0.13541950285434723,0.23397536077419248,554.6782836914062,958.3630777310924,-0.07764452749745643,-0.2303175477510575,0.31546881636731616
4,last_label_token,9,4096,4096,1000000.0,0.2167220115661621,False,3400,1190,0.1324954479932785,0.23373003727247735,542.7013549804688,957.3582326680672,-0.07651461566308626,-0.22902755803574237,0.33024960268586534
4,last_label_token,10,4096,4096,1000000.0,0.21717260777950287,False,3400,1190,0.13166747987270355,0.2337587003948308,539.3099975585938,957.4756433823529,-0.07664663237135394,-0.22917827793329093,0.33443489347220734
4,last_label_token,11,4096,4096,1000000.0,0.2168109118938446,False,3400,1190,0.13071130216121674,0.23340326517569918,535.3934936523438,956.0197741596638,-0.0750095676073137,-0.2273092854644283,0.33926827010416305
4,last_label_token,12,4096,4096,1000000.0,0.21705752611160278,False,3400,1190,0.131050243973732,0.23283545550178078,536.7817993164062,953.6940257352941,-0.07239434784343102,-0.22432355994489894,0.337554955291944
4,last_label_token,13,4096,4096,1000000.0,0.21762757003307343,False,3400,1190,0.13074429333209991,0.23336060467888328,535.528564453125,955.845049894958,-0.07481308174323864,-0.22708496287911561,0.33910150324430843
4,last_label_token,14,4096,4096,1000000.0,0.21799710392951965,False,3400,1190,0.13106532394886017,0.23286643148470326,536.843505859375,953.8208771008403,-0.07253701713292293,-0.22448644160569553,0.3374787276215859
4,last_label_token,15,4096,4096,1000000.0,0.21772193908691406,False,3400,1190,0.13050596415996552,0.2319005709736287,534.5524291992188,949.8647518382353,-0.06808845344381753,-0.21940763701908073,0.34030623186062026
4,last_label_token,16,4096,4096,1000000.0,0.21787114441394806,False,3400,1190,0.13066528737545013,0.2322917938232422,535.2050170898438,951.467194065126,-0.06989034900035351,-0.2214648123360372,0.3395008699520542
4,last_label_token,17,4096,4096,1000000.0,0.21797499060630798,False,3400,1190,0.130817249417305,0.23203026266659008,535.8274536132812,950.3959821428572,-0.06868578789270674,-0.22008959756877244,0.3387327179932478
4,last_label_token,18,4096,4096,1000000.0,0.21817442774772644,False,3400,1190,0.13048523664474487,0.2314720217921153,534.467529296875,948.1094078256302,-0.06611464013846202,-0.21715418786808582,0.34041100724547024
4,last_label_token,19,4096,4096,1000000.0,0.21825067698955536,False,3400,1190,0.1309899538755417,0.23103642984598624,536.5348510742188,946.3252297794118,-0.0641083892434331,-0.21486370560017387,0.3378597153258066
4,last_label_token,20,4096,4096,1000000.0,0.21728259325027466,False,3400,1190,0.13016250729560852,0.2313294643113593,533.1456298828125,947.5254726890756,-0.06545804839956193,-0.21640457487654308,0.3420423697796756
4,last_label_token,21,4096,4096,1000000.0,0.21639001369476318,False,3400,1190,0.12882478535175323,0.23270985899853106,527.6663208007812,953.1796021533613,-0.07181587503350761,-0.22366313321717435,0.34880441192499045
4,last_label_token,22,4096,4096,1000000.0,0.21653658151626587,False,3400,1190,0.1288810521364212,0.2322714829645237,527.8968505859375,951.383987657563,-0.06979680117688059,-0.22135801132156896,0.3485199893130614
4,last_label_token,23,4096,4096,1000000.0,0.21657007932662964,False,3400,1190,0.12916499376296997,0.23240305796390823,529.059814453125,951.9229385504202,-0.07040280976502,-0.22204987490093253,0.34708469459105173
4,last_label_token,24,4096,4096,1000000.0,0.2164091020822525,False,3400,1190,0.1291949450969696,0.2322135989405528,529.1824951171875,951.1469078256303,-0.0695301987386776,-0.2210536385440669,0.3469332937833246
4,last_label_token,25,4096,4096,1000000.0,0.21681742370128632,False,3400,1190,0.1293761283159256,0.23194563569141036,529.9246215820312,950.0493434873949,-0.06829601267714835,-0.21964460176993206,0.3460174318822532
4,last_label_token,26,4096,4096,1000000.0,0.2165905088186264,False,3400,1190,0.12926585972309113,0.23186510550875625,529.472900390625,949.7194721638656,-0.06792510648280214,-0.219221148221169,0.34657482789080074
4,last_label_token,27,4096,4096,1000000.0,0.21680299937725067,False,3400,1190,0.12974904477596283,0.23114649027335543,531.4520874023438,946.7759978991596,-0.06461530594122555,-0.21544243865418955,0.34413237884037373
4,last_label_token,28,4096,4096,1000000.0,0.2167724221944809,False,3400,1190,0.12959983944892883,0.23153949224648354,530.8409423828125,948.3857536764706,-0.06642539579101081,-0.21750896917364448,0.3448865958989664
5,pre_label_token,0,4096,4096,0.1,0.21920008957386017,True,3400,1190,0.19782809913158417,0.21711736246317376,810.303955078125,889.3127494747899,9.954497570685561e-08,-0.14167278159544217,0.0
5,pre_label_token,1,4096,4096,3162277.6601683795,0.21772180497646332,False,3400,1190,0.16818541288375854,0.22648559377974822,688.887451171875,927.6849986869748,-0.043148132718591414,-0.19093394884841675,0.14984062616963711
5,pre_label_token,2,4096,4096,10000000.0,0.21862080693244934,False,3400,1190,0.18455658853054047,0.2211473064262326,755.9437866210938,905.8193605567227,-0.018561030325887184,-0.16286352047409602,0.0670860745227918
5,pre_label_token,3,4096,4096,10000000.0,0.21877650916576385,False,3400,1190,0.1847851425409317,0.22102759225027901,756.8799438476562,905.3290112920168,-0.0180096503594096,-0.1622340249113885,0.06593075830939987
5,pre_label_token,4,4096,4096,10000000.0,0.21865279972553253,False,3400,1190,0.18481595814228058,0.22111902477360573,757.0061645507812,905.7035320378151,-0.01843077059220799,-0.1627148064668129,0.06577498872214627
5,pre_label_token,5,4096,4096,10000000.0,0.21863386034965515,False,3400,1190,0.18357253074645996,0.2218787041031012,751.9130859375,908.8151588760504,-0.021929704280673645,-0.1667094442211876,0.0720603819563681
5,pre_label_token,6,4096,4096,10000000.0,0.2187311053276062,False,3400,1190,0.18358443677425385,0.22164407297342764,751.9617919921875,907.8541032037815,-0.020849039410506975,-0.16547567843007682,0.07200019825220194
5,pre_label_token,7,4096,4096,10000000.0,0.2185903787612915,False,3400,1190,0.18308453261852264,0.22213733096082672,749.9142456054688,909.8744944852941,-0.02312088875825946,-0.16806938725248188,0.07452716058933029
5,pre_label_token,8,4096,4096,10000000.0,0.21871410310268402,False,3400,1190,0.18327784538269043,0.22141288789380498,750.7060546875,906.907162552521,-0.01978424636960696,-0.1642600330762376,0.0735499851273187
5,pre_label_token,9,4096,4096,3162277.6601683795,0.21787619590759277,False,3400,1190,0.1585736721754074,0.22871363503592354,649.5177612304688,936.8110425420168,-0.05341005285758049,-0.20264970492425127,0.19842695314009418
5,pre_label_token,10,4096,4096,3162277.6601683795,0.21664144098758698,False,3400,1190,0.1572728157043457,0.2268733721821248,644.189453125,929.2733193277311,-0.04493416382810689,-0.19297301215621188,0.2050026442414703
5,pre_label_token,11,4096,4096,1000000.0,0.21588920056819916,False,3400,1190,0.11774659901857376,0.24195421843969522,482.29010009765625,991.0445115546219,-0.11439357778403081,-0.2722729423891703,0.40480346555695645
5,pre_label_token,12,4096,4096,1000000.0,0.21548236906528473,False,3400,1190,0.11790532618761063,0.24307954932461265,482.94024658203125,995.6538471638655,-0.11957663067362767,-0.2781902933878353,0.4040011165997879
5,pre_label_token,13,4096,4096,1000000.0,0.21557387709617615,False,3400,1190,0.11585094034671783,0.24093000267734047,474.5254821777344,986.8493040966387,-0.10967624127634856,-0.26688728716060806,0.4143858185198439
5,pre_label_token,14,4096,4096,1000000.0,0.21659968793392181,False,3400,1190,0.11915434151887894,0.23895002733759518,488.05615234375,978.7392988445379,-0.10055686399492769,-0.25647594129691287,0.3976874769462141
5,pre_label_token,15,4096,4096,1000000.0,0.21575500071048737,False,3400,1190,0.11847446113824844,0.2370375288634741,485.2713317871094,970.905724789916,-0.09174827189504042,-0.24641941045121785,0.40112419995783377
5,pre_label_token,16,4096,4096,1000000.0,0.21546109020709991,False,3400,1190,0.1176256388425827,0.23832422144272747,481.79461669921875,976.1760044642857,-0.09767452503561014,-0.25318525303215633,0.4054149063811976
5,pre_label_token,17,4096,4096,1000000.0,0.2160290777683258,False,3400,1190,0.12253420054912567,0.2353404918638598,501.9001159667969,963.9546743697479,-0.08393205300112005,-0.23749584519674083,0.380602649032063
5,pre_label_token,18,4096,4096,1000000.0,0.2163599133491516,False,3400,1190,0.1219438761472702,0.23466879580201222,499.4820861816406,961.2034007352942,-0.08083835295169384,-0.23396385170429834,0.38358667609620023
5,pre_label_token,19,4096,4096,1000000.0,0.21608708798885345,False,3400,1190,0.1222841814160347,0.23531296193098822,500.8760070800781,963.8418920693277,-0.08380525554089502,-0.23735108397321625,0.3818664691576594
5,pre_label_token,20,4096,4096,1000000.0,0.21505190432071686,False,3400,1190,0.12315849214792252,0.2339465133282317,504.4571838378906,958.2449317226891,-0.07751166183087932,-0.23016585862081773,0.3774469214001577
5,pre_label_token,21,4096,4096,1000000.0,0.2153581827878952,False,3400,1190,0.12430073320865631,0.23291823443244486,509.13580322265625,954.0330948004201,-0.07277561132915467,-0.22475883813249564,0.37167301432756306
5,pre_label_token,22,4096,4096,1000000.0,0.21577829122543335,False,3400,1190,0.12572219967842102,0.2311864323976661,514.9580688476562,946.9396402310924,-0.06479927151579545,-0.21565246716433384,0.364487652510892
5,pre_label_token,23,4096,4096,1000000.0,0.21610644459724426,False,3400,1190,0.1267670840024948,0.23050163012592734,519.2379760742188,944.1346638655463,-0.06164520683943264,-0.21205155701348644,0.35920587338719534
5,pre_label_token,24,4096,4096,1000000.0,0.21624192595481873,False,3400,1190,0.12757204473018646,0.22983811162099116,522.5350952148438,941.4169117647059,-0.05858917100996841,-0.20856256374009496,0.355136882524799
5,pre_label_token,25,4096,4096,1000000.0,0.21708440780639648,False,3400,1190,0.1284170299768448,0.2294028242095178,525.9961547851562,939.6340073529411,-0.05658432274171199,-0.20627368281315128,0.35086557197605694
5,pre_label_token,26,4096,4096,1000000.0,0.21782372891902924,False,3400,1190,0.12905576825141907,0.22931077139718192,528.6124267578125,939.2569196428572,-0.056160345579645554,-0.20578963957901775,0.3476368179346535
5,pre_label_token,27,4096,4096,1000000.0,0.2179635763168335,False,3400,1190,0.1302497386932373,0.22823184838815896,533.5029296875,934.837637867647,-0.051191038245670395,-0.20011631608768488,0.34160142434264373
5,pre_label_token,28,4096,4096,3162277.6601683795,0.21895411610603333,False,3400,1190,0.16861362755298615,0.22028183977143104,690.6414184570312,902.2744353991596,-0.014574861007919715,-0.15831261900792248,0.14767604656184963
5,first_label_token,0,4096,4096,100000000.0,0.2192101627588272,True,3400,1190,0.19733662903308868,0.2171597040000082,808.290771484375,889.4861410189076,-0.00019491725211140398,-0.14189542698679358,0.0024843290748529645
5,first_label_token,1,4096,4096,3162277.6601683795,0.21899543702602386,False,3400,1190,0.18123413622379303,0.21982366898480585,742.3350219726562,900.3977678571429,-0.012464616411086649,-0.15590340994938456,0.083880717555466
5,first_label_token,2,4096,4096,1000000.0,0.21805161237716675,False,3400,1190,0.15503564476966858,0.22801166822930344,635.0260620117188,933.9357733718488,-0.050176931706977346,-0.1989585381395702,0.21631130536947862
5,first_label_token,3,4096,4096,1000000.0,0.21781253814697266,False,3400,1190,0.1535320281982422,0.2276310992841961,628.8671875,932.3769564075631,-0.04842410594073687,-0.19695738447216926,0.22391192721251751
5,first_label_token,4,4096,4096,1000000.0,0.21763008832931519,False,3400,1190,0.14980754256248474,0.22926527231681246,613.6116943359375,939.070575105042,-0.055950785757602484,-0.20555039081025916,0.2427388059628417
5,first_label_token,5,4096,4096,1000000.0,0.21751311421394348,False,3400,1190,0.14619219303131104,0.23177240836520155,598.80322265625,949.3397977941177,-0.067498161657775,-0.2187337168866712,0.2610140133122738
5,first_label_token,6,4096,4096,1000000.0,0.2175508439540863,False,3400,1190,0.1434931457042694,0.23325667501497668,587.7479858398438,955.4193277310924,-0.07433440213704867,-0.2265384673472226,0.27465741047824654
5,first_label_token,7,4096,4096,1000000.0,0.21754220128059387,False,3400,1190,0.14024820923805237,0.2342818957416951,574.4566040039062,959.618618697479,-0.07905636731307975,-0.23192940700097986,0.2910602191816688
5,first_label_token,8,4096,4096,1000000.0,0.2173592895269394,False,3400,1190,0.13812795281410217,0.23429738373315634,565.7720947265625,959.6820903361345,-0.07912770195782559,-0.23201084783137804,0.301777889893047
5,first_label_token,9,4096,4096,1000000.0,0.21737822890281677,False,3400,1190,0.13595885038375854,0.23379509549181002,556.887451171875,957.6246717436975,-0.07681426103514855,-0.2293696550352109,0.31274247197145466
5,first_label_token,10,4096,4096,1000000.0,0.2178352326154709,False,3400,1190,0.135089710354805,0.234343499896907,553.3275146484375,959.8709755777311,-0.07934010394464441,-0.23225334142262488,0.31713588237558266
5,first_label_token,11,4096,4096,1000000.0,0.21748164296150208,False,3400,1190,0.13433702290058136,0.23384574281067408,550.2444458007812,957.8321822478991,-0.07704753263189135,-0.22963597489444232,0.32094063740041345
5,first_label_token,12,4096,4096,1000000.0,0.217530757188797,False,3400,1190,0.13571374118328094,0.23281356426848082,555.8834838867188,953.6043855042017,-0.0722935211252338,-0.2242084488136169,0.31398147290991374
5,first_label_token,13,4096,4096,1000000.0,0.21815545856952667,False,3400,1190,0.1351904720067978,0.2332284719002347,553.7401733398438,955.3038274684874,-0.07420450413343183,-0.2263901663173471,0.31662654294182613
5,first_label_token,14,4096,4096,3162277.6601683795,0.21853116154670715,False,3400,1190,0.17086932063102722,0.22220050907936417,699.8807373046875,910.1332983193278,-0.02341187475556361,-0.16840159807849941,0.1362737579691623
5,first_label_token,15,4096,4096,3162277.6601683795,0.21849946677684784,False,3400,1190,0.17086093127727509,0.22180970456419874,699.8463745117188,908.53256302521,-0.021611905965278178,-0.16634662249834675,0.13631616526008283
5,first_label_token,16,4096,4096,3162277.6601683795,0.21858489513397217,False,3400,1190,0.17118845880031586,0.22196298006201992,701.1879272460938,909.1603532037815,-0.022317862784320575,-0.16715259426385964,0.13466054846712705
5,first_label_token,17,4096,4096,3162277.6601683795,0.21873946487903595,False,3400,1190,0.17181356251239777,0.22160530250613428,703.7483520507812,907.6952928046219,-0.020670470257887708,-0.16527181086860487,0.13150071568894262
5,first_label_token,18,4096,4096,3162277.6601683795,0.21880005300045013,False,3400,1190,0.1718994677066803,0.2213743642598641,704.1002807617188,906.7494157037816,-0.019606814082897994,-0.16405746344376104,0.13106647406877014
5,first_label_token,19,4096,4096,3162277.6601683795,0.21896407008171082,False,3400,1190,0.17283381521701813,0.22103317485136145,707.9273071289062,905.3519104516806,-0.01803536272282158,-0.1622633800197686,0.1263434467817499
5,first_label_token,20,4096,4096,3162277.6601683795,0.21876275539398193,False,3400,1190,0.17275337874889374,0.22103555823574547,707.5977783203125,905.3616334033613,-0.018046340122877202,-0.1622759126198723,0.12675004457284977
5,first_label_token,21,4096,4096,1000000.0,0.21851718425750732,False,3400,1190,0.1382053941488266,0.23016420893308495,566.08935546875,942.7526326155462,-0.060091111140103015,-0.21027728807694768,0.3013864321827199
5,first_label_token,22,4096,4096,3162277.6601683795,0.21858623623847961,False,3400,1190,0.172773540019989,0.22112484779678473,707.680419921875,905.7273962710084,-0.018457590292545678,-0.1627454257917469,0.12664813149182752
5,first_label_token,23,4096,4096,3162277.6601683795,0.2186114639043808,False,3400,1190,0.17326749861240387,0.2209814039598994,709.7036743164062,905.1398240546218,-0.017796916171513244,-0.16199115205517556,0.1241512233448897
5,first_label_token,24,4096,4096,3162277.6601683795,0.21857526898384094,False,3400,1190,0.17357447743415833,0.2209040361292222,710.9611206054688,904.8229451155462,-0.017440575148861326,-0.16158432716815052,0.12259947805136462
5,first_label_token,25,4096,4096,3162277.6601683795,0.21867084503173828,False,3400,1190,0.1736299991607666,0.22082502381140445,711.1884765625,904.4993237920168,-0.01707665994163854,-0.16116885503989753,0.12231882162868246
5,first_label_token,26,4096,4096,3162277.6601683795,0.21860088407993317,False,3400,1190,0.173635333776474,0.2207401259606626,711.2103271484375,904.1515362394958,-0.016685637126477415,-0.16072243489040638,0.1222918557136744
5,first_label_token,27,4096,4096,3162277.6601683795,0.21861059963703156,False,3400,1190,0.1738659292459488,0.22051377817362297,712.1548461914062,903.2244485294118,-0.015643123704520034,-0.15953222557363045,0.12112622014174579
5,first_label_token,28,4096,4096,3162277.6601683795,0.2186385989189148,False,3400,1190,0.17393016815185547,0.220529000097964,712.4180297851562,903.2867778361344,-0.015713232896401585,-0.15961226733770895,0.1208014993048745
5,last_label_token,0,4096,4096,100000000.0,0.21921256184577942,True,3400,1190,0.19729839265346527,0.2171646727233374,808.1342163085938,889.5065191701681,-0.0002178022152401482,-0.1419215541289065,0.002677609907006051
5,last_label_token,1,4096,4096,3162277.6601683795,0.21882300078868866,False,3400,1190,0.17870402336120605,0.22062143438002643,731.9716186523438,903.6654017857143,-0.016138967033056506,-0.1600983164621077,0.09667016897158709
5,last_label_token,2,4096,4096,1000000.0,0.2183600515127182,False,3400,1190,0.1491396427154541,0.23056906692120208,610.8759765625,944.4108981092437,-0.061955807464811885,-0.21240616132872758,0.2461149686513706
5,last_label_token,3,4096,4096,1000000.0,0.2183307558298111,False,3400,1190,0.148790642619133,0.22986639167080405,609.4464721679688,941.5326943277311,-0.05871942336140146,-0.20871126931926764,0.24787912701842318
5,last_label_token,4,4096,4096,1000000.0,0.21812990307807922,False,3400,1190,0.146807000041008,0.23120573188076501,601.3214721679688,947.0186974789916,-0.06488816114193496,-0.2157539500411656,0.25790622926948203
5,last_label_token,5,4096,4096,1000000.0,0.21820512413978577,False,3400,1190,0.1436101347208023,0.23322613018901409,588.2271118164062,955.2942620798319,-0.07419371867177671,-0.22637785284811263,0.2740660434426917
5,last_label_token,6,4096,4096,1000000.0,0.2181544452905655,False,3400,1190,0.14103658497333527,0.2341905481675092,577.6858520507812,959.2444721638656,-0.07863563833932852,-0.23144907213540455,0.2870750636919095
5,last_label_token,7,4096,4096,3162277.6601683795,0.2178771048784256,False,3400,1190,0.17137406766414642,0.22347875482895796,701.9481811523438,915.3689732142857,-0.02929922345881475,-0.17512302451784656,0.1337223154019288
5,last_label_token,8,4096,4096,1000000.0,0.21766214072704315,False,3400,1190,0.13524039089679718,0.23487332448238085,553.9446411132812,962.041137079832,-0.08178037185653175,-0.23503932915475834,0.316374208262281
5,last_label_token,9,4096,4096,1000000.0,0.2170478254556656,False,3400,1190,0.13226433098316193,0.23434692831600415,541.7546997070312,959.885018382353,-0.07935589456920322,-0.23227136915068258,0.33141787459026684
5,last_label_token,10,4096,4096,1000000.0,0.2176734358072281,False,3400,1190,0.1315205991268158,0.23437808701972,538.7083740234375,960.0126378676471,-0.07949940543475842,-0.23243521161605996,0.3351773600203495
5,last_label_token,11,4096,4096,1000000.0,0.217317134141922,False,3400,1190,0.13065627217292786,0.23385443166524422,535.1680908203125,957.8677521008403,-0.07708755178838178,-0.22968166368069798,0.3395464408419422
5,last_label_token,12,4096,4096,1000000.0,0.2175254076719284,False,3400,1190,0.13115255534648895,0.23322282037815126,537.2008666992188,955.2806328781512,-0.07417847433343439,-0.22636044880022155,0.33703778218455394
5,last_label_token,13,4096,4096,1000000.0,0.21798084676265717,False,3400,1190,0.13087482750415802,0.23366893319522633,536.0632934570312,957.1079306722689,-0.07623318229232678,-0.22870625318452942,0.3384416668882442
5,last_label_token,14,4096,4096,3162277.6601683795,0.21827983856201172,False,3400,1190,0.1684495508670807,0.2227286779579996,689.9693603515625,912.2966583508403,-0.025844516807156603,-0.17117887957263211,0.14850543675781125
5,last_label_token,15,4096,4096,1000000.0,0.2180408388376236,False,3400,1190,0.13059790432453156,0.23206445709997867,534.9290161132812,950.5360097163865,-0.068843280732509,-0.22026940287516972,0.33984148410754755
5,last_label_token,16,4096,4096,1000000.0,0.21811695396900177,False,3400,1190,0.1307014375925064,0.23254044156114595,535.3530883789062,952.4856289390756,-0.07103557161328156,-0.22277228195223664,0.33931813444979253
5,last_label_token,17,4096,4096,1000000.0,0.21815848350524902,False,3400,1190,0.13087815046310425,0.2322972658301602,536.076904296875,951.489587710084,-0.06991555198877974,-0.2214935859048024,0.3384248696842028
5,last_label_token,18,4096,4096,1000000.0,0.2183968722820282,False,3400,1190,0.13054002821445465,0.23186887853285845,534.6919555664062,949.7349264705882,-0.06794248429028737,-0.21924098799295377,0.3401340416882501
5,last_label_token,19,4096,4096,1000000.0,0.21846187114715576,False,3400,1190,0.13102313876152039,0.23143681758592108,536.6707763671875,947.9651785714286,-0.06595249648357226,-0.2169690728521625,0.3376919692567478
5,last_label_token,20,4096,4096,1000000.0,0.21747179329395294,False,3400,1190,0.13010914623737335,0.2315880719353171,532.9270629882812,948.5847295168068,-0.06664914429019375,-0.21776441677051306,0.34231210425354164
5,last_label_token,21,4096,4096,1000000.0,0.21659933030605316,False,3400,1190,0.12871627509593964,0.23268294134059875,527.2218627929688,953.0693014705882,-0.07169189759131944,-0.22352159153180673,0.3493529197269152
5,last_label_token,22,4096,4096,1000000.0,0.21672438085079193,False,3400,1190,0.1287267953157425,0.2322318678142644,527.2649536132812,951.221756827731,-0.06961434158052948,-0.22114970214593788,0.34929974113474827
5,last_label_token,23,4096,4096,1000000.0,0.21670082211494446,False,3400,1190,0.1289731115102768,0.23235241224785813,528.2738647460938,951.7154871323529,-0.07016954555052335,-0.22178356346981132,0.34805463896970923
5,last_label_token,24,4096,4096,1000000.0,0.2165384143590927,False,3400,1190,0.12899820506572723,0.2321200170436827,528.3765869140625,950.7635963760504,-0.06909917891376449,-0.22056155489265117,0.34792779371587224
5,last_label_token,25,4096,4096,1000000.0,0.2169613391160965,False,3400,1190,0.12914876639842987,0.2319098961453478,528.9933471679688,949.9029280462184,-0.06813140335203771,-0.21945667176514894,0.34716672219285016
5,last_label_token,26,4096,4096,1000000.0,0.21675913035869598,False,3400,1190,0.12902148067951202,0.23185773577008928,528.4720458984375,949.6892857142857,-0.06789116291490993,-0.21918239576973853,0.3478101379637978
5,last_label_token,27,4096,4096,1000000.0,0.21701501309871674,False,3400,1190,0.1295173317193985,0.2311514942585921,530.5029907226562,946.7965139180673,-0.06463835331376999,-0.2154687512147302,0.3453036636961728
5,last_label_token,28,4096,4096,1000000.0,0.21706847846508026,False,3400,1190,0.1294129192829132,0.23143908396488477,530.0753173828125,947.9745207457984,-0.06596293497965733,-0.21698099020021,0.3458314574572392
6,pre_label_token,0,4096,4096,0.1,0.21920008957386017,True,3400,1190,0.19782809913158417,0.21711736246317376,810.303955078125,889.3127494747899,9.954497570685561e-08,-0.14167278159544217,0.0
6,pre_label_token,1,4096,4096,3162277.6601683795,0.21750514209270477,False,3400,1190,0.16727006435394287,0.22634219001321232,685.13818359375,927.0975905987395,-0.04248764315371334,-0.19017988581460443,0.15446761563086042
6,pre_label_token,2,4096,4096,10000000.0,0.2184857875108719,False,3400,1190,0.18413783609867096,0.22107282686634225,754.2285766601562,905.5142922794117,-0.018217992110834524,-0.16247188304193783,0.06920282352714324
6,pre_label_token,3,4096,4096,10000000.0,0.21867333352565765,False,3400,1190,0.18444015085697174,0.22096634552258404,755.4668579101562,905.0781578256302,-0.01772755996874098,-0.16191196995835355,0.0676746545783039
6,pre_label_token,4,4096,4096,10000000.0,0.21857886016368866,False,3400,1190,0.18443505465984344,0.22116090630282875,755.4459228515625,905.8750590861345,-0.018623668684644157,-0.1629350329904915,0.06770041531275306
6,pre_label_token,5,4096,4096,10000000.0,0.21853108704090118,False,3400,1190,0.18301357328891754,0.2219389394551766,749.6235961914062,909.0619157037816,-0.022207136474008626,-0.16702618103658606,0.074885852453209
6,pre_label_token,6,4096,4096,10000000.0,0.21867385506629944,False,3400,1190,0.18316225707530975,0.22165426045906644,750.2326049804688,907.895837710084,-0.02089596096716706,-0.16552924749951803,0.07413427172708931
6,pre_label_token,7,4096,4096,3162277.6601683795,0.21850985288619995,False,3400,1190,0.16018421947956085,0.2312002326260094,656.1145629882812,946.9961725315126,-0.06486283265532378,-0.21572503319452419,0.19028580781633408
6,pre_label_token,8,4096,4096,10000000.0,0.21871143579483032,False,3400,1190,0.182887464761734,0.22131963136817226,749.1070556640625,906.5252035189076,-0.019354725140666496,-0.16376966033122464,0.07552331764514653
6,pre_label_token,9,4096,4096,3162277.6601683795,0.2178884744644165,False,3400,1190,0.15741340816020966,0.22875955886199695,644.7653198242188,936.9991662289916,-0.0536215689748587,-0.20289118714225496,0.20429196433057228
6,pre_label_token,10,4096,4096,3162277.6601683795,0.21656867861747742,False,3400,1190,0.1561073362827301,0.22693987613966485,639.4156494140625,929.5457392331933,-0.04524046798621506,-0.19332271131122414,0.21089401875667702
6,pre_label_token,11,4096,4096,1000000.0,0.2156163454055786,False,3400,1190,0.11579389870166779,0.24191567396917263,474.29180908203125,990.8866202731092,-0.1142160495281217,-0.27207026319125904,0.41467415796858986
6,pre_label_token,12,4096,4096,1000000.0,0.215316042304039,False,3400,1190,0.11638463288545609,0.24316430292209656,476.7114562988281,996.0010110294118,-0.1199669890866335,-0.278635955007394,0.4116880595003668
6,pre_label_token,13,4096,4096,1000000.0,0.21552163362503052,False,3400,1190,0.11450538039207458,0.24108088517389378,469.0140380859375,987.467318802521,-0.11037117640185845,-0.2676806757573551,0.42118748097603653
6,pre_label_token,14,4096,4096,1000000.0,0.2166687697172165,False,3400,1190,0.11804535984992981,0.23888183721975118,483.5137939453125,978.460031512605,-0.10024279371384837,-0.256117375769803,0.4032932613308251
6,pre_label_token,15,4096,4096,1000000.0,0.21580924093723297,False,3400,1190,0.1173335462808609,0.23689802153771664,480.59820556640625,970.3342765231092,-0.09110572857060273,-0.245685836153688,0.40689140321356876
6,pre_label_token,16,4096,4096,1000000.0,0.21554946899414062,False,3400,1190,0.11651280522346497,0.2382599149431501,477.2364807128906,975.9125984768907,-0.09737834193700179,-0.2528471088164461,0.41104016196421533
6,pre_label_token,17,4096,4096,1000000.0,0.21614426374435425,False,3400,1190,0.12169453501701355,0.2350058451420119,498.4607849121094,962.5839548319328,-0.08239073596991187,-0.23573616531923358,0.3848470689895819
6,pre_label_token,18,4096,4096,1000000.0,0.21645204722881317,False,3400,1190,0.12108883261680603,0.2345477288510619,495.9798583984375,960.7075039390757,-0.08028074236944827,-0.23332724281644768,0.38790883019977596
6,pre_label_token,19,4096,4096,1000000.0,0.21617799997329712,False,3400,1190,0.12150423973798752,0.23519135162609967,497.68133544921875,963.34375,-0.0832451423771976,-0.23671161795595408,0.38580899138514335
6,pre_label_token,20,4096,4096,1000000.0,0.2152266502380371,False,3400,1190,0.1224876418709755,0.23374340313823283,501.7093811035156,957.4129923844538,-0.07657617621390234,-0.22909784004802547,0.3808379981981044
6,pre_label_token,21,4096,4096,1000000.0,0.2155197560787201,False,3400,1190,0.12362077832221985,0.23270515954795004,506.3507080078125,953.1603203781513,-0.07179423028773546,-0.22363842199760198,0.37511011395810745
6,pre_label_token,22,4096,4096,1000000.0,0.21591000258922577,False,3400,1190,0.12499615550041199,0.23093191836060595,511.9842529296875,945.897137605042,-0.06362702988188307,-0.21431415066422055,0.36815772860825224
6,pre_label_token,23,4096,4096,1000000.0,0.21620559692382812,False,3400,1190,0.12597547471523285,0.23017203226810745,515.9955444335938,942.7846441701681,-0.06012714388366147,-0.2103184256836097,0.3632073741382865
6,pre_label_token,24,4096,4096,1000000.0,0.216319277882576,False,3400,1190,0.1267256885766983,0.22952645245720357,519.0684814453125,940.1403230042017,-0.05715373015333802,-0.20692375982135514,0.3594151228617555
6,pre_label_token,25,4096,4096,1000000.0,0.2171241194009781,False,3400,1190,0.12744949758052826,0.2290225758272059,522.0331420898438,938.0764968487395,-0.05483297342470572,-0.20427421476782226,0.35575634533213607
6,pre_label_token,26,4096,4096,1000000.0,0.21785444021224976,False,3400,1190,0.12805071473121643,0.2288336168818113,524.4957275390625,937.302468487395,-0.05396266565916852,-0.2032806079813887,0.35271725658120856
6,pre_label_token,27,4096,4096,1000000.0,0.2181268185377121,False,3400,1190,0.1292533129453659,0.22755378434638016,529.4215698242188,932.0603138130252,-0.04806800853220872,-0.19655083771278625,0.34663825051771924
6,pre_label_token,28,4096,4096,3162277.6601683795,0.2191043198108673,False,3400,1190,0.16813769936561584,0.22000517324239266,688.6920166015625,901.1411764705882,-0.013300589349684477,-0.15685781759453854,0.15008181292901135
6,first_label_token,0,4096,4096,100000000.0,0.2192150503396988,True,3400,1190,0.19733430445194244,0.21715584121832326,808.2813110351562,889.4703387605042,-0.00017712603884034728,-0.14187511524082863,0.0024960795853034012
6,first_label_token,1,4096,4096,10000000.0,0.21913206577301025,False,3400,1190,0.19193656742572784,0.21793420294753643,786.1721801757812,892.6585018382353,-0.003762107188669761,-0.14596799104954705,0.029781066146410295
6,first_label_token,2,4096,4096,1000000.0,0.21850429475307465,False,3400,1190,0.15509504079818726,0.2277216342316956,635.269287109375,932.7478597689076,-0.048841092115679885,-0.19743344628579296,0.21601106476271237
6,first_label_token,3,4096,4096,1000000.0,0.2182227075099945,False,3400,1190,0.15363013744354248,0.22729455322778525,629.26904296875,930.9984506302521,-0.04687404094781655,-0.19518771728388673,0.22341599541248025
6,first_label_token,4,4096,4096,1000000.0,0.21799322962760925,False,3400,1190,0.1496608853340149,0.2289943102027188,613.0110473632812,937.960674894958,-0.05470278751348823,-0.2041255850416428,0.2434801426542098
6,first_label_token,5,4096,4096,1000000.0,0.2178245335817337,False,3400,1190,0.14590905606746674,0.2314487088628176,597.6434326171875,948.0139115021009,-0.06600726536791157,-0.2170316010029154,0.2624452405498968
6,first_label_token,6,4096,4096,1000000.0,0.21768923103809357,False,3400,1190,0.1430150270462036,0.23322040012904577,585.7894897460938,955.2707589285715,-0.07416732714171692,-0.2263477223535797,0.27707424944179426
6,first_label_token,7,4096,4096,1000000.0,0.21750400960445404,False,3400,1190,0.1395920068025589,0.23446697908289293,571.768798828125,960.3767528886555,-0.07990882480737671,-0.23290263461656568,0.2943772526990207
6,first_label_token,8,4096,4096,1000000.0,0.21721401810646057,False,3400,1190,0.13735178112983704,0.23458845154577945,562.5928955078125,960.8742647058823,-0.0804683030979032,-0.23354137581633694,0.3057013552029415
6,first_label_token,9,4096,4096,1000000.0,0.21727100014686584,False,3400,1190,0.13505128026008606,0.23391077698779708,553.1700439453125,958.0985425420168,-0.07734706727026097,-0.22997794547225547,0.3173301424169399
6,first_label_token,10,4096,4096,1000000.0,0.2177751511335373,False,3400,1190,0.134322389960289,0.2342414022493763,550.1845092773438,959.4527901785714,-0.07886986224582726,-0.23171647922087213,0.3210146053572235
6,first_label_token,11,4096,4096,1000000.0,0.21744132041931152,False,3400,1190,0.1337018460035324,0.23353375026157924,547.6427001953125,956.5542345063026,-0.07561055626805735,-0.227995417928748,0.32415138905721663
6,first_label_token,12,4096,4096,1000000.0,0.21757175028324127,False,3400,1190,0.13530482351779938,0.23260033711665817,554.2085571289062,952.730993960084,-0.07131143877042834,-0.2230872320082391,0.31604850821620545
6,first_label_token,13,4096,4096,1000000.0,0.21815092861652374,False,3400,1190,0.13483288884162903,0.23307380996832328,552.2754516601562,954.6703715861345,-0.0734921616714519,-0.22557690423637378,0.3184340878090036
6,first_label_token,14,4096,4096,3162277.6601683795,0.2185821682214737,False,3400,1190,0.17078134417533875,0.22215910518870635,699.5203857421875,909.9636423319328,-0.023221176572486346,-0.16818388313170773,0.1367184695954412
6,first_label_token,15,4096,4096,3162277.6601683795,0.21851924061775208,False,3400,1190,0.17076101899147034,0.22175739512724035,699.4371337890625,908.3182838760504,-0.02137097897925644,-0.16607156268867307,0.13682121123809776
6,first_label_token,16,4096,4096,3162277.6601683795,0.21860913932323456,False,3400,1190,0.17109820246696472,0.22191066421380565,700.8182373046875,908.946100315126,-0.022076906269314245,-0.16687750074174446,0.13511678463250165
6,first_label_token,17,4096,4096,3162277.6601683795,0.21877942979335785,False,3400,1190,0.17173628509044647,0.22154867989676338,703.4318237304688,907.4634256827732,-0.020409677647421187,-0.16497407101395534,0.13189134483763543
6,first_label_token,18,4096,4096,3162277.6601683795,0.21884065866470337,False,3400,1190,0.1718110293149948,0.22134038620636243,703.738037109375,906.6102219012605,-0.01945031784632878,-0.1638787959322623,0.1315135207323822
6,first_label_token,19,4096,4096,3162277.6601683795,0.21899254620075226,False,3400,1190,0.17271171510219574,0.22101051266453847,707.4271850585938,905.2590467436975,-0.017930985144216427,-0.16214421496740394,0.1269606498755388
6,first_label_token,20,4096,4096,3162277.6601683795,0.21881990134716034,False,3400,1190,0.1726783961057663,0.22099145200072218,707.2907104492188,905.1809545693277,-0.01784319547275648,-0.16204398787901564,0.127129073858662
6,first_label_token,21,4096,4096,3162277.6601683795,0.21863053739070892,False,3400,1190,0.1722603738307953,0.22132720947265624,705.5784912109375,906.5562368697479,-0.0193896284005608,-0.1638095084370017,0.1292421319975514
6,first_label_token,22,4096,4096,3162277.6601683795,0.2186850607395172,False,3400,1190,0.17270614206790924,0.22107912752808642,707.4043579101562,905.5400669642858,-0.018247011720530892,-0.1625050139437587,0.12698882097110586
6,first_label_token,23,4096,4096,3162277.6601683795,0.21868418157100677,False,3400,1190,0.17318955063819885,0.22093017481956162,709.3843994140625,904.9299960609244,-0.017560964819410385,-0.16172177279188382,0.12454524206390483
6,first_label_token,24,4096,4096,3162277.6601683795,0.21861501038074493,False,3400,1190,0.17345231771469116,0.22085093810778705,710.460693359375,904.6054424894958,-0.017196016097723588,-0.16130512072818037,0.12321698244029333
6,first_label_token,25,4096,4096,3162277.6601683795,0.21869434416294098,False,3400,1190,0.17345789074897766,0.22075291962182822,710.4835205078125,904.2039259453782,-0.01674456221541054,-0.1607897080672911,0.12318881134472615
6,first_label_token,26,4096,4096,3162277.6601683795,0.21861052513122559,False,3400,1190,0.1734628826379776,0.2206839152744838,710.5037841796875,903.9213366596639,-0.016426741753276408,-0.16042686106011894,0.12316357787677168
6,first_label_token,27,4096,4096,3162277.6601683795,0.21859243512153625,False,3400,1190,0.17366354167461395,0.22043179744431954,711.3258666992188,902.8886292016807,-0.015265536577389271,-0.15910114458499236,0.12214926778878521
6,first_label_token,28,4096,4096,3162277.6601683795,0.21864241361618042,False,3400,1190,0.1737578958272934,0.220401106762285,711.7123413085938,902.7629529936975,-0.015124181327715869,-0.15893976312783997,0.12167231758255237
6,last_label_token,0,4096,4096,100000000.0,0.21921347081661224,True,3400,1190,0.19729162752628326,0.21715994602491875,808.1065063476562,889.4871783088236,-0.00019603197128326144,-0.1418966996314579,0.002711806905368208
6,last_label_token,1,4096,4096,3162277.6601683795,0.21886366605758667,False,3400,1190,0.1786065548658371,0.2206001650385496,731.5723876953125,903.5782891281513,-0.01604100462637348,-0.15998647543764477,0.09716286184887202
6,last_label_token,2,4096,4096,3162277.6601683795,0.21847352385520935,False,3400,1190,0.17702613770961761,0.22160696141860065,725.0990600585938,907.7021271008404,-0.02067811088267435,-0.1652805339628265,0.1051517024794858
6,last_label_token,3,4096,4096,3162277.6601683795,0.21847660839557648,False,3400,1190,0.17699354887008667,0.22137567536169742,724.9655151367188,906.7547400210084,-0.019612852760265698,-0.16406435763803473,0.10531643559714698
6,last_label_token,4,4096,4096,1000000.0,0.21821735799312592,False,3400,1190,0.14643995463848114,0.23106906474137506,599.8180541992188,946.4588957457984,-0.06425869915771143,-0.21503531035519186,0.2597616047400957
6,last_label_token,5,4096,4096,3162277.6601683795,0.21822500228881836,False,3400,1190,0.17454351484775543,0.22268120260799631,714.9302368164062,912.102212447479,-0.025625854675585202,-0.17092923894380085,0.11770109699300668
6,last_label_token,6,4096,4096,1000000.0,0.2180253267288208,False,3400,1190,0.14045928418636322,0.23441349959173122,575.3212280273438,960.1576943277311,-0.07966250878165049,-0.23262142228632987,0.2899932577680101
6,last_label_token,7,4096,4096,3162277.6601683795,0.217767596244812,False,3400,1190,0.17103055119514465,0.22357048066724247,700.5410766601562,915.7447085084034,-0.029721694642662166,-0.17560534841746644,0.135458754616124
6,last_label_token,8,4096,4096,1000000.0,0.21741454303264618,False,3400,1190,0.13468872010707855,0.23490541442101742,551.6849975585938,962.1725512079832,-0.08192817180711187,-0.23520806835225416,0.3191628454282869
6,last_label_token,9,4096,4096,1000000.0,0.21695202589035034,False,3400,1190,0.1317681521177292,0.23399737382135471,539.7223510742188,958.4532169117647,-0.07774591526636265,-0.23043329941872703,0.3339260059811605
6,last_label_token,10,4096,4096,1000000.0,0.2175908237695694,False,3400,1190,0.1311209499835968,0.23389405643238742,537.0714721679688,958.0300354516806,-0.07727005567820977,-0.2298900234249912,0.3371975439324093
6,last_label_token,11,4096,4096,1000000.0,0.2172493040561676,False,3400,1190,0.13035798072814941,0.2330937874417345,533.9462890625,954.7521139705882,-0.07358417398772144,-0.22568195220388731,0.3410542723688479
6,last_label_token,12,4096,4096,1000000.0,0.21748608350753784,False,3400,1190,0.13099567592144012,0.23263259695357635,536.5582275390625,952.8631302521009,-0.07146002123910278,-0.22325686458543292,0.3378307909923901
6,last_label_token,13,4096,4096,1000000.0,0.21790127456188202,False,3400,1190,0.13071727752685547,0.2331270971218077,535.41796875,954.8885372899159,-0.0737375918276375,-0.22585710519336621,0.33923806526640254
6,last_label_token,14,4096,4096,3162277.6601683795,0.2183130830526352,False,3400,1190,0.1684427708387375,0.22253479356525324,689.9415893554688,911.5024684873949,-0.02495152339913731,-0.1701593732030655,0.1485397090799584
6,last_label_token,15,4096,4096,1000000.0,0.2179913967847824,False,3400,1190,0.1304638683795929,0.23150714585761062,534.3799438476562,948.2532825630252,-0.06627641468104328,-0.21733888147849112,0.34051902155307245
6,last_label_token,16,4096,4096,1000000.0,0.21807779371738434,False,3400,1190,0.1305428147315979,0.23201261247907365,534.703369140625,950.3236672794118,-0.06860449459787654,-0.21999678721749993,0.34011995614046653
6,last_label_token,17,4096,4096,1000000.0,0.2181631624698639,False,3400,1190,0.13071949779987335,0.23181965290999212,535.4270629882812,949.5332851890756,-0.0677157607458978,-0.21898214386761072,0.3392268420224467
6,last_label_token,18,4096,4096,1000000.0,0.21842879056930542,False,3400,1190,0.13038189709186554,0.2313929421561105,534.0442504882812,947.7854910714286,-0.06575041487689992,-0.21673836175919758,0.3409333776940211
6,last_label_token,19,4096,4096,1000000.0,0.2184598594903946,False,3400,1190,0.13081127405166626,0.23101675209878875,535.802978515625,946.2446100315126,-0.0640177574071974,-0.21476023368929753,0.3387629228310083
6,last_label_token,20,4096,4096,1000000.0,0.2175377458333969,False,3400,1190,0.12992051243782043,0.23110315499185513,532.1544189453125,946.5985228466386,-0.06441571215151254,-0.2152145678344155,0.3432656280470825
6,last_label_token,21,4096,4096,1000000.0,0.21686486899852753,False,3400,1190,0.12856845557689667,0.23212660621194278,526.6163940429688,950.7905593487395,-0.06912952732777167,-0.22059620285433668,0.3501001316735084
6,last_label_token,22,4096,4096,1000000.0,0.21694618463516235,False,3400,1190,0.1285504400730133,0.23166885375976562,526.5426025390625,948.9155921743697,-0.06702120949718893,-0.21818919353260235,0.3501911981294995
6,last_label_token,23,4096,4096,1000000.0,0.21688584983348846,False,3400,1190,0.12877801060676575,0.2318400118531299,527.4747314453125,949.6166819852941,-0.06780953003675605,-0.2190891977253897,0.3490408532859135
6,last_label_token,24,4096,4096,1000000.0,0.21666714549064636,False,3400,1190,0.12874966859817505,0.2316995845121496,527.358642578125,949.0414653361345,-0.06716274930301669,-0.21835078569251376,0.34918411912486713
6,last_label_token,25,4096,4096,1000000.0,0.21706965565681458,False,3400,1190,0.12883029878139496,0.23150105516449743,527.6889038085938,948.2283482142857,-0.06624836214559515,-0.21730685465912725,0.3487765421245631
6,last_label_token,26,4096,4096,1000000.0,0.21689096093177795,False,3400,1190,0.12870241701602936,0.23152560706899947,527.1651000976562,948.3288405987395,-0.06636144339243533,-0.21743595645360503,0.3494229708469082
6,last_label_token,27,4096,4096,1000000.0,0.21711845695972443,False,3400,1190,0.1291588395833969,0.2308164195854123,529.0346069335938,945.4240677521009,-0.06309506522283415,-0.2137068210317572,0.3471158033142314
6,last_label_token,28,4096,4096,1000000.0,0.21721486747264862,False,3400,1190,0.12908203899860382,0.23102331081358324,528.7200317382812,946.2715007878152,-0.06404796555852732,-0.21479472151688617,0.3475040221018063
7,pre_label_token,0,4096,4096,0.1,0.21920008957386017,True,3400,1190,0.19782809913158417,0.21711736246317376,810.303955078125,889.3127494747899,9.954497570685561e-08,-0.14167278159544217,0.0
7,pre_label_token,1,4096,4096,3162277.6601683795,0.21751080453395844,False,3400,1190,0.166391983628273,0.22598307152756122,681.5415649414062,925.6266478466387,-0.04083361398797325,-0.18829152554813722,0.1589062203059517
7,pre_label_token,2,4096,4096,10000000.0,0.21853123605251312,False,3400,1190,0.18391892313957214,0.22092473006048122,753.3319091796875,904.907681197479,-0.01753588732916911,-0.16169314250099465,0.07030940525167972
7,pre_label_token,3,4096,4096,10000000.0,0.2187444418668747,False,3400,1190,0.18425892293453217,0.22087000838848722,754.7245483398438,904.6835477941177,-0.017283850062660644,-0.16140539838523082,0.06859074245073016
7,pre_label_token,4,4096,4096,10000000.0,0.21864953637123108,False,3400,1190,0.18431654572486877,0.22110486711774555,754.9606323242188,905.6455488445379,-0.01836556321178362,-0.1626403609680127,0.06829946537437159
7,pre_label_token,5,4096,4096,10000000.0,0.21856065094470978,False,3400,1190,0.18271112442016602,0.22189797152992055,748.3847045898438,908.8940848214286,-0.022018446261889757,-0.16681075853581206,0.07641469931611278
7,pre_label_token,6,4096,4096,10000000.0,0.21870236098766327,False,3400,1190,0.18293054401874542,0.2215924703774332,749.2835083007812,907.6427849264705,-0.020611367995046592,-0.16520433541707158,0.07530555658288829
7,pre_label_token,7,4096,4096,3162277.6601683795,0.21853898465633392,False,3400,1190,0.1595734804868698,0.23117184198203208,653.6129760742188,946.8798713235294,-0.06473207092890498,-0.21557574607573682,0.1933730284658376
7,pre_label_token,8,4096,4096,10000000.0,0.21871709823608398,False,3400,1190,0.1826065480709076,0.22129930448131402,747.9564208984375,906.4419511554622,-0.019261103494731868,-0.16366277503565296,0.07694332163881357
7,pre_label_token,9,4096,4096,3162277.6601683795,0.21799510717391968,False,3400,1190,0.15654776990413666,0.2288080167369682,641.2196655273438,937.19765625,-0.05384475642333264,-0.20314599420273605,0.20866767364523964
7,pre_label_token,10,4096,4096,3162277.6601683795,0.21673129498958588,False,3400,1190,0.15531094372272491,0.2269956604773257,636.1536254882812,929.7741990546218,-0.045497399681934336,-0.19361604326415582,0.2149196984427335
7,pre_label_token,11,4096,4096,1000000.0,0.21589237451553345,False,3400,1190,0.11450593173503876,0.24183381665654544,469.01629638671875,990.551299894958,-0.11383903083394609,-0.2716398311671189,0.4211846939959938
7,pre_label_token,12,4096,4096,1000000.0,0.2157636433839798,False,3400,1190,0.11544271558523178,0.24285002476027032,472.8533630371094,994.713668592437,-0.11851948563976022,-0.2769833795563279,0.41644935127013605
7,pre_label_token,13,4096,4096,1000000.0,0.2159648984670639,False,3400,1190,0.11366406083106995,0.24089358514096557,465.5679931640625,986.700124737395,-0.10950850926110767,-0.26669579206514316,0.42544026187368367
7,pre_label_token,14,4096,4096,1000000.0,0.2171623706817627,False,3400,1190,0.11740913987159729,0.2388617796056411,480.9078369140625,978.377862394958,-0.10015041228527011,-0.2560119063967716,0.40650928565257405
7,pre_label_token,15,4096,4096,1000000.0,0.21622078120708466,False,3400,1190,0.1167343258857727,0.23678276959587546,478.143798828125,969.8622242647059,-0.0905749007774641,-0.2450798044502196,0.40992039857731444
7,pre_label_token,16,4096,4096,1000000.0,0.21606266498565674,False,3400,1190,0.11604951322078705,0.2379605910357307,475.33880615234375,974.6865808823529,-0.09599971484689984,-0.2512731676350288,0.41338205376174886
7,pre_label_token,17,4096,4096,1000000.0,0.21638064086437225,False,3400,1190,0.1213010922074318,0.2348304620310038,496.8492736816406,961.8655724789916,-0.08158295582943897,-0.23481394462754013,0.38683588054521467
7,pre_label_token,18,4096,4096,1000000.0,0.21664874255657196,False,3400,1190,0.12068572640419006,0.23436389089632434,494.3287353515625,959.9545102415966,-0.07943402088042606,-0.23236056384261095,0.3899464892299416
7,pre_label_token,19,4096,4096,1000000.0,0.2163315862417221,False,3400,1190,0.1209566667675972,0.2352181186195181,495.4385070800781,963.4534401260504,-0.08336842588824567,-0.23685236739894777,0.3885769145102911
7,pre_label_token,20,4096,4096,1000000.0,0.21532858908176422,False,3400,1190,0.12199938297271729,0.23387890663467537,499.70947265625,957.9680015756303,-0.07720027868740598,-0.2298103609258788,0.38330609499730306
7,pre_label_token,21,4096,4096,1000000.0,0.21568401157855988,False,3400,1190,0.12323881685733795,0.23281354182908515,504.7861633300781,953.6042870273109,-0.07229341777378728,-0.22420833082007197,0.3770408885374449
7,pre_label_token,22,4096,4096,1000000.0,0.21610887348651886,False,3400,1190,0.12471964955329895,0.23101384459423419,510.85162353515625,946.232687762605,-0.06400436601264414,-0.2147449450971064,0.3695554367615774
7,pre_label_token,23,4096,4096,1000000.0,0.21638230979442596,False,3400,1190,0.12571607530117035,0.230347731133469,514.9330444335938,943.5043198529412,-0.0609363783266299,-0.21124230671304378,0.3645186105865019
7,pre_label_token,24,4096,4096,1000000.0,0.21652314066886902,False,3400,1190,0.12647712230682373,0.22971532164501543,518.05029296875,940.9139377626051,-0.05802362451308962,-0.20791689463360852,0.36067159891832035
7,pre_label_token,25,4096,4096,1000000.0,0.21733148396015167,False,3400,1190,0.12719383835792542,0.22909546699844488,520.9859619140625,938.3750459558823,-0.05516869583380313,-0.20465749994261473,0.3570486755103318
7,pre_label_token,26,4096,4096,1000000.0,0.2180984765291214,False,3400,1190,0.12779861688613892,0.22893310033974526,523.463134765625,937.7099855567227,-0.05442086691448145,-0.203803723935146,0.35399158437480394
7,pre_label_token,27,4096,4096,1000000.0,0.2183205932378769,False,3400,1190,0.1289466917514801,0.22763622508329504,528.1656494140625,932.3979451155462,-0.04844771436399031,-0.19698433756909717,0.34818818804040574
7,pre_label_token,28,4096,4096,10000000.0,0.21918568015098572,False,3400,1190,0.18705116212368011,0.21796347994764312,766.1615600585938,892.7784401260504,-0.0038969512972208964,-0.146121938913363,0.05447627033374991
7,first_label_token,0,4096,4096,100000000.0,0.21921288967132568,True,3400,1190,0.19733519852161407,0.21715891541553145,808.2849731445312,889.482950367647,-0.0001912851869956267,-0.14189128035649712,0.0024915601582070623
7,first_label_token,1,4096,4096,3162277.6601683795,0.2190762311220169,False,3400,1190,0.18114569783210754,0.21983652675853055,741.9727783203125,900.450393907563,-0.012523836789866571,-0.15597102025068366,0.08432776421907806
7,first_label_token,2,4096,4096,1000000.0,0.21813756227493286,False,3400,1190,0.15474598109722137,0.22820999401958048,633.8395385742188,934.7481355042016,-0.051090381319135014,-0.200001398802941,0.21777552442490478
7,first_label_token,3,4096,4096,1000000.0,0.2178553193807602,False,3400,1190,0.15333393216133118,0.2278020682455111,628.0557250976562,933.0772584033614,-0.04921155537525612,-0.19785639414793454,0.22491328160949453
7,first_label_token,4,4096,4096,1000000.0,0.2176751047372818,False,3400,1190,0.1493886262178421,0.22962074440066554,611.8958129882812,940.526555934874,-0.057588020313304566,-0.20741957712565995,0.24485638352882744
7,first_label_token,5,4096,4096,1000000.0,0.2176332026720047,False,3400,1190,0.1455407440662384,0.23216242109026228,596.1348876953125,950.9372636554622,-0.06929448361845236,-0.22078452898030676,0.26430701854223015
7,first_label_token,6,4096,4096,1000000.0,0.21761341392993927,False,3400,1190,0.1428077518939972,0.23386190077837776,584.9404907226562,957.8983587184874,-0.07712195305553649,-0.22972093867497057,0.2781220032902936
7,first_label_token,7,4096,4096,1000000.0,0.21744973957538605,False,3400,1190,0.13937316834926605,0.23516221567362297,570.8724975585938,963.2244222689076,-0.08311094790630968,-0.23655841176584969,0.2954834578046326
7,first_label_token,8,4096,4096,1000000.0,0.21714943647384644,False,3400,1190,0.13714680075645447,0.23536893540069836,561.7532958984375,964.0711397058824,-0.08406305834166261,-0.23764541044317022,0.30673750918856024
7,first_label_token,9,4096,4096,1000000.0,0.21726995706558228,False,3400,1190,0.13478627800941467,0.23442583805372735,552.0845947265625,960.2082326680672,-0.07971933731267122,-0.23268630187987283,0.31866970060829225
7,first_label_token,10,4096,4096,1000000.0,0.21764107048511505,False,3400,1190,0.13391979038715363,0.23486390153900916,548.5355224609375,962.0025407037815,-0.08173697163129501,-0.23498978029395823,0.3230497033787011
7,first_label_token,11,4096,4096,1000000.0,0.217397540807724,False,3400,1190,0.13341985642910004,0.2340592167958492,546.4877319335938,958.7065257352941,-0.07803075185260688,-0.2307584896288155,0.3255768163633993
7,first_label_token,12,4096,4096,1000000.0,0.21747498214244843,False,3400,1190,0.13513921201229095,0.2330058634782038,553.5302124023438,954.3920168067227,-0.07317921349179035,-0.22521961978203842,0.31688565676201574
7,first_label_token,13,4096,4096,1000000.0,0.2181108593940735,False,3400,1190,0.13478879630565643,0.23331837213339926,552.0949096679688,955.6720522584034,-0.07461856693889124,-0.22686289059926845,0.31865697088863765
7,first_label_token,14,4096,4096,3162277.6601683795,0.2186143845319748,False,3400,1190,0.1707618534564972,0.2222320989400399,699.4405517578125,910.262631302521,-0.02355737144533898,-0.1685677077055634,0.13681699310614126
7,first_label_token,15,4096,4096,3162277.6601683795,0.2185411900281906,False,3400,1190,0.1707604080438614,0.22182260561390083,699.4346923828125,908.585412289916,-0.021671325664704755,-0.1664144603586255,0.13682429951328035
7,first_label_token,16,4096,4096,3162277.6601683795,0.21864603459835052,False,3400,1190,0.17110615968704224,0.2220175767145237,700.850830078125,909.3839679621849,-0.02256932423562774,-0.16743968098701534,0.1350765617313443
7,first_label_token,17,4096,4096,3162277.6601683795,0.2188144326210022,False,3400,1190,0.1717759519815445,0.22169452635180048,703.5943603515625,908.0607733718488,-0.02108141775546324,-0.16574097848795488,0.13169083292212824
7,first_label_token,18,4096,4096,3162277.6601683795,0.2188713550567627,False,3400,1190,0.17185905575752258,0.22151638159230977,703.9346313476562,907.3310793067227,-0.020260918004838757,-0.16480423616211293,0.13127075217352435
7,first_label_token,19,4096,4096,3162277.6601683795,0.2190295308828354,False,3400,1190,0.1727438122034073,0.22120704971441701,707.5586547851562,906.0640821953782,-0.018836196169647934,-0.16317766985961435,0.1267984024427805
7,first_label_token,20,4096,4096,3162277.6601683795,0.21888606250286102,False,3400,1190,0.17275136709213257,0.22120586363207392,707.5896606445312,906.0592043067227,-0.01883073330748175,-0.1631714330579488,0.12676021328381648
7,first_label_token,21,4096,4096,3162277.6601683795,0.21865136921405792,False,3400,1190,0.1722848266363144,0.22159118812625148,705.6786499023438,907.6375196953782,-0.02060546219810999,-0.16519759292878433,0.12911852566646675
7,first_label_token,22,4096,4096,3162277.6601683795,0.21870951354503632,False,3400,1190,0.17275099456310272,0.2213362846053949,707.5880737304688,906.5934217436975,-0.019431426678378383,-0.16385722839785388,0.12676209637843994
7,first_label_token,23,4096,4096,3162277.6601683795,0.21873882412910461,False,3400,1190,0.17326414585113525,0.2211795277956153,709.6898803710938,905.9513589810924,-0.018709435620653414,-0.16303295077664126,0.12416817119650103
7,first_label_token,24,4096,4096,3162277.6601683795,0.218687042593956,False,3400,1190,0.17356613278388977,0.22107815782563026,710.9269409179688,905.5361081932773,-0.01824254546159776,-0.16249991493699167,0.12264165937093041
7,first_label_token,25,4096,4096,3162277.6601683795,0.21877211332321167,False,3400,1190,0.1735602766275406,0.22097734403209526,710.9028930664062,905.1232142857143,-0.017778216941963354,-0.16196980365163638,0.12267126161841135
7,first_label_token,26,4096,4096,3162277.6601683795,0.21871677041053772,False,3400,1190,0.17358636856079102,0.2209160957015863,711.0098266601562,904.8723411239496,-0.017496119169048363,-0.16164774027049122,0.12253936967098344
7,first_label_token,27,4096,4096,3162277.6601683795,0.21869082748889923,False,3400,1190,0.1737966537475586,0.22063239762763015,711.8711547851562,903.7103072478992,-0.016189461596862964,-0.1601559647369628,0.12147640041792651
7,first_label_token,28,4096,4096,3162277.6601683795,0.21871061623096466,False,3400,1190,0.1738835871219635,0.22060623008663915,712.2271728515625,903.6031118697479,-0.016068939045882802,-0.16001836740724307,0.12103696145659326
7,last_label_token,0,4096,4096,100000000.0,0.21921221911907196,True,3400,1190,0.19730277359485626,0.21716580751563322,808.1521606445312,889.5111475840337,-0.00022302884552893865,-0.14192752123104047,0.002655464714233946
7,last_label_token,1,4096,4096,3162277.6601683795,0.21887458860874176,False,3400,1190,0.17874126136302948,0.2207206565792821,732.1242065429688,904.0717896533613,-0.016595964982243805,-0.16062005863387663,0.09648193483302492
7,last_label_token,2,4096,4096,3162277.6601683795,0.21844039857387543,False,3400,1190,0.17717556655406952,0.22178219386509487,725.7111206054688,908.4198463760504,-0.021485197092007136,-0.16620196241214624,0.10439635556411908
7,last_label_token,3,4096,4096,3162277.6601683795,0.21844933927059174,False,3400,1190,0.17720864713191986,0.22151276724679128,725.8466186523438,907.3163077731092,-0.02024427103972415,-0.16478523077325358,0.10422913676155476
7,last_label_token,4,4096,4096,1000000.0,0.21820740401744843,False,3400,1190,0.1468866914510727,0.23133606950775915,601.6478881835938,947.5525341386555,-0.06548847063603058,-0.21643930711933201,0.2575033976676291
7,last_label_token,5,4096,4096,3162277.6601683795,0.21820202469825745,False,3400,1190,0.17463898658752441,0.22267855636212006,715.3212890625,912.0913537289916,-0.025613666587157802,-0.17091532413359833,0.11721849750290358
7,last_label_token,6,4096,4096,1000000.0,0.21805329620838165,False,3400,1190,0.14075437188148499,0.23430868517450926,576.5299072265625,959.728387605042,-0.0791797541755741,-0.23207027443751893,0.2885016208548662
7,last_label_token,7,4096,4096,3162277.6601683795,0.21774858236312866,False,3400,1190,0.17106986045837402,0.22360689499798944,700.7020874023438,915.8938484768908,-0.029889411893410767,-0.17579682665671093,0.13526005047145528
7,last_label_token,8,4096,4096,1000000.0,0.21742667257785797,False,3400,1190,0.13490110635757446,0.23523597076159566,552.554931640625,963.526549369748,-0.08345064934609314,-0.23694623969212558,0.31808925552155354
7,last_label_token,9,4096,4096,1000000.0,0.21698220074176788,False,3400,1190,0.13187596201896667,0.2341235922164276,540.1639404296875,958.9702205882353,-0.07832725238780047,-0.23109699625327096,0.33338103839712796
7,last_label_token,10,4096,4096,1000000.0,0.21748779714107513,False,3400,1190,0.13114966452121735,0.23394827482079258,537.1890258789062,958.2521336659664,-0.07751977491942075,-0.23017512111410232,0.3370523949988321
7,last_label_token,11,4096,4096,1000000.0,0.2172110229730606,False,3400,1190,0.1304294914007187,0.23322964996850792,534.2391967773438,955.3086462710085,-0.07420993008436727,-0.22639636097846094,0.34069279352492643
7,last_label_token,12,4096,4096,1000000.0,0.2173636555671692,False,3400,1190,0.13119061291217804,0.2327971001633075,537.3567504882812,953.5369288340336,-0.07221769069257,-0.22412187526401017,0.33684540523782014
7,last_label_token,13,4096,4096,1000000.0,0.217787504196167,False,3400,1190,0.13098745048046112,0.23313413026953947,536.5245361328125,954.9173975840337,-0.07376998512383404,-0.22589408774162134,0.33787236972167634
7,last_label_token,14,4096,4096,1000000.0,0.21828466653823853,False,3400,1190,0.13131564855575562,0.23255781606465828,537.868896484375,952.5568080357143,-0.07111559516177013,-0.22286364266852732,0.33621336335839835
7,last_label_token,15,4096,4096,1000000.0,0.2179354727268219,False,3400,1190,0.13078998029232025,0.23152676910913292,535.7157592773438,948.3336200105042,-0.06636679552090907,-0.21744206683361544,0.3388705605196859
7,last_label_token,16,4096,4096,1000000.0,0.21807953715324402,False,3400,1190,0.1308618187904358,0.23212773940142464,536.0100708007812,950.7952337184873,-0.06913474657581431,-0.22060216152836043,0.3385074245524957
7,last_label_token,17,4096,4096,1000000.0,0.2182161808013916,False,3400,1190,0.13107408583164215,0.23201495579310827,536.8794555664062,950.3332392331932,-0.06861528744177803,-0.22000910911484484,0.33743443723604194
7,last_label_token,18,4096,4096,1000000.0,0.21848857402801514,False,3400,1190,0.13071201741695404,0.23169174194335937,535.3964233398438,949.009375,-0.06712662797250424,-0.21830954694852767,0.3392646545624859
7,last_label_token,19,4096,4096,1000000.0,0.2185523509979248,False,3400,1190,0.13111962378025055,0.23133024007332426,537.0659790039062,947.5286896008404,-0.06546162140670853,-0.21640865408195675,0.3372042477492688
7,last_label_token,20,4096,4096,1000000.0,0.2176923006772995,False,3400,1190,0.13023990392684937,0.23138456905589383,533.462646484375,947.7511817226891,-0.06571185002290503,-0.21669433331068255,0.34165113804070335
7,last_label_token,21,4096,4096,1000000.0,0.21676787734031677,False,3400,1190,0.12867391109466553,0.23252376588452764,527.04833984375,952.4173516281512,-0.07095876672412338,-0.22268459589206246,0.34956706524749626
7,last_label_token,22,4096,4096,1000000.0,0.21683239936828613,False,3400,1190,0.12864437699317932,0.23210798952759815,526.9273071289062,950.7143316701681,-0.06904378253850085,-0.22049831035251777,0.3497163569892451
7,last_label_token,23,4096,4096,1000000.0,0.21681885421276093,False,3400,1190,0.12891235947608948,0.2322614076758633,528.0250244140625,951.3427652310925,-0.0697503963774524,-0.22130503221985265,0.34836173404090487
7,last_label_token,24,4096,4096,1000000.0,0.21658043563365936,False,3400,1190,0.12886446714401245,0.23203493647214746,527.8289794921875,950.4151260504202,-0.06870731452254009,-0.22011417393857924,0.3486038246856983
7,last_label_token,25,4096,4096,1000000.0,0.21704910695552826,False,3400,1190,0.1289382129907608,0.23183043183398847,528.1309204101562,949.5774159663865,-0.06776540635139461,-0.2190388229097744,0.348231047274036
7,last_label_token,26,4096,4096,1000000.0,0.21685607731342316,False,3400,1190,0.12879875302314758,0.23179492790158054,527.5596923828125,949.4320246848739,-0.06760188221647101,-0.21885213183721408,0.34893600257727864
7,last_label_token,27,4096,4096,1000000.0,0.21704940497875214,False,3400,1190,0.12923868000507355,0.23094518004345294,529.3616943359375,945.9515099789916,-0.06368811058669821,-0.21438388484933046,0.34671221847452915
7,last_label_token,28,4096,4096,1000000.0,0.2171335220336914,False,3400,1190,0.12915146350860596,0.23112620025121866,529.0043334960938,946.6929096638655,-0.06452185408695277,-0.21533574720515625,0.34715308858777616
8,pre_label_token,0,4096,4096,0.1,0.21920008957386017,True,3400,1190,0.19782809913158417,0.21711736246317376,810.303955078125,889.3127494747899,9.954497570685561e-08,-0.14167278159544217,0.0
8,pre_label_token,1,4096,4096,3162277.6601683795,0.217719167470932,False,3400,1190,0.16631878912448883,0.2257110868181501,681.2417602539062,924.5126116071428,-0.0395809058708021,-0.18686134264511178,0.15927621073757126
8,pre_label_token,2,4096,4096,10000000.0,0.21854570508003235,False,3400,1190,0.1838202029466629,0.22093216391170725,752.927490234375,904.9381827731092,-0.01757012618690812,-0.1617322320768393,0.07080842532689957
8,pre_label_token,3,4096,4096,10000000.0,0.2187422662973404,False,3400,1190,0.18412165343761444,0.2209633178069812,754.1622924804688,905.0657431722689,-0.017713614905724873,-0.1618960492578856,0.06928462515758682
8,pre_label_token,4,4096,4096,10000000.0,0.2186482548713684,False,3400,1190,0.18419896066188812,0.22124960923395237,754.47900390625,906.2383665966387,-0.01903221695221413,-0.16340146147397472,0.06889384536132404
8,pre_label_token,5,4096,4096,10000000.0,0.21851389110088348,False,3400,1190,0.18242551386356354,0.22204340445895154,747.2149047851562,909.4897912289916,-0.022688281750419703,-0.16757549155733886,0.07785843030203554
8,pre_label_token,6,4096,4096,10000000.0,0.21868981420993805,False,3400,1190,0.18275487422943115,0.2217863595786215,748.56396484375,908.4369157037816,-0.02150438354980433,-0.16622386707096903,0.07619354868353234
8,pre_label_token,7,4096,4096,10000000.0,0.21856142580509186,False,3400,1190,0.18224665522575378,0.22228143195144268,746.4822998046875,910.4647190126051,-0.023784589600221784,-0.16882711651430027,0.07876254169265651
8,pre_label_token,8,4096,4096,10000000.0,0.21873889863491058,False,3400,1190,0.1823664754629135,0.22148995599826846,746.9729614257812,907.2228728991597,-0.02013920691222504,-0.16466528190662544,0.07815686313796322
8,pre_label_token,9,4096,4096,3162277.6601683795,0.21807776391506195,False,3400,1190,0.15583154559135437,0.22939623343844373,638.2860107421875,939.6069984243697,-0.05655396694545867,-0.20623902642335534,0.21228811136832515
8,pre_label_token,10,4096,4096,3162277.6601683795,0.21680033206939697,False,3400,1190,0.15465031564235687,0.22755971956653756,633.44775390625,932.08462447479,-0.0480953449897783,-0.19658204700544535,0.21825910312421215
8,pre_label_token,11,4096,4096,1000000.0,0.2162332981824875,False,3400,1190,0.11358225345611572,0.24293033054896762,465.23291015625,995.0426339285714,-0.11888935831964287,-0.2774056531696407,0.4258537894529979
8,pre_label_token,12,4096,4096,1000000.0,0.2159624546766281,False,3400,1190,0.1147138923406601,0.243604567070969,469.86810302734375,997.8043198529411,-0.1219947592292494,-0.28095100521700234,0.4201334752533873
8,pre_label_token,13,4096,4096,1000000.0,0.21635451912879944,False,3400,1190,0.11316066235303879,0.24163072409750033,463.5060729980469,989.7194459033614,-0.11290362642167717,-0.27057190530354047,0.42798488763838016
8,pre_label_token,14,4096,4096,3162277.6601683795,0.21748515963554382,False,3400,1190,0.15826350450515747,0.2258728107484449,648.247314453125,925.1750328256303,-0.04032577450940966,-0.18771173898032667,0.19999481772359617
8,pre_label_token,15,4096,4096,1000000.0,0.21657642722129822,False,3400,1190,0.1162869930267334,0.23729516197653377,476.3115234375,971.9609637605042,-0.09293487938000045,-0.2477741280540895,0.4121816186011785
8,pre_label_token,16,4096,4096,1000000.0,0.21648846566677094,False,3400,1190,0.11571039259433746,0.23838223689744453,473.9497375488281,976.4136554621849,-0.097941732817999,-0.2534903169147078,0.4150962724593871
8,pre_label_token,17,4096,4096,1000000.0,0.21684354543685913,False,3400,1190,0.1209803968667984,0.2351336407060383,495.53570556640625,963.1073923319328,-0.08297933722158124,-0.23640815541437088,0.38845696138277597
8,pre_label_token,18,4096,4096,1000000.0,0.21702590584754944,False,3400,1190,0.12038455158472061,0.23472165981260668,493.09515380859375,961.4199185924369,-0.08108183419489046,-0.2342418276401561,0.39146889590923306
8,pre_label_token,19,4096,4096,1000000.0,0.21674804389476776,False,3400,1190,0.12071865051984787,0.23547946705537684,494.4635314941406,964.5238970588235,-0.08457214541982916,-0.23822662136163153,0.3897800613271192
8,pre_label_token,20,4096,4096,1000000.0,0.21591973304748535,False,3400,1190,0.12182950228452682,0.2341362832974987,499.0136413574219,959.0222032563025,-0.07838570501297881,-0.23116373003109292,0.3841648238074983
8,pre_label_token,21,4096,4096,1000000.0,0.21621209383010864,False,3400,1190,0.12302583456039429,0.232919837246422,503.913818359375,954.0396664915967,-0.07278299357532525,-0.2247672662428546,0.3781174913955757
8,pre_label_token,22,4096,4096,1000000.0,0.21663418412208557,False,3400,1190,0.12450158596038818,0.23115046685483276,509.95849609375,946.792318802521,-0.06463362129397465,-0.21546334879599027,0.3706577250303724
8,pre_label_token,23,4096,4096,1000000.0,0.21683454513549805,False,3400,1190,0.12540926039218903,0.2303816675138073,513.6763305664062,943.6433232668068,-0.06109268262479861,-0.2114207550936733,0.3660695273183927
8,pre_label_token,24,4096,4096,1000000.0,0.21700981259346008,False,3400,1190,0.12616415321826935,0.22974235630836806,516.7683715820312,941.0246914390756,-0.05814814085924813,-0.20805905157103233,0.3622536243733908
8,pre_label_token,25,4096,4096,1000000.0,0.2178240567445755,False,3400,1190,0.12686209380626678,0.22899197169712612,519.6271362304688,937.9511160714286,-0.054692016816325406,-0.2041132884286292,0.3587256089344253
8,pre_label_token,26,4096,4096,3162277.6601683795,0.2185659408569336,False,3400,1190,0.16681534051895142,0.2209509969759388,683.275634765625,905.0153033088235,-0.017656867579411983,-0.1618312623735565,0.15676619625205412
8,pre_label_token,27,4096,4096,3162277.6601683795,0.21870356798171997,False,3400,1190,0.1674775928258896,0.22045294176630614,685.98828125,902.975256039916,-0.015362923168871001,-0.1592123282168474,0.1534185812780171
8,pre_label_token,28,4096,4096,100000000.0,0.2192065715789795,True,3400,1190,0.19666923582553864,0.2171975191901712,805.5572509765625,889.6410451680672,-0.0003690865860128678,-0.1420942713944917,0.005857930754693874
8,first_label_token,0,4096,4096,100000000.0,0.21921178698539734,True,3400,1190,0.19733017683029175,0.21716131963649718,808.2642822265625,889.4927521008403,-0.00020235855625139187,-0.14190392252203554,0.002516944273731503
8,first_label_token,1,4096,4096,3162277.6601683795,0.2190098613500595,False,3400,1190,0.18079334497451782,0.22009016085071725,740.529541015625,901.4892922794118,-0.013692025570631206,-0.15730470971820987,0.08610887043774196
8,first_label_token,2,4096,4096,1000000.0,0.21791709959506989,False,3400,1190,0.15388676524162292,0.22842805525835821,630.3202514648438,935.6412946428571,-0.05209472852839081,-0.20114803478916143,0.22211876918826345
8,first_label_token,3,4096,4096,1000000.0,0.21780510246753693,False,3400,1190,0.15257681906223297,0.22793118452825467,624.9546508789062,933.6061383928571,-0.049806239597769864,-0.19853532900600745,0.22874040779845228
8,first_label_token,4,4096,4096,1000000.0,0.21775174140930176,False,3400,1190,0.14862273633480072,0.22941143612901704,608.7587280273438,939.6692620798319,-0.05662398755038622,-0.20631896705010977,0.24872787542711405
8,first_label_token,5,4096,4096,1000000.0,0.21778710186481476,False,3400,1190,0.1446387767791748,0.23198161886519744,592.4404296875,950.196737132353,-0.068461744103677,-0.2198338128474897,0.26886636724457835
8,first_label_token,6,4096,4096,1000000.0,0.21783120930194855,False,3400,1190,0.14208222925662994,0.2338935531487986,581.9688110351562,958.027993697479,-0.07726773765291228,-0.2298873769983385,0.28178944305518094
8,first_label_token,7,4096,4096,1000000.0,0.21768435835838318,False,3400,1190,0.13885292410850525,0.235170981463264,568.7415771484375,963.2603466386555,-0.08315132141061632,-0.23660450510140252,0.29811323710820237
8,first_label_token,8,4096,4096,1000000.0,0.2172253578901291,False,3400,1190,0.13652779161930084,0.23556050853568966,559.2178955078125,964.8558232668067,-0.08494540655070382,-0.23865276347759923,0.3098665345387047
8,first_label_token,9,4096,4096,1000000.0,0.21732144057750702,False,3400,1190,0.13425953686237335,0.23445916696756827,549.927001953125,960.3447544642858,-0.07987284373954129,-0.23286155600667624,0.3213323210820954
8,first_label_token,10,4096,4096,3162277.6601683795,0.21780817210674286,False,3400,1190,0.16895191371440887,0.2232110255906562,692.0270385742188,914.2724067752101,-0.028066115205226394,-0.1737152182478241,0.14596604599616803
8,first_label_token,11,4096,4096,1000000.0,0.21753321588039398,False,3400,1190,0.1330229789018631,0.23403901332566718,544.8621215820312,958.6238117121849,-0.07793769863962718,-0.2306522532977413,0.3275829900514604
8,first_label_token,12,4096,4096,1000000.0,0.21752889454364777,False,3400,1190,0.13466618955135345,0.2329569568153189,551.5926513671875,954.1916491596638,-0.07295395901438861,-0.22496245285065664,0.3192767349911144
8,first_label_token,13,4096,4096,1000000.0,0.21816451847553253,False,3400,1190,0.13439986109733582,0.23338883664427684,550.5018310546875,955.960668329832,-0.07494311262728659,-0.22723341561497734,0.3206229969993264
8,first_label_token,14,4096,4096,3162277.6601683795,0.218608558177948,False,3400,1190,0.1705123484134674,0.22219855364631205,698.4185791015625,910.1252954306723,-0.023402868415235645,-0.16839131578386146,0.1380782145611572
8,first_label_token,15,4096,4096,3162277.6601683795,0.21853984892368317,False,3400,1190,0.17055149376392365,0.22182630330574613,698.5789184570312,908.6005514705882,-0.021688356506620377,-0.16643390400922353,0.1378803389781229
8,first_label_token,16,4096,4096,3162277.6601683795,0.2186158448457718,False,3400,1190,0.17087161540985107,0.22201424927270713,699.8900756835938,909.3703518907563,-0.02255399869257757,-0.16742218422991018,0.13626215810628173
8,first_label_token,17,4096,4096,3162277.6601683795,0.21877054870128632,False,3400,1190,0.17153774201869965,0.2216565284408441,702.6185302734375,907.9051142331933,-0.02090640684549827,-0.16554117327567597,0.1328949589481606
8,first_label_token,18,4096,4096,3162277.6601683795,0.21881239116191864,False,3400,1190,0.1716296374797821,0.2214489031238716,702.9949951171875,907.0547334558823,-0.019950125441059008,-0.16444941271600255,0.13243043716644276
8,first_label_token,19,4096,4096,3162277.6601683795,0.21899524331092834,False,3400,1190,0.17253990471363068,0.2211104465132,706.7234497070312,905.6683757878151,-0.018391260810703303,-0.16266969922017194,0.12782913311588362
8,first_label_token,20,4096,4096,3162277.6601683795,0.21885406970977783,False,3400,1190,0.17254862189292908,0.2210312626942867,706.7591552734375,905.3440651260504,-0.018026555703140046,-0.1622533252841103,0.12778506870169437
8,first_label_token,21,4096,4096,3162277.6601683795,0.21867018938064575,False,3400,1190,0.1721183955669403,0.2214601789202009,704.9969482421875,907.1008600315126,-0.02000205954286871,-0.16450870447237742,0.12995981702044868
8,first_label_token,22,4096,4096,3162277.6601683795,0.2187364399433136,False,3400,1190,0.17259687185287476,0.22118675007539637,706.9569091796875,905.9809217436974,-0.01874270002189804,-0.16307092784191868,0.12754117028606238
8,first_label_token,23,4096,4096,3162277.6601683795,0.21875035762786865,False,3400,1190,0.1731119453907013,0.22102570413541392,709.0665283203125,905.3212578781513,-0.018000954073420727,-0.16222409659738557,0.12493752833586635
8,first_label_token,24,4096,4096,3162277.6601683795,0.21870379149913788,False,3400,1190,0.17341110110282898,0.22093506019656398,710.2918090820312,904.95,-0.017583465905738338,-0.16174746167225784,0.12342532802943418
8,first_label_token,25,4096,4096,3162277.6601683795,0.21876828372478485,False,3400,1190,0.17336975038051605,0.22079526276147665,710.1223754882812,904.3773962710084,-0.01693958639474391,-0.16101236188675294,0.12363435153263946
8,first_label_token,26,4096,4096,3162277.6601683795,0.2186700403690338,False,3400,1190,0.17337243258953094,0.22074729855321035,710.1334838867188,904.1809545693277,-0.016718672678090574,-0.16076015068426242,0.12362079325135045
8,first_label_token,27,4096,4096,3162277.6601683795,0.21863478422164917,False,3400,1190,0.17356382310390472,0.22049993627211628,710.91748046875,903.1677455357143,-0.015579370626591205,-0.15945944041257087,0.12265333455759597
8,first_label_token,28,4096,4096,3162277.6601683795,0.2186829298734665,False,3400,1190,0.17368680238723755,0.22045692796466732,711.421142578125,902.9915703781512,-0.015381282815097208,-0.1592332889273098,0.12203168736049563
8,last_label_token,0,4096,4096,100000000.0,0.21921256184577942,True,3400,1190,0.19729258120059967,0.21716672272241416,808.1104125976562,889.5148765756303,-0.00022724410809216167,-0.1419323336820555,0.002706986183132143
8,last_label_token,1,4096,4096,3162277.6601683795,0.21887506544589996,False,3400,1190,0.17848356068134308,0.22076964498567983,731.0686645507812,904.2724724264706,-0.016821595954200186,-0.16087765539888643,0.09778458436975723
8,last_label_token,2,4096,4096,1000000.0,0.21833229064941406,False,3400,1190,0.14851014316082,0.2305502931610877,608.2974853515625,944.3340007878152,-0.061869339215416375,-0.21230744287209347,0.24929702194611203
8,last_label_token,3,4096,4096,1000000.0,0.21841277182102203,False,3400,1190,0.1483875960111618,0.22973365142565816,607.7955932617188,940.9890625,-0.058108047880296,-0.20801327850367324,0.24991648475344908
8,last_label_token,4,4096,4096,1000000.0,0.2181190699338913,False,3400,1190,0.14626222848892212,0.23078254892044708,599.090087890625,945.2853269432773,-0.06293906359675838,-0.2135287182036525,0.2606599915230613
8,last_label_token,5,4096,4096,3162277.6601683795,0.21816866099834442,False,3400,1190,0.1743234395980835,0.22252750877572708,714.02880859375,911.4727022058823,-0.024917971090292257,-0.17012106744148414,0.11881355397276849
8,last_label_token,6,4096,4096,3162277.6601683795,0.21812334656715393,False,3400,1190,0.17323563992977142,0.22307051490334903,709.5731811523438,913.6968159138655,-0.02741895059468602,-0.17297636795320948,0.12431226559708897
8,last_label_token,7,4096,4096,3162277.6601683795,0.21781089901924133,False,3400,1190,0.17096655070781708,0.2235078442998293,700.2789916992188,915.4881565126051,-0.029433203844563716,-0.17527598629275043,0.1357822702724364
8,last_label_token,8,4096,4096,1000000.0,0.2173965871334076,False,3400,1190,0.13459643721580505,0.23514506235843946,551.3070068359375,963.1542016806723,-0.08303194310779238,-0.23646821412878838,0.3196293256284132
8,last_label_token,9,4096,4096,1000000.0,0.21701452136039734,False,3400,1190,0.13174960017204285,0.2339850914578478,539.6463012695312,958.4029477415967,-0.07768934511395797,-0.23036871480904653,0.3340197840934094
8,last_label_token,10,4096,4096,3162277.6601683795,0.21767014265060425,False,3400,1190,0.1678217202425003,0.22312081280876608,687.397705078125,913.9028426995799,-0.027650612861763735,-0.17324085048438254,0.15167905378863955
8,last_label_token,11,4096,4096,1000000.0,0.21740715205669403,False,3400,1190,0.1305033564567566,0.23297826782995915,534.541748046875,954.2789784663865,-0.07305211335947215,-0.22507451300598902,0.34031941352298456
8,last_label_token,12,4096,4096,1000000.0,0.21754854917526245,False,3400,1190,0.13123150169849396,0.23252835313813025,537.5242309570312,952.4361016281513,-0.07097989471266342,-0.22270871714390972,0.336638716771948
8,last_label_token,13,4096,4096,1000000.0,0.21798710525035858,False,3400,1190,0.13115395605564117,0.2329994073435038,537.2066040039062,954.3655724789916,-0.07314947780421543,-0.22518567135351275,0.3370307017487697
8,last_label_token,14,4096,4096,3162277.6601683795,0.21837513148784637,False,3400,1190,0.16865211725234985,0.22242381312266118,690.799072265625,911.047912289916,-0.024440369292043185,-0.16957580241370374,0.14748148522535254
8,last_label_token,15,4096,4096,1000000.0,0.21807752549648285,False,3400,1190,0.130936861038208,0.23132896423339844,536.3173828125,947.523444065126,-0.06545574513875674,-0.216401945306111,0.33812809397154375
8,last_label_token,16,4096,4096,1000000.0,0.2181938737630844,False,3400,1190,0.13093502819538116,0.23187737344693737,536.3098754882812,949.7697150735294,-0.06798161019499127,-0.21928565697785607,0.33813735879709117
8,last_label_token,17,4096,4096,1000000.0,0.21822978556156158,False,3400,1190,0.13108864426612854,0.23175903127974823,536.9390869140625,949.2849921218487,-0.06743654943123567,-0.21866337587761575,0.3373608458981566
8,last_label_token,18,4096,4096,1000000.0,0.21847189962863922,False,3400,1190,0.13072910904884338,0.23134891285615808,535.4664916992188,947.6051601890756,-0.06554762457459518,-0.2165068415676381,0.3391782581811611
8,last_label_token,19,4096,4096,1000000.0,0.2185792326927185,False,3400,1190,0.1311204880475998,0.23095091811749113,537.069580078125,945.9749671743698,-0.06371453902798874,-0.21441405748441533,0.33719987896974235
8,last_label_token,20,4096,4096,1000000.0,0.21775463223457336,False,3400,1190,0.13021570444107056,0.23100408986836923,533.363525390625,946.1927783613445,-0.06395943766245016,-0.214693651617462,0.341773463867444
8,last_label_token,21,4096,4096,1000000.0,0.2169584184885025,False,3400,1190,0.1286740005016327,0.23241263317460772,527.0487060546875,951.9621848739496,-0.07044691130364278,-0.22210022443221655,0.34956661330478667
8,last_label_token,22,4096,4096,1000000.0,0.2170771211385727,False,3400,1190,0.1286376565694809,0.23194606524555622,526.8998413085938,950.0510898109244,-0.06829799111912216,-0.21964686050350823,0.3497503280162525
8,last_label_token,23,4096,4096,1000000.0,0.21706414222717285,False,3400,1190,0.12891384959220886,0.232118523221056,528.0311279296875,950.7574842436975,-0.0690922986603335,-0.2205536998937967,0.34835420166241104
8,last_label_token,24,4096,4096,1000000.0,0.21686959266662598,False,3400,1190,0.12890133261680603,0.2319657109364742,527.9798583984375,950.1315388655462,-0.06838847531043446,-0.2197501638521775,0.3484174736417597
8,last_label_token,25,4096,4096,1000000.0,0.21731030941009521,False,3400,1190,0.12891800701618195,0.2316476741758715,528.0481567382812,948.8288734243697,-0.06692366049629128,-0.2180778244823196,0.3483331863264131
8,last_label_token,26,4096,4096,1000000.0,0.21709579229354858,False,3400,1190,0.12878543138504028,0.23167820938495026,527.505126953125,948.9539522058824,-0.06706429966808636,-0.21823838841276721,0.3490033420410139
8,last_label_token,27,4096,4096,1000000.0,0.21731525659561157,False,3400,1190,0.12925787270069122,0.23093002543729893,529.4402465820312,945.8893448004202,-0.06361831144915575,-0.21430419706588677,0.34661520143952795
8,last_label_token,28,4096,4096,1000000.0,0.21749399602413177,False,3400,1190,0.12926645576953888,0.2311477212344899,529.4754028320312,946.7810399159664,-0.06462097550628454,-0.21544891144294542,0.34657181493940314
9,pre_label_token,0,4096,4096,0.1,0.21920008957386017,True,3400,1190,0.19782809913158417,0.21711736246317376,810.303955078125,889.3127494747899,9.954497570685561e-08,-0.14167278159544217,0.0
9,pre_label_token,1,4096,4096,3162277.6601683795,0.2176305502653122,False,3400,1190,0.1659075915813446,0.22537722868077895,679.5574951171875,923.1451483718488,-0.038043220904709685,-0.185105809397901,0.16135477058295866
9,pre_label_token,2,4096,4096,10000000.0,0.2185409814119339,False,3400,1190,0.18360169231891632,0.22078017867913768,752.0325927734375,904.3155856092437,-0.01687011207603306,-0.16093304494016536,0.07191297330924273
9,pre_label_token,3,4096,4096,10000000.0,0.21882034838199615,False,3400,1190,0.18402664363384247,0.22082344343682297,753.7731323242188,904.492844012605,-0.017069381046914245,-0.16116054492308352,0.06976488961035687
9,pre_label_token,4,4096,4096,10000000.0,0.21870005130767822,False,3400,1190,0.18412339687347412,0.22107859379103204,754.1695556640625,905.5379464285714,-0.018244553432556154,-0.16250220738300936,0.06927581227474888
9,pre_label_token,5,4096,4096,10000000.0,0.21854408085346222,False,3400,1190,0.18220792710781097,0.22192545658400079,746.3236694335938,909.0066636029412,-0.022145037019222213,-0.166955283772247,0.07895830820971261
9,pre_label_token,6,4096,4096,10000000.0,0.2187327742576599,False,3400,1190,0.18260830640792847,0.22162560054234096,747.963623046875,907.7784401260504,-0.020763959023391454,-0.16537854445819034,0.07693443343219075
9,pre_label_token,7,4096,4096,10000000.0,0.2185932993888855,False,3400,1190,0.18208809196949005,0.22213989866881811,745.8328857421875,909.8849921218488,-0.023132715116624736,-0.1680828890852768,0.07956406208819078
9,pre_label_token,8,4096,4096,10000000.0,0.21877868473529816,False,3400,1190,0.18221911787986755,0.22131505212863956,746.3695068359375,906.5064469537815,-0.01933363406335742,-0.16374558121992933,0.0789017400472235
9,pre_label_token,9,4096,4096,3162277.6601683795,0.2182195484638214,False,3400,1190,0.15543581545352936,0.22906147291680343,636.6651000976562,938.2357733718487,-0.055012125774772214,-0.20447874815001232,0.21428848512494592
9,pre_label_token,10,4096,4096,3162277.6601683795,0.21694403886795044,False,3400,1190,0.1542654186487198,0.2271510597036666,631.8711547851562,930.4107274159663,-0.046213137977152874,-0.19443318227589423,0.2202047164891825
9,pre_label_token,11,4096,4096,1000000.0,0.21639977395534515,False,3400,1190,0.11289255321025848,0.24209692658496504,462.40789794921875,991.6290244222689,-0.11505086345407078,-0.273023347623087,0.4293401508388923
9,pre_label_token,12,4096,4096,1000000.0,0.2162807732820511,False,3400,1190,0.11424626410007477,0.24288723408674995,467.95269775390625,994.8661108193278,-0.11869086448460942,-0.27717903813831035,0.42249728627233807
9,pre_label_token,13,4096,4096,1000000.0,0.21646882593631744,False,3400,1190,0.11256346851587296,0.24121271662351465,461.0599670410156,988.007293855042,-0.11097836614938528,-0.2683738878343762,0.43100363896737415
9,pre_label_token,14,4096,4096,3162277.6601683795,0.2176726907491684,False,3400,1190,0.15813139081001282,0.2255696336762244,647.706298828125,923.933212972689,-0.038929400499513545,-0.18611753662160613,0.20066263840086396
9,pre_label_token,15,4096,4096,1000000.0,0.21688462793827057,False,3400,1190,0.11592749506235123,0.2367428418968906,474.8390197753906,969.6986607142857,-0.09039100164310976,-0.24486985179306875,0.41399884257472064
9,pre_label_token,16,4096,4096,1000000.0,0.21670885384082794,False,3400,1190,0.1152329370379448,0.23759838072191766,471.9941101074219,973.2029740021009,-0.09433144532829685,-0.24936854954367904,0.4175097595145051
9,pre_label_token,17,4096,4096,1000000.0,0.21690723299980164,False,3400,1190,0.12052126973867416,0.234338449430065,493.6551208496094,959.8503085609244,-0.07931684248696103,-0.23222678444688394,0.39077780018241914
9,pre_label_token,18,4096,4096,1000000.0,0.21707624197006226,False,3400,1190,0.11996674537658691,0.23406743602592403,491.38385009765625,958.7402113970588,-0.07806860801096938,-0.23080170897873598,0.3935808618532408
9,pre_label_token,19,4096,4096,1000000.0,0.21675936877727509,False,3400,1190,0.12031230330467224,0.23479064813181133,492.7991943359375,961.7024816176471,-0.08139958083456289,-0.2346045903662246,0.39183410328050905
9,pre_label_token,20,4096,4096,1000000.0,0.2158200740814209,False,3400,1190,0.1213669702410698,0.2336011806455981,497.1191101074219,956.8304227941177,-0.075921127364452,-0.22834998853154764,0.386502874092
9,pre_label_token,21,4096,4096,1000000.0,0.2161436825990677,False,3400,1190,0.12256050109863281,0.23253203800746372,502.0077819824219,952.4512145483193,-0.07099686649660941,-0.22272809336962474,0.3804697025516459
9,pre_label_token,22,4096,4096,1000000.0,0.21651460230350494,False,3400,1190,0.12395558506250381,0.23078673226492746,507.7220764160156,945.3024356617647,-0.06295833125926342,-0.21355071557168914,0.3734177014962091
9,pre_label_token,23,4096,4096,1000000.0,0.21675510704517365,False,3400,1190,0.12488780170679092,0.23003637810715105,511.5404357910156,942.2290047268907,-0.05950234747901795,-0.20960511256338266,0.36870544551043505
9,pre_label_token,24,4096,4096,1000000.0,0.21697093546390533,False,3400,1190,0.12560860812664032,0.22938231941030807,514.4928588867188,939.549986869748,-0.0564898816664523,-0.20616586199732945,0.36506184572348077
9,pre_label_token,25,4096,4096,1000000.0,0.21774548292160034,False,3400,1190,0.12625020742416382,0.22861091870219769,517.120849609375,936.3903098739496,-0.05293696161174144,-0.20210958947190005,0.36181862951536903
9,pre_label_token,26,4096,4096,1000000.0,0.21850062906742096,False,3400,1190,0.12678305804729462,0.2284002047626912,519.3034057617188,935.527205882353,-0.05196645461893157,-0.20100158794356493,0.3591251262897409
9,pre_label_token,27,4096,4096,3162277.6601683795,0.2187434881925583,False,3400,1190,0.16722257435321808,0.22023867438821232,684.9436645507812,902.0975840336134,-0.014376049736301022,-0.15808564156784644,0.15470767253346052
9,pre_label_token,28,4096,4096,100000000.0,0.21921055018901825,True,3400,1190,0.1966615915298462,0.21718920859969965,805.52587890625,889.607024684874,-0.0003308096396186233,-0.14205057164228063,0.005896571856367494
9,first_label_token,0,4096,4096,100000000.0,0.2192155420780182,True,3400,1190,0.19733017683029175,0.21715848586138556,808.2644653320312,889.4811712184874,-0.0001893067450218222,-0.14188902162292094,0.002516944273731503
9,first_label_token,1,4096,4096,10000000.0,0.21915875375270844,False,3400,1190,0.19184264540672302,0.21797406172552028,785.7875366210938,892.8217502626051,-0.0039456888864388695,-0.14617758129795244,0.030255831962879842
9,first_label_token,2,4096,4096,1000000.0,0.21830765902996063,False,3400,1190,0.15412485599517822,0.22797377450125558,631.29541015625,933.7805737920168,-0.050002400643013534,-0.1987592807544647,0.22091524575251065
9,first_label_token,3,4096,4096,1000000.0,0.2180892378091812,False,3400,1190,0.15279261767864227,0.22756198754831522,625.8385620117188,932.093881302521,-0.04810579086810951,-0.1965939727816033,0.2276495687449679
9,first_label_token,4,4096,4096,1000000.0,0.21789850294589996,False,3400,1190,0.14863935112953186,0.22894538110043822,608.8268432617188,937.7602809873949,-0.0544774296846402,-0.20386830011671608,0.2486438894069073
9,first_label_token,5,4096,4096,1000000.0,0.21782460808753967,False,3400,1190,0.14459459483623505,0.23148466799439502,592.2593994140625,948.161193539916,-0.06617288606074756,-0.2172206856588177,0.2690897022669221
9,first_label_token,6,4096,4096,1000000.0,0.2177603393793106,False,3400,1190,0.1420598030090332,0.23338388394908743,581.8768920898438,955.9404017857142,-0.07492030148661954,-0.2272073727539683,0.2819028053515139
9,first_label_token,7,4096,4096,1000000.0,0.21774041652679443,False,3400,1190,0.13880391418933868,0.23456860390030035,568.5408325195312,960.7930081407563,-0.0803768887435734,-0.23343701052576238,0.29836097703686626
9,first_label_token,8,4096,4096,1000000.0,0.21727254986763,False,3400,1190,0.136363685131073,0.23491438537084755,558.545654296875,962.2093684348739,-0.08196949023892852,-0.23525524048593294,0.3106960753822362
9,first_label_token,9,4096,4096,1000000.0,0.2175135612487793,False,3400,1190,0.13411934673786163,0.2340175308099314,549.3528442382812,958.5357996323529,-0.0778387543942034,-0.23053929133460072,0.3220409672508001
9,first_label_token,10,4096,4096,3162277.6601683795,0.2178651988506317,False,3400,1190,0.16901810467243195,0.2230102955794134,692.2981567382812,913.4501641281513,-0.02714159222381274,-0.17265971541891445,0.14563145774346964
9,first_label_token,11,4096,4096,1000000.0,0.21760474145412445,False,3400,1190,0.13297095894813538,0.23349231110901392,544.6490478515625,956.3844800420168,-0.07541969567556417,-0.22777751756352838,0.3278459453846819
9,first_label_token,12,4096,4096,1000000.0,0.21781949698925018,False,3400,1190,0.13485974073410034,0.23226646295114725,552.3854370117188,951.3634519432773,-0.06977367998187423,-0.22133161447992467,0.3182983543485438
9,first_label_token,13,4096,4096,3162277.6601683795,0.2183719277381897,False,3400,1190,0.17011527717113495,0.22243577652618665,696.7921752929688,911.0969603466386,-0.024495470377460027,-0.16963870982942275,0.1400853674584226
9,first_label_token,14,4096,4096,3162277.6601683795,0.2187691628932953,False,3400,1190,0.17071697115898132,0.2219463701007747,699.2567138671875,909.0923319327732,-0.02224136056725534,-0.16706525375621006,0.13704386834637705
9,first_label_token,15,4096,4096,3162277.6601683795,0.218714639544487,False,3400,1190,0.1707790493965149,0.221576910259343,699.510986328125,907.5790112920168,-0.02053970114922299,-0.16512251532170708,0.13673006945832178
9,first_label_token,16,4096,4096,3162277.6601683795,0.21880578994750977,False,3400,1190,0.1710994839668274,0.22176043245972704,700.823486328125,908.330731355042,-0.021384968335749654,-0.16608753395780318,0.13511030678699687
9,first_label_token,17,4096,4096,3162277.6601683795,0.2189362794160843,False,3400,1190,0.17175708711147308,0.22141397941012342,703.5170288085938,906.9116465336134,-0.019789273679249098,-0.16426577261939213,0.13178619283386084
9,first_label_token,18,4096,4096,3162277.6601683795,0.218988299369812,False,3400,1190,0.1718224287033081,0.22124865075119404,703.78466796875,906.2344603466387,-0.019027802369004254,-0.16339642146398003,0.13145589803690394
9,first_label_token,19,4096,4096,10000000.0,0.21913272142410278,False,3400,1190,0.18886874616146088,0.2182901254221171,773.6064453125,894.1163340336135,-0.005401416155546013,-0.14783954566395852,0.045288576342049525
9,first_label_token,20,4096,4096,3162277.6601683795,0.21904337406158447,False,3400,1190,0.17274147272109985,0.2209024236983612,707.549072265625,904.8163209033613,-0.017433148609213855,-0.16157584848912965,0.12681022827701582
9,first_label_token,21,4096,4096,3162277.6601683795,0.21888752281665802,False,3400,1190,0.17226341366767883,0.22129432133265903,705.5908813476562,906.4215336134454,-0.019238152091387573,-0.16363657204054705,0.12922676594542382
9,first_label_token,22,4096,4096,3162277.6601683795,0.21893776953220367,False,3400,1190,0.17272478342056274,0.22104040995365432,707.4807739257812,905.38149947479,-0.018068686182035387,-0.1623014245099288,0.1268945909161474
9,first_label_token,23,4096,4096,3162277.6601683795,0.2189403921365738,False,3400,1190,0.17320555448532104,0.22086772758419773,709.449951171875,904.6741990546218,-0.01727334512636003,-0.1613934051841901,0.12446434431888054
9,first_label_token,24,4096,4096,3162277.6601683795,0.21891812980175018,False,3400,1190,0.17351210117340088,0.22075822173046464,710.70556640625,904.2256827731093,-0.016768982685742673,-0.1608175882563585,0.12291478341511863
9,first_label_token,25,4096,4096,3162277.6601683795,0.2189529985189438,False,3400,1190,0.17341813445091248,0.22062165075991333,710.3206787109375,903.6663012079832,-0.016139963636289556,-0.16009945425700622,0.12338977520294303
9,first_label_token,26,4096,4096,3162277.6601683795,0.21888816356658936,False,3400,1190,0.17344039678573608,0.2205672897210642,710.411865234375,903.4436449579832,-0.015889587375169656,-0.15981360646607312,0.12327724146824437
9,first_label_token,27,4096,4096,3162277.6601683795,0.2188321352005005,False,3400,1190,0.1736164540052414,0.22034635303401146,711.133056640625,902.538681722689,-0.014871996416284006,-0.15865185044986885,0.12238729094919187
9,first_label_token,28,4096,4096,3162277.6601683795,0.2188558578491211,False,3400,1190,0.1737261712551117,0.2203034649376108,711.5823364257812,902.3629726890756,-0.014674462273252864,-0.15842633107288506,0.12183268192068719
9,last_label_token,0,4096,4096,100000000.0,0.21921361982822418,True,3400,1190,0.19728988409042358,0.2171644675631483,808.0994262695312,889.5056591386555,-0.0002168572877303543,-0.14192047533078034,0.0027206197882060357
9,last_label_token,1,4096,4096,3162277.6601683795,0.21894393861293793,False,3400,1190,0.17841482162475586,0.2206923989688649,730.787109375,903.9560530462185,-0.01646581598225727,-0.16047147104824888,0.09813205298968009
9,last_label_token,2,4096,4096,3162277.6601683795,0.21843786537647247,False,3400,1190,0.1768365055322647,0.22156833520456523,724.3223266601562,907.543881302521,-0.020500206132210597,-0.16507742493128696,0.10611027296661746
9,last_label_token,3,4096,4096,3162277.6601683795,0.2184809297323227,False,3400,1190,0.17695192992687225,0.22130121663838875,724.7951049804688,906.4497570903361,-0.01926991051441318,-0.16367282977131103,0.10552681492848115
9,last_label_token,4,4096,4096,3162277.6601683795,0.21830730140209198,False,3400,1190,0.1760803759098053,0.22164107891691834,721.2252807617188,907.8418198529412,-0.020835249374660414,-0.16545993471992637,0.10993242778576917
9,last_label_token,5,4096,4096,3162277.6601683795,0.21827849745750427,False,3400,1190,0.17428480088710785,0.22244051925274505,713.8707275390625,911.1163602941176,-0.024517314443878613,-0.16966364860797478,0.1190088685471149
9,last_label_token,6,4096,4096,3162277.6601683795,0.21814380586147308,False,3400,1190,0.17316235601902008,0.22300033729617336,709.2730102539062,913.4093881302521,-0.027095726328355108,-0.17260735156925455,0.12468270797141823
9,last_label_token,7,4096,4096,3162277.6601683795,0.21788981556892395,False,3400,1190,0.17088046669960022,0.2233416260791426,699.9264526367188,914.8072675945378,-0.028667635387694235,-0.17440195753608934,0.13621741577802804
9,last_label_token,8,4096,4096,1000000.0,0.21753272414207458,False,3400,1190,0.1342148780822754,0.23490231778441356,549.7440795898438,962.159887079832,-0.08191390930751052,-0.23519178524304074,0.3215580664655572
9,last_label_token,9,4096,4096,1000000.0,0.2172783762216568,False,3400,1190,0.13143643736839294,0.23388650397292707,538.3636474609375,957.9991202731093,-0.07723527053425427,-0.22985031016897994,0.335602788757684
9,last_label_token,10,4096,4096,3162277.6601683795,0.21773576736450195,False,3400,1190,0.1677192747592926,0.22302854682217124,686.9782104492188,913.5249277836134,-0.027225653860956545,-0.17275568631157157,0.15219690481009407
9,last_label_token,11,4096,4096,1000000.0,0.217492938041687,False,3400,1190,0.13020071387290955,0.23281572486172203,533.3021240234375,953.6131959033613,-0.07230347239307156,-0.2242198099063808,0.3418492395950925
9,last_label_token,12,4096,4096,1000000.0,0.2177315354347229,False,3400,1190,0.13107483088970184,0.23224131960828764,536.8824462890625,951.2604582457983,-0.06965787468619711,-0.22119940271272442,0.337430671046795
9,last_label_token,13,4096,4096,1000000.0,0.21815013885498047,False,3400,1190,0.1310080587863922,0.2325634130910665,536.6090087890625,952.5797400210084,-0.07114137396539788,-0.22289307362990063,0.3377681969271059
9,last_label_token,14,4096,4096,3162277.6601683795,0.21847380697727203,False,3400,1190,0.16863885521888733,0.2222635637812254,690.7447509765625,910.3915769432773,-0.02370229231991261,-0.16873315994001925,0.1475485233939482
9,last_label_token,15,4096,4096,1000000.0,0.2183249294757843,False,3400,1190,0.1308542788028717,0.23094262996641526,535.9791259765625,945.9409992121849,-0.06367636543304078,-0.2143704757257492,0.33854553838767476
9,last_label_token,16,4096,4096,1000000.0,0.2184162735939026,False,3400,1190,0.13080541789531708,0.23147816377527575,535.7789306640625,948.1345719537815,-0.06614292890578755,-0.2171864843869813,0.3387925250784892
9,last_label_token,17,4096,4096,1000000.0,0.21844536066055298,False,3400,1190,0.13094639778137207,0.23144249635584213,536.3564453125,947.9884782037815,-0.06597865178175444,-0.21699893364716405,0.3380798867491829
9,last_label_token,18,4096,4096,3162277.6601683795,0.21864086389541626,False,3400,1190,0.168432354927063,0.22195534585904675,689.89892578125,909.1291032037815,-0.022282701145810435,-0.16711245117422013,0.14859236040563062
9,last_label_token,19,4096,4096,3162277.6601683795,0.21873095631599426,False,3400,1190,0.168757826089859,0.22180103013495436,691.23193359375,908.4970259978992,-0.021571953249003073,-0.1663010095650841,0.1469471382949964
9,last_label_token,20,4096,4096,1000000.0,0.21805287897586823,False,3400,1190,0.13007093966007233,0.23096997878130746,532.7706298828125,946.0530330882353,-0.06380232869944891,-0.21451428457280364,0.34250523443812486
9,last_label_token,21,4096,4096,1000000.0,0.21755971014499664,False,3400,1190,0.128590390086174,0.23243440259404544,526.7062377929688,952.051306460084,-0.070547176971131,-0.22221469502711133,0.34998925506207845
9,last_label_token,22,4096,4096,1000000.0,0.21762685477733612,False,3400,1190,0.1285485327243805,0.23202256915949973,526.5347900390625,950.364456407563,-0.06865035311108802,-0.22004914263904962,0.35020083957397163
9,last_label_token,23,4096,4096,1000000.0,0.21759727597236633,False,3400,1190,0.1287822127342224,0.23216093047326353,527.491943359375,950.9311515231093,-0.06928761812951367,-0.22077669083767293,0.3490196119785608
9,last_label_token,24,4096,4096,1000000.0,0.2174583077430725,False,3400,1190,0.12880750000476837,0.2319913527544807,527.5955200195312,950.236580882353,-0.06850657648467084,-0.2198849967616996,0.3488917875155195
9,last_label_token,25,4096,4096,1000000.0,0.21785077452659607,False,3400,1190,0.1287613958120346,0.2317086323970506,527.4066162109375,949.0785451680672,-0.06720442208264932,-0.21839836237548993,0.34912483930612026
9,last_label_token,26,4096,4096,1000000.0,0.21764133870601654,False,3400,1190,0.12861594557762146,0.2317333285548106,526.8109130859375,949.1797006302521,-0.067318167731645,-0.21852822269990013,0.3498600747709083
9,last_label_token,27,4096,4096,1000000.0,0.21777205169200897,False,3400,1190,0.12900502979755402,0.23102180096281677,528.4046020507812,946.2652704831933,-0.06404101148263464,-0.21478678223692804,0.34789329542237024
9,last_label_token,28,4096,4096,1000000.0,0.21797055006027222,False,3400,1190,0.1290176659822464,0.23118301840389477,528.4564208984375,946.9256039915966,-0.0647835473314522,-0.21563451528926936,0.34782942085274204
10,pre_label_token,0,4096,4096,0.1,0.21920008957386017,True,3400,1190,0.19782809913158417,0.21711736246317376,810.303955078125,889.3127494747899,9.954497570685561e-08,-0.14167278159544217,0.0
10,pre_label_token,1,4096,4096,3162277.6601683795,0.21749085187911987,False,3400,1190,0.16439875960350037,0.22612183835326122,673.3773193359375,926.1950695903362,-0.04147274671468004,-0.1890212060586811,0.16898175575072616
10,pre_label_token,2,4096,4096,10000000.0,0.21847093105316162,False,3400,1190,0.1831914484500885,0.22094531820601776,750.3521728515625,904.9920233718487,-0.01763071228122981,-0.16180140157855494,0.07398671243239408
10,pre_label_token,3,4096,4096,10000000.0,0.2186969667673111,False,3400,1190,0.1836668699979782,0.22099821427289176,752.2994995117188,905.2087119222689,-0.017874341169349828,-0.16207954607661978,0.07158350707392025
10,pre_label_token,4,4096,4096,10000000.0,0.2186824530363083,False,3400,1190,0.18395327031612396,0.22118058565284024,753.4725952148438,905.9556591386555,-0.018714307903126004,-0.16303851332947827,0.07013578392739572
10,pre_label_token,5,4096,4096,10000000.0,0.21855857968330383,False,3400,1190,0.182006374001503,0.22191629009086544,745.498046875,908.969137342437,-0.022102817953372877,-0.1669070834091042,0.07997713772479531
10,pre_label_token,6,4096,4096,10000000.0,0.21874560415744781,False,3400,1190,0.18243882060050964,0.2216632859045718,747.2694091796875,907.932805934874,-0.0209375303953534,-0.16557670618894926,0.07779116616208515
10,pre_label_token,7,4096,4096,10000000.0,0.2186439484357834,False,3400,1190,0.18196173012256622,0.22211779265844522,745.3152465820312,909.7944655987395,-0.02303089917744061,-0.16796664858720667,0.08020280778447209
10,pre_label_token,8,4096,4096,10000000.0,0.21885105967521667,False,3400,1190,0.18206903338432312,0.22129078712783942,745.7546997070312,906.4070640756303,-0.01922187423858146,-0.16361798805720573,0.07966040120912754
10,pre_label_token,9,4096,4096,3162277.6601683795,0.21841004490852356,False,3400,1190,0.15502260625362396,0.2291293504859219,634.9725952148438,938.5138195903361,-0.055324756517848295,-0.20483567019560223,0.21637721368130014
10,pre_label_token,10,4096,4096,3162277.6601683795,0.21721960604190826,False,3400,1190,0.15394146740436554,0.22730431917334806,630.5442504882812,931.0384978991597,-0.04691902097373357,-0.1952390697603037,0.22184225557375292
10,pre_label_token,11,4096,4096,3162277.6601683795,0.21660521626472473,False,3400,1190,0.153634175658226,0.22650092629825366,629.2855834960938,927.747780987395,-0.04321875128545871,-0.19101457215211015,0.22339558266676174
10,pre_label_token,12,4096,4096,1000000.0,0.21664714813232422,False,3400,1190,0.11390495300292969,0.24267503433868665,466.5546875,993.9969734768907,-0.1177135141495993,-0.27606322375167225,0.4242225775663623
10,pre_label_token,13,4096,4096,3162277.6601683795,0.21689783036708832,False,3400,1190,0.1549830436706543,0.22637091885093882,634.810546875,927.2153230042017,-0.042619962534074185,-0.1903309512646778,0.21657719833031275
10,pre_label_token,14,4096,4096,3162277.6601683795,0.2178269922733307,False,3400,1190,0.15808847546577454,0.2254445468678194,647.5303955078125,923.4208508403361,-0.03835327524387244,-0.18545979003297552,0.2008795709014879
10,pre_label_token,15,4096,4096,1000000.0,0.2172185778617859,False,3400,1190,0.1157967746257782,0.23627181013091272,474.3035888671875,967.7693342962185,-0.08822152190300425,-0.24239301557701065,0.4146596204780967
10,pre_label_token,16,4096,4096,1000000.0,0.2170696258544922,False,3400,1190,0.11506529152393341,0.23713766466669675,471.3074035644531,971.3158679096639,-0.0922094777245448,-0.24694595664589114,0.41835718975695957
10,pre_label_token,17,4096,4096,1000000.0,0.21735432744026184,False,3400,1190,0.12038453668355942,0.2338806649216083,493.0950622558594,957.9751706932773,-0.07720837701145511,-0.22981960656294254,0.39146897123301794
10,pre_label_token,18,4096,4096,1000000.0,0.21747270226478577,False,3400,1190,0.11976458132266998,0.23382045200892856,490.55572509765625,957.7285451680672,-0.0769310481695662,-0.22950298774108902,0.3946027796435061
10,pre_label_token,19,4096,4096,1000000.0,0.2171696275472641,False,3400,1190,0.12018384039402008,0.2346211697874951,492.27301025390625,961.0083114495799,-0.08061899688898255,-0.23371341883309338,0.39248346963046676
10,pre_label_token,20,4096,4096,1000000.0,0.21624206006526947,False,3400,1190,0.12124665826559067,0.23335063517594537,496.6263122558594,955.8041885504201,-0.07476716417205798,-0.22703254003268292,0.3871110383315962
10,pre_label_token,21,4096,4096,1000000.0,0.216461643576622,False,3400,1190,0.12237295508384705,0.23240947883670068,501.2396240234375,951.949225315126,-0.07043238304317923,-0.22208363791103025,0.38141772770888627
10,pre_label_token,22,4096,4096,1000000.0,0.21679754555225372,False,3400,1190,0.12378034740686417,0.2306757918926848,507.0043640136719,944.8480698529412,-0.062447361708323434,-0.21296735548508638,0.3743035092070899
10,pre_label_token,23,4096,4096,1000000.0,0.2170143872499466,False,3400,1190,0.12465868145227432,0.2299794589771944,510.6019592285156,941.9958508403362,-0.05924018915300988,-0.20930581350831678,0.3698636240276547
10,pre_label_token,24,4096,4096,1000000.0,0.21718747913837433,False,3400,1190,0.12537090480327606,0.22933504120642398,513.5192260742188,939.3563156512605,-0.056272127551159956,-0.20591725802607264,0.36626341074082525
10,pre_label_token,25,4096,4096,1000000.0,0.21799403429031372,False,3400,1190,0.1259792298078537,0.22850106984627347,516.0108642578125,935.9403820903361,-0.05243101937044359,-0.2015319689284516,0.3631883925444819
10,pre_label_token,26,4096,4096,3162277.6601683795,0.2186737358570099,False,3400,1190,0.16641546785831451,0.22080351404783105,681.6377563476562,904.4111869747899,-0.0169775901980298,-0.1610557497988807,0.1587875100208881
10,pre_label_token,27,4096,4096,3162277.6601683795,0.21884238719940186,False,3400,1190,0.1670568585395813,0.2202551977975028,684.2649536132812,902.1652901785715,-0.014452153312073168,-0.15817252695753647,0.1555453483457654
10,pre_label_token,28,4096,4096,100000000.0,0.2192162126302719,True,3400,1190,0.19665420055389404,0.217192269974396,805.49560546875,889.6195575105043,-0.00034490972980449897,-0.1420666693330661,0.0059339324536971105
10,first_label_token,0,4096,4096,100000000.0,0.2192102074623108,True,3400,1190,0.19733871519565582,0.21715471444009732,808.2994384765625,889.4657103466386,-0.00017193631978251744,-0.14186919027924638,0.002473783744961544
10,first_label_token,1,4096,4096,3162277.6601683795,0.21907459199428558,False,3400,1190,0.18118368089199066,0.21978566466259356,742.1283569335938,900.2420890231092,-0.012289575972136868,-0.15570357102466414,0.08413576389126887
10,first_label_token,2,4096,4096,1000000.0,0.21796713769435883,False,3400,1190,0.15459705889225006,0.2278329144005014,633.2295532226562,933.2035714285714,-0.04935362670280807,-0.1980185931317917,0.2185283103315836
10,first_label_token,3,4096,4096,1000000.0,0.21774433553218842,False,3400,1190,0.1532183438539505,0.22734174648252856,627.5823364257812,931.191793592437,-0.04709140380406196,-0.19543587456529465,0.22549756820926514
10,first_label_token,4,4096,4096,1000000.0,0.21752503514289856,False,3400,1190,0.14897404611110687,0.22886872171353892,610.1976318359375,937.4462447478992,-0.05412435161479556,-0.2034652004544697,0.24695204187339592
10,first_label_token,5,4096,4096,1000000.0,0.2174377292394638,False,3400,1190,0.14477714896202087,0.2312688218445337,593.0072021484375,947.2771008403362,-0.06517874111569966,-0.21608569732111338,0.2681669105776363
10,first_label_token,6,4096,4096,1000000.0,0.21754838526248932,False,3400,1190,0.14225921034812927,0.23310250194132828,582.6937255859375,954.7878545168068,-0.07362431126015068,-0.22572777583990855,0.28089482246146225
10,first_label_token,7,4096,4096,1000000.0,0.21757853031158447,False,3400,1190,0.13912580907344818,0.23413729146749032,569.8593139648438,959.0263918067227,-0.07839034844581994,-0.23116903131250877,0.2967338326346174
10,first_label_token,8,4096,4096,1000000.0,0.21705500781536102,False,3400,1190,0.13672713935375214,0.2345407213483538,560.0343627929688,960.6788012079832,-0.08024846718919076,-0.23329039511795857,0.3088588529437929
10,first_label_token,9,4096,4096,1000000.0,0.21743276715278625,False,3400,1190,0.13450215756893158,0.2337497118140469,550.9208374023438,957.43881302521,-0.07660523273482966,-0.22913101309039807,0.3201058992157212
10,first_label_token,10,4096,4096,3162277.6601683795,0.21788246929645538,False,3400,1190,0.16919836401939392,0.222909161223083,693.0364379882812,913.0359112394958,-0.026675787254944128,-0.17212791851148768,0.14472026591706444
10,first_label_token,11,4096,4096,1000000.0,0.21766787767410278,False,3400,1190,0.13339900970458984,0.2331649748217158,546.40234375,955.0437237394958,-0.07391204906913984,-0.2260562782973683,0.32568219433852874
10,first_label_token,12,4096,4096,1000000.0,0.21776026487350464,False,3400,1190,0.1353706568479538,0.2319939140512162,554.4782104492188,950.2470785189075,-0.0685183733140513,-0.219898464882053,0.31571572773434564
10,first_label_token,13,4096,4096,1000000.0,0.21834710240364075,False,3400,1190,0.13514065742492676,0.23232033673454733,553.5361328125,951.5840992647059,-0.07002181204015856,-0.2216149001253087,0.31687835035487666
10,first_label_token,14,4096,4096,3162277.6601683795,0.21877412497997284,False,3400,1190,0.171030655503273,0.22182207828810235,700.5415649414062,908.5832261029411,-0.02166889690571483,-0.16641168751031743,0.13545822734962942
10,first_label_token,15,4096,4096,3162277.6601683795,0.21871286630630493,False,3400,1190,0.1710943877696991,0.2214844102619075,700.8026123046875,907.2001509978992,-0.0201136643404749,-0.1646361206447835,0.13513606752144602
10,first_label_token,16,4096,4096,3162277.6601683795,0.2187962830066681,False,3400,1190,0.1714143455028534,0.22165900959688076,702.113037109375,907.9153033088236,-0.020917834562570237,-0.16555421999051156,0.13351871521123915
10,first_label_token,17,4096,4096,3162277.6601683795,0.21891632676124573,False,3400,1190,0.17206592857837677,0.22133805090639772,704.7820434570312,906.6006171218487,-0.019439561913658254,-0.16386651617546932,0.13022503206721836
10,first_label_token,18,4096,4096,3162277.6601683795,0.21894177794456482,False,3400,1190,0.17211906611919403,0.22120010472145402,704.9996948242188,906.0356289390757,-0.01880420889699086,-0.1631411508574292,0.12995642745012648
10,first_label_token,19,4096,4096,3162277.6601683795,0.21910232305526733,False,3400,1190,0.17300401628017426,0.2209184390156209,708.62451171875,904.8819262079832,-0.017506912012949627,-0.1616600621678359,0.12548309851017836
10,first_label_token,20,4096,4096,3162277.6601683795,0.21897900104522705,False,3400,1190,0.17303071916103363,0.22088368680296827,708.7338256835938,904.7395483193277,-0.017346850151480186,-0.1614773238790339,0.12534811828756798
10,first_label_token,21,4096,4096,3162277.6601683795,0.21885603666305542,False,3400,1190,0.1725834459066391,0.22125335180458902,706.9017944335938,906.2537027310924,-0.019049454497022333,-0.16342114111166284,0.12760903701629234
10,first_label_token,22,4096,4096,3162277.6601683795,0.21890193223953247,False,3400,1190,0.17304107546806335,0.22102303224451403,708.7763061523438,905.3103400735295,-0.01798864786905452,-0.16221004693741747,0.12529576825703548
10,first_label_token,23,4096,4096,3162277.6601683795,0.2189144790172577,False,3400,1190,0.1735580563545227,0.2208713435325302,710.893798828125,904.6890625,-0.017289999473720785,-0.16141241900115988,0.12268248486236721
10,first_label_token,24,4096,4096,3162277.6601683795,0.2188635766506195,False,3400,1190,0.17386247217655182,0.22078588629971033,712.1406860351562,904.3389837184874,-0.016896400254646338,-0.16096305744115336,0.12114369525985158
10,first_label_token,25,4096,4096,3162277.6601683795,0.21888984739780426,False,3400,1190,0.1737620234489441,0.22069369083693047,711.729248046875,903.9613970588235,-0.016471766072670535,-0.16047826410519805,0.12165145289412438
10,first_label_token,26,4096,4096,3162277.6601683795,0.2188533991575241,False,3400,1190,0.1738041639328003,0.22065932490244633,711.90185546875,903.820575105042,-0.016313483332528023,-0.16029755699099257,0.12143843723031733
10,first_label_token,27,4096,4096,3162277.6601683795,0.21879684925079346,False,3400,1190,0.1739829033613205,0.22044943000088218,712.6339721679688,902.9608587184874,-0.0153467486675114,-0.1591938622270508,0.12053492842997593
10,first_label_token,28,4096,4096,3162277.6601683795,0.2188282459974289,False,3400,1190,0.1741030067205429,0.22041854377554243,713.1258544921875,902.8343684348739,-0.01520449278380509,-0.15903145254043438,0.11992781872336877
10,last_label_token,0,4096,4096,100000000.0,0.21921306848526,True,3400,1190,0.19729673862457275,0.2171619703789719,808.1273803710938,889.4954503676471,-0.0002053557481964674,-0.1419073443348411,0.002685970847134178
10,last_label_token,1,4096,4096,3162277.6601683795,0.21894580125808716,False,3400,1190,0.17854776978492737,0.22065949960916983,731.3316040039062,903.8212972689075,-0.016314287997360566,-0.16029847565502164,0.0974600141804558
10,last_label_token,2,4096,4096,1000000.0,0.2183883786201477,False,3400,1190,0.14852236211299896,0.23046602361342486,608.3475952148438,943.988806460084,-0.061481210240754036,-0.21186432654186294,0.24923525644246214
10,last_label_token,3,4096,4096,1000000.0,0.21838942170143127,False,3400,1190,0.14834284782409668,0.22967412291454667,607.6122436523438,940.7452337184874,-0.05783387125752193,-0.207700258484943,0.2501426820796204
10,last_label_token,4,4096,4096,1000000.0,0.21803763508796692,False,3400,1190,0.14598031342029572,0.230521296653427,597.9353637695312,944.2152376575631,-0.061735786999945086,-0.2121549699275902,0.26208504221031925
10,last_label_token,5,4096,4096,1000000.0,0.21797676384449005,False,3400,1190,0.14211486279964447,0.23246087146406413,582.1024780273438,952.1597032563026,-0.07066908738439137,-0.22235387684157848,0.2816244839661649
10,last_label_token,6,4096,4096,1000000.0,0.21790285408496857,False,3400,1190,0.1396738737821579,0.23364269993886227,572.104248046875,957.000525210084,-0.07611235706925368,-0.22856831030228508,0.29396342382456664
10,last_label_token,7,4096,4096,3162277.6601683795,0.21776987612247467,False,3400,1190,0.17064723372459412,0.22321590135077468,698.9710083007812,914.2923253676471,-0.028088571998077017,-0.17374085655953575,0.13739638365989082
10,last_label_token,8,4096,4096,1000000.0,0.21721383929252625,False,3400,1190,0.13389946520328522,0.23455094730152803,548.4522094726562,960.7206407563025,-0.08029556591975884,-0.23334416646204859,0.32315244502135765
10,last_label_token,9,4096,4096,1000000.0,0.21708881855010986,False,3400,1190,0.13112019002437592,0.2334624394649217,537.0682983398438,956.2621454831933,-0.0752821127536838,-0.22762044287076932,0.3372013854454411
10,last_label_token,10,4096,4096,3162277.6601683795,0.21772155165672302,False,3400,1190,0.16758450865745544,0.22287255615747276,686.4261474609375,912.8860031512605,-0.026507191516901285,-0.1719354373271107,0.152878133121081
10,last_label_token,11,4096,4096,1000000.0,0.21751287579536438,False,3400,1190,0.13005390763282776,0.23231007231383766,532.7008056640625,951.5420299369748,-0.0699745361356825,-0.22156092650657033,0.34259132952430993
10,last_label_token,12,4096,4096,1000000.0,0.21766963601112366,False,3400,1190,0.1310504674911499,0.2316567252664005,536.78271484375,948.8659269957983,-0.06696534804041643,-0.21812541802151642,0.33755382543517
10,last_label_token,13,4096,4096,1000000.0,0.21803544461727142,False,3400,1190,0.13105764985084534,0.23200807010426241,536.8121337890625,950.3050814075631,-0.06858357331222953,-0.219972901952743,0.3375175193708294
10,last_label_token,14,4096,4096,3162277.6601683795,0.2184668630361557,False,3400,1190,0.16869977116584778,0.22203326666054604,690.9942626953125,909.4482405462185,-0.022641589043391086,-0.16752218375931882,0.14724059976111814
10,last_label_token,15,4096,4096,1000000.0,0.21823754906654358,False,3400,1190,0.1309364289045334,0.2303819896794167,536.3156127929688,943.6446559873949,-0.061094166456278964,-0.21142244914385544,0.33813027836130694
10,last_label_token,16,4096,4096,1000000.0,0.2183315008878708,False,3400,1190,0.13089503347873688,0.23090328088327616,536.1460571289062,945.7798713235294,-0.0634951312895542,-0.2141635656164378,0.33833952783586707
10,last_label_token,17,4096,4096,1000000.0,0.21835243701934814,False,3400,1190,0.13108643889427185,0.23082056125672926,536.9300537109375,945.4410057773109,-0.0631141409469389,-0.21372859926892462,0.3373719938183276
10,last_label_token,18,4096,4096,1000000.0,0.21857036650180817,False,3400,1190,0.13068793714046478,0.23057766281256153,535.2977905273438,944.44609375,-0.06199539845102442,-0.2124513612845822,0.3393863777989471
10,last_label_token,19,4096,4096,1000000.0,0.21860691905021667,False,3400,1190,0.1310615986585617,0.23038475132789932,536.8283081054688,943.6559217436975,-0.06110688606643078,-0.21143697077800372,0.3374975585678207
10,last_label_token,20,4096,4096,1000000.0,0.21785037219524384,False,3400,1190,0.130198135972023,0.23037130211581702,533.29150390625,943.6008862920168,-0.06104494163881369,-0.21136625050398195,0.34186227060988694
10,last_label_token,21,4096,4096,1000000.0,0.21737344563007355,False,3400,1190,0.12869328260421753,0.2316605832396435,527.127685546875,948.8817489495798,-0.06698311710694882,-0.2181457044831503,0.34946914432707576
10,last_label_token,22,4096,4096,1000000.0,0.21740855276584625,False,3400,1190,0.1286115050315857,0.23129376002720425,526.7927856445312,947.3792738970589,-0.06529360148386698,-0.2162168302901879,0.34988252125882013
10,last_label_token,23,4096,4096,1000000.0,0.21740193665027618,False,3400,1190,0.12888836860656738,0.23151108557436648,527.9267578125,948.2694065126051,-0.06629456024213054,-0.21735959777375347,0.34848300533465637
10,last_label_token,24,4096,4096,1000000.0,0.21715614199638367,False,3400,1190,0.12886029481887817,0.23138550189362855,527.811767578125,947.7550223214286,-0.06571614649017632,-0.21669923847091144,0.34862491534548123
10,last_label_token,25,4096,4096,1000000.0,0.2175927609205246,False,3400,1190,0.12879879772663116,0.2311015794257156,527.5598754882812,946.5920693277311,-0.06440845540352713,-0.21520628300193279,0.3489357766059238
10,last_label_token,26,4096,4096,1000000.0,0.2174205183982849,False,3400,1190,0.12866240739822388,0.23107035660944064,527.001220703125,946.4641806722689,-0.06426464924812492,-0.21504210341214103,0.3496252152094691
10,last_label_token,27,4096,4096,1000000.0,0.217563658952713,False,3400,1190,0.12903234362602234,0.23036827600302817,528.5164184570312,943.5884650735294,-0.06103100395804373,-0.2113503382316244,0.3477552269245773
10,last_label_token,28,4096,4096,1000000.0,0.21770761907100677,False,3400,1190,0.12901148200035095,0.23054789374856388,528.4310302734375,944.3241071428571,-0.06185828799289905,-0.21229482599088612,0.3478606802234917
10,last_prompt_token,0,4096,4096,0.1,0.21920008957386017,True,3400,1190,0.19782809913158417,0.21711736246317376,810.303955078125,889.3127494747899,9.954497570685561e-08,-0.14167278159544217,0.0
10,last_prompt_token,1,4096,4096,3162277.6601683795,0.21739745140075684,False,3400,1190,0.1646668016910553,0.22622745097184382,674.4752197265625,926.6276129201681,-0.04195917767934909,-0.1895765511064511,0.16762683150724622
10,last_prompt_token,2,4096,4096,10000000.0,0.2184833288192749,False,3400,1190,0.1832457333803177,0.22097089110302323,750.5745239257812,905.096756827731,-0.01774849601888051,-0.16193587207933136,0.07371230788386185
10,last_prompt_token,3,4096,4096,10000000.0,0.2187606692314148,False,3400,1190,0.18370845913887024,0.22096778965797745,752.4698486328125,905.0840401785714,-0.01773421137254072,-0.16191956368578686,0.07137327839015595
10,last_prompt_token,4,4096,4096,10000000.0,0.21875984966754913,False,3400,1190,0.18397432565689087,0.22118221250902706,753.558837890625,905.9623424369748,-0.018721800882989248,-0.1630470678614926,0.07002935141927713
10,last_prompt_token,5,4096,4096,10000000.0,0.21857738494873047,False,3400,1190,0.18189263343811035,0.2219860349382673,745.0323486328125,909.2547925420168,-0.02242404901323769,-0.1672738242032623,0.08055208417523352
10,last_prompt_token,6,4096,4096,10000000.0,0.2187517285346985,False,3400,1190,0.1823335886001587,0.22175776056882715,746.8382568359375,908.3197741596639,-0.021372662131383446,-0.16607348429783486,0.07832310273132326
10,last_prompt_token,7,4096,4096,10000000.0,0.2186717540025711,False,3400,1190,0.18178799748420715,0.2222070181069254,744.6036376953125,910.1599658613445,-0.02344185405726229,-0.1684358246346669,0.08108100779307414
10,last_prompt_token,8,4096,4096,10000000.0,0.21884551644325256,False,3400,1190,0.1818363070487976,0.22137762919193557,744.8014526367188,906.7627691701681,-0.019621851718347516,-0.16407463150456225,0.08083680808230242
10,last_prompt_token,9,4096,4096,3162277.6601683795,0.21853089332580566,False,3400,1190,0.15457385778427124,0.22926074276451303,633.134521484375,939.0519957983194,-0.05592992352992443,-0.2055265729703848,0.21864558946473334
10,last_prompt_token,10,4096,4096,3162277.6601683795,0.21718989312648773,False,3400,1190,0.15344811975955963,0.22742706106490448,628.5234985351562,931.5412552521009,-0.04748434600322726,-0.1958844860234792,0.22433607544550815
10,last_prompt_token,11,4096,4096,3162277.6601683795,0.21655024588108063,False,3400,1190,0.15318378806114197,0.2266599671179507,627.4407348632812,928.399231880252,-0.04395126204397681,-0.19185085983058414,0.2256722440665383
10,last_prompt_token,12,4096,4096,1000000.0,0.21647614240646362,False,3400,1190,0.11337469518184662,0.24295209836559134,464.38275146484375,995.1318342962185,-0.11898961660488494,-0.27752011533642507,0.4269029744534111
10,last_prompt_token,13,4096,4096,1000000.0,0.2167663425207138,False,3400,1190,0.11197707802057266,0.24133825221983324,458.6581115722656,988.5214810924369,-0.11155655843395418,-0.2690339942939073,0.4339677805522876
10,last_prompt_token,14,4096,4096,3162277.6601683795,0.217747762799263,False,3400,1190,0.15776951611042023,0.22561588447634914,646.2239379882812,924.1226365546219,-0.03914242259501077,-0.18636073817412324,0.20249187651810385
10,last_prompt_token,15,4096,4096,1000000.0,0.2170220911502838,False,3400,1190,0.11533037573099136,0.2367925675977178,472.3931884765625,969.9023962710085,-0.09062002844830452,-0.24513132548884364,0.41701721728479
10,last_prompt_token,16,4096,4096,1000000.0,0.21690711379051208,False,3400,1190,0.1146877110004425,0.2374545666350036,469.7608337402344,972.6139049369748,-0.09366906590839919,-0.24861232891361484,0.4202658191435249
10,last_prompt_token,17,4096,4096,1000000.0,0.2170558124780655,False,3400,1190,0.12012655287981033,0.23416867777079092,492.03839111328125,959.1549238445378,-0.07853490759033144,-0.23133407056955702,0.3927730519216641
10,last_prompt_token,18,4096,4096,1000000.0,0.21718885004520416,False,3400,1190,0.11956441402435303,0.23393236368644138,489.73583984375,958.186974789916,-0.07744649136168569,-0.23009145526256924,0.39561460404658955
10,last_prompt_token,19,4096,4096,1000000.0,0.21692222356796265,False,3400,1190,0.11992473155260086,0.2348636803506803,491.2117004394531,962.0016215861344,-0.08173595288132351,-0.23498861721472863,0.3937932372648759
10,last_prompt_token,20,4096,4096,1000000.0,0.2160375416278839,False,3400,1190,0.1211986392736435,0.233570948368361,496.42962646484375,956.7066307773109,-0.07578188343718306,-0.22819101751395765,0.3873537692285617
10,last_prompt_token,21,4096,4096,1000000.0,0.21626447141170502,False,3400,1190,0.12248580157756805,0.23244511419985475,501.70184326171875,952.095174632353,-0.07059651252228871,-0.2222710200886402,0.3808473006855444
10,last_prompt_token,22,4096,4096,1000000.0,0.21665692329406738,False,3400,1190,0.12393097579479218,0.23069368570792576,507.6212158203125,944.9213300945378,-0.0625297771045712,-0.21306144690913342,0.3735420987270356
10,last_prompt_token,23,4096,4096,1000000.0,0.2168993502855301,False,3400,1190,0.12481529265642166,0.22987864678647338,511.2434387207031,941.5829503676471,-0.0587758680156214,-0.20877571065107192,0.3690719710479474
10,last_prompt_token,24,4096,4096,1000000.0,0.21712030470371246,False,3400,1190,0.12554417550563812,0.2292166445435596,514.2289428710938,938.871362920168,-0.055726815791034445,-0.20529469037008008,0.36538754576955634
10,last_prompt_token,25,4096,4096,1000000.0,0.21798467636108398,False,3400,1190,0.12616004049777985,0.22822485851640462,516.75146484375,934.8090204831933,-0.05115884427012074,-0.20007956109840985,0.36227441373803393
10,last_prompt_token,26,4096,4096,3162277.6601683795,0.21867991983890533,False,3400,1190,0.16645854711532593,0.2206373118552841,681.814208984375,903.7304359243698,-0.016212095563621798,-0.16018180532332305,0.15856974895862985
10,last_prompt_token,27,4096,4096,3162277.6601683795,0.2188696712255478,False,3400,1190,0.16710394620895386,0.22006860620835247,684.457763671875,901.4010175945378,-0.013592749124129666,-0.15719136849010318,0.1553073251853586
10,last_prompt_token,28,4096,4096,100000000.0,0.219218909740448,True,3400,1190,0.19665494561195374,0.21718271399746422,805.4986572265625,889.5804096638656,-0.00030089677813571747,-0.14201642093910638,0.0059301662644501985
