icl_example_index,token_role,layer,feature_dim,target_dim,best_alpha,cv_mse,alpha_pinned,train_sample_count,test_sample_count,train_mse,test_mse,train_mean_squared_l2,test_mean_squared_l2
1,pre_label_token,0,4096,4096,0.1,0.19794093072414398,True,3400,1190,0.19782809913158417,0.2171173656688017,810.3038940429688,889.3127494747899
1,pre_label_token,1,4096,4096,3162277.6601683795,0.19791536033153534,False,3400,1190,0.19741304218769073,0.21781356074229008,808.6038818359375,892.1643579306723
1,pre_label_token,2,4096,4096,3162277.6601683795,0.19791141152381897,False,3400,1190,0.19742929935455322,0.2176594565896427,808.67041015625,891.5331210609244
1,pre_label_token,3,4096,4096,3162277.6601683795,0.19790080189704895,False,3400,1190,0.19742123782634735,0.2176716844574744,808.6373901367188,891.583206407563
1,pre_label_token,4,4096,4096,3162277.6601683795,0.19790472090244293,False,3400,1190,0.1973964124917984,0.21770841614538883,808.5357666015625,891.7336659663865
1,pre_label_token,5,4096,4096,3162277.6601683795,0.1979072391986847,False,3400,1190,0.1973768025636673,0.21774432719254694,808.4553833007812,891.8807641806723
1,pre_label_token,6,4096,4096,3162277.6601683795,0.19790887832641602,False,3400,1190,0.1973823755979538,0.21771011031976267,808.4782104492188,891.7405987394958
1,pre_label_token,7,4096,4096,3162277.6601683795,0.19790959358215332,False,3400,1190,0.1973809003829956,0.21774256409717208,808.47216796875,891.873575367647
1,pre_label_token,8,4096,4096,3162277.6601683795,0.19790121912956238,False,3400,1190,0.19737361371517181,0.2177500604581432,808.4423217773438,891.9042476365546
1,pre_label_token,9,4096,4096,3162277.6601683795,0.19788946211338043,False,3400,1190,0.1973598301410675,0.21782851179106896,808.3858642578125,892.2256039915966
1,pre_label_token,10,4096,4096,3162277.6601683795,0.19788695871829987,False,3400,1190,0.1973530352115631,0.21782525006462547,808.3580322265625,892.2122045693277
1,pre_label_token,11,4096,4096,1000000.0,0.19787061214447021,False,3400,1190,0.19660711288452148,0.21827192386659253,805.302734375,894.0417804621849
1,pre_label_token,12,4096,4096,1000000.0,0.1978677362203598,False,3400,1190,0.1966012716293335,0.2182662931810908,805.27880859375,894.018743434874
1,pre_label_token,13,4096,4096,1000000.0,0.19787415862083435,False,3400,1190,0.19658377766609192,0.2182243667730764,805.2071533203125,893.847006302521
1,pre_label_token,14,4096,4096,1000000.0,0.19785362482070923,False,3400,1190,0.19653768837451935,0.21808605194091796,805.0183715820312,893.280455619748
1,pre_label_token,15,4096,4096,1000000.0,0.19785471260547638,False,3400,1190,0.19653387367725372,0.21806215879296054,805.0027465820312,893.1826155462185
1,pre_label_token,16,4096,4096,1000000.0,0.19785423576831818,False,3400,1190,0.19654127955436707,0.21807775577577224,805.0330810546875,893.2464876575631
1,pre_label_token,17,4096,4096,1000000.0,0.19784283638000488,False,3400,1190,0.19651000201702118,0.21805053037755628,804.9049682617188,893.1349789915967
1,pre_label_token,18,4096,4096,1000000.0,0.19783827662467957,False,3400,1190,0.19650565087795258,0.21808410933037767,804.8871459960938,893.2725183823529
1,pre_label_token,19,4096,4096,1000000.0,0.19784094393253326,False,3400,1190,0.19649118185043335,0.21811575689235654,804.827880859375,893.4021139705883
1,pre_label_token,20,4096,4096,1000000.0,0.19783556461334229,False,3400,1190,0.19644805788993835,0.2179925806382123,804.6512451171875,892.8976102941176
1,pre_label_token,21,4096,4096,1000000.0,0.19783006608486176,False,3400,1190,0.1964365839958191,0.21797172642555557,804.604248046875,892.8121520483194
1,pre_label_token,22,4096,4096,1000000.0,0.1978280395269394,False,3400,1190,0.1964206099510193,0.21794883503633386,804.538818359375,892.7184086134454
1,pre_label_token,23,4096,4096,1000000.0,0.19782909750938416,False,3400,1190,0.19641131162643433,0.21793553648876543,804.5006103515625,892.6639640231092
1,pre_label_token,24,4096,4096,1000000.0,0.19783037900924683,False,3400,1190,0.19640202820301056,0.21792469986346588,804.4627075195312,892.6195640756303
1,pre_label_token,25,4096,4096,1000000.0,0.1978338211774826,False,3400,1190,0.1964046061038971,0.2179374742908638,804.4732055664062,892.671881565126
1,pre_label_token,26,4096,4096,1000000.0,0.1978403478860855,False,3400,1190,0.19641047716140747,0.21792964133895745,804.497314453125,892.6398043592437
1,pre_label_token,27,4096,4096,1000000.0,0.19783847033977509,False,3400,1190,0.1964067965745926,0.21794151498490022,804.4822387695312,892.6884519432773
1,pre_label_token,28,4096,4096,1000000.0,0.19783851504325867,False,3400,1190,0.19641368091106415,0.21794209360074596,804.5104370117188,892.6907825630252
1,first_label_token,0,4096,4096,3162277.6601683795,0.19793546199798584,False,3400,1190,0.19732291996479034,0.21719662802559989,808.2346801757812,889.6374015231092
1,first_label_token,1,4096,4096,100000000.0,0.19794093072414398,True,3400,1190,0.19781193137168884,0.21712409107624983,810.2376708984375,889.3402704831933
1,first_label_token,2,4096,4096,100000000.0,0.1979409009218216,True,3400,1190,0.19781167805194855,0.21712469854274719,810.2367553710938,889.3427389705882
1,first_label_token,3,4096,4096,31622776.60168379,0.197940856218338,False,3400,1190,0.1977762132883072,0.21713926491617155,810.0913696289062,889.4024290966387
1,first_label_token,4,4096,4096,3162277.6601683795,0.19793637096881866,False,3400,1190,0.19733040034770966,0.2173250823461709,808.2652587890625,890.1635241596639
1,first_label_token,5,4096,4096,3162277.6601683795,0.19793808460235596,False,3400,1190,0.1973339021205902,0.21735594132367303,808.2796630859375,890.2898831407563
1,first_label_token,6,4096,4096,3162277.6601683795,0.19793851673603058,False,3400,1190,0.19733303785324097,0.2173421443009577,808.276123046875,890.2334230567227
1,first_label_token,7,4096,4096,10000000.0,0.19794009625911713,False,3400,1190,0.19766578078269958,0.21717610399262244,809.638916015625,889.5533153886555
1,first_label_token,8,4096,4096,10000000.0,0.19794012606143951,False,3400,1190,0.1976667195558548,0.2171995371329684,809.6428833007812,889.6492778361345
1,first_label_token,9,4096,4096,3162277.6601683795,0.19793809950351715,False,3400,1190,0.19734063744544983,0.2173922194152319,808.3072509765625,890.4385241596639
1,first_label_token,10,4096,4096,3162277.6601683795,0.19793890416622162,False,3400,1190,0.19734317064285278,0.21738379342215403,808.317626953125,890.4040244222689
1,first_label_token,11,4096,4096,3162277.6601683795,0.1979392170906067,False,3400,1190,0.19734160602092743,0.2173878565555861,808.3112182617188,890.4206473214285
1,first_label_token,12,4096,4096,3162277.6601683795,0.19793696701526642,False,3400,1190,0.19733552634716034,0.21733789684391824,808.2863159179688,890.2160057773109
1,first_label_token,13,4096,4096,1000000.0,0.1979222148656845,False,3400,1190,0.1964106261730194,0.2177354187524619,804.4979248046875,891.844275210084
1,first_label_token,14,4096,4096,1000000.0,0.1979207545518875,False,3400,1190,0.19641238451004028,0.2176813301919889,804.505126953125,891.6227153361344
1,first_label_token,15,4096,4096,1000000.0,0.19792021811008453,False,3400,1190,0.19640904664993286,0.2176711779682576,804.491455078125,891.581125262605
1,first_label_token,16,4096,4096,1000000.0,0.19792833924293518,False,3400,1190,0.19641615450382233,0.21762798694001526,804.5205688476562,891.4042410714286
1,first_label_token,17,4096,4096,1000000.0,0.1979275643825531,False,3400,1190,0.19641923904418945,0.2175949481355042,804.5331420898438,891.2689141281512
1,first_label_token,18,4096,4096,3162277.6601683795,0.19793035089969635,False,3400,1190,0.19733208417892456,0.2173480298338818,808.2721557617188,890.2575105042017
1,first_label_token,19,4096,4096,3162277.6601683795,0.19793173670768738,False,3400,1190,0.19733211398124695,0.21734325024260193,808.2723388671875,890.2379398634454
1,first_label_token,20,4096,4096,3162277.6601683795,0.1979297399520874,False,3400,1190,0.19733019173145294,0.21734963264785895,808.2644653320312,890.2640625
1,first_label_token,21,4096,4096,3162277.6601683795,0.19792933762073517,False,3400,1190,0.19733074307441711,0.21732269094771697,808.2667236328125,890.1537421218487
1,first_label_token,22,4096,4096,3162277.6601683795,0.19792921841144562,False,3400,1190,0.19733145833015442,0.21733548941732456,808.26953125,890.2062106092437
1,first_label_token,23,4096,4096,3162277.6601683795,0.19793081283569336,False,3400,1190,0.19733282923698425,0.21732331604516808,808.2752685546875,890.1563353466387
1,first_label_token,24,4096,4096,3162277.6601683795,0.19793079793453217,False,3400,1190,0.19733308255672455,0.21731699614965616,808.2763671875,890.1304359243697
1,first_label_token,25,4096,4096,3162277.6601683795,0.19793075323104858,False,3400,1190,0.19733268022537231,0.21732399563829438,808.2747192382812,890.1590861344538
1,first_label_token,26,4096,4096,3162277.6601683795,0.1979312300682068,False,3400,1190,0.19733265042304993,0.21730448618656448,808.2745361328125,890.079168855042
1,first_label_token,27,4096,4096,3162277.6601683795,0.1979314535856247,False,3400,1190,0.19733285903930664,0.21730777996928752,808.275390625,890.0926601890757
1,first_label_token,28,4096,4096,3162277.6601683795,0.19793298840522766,False,3400,1190,0.19733357429504395,0.21729712125633946,808.2784423828125,890.0490283613445
1,last_label_token,0,4096,4096,10000000.0,0.19794028997421265,False,3400,1190,0.19766543805599213,0.2171817683372177,809.6376342773438,889.5765165441177
1,last_label_token,1,4096,4096,3162277.6601683795,0.197933629155159,False,3400,1190,0.19734041392803192,0.21742127522700974,808.3062744140625,890.557556460084
1,last_label_token,2,4096,4096,3162277.6601683795,0.19793054461479187,False,3400,1190,0.19733096659183502,0.21750465521291523,808.2675170898438,890.8990677521008
1,last_label_token,3,4096,4096,1000000.0,0.19792664051055908,False,3400,1190,0.19639863073825836,0.21800361921807296,804.4487915039062,892.9428177521008
1,last_label_token,4,4096,4096,1000000.0,0.19792792201042175,False,3400,1190,0.19639098644256592,0.21790559111523028,804.41748046875,892.541268382353
1,last_label_token,5,4096,4096,1000000.0,0.1979314684867859,False,3400,1190,0.1963890641927719,0.21801976917170676,804.4096069335938,893.0089482668067
1,last_label_token,6,4096,4096,3162277.6601683795,0.19793365895748138,False,3400,1190,0.1973254382610321,0.2174615058578363,808.2449951171875,890.7223214285714
1,last_label_token,7,4096,4096,3162277.6601683795,0.19793540239334106,False,3400,1190,0.1973280906677246,0.21740630975290506,808.255859375,890.4962447478991
1,last_label_token,8,4096,4096,3162277.6601683795,0.1979367583990097,False,3400,1190,0.19733285903930664,0.2174464089529855,808.2753295898438,890.6605042016806
1,last_label_token,9,4096,4096,3162277.6601683795,0.1979357898235321,False,3400,1190,0.19733522832393646,0.21749122523460068,808.2850952148438,890.8440454306723
1,last_label_token,10,4096,4096,3162277.6601683795,0.19793587923049927,False,3400,1190,0.19733826816082,0.21751745849096474,808.297607421875,890.9515165441177
1,last_label_token,11,4096,4096,10000000.0,0.19793948531150818,False,3400,1190,0.19766543805599213,0.21725537756911847,809.6376342773438,889.8780133928572
1,last_label_token,12,4096,4096,3162277.6601683795,0.19793792068958282,False,3400,1190,0.19733335077762604,0.2174961490791385,808.2774658203125,890.8642397584034
1,last_label_token,13,4096,4096,3162277.6601683795,0.19793492555618286,False,3400,1190,0.19733117520809174,0.21754770519352762,808.2684936523438,891.0753807773109
1,last_label_token,14,4096,4096,3162277.6601683795,0.1979324072599411,False,3400,1190,0.19732969999313354,0.21754283905029298,808.262451171875,891.0554359243697
1,last_label_token,15,4096,4096,3162277.6601683795,0.19793520867824554,False,3400,1190,0.19733135402202606,0.21753229734276522,808.2691650390625,891.0122833508403
1,last_label_token,16,4096,4096,3162277.6601683795,0.1979343146085739,False,3400,1190,0.19733098149299622,0.21751381850042262,808.2677001953125,890.9366071428572
1,last_label_token,17,4096,4096,3162277.6601683795,0.19793318212032318,False,3400,1190,0.19733181595802307,0.21750291135130811,808.2710571289062,890.8919577205883
1,last_label_token,18,4096,4096,3162277.6601683795,0.19793511927127838,False,3400,1190,0.19733424484729767,0.21751051189518777,808.281005859375,890.9230698529411
1,last_label_token,19,4096,4096,3162277.6601683795,0.19793754816055298,False,3400,1190,0.19733469188213348,0.2174962324254653,808.2828979492188,890.8645417542017
1,last_label_token,20,4096,4096,3162277.6601683795,0.19793576002120972,False,3400,1190,0.19733263552188873,0.21748945733078387,808.2744750976562,890.8368237920168
1,last_label_token,21,4096,4096,3162277.6601683795,0.19793248176574707,False,3400,1190,0.19733035564422607,0.21745604987905806,808.26513671875,890.6999868697479
1,last_label_token,22,4096,4096,3162277.6601683795,0.19793274998664856,False,3400,1190,0.1973317563533783,0.21746492626286354,808.270751953125,890.7363511029412
1,last_label_token,23,4096,4096,3162277.6601683795,0.19793309271335602,False,3400,1190,0.19733186066150665,0.21745783220820067,808.2713012695312,890.7072544642857
1,last_label_token,24,4096,4096,3162277.6601683795,0.1979324221611023,False,3400,1190,0.19733135402202606,0.21745019800522747,808.2692260742188,890.6760044642857
1,last_label_token,25,4096,4096,3162277.6601683795,0.19793377816677094,False,3400,1190,0.19733211398124695,0.21744724081343964,808.2723999023438,890.6639049369747
1,last_label_token,26,4096,4096,3162277.6601683795,0.19793380796909332,False,3400,1190,0.19733162224292755,0.21743227533933496,808.2703247070312,890.6026194852941
1,last_label_token,27,4096,4096,3162277.6601683795,0.19793395698070526,False,3400,1190,0.1973315328359604,0.2174300330025809,808.2699584960938,890.5934283088235
1,last_label_token,28,4096,4096,3162277.6601683795,0.19793513417243958,False,3400,1190,0.1973312795162201,0.21741865302334312,808.2689208984375,890.5467830882353
2,pre_label_token,0,4096,4096,0.1,0.19794093072414398,True,3400,1190,0.19782809913158417,0.2171173656688017,810.3038940429688,889.3127494747899
2,pre_label_token,1,4096,4096,3162277.6601683795,0.19792503118515015,False,3400,1190,0.19741109013557434,0.21774176589581146,808.5958251953125,891.8702862394958
2,pre_label_token,2,4096,4096,10000000.0,0.19792933762073517,False,3400,1190,0.19767917692661285,0.21741156377712217,809.6939086914062,890.5177455357143
2,pre_label_token,3,4096,4096,10000000.0,0.19792984426021576,False,3400,1190,0.19767965376377106,0.21740506276363084,809.6958618164062,890.4911305147059
2,pre_label_token,4,4096,4096,3162277.6601683795,0.19792713224887848,False,3400,1190,0.19741249084472656,0.21784601131407152,808.6015625,892.2972820378151
2,pre_label_token,5,4096,4096,10000000.0,0.19793283939361572,False,3400,1190,0.19767329096794128,0.2173941139413529,809.6697998046875,890.4462710084034
2,pre_label_token,6,4096,4096,10000000.0,0.1979343146085739,False,3400,1190,0.19767749309539795,0.21739903458026277,809.68701171875,890.4664259453782
2,pre_label_token,7,4096,4096,10000000.0,0.19793184101581573,False,3400,1190,0.19767458736896515,0.21744412654588202,809.6751098632812,890.6511488970589
2,pre_label_token,8,4096,4096,10000000.0,0.19793172180652618,False,3400,1190,0.1976739913225174,0.21743428847369026,809.6727905273438,890.6108324579832
2,pre_label_token,9,4096,4096,10000000.0,0.1979324072599411,False,3400,1190,0.1976718008518219,0.2173804211015461,809.6636352539062,890.3901785714286
2,pre_label_token,10,4096,4096,10000000.0,0.1979355365037918,False,3400,1190,0.1976742148399353,0.2173527917942079,809.6736450195312,890.2769892331933
2,pre_label_token,11,4096,4096,10000000.0,0.1979343146085739,False,3400,1190,0.19767212867736816,0.21733182698738676,809.6649780273438,890.1911633403362
2,pre_label_token,12,4096,4096,10000000.0,0.1979362666606903,False,3400,1190,0.19767270982265472,0.21731203383758288,809.66748046875,890.1100840336135
2,pre_label_token,13,4096,4096,10000000.0,0.1979367882013321,False,3400,1190,0.19767257571220398,0.21732066338803588,809.6668701171875,890.1454569327731
2,pre_label_token,14,4096,4096,10000000.0,0.19793584942817688,False,3400,1190,0.1976711004972458,0.21731961354488083,809.6608276367188,890.1411305147059
2,pre_label_token,15,4096,4096,10000000.0,0.19793707132339478,False,3400,1190,0.1976717859506607,0.2173109519381483,809.6636352539062,890.1056460084034
2,pre_label_token,16,4096,4096,10000000.0,0.19793806970119476,False,3400,1190,0.19767315685749054,0.2173159767599667,809.6692504882812,890.1262670693277
2,pre_label_token,17,4096,4096,10000000.0,0.19793978333473206,False,3400,1190,0.19767336547374725,0.21729477954511883,809.6701049804688,890.0394629726891
2,pre_label_token,18,4096,4096,31622776.60168379,0.1979406177997589,False,3400,1190,0.19777807593345642,0.2171740027034984,810.0990600585938,889.5447282037815
2,pre_label_token,19,4096,4096,10000000.0,0.19793979823589325,False,3400,1190,0.197673037648201,0.21728377782997965,809.6687622070312,889.9943671218488
2,pre_label_token,20,4096,4096,100000000.0,0.1979408860206604,True,3400,1190,0.19781213998794556,0.21713366468413536,810.238525390625,889.3794642857143
2,pre_label_token,21,4096,4096,10000000.0,0.19793996214866638,False,3400,1190,0.19767160713672638,0.21726692103538192,809.6629028320312,889.9252954306722
2,pre_label_token,22,4096,4096,3162277.6601683795,0.19793672859668732,False,3400,1190,0.19735127687454224,0.21751327835211232,808.350830078125,890.934388130252
2,pre_label_token,23,4096,4096,1000000.0,0.19793149828910828,False,3400,1190,0.19645410776138306,0.21808942265871192,804.676025390625,893.2942883403362
2,pre_label_token,24,4096,4096,1000000.0,0.1979297399520874,False,3400,1190,0.1964409202337265,0.21803364633512096,804.6220092773438,893.0657891281512
2,pre_label_token,25,4096,4096,1000000.0,0.19793479144573212,False,3400,1190,0.19643981754779816,0.21802696260083623,804.6173095703125,893.0384191176471
2,pre_label_token,26,4096,4096,1000000.0,0.19793511927127838,False,3400,1190,0.19643452763557434,0.21802104340881862,804.5958251953125,893.014193802521
2,pre_label_token,27,4096,4096,1000000.0,0.19793154299259186,False,3400,1190,0.19642013311386108,0.218031118697479,804.5368041992188,893.0554621848739
2,pre_label_token,28,4096,4096,1000000.0,0.1979266107082367,False,3400,1190,0.1964174062013626,0.2179794616058093,804.5256958007812,892.8438616071429
2,first_label_token,0,4096,4096,3162277.6601683795,0.19793915748596191,False,3400,1190,0.19735503196716309,0.21727804777001133,808.3662719726562,889.9708902310924
2,first_label_token,1,4096,4096,3162277.6601683795,0.19793957471847534,False,3400,1190,0.19736604392528534,0.21729730237431888,808.4113159179688,890.0497242647059
2,first_label_token,2,4096,4096,100000000.0,0.19794107973575592,True,3400,1190,0.19781281054019928,0.21712432668990447,810.2412719726562,889.3412158613445
2,first_label_token,3,4096,4096,100000000.0,0.19794099032878876,True,3400,1190,0.19781270623207092,0.21712540057526916,810.2408447265625,889.3456867121848
2,first_label_token,4,4096,4096,100000000.0,0.19794106483459473,True,3400,1190,0.19781270623207092,0.21712828083198613,810.2409057617188,889.3574711134454
2,first_label_token,5,4096,4096,100000000.0,0.19794100522994995,True,3400,1190,0.19781258702278137,0.21712748743906743,810.240234375,889.3542213760504
2,first_label_token,6,4096,4096,100000000.0,0.19794104993343353,True,3400,1190,0.1978125423192978,0.2171283160938936,810.240234375,889.3576221113445
2,first_label_token,7,4096,4096,100000000.0,0.19794100522994995,True,3400,1190,0.19781233370304108,0.2171306658191841,810.2393188476562,889.3671875
2,first_label_token,8,4096,4096,100000000.0,0.19794125854969025,True,3400,1190,0.1978124976158142,0.2171313197672868,810.239990234375,889.3698857668068
2,first_label_token,9,4096,4096,100000000.0,0.19794133305549622,True,3400,1190,0.19781260192394257,0.21713224138532367,810.2404174804688,889.3736804096638
2,first_label_token,10,4096,4096,100000000.0,0.19794122874736786,True,3400,1190,0.19781255722045898,0.2171324914243041,810.240234375,889.3746783088235
2,first_label_token,11,4096,4096,100000000.0,0.19794109463691711,True,3400,1190,0.19781245291233063,0.21713039173799403,810.2398071289062,889.3660714285714
2,first_label_token,12,4096,4096,100000000.0,0.19794100522994995,True,3400,1190,0.19781234860420227,0.21712823755600874,810.2393798828125,889.3572282037815
2,first_label_token,13,4096,4096,100000000.0,0.19794102013111115,True,3400,1190,0.19781236350536346,0.21712774388930378,810.2394409179688,889.3552324054622
2,first_label_token,14,4096,4096,31622776.60168379,0.1979409158229828,False,3400,1190,0.19777806103229523,0.2171492873119707,810.0989379882812,889.443480829832
2,first_label_token,15,4096,4096,100000000.0,0.19794102013111115,True,3400,1190,0.1978122889995575,0.21712763169232538,810.2391357421875,889.3547925420168
2,first_label_token,16,4096,4096,100000000.0,0.19794116914272308,True,3400,1190,0.19781237840652466,0.21712678220091747,810.239501953125,889.3513130252101
2,first_label_token,17,4096,4096,100000000.0,0.19794107973575592,True,3400,1190,0.19781231880187988,0.21712634302988773,810.2392578125,889.3494747899159
2,first_label_token,18,4096,4096,100000000.0,0.19794107973575592,True,3400,1190,0.1978122889995575,0.21712579005906563,810.2392578125,889.347275472689
2,first_label_token,19,4096,4096,100000000.0,0.19794116914272308,True,3400,1190,0.19781234860420227,0.2171251809897543,810.2393798828125,889.3447282037815
2,first_label_token,20,4096,4096,100000000.0,0.19794119894504547,True,3400,1190,0.19781234860420227,0.21712437317150982,810.2393798828125,889.3414259453782
2,first_label_token,21,4096,4096,100000000.0,0.19794118404388428,True,3400,1190,0.19781237840652466,0.21712379135003612,810.239501953125,889.339049369748
2,first_label_token,22,4096,4096,100000000.0,0.19794118404388428,True,3400,1190,0.19781231880187988,0.21712391476671236,810.2392578125,889.3395483193277
2,first_label_token,23,4096,4096,100000000.0,0.1979411095380783,True,3400,1190,0.19781231880187988,0.2171242064788562,810.2391357421875,889.340756302521
2,first_label_token,24,4096,4096,100000000.0,0.1979411393404007,True,3400,1190,0.19781231880187988,0.21712399170178326,810.2392578125,889.3398700105042
2,first_label_token,25,4096,4096,100000000.0,0.19794125854969025,True,3400,1190,0.19781245291233063,0.21712408466499392,810.23974609375,889.3402836134454
2,first_label_token,26,4096,4096,100000000.0,0.19794122874736786,True,3400,1190,0.19781237840652466,0.21712413274941325,810.239501953125,889.3404477415967
2,first_label_token,27,4096,4096,100000000.0,0.19794118404388428,True,3400,1190,0.19781237840652466,0.21712403497776064,810.239501953125,889.3400407037815
2,first_label_token,28,4096,4096,100000000.0,0.19794109463691711,True,3400,1190,0.19781231880187988,0.21712369678401144,810.2392578125,889.3386160714285
2,last_label_token,0,4096,4096,100000000.0,0.19794099032878876,True,3400,1190,0.19781288504600525,0.21712283607290572,810.2415771484375,889.3351299894958
2,last_label_token,1,4096,4096,31622776.60168379,0.19794084131717682,False,3400,1190,0.19778044521808624,0.21714602879115513,810.108642578125,889.4301470588235
2,last_label_token,2,4096,4096,100000000.0,0.19794100522994995,True,3400,1190,0.19781279563903809,0.21713011605398996,810.2412719726562,889.3649422268908
2,last_label_token,3,4096,4096,100000000.0,0.19794099032878876,True,3400,1190,0.19781263172626495,0.2171308693765592,810.240478515625,889.3680606617647
2,last_label_token,4,4096,4096,100000000.0,0.1979411542415619,True,3400,1190,0.19781267642974854,0.21713114986900522,810.24072265625,889.3691898634454
2,last_label_token,5,4096,4096,100000000.0,0.19794127345085144,True,3400,1190,0.1978127360343933,0.21713138387984587,810.240966796875,889.3701352415966
2,last_label_token,6,4096,4096,100000000.0,0.1979413777589798,True,3400,1190,0.19781270623207092,0.21713165154978006,810.2409057617188,889.3712644432773
2,last_label_token,7,4096,4096,100000000.0,0.19794128835201263,True,3400,1190,0.1978124976158142,0.21713277031393613,810.239990234375,889.3758403361345
2,last_label_token,8,4096,4096,100000000.0,0.19794151186943054,True,3400,1190,0.19781269133090973,0.21713316300336052,810.24072265625,889.3774422268907
2,last_label_token,9,4096,4096,100000000.0,0.19794151186943054,True,3400,1190,0.19781264662742615,0.21713352684213333,810.2406005859375,889.3789325105042
2,last_label_token,10,4096,4096,100000000.0,0.19794125854969025,True,3400,1190,0.19781246781349182,0.217133690329159,810.239990234375,889.3795890231092
2,last_label_token,11,4096,4096,100000000.0,0.19794106483459473,True,3400,1190,0.19781231880187988,0.21713188556062074,810.2392578125,889.3722163865547
2,last_label_token,12,4096,4096,100000000.0,0.19794100522994995,True,3400,1190,0.19781216979026794,0.21713034044794677,810.2386474609375,889.3658679096638
2,last_label_token,13,4096,4096,100000000.0,0.19794107973575592,True,3400,1190,0.1978122442960739,0.21713118352809874,810.2389526367188,889.3693211659664
2,last_label_token,14,4096,4096,100000000.0,0.19794099032878876,True,3400,1190,0.19781219959259033,0.2171319304394121,810.23876953125,889.3723805147059
2,last_label_token,15,4096,4096,100000000.0,0.19794102013111115,True,3400,1190,0.19781222939491272,0.217133058820452,810.2388916015625,889.3769826680672
2,last_label_token,16,4096,4096,100000000.0,0.19794107973575592,True,3400,1190,0.19781236350536346,0.21713274146328454,810.2393798828125,889.3756893382352
2,last_label_token,17,4096,4096,100000000.0,0.19794099032878876,True,3400,1190,0.19781231880187988,0.21713321749903575,810.2392578125,889.3776720063025
2,last_label_token,18,4096,4096,100000000.0,0.19794097542762756,True,3400,1190,0.1978122740983963,0.217133129344267,810.2390747070312,889.3772846638656
2,last_label_token,19,4096,4096,100000000.0,0.19794099032878876,True,3400,1190,0.19781216979026794,0.21713245295676864,810.2386474609375,889.3745535714286
2,last_label_token,20,4096,4096,100000000.0,0.19794102013111115,True,3400,1190,0.1978122442960739,0.21713227664723117,810.239013671875,889.3737920168068
2,last_label_token,21,4096,4096,100000000.0,0.1979411542415619,True,3400,1190,0.19781236350536346,0.21713212117427538,810.239501953125,889.3731617647059
2,last_label_token,22,4096,4096,100000000.0,0.1979411393404007,True,3400,1190,0.19781234860420227,0.21713217727276457,810.2393798828125,889.3733849789916
2,last_label_token,23,4096,4096,100000000.0,0.19794107973575592,True,3400,1190,0.19781231880187988,0.21713227825004514,810.2392578125,889.3738051470589
2,last_label_token,24,4096,4096,100000000.0,0.1979411095380783,True,3400,1190,0.19781231880187988,0.21713234717104615,810.2392578125,889.374100577731
2,last_label_token,25,4096,4096,100000000.0,0.19794125854969025,True,3400,1190,0.19781245291233063,0.2171326933788652,810.2398071289062,889.3755317752101
2,last_label_token,26,4096,4096,100000000.0,0.19794125854969025,True,3400,1190,0.19781243801116943,0.21713252187776966,810.23974609375,889.3747899159664
2,last_label_token,27,4096,4096,100000000.0,0.19794124364852905,True,3400,1190,0.19781245291233063,0.2171325202749557,810.2398071289062,889.3748030462185
2,last_label_token,28,4096,4096,100000000.0,0.19794128835201263,True,3400,1190,0.1978124976158142,0.21713285846870486,810.239990234375,889.3761882878151
3,pre_label_token,0,4096,4096,0.1,0.19794093072414398,True,3400,1190,0.19782809913158417,0.2171173656688017,810.3038940429688,889.3127494747899
3,pre_label_token,1,4096,4096,10000000.0,0.19793231785297394,False,3400,1190,0.19767853617668152,0.21740995134626115,809.6912231445312,890.5111213235294
3,pre_label_token,2,4096,4096,10000000.0,0.19793732464313507,False,3400,1190,0.1976892501115799,0.21745536227186188,809.7351684570312,890.6971244747899
3,pre_label_token,3,4096,4096,10000000.0,0.19793741405010223,False,3400,1190,0.19768916070461273,0.21743518124107553,809.7348022460938,890.6145154936975
3,pre_label_token,4,4096,4096,10000000.0,0.1979382485151291,False,3400,1190,0.1976865977048874,0.2174689076527828,809.7242431640625,890.7526391806723
3,pre_label_token,5,4096,4096,100000000.0,0.19794076681137085,True,3400,1190,0.19781270623207092,0.21715369505040785,810.2408447265625,889.4615217962184
3,pre_label_token,6,4096,4096,100000000.0,0.19794084131717682,True,3400,1190,0.19781285524368286,0.21715476412733062,810.241455078125,889.4659007352941
3,pre_label_token,7,4096,4096,31622776.60168379,0.19794048368930817,False,3400,1190,0.19778019189834595,0.21723973731032942,810.107666015625,889.8139837184874
3,pre_label_token,8,4096,4096,31622776.60168379,0.19794076681137085,False,3400,1190,0.19778037071228027,0.21723227781407972,810.1085205078125,889.7834033613445
3,pre_label_token,9,4096,4096,100000000.0,0.1979411095380783,True,3400,1190,0.19781270623207092,0.21715223007843273,810.2408447265625,889.4555475315126
3,pre_label_token,10,4096,4096,100000000.0,0.19794124364852905,True,3400,1190,0.1978127658367157,0.2171522396953166,810.2410888671875,889.4555475315126
3,pre_label_token,11,4096,4096,100000000.0,0.1979411393404007,True,3400,1190,0.1978124976158142,0.21715105681860147,810.2400512695312,889.4507155987395
3,pre_label_token,12,4096,4096,100000000.0,0.1979411542415619,True,3400,1190,0.1978124976158142,0.2171477021289473,810.239990234375,889.4369288340337
3,pre_label_token,13,4096,4096,100000000.0,0.19794128835201263,True,3400,1190,0.19781255722045898,0.2171482695250952,810.240234375,889.4393119747899
3,pre_label_token,14,4096,4096,31622776.60168379,0.1979406625032425,False,3400,1190,0.19777825474739075,0.21720058537330947,810.0997314453125,889.6536173844538
3,pre_label_token,15,4096,4096,31622776.60168379,0.19794058799743652,False,3400,1190,0.19777832925319672,0.21719998912650998,810.0999755859375,889.6511620273109
3,pre_label_token,16,4096,4096,100000000.0,0.197940856218338,True,3400,1190,0.19781209528446198,0.21714542933872769,810.2383422851562,889.4276588760504
3,pre_label_token,17,4096,4096,100000000.0,0.19794093072414398,True,3400,1190,0.19781218469142914,0.21714092703426585,810.23876953125,889.4092240021008
3,pre_label_token,18,4096,4096,100000000.0,0.1979409158229828,True,3400,1190,0.1978122442960739,0.2171413581912257,810.2389526367188,889.4110031512605
3,pre_label_token,19,4096,4096,100000000.0,0.1979409158229828,True,3400,1190,0.1978122442960739,0.21713897640965565,810.2389526367188,889.4012408088236
3,pre_label_token,20,4096,4096,31622776.60168379,0.1979408860206604,False,3400,1190,0.19777806103229523,0.21717811071572182,810.0989379882812,889.5615283613446
3,pre_label_token,21,4096,4096,100000000.0,0.1979409158229828,True,3400,1190,0.19781219959259033,0.2171356121031176,810.23876953125,889.3874606092437
3,pre_label_token,22,4096,4096,31622776.60168379,0.19794084131717682,False,3400,1190,0.19777816534042358,0.21717083394026557,810.099365234375,889.5317423844538
3,pre_label_token,23,4096,4096,10000000.0,0.19794002175331116,False,3400,1190,0.19767290353775024,0.21727009781268464,809.668212890625,889.9383075105042
3,pre_label_token,24,4096,4096,10000000.0,0.19793996214866638,False,3400,1190,0.19767247140407562,0.21726459535230108,809.6664428710938,889.915756302521
3,pre_label_token,25,4096,4096,10000000.0,0.19794045388698578,False,3400,1190,0.19767352938652039,0.21726736661766757,809.6707763671875,889.9271271008404
3,pre_label_token,26,4096,4096,31622776.60168379,0.1979409158229828,False,3400,1190,0.19777867197990417,0.21716511670280905,810.1014404296875,889.5083048844538
3,pre_label_token,27,4096,4096,100000000.0,0.19794097542762756,True,3400,1190,0.19781242311000824,0.2171329338009618,810.2396850585938,889.3764640231093
3,pre_label_token,28,4096,4096,100000000.0,0.19794099032878876,True,3400,1190,0.19781237840652466,0.21713288090810054,810.2396240234375,889.3762867647059
3,first_label_token,0,4096,4096,316227.7660168379,0.19789980351924896,False,3400,1190,0.19413045048713684,0.21787260039513853,795.158447265625,892.4061646533613
3,first_label_token,1,4096,4096,1000000.0,0.19792985916137695,False,3400,1190,0.19646376371383667,0.21767486444040507,804.715576171875,891.596231617647
3,first_label_token,2,4096,4096,1000000.0,0.19792373478412628,False,3400,1190,0.1964510679244995,0.21775324845514377,804.6635131835938,891.917318802521
3,first_label_token,3,4096,4096,1000000.0,0.19793018698692322,False,3400,1190,0.1964622437953949,0.21770009914366137,804.7093505859375,891.6996126575631
3,first_label_token,4,4096,4096,1000000.0,0.19792382419109344,False,3400,1190,0.19645826518535614,0.21786248183050075,804.6930541992188,892.3646993172268
3,first_label_token,5,4096,4096,3162277.6601683795,0.1979360729455948,False,3400,1190,0.1973610818386078,0.21745168221097033,808.3909912109375,890.6821034663866
3,first_label_token,6,4096,4096,3162277.6601683795,0.19793909788131714,False,3400,1190,0.19735835492610931,0.21744556427001954,808.3798217773438,890.6570640756303
3,first_label_token,7,4096,4096,100000000.0,0.19794100522994995,True,3400,1190,0.19781234860420227,0.21712990768817292,810.2393798828125,889.3640953256303
3,first_label_token,8,4096,4096,100000000.0,0.1979411542415619,True,3400,1190,0.19781234860420227,0.2171313277813567,810.2393798828125,889.3699120273109
3,first_label_token,9,4096,4096,100000000.0,0.19794127345085144,True,3400,1190,0.1978124976158142,0.21713228305848706,810.239990234375,889.3738182773109
3,first_label_token,10,4096,4096,100000000.0,0.1979413777589798,True,3400,1190,0.1978125423192978,0.21713357652936663,810.2401733398438,889.3791360294117
3,first_label_token,11,4096,4096,100000000.0,0.19794109463691711,True,3400,1190,0.1978122889995575,0.21713235678793003,810.2392578125,889.3741596638655
3,first_label_token,12,4096,4096,31622776.60168379,0.1979408860206604,False,3400,1190,0.19777809083461761,0.21715551264145794,810.0990600585938,889.4689797794117
3,first_label_token,13,4096,4096,31622776.60168379,0.19794081151485443,False,3400,1190,0.19777795672416687,0.21715985787015002,810.0985107421875,889.4867975315126
3,first_label_token,14,4096,4096,3162277.6601683795,0.19793851673603058,False,3400,1190,0.19735364615917206,0.21748662355567228,808.3605346679688,890.8252166491596
3,first_label_token,15,4096,4096,3162277.6601683795,0.19793443381786346,False,3400,1190,0.1973496973514557,0.2174742882993041,808.3442993164062,890.7746848739496
3,first_label_token,16,4096,4096,3162277.6601683795,0.19793333113193512,False,3400,1190,0.19735027849674225,0.21749327683649144,808.3467407226562,890.8524356617647
3,first_label_token,17,4096,4096,1000000.0,0.19792790710926056,False,3400,1190,0.19647106528282166,0.21796974695029378,804.7454833984375,892.8040506827731
3,first_label_token,18,4096,4096,1000000.0,0.19792672991752625,False,3400,1190,0.19647008180618286,0.21797664866727942,804.741455078125,892.8323266806723
3,first_label_token,19,4096,4096,1000000.0,0.1979183554649353,False,3400,1190,0.196450874209404,0.21787075555625082,804.662841796875,892.3985950630253
3,first_label_token,20,4096,4096,1000000.0,0.19791468977928162,False,3400,1190,0.1964462846517563,0.21786984836353976,804.6439208984375,892.3948857668067
3,first_label_token,21,4096,4096,1000000.0,0.19791339337825775,False,3400,1190,0.19644740223884583,0.21794910110345408,804.6484985351562,892.7195181197479
3,first_label_token,22,4096,4096,1000000.0,0.19790838658809662,False,3400,1190,0.19643613696098328,0.2179305998217158,804.6024169921875,892.643736869748
3,first_label_token,23,4096,4096,1000000.0,0.19790448248386383,False,3400,1190,0.1964278221130371,0.2179298769526121,804.568359375,892.6407891281513
3,first_label_token,24,4096,4096,316227.7660168379,0.19789709150791168,False,3400,1190,0.19410449266433716,0.21858483643091026,795.052001953125,895.3235228466386
3,first_label_token,25,4096,4096,1000000.0,0.19790706038475037,False,3400,1190,0.19642433524131775,0.21797316094406513,804.5540771484375,892.8180606617647
3,first_label_token,26,4096,4096,1000000.0,0.19790756702423096,False,3400,1190,0.1964271068572998,0.2179557848377388,804.5653076171875,892.7468946953782
3,first_label_token,27,4096,4096,1000000.0,0.19791388511657715,False,3400,1190,0.19642949104309082,0.21793542429178703,804.5751953125,892.6635175945378
3,first_label_token,28,4096,4096,1000000.0,0.19792291522026062,False,3400,1190,0.19643579423427582,0.21793138199493664,804.6010131835938,892.6469669117647
3,last_label_token,0,4096,4096,1000000.0,0.19792790710926056,False,3400,1190,0.19645756483078003,0.21753103592816522,804.690185546875,891.0071100315126
3,last_label_token,1,4096,4096,1000000.0,0.1979285180568695,False,3400,1190,0.19649122655391693,0.21775209442908022,804.8280639648438,891.9125787815126
3,last_label_token,2,4096,4096,1000000.0,0.1979304850101471,False,3400,1190,0.1964775025844574,0.2179641066479082,804.7718505859375,892.7809939600841
3,last_label_token,3,4096,4096,1000000.0,0.19793106615543365,False,3400,1190,0.19646741449832916,0.2179809009327608,804.73046875,892.8497702205882
3,last_label_token,4,4096,4096,1000000.0,0.19792774319648743,False,3400,1190,0.1964522749185562,0.21816985667252742,804.6685180664062,893.6237132352941
3,last_label_token,5,4096,4096,10000000.0,0.1979406177997589,False,3400,1190,0.197675883769989,0.21725321056462135,809.680419921875,889.8691439075631
3,last_label_token,6,4096,4096,100000000.0,0.19794100522994995,True,3400,1190,0.19781264662742615,0.2171318807521788,810.24072265625,889.3722032563026
3,last_label_token,7,4096,4096,100000000.0,0.19794106483459473,True,3400,1190,0.19781267642974854,0.21713247860179227,810.24072265625,889.3746454831933
3,last_label_token,8,4096,4096,100000000.0,0.19794124364852905,True,3400,1190,0.19781270623207092,0.217133201470896,810.2407836914062,889.377599789916
3,last_label_token,9,4096,4096,100000000.0,0.19794116914272308,True,3400,1190,0.19781267642974854,0.21713367109539128,810.2407836914062,889.3795168067227
3,last_label_token,10,4096,4096,100000000.0,0.19794118404388428,True,3400,1190,0.19781264662742615,0.21713518896022765,810.2406005859375,889.3856945903361
3,last_label_token,11,4096,4096,31622776.60168379,0.19794076681137085,False,3400,1190,0.1977788209915161,0.21717050376058628,810.10205078125,889.5303637079832
3,last_label_token,12,4096,4096,10000000.0,0.19794020056724548,False,3400,1190,0.19767434895038605,0.21725076947893415,809.6742553710938,889.8591386554622
3,last_label_token,13,4096,4096,10000000.0,0.19794023036956787,False,3400,1190,0.19767408072948456,0.21726088002950203,809.6730346679688,889.9005580357143
3,last_label_token,14,4096,4096,10000000.0,0.1979394257068634,False,3400,1190,0.19767311215400696,0.2172693925745347,809.669189453125,889.9354385504201
3,last_label_token,15,4096,4096,3162277.6601683795,0.19793471693992615,False,3400,1190,0.19736029207706451,0.21751535880465467,808.3877563476562,890.9429424894957
3,last_label_token,16,4096,4096,3162277.6601683795,0.19793345034122467,False,3400,1190,0.19736044108867645,0.2175379120001272,808.3883666992188,891.035287552521
3,last_label_token,17,4096,4096,3162277.6601683795,0.1979309469461441,False,3400,1190,0.1973591148853302,0.2175466457334887,808.3828125,891.0710609243697
3,last_label_token,18,4096,4096,3162277.6601683795,0.19793088734149933,False,3400,1190,0.197358638048172,0.21754489065218371,808.3809204101562,891.0638327205883
3,last_label_token,19,4096,4096,3162277.6601683795,0.19793185591697693,False,3400,1190,0.19735674560070038,0.21751998292297875,808.3732299804688,890.9618566176471
3,last_label_token,20,4096,4096,1000000.0,0.19792598485946655,False,3400,1190,0.19650669395923615,0.2179825774761809,804.8914184570312,892.8566242121849
3,last_label_token,21,4096,4096,1000000.0,0.1979222148656845,False,3400,1190,0.19650612771511078,0.2180824215672597,804.88916015625,893.2655856092437
3,last_label_token,22,4096,4096,1000000.0,0.1979193538427353,False,3400,1190,0.19649936258792877,0.21810138125379547,804.8614501953125,893.3432707457983
3,last_label_token,23,4096,4096,1000000.0,0.19791960716247559,False,3400,1190,0.19649533927440643,0.21811019993629777,804.844970703125,893.3793658088235
3,last_label_token,24,4096,4096,1000000.0,0.1979101449251175,False,3400,1190,0.19648297131061554,0.21811154950566652,804.7942504882812,893.3849330357143
3,last_label_token,25,4096,4096,1000000.0,0.1979132890701294,False,3400,1190,0.1964837610721588,0.2181447421803194,804.7974853515625,893.5208639705883
3,last_label_token,26,4096,4096,1000000.0,0.1979069709777832,False,3400,1190,0.1964777261018753,0.21815710468452518,804.7727661132812,893.5715270483194
3,last_label_token,27,4096,4096,1000000.0,0.19790895283222198,False,3400,1190,0.19647452235221863,0.21815619588900012,804.7596435546875,893.5677980567227
3,last_label_token,28,4096,4096,1000000.0,0.1979098618030548,False,3400,1190,0.1964755654335022,0.21815342141800567,804.763916015625,893.5563944327731
4,pre_label_token,0,4096,4096,0.1,0.19794093072414398,True,3400,1190,0.19782809913158417,0.2171173656688017,810.3038940429688,889.3127494747899
4,pre_label_token,1,4096,4096,3162277.6601683795,0.19790269434452057,False,3400,1190,0.1973879039287567,0.2180619792777951,808.5008544921875,893.1818736869748
4,pre_label_token,2,4096,4096,3162277.6601683795,0.19790513813495636,False,3400,1190,0.19740431010723114,0.2180357556383149,808.5679931640625,893.0744419642857
4,pre_label_token,3,4096,4096,3162277.6601683795,0.1979040503501892,False,3400,1190,0.1974029242992401,0.2180804869707893,808.5624389648438,893.2576615021009
4,pre_label_token,4,4096,4096,3162277.6601683795,0.19792155921459198,False,3400,1190,0.19740833342075348,0.21812580172755136,808.5845336914062,893.4432838760504
4,pre_label_token,5,4096,4096,3162277.6601683795,0.19791890680789948,False,3400,1190,0.19739972054958344,0.2180199983741055,808.5492553710938,893.0099199054622
4,pre_label_token,6,4096,4096,3162277.6601683795,0.197910338640213,False,3400,1190,0.1973939836025238,0.2180868421282087,808.5256958007812,893.283725052521
4,pre_label_token,7,4096,4096,3162277.6601683795,0.1979130059480667,False,3400,1190,0.19739192724227905,0.21812333659965452,808.517333984375,893.4331867121849
4,pre_label_token,8,4096,4096,3162277.6601683795,0.19791169464588165,False,3400,1190,0.19738732278347015,0.21806980581844554,808.4984741210938,893.2139180672269
4,pre_label_token,9,4096,4096,10000000.0,0.1979323774576187,False,3400,1190,0.19767415523529053,0.2174514818592232,809.67333984375,890.6812565651261
4,pre_label_token,10,4096,4096,10000000.0,0.19793657958507538,False,3400,1190,0.1976774036884308,0.21741591541707014,809.6865844726562,890.5355764180672
4,pre_label_token,11,4096,4096,10000000.0,0.19793541729450226,False,3400,1190,0.19767554104328156,0.2173974397803555,809.6790161132812,890.4599199054621
4,pre_label_token,12,4096,4096,10000000.0,0.19793689250946045,False,3400,1190,0.19767525792121887,0.21737820440981567,809.6778564453125,890.3811318277311
4,pre_label_token,13,4096,4096,10000000.0,0.19793538749217987,False,3400,1190,0.19767266511917114,0.21739945772315275,809.667236328125,890.4681788340337
4,pre_label_token,14,4096,4096,3162277.6601683795,0.1979314386844635,False,3400,1190,0.19738484919071198,0.21775032492244945,808.4883422851562,891.9053571428572
4,pre_label_token,15,4096,4096,3162277.6601683795,0.19793295860290527,False,3400,1190,0.1973825842142105,0.21772964381370224,808.47900390625,891.8206604516806
4,pre_label_token,16,4096,4096,3162277.6601683795,0.19793374836444855,False,3400,1190,0.1973833590745926,0.21778885496764624,808.4822387695312,892.0631433823529
4,pre_label_token,17,4096,4096,3162277.6601683795,0.19793052971363068,False,3400,1190,0.19736653566360474,0.21776036975764426,808.413330078125,891.9464613970588
4,pre_label_token,18,4096,4096,3162277.6601683795,0.19793091714382172,False,3400,1190,0.197366401553154,0.2177560533796038,808.4127807617188,891.9287946428572
4,pre_label_token,19,4096,4096,1000000.0,0.19792896509170532,False,3400,1190,0.1965642124414444,0.21841450378674418,805.126953125,894.6258337710084
4,pre_label_token,20,4096,4096,3162277.6601683795,0.19793350994586945,False,3400,1190,0.19735504686832428,0.21769325993642086,808.3662719726562,891.671605829832
4,pre_label_token,21,4096,4096,1000000.0,0.1979324221611023,False,3400,1190,0.19651377201080322,0.2184195895154937,804.9204711914062,894.646605829832
4,pre_label_token,22,4096,4096,1000000.0,0.19792602956295013,False,3400,1190,0.19649754464626312,0.2182616898993484,804.8539428710938,893.9999015231092
4,pre_label_token,23,4096,4096,1000000.0,0.19793091714382172,False,3400,1190,0.19649191200733185,0.21823407822296398,804.8309326171875,893.8867844012605
4,pre_label_token,24,4096,4096,1000000.0,0.1979312002658844,False,3400,1190,0.19647787511348724,0.2181684045230641,804.7733764648438,893.6177586659663
4,pre_label_token,25,4096,4096,3162277.6601683795,0.19793793559074402,False,3400,1190,0.19734953343868256,0.2175499363105838,808.3436279296875,891.0845456932773
4,pre_label_token,26,4096,4096,10000000.0,0.19794076681137085,False,3400,1190,0.1976701021194458,0.21726535668894023,809.65673828125,889.9189009978992
4,pre_label_token,27,4096,4096,100000000.0,0.19794116914272308,True,3400,1190,0.19781213998794556,0.217133270391897,810.2384033203125,889.3778886554621
4,pre_label_token,28,4096,4096,100000000.0,0.1979411542415619,True,3400,1190,0.1978120058774948,0.21713479627080323,810.2379760742188,889.3841649159664
4,first_label_token,0,4096,4096,100000000.0,0.19794124364852905,True,3400,1190,0.1978127360343933,0.21712392278078224,810.240966796875,889.3396008403362
4,first_label_token,1,4096,4096,100000000.0,0.19794143736362457,True,3400,1190,0.19781292974948883,0.21712675335026588,810.2418212890625,889.3511948529411
4,first_label_token,2,4096,4096,100000000.0,0.19794125854969025,True,3400,1190,0.1978127360343933,0.21712697453859472,810.240966796875,889.3520942752101
4,first_label_token,3,4096,4096,100000000.0,0.19794102013111115,True,3400,1190,0.1978125125169754,0.21712721496069132,810.2401123046875,889.3530724789916
4,first_label_token,4,4096,4096,100000000.0,0.19794093072414398,True,3400,1190,0.19781234860420227,0.21712921847816274,810.2393798828125,889.3613182773109
4,first_label_token,5,4096,4096,100000000.0,0.19794102013111115,True,3400,1190,0.19781242311000824,0.21712857735257188,810.2396850585938,889.3586462710084
4,first_label_token,6,4096,4096,100000000.0,0.19794107973575592,True,3400,1190,0.19781222939491272,0.21713016734403723,810.23876953125,889.3651851365546
4,first_label_token,7,4096,4096,31622776.60168379,0.197940856218338,False,3400,1190,0.19777733087539673,0.21716484101880498,810.0960083007812,889.5072019432773
4,first_label_token,8,4096,4096,10000000.0,0.1979396939277649,False,3400,1190,0.19766861200332642,0.21728533416235146,809.6506958007812,890.0007615546218
4,first_label_token,9,4096,4096,10000000.0,0.19793985784053802,False,3400,1190,0.19766995310783386,0.21727744831758386,809.6561279296875,889.9684283088235
4,first_label_token,10,4096,4096,100000000.0,0.19794093072414398,True,3400,1190,0.19781199097633362,0.21713359576313435,810.2379150390625,889.3792082457983
4,first_label_token,11,4096,4096,31622776.60168379,0.197940856218338,False,3400,1190,0.1977771818637848,0.21716492276231783,810.0953979492188,889.507543329832
4,first_label_token,12,4096,4096,10000000.0,0.19794072210788727,False,3400,1190,0.19766995310783386,0.21724492241354548,809.6561279296875,889.8352022058823
4,first_label_token,13,4096,4096,10000000.0,0.19793987274169922,False,3400,1190,0.19766920804977417,0.21725244441954028,809.653076171875,889.8660386029412
4,first_label_token,14,4096,4096,3162277.6601683795,0.19793269038200378,False,3400,1190,0.1973436027765274,0.21752106482241335,808.3193969726562,890.9662815126051
4,first_label_token,15,4096,4096,3162277.6601683795,0.19793620705604553,False,3400,1190,0.19734671711921692,0.2175022734313452,808.3323364257812,890.8893054096638
4,first_label_token,16,4096,4096,3162277.6601683795,0.19793491065502167,False,3400,1190,0.19734829664230347,0.21748080854656315,808.338623046875,890.8013852415967
4,first_label_token,17,4096,4096,1000000.0,0.19792897999286652,False,3400,1190,0.19646652042865753,0.21799339647052668,804.7268676757812,892.9009716386555
4,first_label_token,18,4096,4096,3162277.6601683795,0.19793470203876495,False,3400,1190,0.19734907150268555,0.21747989173696822,808.3418579101562,890.7976365546218
4,first_label_token,19,4096,4096,1000000.0,0.19793041050434113,False,3400,1190,0.19646082818508148,0.217940126947996,804.7035522460938,892.6827402836135
4,first_label_token,20,4096,4096,1000000.0,0.19792509078979492,False,3400,1190,0.1964510828256607,0.2179526208829479,804.6636352539062,892.7339023109243
4,first_label_token,21,4096,4096,1000000.0,0.19792456924915314,False,3400,1190,0.19645388424396515,0.2179413130303391,804.6751098632812,892.6876050420168
4,first_label_token,22,4096,4096,1000000.0,0.19792398810386658,False,3400,1190,0.19644738733768463,0.21797676086425782,804.6484985351562,892.8328125
4,first_label_token,23,4096,4096,1000000.0,0.19792959094047546,False,3400,1190,0.1964457780122757,0.2179226370418773,804.6419067382812,892.6111213235295
4,first_label_token,24,4096,4096,1000000.0,0.19793100655078888,False,3400,1190,0.19644200801849365,0.21791989943560433,804.6265258789062,892.5999015231092
4,first_label_token,25,4096,4096,3162277.6601683795,0.19793204963207245,False,3400,1190,0.19734309613704681,0.21743932130957852,808.3173217773438,890.6314666491596
4,first_label_token,26,4096,4096,3162277.6601683795,0.1979331374168396,False,3400,1190,0.19734448194503784,0.21744836278322363,808.322998046875,890.6684611344538
4,first_label_token,27,4096,4096,3162277.6601683795,0.19793346524238586,False,3400,1190,0.19734497368335724,0.21744794765440356,808.3250122070312,890.6667870273109
4,first_label_token,28,4096,4096,3162277.6601683795,0.19793441891670227,False,3400,1190,0.19734442234039307,0.2174338781533121,808.3228149414062,890.6091583508403
4,last_label_token,0,4096,4096,100000000.0,0.19794097542762756,True,3400,1190,0.19781240820884705,0.21712604811211594,810.2396240234375,889.3482799369748
4,last_label_token,1,4096,4096,3162277.6601683795,0.19794036448001862,False,3400,1190,0.19735686480998993,0.2174828681625238,808.3737182617188,890.8098476890756
4,last_label_token,2,4096,4096,3162277.6601683795,0.1979355365037918,False,3400,1190,0.19735214114189148,0.21752760270062615,808.3543701171875,890.9930409663865
4,last_label_token,3,4096,4096,1000000.0,0.19792023301124573,False,3400,1190,0.19642601907253265,0.2181895792985163,804.5609741210938,893.7045233718487
4,last_label_token,4,4096,4096,1000000.0,0.19792667031288147,False,3400,1190,0.19641517102718353,0.21821107143113594,804.5164184570312,893.7925223214286
4,last_label_token,5,4096,4096,3162277.6601683795,0.197938472032547,False,3400,1190,0.1973477452993393,0.21751729500393907,808.3363647460938,890.9508600315127
4,last_label_token,6,4096,4096,100000000.0,0.19794096052646637,True,3400,1190,0.19781209528446198,0.2171327927533318,810.2383422851562,889.3759388130252
4,last_label_token,7,4096,4096,3162277.6601683795,0.19793829321861267,False,3400,1190,0.19734817743301392,0.21761852232348017,808.3380737304688,891.3654608718488
4,last_label_token,8,4096,4096,3162277.6601683795,0.1979321390390396,False,3400,1190,0.19734300673007965,0.21771891137131122,808.3169555664062,891.7766741071429
4,last_label_token,9,4096,4096,3162277.6601683795,0.19793492555618286,False,3400,1190,0.1973516196012497,0.21765665967925257,808.3522338867188,891.5216517857143
4,last_label_token,10,4096,4096,10000000.0,0.1979398876428604,False,3400,1190,0.19767074286937714,0.21728938287045776,809.659423828125,890.017318802521
4,last_label_token,11,4096,4096,10000000.0,0.19793985784053802,False,3400,1190,0.19767029583454132,0.21727896618242024,809.6575317382812,889.9746454831933
4,last_label_token,12,4096,4096,10000000.0,0.19794020056724548,False,3400,1190,0.19767017662525177,0.21727025168282646,809.6570434570312,889.9389640231093
4,last_label_token,13,4096,4096,10000000.0,0.1979398876428604,False,3400,1190,0.19767045974731445,0.21728235132553997,809.658203125,889.9885110294117
4,last_label_token,14,4096,4096,3162277.6601683795,0.19793811440467834,False,3400,1190,0.19735482335090637,0.21762431970163554,808.3653564453125,891.3892069327732
4,last_label_token,15,4096,4096,10000000.0,0.19793982803821564,False,3400,1190,0.19767074286937714,0.2172951321641938,809.6593017578125,890.0408547794118
4,last_label_token,16,4096,4096,10000000.0,0.19793960452079773,False,3400,1190,0.19767127931118011,0.21729211887391675,809.6615600585938,890.0285254726891
4,last_label_token,17,4096,4096,3162277.6601683795,0.19793806970119476,False,3400,1190,0.19735930860042572,0.21761812963405577,808.3837280273438,891.3639049369748
4,last_label_token,18,4096,4096,10000000.0,0.19793979823589325,False,3400,1190,0.1976720541715622,0.21730392520167247,809.6647338867188,890.0768513655462
4,last_label_token,19,4096,4096,10000000.0,0.19794058799743652,False,3400,1190,0.19767245650291443,0.2172905657471729,809.6664428710938,890.022137605042
4,last_label_token,20,4096,4096,10000000.0,0.19794052839279175,False,3400,1190,0.1976722776889801,0.2172924811098756,809.6656494140625,890.0300157563025
4,last_label_token,21,4096,4096,10000000.0,0.19794052839279175,False,3400,1190,0.1976720690727234,0.21730228231734589,809.664794921875,890.0701483718487
4,last_label_token,22,4096,4096,10000000.0,0.19794000685214996,False,3400,1190,0.19767159223556519,0.217304869259105,809.6627807617188,890.0807510504202
4,last_label_token,23,4096,4096,10000000.0,0.19794009625911713,False,3400,1190,0.19767139852046967,0.2173043435361205,809.6620483398438,890.0785845588235
4,last_label_token,24,4096,4096,10000000.0,0.19794021546840668,False,3400,1190,0.1976710706949234,0.2172959239542985,809.6607055664062,890.0440979516807
4,last_label_token,25,4096,4096,10000000.0,0.19794049859046936,False,3400,1190,0.19767127931118011,0.21729827688521697,809.6615600585938,890.0537421218487
4,last_label_token,26,4096,4096,10000000.0,0.19794000685214996,False,3400,1190,0.19767075777053833,0.21730168286491844,809.659423828125,890.0676798844538
4,last_label_token,27,4096,4096,10000000.0,0.1979396492242813,False,3400,1190,0.19767031073570251,0.21730196015173647,809.6575927734375,890.0688484768907
4,last_label_token,28,4096,4096,10000000.0,0.19794003665447235,False,3400,1190,0.1976703554391861,0.21729766300746373,809.6577758789062,890.0512211134454
5,pre_label_token,0,4096,4096,0.1,0.19794093072414398,True,3400,1190,0.19782809913158417,0.2171173656688017,810.3038940429688,889.3127494747899
5,pre_label_token,1,4096,4096,10000000.0,0.19793002307415009,False,3400,1190,0.19767343997955322,0.21744367615515445,809.6704711914062,890.6492778361345
5,pre_label_token,2,4096,4096,31622776.60168379,0.1979386806488037,False,3400,1190,0.1977793127298355,0.21723217202835723,810.1040649414062,889.7829831932773
5,pre_label_token,3,4096,4096,31622776.60168379,0.19793881475925446,False,3400,1190,0.1977795660495758,0.2172295578387605,810.1051025390625,889.7722951680672
5,pre_label_token,4,4096,4096,10000000.0,0.19793778657913208,False,3400,1190,0.19768460094928741,0.21744299495921415,809.7161254882812,890.6464876575631
5,pre_label_token,5,4096,4096,3162277.6601683795,0.19792819023132324,False,3400,1190,0.19741174578666687,0.21784928746584084,808.5985107421875,892.3106880252101
5,pre_label_token,6,4096,4096,3162277.6601683795,0.19792702794075012,False,3400,1190,0.19741351902484894,0.21794098445347376,808.605712890625,892.6862591911764
5,pre_label_token,7,4096,4096,10000000.0,0.1979324221611023,False,3400,1190,0.1976758986711502,0.21747757727358522,809.6805419921875,890.788163077731
5,pre_label_token,8,4096,4096,10000000.0,0.19793424010276794,False,3400,1190,0.19767756760120392,0.2174485118449235,809.6873779296875,890.6690979516807
5,pre_label_token,9,4096,4096,10000000.0,0.1979384422302246,False,3400,1190,0.19768132269382477,0.2174322849562188,809.7027587890625,890.6026326155462
5,pre_label_token,10,4096,4096,10000000.0,0.19793857634067535,False,3400,1190,0.19768105447292328,0.21740885822712874,809.7015991210938,890.5066636029412
5,pre_label_token,11,4096,4096,10000000.0,0.19793789088726044,False,3400,1190,0.19768035411834717,0.2173782156295135,809.6987915039062,890.3811383928571
5,pre_label_token,12,4096,4096,10000000.0,0.19793756306171417,False,3400,1190,0.1976788192987442,0.2173648802172236,809.6924438476562,890.3265756302521
5,pre_label_token,13,4096,4096,10000000.0,0.19793839752674103,False,3400,1190,0.19767889380455017,0.21737264905657086,809.6927490234375,890.3583967962185
5,pre_label_token,14,4096,4096,10000000.0,0.19793953001499176,False,3400,1190,0.1976776421070099,0.2173546654837472,809.6876831054688,890.2847032563026
5,pre_label_token,15,4096,4096,31622776.60168379,0.19794046878814697,False,3400,1190,0.1977786123752594,0.21719523518025374,810.1011962890625,889.6317161239496
5,pre_label_token,16,4096,4096,100000000.0,0.19794097542762756,True,3400,1190,0.19781234860420227,0.2171449292607668,810.2393798828125,889.425643382353
5,pre_label_token,17,4096,4096,100000000.0,0.1979411393404007,True,3400,1190,0.19781260192394257,0.21714240963719472,810.2404174804688,889.4152704831932
5,pre_label_token,18,4096,4096,100000000.0,0.19794124364852905,True,3400,1190,0.1978127807378769,0.21714145275725036,810.2412109375,889.4113576680672
5,pre_label_token,19,4096,4096,100000000.0,0.19794125854969025,True,3400,1190,0.1978127807378769,0.21714150404729762,810.2411499023438,889.4116071428572
5,pre_label_token,20,4096,4096,100000000.0,0.19794131815433502,True,3400,1190,0.19781281054019928,0.21713846350918298,810.2412719726562,889.3991334033614
5,pre_label_token,21,4096,4096,100000000.0,0.19794133305549622,True,3400,1190,0.19781287014484406,0.21713737840412042,810.2415771484375,889.3947216386555
5,pre_label_token,22,4096,4096,100000000.0,0.19794133305549622,True,3400,1190,0.19781292974948883,0.2171352626896706,810.2417602539062,889.3860294117648
5,pre_label_token,23,4096,4096,100000000.0,0.19794145226478577,True,3400,1190,0.19781304895877838,0.21713400768632649,810.2421875,889.3809283088235
5,pre_label_token,24,4096,4096,100000000.0,0.19794133305549622,True,3400,1190,0.19781294465065002,0.21713349158022585,810.2418212890625,889.378768382353
5,pre_label_token,25,4096,4096,100000000.0,0.19794131815433502,True,3400,1190,0.19781295955181122,0.2171337961148815,810.2418823242188,889.3800420168067
5,pre_label_token,26,4096,4096,100000000.0,0.1979413628578186,True,3400,1190,0.19781306385993958,0.21713436190821545,810.2423095703125,889.3823529411765
5,pre_label_token,27,4096,4096,100000000.0,0.1979415863752365,True,3400,1190,0.1978132128715515,0.21713382175990514,810.242919921875,889.3801536239496
5,pre_label_token,28,4096,4096,100000000.0,0.19794175028800964,True,3400,1190,0.19781328737735748,0.2171347081160345,810.2432250976562,889.3837644432773
5,first_label_token,0,4096,4096,1000000.0,0.1979280412197113,False,3400,1190,0.19638553261756897,0.21736482091310647,804.3951416015625,890.3262801995799
5,first_label_token,1,4096,4096,10000000.0,0.19793997704982758,False,3400,1190,0.19767127931118011,0.21717319809088187,809.6615600585938,889.54140625
5,first_label_token,2,4096,4096,3162277.6601683795,0.19793759286403656,False,3400,1190,0.19734501838684082,0.2172839076579118,808.3252563476562,889.9949054621849
5,first_label_token,3,4096,4096,3162277.6601683795,0.19793882966041565,False,3400,1190,0.19734522700309753,0.21727801250810383,808.3260498046875,889.9707786239496
5,first_label_token,4,4096,4096,3162277.6601683795,0.19793903827667236,False,3400,1190,0.197344571352005,0.2173324056032325,808.3233642578125,890.1935399159664
5,first_label_token,5,4096,4096,10000000.0,0.19794045388698578,False,3400,1190,0.1976698786020279,0.21718983529996472,809.6558227539062,889.6095653886555
5,first_label_token,6,4096,4096,10000000.0,0.19794005155563354,False,3400,1190,0.19766809046268463,0.21722297989019826,809.6484985351562,889.7453453256303
5,first_label_token,7,4096,4096,31622776.60168379,0.19794084131717682,False,3400,1190,0.19777686893939972,0.2171555158470859,810.0940551757812,889.4689929096638
5,first_label_token,8,4096,4096,10000000.0,0.19793997704982758,False,3400,1190,0.1976672261953354,0.21725690344802473,809.6449584960938,889.8843093487395
5,first_label_token,9,4096,4096,31622776.60168379,0.19794072210788727,False,3400,1190,0.19777655601501465,0.2171595629523782,810.0927734375,889.4855764180672
5,first_label_token,10,4096,4096,10000000.0,0.19793912768363953,False,3400,1190,0.19766782224178314,0.21724127440893348,809.6473999023438,889.8202665441177
5,first_label_token,11,4096,4096,10000000.0,0.1979389488697052,False,3400,1190,0.19766806066036224,0.21724150841977416,809.6483764648438,889.8212053571428
5,first_label_token,12,4096,4096,10000000.0,0.1979398876428604,False,3400,1190,0.19766934216022491,0.2172230472083853,809.6536254882812,889.7455619747899
5,first_label_token,13,4096,4096,10000000.0,0.19794027507305145,False,3400,1190,0.19766946136951447,0.21723020537560728,809.6541137695312,889.7749212184874
5,first_label_token,14,4096,4096,10000000.0,0.1979401409626007,False,3400,1190,0.19766885042190552,0.21723615502109048,809.651611328125,889.7992909663866
5,first_label_token,15,4096,4096,100000000.0,0.1979409009218216,True,3400,1190,0.19781188666820526,0.21712962399009897,810.2373657226562,889.3629267331933
5,first_label_token,16,4096,4096,31622776.60168379,0.197940856218338,False,3400,1190,0.1977771818637848,0.21715603996725644,810.0953979492188,889.4711397058824
5,first_label_token,17,4096,4096,31622776.60168379,0.19794075191020966,False,3400,1190,0.1977771669626236,0.21715211467582637,810.0952758789062,889.4550223214286
5,first_label_token,18,4096,4096,100000000.0,0.1979409009218216,True,3400,1190,0.19781194627285004,0.2171279185960273,810.2377319335938,889.3559742647059
5,first_label_token,19,4096,4096,100000000.0,0.19794096052646637,True,3400,1190,0.1978120505809784,0.21712709955808496,810.238037109375,889.3526129201681
5,first_label_token,20,4096,4096,100000000.0,0.19794093072414398,True,3400,1190,0.1978120654821396,0.21712619717381582,810.2381591796875,889.3489036239496
5,first_label_token,21,4096,4096,100000000.0,0.19794102013111115,True,3400,1190,0.19781211018562317,0.21712696011326893,810.238525390625,889.3520351890757
5,first_label_token,22,4096,4096,100000000.0,0.19794093072414398,True,3400,1190,0.197812020778656,0.21712676456996371,810.238037109375,889.3512408088235
5,first_label_token,23,4096,4096,100000000.0,0.19794097542762756,True,3400,1190,0.19781208038330078,0.21712618274849002,810.23828125,889.3488379726891
5,first_label_token,24,4096,4096,100000000.0,0.19794093072414398,True,3400,1190,0.1978120654821396,0.21712637829179524,810.2382202148438,889.3496454831933
5,first_label_token,25,4096,4096,31622776.60168379,0.197940856218338,False,3400,1190,0.19777756929397583,0.21714720525661435,810.0968627929688,889.4349724264706
5,first_label_token,26,4096,4096,10000000.0,0.19794048368930817,False,3400,1190,0.19767048954963684,0.21720947297681278,809.6583251953125,889.689975052521
5,first_label_token,27,4096,4096,100000000.0,0.1979409009218216,True,3400,1190,0.19781209528446198,0.21712743134057821,810.2383422851562,889.3539719012605
5,first_label_token,28,4096,4096,100000000.0,0.19794099032878876,True,3400,1190,0.19781213998794556,0.2171264504184242,810.2384033203125,889.3499277836135
5,last_label_token,0,4096,4096,1000000.0,0.19792696833610535,False,3400,1190,0.1963994950056076,0.21760502662979253,804.452392578125,891.3101693802521
5,last_label_token,1,4096,4096,3162277.6601683795,0.1979389637708664,False,3400,1190,0.1973542869091034,0.2174331697095342,808.363037109375,890.6062828256303
5,last_label_token,2,4096,4096,10000000.0,0.19793985784053802,False,3400,1190,0.19767193496227264,0.2172463264785895,809.6642456054688,889.8409532563026
5,last_label_token,3,4096,4096,10000000.0,0.19794031977653503,False,3400,1190,0.19767160713672638,0.2172361389929507,809.662841796875,889.7992056197479
5,last_label_token,4,4096,4096,3162277.6601683795,0.19793450832366943,False,3400,1190,0.19734324514865875,0.21749740087685465,808.3179321289062,890.8693671218488
5,last_label_token,5,4096,4096,3162277.6601683795,0.19793953001499176,False,3400,1190,0.19735100865364075,0.21752050383752133,808.3497924804688,890.9639771533614
5,last_label_token,6,4096,4096,3162277.6601683795,0.19793906807899475,False,3400,1190,0.19734694063663483,0.21758479110333098,808.3330688476562,891.2273240546218
5,last_label_token,7,4096,4096,31622776.60168379,0.19794084131717682,False,3400,1190,0.19777752459049225,0.217169191055939,810.0967407226562,889.5250196953782
5,last_label_token,8,4096,4096,10000000.0,0.19793996214866638,False,3400,1190,0.19766999781131744,0.21727563072653377,809.6563110351562,889.9610031512605
5,last_label_token,9,4096,4096,31622776.60168379,0.19794082641601562,False,3400,1190,0.19777771830558777,0.21716419027633027,810.0974731445312,889.5045036764706
5,last_label_token,10,4096,4096,10000000.0,0.197939932346344,False,3400,1190,0.19767239689826965,0.21724786357719358,809.6661376953125,889.8472360819328
5,last_label_token,11,4096,4096,31622776.60168379,0.19794070720672607,False,3400,1190,0.19777804613113403,0.2171588416860885,810.098876953125,889.4826089810924
5,last_label_token,12,4096,4096,31622776.60168379,0.197940856218338,False,3400,1190,0.19777816534042358,0.21715642624542492,810.099365234375,889.4727153361345
5,last_label_token,13,4096,4096,10000000.0,0.1979406327009201,False,3400,1190,0.1976730227470398,0.21724689868317934,809.668701171875,889.8432970063026
5,last_label_token,14,4096,4096,10000000.0,0.1979406476020813,False,3400,1190,0.19767311215400696,0.21725857999144482,809.6690673828125,889.891143644958
5,last_label_token,15,4096,4096,100000000.0,0.19794106483459473,True,3400,1190,0.19781236350536346,0.2171321067489496,810.2393798828125,889.3731158088235
5,last_label_token,16,4096,4096,100000000.0,0.19794099032878876,True,3400,1190,0.19781231880187988,0.2171328280152393,810.2393188476562,889.3760635504202
5,last_label_token,17,4096,4096,100000000.0,0.1979408860206604,True,3400,1190,0.1978122740983963,0.21713238884420955,810.2390747070312,889.3742778361344
5,last_label_token,18,4096,4096,100000000.0,0.19794097542762756,True,3400,1190,0.1978122740983963,0.21713238083013967,810.2390747070312,889.3741727941176
5,last_label_token,19,4096,4096,100000000.0,0.19794099032878876,True,3400,1190,0.1978122591972351,0.21713194646755185,810.2390747070312,889.3724658613445
5,last_label_token,20,4096,4096,31622776.60168379,0.19794084131717682,False,3400,1190,0.19777807593345642,0.21716203769715894,810.0990600585938,889.495706407563
5,last_label_token,21,4096,4096,31622776.60168379,0.19794073700904846,False,3400,1190,0.1977778524160385,0.21716592291823955,810.0980834960938,889.511587447479
5,last_label_token,22,4096,4096,10000000.0,0.1979406327009201,False,3400,1190,0.19767187535762787,0.21726808628114333,809.6640014648438,889.9301011029412
5,last_label_token,23,4096,4096,10000000.0,0.19793951511383057,False,3400,1190,0.1976706087589264,0.2172655971110368,809.6588134765625,889.9198923319328
5,last_label_token,24,4096,4096,10000000.0,0.19793976843357086,False,3400,1190,0.19767066836357117,0.21726254535322428,809.6590576171875,889.9073660714286
5,last_label_token,25,4096,4096,10000000.0,0.19793978333473206,False,3400,1190,0.19767063856124878,0.21727117169804933,809.658935546875,889.942712710084
5,last_label_token,26,4096,4096,3162277.6601683795,0.1979377716779709,False,3400,1190,0.19735421240329742,0.21755536984996635,808.3628540039062,891.1068014705883
5,last_label_token,27,4096,4096,3162277.6601683795,0.19793576002120972,False,3400,1190,0.19735285639762878,0.21757411796505713,808.3572998046875,891.1835740546219
5,last_label_token,28,4096,4096,3162277.6601683795,0.19793689250946045,False,3400,1190,0.1973535120487213,0.21757151499515823,808.3599853515625,891.172918855042
6,pre_label_token,0,4096,4096,0.1,0.19794093072414398,True,3400,1190,0.19782809913158417,0.2171173656688017,810.3038940429688,889.3127494747899
6,pre_label_token,1,4096,4096,10000000.0,0.19793571531772614,False,3400,1190,0.19768431782722473,0.21741503707501067,809.7149047851562,890.5320049894958
6,pre_label_token,2,4096,4096,31622776.60168379,0.1979396939277649,False,3400,1190,0.19778107106685638,0.21722731870763443,810.1112670898438,889.7631039915966
6,pre_label_token,3,4096,4096,31622776.60168379,0.19793936610221863,False,3400,1190,0.19778034090995789,0.21721864267557608,810.1083374023438,889.7275669642858
6,pre_label_token,4,4096,4096,10000000.0,0.19793806970119476,False,3400,1190,0.19768399000167847,0.21742368906485934,809.7137451171875,890.567450105042
6,pre_label_token,5,4096,4096,10000000.0,0.19793729484081268,False,3400,1190,0.19768258929252625,0.21743212146919313,809.7078857421875,890.6019761029412
6,pre_label_token,6,4096,4096,10000000.0,0.19793672859668732,False,3400,1190,0.19768238067626953,0.2174407734590418,809.70703125,890.6374080882352
6,pre_label_token,7,4096,4096,10000000.0,0.19793818891048431,False,3400,1190,0.19768232107162476,0.21743904402276046,809.7067260742188,890.6303637079832
6,pre_label_token,8,4096,4096,31622776.60168379,0.19793996214866638,False,3400,1190,0.19777947664260864,0.21722143798315224,810.1046752929688,889.7389968487395
6,pre_label_token,9,4096,4096,31622776.60168379,0.19794003665447235,False,3400,1190,0.19777937233448029,0.21721639072193819,810.1043090820312,889.7183232668067
6,pre_label_token,10,4096,4096,31622776.60168379,0.19794049859046936,False,3400,1190,0.19777974486351013,0.21721203908199022,810.1058959960938,889.7005120798319
6,pre_label_token,11,4096,4096,31622776.60168379,0.19794030487537384,False,3400,1190,0.19777949154376984,0.21720757364224988,810.1047973632812,889.6821953781513
6,pre_label_token,12,4096,4096,31622776.60168379,0.19794057309627533,False,3400,1190,0.19777947664260864,0.21720688763786763,810.1047973632812,889.679418329832
6,pre_label_token,13,4096,4096,100000000.0,0.19794093072414398,True,3400,1190,0.19781245291233063,0.21714619548380876,810.2398071289062,889.4307970063026
6,pre_label_token,14,4096,4096,100000000.0,0.19794084131717682,True,3400,1190,0.19781245291233063,0.21714406534403313,810.2398071289062,889.4221047794117
6,pre_label_token,15,4096,4096,100000000.0,0.19794106483459473,True,3400,1190,0.19781267642974854,0.21714387941761176,810.24072265625,889.4213694852941
6,pre_label_token,16,4096,4096,100000000.0,0.19794109463691711,True,3400,1190,0.19781258702278137,0.21714602077708525,810.2403564453125,889.4300945378151
6,pre_label_token,17,4096,4096,100000000.0,0.19794118404388428,True,3400,1190,0.19781270623207092,0.2171422573698669,810.2408447265625,889.4147058823529
6,pre_label_token,18,4096,4096,100000000.0,0.19794109463691711,True,3400,1190,0.19781267642974854,0.21714268211557083,810.2406005859375,889.416412815126
6,pre_label_token,19,4096,4096,100000000.0,0.19794109463691711,True,3400,1190,0.19781263172626495,0.21714122034922367,810.2406005859375,889.410425420168
6,pre_label_token,20,4096,4096,100000000.0,0.19794118404388428,True,3400,1190,0.19781260192394257,0.21713906135879646,810.2404174804688,889.401555934874
6,pre_label_token,21,4096,4096,100000000.0,0.19794127345085144,True,3400,1190,0.1978127807378769,0.21713815096045744,810.2411499023438,889.3978728991597
6,pre_label_token,22,4096,4096,100000000.0,0.19794133305549622,True,3400,1190,0.19781284034252167,0.2171356265284434,810.241455078125,889.387513130252
6,pre_label_token,23,4096,4096,100000000.0,0.19794128835201263,True,3400,1190,0.19781287014484406,0.2171344548714261,810.2415161132812,889.3827074579832
6,pre_label_token,24,4096,4096,100000000.0,0.19794119894504547,True,3400,1190,0.1978127807378769,0.21713278313644793,810.2411499023438,889.3758731617647
6,pre_label_token,25,4096,4096,100000000.0,0.19794128835201263,True,3400,1190,0.19781288504600525,0.21713234717104615,810.2416381835938,889.3740808823529
6,pre_label_token,26,4096,4096,100000000.0,0.1979413777589798,True,3400,1190,0.1978130340576172,0.2171323631991859,810.2421875,889.3741334033614
6,pre_label_token,27,4096,4096,100000000.0,0.19794146716594696,True,3400,1190,0.19781313836574554,0.21713220772623015,810.2424926757812,889.3735162815126
6,pre_label_token,28,4096,4096,100000000.0,0.19794169068336487,True,3400,1190,0.19781316816806793,0.2171318535043412,810.2427368164062,889.3720588235294
6,first_label_token,0,4096,4096,100000000.0,0.19794215261936188,True,3400,1190,0.19781281054019928,0.21712438919964958,810.2413940429688,889.3414850315127
6,first_label_token,1,4096,4096,100000000.0,0.19794192910194397,True,3400,1190,0.19781269133090973,0.21713099119042148,810.24072265625,889.3685202205883
6,first_label_token,2,4096,4096,100000000.0,0.19794203341007233,True,3400,1190,0.19781269133090973,0.21713257477063092,810.2408447265625,889.375006565126
6,first_label_token,3,4096,4096,100000000.0,0.19794178009033203,True,3400,1190,0.19781237840652466,0.21713306843733587,810.2394409179688,889.3770614495799
6,first_label_token,4,4096,4096,100000000.0,0.19794180989265442,True,3400,1190,0.19781240820884705,0.21713406859325762,810.2396240234375,889.3811712184873
6,first_label_token,5,4096,4096,100000000.0,0.1979418396949768,True,3400,1190,0.1978124976158142,0.2171350591322955,810.239990234375,889.3851890756303
6,first_label_token,6,4096,4096,100000000.0,0.19794179499149323,True,3400,1190,0.1978122740983963,0.21713663469843503,810.239013671875,889.391662289916
6,first_label_token,7,4096,4096,100000000.0,0.19794203341007233,True,3400,1190,0.19781242311000824,0.2171383352840648,810.2396850585938,889.398575367647
6,first_label_token,8,4096,4096,100000000.0,0.19794222712516785,True,3400,1190,0.1978124976158142,0.21713722453397863,810.239990234375,889.3940585609243
6,first_label_token,9,4096,4096,100000000.0,0.19794201850891113,True,3400,1190,0.19781236350536346,0.21714000862185695,810.2394409179688,889.4054753151261
6,first_label_token,10,4096,4096,100000000.0,0.19794192910194397,True,3400,1190,0.1978122740983963,0.21714078598663586,810.2390747070312,889.4086331407563
6,first_label_token,11,4096,4096,100000000.0,0.1979418694972992,True,3400,1190,0.1978122591972351,0.21714114181133878,810.239013671875,889.4101299894958
6,first_label_token,12,4096,4096,100000000.0,0.19794189929962158,True,3400,1190,0.1978122740983963,0.21713893313367827,810.2390747070312,889.4010701155462
6,first_label_token,13,4096,4096,100000000.0,0.19794203341007233,True,3400,1190,0.19781240820884705,0.2171384474810432,810.2396240234375,889.3990808823529
6,first_label_token,14,4096,4096,100000000.0,0.19794213771820068,True,3400,1190,0.1978125423192978,0.21713712996795398,810.2401733398438,889.3936777836135
6,first_label_token,15,4096,4096,100000000.0,0.19794221222400665,True,3400,1190,0.19781264662742615,0.21713613462047415,810.2406005859375,889.3896271008404
6,first_label_token,16,4096,4096,100000000.0,0.19794228672981262,True,3400,1190,0.1978127807378769,0.21713560889748967,810.2411499023438,889.3874540441177
6,first_label_token,17,4096,4096,100000000.0,0.19794221222400665,True,3400,1190,0.19781279563903809,0.21713588938993567,810.2412719726562,889.3886160714286
6,first_label_token,18,4096,4096,100000000.0,0.19794224202632904,True,3400,1190,0.19781288504600525,0.21713561851437352,810.2415771484375,889.3874803046218
6,first_label_token,19,4096,4096,100000000.0,0.19794225692749023,True,3400,1190,0.19781289994716644,0.21713388907809217,810.2415771484375,889.3804096638655
6,first_label_token,20,4096,4096,100000000.0,0.19794224202632904,True,3400,1190,0.19781288504600525,0.21713299791352086,810.2415771484375,889.3767397584033
6,first_label_token,21,4096,4096,100000000.0,0.19794213771820068,True,3400,1190,0.19781285524368286,0.21713403333135012,810.241455078125,889.3810136554622
6,first_label_token,22,4096,4096,100000000.0,0.1979421079158783,True,3400,1190,0.1978127807378769,0.21713333771008403,810.2411499023438,889.3781512605042
6,first_label_token,23,4096,4096,100000000.0,0.1979421228170395,True,3400,1190,0.19781284034252167,0.2171330251613585,810.2413940429688,889.3768776260504
6,first_label_token,24,4096,4096,100000000.0,0.1979421228170395,True,3400,1190,0.19781285524368286,0.21713323673280346,810.241455078125,889.377737657563
6,first_label_token,25,4096,4096,100000000.0,0.19794215261936188,True,3400,1190,0.19781292974948883,0.21713384740492878,810.2417602539062,889.3802324054622
6,first_label_token,26,4096,4096,100000000.0,0.19794206321239471,True,3400,1190,0.19781287014484406,0.21713419521556182,810.2415161132812,889.381637342437
6,first_label_token,27,4096,4096,100000000.0,0.1979418843984604,True,3400,1190,0.1978127658367157,0.2171347642145237,810.2410888671875,889.3840139180672
6,first_label_token,28,4096,4096,100000000.0,0.197941854596138,True,3400,1190,0.19781272113323212,0.21713472734980221,810.2409057617188,889.3838300945379
6,last_label_token,0,4096,4096,100000000.0,0.1979418694972992,True,3400,1190,0.19781245291233063,0.21712280081099822,810.2398071289062,889.3349921218487
6,last_label_token,1,4096,4096,100000000.0,0.19794172048568726,True,3400,1190,0.19781267642974854,0.21713068665576582,810.24072265625,889.3672859768908
6,last_label_token,2,4096,4096,100000000.0,0.1979418843984604,True,3400,1190,0.1978127360343933,0.2171312139815643,810.240966796875,889.3694459033613
6,last_label_token,3,4096,4096,100000000.0,0.19794172048568726,True,3400,1190,0.1978125423192978,0.21713144158114905,810.240234375,889.3703715861344
6,last_label_token,4,4096,4096,100000000.0,0.1979416310787201,True,3400,1190,0.19781245291233063,0.2171328280152393,810.2398071289062,889.3760766806722
6,last_label_token,5,4096,4096,100000000.0,0.1979416310787201,True,3400,1190,0.19781255722045898,0.21713244494269876,810.240234375,889.3745076155462
6,last_label_token,6,4096,4096,100000000.0,0.1979416012763977,True,3400,1190,0.1978125125169754,0.21713429138440044,810.239990234375,889.3820378151261
6,last_label_token,7,4096,4096,100000000.0,0.19794167578220367,True,3400,1190,0.1978125125169754,0.21713506554355141,810.2400512695312,889.3852481617647
6,last_label_token,8,4096,4096,100000000.0,0.19794175028800964,True,3400,1190,0.1978125274181366,0.2171334595239463,810.2401733398438,889.3786633403362
6,last_label_token,9,4096,4096,100000000.0,0.19794149696826935,True,3400,1190,0.19781240820884705,0.21713482191582686,810.2396850585938,889.384237132353
6,last_label_token,10,4096,4096,100000000.0,0.1979413628578186,True,3400,1190,0.1978122889995575,0.2171354662470457,810.2391357421875,889.3868960084034
6,last_label_token,11,4096,4096,100000000.0,0.19794140756130219,True,3400,1190,0.1978122889995575,0.2171354101485565,810.2391357421875,889.3866727941177
6,last_label_token,12,4096,4096,100000000.0,0.1979413479566574,True,3400,1190,0.19781219959259033,0.21713423528591125,810.23876953125,889.3818080357142
6,last_label_token,13,4096,4096,100000000.0,0.1979413479566574,True,3400,1190,0.1978122740983963,0.21713502226757403,810.2390747070312,889.3850512079832
6,last_label_token,14,4096,4096,100000000.0,0.19794151186943054,True,3400,1190,0.19781246781349182,0.21713507035199334,810.2398071289062,889.3852678571428
6,last_label_token,15,4096,4096,100000000.0,0.1979416310787201,True,3400,1190,0.19781258702278137,0.21713445006298418,810.240234375,889.3827731092437
6,last_label_token,16,4096,4096,100000000.0,0.19794170558452606,True,3400,1190,0.19781263172626495,0.2171342240662134,810.240478515625,889.381768644958
6,last_label_token,17,4096,4096,100000000.0,0.19794170558452606,True,3400,1190,0.19781267642974854,0.2171351152307847,810.24072265625,889.3854451155462
6,last_label_token,18,4096,4096,100000000.0,0.19794167578220367,True,3400,1190,0.1978127360343933,0.21713488923401392,810.240966796875,889.384512867647
6,last_label_token,19,4096,4096,100000000.0,0.19794176518917084,True,3400,1190,0.1978127807378769,0.21713381534864923,810.2412109375,889.3801273634454
6,last_label_token,20,4096,4096,100000000.0,0.19794176518917084,True,3400,1190,0.19781281054019928,0.2171337400163923,810.2411499023438,889.379805672269
6,last_label_token,21,4096,4096,100000000.0,0.1979415863752365,True,3400,1190,0.19781264662742615,0.21713510240827288,810.2406005859375,889.3853728991596
6,last_label_token,22,4096,4096,100000000.0,0.1979416012763977,True,3400,1190,0.19781264662742615,0.21713511362797072,810.24072265625,889.3854385504202
6,last_label_token,23,4096,4096,100000000.0,0.1979416459798813,True,3400,1190,0.19781270623207092,0.2171354101485565,810.2408447265625,889.3866202731092
6,last_label_token,24,4096,4096,100000000.0,0.1979416310787201,True,3400,1190,0.19781269133090973,0.21713522582494912,810.2407836914062,889.3858718487395
6,last_label_token,25,4096,4096,100000000.0,0.19794169068336487,True,3400,1190,0.1978127807378769,0.21713548868644136,810.2411499023438,889.3869682247899
6,last_label_token,26,4096,4096,100000000.0,0.1979416161775589,True,3400,1190,0.19781272113323212,0.217136216363987,810.240966796875,889.3899356617648
6,last_label_token,27,4096,4096,100000000.0,0.19794149696826935,True,3400,1190,0.19781264662742615,0.21713646480015347,810.24072265625,889.3909926470589
6,last_label_token,28,4096,4096,100000000.0,0.19794146716594696,True,3400,1190,0.19781260192394257,0.21713690877962513,810.2404174804688,889.3927521008403
7,pre_label_token,0,4096,4096,0.1,0.19794093072414398,True,3400,1190,0.19782809913158417,0.2171173656688017,810.3038940429688,889.3127494747899
7,pre_label_token,1,4096,4096,10000000.0,0.19793783128261566,False,3400,1190,0.19768311083316803,0.21726751407655348,809.7101440429688,889.9277245273109
7,pre_label_token,2,4096,4096,10000000.0,0.19793547689914703,False,3400,1190,0.19768622517585754,0.2172793396380769,809.7227783203125,889.9761882878151
7,pre_label_token,3,4096,4096,10000000.0,0.19793719053268433,False,3400,1190,0.19768625497817993,0.2172969850171514,809.722900390625,890.0484046743697
7,pre_label_token,4,4096,4096,31622776.60168379,0.19793973863124847,False,3400,1190,0.19777989387512207,0.21721156625186697,810.1064453125,889.6985819327731
7,pre_label_token,5,4096,4096,10000000.0,0.1979358047246933,False,3400,1190,0.1976807713508606,0.21737097411596473,809.700439453125,890.3515296743698
7,pre_label_token,6,4096,4096,10000000.0,0.19793599843978882,False,3400,1190,0.19768069684505463,0.2174124389135537,809.7001342773438,890.521362920168
7,pre_label_token,7,4096,4096,10000000.0,0.1979351043701172,False,3400,1190,0.1976781189441681,0.2174423249829717,809.6895141601562,890.6437959558823
7,pre_label_token,8,4096,4096,10000000.0,0.1979379802942276,False,3400,1190,0.1976805180311203,0.2174154073250394,809.6994018554688,890.5335149684873
7,pre_label_token,9,4096,4096,31622776.60168379,0.19794021546840668,False,3400,1190,0.19777905941009521,0.21721567586690438,810.10302734375,889.7153952205882
7,pre_label_token,10,4096,4096,31622776.60168379,0.19793987274169922,False,3400,1190,0.1977785974740982,0.21720552204035912,810.1011962890625,889.6738182773109
7,pre_label_token,11,4096,4096,10000000.0,0.19793882966041565,False,3400,1190,0.19768139719963074,0.2173520625138483,809.702880859375,890.2740611869748
7,pre_label_token,12,4096,4096,10000000.0,0.19793686270713806,False,3400,1190,0.19767849147319794,0.2173503459000788,809.6911010742188,890.2669971113445
7,pre_label_token,13,4096,4096,10000000.0,0.19793672859668732,False,3400,1190,0.19767560064792633,0.21737366684344636,809.6792602539062,890.3625590861344
7,pre_label_token,14,4096,4096,10000000.0,0.19793908298015594,False,3400,1190,0.19767720997333527,0.21733918871198382,809.6857299804688,890.2213235294117
7,pre_label_token,15,4096,4096,10000000.0,0.19794012606143951,False,3400,1190,0.19767805933952332,0.2173355695580234,809.6893310546875,890.2064732142857
7,pre_label_token,16,4096,4096,31622776.60168379,0.19794048368930817,False,3400,1190,0.19777855277061462,0.21719886875953995,810.100830078125,889.6465270483193
7,pre_label_token,17,4096,4096,100000000.0,0.19794099032878876,True,3400,1190,0.19781231880187988,0.21714037406344375,810.2392578125,889.4069655987395
7,pre_label_token,18,4096,4096,31622776.60168379,0.1979409158229828,False,3400,1190,0.19777852296829224,0.21718723874132173,810.100830078125,889.5989364495798
7,pre_label_token,19,4096,4096,100000000.0,0.19794100522994995,True,3400,1190,0.19781231880187988,0.21713936108501017,810.2392578125,889.4028492647059
7,pre_label_token,20,4096,4096,100000000.0,0.19794116914272308,True,3400,1190,0.19781219959259033,0.2171375835643095,810.23876953125,889.3955291491596
7,pre_label_token,21,4096,4096,100000000.0,0.19794118404388428,True,3400,1190,0.19781213998794556,0.21713691358806705,810.238525390625,889.392830882353
7,pre_label_token,22,4096,4096,100000000.0,0.19794109463691711,True,3400,1190,0.19781213998794556,0.2171346648400571,810.238525390625,889.3835740546218
7,pre_label_token,23,4096,4096,100000000.0,0.1979411095380783,True,3400,1190,0.19781216979026794,0.21713272543514475,810.2386474609375,889.375649947479
7,pre_label_token,24,4096,4096,100000000.0,0.19794102013111115,True,3400,1190,0.19781211018562317,0.2171324000639074,810.2384033203125,889.3743040966386
7,pre_label_token,25,4096,4096,100000000.0,0.19794106483459473,True,3400,1190,0.19781219959259033,0.21713163231601235,810.2387084960938,889.3711462710085
7,pre_label_token,26,4096,4096,100000000.0,0.1979411095380783,True,3400,1190,0.19781234860420227,0.21713121237875033,810.2394409179688,889.3694327731092
7,pre_label_token,27,4096,4096,100000000.0,0.1979411393404007,True,3400,1190,0.19781234860420227,0.21713092868067638,810.2393798828125,889.3682641806722
7,pre_label_token,28,4096,4096,100000000.0,0.1979411393404007,True,3400,1190,0.1978122740983963,0.21713153294154575,810.2390747070312,889.3707786239496
7,first_label_token,0,4096,4096,100000000.0,0.19794109463691711,True,3400,1190,0.19781219959259033,0.2171237785275243,810.23876953125,889.3389705882353
7,first_label_token,1,4096,4096,100000000.0,0.19794099032878876,True,3400,1190,0.19781209528446198,0.21712919764158103,810.2383422851562,889.3611869747899
7,first_label_token,2,4096,4096,10000000.0,0.19794048368930817,False,3400,1190,0.19766925275325775,0.21725006584359818,809.6531982421875,889.8562368697479
7,first_label_token,3,4096,4096,3162277.6601683795,0.19793903827667236,False,3400,1190,0.1973399668931961,0.21751595184582623,808.3045043945312,890.9453256302521
7,first_label_token,4,4096,4096,3162277.6601683795,0.19793307781219482,False,3400,1190,0.1973353624343872,0.21755927270200073,808.2855834960938,891.122780987395
7,first_label_token,5,4096,4096,3162277.6601683795,0.1979292333126068,False,3400,1190,0.19733527302742004,0.2175787500974511,808.2852783203125,891.2025669642857
7,first_label_token,6,4096,4096,3162277.6601683795,0.19792871177196503,False,3400,1190,0.19733111560344696,0.21757996503044577,808.2683715820312,891.207549894958
7,first_label_token,7,4096,4096,3162277.6601683795,0.19792722165584564,False,3400,1190,0.19733239710330963,0.21769181740384141,808.2734985351562,891.6656906512605
7,first_label_token,8,4096,4096,1000000.0,0.19792774319648743,False,3400,1190,0.19644613564014435,0.2184904322904699,804.6433715820312,894.9368106617648
7,first_label_token,9,4096,4096,3162277.6601683795,0.19793479144573212,False,3400,1190,0.19734293222427368,0.21773530334985558,808.3167114257812,891.8437959558823
7,first_label_token,10,4096,4096,31622776.60168379,0.1979406774044037,False,3400,1190,0.197776660323143,0.21718600297174534,810.0932006835938,889.593881302521
7,first_label_token,11,4096,4096,100000000.0,0.19794096052646637,True,3400,1190,0.19781188666820526,0.21713782879484803,810.2374877929688,889.3965730042016
7,first_label_token,12,4096,4096,100000000.0,0.19794097542762756,True,3400,1190,0.19781194627285004,0.2171357595620035,810.2377319335938,889.3880580357143
7,first_label_token,13,4096,4096,100000000.0,0.1979411095380783,True,3400,1190,0.19781209528446198,0.21713676292355322,810.2383422851562,889.3922006302521
7,first_label_token,14,4096,4096,100000000.0,0.1979411095380783,True,3400,1190,0.19781213998794556,0.21713602883475167,810.2384033203125,889.3891544117647
7,first_label_token,15,4096,4096,100000000.0,0.1979411393404007,True,3400,1190,0.19781216979026794,0.2171349950197364,810.2386474609375,889.3849921218488
7,first_label_token,16,4096,4096,100000000.0,0.1979411393404007,True,3400,1190,0.19781219959259033,0.2171352771149964,810.23876953125,889.3860950630252
7,first_label_token,17,4096,4096,100000000.0,0.1979411542415619,True,3400,1190,0.19781219959259033,0.21713457989091633,810.23876953125,889.3832261029412
7,first_label_token,18,4096,4096,100000000.0,0.1979411393404007,True,3400,1190,0.1978122591972351,0.21713398684974478,810.2389526367188,889.3808298319328
7,first_label_token,19,4096,4096,100000000.0,0.19794119894504547,True,3400,1190,0.19781237840652466,0.21713292097844997,810.239501953125,889.376424632353
7,first_label_token,20,4096,4096,100000000.0,0.19794133305549622,True,3400,1190,0.19781246781349182,0.21713180541992189,810.2398071289062,889.3718684348739
7,first_label_token,21,4096,4096,100000000.0,0.1979413777589798,True,3400,1190,0.1978124976158142,0.21713264850007385,810.239990234375,889.3753216911765
7,first_label_token,22,4096,4096,100000000.0,0.1979413479566574,True,3400,1190,0.1978125274181366,0.21713256194811908,810.2401123046875,889.3749474789915
7,first_label_token,23,4096,4096,100000000.0,0.19794140756130219,True,3400,1190,0.19781261682510376,0.21713171566233916,810.240478515625,889.3715270483193
7,first_label_token,24,4096,4096,100000000.0,0.19794140756130219,True,3400,1190,0.19781261682510376,0.21713116589714498,810.2404174804688,889.3692555147059
7,first_label_token,25,4096,4096,100000000.0,0.19794133305549622,True,3400,1190,0.19781258702278137,0.21713221093185808,810.2404174804688,889.3735556722689
7,first_label_token,26,4096,4096,100000000.0,0.1979413479566574,True,3400,1190,0.19781260192394257,0.21713199775759914,810.2404174804688,889.3726299894957
7,first_label_token,27,4096,4096,100000000.0,0.19794133305549622,True,3400,1190,0.19781255722045898,0.21713171726515312,810.240234375,889.3714942226891
7,first_label_token,28,4096,4096,100000000.0,0.1979413777589798,True,3400,1190,0.19781261682510376,0.21713114506056327,810.2404174804688,889.3691964285714
7,last_label_token,0,4096,4096,3162277.6601683795,0.1979392170906067,False,3400,1190,0.19735078513622284,0.21734339609867384,808.3488159179688,890.2385569852942
7,last_label_token,1,4096,4096,100000000.0,0.19794096052646637,True,3400,1190,0.19781242311000824,0.21712863024543314,810.2396850585938,889.358849789916
7,last_label_token,2,4096,4096,10000000.0,0.19794006645679474,False,3400,1190,0.19767233729362488,0.21725373949323382,809.6658935546875,889.8713038340336
7,last_label_token,3,4096,4096,10000000.0,0.197940394282341,False,3400,1190,0.19767150282859802,0.2172414282790753,809.6624755859375,889.8208771008403
7,last_label_token,4,4096,4096,3162277.6601683795,0.1979367583990097,False,3400,1190,0.19734418392181396,0.21757126816180575,808.32177734375,891.1719143907563
7,last_label_token,5,4096,4096,1000000.0,0.1979266107082367,False,3400,1190,0.19643241167068481,0.21847587393111542,804.5872192382812,894.8771993172269
7,last_label_token,6,4096,4096,3162277.6601683795,0.19793131947517395,False,3400,1190,0.1973385512828827,0.21763698193205505,808.2986450195312,891.4410976890756
7,last_label_token,7,4096,4096,1000000.0,0.19791458547115326,False,3400,1190,0.1964472085237503,0.218522767459645,804.6477661132812,895.0692489495798
7,last_label_token,8,4096,4096,1000000.0,0.19790232181549072,False,3400,1190,0.1964477151632309,0.21850502110328995,804.6497192382812,894.9965730042017
7,last_label_token,9,4096,4096,1000000.0,0.19792117178440094,False,3400,1190,0.1964849829673767,0.21841978345598492,804.802490234375,894.6474264705882
7,last_label_token,10,4096,4096,3162277.6601683795,0.1979302167892456,False,3400,1190,0.19735002517700195,0.21762421231309906,808.345703125,891.3887736344537
7,last_label_token,11,4096,4096,3162277.6601683795,0.19793523848056793,False,3400,1190,0.1973554790019989,0.21757500111555853,808.3680419921875,891.1871848739496
7,last_label_token,12,4096,4096,3162277.6601683795,0.19793382287025452,False,3400,1190,0.19735263288021088,0.21753122986865644,808.3564453125,891.0078847163866
7,last_label_token,13,4096,4096,3162277.6601683795,0.1979367882013321,False,3400,1190,0.19735440611839294,0.21757507805062942,808.3636474609375,891.1875196953781
7,last_label_token,14,4096,4096,3162277.6601683795,0.19793564081192017,False,3400,1190,0.19735509157180786,0.21757516620539818,808.366455078125,891.1879004726891
7,last_label_token,15,4096,4096,3162277.6601683795,0.19793689250946045,False,3400,1190,0.19735753536224365,0.21754291117692193,808.37646484375,891.0557707457983
7,last_label_token,16,4096,4096,3162277.6601683795,0.19793574512004852,False,3400,1190,0.1973593384027481,0.2175406832654937,808.3838500976562,891.0466649159664
7,last_label_token,17,4096,4096,3162277.6601683795,0.19793589413166046,False,3400,1190,0.19735939800739288,0.21753539077374115,808.3840942382812,891.0249868697479
7,last_label_token,18,4096,4096,3162277.6601683795,0.1979353278875351,False,3400,1190,0.19735963642597198,0.2175288336617606,808.3849487304688,890.9980829831933
7,last_label_token,19,4096,4096,3162277.6601683795,0.19793781638145447,False,3400,1190,0.19736118614673615,0.21751373996253776,808.3914184570312,890.9362394957983
7,last_label_token,20,4096,4096,10000000.0,0.19793960452079773,False,3400,1190,0.19767262041568756,0.21725668386250985,809.6670532226562,889.8833639705882
7,last_label_token,21,4096,4096,10000000.0,0.19793975353240967,False,3400,1190,0.19767256081104279,0.21726532623547465,809.6668090820312,889.918763130252
7,last_label_token,22,4096,4096,10000000.0,0.19793900847434998,False,3400,1190,0.19767186045646667,0.2172625806151318,809.6640014648438,889.9075105042017
7,last_label_token,23,4096,4096,10000000.0,0.19793973863124847,False,3400,1190,0.19767236709594727,0.2172563072012252,809.666015625,889.8818539915966
7,last_label_token,24,4096,4096,10000000.0,0.19793926179409027,False,3400,1190,0.19767171144485474,0.21724956897126527,809.663330078125,889.8542279411764
7,last_label_token,25,4096,4096,10000000.0,0.19793935120105743,False,3400,1190,0.1976722776889801,0.21725963624585576,809.6657104492188,889.8954766281513
7,last_label_token,26,4096,4096,3162277.6601683795,0.19793705642223358,False,3400,1190,0.1973603069782257,0.2175087263604172,808.3878173828125,890.9157234768908
7,last_label_token,27,4096,4096,3162277.6601683795,0.19793574512004852,False,3400,1190,0.19735877215862274,0.21751590055577896,808.3814086914062,890.9451286764706
7,last_label_token,28,4096,4096,3162277.6601683795,0.1979367882013321,False,3400,1190,0.19735923409461975,0.21752534433573234,808.3834228515625,890.9837972689076
8,pre_label_token,0,4096,4096,0.1,0.19794093072414398,True,3400,1190,0.19782809913158417,0.2171173656688017,810.3038940429688,889.3127494747899
8,pre_label_token,1,4096,4096,100000000.0,0.197940856218338,True,3400,1190,0.19781263172626495,0.21714049427449203,810.2405395507812,889.4074382878151
8,pre_label_token,2,4096,4096,31622776.60168379,0.19794043898582458,False,3400,1190,0.19778113067150116,0.21722089302640002,810.111572265625,889.7367778361345
8,pre_label_token,3,4096,4096,100000000.0,0.1979406476020813,True,3400,1190,0.19781270623207092,0.21715408132857636,810.2408447265625,889.4631302521009
8,pre_label_token,4,4096,4096,31622776.60168379,0.19793982803821564,False,3400,1190,0.19777974486351013,0.21724097628553374,810.1058349609375,889.8190388655462
8,pre_label_token,5,4096,4096,10000000.0,0.19793106615543365,False,3400,1190,0.19767723977565765,0.21746264385576008,809.6859130859375,890.7269826680672
8,pre_label_token,6,4096,4096,10000000.0,0.19793172180652618,False,3400,1190,0.19767756760120392,0.21750205064020237,809.6873779296875,890.8883862920168
8,pre_label_token,7,4096,4096,3162277.6601683795,0.19792848825454712,False,3400,1190,0.19741661846637726,0.2180180541607512,808.6184692382812,893.0019432773109
8,pre_label_token,8,4096,4096,10000000.0,0.1979340761899948,False,3400,1190,0.1976773589849472,0.2174473273653944,809.6863403320312,890.6642528886555
8,pre_label_token,9,4096,4096,10000000.0,0.19793881475925446,False,3400,1190,0.19768187403678894,0.21742699727290818,809.7049560546875,890.5809676995798
8,pre_label_token,10,4096,4096,10000000.0,0.19793714582920074,False,3400,1190,0.19768045842647552,0.21739817547197102,809.6991577148438,890.4629595588235
8,pre_label_token,11,4096,4096,10000000.0,0.19793519377708435,False,3400,1190,0.19767853617668152,0.2173647487864775,809.6912841796875,890.3260110294118
8,pre_label_token,12,4096,4096,10000000.0,0.19793663918972015,False,3400,1190,0.1976773589849472,0.2173524632173426,809.6864624023438,890.2756893382353
8,pre_label_token,13,4096,4096,10000000.0,0.19793754816055298,False,3400,1190,0.19767522811889648,0.21733999492741432,809.6776733398438,890.2246126575631
8,pre_label_token,14,4096,4096,10000000.0,0.19793829321861267,False,3400,1190,0.1976756602525711,0.2173490460179433,809.6795043945312,890.2616990546219
8,pre_label_token,15,4096,4096,3162277.6601683795,0.19793614745140076,False,3400,1190,0.19739235937595367,0.21770066012855338,808.5191650390625,891.7019170168068
8,pre_label_token,16,4096,4096,3162277.6601683795,0.19793476164340973,False,3400,1190,0.1973908692598343,0.2177391885709362,808.5130004882812,891.8597098214286
8,pre_label_token,17,4096,4096,3162277.6601683795,0.19792985916137695,False,3400,1190,0.19737215340137482,0.2177139105917025,808.436279296875,891.7561777836135
8,pre_label_token,18,4096,4096,3162277.6601683795,0.19793429970741272,False,3400,1190,0.19737479090690613,0.21772500366723838,808.4471435546875,891.8016347163865
8,pre_label_token,19,4096,4096,10000000.0,0.19793900847434998,False,3400,1190,0.1976737380027771,0.21734842412612018,809.671630859375,890.2591583508404
8,pre_label_token,20,4096,4096,10000000.0,0.19793976843357086,False,3400,1190,0.19767189025878906,0.2173278391862116,809.6640625,890.1748490021008
8,pre_label_token,21,4096,4096,10000000.0,0.19793978333473206,False,3400,1190,0.1976718306541443,0.2173071356380687,809.6636352539062,890.0900210084034
8,pre_label_token,22,4096,4096,3162277.6601683795,0.19793742895126343,False,3400,1190,0.19736091792583466,0.21758358418440618,808.3902587890625,891.2224002100841
8,pre_label_token,23,4096,4096,3162277.6601683795,0.19793932139873505,False,3400,1190,0.1973620504140854,0.2175775976742015,808.3949584960938,891.1978597689076
8,pre_label_token,24,4096,4096,3162277.6601683795,0.19793713092803955,False,3400,1190,0.19735904037952423,0.2175548825945173,808.3826904296875,891.1048056722689
8,pre_label_token,25,4096,4096,1000000.0,0.19792908430099487,False,3400,1190,0.1965121179819107,0.21807581316523192,804.9136352539062,893.2384978991597
8,pre_label_token,26,4096,4096,1000000.0,0.19792748987674713,False,3400,1190,0.19651012122631073,0.21807747368051225,804.9054565429688,893.2453125
8,pre_label_token,27,4096,4096,1000000.0,0.1979212760925293,False,3400,1190,0.19649739563465118,0.2181275600144843,804.853271484375,893.4504989495798
8,pre_label_token,28,4096,4096,1000000.0,0.19792486727237701,False,3400,1190,0.1965063065290451,0.21815658216716863,804.8898315429688,893.5693671218487
8,first_label_token,0,4096,4096,316227.7660168379,0.19785621762275696,False,3400,1190,0.1939317137002945,0.21852649079651393,794.3442993164062,895.0844866071428
8,first_label_token,1,4096,4096,1000000.0,0.1978917419910431,False,3400,1190,0.19636790454387665,0.21804161552621537,804.3229370117188,893.0984703256303
8,first_label_token,2,4096,4096,1000000.0,0.1978963315486908,False,3400,1190,0.19636568427085876,0.21810815154003496,804.31396484375,893.370955882353
8,first_label_token,3,4096,4096,1000000.0,0.19790995121002197,False,3400,1190,0.19638006389141083,0.2180362172487403,804.3727416992188,893.0763392857143
8,first_label_token,4,4096,4096,1000000.0,0.1979338377714157,False,3400,1190,0.19639915227890015,0.21812257205738741,804.450927734375,893.4300485819327
8,first_label_token,5,4096,4096,10000000.0,0.1979406774044037,False,3400,1190,0.1976669728755951,0.21725066689883962,809.6439819335938,889.858725052521
8,first_label_token,6,4096,4096,10000000.0,0.19794079661369324,False,3400,1190,0.19766587018966675,0.21726960735160764,809.639404296875,889.9362723214285
8,first_label_token,7,4096,4096,3162277.6601683795,0.19793927669525146,False,3400,1190,0.19733688235282898,0.2176435727031291,808.2919311523438,891.4680344012605
8,first_label_token,8,4096,4096,31622776.60168379,0.19794081151485443,False,3400,1190,0.19777578115463257,0.21718153272356305,810.0896606445312,889.5755514705883
8,first_label_token,9,4096,4096,10000000.0,0.19794076681137085,False,3400,1190,0.19766709208488464,0.21731572030973034,809.6444091796875,890.1251247373949
8,first_label_token,10,4096,4096,31622776.60168379,0.19794073700904846,False,3400,1190,0.19777613878250122,0.21718083870511096,810.091064453125,889.5726825105043
8,first_label_token,11,4096,4096,3162277.6601683795,0.19793939590454102,False,3400,1190,0.19734500348567963,0.2176203719708098,808.3251342773438,891.3730238970588
8,first_label_token,12,4096,4096,3162277.6601683795,0.19793486595153809,False,3400,1190,0.19733799993991852,0.21757846319374918,808.2964477539062,891.2013983718488
8,first_label_token,13,4096,4096,1000000.0,0.19793179631233215,False,3400,1190,0.1964500993490219,0.21818398708055,804.6595458984375,893.6816045168067
8,first_label_token,14,4096,4096,3162277.6601683795,0.1979345828294754,False,3400,1190,0.1973375678062439,0.21760410501175567,808.294677734375,891.3064141281512
8,first_label_token,15,4096,4096,3162277.6601683795,0.19793689250946045,False,3400,1190,0.1973394900560379,0.21760474293171858,808.3025512695312,891.3090336134454
8,first_label_token,16,4096,4096,3162277.6601683795,0.19793790578842163,False,3400,1190,0.19734157621860504,0.21759521099699644,808.3110961914062,891.2699776785714
8,first_label_token,17,4096,4096,10000000.0,0.19794000685214996,False,3400,1190,0.19766755402088165,0.21729739052908761,809.6463012695312,890.0500984768908
8,first_label_token,18,4096,4096,10000000.0,0.19794028997421265,False,3400,1190,0.19766828417778015,0.21729594158525226,809.6492309570312,890.0441636029411
8,first_label_token,19,4096,4096,10000000.0,0.19794055819511414,False,3400,1190,0.19766879081726074,0.21728782974371388,809.6514282226562,890.0109506302521
8,first_label_token,20,4096,4096,31622776.60168379,0.19794084131717682,False,3400,1190,0.19777700304985046,0.21717267397071133,810.0946044921875,889.5392857142857
8,first_label_token,21,4096,4096,10000000.0,0.19794049859046936,False,3400,1190,0.19766847789287567,0.21729260292373787,809.6502075195312,890.0304950105042
8,first_label_token,22,4096,4096,10000000.0,0.1979401409626007,False,3400,1190,0.19766809046268463,0.21729473466632745,809.6485595703125,890.0392660189076
8,first_label_token,23,4096,4096,10000000.0,0.19794023036956787,False,3400,1190,0.1976681649684906,0.21728758771880335,809.6488037109375,890.0099592962185
8,first_label_token,24,4096,4096,10000000.0,0.1979401558637619,False,3400,1190,0.1976679414510727,0.21728531973702567,809.6478881835938,890.0006827731092
8,first_label_token,25,4096,4096,10000000.0,0.19794002175331116,False,3400,1190,0.1976681649684906,0.21728985249495306,809.6488037109375,890.0192423844538
8,first_label_token,26,4096,4096,10000000.0,0.1979398876428604,False,3400,1190,0.1976684331893921,0.217289576810949,809.64990234375,890.018106617647
8,first_label_token,27,4096,4096,10000000.0,0.1979401558637619,False,3400,1190,0.19766880571842194,0.21729214291612642,809.6514282226562,890.0286042542017
8,first_label_token,28,4096,4096,31622776.60168379,0.1979408860206604,False,3400,1190,0.19777703285217285,0.21717487463430196,810.0947265625,889.548299632353
8,last_label_token,0,4096,4096,1000000.0,0.19793838262557983,False,3400,1190,0.19638606905937195,0.21778480145109802,804.3973388671875,892.0465336134454
8,last_label_token,1,4096,4096,1000000.0,0.1979265958070755,False,3400,1190,0.19641636312007904,0.21831285332431313,804.5214233398438,894.2094537815126
8,last_label_token,2,4096,4096,1000000.0,0.1979282647371292,False,3400,1190,0.19641202688217163,0.21824076676569065,804.503662109375,893.9142134978991
8,last_label_token,3,4096,4096,3162277.6601683795,0.19793948531150818,False,3400,1190,0.19733932614326477,0.21750155857631137,808.3018798828125,890.8863904936975
8,last_label_token,4,4096,4096,100000000.0,0.19794102013111115,True,3400,1190,0.19781199097633362,0.21713088861032695,810.2379760742188,889.3681197478992
8,last_label_token,5,4096,4096,100000000.0,0.19794106483459473,True,3400,1190,0.19781211018562317,0.21712974580396124,810.2384033203125,889.3634519432773
8,last_label_token,6,4096,4096,100000000.0,0.19794106483459473,True,3400,1190,0.19781199097633362,0.21713172367640904,810.2379150390625,889.3715401785714
8,last_label_token,7,4096,4096,100000000.0,0.19794099032878876,True,3400,1190,0.19781182706356049,0.21713443884328634,810.2372436523438,889.3826549369747
8,last_label_token,8,4096,4096,100000000.0,0.19794102013111115,True,3400,1190,0.19781193137168884,0.21713483954678062,810.2377319335938,889.3843027836134
8,last_label_token,9,4096,4096,100000000.0,0.19794109463691711,True,3400,1190,0.197812020778656,0.21713568903818853,810.2381591796875,889.3877954306722
8,last_label_token,10,4096,4096,100000000.0,0.19794107973575592,True,3400,1190,0.197812020778656,0.21713434588007566,810.2381591796875,889.382293855042
8,last_label_token,11,4096,4096,100000000.0,0.19794097542762756,True,3400,1190,0.19781193137168884,0.21713399486381466,810.2376708984375,889.3808298319328
8,last_label_token,12,4096,4096,10000000.0,0.19794023036956787,False,3400,1190,0.19766898453235626,0.21725843092974495,809.6521606445312,889.8905396533613
8,last_label_token,13,4096,4096,3162277.6601683795,0.19793757796287537,False,3400,1190,0.19734926521778107,0.2175473125041032,808.3425903320312,891.0738051470588
8,last_label_token,14,4096,4096,3162277.6601683795,0.19793708622455597,False,3400,1190,0.19734762609004974,0.2175767289490259,808.3358764648438,891.1942817752101
8,last_label_token,15,4096,4096,3162277.6601683795,0.1979382038116455,False,3400,1190,0.19734880328178406,0.21757479755818343,808.340576171875,891.1863904936974
8,last_label_token,16,4096,4096,3162277.6601683795,0.19793757796287537,False,3400,1190,0.1973492056131363,0.21758526233064027,808.3423461914062,891.2292213760504
8,last_label_token,17,4096,4096,3162277.6601683795,0.19793662428855896,False,3400,1190,0.19734816253185272,0.2175945634601497,808.3380737304688,891.2673384978991
8,last_label_token,18,4096,4096,3162277.6601683795,0.19793766736984253,False,3400,1190,0.19734852015972137,0.21759345912131942,808.339599609375,891.2627823004202
8,last_label_token,19,4096,4096,10000000.0,0.19794000685214996,False,3400,1190,0.19766847789287567,0.21729237852978106,809.6500854492188,890.0296087184873
8,last_label_token,20,4096,4096,10000000.0,0.19793973863124847,False,3400,1190,0.1976681649684906,0.21728962970381024,809.6488037109375,890.0183167016806
8,last_label_token,21,4096,4096,10000000.0,0.19793979823589325,False,3400,1190,0.1976681798696518,0.21729028525472688,809.6488647460938,890.0209952731093
8,last_label_token,22,4096,4096,10000000.0,0.19793933629989624,False,3400,1190,0.19766762852668762,0.21729049842898585,809.6466064453125,890.021875
8,last_label_token,23,4096,4096,10000000.0,0.1979396939277649,False,3400,1190,0.1976678967475891,0.2172832072282038,809.647705078125,889.9919971113445
8,last_label_token,24,4096,4096,10000000.0,0.19793951511383057,False,3400,1190,0.1976672261953354,0.21728008975501822,809.64501953125,889.9792542016806
8,last_label_token,25,4096,4096,3162277.6601683795,0.1979387402534485,False,3400,1190,0.19734567403793335,0.21756070241206835,808.327880859375,891.1285976890756
8,last_label_token,26,4096,4096,3162277.6601683795,0.19793708622455597,False,3400,1190,0.19734451174736023,0.21756221226283481,808.3231201171875,891.1348279936975
8,last_label_token,27,4096,4096,3162277.6601683795,0.19793745875358582,False,3400,1190,0.19734510779380798,0.2175645780162651,808.3255615234375,891.144537815126
8,last_label_token,28,4096,4096,10000000.0,0.1979396641254425,False,3400,1190,0.19766782224178314,0.21728566915047268,809.6473999023438,890.0021008403361
9,pre_label_token,0,4096,4096,0.1,0.19794093072414398,True,3400,1190,0.19782809913158417,0.2171173656688017,810.3038940429688,889.3127494747899
9,pre_label_token,1,4096,4096,3162277.6601683795,0.19792573153972626,False,3400,1190,0.1974075585603714,0.21761070379689962,808.5813598632812,891.3334493172268
9,pre_label_token,2,4096,4096,10000000.0,0.19792848825454712,False,3400,1190,0.1976824402809143,0.2173765342776515,809.7071533203125,890.3743040966386
9,pre_label_token,3,4096,4096,10000000.0,0.19792942702770233,False,3400,1190,0.1976819634437561,0.21737604061094654,809.705322265625,890.3722754726891
9,pre_label_token,4,4096,4096,10000000.0,0.1979326605796814,False,3400,1190,0.19768039882183075,0.21743524375082063,809.6989135742188,890.6147584033613
9,pre_label_token,5,4096,4096,3162277.6601683795,0.1979309469461441,False,3400,1190,0.19742617011070251,0.21776292624593782,808.65771484375,891.9569852941177
9,pre_label_token,6,4096,4096,3162277.6601683795,0.1979275494813919,False,3400,1190,0.19742010533809662,0.21790174115605715,808.6327514648438,892.5255252100841
9,pre_label_token,7,4096,4096,10000000.0,0.1979316920042038,False,3400,1190,0.19767722487449646,0.21746630949132584,809.6859130859375,890.7419839810924
9,pre_label_token,8,4096,4096,10000000.0,0.19793212413787842,False,3400,1190,0.19767723977565765,0.21743564926275685,809.6859741210938,890.6164259453782
9,pre_label_token,9,4096,4096,10000000.0,0.19793686270713806,False,3400,1190,0.19768133759498596,0.21743188745835249,809.7027587890625,890.6010241596639
9,pre_label_token,10,4096,4096,10000000.0,0.19793720543384552,False,3400,1190,0.1976817101240158,0.2174181994269876,809.7042846679688,890.5449514180672
9,pre_label_token,11,4096,4096,10000000.0,0.1979375034570694,False,3400,1190,0.19768153131008148,0.2174128668648856,809.7035522460938,890.5231026785714
9,pre_label_token,12,4096,4096,31622776.60168379,0.1979399174451828,False,3400,1190,0.197778582572937,0.21721128415660698,810.10107421875,889.6974330357143
9,pre_label_token,13,4096,4096,10000000.0,0.19793982803821564,False,3400,1190,0.19767914712429047,0.21738886312276376,809.69384765625,890.4247899159664
9,pre_label_token,14,4096,4096,10000000.0,0.19793681800365448,False,3400,1190,0.19767536222934723,0.21733931693710198,809.67822265625,890.2218093487395
9,pre_label_token,15,4096,4096,10000000.0,0.19793687760829926,False,3400,1190,0.19767484068870544,0.21733938906373096,809.6761474609375,890.2221441701681
9,pre_label_token,16,4096,4096,10000000.0,0.19793733954429626,False,3400,1190,0.1976751685142517,0.21736095011735163,809.677490234375,890.3104385504201
9,pre_label_token,17,4096,4096,10000000.0,0.1979382038116455,False,3400,1190,0.19767412543296814,0.21732474896086365,809.6732177734375,890.1621586134454
9,pre_label_token,18,4096,4096,10000000.0,0.1979386806488037,False,3400,1190,0.1976747363805771,0.21732735353357652,809.6756591796875,890.1728597689075
9,pre_label_token,19,4096,4096,10000000.0,0.19793973863124847,False,3400,1190,0.19767522811889648,0.2173169015836315,809.677734375,890.1300682773109
9,pre_label_token,20,4096,4096,31622776.60168379,0.1979409009218216,False,3400,1190,0.19777806103229523,0.21717739265506006,810.0989379882812,889.5585806197479
9,pre_label_token,21,4096,4096,100000000.0,0.19794100522994995,True,3400,1190,0.1978122740983963,0.2171344067870068,810.2390747070312,889.3825170693277
9,pre_label_token,22,4096,4096,100000000.0,0.1979411393404007,True,3400,1190,0.19781243801116943,0.21713219490371832,810.2398071289062,889.3734637605043
9,pre_label_token,23,4096,4096,100000000.0,0.1979411393404007,True,3400,1190,0.19781243801116943,0.21713149767963827,810.2396850585938,889.3706276260505
9,pre_label_token,24,4096,4096,100000000.0,0.19794107973575592,True,3400,1190,0.19781234860420227,0.2171305840756713,810.2394409179688,889.3668461134454
9,pre_label_token,25,4096,4096,100000000.0,0.19794109463691711,True,3400,1190,0.19781240820884705,0.21713016574122324,810.2396240234375,889.3651523109244
9,pre_label_token,26,4096,4096,100000000.0,0.19794107973575592,True,3400,1190,0.19781242311000824,0.21712992531912667,810.2396850585938,889.364180672269
9,pre_label_token,27,4096,4096,100000000.0,0.19794116914272308,True,3400,1190,0.19781245291233063,0.2171307940443023,810.2398071289062,889.367706144958
9,pre_label_token,28,4096,4096,100000000.0,0.19794127345085144,True,3400,1190,0.19781245291233063,0.21713228946974297,810.2398071289062,889.3738379726891
9,first_label_token,0,4096,4096,10000000.0,0.1979403793811798,False,3400,1190,0.19767731428146362,0.2171427269943622,809.686279296875,889.4166032037815
9,first_label_token,1,4096,4096,3162277.6601683795,0.19793842732906342,False,3400,1190,0.1973675638437271,0.21733979137003923,808.41748046875,890.2238117121849
9,first_label_token,2,4096,4096,10000000.0,0.19794021546840668,False,3400,1190,0.1976771354675293,0.21722916034089418,809.6856079101562,889.7706276260504
9,first_label_token,3,4096,4096,3162277.6601683795,0.19793926179409027,False,3400,1190,0.19736507534980774,0.21741228664622586,808.4073486328125,890.5207392331932
9,first_label_token,4,4096,4096,3162277.6601683795,0.19793760776519775,False,3400,1190,0.1973627507686615,0.2174239150616301,808.3977661132812,890.5683429621848
9,first_label_token,5,4096,4096,100000000.0,0.19794097542762756,True,3400,1190,0.19781279563903809,0.2171299445528944,810.2412109375,889.3642660189075
9,first_label_token,6,4096,4096,100000000.0,0.19794096052646637,True,3400,1190,0.19781258702278137,0.21713319666245404,810.240234375,889.3775472689076
9,first_label_token,7,4096,4096,100000000.0,0.1979409009218216,True,3400,1190,0.19781237840652466,0.21713641351010618,810.239501953125,889.3907366071429
9,first_label_token,8,4096,4096,100000000.0,0.1979411095380783,True,3400,1190,0.1978124976158142,0.2171377678879169,810.2400512695312,889.3962513130252
9,first_label_token,9,4096,4096,100000000.0,0.19794119894504547,True,3400,1190,0.19781267642974854,0.21713519056304162,810.24072265625,889.3857405462185
9,first_label_token,10,4096,4096,100000000.0,0.19794122874736786,True,3400,1190,0.19781270623207092,0.21713546464423172,810.2408447265625,889.3868303571429
9,first_label_token,11,4096,4096,100000000.0,0.1979413479566574,True,3400,1190,0.1978127807378769,0.21713480909331506,810.2411499023438,889.3841517857143
9,first_label_token,12,4096,4096,100000000.0,0.1979413777589798,True,3400,1190,0.19781285524368286,0.21713230710069673,810.2413940429688,889.3739233193278
9,first_label_token,13,4096,4096,100000000.0,0.19794154167175293,True,3400,1190,0.19781295955181122,0.21713304920356816,810.2418823242188,889.3769695378152
9,first_label_token,14,4096,4096,100000000.0,0.19794142246246338,True,3400,1190,0.19781281054019928,0.21713308446547563,810.2412109375,889.3771074054622
9,first_label_token,15,4096,4096,100000000.0,0.19794143736362457,True,3400,1190,0.19781285524368286,0.21713225420783547,810.241455078125,889.3737526260504
9,first_label_token,16,4096,4096,100000000.0,0.1979413479566574,True,3400,1190,0.1978127807378769,0.21713250905525786,810.2411499023438,889.3747176995798
9,first_label_token,17,4096,4096,100000000.0,0.19794142246246338,True,3400,1190,0.19781279563903809,0.21713272703795874,810.2411499023438,889.3756433823529
9,first_label_token,18,4096,4096,100000000.0,0.19794146716594696,True,3400,1190,0.19781285524368286,0.21713181984524768,810.2415161132812,889.3719275210084
9,first_label_token,19,4096,4096,100000000.0,0.1979413777589798,True,3400,1190,0.1978127807378769,0.21713065459948627,810.2411499023438,889.3671743697479
9,first_label_token,20,4096,4096,100000000.0,0.19794145226478577,True,3400,1190,0.1978127658367157,0.21712998462324382,810.240966796875,889.3644235819328
9,first_label_token,21,4096,4096,100000000.0,0.1979413628578186,True,3400,1190,0.19781264662742615,0.21713116749995898,810.2405395507812,889.369268644958
9,first_label_token,22,4096,4096,100000000.0,0.1979413479566574,True,3400,1190,0.19781260192394257,0.21713101362981715,810.240478515625,889.3686252626051
9,first_label_token,23,4096,4096,100000000.0,0.19794131815433502,True,3400,1190,0.19781255722045898,0.2171303500648306,810.240234375,889.36587447479
9,first_label_token,24,4096,4096,100000000.0,0.1979413777589798,True,3400,1190,0.19781260192394257,0.21713027793820164,810.2404174804688,889.3656381302521
9,first_label_token,25,4096,4096,100000000.0,0.19794152677059174,True,3400,1190,0.1978127807378769,0.21713033403669085,810.2411499023438,889.3658285189076
9,first_label_token,26,4096,4096,100000000.0,0.19794145226478577,True,3400,1190,0.1978127360343933,0.21713014490464155,810.240966796875,889.3650538340336
9,first_label_token,27,4096,4096,100000000.0,0.1979413777589798,True,3400,1190,0.19781270623207092,0.2171310456860967,810.2409057617188,889.3687631302521
9,first_label_token,28,4096,4096,100000000.0,0.19794143736362457,True,3400,1190,0.19781272113323212,0.21713084533434956,810.2409057617188,889.3679359243697
9,last_label_token,0,4096,4096,1000000.0,0.19792504608631134,False,3400,1190,0.19647318124771118,0.2173291566993008,804.754150390625,890.1802258403361
9,last_label_token,1,4096,4096,1000000.0,0.19792820513248444,False,3400,1190,0.1965031772851944,0.21774080581023914,804.8770141601562,891.8663405987395
9,last_label_token,2,4096,4096,3162277.6601683795,0.19793550670146942,False,3400,1190,0.1973651647567749,0.21744547771806477,808.40771484375,890.6566636029412
9,last_label_token,3,4096,4096,1000000.0,0.19793172180652618,False,3400,1190,0.1964748203754425,0.2178256475624918,804.7609252929688,892.2138524159664
9,last_label_token,4,4096,4096,1000000.0,0.19793304800987244,False,3400,1190,0.19646459817886353,0.21761761352795514,804.7189331054688,891.3617450105043
9,last_label_token,5,4096,4096,1000000.0,0.197933167219162,False,3400,1190,0.19648291170597076,0.2176184357715254,804.7940063476562,891.365112920168
9,last_label_token,6,4096,4096,1000000.0,0.19792890548706055,False,3400,1190,0.1964745968580246,0.2178421693689683,804.7599487304688,892.2815257352942
9,last_label_token,7,4096,4096,1000000.0,0.1979282796382904,False,3400,1190,0.19649989902973175,0.21802336268064354,804.8635864257812,893.023700105042
9,last_label_token,8,4096,4096,3162277.6601683795,0.19793646037578583,False,3400,1190,0.19736316800117493,0.2175394474959173,808.3995361328125,891.0415572478992
9,last_label_token,9,4096,4096,10000000.0,0.19794048368930817,False,3400,1190,0.19767466187477112,0.21725327948562237,809.6754760742188,889.8694459033613
9,last_label_token,10,4096,4096,10000000.0,0.1979391723871231,False,3400,1190,0.19767364859580994,0.21724672077082785,809.6712646484375,889.8425485819328
9,last_label_token,11,4096,4096,10000000.0,0.19793915748596191,False,3400,1190,0.19767364859580994,0.21724270251618713,809.67138671875,889.8261029411765
9,last_label_token,12,4096,4096,3162277.6601683795,0.1979387402534485,False,3400,1190,0.19736596941947937,0.21740451460125065,808.4110107421875,890.4888983718488
9,last_label_token,13,4096,4096,10000000.0,0.19793947041034698,False,3400,1190,0.197673499584198,0.2172412808201894,809.6707153320312,889.8202796743698
9,last_label_token,14,4096,4096,3162277.6601683795,0.1979375034570694,False,3400,1190,0.19736431539058685,0.21744309914212268,808.4042358398438,890.6469143907563
9,last_label_token,15,4096,4096,3162277.6601683795,0.19793812930583954,False,3400,1190,0.19736510515213013,0.21742469723485097,808.407470703125,890.5715861344538
9,last_label_token,16,4096,4096,3162277.6601683795,0.19793203473091125,False,3400,1190,0.19736126065254211,0.2174214900040827,808.3917236328125,890.5584099264706
9,last_label_token,17,4096,4096,3162277.6601683795,0.19793201982975006,False,3400,1190,0.1973600536584854,0.21742687065060398,808.3867797851562,890.5804556197479
9,last_label_token,18,4096,4096,3162277.6601683795,0.1979331225156784,False,3400,1190,0.1973605751991272,0.21740662711007255,808.388916015625,890.4975512079832
9,last_label_token,19,4096,4096,3162277.6601683795,0.19793133437633514,False,3400,1190,0.1973566859960556,0.21738708720487707,808.3729248046875,890.4175026260505
9,last_label_token,20,4096,4096,3162277.6601683795,0.1979321986436844,False,3400,1190,0.1973566710948944,0.2173913490872423,808.3729248046875,890.4349724264706
9,last_label_token,21,4096,4096,3162277.6601683795,0.19793128967285156,False,3400,1190,0.1973559856414795,0.21745684327197676,808.3701171875,890.7032366071429
9,last_label_token,22,4096,4096,3162277.6601683795,0.19793370366096497,False,3400,1190,0.19735746085643768,0.21745640890938894,808.3761596679688,890.7014049369748
9,last_label_token,23,4096,4096,3162277.6601683795,0.19793368875980377,False,3400,1190,0.19735649228096008,0.21744777615330801,808.3721923828125,890.6660845588235
9,last_label_token,24,4096,4096,3162277.6601683795,0.19793280959129333,False,3400,1190,0.19735412299633026,0.21744676477768843,808.3624877929688,890.6619353991597
9,last_label_token,25,4096,4096,3162277.6601683795,0.19793523848056793,False,3400,1190,0.1973569244146347,0.21745784823634043,808.3739624023438,890.7073595063025
9,last_label_token,26,4096,4096,3162277.6601683795,0.19793348014354706,False,3400,1190,0.19735552370548248,0.21746565554322314,808.3682250976562,890.7393382352941
9,last_label_token,27,4096,4096,3162277.6601683795,0.197933629155159,False,3400,1190,0.1973543018102646,0.21749268539813385,808.3632202148438,890.8500525210084
9,last_label_token,28,4096,4096,3162277.6601683795,0.1979350596666336,False,3400,1190,0.19735433161258698,0.21750447890337776,808.3633422851562,890.8983324579832
10,pre_label_token,0,4096,4096,0.1,0.19794093072414398,True,3400,1190,0.19782809913158417,0.2171173656688017,810.3038940429688,889.3127494747899
10,pre_label_token,1,4096,4096,3162277.6601683795,0.1979045420885086,False,3400,1190,0.197394460439682,0.21779941911456965,808.527587890625,892.1064206932773
10,pre_label_token,2,4096,4096,10000000.0,0.19792628288269043,False,3400,1190,0.197678342461586,0.21744321935317096,809.6905517578125,890.6474133403361
10,pre_label_token,3,4096,4096,10000000.0,0.19793160259723663,False,3400,1190,0.19768336415290833,0.21743663339053884,809.7111206054688,890.6204569327731
10,pre_label_token,4,4096,4096,10000000.0,0.19793550670146942,False,3400,1190,0.19768327474594116,0.21746757731718175,809.710693359375,890.7472163865547
10,pre_label_token,5,4096,4096,10000000.0,0.19793108105659485,False,3400,1190,0.197678804397583,0.21745972032306574,809.6923217773438,890.7150210084034
10,pre_label_token,6,4096,4096,3162277.6601683795,0.1979282647371292,False,3400,1190,0.19742392003536224,0.21794807209688075,808.6483764648438,892.7152507878151
10,pre_label_token,7,4096,4096,10000000.0,0.19793176651000977,False,3400,1190,0.19767779111862183,0.21745016274332,809.688232421875,890.6758665966387
10,pre_label_token,8,4096,4096,10000000.0,0.1979312002658844,False,3400,1190,0.1976771354675293,0.2174335271370511,809.685546875,890.6076943277311
10,pre_label_token,9,4096,4096,10000000.0,0.19793635606765747,False,3400,1190,0.19768071174621582,0.2174654696168018,809.7001953125,890.7385898109244
10,pre_label_token,10,4096,4096,31622776.60168379,0.1979397088289261,False,3400,1190,0.19777928292751312,0.2172270526405142,810.1039428710938,889.7620404411765
10,pre_label_token,11,4096,4096,31622776.60168379,0.19793978333473206,False,3400,1190,0.1977793127298355,0.21722180182192505,810.1040649414062,889.7405199579832
10,pre_label_token,12,4096,4096,100000000.0,0.19794076681137085,True,3400,1190,0.1978124976158142,0.21714927609227286,810.239990234375,889.4434217436975
10,pre_label_token,13,4096,4096,31622776.60168379,0.1979406774044037,False,3400,1190,0.19777911901474,0.21721634584314684,810.103271484375,889.7181460084033
10,pre_label_token,14,4096,4096,100000000.0,0.19794093072414398,True,3400,1190,0.19781243801116943,0.21714442437436401,810.2396850585938,889.4235556722689
10,pre_label_token,15,4096,4096,100000000.0,0.19794116914272308,True,3400,1190,0.19781260192394257,0.2171435748829561,810.2404174804688,889.4200695903361
10,pre_label_token,16,4096,4096,100000000.0,0.19794106483459473,True,3400,1190,0.19781245291233063,0.21714585248161763,810.2398071289062,889.4294117647058
10,pre_label_token,17,4096,4096,100000000.0,0.1979411542415619,True,3400,1190,0.19781260192394257,0.21714130369555049,810.2404174804688,889.4107865021008
10,pre_label_token,18,4096,4096,100000000.0,0.19794116914272308,True,3400,1190,0.19781263172626495,0.21714027308616318,810.240478515625,889.4065782563025
10,pre_label_token,19,4096,4096,100000000.0,0.19794127345085144,True,3400,1190,0.19781270623207092,0.21713926331335756,810.2408447265625,889.4024159663866
10,pre_label_token,20,4096,4096,100000000.0,0.19794124364852905,True,3400,1190,0.19781261682510376,0.21713717644955932,810.240478515625,889.3938944327731
10,pre_label_token,21,4096,4096,100000000.0,0.1979413628578186,True,3400,1190,0.1978127658367157,0.21713577719295726,810.2410888671875,889.3881630777311
10,pre_label_token,22,4096,4096,100000000.0,0.1979413628578186,True,3400,1190,0.19781285524368286,0.21713286167433282,810.241455078125,889.3761817226891
10,pre_label_token,23,4096,4096,100000000.0,0.1979413777589798,True,3400,1190,0.19781292974948883,0.21713220131497424,810.2416381835938,889.3734900210084
10,pre_label_token,24,4096,4096,100000000.0,0.19794131815433502,True,3400,1190,0.19781285524368286,0.21713071230078945,810.241455078125,889.3674238445378
10,pre_label_token,25,4096,4096,100000000.0,0.19794119894504547,True,3400,1190,0.19781285524368286,0.21712955506909795,810.241455078125,889.3626509978992
10,pre_label_token,26,4096,4096,100000000.0,0.19794133305549622,True,3400,1190,0.1978129893541336,0.2171291800106273,810.2421264648438,889.3611475840336
10,pre_label_token,27,4096,4096,100000000.0,0.19794133305549622,True,3400,1190,0.1978130340576172,0.21712951339593456,810.2421875,889.3625
10,pre_label_token,28,4096,4096,100000000.0,0.19794145226478577,True,3400,1190,0.19781310856342316,0.2171308549512334,810.2424926757812,889.3679490546218
10,first_label_token,0,4096,4096,100000000.0,0.19794131815433502,True,3400,1190,0.19781331717967987,0.21712137590937253,810.2433471679688,889.3291491596639
10,first_label_token,1,4096,4096,100000000.0,0.19794099032878876,True,3400,1190,0.19781288504600525,0.21712753712630073,810.2415771484375,889.3543658088236
10,first_label_token,2,4096,4096,100000000.0,0.1979409158229828,True,3400,1190,0.1978127807378769,0.21712867512422449,810.2411499023438,889.3590664390756
10,first_label_token,3,4096,4096,100000000.0,0.19794097542762756,True,3400,1190,0.1978127807378769,0.21712860780603746,810.2411499023438,889.3587907037816
10,first_label_token,4,4096,4096,100000000.0,0.19794102013111115,True,3400,1190,0.19781270623207092,0.21713033243387686,810.2408447265625,889.3658613445378
10,first_label_token,5,4096,4096,100000000.0,0.19794125854969025,True,3400,1190,0.19781285524368286,0.21713357652936663,810.2415161132812,889.3791622899159
10,first_label_token,6,4096,4096,100000000.0,0.1979411393404007,True,3400,1190,0.1978125274181366,0.21713643594950188,810.2401123046875,889.3908285189076
10,first_label_token,7,4096,4096,100000000.0,0.1979408860206604,True,3400,1190,0.19781219959259033,0.21714091741738198,810.2387084960938,889.4091583508404
10,first_label_token,8,4096,4096,100000000.0,0.19794093072414398,True,3400,1190,0.1978122442960739,0.21714456061355206,810.2389526367188,889.4241202731092
10,first_label_token,9,4096,4096,100000000.0,0.19794096052646637,True,3400,1190,0.19781237840652466,0.21714544696968144,810.239501953125,889.4277442226891
10,first_label_token,10,4096,4096,100000000.0,0.19794116914272308,True,3400,1190,0.19781258702278137,0.21714440514059627,810.2403564453125,889.4235162815127
10,first_label_token,11,4096,4096,100000000.0,0.19794107973575592,True,3400,1190,0.19781255722045898,0.2171434482606519,810.2401733398438,889.4195575105042
10,first_label_token,12,4096,4096,100000000.0,0.19794102013111115,True,3400,1190,0.19781255722045898,0.21714022500174388,810.240234375,889.4063747373949
10,first_label_token,13,4096,4096,100000000.0,0.19794097542762756,True,3400,1190,0.19781255722045898,0.21714078919226382,810.240234375,889.4086594012605
10,first_label_token,14,4096,4096,100000000.0,0.19794109463691711,True,3400,1190,0.19781261682510376,0.2171403772690717,810.240478515625,889.4069787289916
10,first_label_token,15,4096,4096,100000000.0,0.19794118404388428,True,3400,1190,0.1978127360343933,0.21713815897452732,810.240966796875,889.3978728991597
10,first_label_token,16,4096,4096,100000000.0,0.1979411393404007,True,3400,1190,0.19781269133090973,0.21713784642580178,810.24072265625,889.3965926995799
10,first_label_token,17,4096,4096,100000000.0,0.19794109463691711,True,3400,1190,0.19781267642974854,0.21713762203184497,810.2406005859375,889.395699842437
10,first_label_token,18,4096,4096,100000000.0,0.19794127345085144,True,3400,1190,0.19781284034252167,0.21713743450260964,810.241455078125,889.3949448529412
10,first_label_token,19,4096,4096,100000000.0,0.19794128835201263,True,3400,1190,0.19781287014484406,0.21713586695054,810.2415771484375,889.3884913340336
10,first_label_token,20,4096,4096,100000000.0,0.19794118404388428,True,3400,1190,0.1978127807378769,0.21713499341692244,810.2411499023438,889.3849199054622
10,first_label_token,21,4096,4096,100000000.0,0.19794102013111115,True,3400,1190,0.19781258702278137,0.21713558806090796,810.2403564453125,889.3873949579832
10,first_label_token,22,4096,4096,100000000.0,0.19794099032878876,True,3400,1190,0.19781255722045898,0.2171350110478762,810.240234375,889.3850118172269
10,first_label_token,23,4096,4096,100000000.0,0.19794097542762756,True,3400,1190,0.19781258702278137,0.21713423368309726,810.2404174804688,889.3818342962185
10,first_label_token,24,4096,4096,100000000.0,0.19794096052646637,True,3400,1190,0.19781255722045898,0.21713410706079306,810.240234375,889.3813484768907
10,first_label_token,25,4096,4096,100000000.0,0.19794093072414398,True,3400,1190,0.19781260192394257,0.21713487320587416,810.2404174804688,889.3844537815127
10,first_label_token,26,4096,4096,100000000.0,0.19794097542762756,True,3400,1190,0.19781258702278137,0.21713467125131303,810.2404174804688,889.383606880252
10,first_label_token,27,4096,4096,100000000.0,0.1979409009218216,True,3400,1190,0.19781255722045898,0.21713452058679916,810.240234375,889.3829963235294
10,first_label_token,28,4096,4096,100000000.0,0.19794106483459473,True,3400,1190,0.19781269133090973,0.21713409584109522,810.2408447265625,889.3812828256303
10,last_label_token,0,4096,4096,100000000.0,0.19794128835201263,True,3400,1190,0.19781333208084106,0.21712428181111312,810.243408203125,889.3410714285715
10,last_label_token,1,4096,4096,100000000.0,0.19794099032878876,True,3400,1190,0.19781319797039032,0.21713211476301947,810.2427368164062,889.3731551995799
10,last_label_token,2,4096,4096,100000000.0,0.19794093072414398,True,3400,1190,0.19781304895877838,0.21713272543514475,810.2422485351562,889.3756433823529
10,last_label_token,3,4096,4096,10000000.0,0.19794055819511414,False,3400,1190,0.19767853617668152,0.21725399754628413,809.6912841796875,889.8723608193277
10,last_label_token,4,4096,4096,100000000.0,0.19794096052646637,True,3400,1190,0.19781285524368286,0.21713351241680753,810.241455078125,889.3788602941177
10,last_label_token,5,4096,4096,100000000.0,0.19794107973575592,True,3400,1190,0.1978129893541336,0.2171356473650251,810.2420043945312,889.3876116071428
10,last_label_token,6,4096,4096,10000000.0,0.19793984293937683,False,3400,1190,0.19767571985721588,0.21730463685107831,809.6798095703125,890.079818802521
10,last_label_token,7,4096,4096,10000000.0,0.19793923199176788,False,3400,1190,0.19767451286315918,0.21731999661742138,809.6748046875,890.142706144958
10,last_label_token,8,4096,4096,31622776.60168379,0.19794082641601562,False,3400,1190,0.19777899980545044,0.2171891348702567,810.102783203125,889.6066832983194
10,last_label_token,9,4096,4096,100000000.0,0.1979409158229828,True,3400,1190,0.19781255722045898,0.2171404542041426,810.240234375,889.4073201155462
10,last_label_token,10,4096,4096,100000000.0,0.19794099032878876,True,3400,1190,0.19781261682510376,0.21714028751148898,810.240478515625,889.4066242121849
10,last_label_token,11,4096,4096,100000000.0,0.19794093072414398,True,3400,1190,0.19781258702278137,0.2171404189422351,810.2403564453125,889.4072085084034
10,last_label_token,12,4096,4096,100000000.0,0.1979409158229828,True,3400,1190,0.1978125274181366,0.21713788168770926,810.2401733398438,889.3967765231092
10,last_label_token,13,4096,4096,10000000.0,0.19794058799743652,False,3400,1190,0.19767586886882782,0.217321987312381,809.680419921875,890.1508403361345
10,last_label_token,14,4096,4096,100000000.0,0.1979409158229828,True,3400,1190,0.1978124976158142,0.21713871194534942,810.239990234375,889.4001772584033
10,last_label_token,15,4096,4096,100000000.0,0.19794109463691711,True,3400,1190,0.19781261682510376,0.21713761562058906,810.240478515625,889.3956735819328
10,last_label_token,16,4096,4096,100000000.0,0.19794104993343353,True,3400,1190,0.19781255722045898,0.2171376332515428,810.2403564453125,889.3957261029411
10,last_label_token,17,4096,4096,100000000.0,0.1979411095380783,True,3400,1190,0.19781261682510376,0.21713797465091994,810.240478515625,889.3971441701681
10,last_label_token,18,4096,4096,100000000.0,0.1979411542415619,True,3400,1190,0.19781267642974854,0.21713761081214714,810.24072265625,889.3956670168067
10,last_label_token,19,4096,4096,100000000.0,0.1979411542415619,True,3400,1190,0.19781263172626495,0.21713644556638573,810.2405395507812,889.3908679096638
10,last_label_token,20,4096,4096,100000000.0,0.19794118404388428,True,3400,1190,0.19781261682510376,0.21713554638774454,810.240478515625,889.3872045693278
10,last_label_token,21,4096,4096,100000000.0,0.19794119894504547,True,3400,1190,0.19781255722045898,0.2171365176930147,810.240234375,889.3911699054622
10,last_label_token,22,4096,4096,100000000.0,0.19794119894504547,True,3400,1190,0.1978125423192978,0.2171364407579438,810.2401733398438,889.3908810399159
10,last_label_token,23,4096,4096,100000000.0,0.19794124364852905,True,3400,1190,0.1978125423192978,0.21713592465184317,810.2401123046875,889.3887867647059
10,last_label_token,24,4096,4096,100000000.0,0.19794122874736786,True,3400,1190,0.1978125274181366,0.21713526429248456,810.2401123046875,889.3860162815126
10,last_label_token,25,4096,4096,100000000.0,0.19794124364852905,True,3400,1190,0.19781255722045898,0.21713581566049273,810.240234375,889.3883140756302
10,last_label_token,26,4096,4096,100000000.0,0.19794116914272308,True,3400,1190,0.1978124976158142,0.21713562332281544,810.239990234375,889.3874803046218
10,last_label_token,27,4096,4096,100000000.0,0.1979411095380783,True,3400,1190,0.19781246781349182,0.21713551272865103,810.2398681640625,889.3870667016806
10,last_label_token,28,4096,4096,100000000.0,0.1979411393404007,True,3400,1190,0.19781245291233063,0.21713495014094505,810.23974609375,889.3847557773109
10,last_prompt_token,0,4096,4096,0.1,0.19794093072414398,True,3400,1190,0.19782809913158417,0.2171173656688017,810.3038940429688,889.3127494747899
10,last_prompt_token,1,4096,4096,10000000.0,0.19793389737606049,False,3400,1190,0.19767923653125763,0.21729204995291573,809.6941528320312,890.028243172269
10,last_prompt_token,2,4096,4096,10000000.0,0.19793018698692322,False,3400,1190,0.19768169522285461,0.21731110099984818,809.7042236328125,890.1062696953782
10,last_prompt_token,3,4096,4096,10000000.0,0.19792839884757996,False,3400,1190,0.19767986238002777,0.2173029538964023,809.6967163085938,890.07290572479
10,last_prompt_token,4,4096,4096,10000000.0,0.19793210923671722,False,3400,1190,0.1976800411939621,0.21736949311584985,809.6973876953125,890.3454831932773
10,last_prompt_token,5,4096,4096,10000000.0,0.19793759286403656,False,3400,1190,0.197684645652771,0.21739223864899965,809.71630859375,890.4386423319328
10,last_prompt_token,6,4096,4096,10000000.0,0.19793790578842163,False,3400,1190,0.19768451154232025,0.2174265116202731,809.7157592773438,890.5789784663865
10,last_prompt_token,7,4096,4096,10000000.0,0.19793818891048431,False,3400,1190,0.1976848691701889,0.2174541120769597,809.7172241210938,890.692056197479
10,last_prompt_token,8,4096,4096,10000000.0,0.1979374885559082,False,3400,1190,0.19768403470516205,0.2174420877665031,809.7137451171875,890.6427849264705
10,last_prompt_token,9,4096,4096,31622776.60168379,0.19793951511383057,False,3400,1190,0.19777894020080566,0.2172331080717199,810.1024780273438,889.7867975315127
10,last_prompt_token,10,4096,4096,31622776.60168379,0.1979396641254425,False,3400,1190,0.19777917861938477,0.21723453778178753,810.103515625,889.7926667542017
10,last_prompt_token,11,4096,4096,10000000.0,0.19793882966041565,False,3400,1190,0.19768385589122772,0.21747840592841142,809.7130126953125,890.7915572478992
10,last_prompt_token,12,4096,4096,31622776.60168379,0.1979401409626007,False,3400,1190,0.19777917861938477,0.21723507312165588,810.103515625,889.7948726365546
10,last_prompt_token,13,4096,4096,10000000.0,0.19793908298015594,False,3400,1190,0.19767829775810242,0.21746243709275703,809.6902465820312,890.7261488970588
10,last_prompt_token,14,4096,4096,10000000.0,0.197937473654747,False,3400,1190,0.19767554104328156,0.2174262663897346,809.6790771484375,890.5780330882353
10,last_prompt_token,15,4096,4096,10000000.0,0.19793729484081268,False,3400,1190,0.19767484068870544,0.21742709344174682,809.6761474609375,890.5813944327731
10,last_prompt_token,16,4096,4096,10000000.0,0.19793899357318878,False,3400,1190,0.19767634570598602,0.2174378980107668,809.6822509765625,890.6256630777311
10,last_prompt_token,17,4096,4096,10000000.0,0.19793912768363953,False,3400,1190,0.19767352938652039,0.2174069252334723,809.6707763671875,890.4987854516806
10,last_prompt_token,18,4096,4096,31622776.60168379,0.19794057309627533,False,3400,1190,0.19777773320674896,0.2172106446338301,810.0975952148438,889.6948266806722
10,last_prompt_token,19,4096,4096,100000000.0,0.19794107973575592,True,3400,1190,0.1978122889995575,0.21714546139500723,810.2391357421875,889.4278230042016
10,last_prompt_token,20,4096,4096,100000000.0,0.19794109463691711,True,3400,1190,0.19781213998794556,0.2171425170257312,810.2386474609375,889.415749737395
10,last_prompt_token,21,4096,4096,100000000.0,0.1979411393404007,True,3400,1190,0.19781219959259033,0.21714089016954438,810.23876953125,889.4090992647059
10,last_prompt_token,22,4096,4096,100000000.0,0.1979411095380783,True,3400,1190,0.19781219959259033,0.21713817660548107,810.23876953125,889.3979648109243
10,last_prompt_token,23,4096,4096,100000000.0,0.19794116914272308,True,3400,1190,0.1978122591972351,0.21713632535533745,810.2390747070312,889.390355829832
10,last_prompt_token,24,4096,4096,100000000.0,0.1979411393404007,True,3400,1190,0.1978122442960739,0.2171348539721064,810.2389526367188,889.3843356092437
10,last_prompt_token,25,4096,4096,100000000.0,0.1979411393404007,True,3400,1190,0.1978122889995575,0.21713386343306854,810.2392578125,889.3803111869748
10,last_prompt_token,26,4096,4096,100000000.0,0.19794124364852905,True,3400,1190,0.19781243801116943,0.21713348997741186,810.23974609375,889.3787815126051
10,last_prompt_token,27,4096,4096,100000000.0,0.19794124364852905,True,3400,1190,0.1978124976158142,0.2171338377880449,810.239990234375,889.380206144958
10,last_prompt_token,28,4096,4096,100000000.0,0.19794128835201263,True,3400,1190,0.19781245291233063,0.21713532039097377,810.2398071289062,889.3862920168067
